timestamp,gaze_x,gaze_y,gaze_confidence,num_faces,is_looking_at_face,face_bbox_left,face_bbox_top,face_bbox_width,face_bbox_height
1766470918.083562,0.5151554684270956,0.6739386315537336,0.33597714196936107,1,False,,,,
1766470918.513937,0.24471212409399676,0.39818670165478565,0.7949999999999999,1,False,,,,
1766470918.5213912,0.24471212409399676,0.39818670165478565,0.7949999999999999,1,False,,,,
1766470918.5275772,0.4199727678084618,0.5006277364957025,0.99,1,False,,,,
1766470918.531159,0.4199727678084618,0.5006277364957025,0.99,1,False,,,,
1766470918.535552,0.5645986259177727,0.20189673710439793,0.4315779907531619,1,False,,,,
1766470918.90887,0.5645986259177727,0.20189673710439793,0.4315779907531619,1,False,,,,
1766470918.9168,0.5569169653360184,0.1862623999002061,0.4768058848232825,1,True,0.478881299495697,0.11829270422458649,0.07321310043334961,0.143532395362854
1766470918.919488,0.5569169653360184,0.1862623999002061,0.4768058848232825,1,True,0.478881299495697,0.11829270422458649,0.07321310043334961,0.143532395362854
1766470918.9243689,0.5569169653360184,0.1862623999002061,0.4768058848232825,1,True,0.478881299495697,0.11829270422458649,0.07321310043334961,0.143532395362854
1766470918.927309,0.5665522154529077,0.20155386370849537,0.4124806399711245,2,True,0.48921138048171997,0.20481863617897034,0.07392759621143341,0.14374719560146332
1766470919.83858,0.5665522154529077,0.20155386370849537,0.4124806399711245,2,True,0.48921138048171997,0.20481863617897034,0.07392759621143341,0.14374719560146332
1766470919.843924,0.5665522154529077,0.20155386370849537,0.4124806399711245,2,True,0.48921138048171997,0.20481863617897034,0.07392759621143341,0.14374719560146332
1766470919.848617,0.5665522154529077,0.20155386370849537,0.4124806399711245,2,True,0.48921138048171997,0.20481863617897034,0.07392759621143341,0.14374719560146332
1766470919.852095,0.5054144460253256,0.10336646594717691,1.0,2,False,,,,
1766470919.8553548,0.21721528468065823,-0.6212365874093548,0.8919239705932316,1,False,,,,
1766470920.0777652,0.21721528468065823,-0.6212365874093548,0.8919239705932316,1,False,,,,
1766470920.082995,0.21721528468065823,-0.6212365874093548,0.8919239705932316,1,False,,,,
1766470920.085838,0.5661073748473495,0.1995986420934821,0.24988907738299182,1,False,,,,
1766470920.089864,0.5661073748473495,0.1995986420934821,0.24988907738299182,1,False,,,,
1766470920.092907,0.5045782701663557,0.10412180821557426,1.0,1,False,,,,
1766470920.36995,0.5618129890696653,0.18925864294562267,0.4555991418637578,1,False,,,,
1766470920.376642,0.5618129890696653,0.18925864294562267,0.4555991418637578,1,False,,,,
1766470920.3820832,0.5618129890696653,0.18925864294562267,0.4555991418637578,1,False,,,,
1766470920.385375,0.562338858037043,0.19255279947126924,0.3453023488287961,1,False,,,,
1766470920.39033,0.5407949882146335,0.12069197414125132,1.0,2,False,,,,
1766470920.81729,0.5407949882146335,0.12069197414125132,1.0,2,False,,,,
1766470920.822913,0.5512797612496061,0.16148590037277932,0.16807184552985246,2,False,,,,
1766470920.827583,0.5512797612496061,0.16148590037277932,0.16807184552985246,2,False,,,,
1766470920.834207,0.5512797612496061,0.16148590037277932,0.16807184552985246,2,False,,,,
1766470920.837187,0.5067236475248265,0.15045227040208087,1.0,1,False,,,,
1766470921.064547,0.5067236475248265,0.15045227040208087,1.0,1,False,,,,
1766470921.070883,0.5067236475248265,0.15045227040208087,1.0,1,False,,,,
1766470921.074013,0.5088783266745804,0.14959393713578972,1.0,1,False,,,,
1766470921.076598,0.5088783266745804,0.14959393713578972,1.0,1,False,,,,
1766470921.079239,0.5344581985579032,0.14648695633656494,1.0,1,False,,,,
1766470921.305548,0.5344581985579032,0.14648695633656494,1.0,1,False,,,,
1766470921.310661,0.558167150711258,0.17490442117151606,0.2881043173239276,1,False,,,,
1766470921.313579,0.558167150711258,0.17490442117151606,0.2881043173239276,1,False,,,,
1766470921.318584,0.558167150711258,0.17490442117151606,0.2881043173239276,1,False,,,,
1766470921.3215628,0.5397918143331039,0.1606290580393822,1.0,1,False,,,,
1766470921.596714,0.5405282301498515,0.16398270807500448,1.0,1,False,,,,
1766470921.603611,0.5405282301498515,0.16398270807500448,1.0,1,False,,,,
1766470921.6089401,0.5660897891021788,0.19354106819740857,0.37815642263364185,1,False,,,,
1766470921.6118588,0.5660263393019895,0.19332172509747358,0.40844053188641516,1,False,,,,
1766470921.6148438,0.5065559197630825,0.16119456194171944,1.0,1,False,,,,
1766470921.884564,0.5003630333502954,0.1708372541013401,1.0,1,False,,,,
1766470921.8900611,0.5003630333502954,0.1708372541013401,1.0,1,False,,,,
1766470921.8929548,0.5004109112107377,0.16894014481692055,1.0,1,False,,,,
1766470921.8984818,0.49916151662567954,0.1690331550510733,1.0,1,False,,,,
1766470921.904532,0.5581427389935264,0.17661523113327815,0.4031577689317121,1,False,,,,
1766470922.1954749,0.5581427389935264,0.17661523113327815,0.4031577689317121,1,False,,,,
1766470922.2014139,0.49610178937066535,0.1640851010958152,1.0,1,False,,,,
1766470922.204352,0.49610178937066535,0.1640851010958152,1.0,1,False,,,,
1766470922.209365,0.49610178937066535,0.1640851010958152,1.0,1,False,,,,
1766470922.212244,0.5651053265374613,0.1913564473048318,0.3484258096004699,1,False,,,,
1766470922.545372,0.5651053265374613,0.1913564473048318,0.3484258096004699,1,False,,,,
1766470922.550949,0.5151472542361268,0.16279434505080848,1.0,1,False,,,,
1766470922.5537732,0.5151472542361268,0.16279434505080848,1.0,1,False,,,,
1766470922.558731,0.5151472542361268,0.16279434505080848,1.0,1,False,,,,
1766470922.561436,0.5338262236356581,0.1820090446474414,1.0,1,False,,,,
1766470922.8008268,0.5290744638365215,0.18619850181585673,1.0,1,False,,,,
1766470922.807497,0.5163833579673066,0.1970917430881377,1.0,1,False,,,,
1766470922.813865,0.5163833579673066,0.1970917430881377,1.0,1,False,,,,
1766470922.8167229,0.5163833579673066,0.1970917430881377,1.0,1,False,,,,
1766470922.820134,0.5064693752875911,0.20786071786455695,1.0,1,False,,,,
1766470923.027499,0.5064693752875911,0.20786071786455695,1.0,1,False,,,,
1766470923.032882,0.5063332139292902,0.208393209752337,1.0,1,False,,,,
1766470923.035719,0.5065386354273216,0.20693222106421816,1.0,1,False,,,,
1766470923.038601,0.5065386354273216,0.20693222106421816,1.0,1,False,,,,
1766470923.043632,0.5022981577569451,0.19819323983218318,1.0,1,False,,,,
1766470923.3059032,0.5022981577569451,0.19819323983218318,1.0,1,False,,,,
1766470923.311262,0.5022981577569451,0.19819323983218318,1.0,1,False,,,,
1766470923.315818,0.5022981577569451,0.19819323983218318,1.0,1,False,,,,
1766470923.3191302,0.5017622617636894,0.19726223173028423,1.0,1,False,,,,
1766470923.3218691,0.504057587274607,0.19524750080913644,1.0,1,False,,,,
1766470923.537888,0.5079201024654527,0.193015773972799,1.0,1,False,,,,
1766470923.5434391,0.5079201024654527,0.193015773972799,1.0,1,False,,,,
1766470923.549669,0.5079201024654527,0.193015773972799,1.0,1,False,,,,
1766470923.552675,0.5079201024654527,0.193015773972799,1.0,1,False,,,,
1766470923.555671,0.6385408323755009,0.5913359887114127,0.0,1,False,,,,
1766470923.876966,0.49711290916018813,0.18502805326416638,1.0,1,False,,,,
1766470923.883459,0.49711290916018813,0.18502805326416638,1.0,1,False,,,,
1766470923.8884192,0.49711290916018813,0.18502805326416638,1.0,1,False,,,,
1766470923.8915699,0.4965497394309898,0.18562881168053946,1.0,1,False,,,,
1766470923.896605,0.5189013617001904,0.16555432993439634,1.0,1,False,,,,
1766470924.2345889,0.5189013617001904,0.16555432993439634,1.0,1,False,,,,
1766470924.240012,0.5189013617001904,0.16555432993439634,1.0,1,False,,,,
1766470924.2433898,0.5198090188106265,0.16730401142114015,1.0,1,False,,,,
1766470924.24596,0.5198090188106265,0.16730401142114015,1.0,1,False,,,,
1766470924.251012,0.5206057663659374,0.16425623240223985,1.0,1,False,,,,
1766470924.4871209,0.5206057663659374,0.16425623240223985,1.0,1,False,,,,
1766470924.49207,0.5206057663659374,0.16425623240223985,1.0,1,False,,,,
1766470924.494899,0.5200717695030257,0.16333752144770197,1.0,1,False,,,,
1766470924.4987788,0.5200717695030257,0.16333752144770197,1.0,1,False,,,,
1766470924.5047889,0.6385408323755009,0.5913359887114127,0.0,1,False,,,,
1766470924.755268,0.6385408323755009,0.5913359887114127,0.0,1,False,,,,
1766470924.759868,0.6385408323755009,0.5913359887114127,0.0,1,False,,,,
1766470924.763235,0.5207514390475642,0.15831496083501484,1.0,1,False,,,,
1766470924.76613,0.5207514390475642,0.15831496083501484,1.0,1,False,,,,
1766470924.7693708,0.5255549195850759,0.13438120300888112,1.0,1,False,,,,
1766470925.386573,0.5241084571706935,0.1349039561562595,1.0,1,False,,,,
1766470925.39302,0.5241084571706935,0.1349039561562595,1.0,1,False,,,,
1766470925.3962638,0.5241084571706935,0.1349039561562595,1.0,1,False,,,,
1766470925.398884,0.5240069001589086,0.13389606892845118,1.0,1,False,,,,
1766470925.40134,0.4921160272012952,0.11262567227187381,1.0,1,False,,,,
1766470925.641844,0.4921160272012952,0.11262567227187381,1.0,1,False,,,,
1766470925.6466858,0.4921160272012952,0.11262567227187381,1.0,1,False,,,,
1766470925.650203,0.4917862587922167,0.11114080965805151,1.0,1,False,,,,
1766470925.654977,0.4917862587922167,0.11114080965805151,1.0,1,False,,,,
1766470925.6609979,0.4887571480985439,0.15914750847546255,1.0,1,False,,,,
1766470926.3775191,0.4887571480985439,0.15914750847546255,1.0,1,False,,,,
1766470926.3837702,0.4887571480985439,0.15914750847546255,1.0,1,False,,,,
1766470926.387224,0.48898443323433993,0.15610255638117865,1.0,1,False,,,,
1766470926.390115,0.48898443323433993,0.15610255638117865,1.0,1,False,,,,
1766470926.395298,0.4479957388690557,0.3667554171690044,0.19625986592501968,1,False,,,,
1766470926.5996459,0.4479957388690557,0.3667554171690044,0.19625986592501968,1,False,,,,
1766470926.606087,0.5981988530761809,0.46039929327686324,0.26279751479232766,1,False,,,,
1766470926.611818,0.5981988530761809,0.46039929327686324,0.26279751479232766,1,False,,,,
1766470926.61515,0.5981988530761809,0.46039929327686324,0.26279751479232766,1,False,,,,
1766470926.6181161,0.5963507568596912,0.45741127496542333,0.21859434251847065,1,False,,,,
1766470926.826425,0.5979458016592986,0.4506773538876302,0.2505550727427017,1,False,,,,
1766470926.8331819,0.5979458016592986,0.4506773538876302,0.2505550727427017,1,False,,,,
1766470926.839639,0.5965088247246827,0.45840283280159366,0.2639255147091071,1,False,,,,
1766470926.842807,0.5965088247246827,0.45840283280159366,0.2639255147091071,1,False,,,,
1766470926.847739,0.6384475658627844,0.5905147491194155,0.0,1,False,,,,
1766470927.150521,0.6384475658627844,0.5905147491194155,0.0,1,False,,,,
1766470927.156893,0.47970885818731535,0.0907210061566972,1.0,1,False,,,,
1766470927.159631,0.47737716912405953,0.09425673020194236,1.0,1,False,,,,
1766470927.163702,0.47737716912405953,0.09425673020194236,1.0,1,False,,,,
1766470927.169277,0.4742725142633268,0.1372189770530079,1.0,2,False,,,,
1766470927.488137,0.4742725142633268,0.1372189770530079,1.0,2,False,,,,
1766470927.496182,0.6384475658627844,0.5905147491194155,0.0,2,False,,,,
1766470927.5013602,0.6384475658627844,0.5905147491194155,0.0,2,False,,,,
1766470927.503801,0.6384475658627844,0.5905147491194155,0.0,2,False,,,,
1766470927.506182,0.6383987462571258,0.5900349502760515,0.0,1,False,,,,
1766470927.7322612,0.6383987462571258,0.5900349502760515,0.0,1,False,,,,
1766470927.738444,0.6383987462571258,0.5900349502760515,0.0,1,False,,,,
1766470927.741164,0.6383987462571258,0.5900349502760515,0.0,1,False,,,,
1766470927.744292,0.6383987462571258,0.5900349502760515,0.0,1,False,,,,
1766470927.747591,0.5158987015049783,1.3068895305264823,0.7416596412658691,1,False,,,,
1766470928.161494,0.5150646319669041,1.3071277407402588,0.7695958018302917,1,False,,,,
1766470928.169417,0.5150646319669041,1.3071277407402588,0.7695958018302917,1,False,,,,
1766470928.1741939,0.5150646319669041,1.3071277407402588,0.7695958018302917,1,False,,,,
1766470928.176875,0.5147738095098909,1.3062152879680924,0.7721211314201355,1,False,,,,
1766470928.181962,0.5345582906296698,0.8325932762903024,0.8765258193016052,1,False,,,,
1766470928.503017,0.535721259691982,0.8318275406909146,0.7676573991775513,1,False,,,,
1766470928.508332,0.535721259691982,0.8318275406909146,0.7676573991775513,1,False,,,,
1766470928.510968,0.535721259691982,0.8318275406909146,0.7676573991775513,1,False,,,,
1766470928.5140731,0.5326404635797541,0.8313251735522004,0.8128440380096436,1,False,,,,
1766470928.517596,0.5184843405473903,0.6494627395908046,1.0,1,False,,,,
1766470928.788405,0.5184843405473903,0.6494627395908046,1.0,1,False,,,,
1766470928.793516,0.5184843405473903,0.6494627395908046,1.0,1,False,,,,
1766470928.796175,0.5184843405473903,0.6494627395908046,1.0,1,False,,,,
1766470928.798968,-0.18106446132735785,1.0071262414323476,0.8785877416343282,1,False,,,,
1766470928.802024,0.6383987462571258,0.5900349502760515,0.0,1,False,,,,
1766470929.1009762,0.6383987462571258,0.5900349502760515,0.0,1,False,,,,
1766470929.106678,0.6669848392035169,0.9090356402485267,1.0,1,False,,,,
1766470929.1118238,0.6669848392035169,0.9090356402485267,1.0,1,False,,,,
1766470929.114799,0.6669848392035169,0.9090356402485267,1.0,1,False,,,,
1766470929.117362,0.6077661292243738,1.029989405244505,0.7607386112213135,1,False,,,,
1766470929.343526,0.6077661292243738,1.029989405244505,0.7607386112213135,1,False,,,,
1766470929.348604,0.6383987462571258,0.5900349502760515,0.0,1,False,,,,
1766470929.3522298,0.6072793836163363,1.0294366596094955,0.7891252636909485,1,False,,,,
1766470929.354553,0.6072793836163363,1.0294366596094955,0.7891252636909485,1,False,,,,
1766470929.359135,0.6383782058093463,0.5899350217994324,0.0,2,False,,,,
1766470929.722925,0.6383782058093463,0.5899350217994324,0.0,2,False,,,,
1766470929.729999,0.6383782058093463,0.5899350217994324,0.0,2,False,,,,
1766470929.734133,0.6383782058093463,0.5899350217994324,0.0,2,False,,,,
1766470929.738561,0.4113643660247813,0.09293431797906104,1.0,2,False,,,,
1766470929.740891,0.47397694623254283,0.14847207044418642,1.0,1,False,,,,
1766470930.0445828,0.47397694623254283,0.14847207044418642,1.0,1,False,,,,
1766470930.051857,0.47397694623254283,0.14847207044418642,1.0,1,False,,,,
1766470930.054451,0.475567192881827,0.1510409477869179,1.0,1,False,,,,
1766470930.056831,0.475567192881827,0.1510409477869179,1.0,1,False,,,,
1766470930.0599658,0.5095841719646288,0.6325935870882449,0.8548175133615987,1,False,,,,
1766470930.341603,0.6383782058093463,0.5899350217994324,0.0,1,False,,,,
1766470930.347439,0.6383782058093463,0.5899350217994324,0.0,1,False,,,,
1766470930.353462,0.6383782058093463,0.5899350217994324,0.0,1,False,,,,
1766470930.356328,0.6383782058093463,0.5899350217994324,0.0,1,False,,,,
1766470930.358828,0.6383782058093463,0.5899350217994324,0.0,1,False,,,,
1766470930.824553,0.49274421191513806,0.16471636386997512,1.0,1,False,,,,
1766470930.830029,0.6383782058093463,0.5899350217994324,0.0,1,False,,,,
1766470930.8353071,0.6383782058093463,0.5899350217994324,0.0,1,False,,,,
1766470930.838132,0.6383782058093463,0.5899350217994324,0.0,1,False,,,,
1766470930.840938,0.4968003944715367,0.1693323043520526,1.0,1,False,,,,
1766470931.557409,0.4968003944715367,0.1693323043520526,1.0,1,False,,,,
1766470931.563031,0.4966901107415852,0.169582633877833,1.0,1,False,,,,
1766470931.5675578,0.4966901107415852,0.169582633877833,1.0,1,False,,,,
1766470931.573332,0.4966901107415852,0.169582633877833,1.0,1,False,,,,
1766470931.5764768,0.4878396460607991,0.17048682873539622,1.0,1,False,,,,
1766470931.854041,0.4878396460607991,0.17048682873539622,1.0,1,False,,,,
1766470931.859686,0.4878396460607991,0.17048682873539622,1.0,1,False,,,,
1766470931.8641942,0.4878396460607991,0.17048682873539622,1.0,1,False,,,,
1766470931.867342,0.4876240143168344,0.17018367948743351,1.0,1,False,,,,
1766470931.8707001,0.5000256672835034,0.18499699412215975,1.0,1,False,,,,
1766470932.086632,0.5001428006229428,0.18511446891898686,1.0,1,False,,,,
1766470932.091789,0.5001428006229428,0.18511446891898686,1.0,1,False,,,,
1766470932.094322,0.5001428006229428,0.18511446891898686,1.0,1,False,,,,
1766470932.096728,0.6383782058093463,0.5899350217994324,0.0,1,False,,,,
1766470932.100514,0.5036674932432702,0.18221341053636875,1.0,1,False,,,,
1766470932.3246,0.5036674932432702,0.18221341053636875,1.0,1,False,,,,
1766470932.32964,0.5036674932432702,0.18221341053636875,1.0,1,False,,,,
1766470932.332233,0.5036674932432702,0.18221341053636875,1.0,1,False,,,,
1766470932.334992,0.5122891119947762,0.18522746102232224,1.0,1,False,,,,
1766470932.34015,0.6383782058093463,0.5899350217994324,0.0,1,False,,,,
1766470932.562817,0.6383782058093463,0.5899350217994324,0.0,1,False,,,,
1766470932.569104,0.6383782058093463,0.5899350217994324,0.0,1,False,,,,
1766470932.572756,0.5107485435065546,0.7576665134858287,0.9792404809231798,1,False,,,,
1766470932.5764842,0.5107485435065546,0.7576665134858287,0.9792404809231798,1,False,,,,
1766470932.582044,0.6383782058093463,0.5899350217994324,0.0,1,False,,,,
1766470932.800259,0.6383782058093463,0.5899350217994324,0.0,1,False,,,,
1766470932.807728,0.5353574798995229,0.9454086545268445,0.7158165328029473,1,False,,,,
1766470932.813691,0.5353574798995229,0.9454086545268445,0.7158165328029473,1,False,,,,
1766470932.8165052,0.5353574798995229,0.9454086545268445,0.7158165328029473,1,False,,,,
1766470932.819629,0.6383782058093463,0.5899350217994324,0.0,1,False,,,,
1766470933.058149,0.6383782058093463,0.5899350217994324,0.0,1,False,,,,
1766470933.063094,0.6383782058093463,0.5899350217994324,0.0,1,False,,,,
1766470933.0653949,0.6383782058093463,0.5899350217994324,0.0,1,False,,,,
1766470933.0679722,0.6383782058093463,0.5899350217994324,0.0,1,False,,,,
1766470933.0708039,0.6093524271075564,1.0486413961419383,0.7862091064453125,1,False,,,,
1766470933.298971,0.6093524271075564,1.0486413961419383,0.7862091064453125,1,False,,,,
1766470933.306278,0.6059361112453733,1.0456066233825934,0.8832420706748962,1,False,,,,
1766470933.3099442,0.6059361112453733,1.0456066233825934,0.8832420706748962,1,False,,,,
1766470933.3154821,0.6059361112453733,1.0456066233825934,0.8832420706748962,1,False,,,,
1766470933.318126,0.534426701044078,0.9361965241952722,0.871687791655867,1,False,,,,
1766470933.568874,0.534426701044078,0.9361965241952722,0.871687791655867,1,False,,,,
1766470933.574105,0.32158370542850556,0.6941243041808691,0.3005563394964306,1,False,,,,
1766470933.5780458,0.32158370542850556,0.6941243041808691,0.3005563394964306,1,False,,,,
1766470933.5820842,0.32158370542850556,0.6941243041808691,0.3005563394964306,1,False,,,,
1766470933.585002,0.46803841528470586,0.18965268485562803,1.0,1,False,,,,
1766470933.842613,0.46764653819545493,0.19790692156057732,1.0,1,False,,,,
1766470933.8523378,0.46764653819545493,0.19790692156057732,1.0,1,False,,,,
1766470933.857283,0.6383782058093463,0.5899350217994324,0.0,1,False,,,,
1766470933.860516,0.47577967260472037,0.1948216858395012,1.0,1,False,,,,
1766470933.8630981,0.6383782058093463,0.5899350217994324,0.0,1,False,,,,
1766470934.166838,0.504777875968782,0.19250977978745576,1.0,1,False,,,,
1766470934.173366,0.504777875968782,0.19250977978745576,1.0,1,False,,,,
1766470934.176585,0.50529845244491,0.1915264491306321,1.0,1,False,,,,
1766470934.17956,0.6383782058093463,0.5899350217994324,0.0,1,False,,,,
1766470934.1820679,0.6383782058093463,0.5899350217994324,0.0,1,False,,,,
1766470934.5629,0.6383782058093463,0.5899350217994324,0.0,1,False,,,,
1766470934.568488,0.6383782058093463,0.5899350217994324,0.0,1,False,,,,
1766470934.573714,0.6383782058093463,0.5899350217994324,0.0,1,False,,,,
1766470934.57708,0.46559896276436896,0.2048077729348139,1.0,1,False,,,,
1766470934.5800772,0.45184100437353925,0.1723762416638268,1.0,1,False,,,,
1766470934.8147042,0.4503988903222817,0.17119727718701527,1.0,1,False,,,,
1766470934.8212,0.4503988903222817,0.17119727718701527,1.0,1,False,,,,
1766470934.8267782,0.4503988903222817,0.17119727718701527,1.0,1,False,,,,
1766470934.8299441,0.4523609729115322,0.16942922678815386,1.0,1,False,,,,
1766470934.832643,0.5605926412902438,0.18459293530815524,0.11750285821894671,1,False,,,,
1766470935.1420429,0.5605926412902438,0.18459293530815524,0.11750285821894671,1,False,,,,
1766470935.149296,0.561131793613223,0.18766791279922712,0.21670512041387302,1,False,,,,
1766470935.154538,0.4709633308539646,0.9696435962555396,0.8258146047592163,1,False,,,,
1766470935.159669,0.4709633308539646,0.9696435962555396,0.8258146047592163,1,False,,,,
1766470935.162376,0.5312082742567159,0.1558402244889474,0.1612085959085755,1,True,0.4823717176914215,0.03066217713057995,0.07164430618286133,0.13723181188106537
1766470935.447356,0.5312082742567159,0.1558402244889474,0.1612085959085755,1,True,0.4823717176914215,0.03066217713057995,0.07164430618286133,0.13723181188106537
1766470935.4547899,0.6011680585730123,1.0846187514403136,0.8730769753456116,1,False,,,,
1766470935.459102,0.6011680585730123,1.0846187514403136,0.8730769753456116,1,False,,,,
1766470935.461994,0.6011680585730123,1.0846187514403136,0.8730769753456116,1,False,,,,
1766470935.4642408,0.5342358800384264,0.1582201788189651,0.18280104070488692,1,False,,,,
1766470935.775299,0.5342358800384264,0.1582201788189651,0.18280104070488692,1,False,,,,
1766470935.780889,0.5342358800384264,0.1582201788189651,0.18280104070488692,1,False,,,,
1766470935.783318,0.5342358800384264,0.1582201788189651,0.18280104070488692,1,False,,,,
1766470935.7862751,0.6888747682892757,0.8953643111992216,1.0,1,False,,,,
1766470935.792187,0.7366121913942127,0.9205150740954025,0.8440915942192078,2,False,,,,
1766470936.229551,0.7366121913942127,0.9205150740954025,0.8440915942192078,2,False,,,,
1766470936.2350452,0.7366121913942127,0.9205150740954025,0.8440915942192078,2,False,,,,
1766470936.238399,0.731839342084642,0.9301423286194913,0.9214535355567932,2,False,,,,
1766470936.242636,0.731839342084642,0.9301423286194913,0.9214535355567932,2,False,,,,
1766470936.247592,0.3299152538730715,-0.022540674722860032,1.0,1,False,,,,
1766470936.484351,0.3299152538730715,-0.022540674722860032,1.0,1,False,,,,
1766470936.4898,0.34796613795739634,-0.09742410214128361,0.995,1,False,,,,
1766470936.492555,0.34796613795739634,-0.09742410214128361,0.995,1,False,,,,
1766470936.494812,0.34796613795739634,-0.09742410214128361,0.995,1,False,,,,
1766470936.498882,0.6386404266223592,0.5904909903094555,0.0,1,False,,,,
1766470936.74848,0.6386404266223592,0.5904909903094555,0.0,1,False,,,,
1766470936.753994,0.6386404266223592,0.5904909903094555,0.0,1,False,,,,
1766470936.756719,0.6386404266223592,0.5904909903094555,0.0,1,False,,,,
1766470936.759119,0.6386404266223592,0.5904909903094555,0.0,1,False,,,,
1766470936.7616022,0.44553173675248825,0.22633824284258564,1.0,1,False,,,,
1766470936.983916,0.44553173675248825,0.22633824284258564,1.0,1,False,,,,
1766470936.9906209,0.6386404266223592,0.5904909903094555,0.0,1,False,,,,
1766470936.9935648,0.6386404266223592,0.5904909903094555,0.0,1,False,,,,
1766470936.998605,0.6386404266223592,0.5904909903094555,0.0,1,False,,,,
1766470937.001452,0.4340394832454274,0.2333970019040792,1.0,1,False,,,,
1766470937.206848,0.4340394832454274,0.2333970019040792,1.0,1,False,,,,
1766470937.2131982,0.4387012137152627,0.23224353243450402,1.0,1,False,,,,
1766470937.219127,0.4387012137152627,0.23224353243450402,1.0,1,False,,,,
1766470937.223903,0.4387012137152627,0.23224353243450402,1.0,1,False,,,,
1766470937.22692,0.6386404266223592,0.5904909903094555,0.0,1,False,,,,
1766470937.450421,0.6386404266223592,0.5904909903094555,0.0,1,False,,,,
1766470937.456983,0.6386404266223592,0.5904909903094555,0.0,1,False,,,,
1766470937.4620008,0.44970834988514286,0.24006996012749737,1.0,1,False,,,,
1766470937.464808,0.44970834988514286,0.24006996012749737,1.0,1,False,,,,
1766470937.4699159,0.4533826729705089,0.23247137850745314,1.0,1,False,,,,
1766470937.686604,0.4533826729705089,0.23247137850745314,1.0,1,False,,,,
1766470937.691455,0.4533826729705089,0.23247137850745314,1.0,1,False,,,,
1766470937.6948612,0.45471567427165527,0.23441317491545532,1.0,1,False,,,,
1766470937.699609,0.45471567427165527,0.23441317491545532,1.0,1,False,,,,
1766470937.705284,0.5206296726180846,0.22724547979184118,1.0,1,False,,,,
1766470937.946344,0.5197198994910263,0.23050791806936421,1.0,1,False,,,,
1766470937.9516249,0.5197198994910263,0.23050791806936421,1.0,1,False,,,,
1766470937.957076,0.5197198994910263,0.23050791806936421,1.0,1,False,,,,
1766470937.960341,0.6386404266223592,0.5904909903094555,0.0,1,False,,,,
1766470937.963176,0.44989274121083367,0.2568588435021901,1.0,1,False,,,,
1766470938.235352,0.44989274121083367,0.2568588435021901,1.0,1,False,,,,
1766470938.240625,0.44989274121083367,0.2568588435021901,1.0,1,False,,,,
1766470938.2432761,0.44989274121083367,0.2568588435021901,1.0,1,False,,,,
1766470938.2459772,0.44989274121083367,0.2568588435021901,1.0,1,False,,,,
1766470938.248846,0.4796316248716764,0.2558940895694597,1.0,1,False,,,,
1766470938.5163362,0.6386404266223592,0.5904909903094555,0.0,1,False,,,,
1766470938.521759,0.48339951896291583,0.2440911009683382,1.0,1,False,,,,
1766470938.526607,0.48339951896291583,0.2440911009683382,1.0,1,False,,,,
1766470938.5290282,0.48339951896291583,0.2440911009683382,1.0,1,False,,,,
1766470938.53145,0.4762953017395041,0.20972364092940832,1.0,1,False,,,,
1766470938.92657,0.4762953017395041,0.20972364092940832,1.0,1,False,,,,
1766470938.932008,0.4762953017395041,0.20972364092940832,1.0,1,False,,,,
1766470938.936238,0.4758552521147646,0.2086590300205735,1.0,1,False,,,,
1766470938.9392278,0.4758552521147646,0.2086590300205735,1.0,1,False,,,,
1766470938.944834,0.4747191415114485,0.21592893186657525,1.0,1,False,,,,
1766470939.2487218,0.4747191415114485,0.21592893186657525,1.0,1,False,,,,
1766470939.253643,0.4745623539025784,0.21519690913144984,1.0,1,False,,,,
1766470939.257312,0.4745623539025784,0.21519690913144984,1.0,1,False,,,,
1766470939.263107,0.4745623539025784,0.21519690913144984,1.0,1,False,,,,
1766470939.268331,0.4809932248380546,0.22132847298454295,1.0,1,False,,,,
1766470939.5914319,0.49026900862120265,0.22547059557060312,1.0,1,False,,,,
1766470939.5971022,0.49026900862120265,0.22547059557060312,1.0,1,False,,,,
1766470939.6020522,0.49026900862120265,0.22547059557060312,1.0,1,False,,,,
1766470939.605398,0.4909871137331126,0.2215563195552107,1.0,1,False,,,,
1766470939.608474,0.4668198493627772,0.2115589648313987,1.0,1,False,,,,
1766470939.9469922,0.4668198493627772,0.2115589648313987,1.0,1,False,,,,
1766470939.952189,0.4668198493627772,0.2115589648313987,1.0,1,False,,,,
1766470939.955054,0.4668198493627772,0.2115589648313987,1.0,1,False,,,,
1766470939.95761,0.46649336105925404,0.2135240593585519,1.0,1,False,,,,
1766470939.960939,0.48357572051291553,0.21781009155504583,1.0,1,False,,,,
1766470940.171372,0.48357572051291553,0.21781009155504583,1.0,1,False,,,,
1766470940.1765811,0.4838220551383799,0.21894032863995716,1.0,1,False,,,,
1766470940.179509,0.4838220551383799,0.21894032863995716,1.0,1,False,,,,
1766470940.18612,0.4838220551383799,0.21894032863995716,1.0,1,False,,,,
1766470940.189048,0.4685154018546222,0.22155246904621617,1.0,1,False,,,,
1766470940.3994381,0.4685154018546222,0.22155246904621617,1.0,1,False,,,,
1766470940.405164,0.4685154018546222,0.22155246904621617,1.0,1,False,,,,
1766470940.407988,0.4685154018546222,0.22155246904621617,1.0,1,False,,,,
1766470940.411581,0.46943545434870926,0.22166824091067094,1.0,1,False,,,,
1766470940.414088,0.6386404266223592,0.5904909903094555,0.0,2,False,,,,
1766470940.6859672,0.6386404266223592,0.5904909903094555,0.0,2,False,,,,
1766470940.691187,0.6386404266223592,0.5904909903094555,0.0,2,False,,,,
1766470940.694054,0.6386404266223592,0.5904909903094555,0.0,2,False,,,,
1766470940.698482,0.6386404266223592,0.5904909903094555,0.0,2,False,,,,
1766470940.703742,0.46658389196515915,0.2054447484605637,1.0,1,False,,,,
1766470941.0055418,0.46658389196515915,0.2054447484605637,1.0,1,False,,,,
1766470941.0109591,0.46658389196515915,0.2054447484605637,1.0,1,False,,,,
1766470941.0141902,0.4649468882192959,0.20652517580558916,1.0,1,False,,,,
1766470941.017233,0.4649468882192959,0.20652517580558916,1.0,1,False,,,,
1766470941.0217001,0.6386404266223592,0.5904909903094555,0.0,2,False,,,,
1766470941.28416,0.47250370564751,0.2114542438750413,1.0,2,False,,,,
1766470941.288942,0.47250370564751,0.2114542438750413,1.0,2,False,,,,
1766470941.294053,0.47250370564751,0.2114542438750413,1.0,2,False,,,,
1766470941.296893,0.4733600779140882,0.2121769708081942,1.0,2,False,,,,
1766470941.2999198,0.46457127554842775,0.21708349747293432,1.0,2,False,,,,
1766470941.66623,0.6386404266223592,0.5904909903094555,0.0,2,False,,,,
1766470941.671476,0.6386404266223592,0.5904909903094555,0.0,2,False,,,,
1766470941.676757,0.6386404266223592,0.5904909903094555,0.0,2,False,,,,
1766470941.679944,0.6386404266223592,0.5904909903094555,0.0,2,False,,,,
1766470941.682658,0.4677582122387852,0.2123267785948877,1.0,1,False,,,,
1766470941.926131,0.4677582122387852,0.2123267785948877,1.0,1,False,,,,
1766470941.931495,0.4677582122387852,0.2123267785948877,1.0,1,False,,,,
1766470941.934755,0.46671469967725976,0.21246340256716756,1.0,1,False,,,,
1766470941.937813,0.46671469967725976,0.21246340256716756,1.0,1,False,,,,
1766470941.942385,0.6386404266223592,0.5904909903094555,0.0,1,False,,,,
1766470942.205719,0.5055712869394478,0.2056480850584661,1.0,1,False,,,,
1766470942.2110982,0.5055712869394478,0.2056480850584661,1.0,1,False,,,,
1766470942.215879,0.5055712869394478,0.2056480850584661,1.0,1,False,,,,
1766470942.218969,0.5053629066557813,0.20452722125942713,1.0,1,False,,,,
1766470942.221645,0.470884570897866,0.19360022665940013,1.0,2,False,,,,
1766470942.59776,0.470884570897866,0.19360022665940013,1.0,2,False,,,,
1766470942.603125,0.470884570897866,0.19360022665940013,1.0,2,False,,,,
1766470942.6066408,0.4716175513936901,0.19222401231844144,1.0,2,False,,,,
1766470942.609848,0.4716175513936901,0.19222401231844144,1.0,2,False,,,,
1766470942.614411,0.5040160097952658,0.19923692927072145,1.0,2,False,,,,
1766470942.935406,0.5040160097952658,0.19923692927072145,1.0,2,False,,,,
1766470942.948204,0.5034495296424011,0.19988317989986526,1.0,2,False,,,,
1766470942.953436,0.5034495296424011,0.19988317989986526,1.0,2,False,,,,
1766470942.956511,0.5037878569928745,0.2013529726353247,1.0,2,False,,,,
1766470942.961212,0.5040340778202756,0.20460320853535507,1.0,2,False,,,,
1766470943.236898,0.5040340778202756,0.20460320853535507,1.0,2,False,,,,
1766470943.2423801,0.5033841966198047,0.2034590927572818,1.0,2,False,,,,
1766470943.2457888,0.5033841966198047,0.2034590927572818,1.0,2,False,,,,
1766470943.251324,0.5033841966198047,0.2034590927572818,1.0,2,False,,,,
1766470943.254189,0.49398955727769867,0.2067943431302487,1.0,1,False,,,,
1766470943.465777,0.49398955727769867,0.2067943431302487,1.0,1,False,,,,
1766470943.4709918,0.49398955727769867,0.2067943431302487,1.0,1,False,,,,
1766470943.473801,0.49398955727769867,0.2067943431302487,1.0,1,False,,,,
1766470943.476363,0.49223303001462815,0.2029405886412219,1.0,1,False,,,,
1766470943.479176,0.461917197722476,0.15603455996734028,1.0,1,False,,,,
1766470943.780788,0.46183368815622394,0.15699611710172656,1.0,1,False,,,,
1766470943.785999,0.46183368815622394,0.15699611710172656,1.0,1,False,,,,
1766470943.791476,0.46183368815622394,0.15699611710172656,1.0,1,False,,,,
1766470943.795208,0.462630767407526,0.15590535585135978,1.0,1,False,,,,
1766470943.7982411,0.46574435628296273,0.20039695649282363,0.3015968840831588,1,False,,,,
1766470944.1538088,0.46574435628296273,0.20039695649282363,0.3015968840831588,1,False,,,,
1766470944.160243,0.45905176644565043,0.25177901075939957,0.291169854954967,1,False,,,,
1766470944.164154,0.4802889893306973,0.3509638887986053,0.19574164582286774,1,True,0.487037718296051,0.2343517690896988,0.07572899013757706,0.15115788578987122
1766470944.1677618,0.4802889893306973,0.3509638887986053,0.19574164582286774,1,True,0.487037718296051,0.2343517690896988,0.07572899013757706,0.15115788578987122
1766470944.17371,0.6467158727787485,0.8861379517874874,0.8518111705780029,1,False,,,,
1766470944.436631,0.6467158727787485,0.8861379517874874,0.8518111705780029,1,False,,,,
1766470944.4443278,0.6467158727787485,0.8861379517874874,0.8518111705780029,1,False,,,,
1766470944.4469151,0.6386404266223592,0.5904909903094555,0.0,1,False,,,,
1766470944.45122,0.6386404266223592,0.5904909903094555,0.0,1,False,,,,
1766470944.456791,0.6387046188186145,0.5907735231781088,0.0,0,False,,,,
1766470944.674331,0.6387046188186145,0.5907735231781088,0.0,0,False,,,,
1766470944.681468,0.5925200424498753,0.762112187380499,0.9286842346191406,0,False,,,,
1766470944.684174,0.5925200424498753,0.762112187380499,0.9286842346191406,0,False,,,,
1766470944.686561,0.5925200424498753,0.762112187380499,0.9286842346191406,0,False,,,,
1766470944.690824,0.6387046188186145,0.5907735231781088,0.0,1,False,,,,
1766470944.96459,0.6043386120145413,0.8107992996188073,0.9386473298072815,1,False,,,,
1766470944.969105,0.6043386120145413,0.8107992996188073,0.9386473298072815,1,False,,,,
1766470944.972887,0.6043386120145413,0.8107992996188073,0.9386473298072815,1,False,,,,
1766470944.977869,0.6043386120145413,0.8107992996188073,0.9386473298072815,1,False,,,,
1766470944.98075,0.6387046188186145,0.5907735231781088,0.0,1,False,,,,
1766470945.246604,0.6387046188186145,0.5907735231781088,0.0,1,False,,,,
1766470945.2516558,0.6387046188186145,0.5907735231781088,0.0,1,False,,,,
1766470945.254257,0.6060397178274235,0.81628242088951,1.0,1,False,,,,
1766470945.257659,0.6060397178274235,0.81628242088951,1.0,1,False,,,,
1766470945.262688,0.6387046188186145,0.5907735231781088,0.0,1,False,,,,
1766470945.511574,0.6387046188186145,0.5907735231781088,0.0,1,False,,,,
1766470945.516163,0.6387046188186145,0.5907735231781088,0.0,1,False,,,,
1766470945.5186691,0.6387046188186145,0.5907735231781088,0.0,1,False,,,,
1766470945.52136,0.6199456122320687,0.8225808311838083,0.9648556113243103,1,False,,,,
1766470945.524937,0.5655529034632609,0.9904518092068303,0.847740113735199,1,False,,,,
1766470945.737199,0.5600082552833687,0.9906939941985772,0.8695692420005798,1,False,,,,
1766470945.741599,0.5600082552833687,0.9906939941985772,0.8695692420005798,1,False,,,,
1766470945.746513,0.5600082552833687,0.9906939941985772,0.8695692420005798,1,False,,,,
1766470945.749068,0.5600082552833687,0.9906939941985772,0.8695692420005798,1,False,,,,
1766470945.751182,0.6387881068926107,0.5908011252571027,0.0,1,False,,,,
1766470946.098329,0.6387881068926107,0.5908011252571027,0.0,1,False,,,,
1766470946.102818,0.6387881068926107,0.5908011252571027,0.0,1,False,,,,
1766470946.10578,0.6387881068926107,0.5908011252571027,0.0,1,False,,,,
1766470946.108802,0.6387881068926107,0.5908011252571027,0.0,1,False,,,,
1766470946.111081,0.6387881068926107,0.5908011252571027,0.0,1,False,,,,
1766470946.3339899,0.6387881068926107,0.5908011252571027,0.0,1,False,,,,
1766470946.338208,0.6387881068926107,0.5908011252571027,0.0,1,False,,,,
1766470946.34115,0.5603406915858975,0.9870010057884738,0.8343276977539062,1,False,,,,
1766470946.344234,0.5603406915858975,0.9870010057884738,0.8343276977539062,1,False,,,,
1766470946.348543,0.6387876510531061,0.5908002074283077,0.0,1,False,,,,
1766470946.619144,0.6387876510531061,0.5908002074283077,0.0,1,False,,,,
1766470946.623295,0.6387876510531061,0.5908002074283077,0.0,1,False,,,,
1766470946.626205,0.6068143620490011,0.7185208609781721,0.6,1,False,,,,
1766470946.629866,0.6068143620490011,0.7185208609781721,0.6,1,False,,,,
1766470946.634957,0.6387876510531061,0.5908002074283077,0.0,1,False,,,,
1766470946.84687,0.6387876510531061,0.5908002074283077,0.0,1,False,,,,
1766470946.8515022,0.6387876510531061,0.5908002074283077,0.0,1,False,,,,
1766470946.854283,0.6387876510531061,0.5908002074283077,0.0,1,False,,,,
1766470946.85649,0.6387876510531061,0.5908002074283077,0.0,1,False,,,,
1766470946.858984,0.6387876510531061,0.5908002074283077,0.0,1,False,,,,
1766470947.128005,0.6387876510531061,0.5908002074283077,0.0,1,False,,,,
1766470947.132608,0.4573792236044974,0.15825051904547882,1.0,1,True,0.4486669898033142,0.03234221041202545,0.07567176967859268,0.1449412703514099
1766470947.1350138,0.4573792236044974,0.15825051904547882,1.0,1,True,0.4486669898033142,0.03234221041202545,0.07567176967859268,0.1449412703514099
1766470947.1417751,0.4573792236044974,0.15825051904547882,1.0,1,True,0.4486669898033142,0.03234221041202545,0.07567176967859268,0.1449412703514099
1766470947.1443222,0.6387876510531061,0.5908002074283077,0.0,1,False,,,,
1766470947.422646,0.6387876510531061,0.5908002074283077,0.0,1,False,,,,
1766470947.430048,0.4618933447018877,0.15807375955467307,1.0,1,False,,,,
1766470947.433242,0.4618933447018877,0.15807375955467307,1.0,1,False,,,,
1766470947.43573,0.4618933447018877,0.15807375955467307,1.0,1,False,,,,
1766470947.4405298,0.6387876510531061,0.5908002074283077,0.0,1,False,,,,
1766470947.773856,0.6387876510531061,0.5908002074283077,0.0,1,False,,,,
1766470947.778922,0.6387876510531061,0.5908002074283077,0.0,1,False,,,,
1766470947.781995,0.45153819621110536,0.14726966519547569,1.0,1,False,,,,
1766470947.786567,0.45153819621110536,0.14726966519547569,1.0,1,False,,,,
1766470947.792001,0.4640590782905967,0.14741873668430916,1.0,1,False,,,,
1766470947.997718,0.4640590782905967,0.14741873668430916,1.0,1,False,,,,
1766470948.002913,0.46438953758424006,0.15030911624538723,1.0,1,False,,,,
1766470948.006142,0.46438953758424006,0.15030911624538723,1.0,1,False,,,,
1766470948.0115871,0.46438953758424006,0.15030911624538723,1.0,1,False,,,,
1766470948.014781,0.4947868732169821,0.1851321882182999,1.0,1,False,,,,
1766470948.281735,0.4947868732169821,0.1851321882182999,1.0,1,False,,,,
1766470948.287172,0.4941554338094873,0.18448261087091633,1.0,1,False,,,,
1766470948.290237,0.4941554338094873,0.18448261087091633,1.0,1,False,,,,
1766470948.294942,0.4941554338094873,0.18448261087091633,1.0,1,False,,,,
1766470948.29854,0.6387876510531061,0.5908002074283077,0.0,2,False,,,,
1766470948.6235049,0.6388124838069282,0.5907037672488419,0.0,2,False,,,,
1766470948.629271,0.6388124838069282,0.5907037672488419,0.0,2,False,,,,
1766470948.634568,0.6388124838069282,0.5907037672488419,0.0,2,False,,,,
1766470948.637453,0.5426529958782936,0.39998926449643446,1.0,2,True,0.48615580797195435,0.3122265636920929,0.07680168002843857,0.14412833750247955
1766470948.640071,0.5293441894128004,0.37988855182232373,1.0,1,True,0.48494118452072144,0.2981846332550049,0.07587327808141708,0.14791853725910187
1766470948.8575392,0.5293441894128004,0.37988855182232373,1.0,1,True,0.48494118452072144,0.2981846332550049,0.07587327808141708,0.14791853725910187
1766470948.862866,0.5293441894128004,0.37988855182232373,1.0,1,True,0.48494118452072144,0.2981846332550049,0.07587327808141708,0.14791853725910187
1766470948.8660202,0.5293441894128004,0.37988855182232373,1.0,1,True,0.48494118452072144,0.2981846332550049,0.07587327808141708,0.14791853725910187
1766470948.869038,0.5281415024371976,0.37997159189001817,1.0,1,True,0.48494118452072144,0.2981846332550049,0.07587327808141708,0.14791853725910187
1766470948.871478,0.6388124838069282,0.5907037672488419,0.0,1,False,,,,
1766470949.159979,0.4840332124652479,0.1856156395040699,1.0,1,False,,,,
1766470949.165251,0.4840332124652479,0.1856156395040699,1.0,1,False,,,,
1766470949.169913,0.4840332124652479,0.1856156395040699,1.0,1,False,,,,
1766470949.172493,0.6388124838069282,0.5907037672488419,0.0,1,False,,,,
1766470949.175437,0.4793883160008535,0.1884335132953896,1.0,1,False,,,,
1766470949.4014668,0.4793883160008535,0.1884335132953896,1.0,1,False,,,,
1766470949.407441,0.4809597029070029,0.187035426643674,1.0,1,False,,,,
1766470949.410974,0.4809597029070029,0.187035426643674,1.0,1,False,,,,
1766470949.416611,0.4809597029070029,0.187035426643674,1.0,1,False,,,,
1766470949.419507,0.46321642894237725,0.1874001778519241,1.0,1,False,,,,
1766470949.9632168,0.4640244306678053,0.18799615406051706,1.0,1,False,,,,
1766470949.968678,0.4640244306678053,0.18799615406051706,1.0,1,False,,,,
1766470949.973632,0.4640244306678053,0.18799615406051706,1.0,1,False,,,,
1766470949.977045,0.4633586820739225,0.19020548859663133,1.0,1,False,,,,
1766470949.9820092,0.44707840458588544,0.18594666153069528,1.0,1,False,,,,
1766470950.300759,0.44707840458588544,0.18594666153069528,1.0,1,False,,,,
1766470950.306274,0.44707840458588544,0.18594666153069528,1.0,1,False,,,,
1766470950.3093052,0.44707840458588544,0.18594666153069528,1.0,1,False,,,,
1766470950.3122098,0.44740035862447075,0.18512030056923467,1.0,1,False,,,,
1766470950.3148632,0.4919982816096572,0.16821763288723623,1.0,2,False,,,,
1766470950.626875,0.4919982816096572,0.16821763288723623,1.0,2,False,,,,
1766470950.631825,0.49395743631485134,0.16731618023368056,1.0,2,False,,,,
1766470950.635287,0.49395743631485134,0.16731618023368056,1.0,2,False,,,,
1766470950.640801,0.49395743631485134,0.16731618023368056,1.0,2,False,,,,
1766470950.644033,0.6388124838069282,0.5907037672488419,0.0,1,False,,,,
1766470950.9368901,0.6388124838069282,0.5907037672488419,0.0,1,False,,,,
1766470950.942019,0.6388124838069282,0.5907037672488419,0.0,1,False,,,,
1766470950.947304,0.6388124838069282,0.5907037672488419,0.0,1,False,,,,
1766470950.9502301,0.6388124838069282,0.5907037672488419,0.0,1,False,,,,
1766470950.952918,0.4599028845639289,0.1533114925556851,1.0,1,False,,,,
1766470951.264126,0.6388124838069282,0.5907037672488419,0.0,1,False,,,,
1766470951.270533,0.45946881168832715,0.15440863137864747,1.0,1,False,,,,
1766470951.276341,0.45946881168832715,0.15440863137864747,1.0,1,False,,,,
1766470951.2791538,0.45946881168832715,0.15440863137864747,1.0,1,False,,,,
1766470951.2821078,0.49400692083708764,0.15227127458616918,1.0,1,False,,,,
1766470951.61517,0.49400692083708764,0.15227127458616918,1.0,1,False,,,,
1766470951.621539,0.4929646730134487,0.1550871611704031,1.0,1,False,,,,
1766470951.624785,0.4929646730134487,0.1550871611704031,1.0,1,False,,,,
1766470951.6295328,0.4929646730134487,0.1550871611704031,1.0,1,False,,,,
1766470951.631932,0.6388124838069282,0.5907037672488419,0.0,1,False,,,,
1766470951.8423302,0.6388124838069282,0.5907037672488419,0.0,1,False,,,,
1766470951.8476439,0.6388124838069282,0.5907037672488419,0.0,1,False,,,,
1766470951.850328,0.6388124838069282,0.5907037672488419,0.0,1,False,,,,
1766470951.8528728,0.6388124838069282,0.5907037672488419,0.0,1,False,,,,
1766470951.855893,0.44344775958326704,0.17832422359079725,1.0,1,False,,,,
1766470952.0984619,0.44344775958326704,0.17832422359079725,1.0,1,False,,,,
1766470952.1035368,0.44344775958326704,0.17832422359079725,1.0,1,False,,,,
1766470952.106542,0.44302855607470554,0.17709411075509096,1.0,1,False,,,,
1766470952.1093068,0.44302855607470554,0.17709411075509096,1.0,1,False,,,,
1766470952.114592,0.4427357300068908,0.18168245059872778,1.0,1,False,,,,
1766470952.4140851,0.4427357300068908,0.18168245059872778,1.0,1,False,,,,
1766470952.4193568,0.4427357300068908,0.18168245059872778,1.0,1,False,,,,
1766470952.422395,0.44254702401175683,0.18235428541860554,1.0,1,False,,,,
1766470952.425869,0.44254702401175683,0.18235428541860554,1.0,1,False,,,,
1766470952.432107,0.6388124838069282,0.5907037672488419,0.0,1,False,,,,
1766470952.653109,0.6388124838069282,0.5907037672488419,0.0,1,False,,,,
1766470952.658014,0.47705986370477643,0.17598972126361412,1.0,1,False,,,,
1766470952.661616,0.47705986370477643,0.17598972126361412,1.0,1,False,,,,
1766470952.667017,0.47705986370477643,0.17598972126361412,1.0,1,False,,,,
1766470952.670093,0.5243321255893982,0.45200436396838883,0.0922871081583474,1,False,,,,
1766470952.8873742,0.5243321255893982,0.45200436396838883,0.0922871081583474,1,False,,,,
1766470952.893902,0.6388124838069282,0.5907037672488419,0.0,1,False,,,,
1766470952.898965,0.6388124838069282,0.5907037672488419,0.0,1,False,,,,
1766470952.905035,0.6388124838069282,0.5907037672488419,0.0,1,False,,,,
1766470952.908695,0.4241655683159383,1.1516322348108265,0.8632677581200545,1,False,,,,
1766470953.1312,0.4241655683159383,1.1516322348108265,0.8632677581200545,1,False,,,,
1766470953.13957,0.4241655683159383,1.1516322348108265,0.8632677581200545,1,False,,,,
1766470953.1423402,0.6388124838069282,0.5907037672488419,0.0,1,False,,,,
1766470953.144993,0.6388124838069282,0.5907037672488419,0.0,1,False,,,,
1766470953.149784,0.4189728436175627,1.0520438593332926,0.24756222916181608,1,False,,,,
1766470953.4701009,0.4189728436175627,1.0520438593332926,0.24756222916181608,1,False,,,,
1766470953.476846,0.36158288857530224,0.8101655077301884,0.23630759697796083,1,False,,,,
1766470953.479285,0.36158288857530224,0.8101655077301884,0.23630759697796083,1,False,,,,
1766470953.4821131,0.36158288857530224,0.8101655077301884,0.23630759697796083,1,False,,,,
1766470953.4869661,0.4264416724790279,0.0688773531968141,1.0,1,False,,,,
1766470953.6970031,0.47645896963683276,0.10052707977596054,1.0,1,True,0.4591349959373474,0.05049872770905495,0.07385873794555664,0.14507851004600525
1766470953.7028558,0.47645896963683276,0.10052707977596054,1.0,1,True,0.4591349959373474,0.05049872770905495,0.07385873794555664,0.14507851004600525
1766470953.707057,0.47645896963683276,0.10052707977596054,1.0,1,True,0.4591349959373474,0.05049872770905495,0.07385873794555664,0.14507851004600525
1766470953.709583,0.47645896963683276,0.10052707977596054,1.0,1,True,0.4591349959373474,0.05049872770905495,0.07385873794555664,0.14507851004600525
1766470953.711948,0.5024788048396878,0.19505912375124101,1.0,1,False,,,,
1766470953.931438,0.5024788048396878,0.19505912375124101,1.0,1,False,,,,
1766470953.939292,0.5024788048396878,0.19505912375124101,1.0,1,False,,,,
1766470953.944536,0.5024788048396878,0.19505912375124101,1.0,1,False,,,,
1766470953.947422,0.5024788048396878,0.19505912375124101,1.0,1,False,,,,
1766470953.950357,0.6387341733539847,0.5901761218173004,0.0,1,False,,,,
1766470954.239427,0.6387341733539847,0.5901761218173004,0.0,1,False,,,,
1766470954.244069,0.6387341733539847,0.5901761218173004,0.0,1,False,,,,
1766470954.246669,0.6387341733539847,0.5901761218173004,0.0,1,False,,,,
1766470954.2499478,0.6387341733539847,0.5901761218173004,0.0,1,False,,,,
1766470954.252578,0.4942818071605653,0.4528290173846299,0.18617999425944837,2,False,,,,
1766470954.621382,0.4942818071605653,0.4528290173846299,0.18617999425944837,2,False,,,,
1766470954.627517,0.4942818071605653,0.4528290173846299,0.18617999425944837,2,False,,,,
1766470954.630189,0.4942818071605653,0.4528290173846299,0.18617999425944837,2,False,,,,
1766470954.633204,0.5263787066316279,0.4926802814728326,0.16324504292440017,2,False,,,,
1766470954.6361332,0.5317999366358996,0.3758765749508566,0.21441202620806607,1,False,,,,
1766470954.851925,0.5317999366358996,0.3758765749508566,0.21441202620806607,1,False,,,,
1766470954.8596601,0.5884451993745119,0.8871139899794076,0.8767695426940918,1,False,,,,
1766470954.864969,0.5884451993745119,0.8871139899794076,0.8767695426940918,1,False,,,,
1766470954.869813,0.5733466005456525,0.9458325809960594,0.9763111472129822,1,False,,,,
1766470954.8724842,0.6387341733539847,0.5901761218173004,0.0,1,False,,,,
1766470955.116684,0.6387341733539847,0.5901761218173004,0.0,1,False,,,,
1766470955.124174,0.40122670883130074,1.3648272658498746,0.9182287161533302,1,False,,,,
1766470955.1267068,0.40122670883130074,1.3648272658498746,0.9182287161533302,1,False,,,,
1766470955.131754,0.40122670883130074,1.3648272658498746,0.9182287161533302,1,False,,,,
1766470955.134392,0.6378134060008607,0.9267043359792752,0.7870859503746033,2,False,,,,
1766470955.519736,0.6378134060008607,0.9267043359792752,0.7870859503746033,2,False,,,,
1766470955.5261388,0.4060636902734237,1.4358667106048162,0.8312709349578958,2,False,,,,
1766470955.531014,0.4060636902734237,1.4358667106048162,0.8312709349578958,2,False,,,,
1766470955.533769,0.4060636902734237,1.4358667106048162,0.8312709349578958,2,False,,,,
1766470955.53614,0.5006531614233702,0.855506834624684,0.34241530342706267,1,False,,,,
1766470955.825609,0.5037833627773488,0.9474103561560442,0.324581165832052,1,False,,,,
1766470955.830981,0.5037833627773488,0.9474103561560442,0.324581165832052,1,False,,,,
1766470955.835834,0.5037833627773488,0.9474103561560442,0.324581165832052,1,False,,,,
1766470955.838488,0.5037833627773488,0.9474103561560442,0.324581165832052,1,False,,,,
1766470955.841835,0.14806924365349206,0.49487480018813723,0.8551360354465096,1,False,,,,
1766470956.192479,0.14828787518211112,0.4975432520433486,0.8551360354465096,1,False,,,,
1766470956.199977,0.6386435704319176,0.5896275082092214,0.0,1,False,,,,
1766470956.205256,0.6386435704319176,0.5896275082092214,0.0,1,False,,,,
1766470956.207957,0.6386435704319176,0.5896275082092214,0.0,1,False,,,,
1766470956.211461,0.472819579831286,0.149133478630889,1.0,1,False,,,,
1766470956.4201128,0.472819579831286,0.149133478630889,1.0,1,False,,,,
1766470956.4255328,0.4710965276484571,0.14743257078908034,1.0,1,False,,,,
1766470956.4301078,0.4710965276484571,0.14743257078908034,1.0,1,False,,,,
1766470956.435435,0.4710965276484571,0.14743257078908034,1.0,1,False,,,,
1766470956.438572,0.45262155935180176,0.1626498608730076,1.0,1,False,,,,
1766470956.729126,0.6386898434861099,0.5897935221436353,0.0,1,False,,,,
1766470956.7359,0.6386898434861099,0.5897935221436353,0.0,1,False,,,,
1766470956.741761,0.6386898434861099,0.5897935221436353,0.0,1,False,,,,
1766470956.7451782,0.6386898434861099,0.5897935221436353,0.0,1,False,,,,
1766470956.747791,0.4568885030538173,0.15809599956267162,1.0,1,False,,,,
1766470957.053283,0.4568885030538173,0.15809599956267162,1.0,1,False,,,,
1766470957.058269,0.4568885030538173,0.15809599956267162,1.0,1,False,,,,
1766470957.06168,0.4568885030538173,0.15809599956267162,1.0,1,False,,,,
1766470957.064105,0.6386898434861099,0.5897935221436353,0.0,1,False,,,,
1766470957.0701911,0.6386898434861099,0.5897935221436353,0.0,1,False,,,,
1766470957.2935958,0.6386898434861099,0.5897935221436353,0.0,1,False,,,,
1766470957.299039,0.6386898434861099,0.5897935221436353,0.0,1,False,,,,
1766470957.302128,0.6386898434861099,0.5897935221436353,0.0,1,False,,,,
1766470957.30746,0.6386898434861099,0.5897935221436353,0.0,1,False,,,,
1766470957.310703,0.4768957923150309,0.14816747951426312,1.0,1,False,,,,
1766470957.550744,0.47773520569409095,0.14811940590527772,1.0,1,False,,,,
1766470957.556088,0.47773520569409095,0.14811940590527772,1.0,1,False,,,,
1766470957.561234,0.47773520569409095,0.14811940590527772,1.0,1,False,,,,
1766470957.563992,0.6386898434861099,0.5897935221436353,0.0,1,False,,,,
1766470957.5677109,0.6386898434861099,0.5897935221436353,0.0,1,False,,,,
1766470957.873436,0.4486691224025142,0.18407101234087708,1.0,1,False,,,,
1766470957.878183,0.4486691224025142,0.18407101234087708,1.0,1,False,,,,
1766470957.883289,0.4486691224025142,0.18407101234087708,1.0,1,False,,,,
1766470957.8876429,0.6386898434861099,0.5897935221436353,0.0,1,False,,,,
1766470957.8907971,0.45576300745080056,0.1697824487977122,1.0,1,False,,,,
1766470958.125814,0.45648222535958577,0.1682827621503108,1.0,1,False,,,,
1766470958.132494,0.45648222535958577,0.1682827621503108,1.0,1,False,,,,
1766470958.135296,0.45648222535958577,0.1682827621503108,1.0,1,False,,,,
1766470958.138401,0.456090206806815,0.16873565823326464,1.0,1,False,,,,
1766470958.141236,0.46079325131030535,0.16305855486484633,1.0,1,False,,,,
1766470958.3926551,0.6386898434861099,0.5897935221436353,0.0,1,False,,,,
1766470958.3983328,0.6386898434861099,0.5897935221436353,0.0,1,False,,,,
1766470958.4031758,0.6386898434861099,0.5897935221436353,0.0,1,False,,,,
1766470958.408016,0.6386898434861099,0.5897935221436353,0.0,1,False,,,,
1766470958.410644,1.4729781565638131,1.1544291767006256,0.9276530196925912,1,False,,,,
1766470958.666311,1.4729781565638131,1.1544291767006256,0.9276530196925912,1,False,,,,
1766470958.6714408,1.4729781565638131,1.1544291767006256,0.9276530196925912,1,False,,,,
1766470958.674307,0.6386898434861099,0.5897935221436353,0.0,1,False,,,,
1766470958.677054,0.6386898434861099,0.5897935221436353,0.0,1,False,,,,
1766470958.682066,0.495029444805109,0.1948782761388872,1.0,1,False,,,,
1766470958.949172,0.495029444805109,0.1948782761388872,1.0,1,False,,,,
1766470958.953908,0.495029444805109,0.1948782761388872,1.0,1,False,,,,
1766470958.957036,0.4942572089080176,0.1945748001165265,1.0,1,False,,,,
1766470958.9596741,0.4942572089080176,0.1945748001165265,1.0,1,False,,,,
1766470958.962615,0.27255094365726007,0.4358883849038564,0.9785617806856467,2,False,,,,
1766470959.288922,0.27255094365726007,0.4358883849038564,0.9785617806856467,2,False,,,,
1766470959.294409,0.6386898434861099,0.5897935221436353,0.0,2,False,,,,
1766470959.297276,0.6386898434861099,0.5897935221436353,0.0,2,False,,,,
1766470959.302048,0.6386898434861099,0.5897935221436353,0.0,2,False,,,,
1766470959.3050601,0.5827443589685265,0.42357864983302485,0.15604474515995045,1,False,,,,
1766470959.5937269,0.5841451294095525,0.39288051366488674,0.1976903174477667,1,False,,,,
1766470959.598887,0.5841451294095525,0.39288051366488674,0.1976903174477667,1,False,,,,
1766470959.60364,0.5841451294095525,0.39288051366488674,0.1976903174477667,1,False,,,,
1766470959.6068869,0.5841451294095525,0.39288051366488674,0.1976903174477667,1,False,,,,
1766470959.609609,0.4840716706363727,0.14720996574687173,1.0,1,False,,,,
1766470959.8352058,0.4840716706363727,0.14720996574687173,1.0,1,False,,,,
1766470959.840132,0.4840716706363727,0.14720996574687173,1.0,1,False,,,,
1766470959.8448582,0.48436937900125593,0.1486848861308162,1.0,1,False,,,,
1766470959.847591,0.48436937900125593,0.1486848861308162,1.0,1,False,,,,
1766470959.850091,0.4667177967183297,0.15478064352070797,1.0,1,False,,,,
1766470960.260684,0.4667177967183297,0.15478064352070797,1.0,1,False,,,,
1766470960.266013,0.46664417951210374,0.15170024490685274,1.0,1,False,,,,
1766470960.268872,0.46664417951210374,0.15170024490685274,1.0,1,False,,,,
1766470960.274202,0.46664417951210374,0.15170024490685274,1.0,1,False,,,,
1766470960.277078,0.5542329000061967,0.337496398685615,0.17467223037266602,1,True,0.4784414768218994,0.2547376751899719,0.07348518073558807,0.14554069936275482
1766470960.710191,0.5542329000061967,0.337496398685615,0.17467223037266602,1,True,0.4784414768218994,0.2547376751899719,0.07348518073558807,0.14554069936275482
1766470960.7165298,0.6869175374207512,0.38389540460145755,0.2312361706669936,1,False,,,,
1766470960.7195399,0.6869175374207512,0.38389540460145755,0.2312361706669936,1,False,,,,
1766470960.722047,0.6869175374207512,0.38389540460145755,0.2312361706669936,1,False,,,,
1766470960.7264462,0.5710699704219525,0.8469383012699944,0.9922886490821838,1,False,,,,
1766470960.964309,0.5710699704219525,0.8469383012699944,0.9922886490821838,1,False,,,,
1766470960.971755,0.5742036608195324,0.836265284115244,0.9697588682174683,1,False,,,,
1766470960.9743412,0.5742036608195324,0.836265284115244,0.9697588682174683,1,False,,,,
1766470960.980449,0.5742036608195324,0.836265284115244,0.9697588682174683,1,False,,,,
1766470960.9838421,0.6386283558140863,0.5896526596749904,0.0,1,False,,,,
1766470961.245885,0.6386283558140863,0.5896526596749904,0.0,1,False,,,,
1766470961.252975,0.6386283558140863,0.5896526596749904,0.0,1,False,,,,
1766470961.255849,0.6386283558140863,0.5896526596749904,0.0,1,False,,,,
1766470961.258274,0.6386283558140863,0.5896526596749904,0.0,1,False,,,,
1766470961.263841,0.5585781969972108,0.7862272733038049,0.995,0,False,,,,
1766470961.563902,0.5585781969972108,0.7862272733038049,0.995,0,False,,,,
1766470961.568201,0.5608510190140719,0.3304225414141211,0.518918193367232,0,False,,,,
1766470961.570503,0.5607936944380659,0.3302930430187454,0.5341034179680404,0,False,,,,
1766470961.5727239,0.5607936944380659,0.3302930430187454,0.5341034179680404,0,False,,,,
1766470961.577234,0.5532315640569127,0.3231120090953009,0.5805439862649738,0,False,,,,
1766470961.740976,0.5532315640569127,0.3231120090953009,0.5805439862649738,0,False,,,,
1766470961.7456949,0.5532315640569127,0.3231120090953009,0.5805439862649738,0,False,,,,
1766470961.748662,0.5532315640569127,0.3231120090953009,0.5805439862649738,0,False,,,,
1766470961.75069,0.5532315640569127,0.3231120090953009,0.5805439862649738,0,False,,,,
1766470961.753185,0.5022410936507683,0.7547098913017776,0.8,0,False,,,,
1766470961.948927,0.5022410936507683,0.7547098913017776,0.8,0,False,,,,
1766470961.9532301,0.5022410936507683,0.7547098913017776,0.8,0,False,,,,
1766470961.9564512,0.5496720821488043,0.32569193002553143,0.5910025469129485,0,False,,,,
1766470961.9607282,0.5104579514915801,0.7455867608463645,0.8,0,False,,,,
1766470961.9649541,0.5503210131459603,0.3169213176009513,0.5817650885630454,0,False,,,,
1766470962.119325,0.5503210131459603,0.3169213176009513,0.5817650885630454,0,False,,,,
1766470962.124141,0.5501961600961358,0.3166523695972103,0.4633494583945412,0,False,,,,
1766470962.127379,0.49627296861364034,0.735170293481929,0.99,0,False,,,,
1766470962.130124,0.49627296861364034,0.735170293481929,0.99,0,False,,,,
1766470962.134975,0.638486331472339,0.5886559678762312,0.0,0,False,,,,
1766470962.482351,0.638486331472339,0.5886559678762312,0.0,0,False,,,,
1766470962.4887848,0.638486331472339,0.5886559678762312,0.0,0,False,,,,
1766470962.491334,0.638486331472339,0.5886559678762312,0.0,0,False,,,,
1766470962.4943979,0.638486331472339,0.5886559678762312,0.0,0,False,,,,
1766470962.4968588,0.6383224895432433,0.5882793211699183,0.0,0,False,,,,
1766470962.696627,0.6383224895432433,0.5882793211699183,0.0,0,False,,,,
1766470962.701665,0.6383224895432433,0.5882793211699183,0.0,0,False,,,,
1766470962.705798,0.6383224895432433,0.5882793211699183,0.0,0,False,,,,
1766470962.7085462,0.6383224895432433,0.5882793211699183,0.0,0,False,,,,
1766470962.711382,0.5766266718353747,0.29062198406538753,0.43901474122219025,0,False,,,,
1766470962.89001,0.5766266718353747,0.29062198406538753,0.43901474122219025,0,False,,,,
1766470962.894801,0.5839735133103418,0.42905042428803764,1.0,0,False,,,,
1766470962.898559,0.5839735133103418,0.42905042428803764,1.0,0,False,,,,
1766470962.904161,0.5839735133103418,0.42905042428803764,1.0,0,False,,,,
1766470962.9067829,0.572760052039899,0.26749858859077147,0.48042214419080814,0,False,,,,
1766470963.101772,0.572760052039899,0.26749858859077147,0.48042214419080814,0,False,,,,
1766470963.10745,0.572760052039899,0.26749858859077147,0.48042214419080814,0,False,,,,
1766470963.112052,0.572760052039899,0.26749858859077147,0.48042214419080814,0,False,,,,
1766470963.114336,0.5762179930084204,0.4416392109475116,1.0,0,False,,,,
1766470963.116519,0.5143727582966738,0.11736614377317778,0.992976187664543,0,False,,,,
1766470963.404562,0.5143727582966738,0.11736614377317778,0.992976187664543,0,False,,,,
1766470963.4090922,0.5143727582966738,0.11736614377317778,0.992976187664543,0,False,,,,
1766470963.411516,0.5143727582966738,0.11736614377317778,0.992976187664543,0,False,,,,
1766470963.414355,0.5476889097226396,0.1922214274375167,0.13054256716623092,0,False,,,,
1766470963.4169888,0.5731032938875023,0.3128726239560877,1.0,0,False,,,,
1766470963.609848,0.5731032938875023,0.3128726239560877,1.0,0,False,,,,
1766470963.61526,0.7033591877789575,0.1472213802473613,0.8507728929678606,0,False,,,,
1766470963.6182241,0.7033591877789575,0.1472213802473613,0.8507728929678606,0,False,,,,
1766470963.6228201,0.7033591877789575,0.1472213802473613,0.8507728929678606,0,False,,,,
1766470963.627071,1.0160893181932462,0.6160854672395859,0.8672572474021651,0,False,,,,
1766470963.837694,1.0160893181932462,0.6160854672395859,0.8672572474021651,0,False,,,,
1766470963.8442318,1.0160893181932462,0.6160854672395859,0.8672572474021651,0,False,,,,
1766470963.849034,0.5442854848298304,0.20496312021407337,0.23118759640627679,0,False,,,,
1766470963.8519921,0.5442854848298304,0.20496312021407337,0.23118759640627679,0,False,,,,
1766470963.85446,0.5946197666225206,0.46129554971757747,0.2849156589106761,0,False,,,,
1766470964.051881,0.5946114864434336,0.4613738277744843,0.26625055150716725,0,False,,,,
1766470964.057903,0.5946114864434336,0.4613738277744843,0.26625055150716725,0,False,,,,
1766470964.061971,0.5946114864434336,0.4613738277744843,0.26625055150716725,0,False,,,,
1766470964.064714,0.5946114864434336,0.4613738277744843,0.26625055150716725,0,False,,,,
1766470964.0666308,0.5972848254502608,0.47133761323822965,0.26892906332265054,0,False,,,,
1766470964.26401,0.5972848254502608,0.47133761323822965,0.26892906332265054,0,False,,,,
1766470964.269068,0.5990442484007868,0.44035614453540517,0.28161685826742583,0,False,,,,
1766470964.27178,0.5990442484007868,0.44035614453540517,0.28161685826742583,0,False,,,,
1766470964.2738838,0.5990442484007868,0.44035614453540517,0.28161685826742583,0,False,,,,
1766470964.278132,0.5945006940120137,0.4623726986720914,0.2680053905848134,0,False,,,,
1766470964.4625978,0.5945006940120137,0.4623726986720914,0.2680053905848134,0,False,,,,
1766470964.4672158,0.5945006940120137,0.4623726986720914,0.2680053905848134,0,False,,,,
1766470964.470154,0.5972233523380247,0.47187571254621985,0.26160167504998044,0,False,,,,
1766470964.472777,0.5972233523380247,0.47187571254621985,0.26160167504998044,0,False,,,,
1766470964.4769962,0.5987884017741146,0.44078677150636625,0.22988646744587415,0,False,,,,
1766470964.672991,0.39241354972016534,0.6528228230760391,0.9638565211301628,0,False,,,,
1766470964.67854,0.39241354972016534,0.6528228230760391,0.9638565211301628,0,False,,,,
1766470964.681141,0.39241354972016534,0.6528228230760391,0.9638565211301628,0,False,,,,
1766470964.685591,0.39241354972016534,0.6528228230760391,0.9638565211301628,0,False,,,,
1766470964.687885,0.5987356583047674,0.4413636265914459,0.2655717876549549,0,False,,,,
1766470964.876943,0.5987356583047674,0.4413636265914459,0.2655717876549549,0,False,,,,
1766470964.8820832,0.5987356583047674,0.4413636265914459,0.2655717876549549,0,False,,,,
1766470964.886577,0.5987356583047674,0.4413636265914459,0.2655717876549549,0,False,,,,
1766470964.889502,0.6476276764460179,0.5687239030451888,1.0,0,False,,,,
1766470964.8922958,0.5986889830665529,0.44184026698484224,0.28485028930182,0,False,,,,
1766470965.058934,0.5986889830665529,0.44184026698484224,0.28485028930182,0,False,,,,
1766470965.063487,0.5986889830665529,0.44184026698484224,0.28485028930182,0,False,,,,
1766470965.0675771,0.5986889830665529,0.44184026698484224,0.28485028930182,0,False,,,,
1766470965.0698082,0.5986889830665529,0.44184026698484224,0.28485028930182,0,False,,,,
1766470965.072225,0.41810763859500344,0.3613439249026229,1.0,0,False,,,,
1766470965.263167,0.5940398805233152,0.4641256416355395,0.24845945264609787,0,False,,,,
1766470965.268746,0.5940398805233152,0.4641256416355395,0.24845945264609787,0,False,,,,
1766470965.271462,0.5986260566851312,0.442455666945357,0.22347890349358013,0,False,,,,
1766470965.2741492,0.5986237529310752,0.4424736452843635,0.20849875793794015,0,False,,,,
1766470965.276425,0.43947580631006,0.3858171590481452,0.9114405576090514,0,False,,,,
1766470965.841399,0.43947580631006,0.3858171590481452,0.9114405576090514,0,False,,,,
1766470965.8462982,0.5456406826433218,0.2401553296212421,0.5359673966498197,0,False,,,,
1766470965.849885,0.5456406826433218,0.2401553296212421,0.5359673966498197,0,False,,,,
1766470965.854783,0.5456406826433218,0.2401553296212421,0.5359673966498197,0,False,,,,
1766470965.8572538,0.530091967722889,0.7501607801104048,0.8653124100176004,0,False,,,,
1766470966.104055,0.530091967722889,0.7501607801104048,0.8653124100176004,0,False,,,,
1766470966.109195,0.530091967722889,0.7501607801104048,0.8653124100176004,0,False,,,,
1766470966.113965,0.5605923864179478,0.5991037700905072,0.9085420699397453,0,False,,,,
1766470966.116338,0.5605923864179478,0.5991037700905072,0.9085420699397453,0,False,,,,
1766470966.1196501,0.39856662531639264,0.6243711827207673,0.788861049298236,1,False,,,,
1766470966.4762292,0.39856662531639264,0.6243711827207673,0.788861049298236,1,False,,,,
1766470966.483443,0.5373935466786802,0.2620719410005482,0.48506669382032547,1,False,,,,
1766470966.4860091,0.5373935466786802,0.2620719410005482,0.48506669382032547,1,False,,,,
1766470966.490479,0.5373935466786802,0.2620719410005482,0.48506669382032547,1,False,,,,
1766470966.4938471,0.5250253458668419,0.22995518964365136,0.9753551313818469,1,False,,,,
1766470966.763895,0.5284061383397212,0.23362588074749124,0.9753551313818469,1,False,,,,
1766470966.769851,0.5348130264435902,0.2574894007379266,0.47520559436959064,1,False,,,,
1766470966.775109,0.5348130264435902,0.2574894007379266,0.47520559436959064,1,False,,,,
1766470966.777576,0.5348130264435902,0.2574894007379266,0.47520559436959064,1,False,,,,
1766470966.782346,0.532063076168633,0.2526327891672868,0.5249853824854276,1,False,,,,
1766470967.089879,0.532063076168633,0.2526327891672868,0.5249853824854276,1,False,,,,
1766470967.0957901,0.532063076168633,0.2526327891672868,0.5249853824854276,1,False,,,,
1766470967.098912,0.532063076168633,0.2526327891672868,0.5249853824854276,1,False,,,,
1766470967.102133,0.5366964252576636,0.26154687078444394,0.4454331715991497,1,False,,,,
1766470967.105141,0.5398432729463413,0.2679688080011815,0.39160949599812184,0,False,,,,
1766470967.29184,0.5398432729463413,0.2679688080011815,0.39160949599812184,0,False,,,,
1766470967.297264,0.5398432729463413,0.2679688080011815,0.39160949599812184,0,False,,,,
1766470967.300398,0.48848704311600083,0.8146277638604864,0.8625759482383728,0,False,,,,
1766470967.302902,0.48848704311600083,0.8146277638604864,0.8625759482383728,0,False,,,,
1766470967.30721,0.4593258569924231,0.6643810172611225,0.9033592891693115,0,False,,,,
1766470967.665746,0.4593258569924231,0.6643810172611225,0.9033592891693115,0,False,,,,
1766470967.670068,0.6382152381218538,0.5874067360021057,0.0,0,False,,,,
1766470967.672504,0.6382152381218538,0.5874067360021057,0.0,0,False,,,,
1766470967.677047,0.6382152381218538,0.5874067360021057,0.0,0,False,,,,
1766470967.6795928,0.5248448286092852,0.8134711715756077,0.9659814834594727,0,False,,,,
1766470967.895205,0.5248448286092852,0.8134711715756077,0.9659814834594727,0,False,,,,
1766470967.900924,0.5248448286092852,0.8134711715756077,0.9659814834594727,0,False,,,,
1766470967.9036732,0.6382152381218538,0.5874067360021057,0.0,0,False,,,,
1766470967.906074,0.5331388493990527,0.8129910581819969,0.985818088054657,0,False,,,,
1766470967.908513,0.45931728312237824,0.12807339833193443,1.0,2,False,,,,
1766470968.201666,0.45931728312237824,0.12807339833193443,1.0,2,False,,,,
1766470968.2083552,0.4629387549777622,0.13304689229094657,1.0,2,False,,,,
1766470968.21276,0.4629387549777622,0.13304689229094657,1.0,2,False,,,,
1766470968.2170188,0.4629387549777622,0.13304689229094657,1.0,2,False,,,,
1766470968.219421,0.498663349670516,0.16640936814959495,1.0,1,True,0.46094831824302673,0.07944781333208084,0.07350130379199982,0.14206534624099731
1766470968.523537,0.498663349670516,0.16640936814959495,1.0,1,True,0.46094831824302673,0.07944781333208084,0.07350130379199982,0.14206534624099731
1766470968.531301,0.45070903069167756,-0.053303362801719434,0.9014201860649529,1,False,,,,
1766470968.535902,0.45070903069167756,-0.053303362801719434,0.9014201860649529,1,False,,,,
1766470968.538723,0.45070903069167756,-0.053303362801719434,0.9014201860649529,1,False,,,,
1766470968.542022,0.638051920088724,0.5870184797198714,0.0,1,False,,,,
1766470968.797156,0.638051920088724,0.5870184797198714,0.0,1,False,,,,
1766470968.802347,0.638051920088724,0.5870184797198714,0.0,1,False,,,,
1766470968.805175,0.638051920088724,0.5870184797198714,0.0,1,False,,,,
1766470968.808172,0.638051920088724,0.5870184797198714,0.0,1,False,,,,
1766470968.810677,0.638051920088724,0.5870184797198714,0.0,1,False,,,,
1766470969.101527,0.638051920088724,0.5870184797198714,0.0,1,False,,,,
1766470969.106504,0.638051920088724,0.5870184797198714,0.0,1,False,,,,
1766470969.1096818,0.638051920088724,0.5870184797198714,0.0,1,False,,,,
1766470969.112808,0.638051920088724,0.5870184797198714,0.0,1,False,,,,
1766470969.11806,0.48987980053805036,0.019582541690617683,1.0,1,False,,,,
1766470969.3643541,0.4897544421533773,0.0162265995843639,1.0,1,False,,,,
1766470969.369316,0.4897544421533773,0.0162265995843639,1.0,1,False,,,,
1766470969.374331,0.4897544421533773,0.0162265995843639,1.0,1,False,,,,
1766470969.3776839,0.49174651340299597,0.01316255378330733,1.0,1,False,,,,
1766470969.3811011,0.6381935159865448,0.5870553591062672,0.0,1,False,,,,
1766470969.692277,0.6381935159865448,0.5870553591062672,0.0,1,False,,,,
1766470969.697666,0.5000640251773876,0.04934114607548434,1.0,1,False,,,,
1766470969.704142,0.5000640251773876,0.04934114607548434,1.0,1,False,,,,
1766470969.70913,0.5000640251773876,0.04934114607548434,1.0,1,False,,,,
1766470969.7122319,0.5037649842605341,0.053365685156746556,1.0,2,False,,,,
1766470970.03308,0.5043155474874856,0.05370277090956366,1.0,2,False,,,,
1766470970.0384471,0.5043155474874856,0.05370277090956366,1.0,2,False,,,,
1766470970.043917,0.5043155474874856,0.05370277090956366,1.0,2,False,,,,
1766470970.046533,0.5043155474874856,0.05370277090956366,1.0,2,False,,,,
1766470970.049261,0.5016630849363372,0.06093213700852951,1.0,1,False,,,,
1766470970.3094049,0.5016630849363372,0.06093213700852951,1.0,1,False,,,,
1766470970.3139782,0.5016630849363372,0.06093213700852951,1.0,1,False,,,,
1766470970.316544,0.500840477854289,0.06249710443568113,1.0,1,False,,,,
1766470970.319107,0.500840477854289,0.06249710443568113,1.0,1,False,,,,
1766470970.324588,0.5163546119254122,0.06552641370561063,1.0,1,False,,,,
1766470970.5618382,0.5163546119254122,0.06552641370561063,1.0,1,False,,,,
1766470970.567646,0.6381935159865448,0.5870553591062672,0.0,1,False,,,,
1766470970.57098,0.5176422223002424,0.06490832378803635,1.0,1,False,,,,
1766470970.57371,0.5176422223002424,0.06490832378803635,1.0,1,False,,,,
1766470970.578225,0.5182007372548936,0.06738088031404299,1.0,1,False,,,,
1766470970.781866,0.5182007372548936,0.06738088031404299,1.0,1,False,,,,
1766470970.7887108,0.5190480219242462,0.06877055934302279,1.0,1,False,,,,
1766470970.794049,0.5190480219242462,0.06877055934302279,1.0,1,False,,,,
1766470970.7967548,0.5190480219242462,0.06877055934302279,1.0,1,False,,,,
1766470970.799723,0.5152095306769106,0.08783293264073311,1.0,1,False,,,,
1766470971.1710489,0.5152095306769106,0.08783293264073311,1.0,1,False,,,,
1766470971.17564,0.515112173669007,0.08824447580297556,1.0,1,False,,,,
1766470971.1783428,0.515112173669007,0.08824447580297556,1.0,1,False,,,,
1766470971.185038,0.515112173669007,0.08824447580297556,1.0,1,False,,,,
1766470971.187943,0.4944355072622882,0.10904559571410077,1.0,1,False,,,,
1766470971.426176,0.4944355072622882,0.10904559571410077,1.0,1,False,,,,
1766470971.431068,0.4944355072622882,0.10904559571410077,1.0,1,False,,,,
1766470971.435594,0.4944355072622882,0.10904559571410077,1.0,1,False,,,,
1766470971.438262,0.4944355072622882,0.10904559571410077,1.0,1,False,,,,
1766470971.441002,0.5119364618176682,0.10373680267976759,1.0,1,False,,,,
1766470971.799627,0.5119364618176682,0.10373680267976759,1.0,1,False,,,,
1766470971.805675,0.5119364618176682,0.10373680267976759,1.0,1,False,,,,
1766470971.8086789,0.5117333580819713,0.10380772399484028,1.0,1,False,,,,
1766470971.81309,0.5117333580819713,0.10380772399484028,1.0,1,False,,,,
1766470971.818027,0.4855687139146295,0.11038509828882703,1.0,1,False,,,,
1766470972.201302,0.4855687139146295,0.11038509828882703,1.0,1,False,,,,
1766470972.2063308,0.4855687139146295,0.11038509828882703,1.0,1,False,,,,
1766470972.209107,0.48604994348326097,0.11143139367909338,1.0,1,False,,,,
1766470972.2134101,0.48604994348326097,0.11143139367909338,1.0,1,False,,,,
1766470972.216578,0.49289303404207196,0.1093227192782179,1.0,2,False,,,,
1766470972.555379,0.49289303404207196,0.1093227192782179,1.0,2,False,,,,
1766470972.560174,0.4941870130999598,0.10995699020519001,1.0,2,False,,,,
1766470972.5629902,0.4941870130999598,0.10995699020519001,1.0,2,False,,,,
1766470972.565492,0.4941870130999598,0.10995699020519001,1.0,2,False,,,,
1766470972.571135,0.6381935159865448,0.5870553591062672,0.0,1,False,,,,
1766470972.855669,0.6381935159865448,0.5870553591062672,0.0,1,False,,,,
1766470972.861264,0.6381935159865448,0.5870553591062672,0.0,1,False,,,,
1766470972.8643048,0.6381935159865448,0.5870553591062672,0.0,1,False,,,,
1766470972.867048,0.6381935159865448,0.5870553591062672,0.0,1,False,,,,
1766470972.8693929,0.5042988430368087,0.12301424937006011,1.0,1,False,,,,
1766470973.205444,0.5042988430368087,0.12301424937006011,1.0,1,False,,,,
1766470973.211645,0.5042988430368087,0.12301424937006011,1.0,1,False,,,,
1766470973.214234,0.5042988430368087,0.12301424937006011,1.0,1,False,,,,
1766470973.217466,0.5047826072782172,0.12269180061093599,1.0,1,False,,,,
1766470973.221534,0.47453907416556795,0.13190310220271972,1.0,1,False,,,,
1766470973.5399082,0.47453907416556795,0.13190310220271972,1.0,1,False,,,,
1766470973.5468779,0.47453907416556795,0.13190310220271972,1.0,1,False,,,,
1766470973.552481,0.473695067158917,0.1307392055726535,1.0,1,False,,,,
1766470973.5554502,0.473695067158917,0.1307392055726535,1.0,1,False,,,,
1766470973.561105,0.4946580033181777,0.7868241543118242,0.7470298409461975,1,False,,,,
1766470973.819575,0.4725082536545425,0.7656254650407897,0.8319836854934692,1,False,,,,
1766470973.8268192,0.4725082536545425,0.7656254650407897,0.8319836854934692,1,False,,,,
1766470973.831945,0.4725082536545425,0.7656254650407897,0.8319836854934692,1,False,,,,
1766470973.834638,0.4725082536545425,0.7656254650407897,0.8319836854934692,1,False,,,,
1766470973.83708,0.797442720454156,0.4323162600678194,0.8878680467605591,1,False,,,,
1766470974.2825139,0.797442720454156,0.4323162600678194,0.8878680467605591,1,False,,,,
1766470974.2898078,0.6381935159865448,0.5870553591062672,0.0,1,False,,,,
1766470974.292207,0.6381935159865448,0.5870553591062672,0.0,1,False,,,,
1766470974.29668,0.6381935159865448,0.5870553591062672,0.0,1,False,,,,
1766470974.301006,0.6381935159865448,0.5870553591062672,0.0,0,False,,,,
1766470974.5620139,0.6381935159865448,0.5870553591062672,0.0,0,False,,,,
1766470974.567837,0.6381935159865448,0.5870553591062672,0.0,0,False,,,,
1766470974.570097,0.6381935159865448,0.5870553591062672,0.0,0,False,,,,
1766470974.572809,0.6381935159865448,0.5870553591062672,0.0,0,False,,,,
1766470974.5773141,0.573325936953404,1.13589198758352,0.90961092710495,1,False,,,,
1766470974.84812,0.573325936953404,1.13589198758352,0.90961092710495,1,False,,,,
1766470974.855932,0.5755541052504102,1.1098042086643976,0.8873034119606018,1,False,,,,
1766470974.858898,0.6381262644861547,0.5866040605931633,0.0,1,False,,,,
1766470974.861407,0.6381262644861547,0.5866040605931633,0.0,1,False,,,,
1766470974.866287,0.6381262644861547,0.5866040605931633,0.0,1,False,,,,
1766470975.119209,0.6381262644861547,0.5866040605931633,0.0,1,False,,,,
1766470975.124047,0.4953585093873879,1.1077729133539103,0.1618312893576633,1,False,,,,
1766470975.1267378,0.4953585093873879,1.1077729133539103,0.1618312893576633,1,False,,,,
1766470975.129333,0.4953585093873879,1.1077729133539103,0.1618312893576633,1,False,,,,
1766470975.1355882,0.6381262644861547,0.5866040605931633,0.0,1,False,,,,
1766470975.363042,0.6381262644861547,0.5866040605931633,0.0,1,False,,,,
1766470975.370364,0.6381262644861547,0.5866040605931633,0.0,1,False,,,,
1766470975.375633,0.5863564519804357,0.9214348069087398,0.9448942542076111,1,False,,,,
1766470975.378562,0.5836832316182136,0.9307676225420874,0.9435524940490723,1,False,,,,
1766470975.3816252,0.6381262644861547,0.5866040605931633,0.0,1,False,,,,
1766470975.6688,0.6381262644861547,0.5866040605931633,0.0,1,False,,,,
1766470975.675297,0.6381262644861547,0.5866040605931633,0.0,1,False,,,,
1766470975.678047,0.5378790671896468,0.9287418694945037,0.7465059757232666,1,False,,,,
1766470975.6827168,0.5378790671896468,0.9287418694945037,0.7465059757232666,1,False,,,,
1766470975.688571,0.5742161541419306,0.21222667153929375,0.4114463444717477,2,False,,,,
1766470976.0600672,0.5742161541419306,0.21222667153929375,0.4114463444717477,2,False,,,,
1766470976.065771,0.5774194006203572,0.21972417984960102,0.3857626219790481,2,False,,,,
1766470976.0689259,0.5774194006203572,0.21972417984960102,0.3857626219790481,2,False,,,,
1766470976.072942,0.5774194006203572,0.21972417984960102,0.3857626219790481,2,False,,,,
1766470976.0756228,0.64057653398725,0.8185463599533155,0.9474138021469116,1,False,,,,
1766470976.432202,0.6348346897072802,0.8214372155033601,0.9633025527000427,1,False,,,,
1766470976.437515,0.6348346897072802,0.8214372155033601,0.9633025527000427,1,False,,,,
1766470976.442713,0.6348346897072802,0.8214372155033601,0.9633025527000427,1,False,,,,
1766470976.4454489,0.6348346897072802,0.8214372155033601,0.9633025527000427,1,False,,,,
1766470976.448503,0.5781225449620111,0.21979031270485927,0.48209648754041756,1,False,,,,
1766470976.657587,0.5781225449620111,0.21979031270485927,0.48209648754041756,1,False,,,,
1766470976.662636,0.5781225449620111,0.21979031270485927,0.48209648754041756,1,False,,,,
1766470976.665066,0.5781225449620111,0.21979031270485927,0.48209648754041756,1,False,,,,
1766470976.667934,0.5617849995135592,-0.25925730282831383,0.935747749149585,1,False,,,,
1766470976.670552,0.63794355691256,0.5865328136537207,0.0,1,False,,,,
1766470976.907501,0.63794355691256,0.5865328136537207,0.0,1,False,,,,
1766470976.9141152,0.63794355691256,0.5865328136537207,0.0,1,False,,,,
1766470976.916784,0.4872830418741637,0.1052442901261601,1.0,1,False,,,,
1766470976.920005,0.4872830418741637,0.1052442901261601,1.0,1,False,,,,
1766470976.9259,0.4981424792862589,0.06997043432645755,1.0,2,False,,,,
1766470977.2080991,0.49829679709250074,0.06817641104208028,1.0,2,False,,,,
1766470977.215523,0.49829679709250074,0.06817641104208028,1.0,2,False,,,,
1766470977.220347,0.49721232627190826,0.07215058755505299,1.0,2,False,,,,
1766470977.223604,0.49721232627190826,0.07215058755505299,1.0,2,False,,,,
1766470977.226102,0.4995775344391212,0.0628982385758996,1.0,1,False,,,,
1766470977.460809,0.4995775344391212,0.0628982385758996,1.0,1,False,,,,
1766470977.466377,0.4995775344391212,0.0628982385758996,1.0,1,False,,,,
1766470977.469496,0.4995775344391212,0.0628982385758996,1.0,1,False,,,,
1766470977.4724422,0.4994704453346165,0.06004131351409003,1.0,1,False,,,,
1766470977.475093,0.4842016708582963,0.05216378947974021,1.0,1,False,,,,
1766470977.70315,0.4842016708582963,0.05216378947974021,1.0,1,False,,,,
1766470977.710104,0.4838814401611032,0.05385632738278534,1.0,1,False,,,,
1766470977.7157729,0.4838814401611032,0.05385632738278534,1.0,1,False,,,,
1766470977.7185652,0.4838814401611032,0.05385632738278534,1.0,1,False,,,,
1766470977.7240078,0.48726107972760546,0.0805673993054653,1.0,1,False,,,,
1766470978.206462,0.48726107972760546,0.0805673993054653,1.0,1,False,,,,
1766470978.213158,0.48669581371154563,0.07988265705747899,1.0,1,False,,,,
1766470978.218969,0.48669581371154563,0.07988265705747899,1.0,1,False,,,,
1766470978.221792,0.48669581371154563,0.07988265705747899,1.0,1,False,,,,
1766470978.2249758,0.5196071762416813,0.07512822934074093,1.0,1,False,,,,
1766470978.4846668,0.5196071762416813,0.07512822934074093,1.0,1,False,,,,
1766470978.489783,0.5196071762416813,0.07512822934074093,1.0,1,False,,,,
1766470978.493355,0.5040681352680926,0.07970948089205487,1.0,1,False,,,,
1766470978.495733,0.5040681352680926,0.07970948089205487,1.0,1,False,,,,
1766470978.4981608,0.520413555263728,0.08997193284600002,1.0,1,False,,,,
1766470978.7528708,0.520413555263728,0.08997193284600002,1.0,1,False,,,,
1766470978.757934,0.520413555263728,0.08997193284600002,1.0,1,False,,,,
1766470978.760739,0.5320184137314112,0.09501225670004887,1.0,1,False,,,,
1766470978.763496,0.5320184137314112,0.09501225670004887,1.0,1,False,,,,
1766470978.765745,0.5066382448933985,0.11319315942102892,1.0,1,False,,,,
1766470979.255817,0.5071362906916803,0.11611121474371633,1.0,1,False,,,,
1766470979.2625248,0.5071362906916803,0.11611121474371633,1.0,1,False,,,,
1766470979.265475,0.5078036242961365,0.11861501481698467,1.0,1,False,,,,
1766470979.268061,0.5078036242961365,0.11861501481698467,1.0,1,False,,,,
1766470979.27311,0.6379535416433422,0.5865801307800829,0.0,1,False,,,,
1766470979.538574,0.6379535416433422,0.5865801307800829,0.0,1,False,,,,
1766470979.5434082,0.6379535416433422,0.5865801307800829,0.0,1,False,,,,
1766470979.546379,0.6379535416433422,0.5865801307800829,0.0,1,False,,,,
1766470979.55282,0.5211045366392306,0.11107706167071463,1.0,1,False,,,,
1766470979.558377,0.556229835805653,0.3328540193942173,1.0,1,True,0.5004376173019409,0.2269972413778305,0.08007850497961044,0.14771652221679688
1766470979.7822568,0.556229835805653,0.3328540193942173,1.0,1,True,0.5004376173019409,0.2269972413778305,0.08007850497961044,0.14771652221679688
1766470979.7890491,0.5559028363761663,0.33035858171864074,1.0,1,True,0.5004376173019409,0.2269972413778305,0.08007850497961044,0.14771652221679688
1766470979.7946398,0.5559028363761663,0.33035858171864074,1.0,1,True,0.5004376173019409,0.2269972413778305,0.08007850497961044,0.14771652221679688
1766470979.7972531,0.5559028363761663,0.33035858171864074,1.0,1,True,0.5004376173019409,0.2269972413778305,0.08007850497961044,0.14771652221679688
1766470979.8,0.6379535416433422,0.5865801307800829,0.0,1,False,,,,
1766470980.098977,0.6379535416433422,0.5865801307800829,0.0,1,False,,,,
1766470980.104548,0.4766105496395558,0.08519386457342071,1.0,1,False,,,,
1766470980.1098418,0.4766105496395558,0.08519386457342071,1.0,1,False,,,,
1766470980.112813,0.4766105496395558,0.08519386457342071,1.0,1,False,,,,
1766470980.115154,0.6379535416433422,0.5865801307800829,0.0,1,False,,,,
1766470980.348835,0.6379535416433422,0.5865801307800829,0.0,1,False,,,,
1766470980.354761,0.6379535416433422,0.5865801307800829,0.0,1,False,,,,
1766470980.358154,0.6379535416433422,0.5865801307800829,0.0,1,False,,,,
1766470980.363092,0.6379535416433422,0.5865801307800829,0.0,1,False,,,,
1766470980.365817,0.5074820157926381,0.11324944551681837,1.0,1,False,,,,
1766470980.652784,0.5067423957944379,0.11264144471941695,1.0,1,False,,,,
1766470980.6579142,0.5067423957944379,0.11264144471941695,1.0,1,False,,,,
1766470980.662981,0.5067423957944379,0.11264144471941695,1.0,1,False,,,,
1766470980.6660779,0.5067423957944379,0.11264144471941695,1.0,1,False,,,,
1766470980.669055,0.637939037416434,0.5865493432395353,0.0,1,False,,,,
1766470981.0581398,0.5194303606612707,0.09663006643936456,1.0,1,False,,,,
1766470981.0638442,0.5194303606612707,0.09663006643936456,1.0,1,False,,,,
1766470981.068964,0.5194303606612707,0.09663006643936456,1.0,1,False,,,,
1766470981.07144,0.5196177895551483,0.09426146651972844,1.0,1,False,,,,
1766470981.0736818,0.3995023215274583,-0.1483263489584239,0.995,1,False,,,,
1766470981.3416362,0.5457430312472641,0.16451823974785895,0.12266954073975196,1,False,,,,
1766470981.346745,0.5457430312472641,0.16451823974785895,0.12266954073975196,1,False,,,,
1766470981.352267,0.5457430312472641,0.16451823974785895,0.12266954073975196,1,False,,,,
1766470981.355364,0.532936742049885,0.14524214223731813,0.14035692258687477,1,False,,,,
1766470981.358161,0.4988551206952705,0.11529873074014885,1.0,1,False,,,,
1766470981.657651,0.4988551206952705,0.11529873074014885,1.0,1,False,,,,
1766470981.662955,0.4987479227819766,0.11593346520792991,1.0,1,False,,,,
1766470981.665874,0.4987479227819766,0.11593346520792991,1.0,1,False,,,,
1766470981.670751,0.4987479227819766,0.11593346520792991,1.0,1,False,,,,
1766470981.675337,0.4908991748911899,0.09900032995645225,1.0,1,False,,,,
1766470981.9493299,0.4908991748911899,0.09900032995645225,1.0,1,False,,,,
1766470981.955822,0.4908991748911899,0.09900032995645225,1.0,1,False,,,,
1766470981.959101,0.4908991748911899,0.09900032995645225,1.0,1,False,,,,
1766470981.961893,0.4902505910084532,0.09913087551312394,1.0,1,False,,,,
1766470981.9644659,0.49050758750140044,0.09204833177882177,1.0,1,False,,,,
1766470982.2496,0.49081518267967705,0.09374138511051289,1.0,1,False,,,,
1766470982.2564712,0.49081518267967705,0.09374138511051289,1.0,1,False,,,,
1766470982.2595782,0.49081518267967705,0.09374138511051289,1.0,1,False,,,,
1766470982.262232,0.49081518267967705,0.09374138511051289,1.0,1,False,,,,
1766470982.264736,0.4881191757631614,0.09884991500169205,1.0,1,False,,,,
1766470982.519255,0.4881191757631614,0.09884991500169205,1.0,1,False,,,,
1766470982.523872,0.4881191757631614,0.09884991500169205,1.0,1,False,,,,
1766470982.526135,0.4881191757631614,0.09884991500169205,1.0,1,False,,,,
1766470982.5287192,0.4881191757631614,0.09884991500169205,1.0,1,False,,,,
1766470982.531501,0.4887544365141995,0.09620848639275892,1.0,1,False,,,,
1766470982.7938108,0.4887544365141995,0.09620848639275892,1.0,1,False,,,,
1766470982.799139,0.48976720259926276,0.0943810016869604,1.0,1,False,,,,
1766470982.8021078,0.48950080432911297,0.09277855480216557,1.0,1,False,,,,
1766470982.805312,0.48950080432911297,0.09277855480216557,1.0,1,False,,,,
1766470982.8098922,0.5443853084972431,0.15938280957339113,0.17125350164471548,1,True,0.4936193823814392,0.17032326757907867,0.0746091827750206,0.14546483755111694
1766470983.167781,0.5143635619580434,0.09598232924483241,1.0,1,False,,,,
1766470983.173223,0.5443952778074497,0.15932739548373942,0.20253264728128015,1,True,0.4936193823814392,0.17032326757907867,0.0746091827750206,0.14546483755111694
1766470983.178206,0.5443952778074497,0.15932739548373942,0.20253264728128015,1,True,0.4936193823814392,0.17032326757907867,0.0746091827750206,0.14546483755111694
1766470983.182791,0.5159088449895216,0.09628515063046794,1.0,1,False,,,,
1766470983.185614,0.5362707095311381,0.14120435501869688,0.252319022379532,1,False,,,,
1766470983.642074,0.5362707095311381,0.14120435501869688,0.252319022379532,1,False,,,,
1766470983.647629,0.5362707095311381,0.14120435501869688,0.252319022379532,1,False,,,,
1766470983.6508229,0.5362707095311381,0.14120435501869688,0.252319022379532,1,False,,,,
1766470983.6535969,0.5319924840242567,0.13412885169326794,0.185289088105517,1,False,,,,
1766470983.656213,0.5058506105940277,0.1091546451209876,1.0,1,False,,,,
1766470983.91257,0.5058506105940277,0.1091546451209876,1.0,1,False,,,,
1766470983.917865,0.5058506105940277,0.1091546451209876,1.0,1,False,,,,
1766470983.921188,0.5057926101170248,0.11069133848016088,1.0,1,False,,,,
1766470983.923667,0.5057926101170248,0.11069133848016088,1.0,1,False,,,,
1766470983.926371,0.5079243052064458,0.11215953885452168,1.0,1,False,,,,
1766470984.160185,0.5080132120430099,0.10948476290982367,1.0,1,False,,,,
1766470984.165899,0.5080132120430099,0.10948476290982367,1.0,1,False,,,,
1766470984.171134,0.5080132120430099,0.10948476290982367,1.0,1,False,,,,
1766470984.17398,0.5067645871681585,0.11092641702574513,1.0,1,False,,,,
1766470984.1764858,0.49662859749766086,0.09551029190319649,1.0,1,False,,,,
1766470984.6019,0.49662859749766086,0.09551029190319649,1.0,1,False,,,,
1766470984.60755,0.49662859749766086,0.09551029190319649,1.0,1,False,,,,
1766470984.61048,0.4987713184948899,0.09235032191505577,1.0,1,False,,,,
1766470984.613108,0.4987713184948899,0.09235032191505577,1.0,1,False,,,,
1766470984.618687,0.5005351563964331,0.09138605486050444,1.0,1,False,,,,
1766470984.870294,0.5005351563964331,0.09138605486050444,1.0,1,False,,,,
1766470984.875434,0.5005351563964331,0.09138605486050444,1.0,1,False,,,,
1766470984.880935,0.5394678620789363,0.14612495784371116,0.23965802238705444,1,False,,,,
1766470984.883637,0.5394678620789363,0.14612495784371116,0.23965802238705444,1,False,,,,
1766470984.888778,0.4972722659485716,0.08879768222990936,1.0,1,False,,,,
1766470985.118505,0.4972722659485716,0.08879768222990936,1.0,1,False,,,,
1766470985.123729,0.4972722659485716,0.08879768222990936,1.0,1,False,,,,
1766470985.1263921,0.4972722659485716,0.08879768222990936,1.0,1,False,,,,
1766470985.128878,0.5482930990245852,0.15341685657691695,0.07096876822620504,1,False,,,,
1766470985.132203,0.49243223533929525,0.06559400034546847,1.0,1,False,,,,
1766470985.389518,0.49243223533929525,0.06559400034546847,1.0,1,False,,,,
1766470985.394785,0.49243223533929525,0.06559400034546847,1.0,1,False,,,,
1766470985.398724,0.49089090070170077,0.06436784436336962,1.0,1,False,,,,
1766470985.401366,0.49089090070170077,0.06436784436336962,1.0,1,False,,,,
1766470985.4071512,0.48475712727131387,0.08423865210823112,1.0,1,False,,,,
1766470985.6574771,0.48475712727131387,0.08423865210823112,1.0,1,False,,,,
1766470985.662832,0.48475712727131387,0.08423865210823112,1.0,1,False,,,,
1766470985.665749,0.48445792623368134,0.08629014919142397,1.0,1,False,,,,
1766470985.668277,0.48445792623368134,0.08629014919142397,1.0,1,False,,,,
1766470985.6715488,0.487801770420902,0.09270896280055119,1.0,1,False,,,,
1766470985.955161,0.487801770420902,0.09270896280055119,1.0,1,False,,,,
1766470985.9603488,0.487801770420902,0.09270896280055119,1.0,1,False,,,,
1766470985.9635699,0.487801770420902,0.09270896280055119,1.0,1,False,,,,
1766470985.9665122,0.4874500703807045,0.09339086318490208,1.0,1,False,,,,
1766470985.969392,0.4851207267308052,0.0893760188556747,1.0,1,False,,,,
1766470986.2080781,0.4851207267308052,0.0893760188556747,1.0,1,False,,,,
1766470986.214158,0.4851207267308052,0.0893760188556747,1.0,1,False,,,,
1766470986.216924,0.4851207267308052,0.0893760188556747,1.0,1,False,,,,
1766470986.2200608,0.5484044115626798,0.15461538901981964,0.18657395458981194,1,False,,,,
1766470986.222681,0.5487788810354391,0.1547315134168732,0.1732445301763643,2,False,,,,
1766470986.4875898,0.5487999767294098,0.1547354855677161,0.16244842755762445,2,False,,,,
1766470986.492801,0.5487999767294098,0.1547354855677161,0.16244842755762445,2,False,,,,
1766470986.498272,0.5487999767294098,0.1547354855677161,0.16244842755762445,2,False,,,,
1766470986.5009742,0.5487999767294098,0.1547354855677161,0.16244842755762445,2,False,,,,
1766470986.503754,0.5174493611017392,0.08052292912991732,1.0,1,False,,,,
1766470986.726314,0.5174493611017392,0.08052292912991732,1.0,1,False,,,,
1766470986.731863,0.5174493611017392,0.08052292912991732,1.0,1,False,,,,
1766470986.7346811,0.5174493611017392,0.08052292912991732,1.0,1,False,,,,
1766470986.7397618,0.5176599298060343,0.07973886687932186,1.0,1,False,,,,
1766470986.742135,0.5466893461348286,0.15095518339676495,0.14314896769516555,1,True,0.48732200264930725,0.12108004093170166,0.07358236610889435,0.14486552774906158
1766470986.956691,0.5474898397460046,0.15359245286555645,0.24378180997305937,1,True,0.48732200264930725,0.12108004093170166,0.07358236610889435,0.14486552774906158
1766470986.962135,0.5474898397460046,0.15359245286555645,0.24378180997305937,1,True,0.48732200264930725,0.12108004093170166,0.07358236610889435,0.14486552774906158
1766470986.967194,0.5474898397460046,0.15359245286555645,0.24378180997305937,1,True,0.48732200264930725,0.12108004093170166,0.07358236610889435,0.14486552774906158
1766470986.970196,0.5474898397460046,0.15359245286555645,0.24378180997305937,1,True,0.48732200264930725,0.12108004093170166,0.07358236610889435,0.14486552774906158
1766470986.9725199,0.5252620638666424,0.07815508065921573,1.0,1,False,,,,
1766470987.247587,0.5252712427739502,0.077336894222229,1.0,1,False,,,,
1766470987.2534451,0.5252712427739502,0.077336894222229,1.0,1,False,,,,
1766470987.258378,0.5252712427739502,0.077336894222229,1.0,1,False,,,,
1766470987.261599,0.5257519702945104,0.07636057771712779,1.0,1,False,,,,
1766470987.264551,0.4949088037025712,0.08811810184239088,1.0,1,False,,,,
1766470987.5081542,0.4949088037025712,0.08811810184239088,1.0,1,False,,,,
1766470987.513938,0.49602779867879543,0.08837769985175514,1.0,1,False,,,,
1766470987.516639,0.49602779867879543,0.08837769985175514,1.0,1,False,,,,
1766470987.521455,0.49602779867879543,0.08837769985175514,1.0,1,False,,,,
1766470987.524662,0.4952920306679672,0.09646390962013984,1.0,1,False,,,,
1766470987.737626,0.4952920306679672,0.09646390962013984,1.0,1,False,,,,
1766470987.74325,0.49521593384544865,0.09659295726327921,1.0,1,False,,,,
1766470987.7475681,0.4952337613394414,0.09881167674411362,1.0,1,False,,,,
1766470987.7509172,0.4952337613394414,0.09881167674411362,1.0,1,False,,,,
1766470987.7563589,0.5040607074699084,0.09709648729700204,1.0,1,False,,,,
1766470988.044759,0.5040607074699084,0.09709648729700204,1.0,1,False,,,,
1766470988.0502021,0.4904836779586491,0.10396743244634998,1.0,1,False,,,,
1766470988.055553,0.4904836779586491,0.10396743244634998,1.0,1,False,,,,
1766470988.060599,0.4904836779586491,0.10396743244634998,1.0,1,False,,,,
1766470988.0637639,0.550797101312815,0.15785958757526308,0.1876860861309089,1,True,0.4855424761772156,0.14913643896579742,0.07094822078943253,0.14238010346889496
1766470988.297719,0.550797101312815,0.15785958757526308,0.1876860861309089,1,True,0.4855424761772156,0.14913643896579742,0.07094822078943253,0.14238010346889496
1766470988.303725,0.47682155654383707,0.13529507184056666,1.0,1,False,,,,
1766470988.3071098,0.47682155654383707,0.13529507184056666,1.0,1,False,,,,
1766470988.3128488,0.47682155654383707,0.13529507184056666,1.0,1,False,,,,
1766470988.3159838,0.4564569584092297,0.12424918727907142,1.0,1,False,,,,
1766470988.6283479,0.4564569584092297,0.12424918727907142,1.0,1,False,,,,
1766470988.6340742,0.46520855759416146,0.1387089897692374,1.0,1,False,,,,
1766470988.6378932,0.46520855759416146,0.1387089897692374,1.0,1,False,,,,
1766470988.644119,0.46520855759416146,0.1387089897692374,1.0,1,False,,,,
1766470988.6488352,0.42951366545036135,0.4173006500400741,0.3871716227057393,1,False,,,,
1766470988.8750389,0.42951366545036135,0.4173006500400741,0.3871716227057393,1,False,,,,
1766470988.881387,0.42951366545036135,0.4173006500400741,0.3871716227057393,1,False,,,,
1766470988.884089,0.42951366545036135,0.4173006500400741,0.3871716227057393,1,False,,,,
1766470988.887403,0.42196681094605254,0.42045451991140936,0.16513771820115475,1,False,,,,
1766470988.890805,0.21647649974663707,1.0370539424192553,0.9214082487919046,1,False,,,,
1766470989.100447,0.21647649974663707,1.0370539424192553,0.9214082487919046,1,False,,,,
1766470989.1070879,0.5353098833155994,0.1272915190878423,0.2029740397141319,1,True,0.5021452903747559,0.10640466213226318,0.06962452083826065,0.14108945429325104
1766470989.110244,0.5353098833155994,0.1272915190878423,0.2029740397141319,1,True,0.5021452903747559,0.10640466213226318,0.06962452083826065,0.14108945429325104
1766470989.113898,0.5353098833155994,0.1272915190878423,0.2029740397141319,1,True,0.5021452903747559,0.10640466213226318,0.06962452083826065,0.14108945429325104
1766470989.120667,0.5455738592726966,0.14615596578672252,0.2066047372920056,1,True,0.5409883260726929,0.0036966323386877775,0.07182817161083221,0.13032816350460052
1766470989.4393249,0.559108968958273,0.730549498065262,0.9631840586662292,1,False,,,,
1766470989.445724,0.559108968958273,0.730549498065262,0.9631840586662292,1,False,,,,
1766470989.450409,0.559108968958273,0.730549498065262,0.9631840586662292,1,False,,,,
1766470989.4535182,0.559108968958273,0.730549498065262,0.9631840586662292,1,False,,,,
1766470989.4560509,0.5454490373622431,0.14776949230481762,0.09112917001761232,1,False,,,,
1766470989.7395241,0.5454490373622431,0.14776949230481762,0.09112917001761232,1,False,,,,
1766470989.745257,0.5345198492589166,0.6719077473038949,1.0,1,False,,,,
1766470989.748744,0.5345198492589166,0.6719077473038949,1.0,1,False,,,,
1766470989.752942,0.5345198492589166,0.6719077473038949,1.0,1,False,,,,
1766470989.755383,0.7529813610412859,0.9236937933953954,0.8704215574064559,1,False,,,,
1766470990.017727,0.7529813610412859,0.9236937933953954,0.8704215574064559,1,False,,,,
1766470990.0228622,0.7529813610412859,0.9236937933953954,0.8704215574064559,1,False,,,,
1766470990.025954,0.549086420231027,0.1778046299578241,0.29331489864973426,1,False,,,,
1766470990.031602,0.549086420231027,0.1778046299578241,0.29331489864973426,1,False,,,,
1766470990.03827,0.5458752373004012,0.17488736669994376,0.26390295743015846,1,True,0.5000202059745789,0.01943494938313961,0.07848434150218964,0.14251743257045746
1766470990.252361,0.5458752373004012,0.17488736669994376,0.26390295743015846,1,True,0.5000202059745789,0.01943494938313961,0.07848434150218964,0.14251743257045746
1766470990.2575538,0.5458752373004012,0.17488736669994376,0.26390295743015846,1,True,0.5000202059745789,0.01943494938313961,0.07848434150218964,0.14251743257045746
1766470990.260706,0.5458752373004012,0.17488736669994376,0.26390295743015846,1,True,0.5000202059745789,0.01943494938313961,0.07848434150218964,0.14251743257045746
1766470990.2637491,0.8450313472622376,0.9325377001539519,0.8680361411572288,1,False,,,,
1766470990.267253,0.7982340528226397,0.5445978147944841,0.869894334819369,1,False,,,,
1766470990.508874,0.7982340528226397,0.5445978147944841,0.869894334819369,1,False,,,,
1766470990.514389,0.8229054913241519,0.5118167539081715,0.9077192472646147,1,False,,,,
1766470990.517586,0.8229054913241519,0.5118167539081715,0.9077192472646147,1,False,,,,
1766470990.520245,0.8229054913241519,0.5118167539081715,0.9077192472646147,1,False,,,,
1766470990.52548,0.5444901955573196,0.17473950392939175,0.38065171791653307,1,True,0.5061191916465759,0.032313283532857895,0.08003301918506622,0.1411912739276886
1766470990.836838,0.5444901955573196,0.17473950392939175,0.38065171791653307,1,True,0.5061191916465759,0.032313283532857895,0.08003301918506622,0.1411912739276886
1766470990.842101,0.5444901955573196,0.17473950392939175,0.38065171791653307,1,True,0.5061191916465759,0.032313283532857895,0.08003301918506622,0.1411912739276886
1766470990.8447309,0.5444901955573196,0.17473950392939175,0.38065171791653307,1,True,0.5061191916465759,0.032313283532857895,0.08003301918506622,0.1411912739276886
1766470990.847879,0.5489449679372607,0.1828125991704187,0.3565761750353426,1,True,0.5061191916465759,0.032313283532857895,0.08003301918506622,0.1411912739276886
1766470990.85123,0.6380265912828068,0.5870292534841391,0.0,1,False,,,,
1766470991.079906,0.6380265912828068,0.5870292534841391,0.0,1,False,,,,
1766470991.0853372,0.6380265912828068,0.5870292534841391,0.0,1,False,,,,
1766470991.088213,0.6380265912828068,0.5870292534841391,0.0,1,False,,,,
1766470991.093622,0.6380265912828068,0.5870292534841391,0.0,1,False,,,,
1766470991.096061,0.5007256764406001,0.8542332474055562,0.8844907283782959,1,False,,,,
1766470991.3031309,0.5007256764406001,0.8542332474055562,0.8844907283782959,1,False,,,,
1766470991.308169,0.5007256764406001,0.8542332474055562,0.8844907283782959,1,False,,,,
1766470991.3126998,0.5007256764406001,0.8542332474055562,0.8844907283782959,1,False,,,,
1766470991.3151538,0.5007256764406001,0.8542332474055562,0.8844907283782959,1,False,,,,
1766470991.3181162,0.5877953704935012,0.8234310883902562,1.0,1,False,,,,
1766470992.3011599,0.5877953704935012,0.8234310883902562,1.0,1,False,,,,
1766470992.3068001,0.5864239474124322,0.821905596353743,1.0,1,False,,,,
1766470992.3104599,0.5821958070964436,0.8214070492338807,0.9628463387489319,1,False,,,,
1766470992.3129568,0.5821958070964436,0.8214070492338807,0.9628463387489319,1,False,,,,
1766470992.317714,0.4553224030509341,1.1462719704485318,0.9740429174900055,1,False,,,,
1766470992.552407,0.4553224030509341,1.1462719704485318,0.9740429174900055,1,False,,,,
1766470992.557083,0.4553224030509341,1.1462719704485318,0.9740429174900055,1,False,,,,
1766470992.559943,0.5995797815364408,0.4582656175337835,0.31986401097219264,1,False,,,,
1766470992.56273,0.5995797815364408,0.4582656175337835,0.31986401097219264,1,False,,,,
1766470992.567232,0.6381154697707215,0.5868267993852365,0.0,1,False,,,,
1766470993.55927,0.6381154697707215,0.5868267993852365,0.0,1,False,,,,
1766470993.566846,0.4727148277107003,0.17110042529201075,1.0,1,False,,,,
1766470993.5697348,0.4727148277107003,0.17110042529201075,1.0,1,False,,,,
1766470993.574789,0.4727148277107003,0.17110042529201075,1.0,1,False,,,,
1766470993.5779,0.47852973589816045,0.16123921021588683,1.0,1,False,,,,
1766470993.84394,0.47852973589816045,0.16123921021588683,1.0,1,False,,,,
1766470993.8498518,0.48086869935578436,0.16177882252016684,1.0,1,False,,,,
1766470993.852959,0.48086869935578436,0.16177882252016684,1.0,1,False,,,,
1766470993.858089,0.48086869935578436,0.16177882252016684,1.0,1,False,,,,
1766470993.8612852,0.48002354568094735,0.16075720643010394,0.8661965801665625,2,False,,,,
1766470994.222079,0.48002354568094735,0.16075720643010394,0.8661965801665625,2,False,,,,
1766470994.226635,0.48002354568094735,0.16075720643010394,0.8661965801665625,2,False,,,,
1766470994.232378,0.6381154697707215,0.5868267993852365,0.0,2,False,,,,
1766470994.2366168,0.6381154697707215,0.5868267993852365,0.0,2,False,,,,
1766470994.2404659,0.45403394626141147,0.126210717136927,1.0,2,False,,,,
1766470994.591443,0.45403394626141147,0.126210717136927,1.0,2,False,,,,
1766470994.597656,0.45403394626141147,0.126210717136927,1.0,2,False,,,,
1766470994.600519,0.45403394626141147,0.126210717136927,1.0,2,False,,,,
1766470994.6032481,0.45403394626141147,0.126210717136927,1.0,2,False,,,,
1766470994.6059232,0.4739036162232321,0.13376107220384215,1.0,1,False,,,,
1766470994.9184709,0.4739036162232321,0.13376107220384215,1.0,1,False,,,,
1766470994.924608,0.6381154697707215,0.5868267993852365,0.0,1,False,,,,
1766470994.927845,0.6381154697707215,0.5868267993852365,0.0,1,False,,,,
1766470994.932304,0.6381154697707215,0.5868267993852365,0.0,1,False,,,,
1766470994.934942,0.5204936141239772,0.7681059087652099,0.9751520752906799,1,False,,,,
1766470995.564461,0.5204936141239772,0.7681059087652099,0.9751520752906799,1,False,,,,
1766470995.572299,0.5204936141239772,0.7681059087652099,0.9751520752906799,1,False,,,,
1766470995.574754,0.5204936141239772,0.7681059087652099,0.9751520752906799,1,False,,,,
1766470995.577169,0.5288452584757978,0.7606726070695246,1.0,1,False,,,,
1766470995.580498,0.7594399469453345,0.5284022413319359,0.8738494960339507,1,False,,,,
1766470995.883203,0.7594399469453345,0.5284022413319359,0.8738494960339507,1,False,,,,
1766470995.8894238,0.7594399469453345,0.5284022413319359,0.8738494960339507,1,False,,,,
1766470995.8920262,0.7594399469453345,0.5284022413319359,0.8738494960339507,1,False,,,,
1766470995.8949099,0.5487795475209163,0.344844221801784,0.5455615142100009,1,False,,,,
1766470995.897883,0.637945547479658,0.5860808727885863,0.0,1,False,,,,
1766470996.245588,0.03204210422149885,0.16367314309492365,0.995,1,False,,,,
1766470996.251279,0.03204210422149885,0.16367314309492365,0.995,1,False,,,,
1766470996.25601,0.03204210422149885,0.16367314309492365,0.995,1,False,,,,
1766470996.258789,0.03204210422149885,0.16367314309492365,0.995,1,False,,,,
1766470996.262084,0.4790123894518426,0.135633707052085,1.0,1,False,,,,
1766470996.589499,0.4790123894518426,0.135633707052085,1.0,1,False,,,,
1766470996.5969799,0.47960278769953807,0.1342744049855179,1.0,1,False,,,,
1766470996.5997288,0.4788143115030426,0.1308951952625449,1.0,1,False,,,,
1766470996.602719,0.4788143115030426,0.1308951952625449,1.0,1,False,,,,
1766470996.609051,0.4651828322531597,0.17946947915363554,1.0,1,False,,,,
1766470996.885382,0.4651828322531597,0.17946947915363554,1.0,1,False,,,,
1766470996.8911731,0.4651828322531597,0.17946947915363554,1.0,1,False,,,,
1766470996.8961868,0.4651828322531597,0.17946947915363554,1.0,1,False,,,,
1766470996.899626,0.46673054389005575,0.18197520187450833,1.0,1,False,,,,
1766470996.902154,0.6378815284607479,0.5860375620065754,0.0,1,False,,,,
1766470997.11519,0.6378815284607479,0.5860375620065754,0.0,1,False,,,,
1766470997.1209059,0.4771332894311797,0.17498487504265914,1.0,1,False,,,,
1766470997.124133,0.4771332894311797,0.17498487504265914,1.0,1,False,,,,
1766470997.130646,0.4771332894311797,0.17498487504265914,1.0,1,False,,,,
1766470997.133676,0.36791028898833245,0.5302618797698604,0.99,1,False,,,,
1766470997.3613398,0.36791028898833245,0.5302618797698604,0.99,1,False,,,,
1766470997.36781,0.36791028898833245,0.5302618797698604,0.99,1,False,,,,
1766470997.371239,0.37325249157599383,0.7723429418487259,0.99,1,False,,,,
1766470997.3741791,0.37325249157599383,0.7723429418487259,0.99,1,False,,,,
1766470997.3784692,0.12743298200176803,1.149565287047748,0.814153790473938,1,False,,,,
1766470997.581596,0.12743298200176803,1.149565287047748,0.814153790473938,1,False,,,,
1766470997.5894752,0.6378815284607479,0.5860375620065754,0.0,1,False,,,,
1766470997.592103,0.6378815284607479,0.5860375620065754,0.0,1,False,,,,
1766470997.5976279,0.6378815284607479,0.5860375620065754,0.0,1,False,,,,
1766470997.600855,0.6378815284607479,0.5860375620065754,0.0,2,False,,,,
1766470997.8804102,0.6378815284607479,0.5860375620065754,0.0,2,False,,,,
1766470997.8875809,0.6378815284607479,0.5860375620065754,0.0,2,False,,,,
1766470997.89049,0.5724563924960788,0.6868519207235657,1.0,2,False,,,,
1766470997.8933609,0.5724563924960788,0.6868519207235657,1.0,2,False,,,,
1766470997.895541,0.6378815284607479,0.5860375620065754,0.0,1,False,,,,
1766470998.114458,0.6378815284607479,0.5860375620065754,0.0,1,False,,,,
1766470998.1188722,0.6378815284607479,0.5860375620065754,0.0,1,False,,,,
1766470998.121832,0.6378815284607479,0.5860375620065754,0.0,1,False,,,,
1766470998.124695,0.6378815284607479,0.5860375620065754,0.0,1,False,,,,
1766470998.1284428,0.5285126441860778,0.5905987225131192,1.0,0,False,,,,
1766470998.330113,0.5285126441860778,0.5905987225131192,1.0,0,False,,,,
1766470998.335252,0.5285126441860778,0.5905987225131192,1.0,0,False,,,,
1766470998.33773,0.5285126441860778,0.5905987225131192,1.0,0,False,,,,
1766470998.34026,0.5285126441860778,0.5905987225131192,1.0,0,False,,,,
1766470998.3439832,0.5888495586187077,0.7213991526558173,0.8828514899365332,1,False,,,,
1766470998.5663948,0.5888495586187077,0.7213991526558173,0.8828514899365332,1,False,,,,
1766470998.5708742,0.5888495586187077,0.7213991526558173,0.8828514899365332,1,False,,,,
1766470998.573639,0.5888495586187077,0.7213991526558173,0.8828514899365332,1,False,,,,
1766470998.580566,0.6378815284607479,0.5860375620065754,0.0,1,False,,,,
1766470998.585891,0.6378815284607479,0.5860375620065754,0.0,1,False,,,,
1766470998.82831,0.6378815284607479,0.5860375620065754,0.0,1,False,,,,
1766470998.83366,0.6378815284607479,0.5860375620065754,0.0,1,False,,,,
1766470998.838015,0.6378815284607479,0.5860375620065754,0.0,1,False,,,,
1766470998.8407738,0.6378815284607479,0.5860375620065754,0.0,1,False,,,,
1766470998.843872,0.6378815284607479,0.5860375620065754,0.0,2,False,,,,
1766470999.229856,0.6378815284607479,0.5860375620065754,0.0,2,False,,,,
1766470999.235175,0.5511846550816899,0.6967195747985765,1.0,2,False,,,,
1766470999.23888,0.5511846550816899,0.6967195747985765,1.0,2,False,,,,
1766470999.2432342,0.5511846550816899,0.6967195747985765,1.0,2,False,,,,
1766470999.246092,0.6378815284607479,0.5860375620065754,0.0,2,False,,,,
1766470999.7063239,0.6378815284607479,0.5860375620065754,0.0,2,False,,,,
1766470999.714462,0.6378815284607479,0.5860375620065754,0.0,2,False,,,,
1766470999.717043,0.6378815284607479,0.5860375620065754,0.0,2,False,,,,
1766470999.719717,0.6378815284607479,0.5860375620065754,0.0,2,False,,,,
1766470999.724671,0.48145146144104245,0.17867938717234422,1.0,2,False,,,,
1766471000.0731032,0.48145146144104245,0.17867938717234422,1.0,2,False,,,,
1766471000.080499,0.48145146144104245,0.17867938717234422,1.0,2,False,,,,
1766471000.083922,0.4805767235530777,0.1847109845774748,1.0,2,False,,,,
1766471000.086805,0.4805767235530777,0.1847109845774748,1.0,2,False,,,,
1766471000.089504,0.557290754079663,-0.12138441957063972,0.8780909235733707,2,False,,,,
1766471000.485004,0.557290754079663,-0.12138441957063972,0.8780909235733707,2,False,,,,
1766471000.490819,0.6378815284607479,0.5860375620065754,0.0,2,False,,,,
1766471000.49584,0.6378815284607479,0.5860375620065754,0.0,2,False,,,,
1766471000.50096,0.6378815284607479,0.5860375620065754,0.0,2,False,,,,
1766471000.504246,0.46515813326888883,0.16112402286331284,1.0,2,False,,,,
1766471000.848752,0.46515813326888883,0.16112402286331284,1.0,2,False,,,,
1766471000.8542871,0.46515813326888883,0.16112402286331284,1.0,2,False,,,,
1766471000.857579,0.465450875606291,0.16118192943038923,1.0,2,False,,,,
1766471000.8615732,0.465450875606291,0.16118192943038923,1.0,2,False,,,,
1766471000.867637,0.5104822448703059,0.1585357349042782,1.0,2,False,,,,
1766471001.2299252,0.5104822448703059,0.1585357349042782,1.0,2,False,,,,
1766471001.23508,0.5104822448703059,0.1585357349042782,1.0,2,False,,,,
1766471001.2389781,0.5099620513688838,0.15829317428646905,1.0,2,False,,,,
1766471001.241827,0.511449561711896,0.15802709082414035,1.0,2,False,,,,
1766471001.2479,0.48727626015727765,0.15195230267295257,1.0,2,False,,,,
1766471001.612288,0.48709330912329146,0.15041794331323888,1.0,2,False,,,,
1766471001.617536,0.48709330912329146,0.15041794331323888,1.0,2,False,,,,
1766471001.62066,0.48709330912329146,0.15041794331323888,1.0,2,False,,,,
1766471001.6232052,0.48709330912329146,0.15041794331323888,1.0,2,False,,,,
1766471001.62583,0.4934143939400807,0.15293911096333934,1.0,2,False,,,,
1766471001.9315,0.4934143939400807,0.15293911096333934,1.0,2,False,,,,
1766471001.9365618,0.4934143939400807,0.15293911096333934,1.0,2,False,,,,
1766471001.939371,0.4934143939400807,0.15293911096333934,1.0,2,False,,,,
1766471001.942185,0.4934143939400807,0.15293911096333934,1.0,2,False,,,,
1766471001.945468,0.5083597565381321,0.15766256250866495,1.0,2,False,,,,
1766471002.275382,0.5083597565381321,0.15766256250866495,1.0,2,False,,,,
1766471002.2802958,0.5049972264161802,0.164676619656698,1.0,2,False,,,,
1766471002.283664,0.5049972264161802,0.164676619656698,1.0,2,False,,,,
1766471002.289387,0.5049972264161802,0.164676619656698,1.0,2,False,,,,
1766471002.292382,0.6378962065316941,0.5860165120617069,0.0,2,False,,,,
1766471002.635378,0.5036553088605474,0.16446840807399665,1.0,2,False,,,,
1766471002.640896,0.5036553088605474,0.16446840807399665,1.0,2,False,,,,
1766471002.646177,0.5036553088605474,0.16446840807399665,1.0,2,False,,,,
1766471002.6492128,0.5033318099396145,0.16268144292319375,1.0,2,False,,,,
1766471002.6518772,0.6378962065316941,0.5860165120617069,0.0,2,False,,,,
1766471002.942589,0.6378962065316941,0.5860165120617069,0.0,2,False,,,,
1766471002.947458,0.6378962065316941,0.5860165120617069,0.0,2,False,,,,
1766471002.950277,0.6378962065316941,0.5860165120617069,0.0,2,False,,,,
1766471002.955643,0.4956195705437193,0.1556265635004238,1.0,2,False,,,,
1766471002.9590259,0.48627792279439663,0.15959896422680786,1.0,2,False,,,,
1766471003.27097,0.48666500600891716,0.15812958294153323,1.0,2,False,,,,
1766471003.276347,0.48666500600891716,0.15812958294153323,1.0,2,False,,,,
1766471003.281356,0.48666500600891716,0.15812958294153323,1.0,2,False,,,,
1766471003.2848058,0.4883528427067783,0.1548188163965153,1.0,2,False,,,,
1766471003.287657,0.49305160652804,0.156365986237321,1.0,3,False,,,,
1766471003.657856,0.4929664275741893,0.15647245992640169,1.0,3,False,,,,
1766471003.6631749,0.4929664275741893,0.15647245992640169,1.0,3,False,,,,
1766471003.669146,0.4929664275741893,0.15647245992640169,1.0,3,False,,,,
1766471003.671961,0.49370704483848693,0.1568511233207437,1.0,3,False,,,,
1766471003.675222,0.49461621664115424,0.1457689496564082,1.0,2,False,,,,
1766471004.007978,0.49350251045473004,0.14611507905271703,1.0,2,False,,,,
1766471004.0133781,0.49350251045473004,0.14611507905271703,1.0,2,False,,,,
1766471004.018593,0.49350251045473004,0.14611507905271703,1.0,2,False,,,,
1766471004.021663,0.49350251045473004,0.14611507905271703,1.0,2,False,,,,
1766471004.024332,0.4922749543800662,0.143553874048997,1.0,2,False,,,,
1766471004.3174121,0.4922749543800662,0.143553874048997,1.0,2,False,,,,
1766471004.322363,0.4922749543800662,0.143553874048997,1.0,2,False,,,,
1766471004.325763,0.4930386343140897,0.14466309342224326,1.0,2,False,,,,
1766471004.328255,0.4930386343140897,0.14466309342224326,1.0,2,False,,,,
1766471004.331199,0.504319554927904,0.14327992146032753,1.0,2,False,,,,
1766471004.641938,0.504319554927904,0.14327992146032753,1.0,2,False,,,,
1766471004.64731,0.5062511828584823,0.13981578585846854,1.0,2,False,,,,
1766471004.652979,0.5062511828584823,0.13981578585846854,1.0,2,False,,,,
1766471004.6583521,0.5062511828584823,0.13981578585846854,1.0,2,False,,,,
1766471004.6611478,0.49385707297543363,0.13461737487716974,1.0,2,False,,,,
1766471005.0153868,0.4938675024652331,0.13381248760707387,1.0,2,False,,,,
1766471005.021287,0.4938675024652331,0.13381248760707387,1.0,2,False,,,,
1766471005.026438,0.4938675024652331,0.13381248760707387,1.0,2,False,,,,
1766471005.029711,0.4945784725460419,0.13473155057135522,1.0,2,False,,,,
1766471005.032608,0.4934445770585283,0.1403909625013826,1.0,2,False,,,,
1766471005.2956438,0.4934445770585283,0.1403909625013826,1.0,2,False,,,,
1766471005.3029969,0.49378828077800446,0.1427008036809322,1.0,2,False,,,,
1766471005.3091671,0.49378828077800446,0.1427008036809322,1.0,2,False,,,,
1766471005.312,0.4930496122865379,0.1428818469788664,1.0,2,False,,,,
1766471005.3170822,0.4738899873340908,0.14268755304826275,1.0,2,False,,,,
1766471005.6641018,0.6378962065316941,0.5860165120617069,0.0,2,False,,,,
1766471005.6696541,0.47420299357853174,0.1417466090640902,1.0,2,False,,,,
1766471005.674674,0.47420299357853174,0.1417466090640902,1.0,2,False,,,,
1766471005.6776068,0.47420299357853174,0.1417466090640902,1.0,2,False,,,,
1766471005.6801548,0.5027239656748705,0.15022352567994435,1.0,2,False,,,,
1766471005.928834,0.5027239656748705,0.15022352567994435,1.0,2,False,,,,
1766471005.934572,0.5017382922967022,0.14997795255692203,1.0,2,False,,,,
1766471005.937536,0.5017382922967022,0.14997795255692203,1.0,2,False,,,,
1766471005.942501,0.5017382922967022,0.14997795255692203,1.0,2,False,,,,
1766471005.945388,0.518208750735083,0.1599737928988152,1.0,2,False,,,,
1766471006.3105888,0.518208750735083,0.1599737928988152,1.0,2,False,,,,
1766471006.315255,0.518208750735083,0.1599737928988152,1.0,2,False,,,,
1766471006.31843,0.518208750735083,0.1599737928988152,1.0,2,False,,,,
1766471006.320889,0.6378962065316941,0.5860165120617069,0.0,2,False,,,,
1766471006.3245802,0.4816882605204921,0.17406550761712813,1.0,2,False,,,,
1766471006.584082,0.4816882605204921,0.17406550761712813,1.0,2,False,,,,
1766471006.58961,0.6378962065316941,0.5860165120617069,0.0,2,False,,,,
1766471006.592683,0.6378962065316941,0.5860165120617069,0.0,2,False,,,,
1766471006.595702,0.6378962065316941,0.5860165120617069,0.0,2,False,,,,
1766471006.601335,0.6378962817105269,0.586016628984962,0.0,2,False,,,,
1766471006.8994281,0.6378962817105269,0.586016628984962,0.0,2,False,,,,
1766471006.904746,0.4733325307868973,0.16939028708296,1.0,2,False,,,,
1766471006.907511,0.4733325307868973,0.16939028708296,1.0,2,False,,,,
1766471006.912448,0.4733325307868973,0.16939028708296,1.0,2,False,,,,
1766471006.917602,0.4746375798165781,0.16671349756914522,1.0,2,False,,,,
1766471007.235589,0.4746375798165781,0.16671349756914522,1.0,2,False,,,,
1766471007.241121,0.4744460091985478,0.1670458228499223,1.0,2,False,,,,
1766471007.24513,0.4744460091985478,0.1670458228499223,1.0,2,False,,,,
1766471007.247946,0.4744460091985478,0.1670458228499223,1.0,2,False,,,,
1766471007.253747,0.6378962817105269,0.586016628984962,0.0,1,False,,,,
1766471007.4915252,0.6378962817105269,0.586016628984962,0.0,1,False,,,,
1766471007.497066,0.6378962817105269,0.586016628984962,0.0,1,False,,,,
1766471007.502186,0.6378962817105269,0.586016628984962,0.0,1,False,,,,
1766471007.505304,0.6378962817105269,0.586016628984962,0.0,1,False,,,,
1766471007.5081909,0.4274793256682285,0.34064220641142495,0.6,2,False,,,,
1766471007.7666,0.4274793256682285,0.34064220641142495,0.6,2,False,,,,
1766471007.772968,0.4274793256682285,0.34064220641142495,0.6,2,False,,,,
1766471007.7763698,0.6378962817105269,0.586016628984962,0.0,2,False,,,,
1766471007.7793438,0.42837236160184566,0.39661195302630614,0.41011895971764334,2,False,,,,
1766471007.782651,0.6378962817105269,0.586016628984962,0.0,2,False,,,,
1766471008.088303,0.6378962817105269,0.586016628984962,0.0,2,False,,,,
1766471008.09427,0.6378962817105269,0.586016628984962,0.0,2,False,,,,
1766471008.096947,0.6378962817105269,0.586016628984962,0.0,2,False,,,,
1766471008.099725,0.6378962817105269,0.586016628984962,0.0,2,False,,,,
1766471008.103188,0.35406535401867545,1.2386495252298837,0.7977378953109708,2,False,,,,
1766471008.38049,0.35406535401867545,1.2386495252298837,0.7977378953109708,2,False,,,,
1766471008.3861709,0.6378962817105269,0.586016628984962,0.0,2,False,,,,
1766471008.39094,0.6378962817105269,0.586016628984962,0.0,2,False,,,,
1766471008.3939168,0.6378962817105269,0.586016628984962,0.0,2,False,,,,
1766471008.396341,0.5608571347519742,0.9243177863506418,0.8107519745826721,2,False,,,,
1766471008.708541,0.5608571347519742,0.9243177863506418,0.8107519745826721,2,False,,,,
1766471008.7147799,0.5608571347519742,0.9243177863506418,0.8107519745826721,2,False,,,,
1766471008.717879,0.47480661808278074,1.1297935794742489,0.7960657332260561,2,False,,,,
1766471008.720982,0.47480661808278074,1.1297935794742489,0.7960657332260561,2,False,,,,
1766471008.723455,0.6378962817105269,0.586016628984962,0.0,2,False,,,,
1766471009.01278,0.6378962817105269,0.586016628984962,0.0,2,False,,,,
1766471009.018636,0.6745548432228345,0.9529787852543902,0.8529813289642334,2,False,,,,
1766471009.022398,0.6745548432228345,0.9529787852543902,0.8529813289642334,2,False,,,,
1766471009.027584,0.6745548432228345,0.9529787852543902,0.8529813289642334,2,False,,,,
1766471009.0322912,0.7092683988602315,0.9635036577155217,0.8505402207374573,2,False,,,,
1766471009.283175,0.7092683988602315,0.9635036577155217,0.8505402207374573,2,False,,,,
1766471009.289748,0.7114766966159671,0.9571376559180507,0.8729014992713928,2,False,,,,
1766471009.295966,0.7114766966159671,0.9571376559180507,0.8729014992713928,2,False,,,,
1766471009.298769,0.7114766966159671,0.9571376559180507,0.8729014992713928,2,False,,,,
1766471009.301328,0.6378962817105269,0.586016628984962,0.0,2,False,,,,
1766471009.63994,0.40274550004750387,1.639965711471297,0.9535436033193813,2,False,,,,
1766471009.647259,0.40274550004750387,1.639965711471297,0.9535436033193813,2,False,,,,
1766471009.65261,0.40274550004750387,1.639965711471297,0.9535436033193813,2,False,,,,
1766471009.655742,0.6378962817105269,0.586016628984962,0.0,2,False,,,,
1766471009.6586409,0.7058251839080192,0.9249589498035298,0.9377944469451904,2,False,,,,
1766471010.00471,0.7058251839080192,0.9249589498035298,0.9377944469451904,2,False,,,,
1766471010.009561,0.6995268184474916,0.8999098086068821,0.9469510316848755,2,False,,,,
1766471010.0127602,0.6995268184474916,0.8999098086068821,0.9469510316848755,2,False,,,,
1766471010.018694,0.6995268184474916,0.8999098086068821,0.9469510316848755,2,False,,,,
1766471010.021954,0.6378962817105269,0.586016628984962,0.0,2,False,,,,
1766471010.2688231,0.6378962817105269,0.586016628984962,0.0,2,False,,,,
1766471010.2744908,0.7017914956764327,0.9077921703511461,0.9560369849205017,2,False,,,,
1766471010.27762,0.7017914956764327,0.9077921703511461,0.9560369849205017,2,False,,,,
1766471010.282702,0.7017914956764327,0.9077921703511461,0.9560369849205017,2,False,,,,
1766471010.2856698,0.46285924808834694,0.1485750409660629,1.0,2,True,0.4533468782901764,0.12592434883117676,0.07476043701171875,0.15134193003177643
1766471010.551522,0.46285924808834694,0.1485750409660629,1.0,2,True,0.4533468782901764,0.12592434883117676,0.07476043701171875,0.15134193003177643
1766471010.558177,0.46324249657998495,0.15625449828935445,1.0,2,True,0.4533468782901764,0.12592434883117676,0.07476043701171875,0.15134193003177643
1766471010.56244,0.46324249657998495,0.15625449828935445,1.0,2,True,0.4533468782901764,0.12592434883117676,0.07476043701171875,0.15134193003177643
1766471010.567349,0.46324249657998495,0.15625449828935445,1.0,2,True,0.4533468782901764,0.12592434883117676,0.07476043701171875,0.15134193003177643
1766471010.572659,0.6381040744619455,0.5864218053214681,0.0,2,False,,,,
1766471010.821942,0.6381040744619455,0.5864218053214681,0.0,2,False,,,,
1766471010.828117,0.6381040744619455,0.5864218053214681,0.0,2,False,,,,
1766471010.831698,0.6381040744619455,0.5864218053214681,0.0,2,False,,,,
1766471010.837861,0.6381040744619455,0.5864218053214681,0.0,2,False,,,,
1766471010.84094,0.6381040744619455,0.5864218053214681,0.0,2,False,,,,
1766471011.117933,0.48634365166344723,0.12817703131132197,1.0,2,False,,,,
1766471011.12356,0.48634365166344723,0.12817703131132197,1.0,2,False,,,,
1766471011.1287732,0.48634365166344723,0.12817703131132197,1.0,2,False,,,,
1766471011.1320052,0.6381040744619455,0.5864218053214681,0.0,2,False,,,,
1766471011.134488,0.5189742158694577,0.14707707738550213,1.0,2,False,,,,
1766471011.810099,0.5189742158694577,0.14707707738550213,1.0,2,False,,,,
1766471011.816052,0.5199644567867333,0.14168194168207315,1.0,2,False,,,,
1766471011.819175,0.5199644567867333,0.14168194168207315,1.0,2,False,,,,
1766471011.824045,0.5199644567867333,0.14168194168207315,1.0,2,False,,,,
1766471011.827007,0.5007822777788854,0.12789916577761107,1.0,2,False,,,,
1766471012.2408252,0.5007822777788854,0.12789916577761107,1.0,2,False,,,,
1766471012.246322,0.5007822777788854,0.12789916577761107,1.0,2,False,,,,
1766471012.249609,0.6381040744619455,0.5864218053214681,0.0,2,False,,,,
1766471012.2523892,0.5361895459357773,0.20245145335525594,0.99,2,False,,,,
1766471012.255401,0.4939917677612494,0.1421425163613237,1.0,2,False,,,,
1766471012.6695979,0.49458817058324234,0.14296275387673751,1.0,2,False,,,,
1766471012.675382,0.49423826269764704,0.14226375254290735,1.0,2,False,,,,
1766471012.680326,0.49423826269764704,0.14226375254290735,1.0,2,False,,,,
1766471012.682741,0.49423826269764704,0.14226375254290735,1.0,2,False,,,,
1766471012.6850402,0.6381040744619455,0.5864218053214681,0.0,2,False,,,,
1766471012.957768,0.4982316553528373,0.125752322623097,1.0,2,False,,,,
1766471012.963775,0.4982316553528373,0.125752322623097,1.0,2,False,,,,
1766471012.9691641,0.4982316553528373,0.125752322623097,1.0,2,False,,,,
1766471012.972449,0.4992145743320367,0.12535886699864962,1.0,2,False,,,,
1766471012.9748821,0.485802750125839,0.12951517461608608,1.0,2,False,,,,
1766471013.235175,0.485802750125839,0.12951517461608608,1.0,2,False,,,,
1766471013.240542,0.485802750125839,0.12951517461608608,1.0,2,False,,,,
1766471013.244025,0.6381040744619455,0.5864218053214681,0.0,2,False,,,,
1766471013.2470222,0.6381040744619455,0.5864218053214681,0.0,2,False,,,,
1766471013.252498,0.4961246086442411,0.11910160901180344,1.0,2,False,,,,
1766471013.671427,0.4961246086442411,0.11910160901180344,1.0,2,False,,,,
1766471013.6776168,0.4827685618048694,0.12560158267908283,1.0,2,False,,,,
1766471013.680682,0.4827685618048694,0.12560158267908283,1.0,2,False,,,,
1766471013.687019,0.4827685618048694,0.12560158267908283,1.0,2,False,,,,
1766471013.6900108,0.48497565634643164,0.9120610993248681,0.9081028699874878,2,False,,,,
1766471013.96575,0.5078771088944803,0.9694666651287817,0.8390833735466003,2,False,,,,
1766471013.972561,0.5078771088944803,0.9694666651287817,0.8390833735466003,2,False,,,,
1766471013.978455,0.5073490735044845,0.9691922764158682,0.8283465504646301,2,False,,,,
1766471013.981982,0.6138041718159283,0.6977206405628795,0.8474543390239302,2,False,,,,
1766471013.985009,0.6381040744619455,0.5864218053214681,0.0,2,False,,,,
1766471014.3282712,0.6381040744619455,0.5864218053214681,0.0,2,False,,,,
1766471014.333044,0.658438499026109,0.8280037978558596,0.9380397796630859,2,False,,,,
1766471014.335732,0.658438499026109,0.8280037978558596,0.9380397796630859,2,False,,,,
1766471014.3410728,0.658438499026109,0.8280037978558596,0.9380397796630859,2,False,,,,
1766471014.343866,0.6381040744619455,0.5864218053214681,0.0,2,False,,,,
1766471014.6191208,0.6381040744619455,0.5864218053214681,0.0,2,False,,,,
1766471014.625887,0.6381040744619455,0.5864218053214681,0.0,2,False,,,,
1766471014.628926,0.6381040744619455,0.5864218053214681,0.0,2,False,,,,
1766471014.631526,0.6381040744619455,0.5864218053214681,0.0,2,False,,,,
1766471014.633887,0.6381040744619455,0.5864218053214681,0.0,2,False,,,,
1766471014.975967,0.6381040744619455,0.5864218053214681,0.0,2,False,,,,
1766471014.981529,0.6381040744619455,0.5864218053214681,0.0,2,False,,,,
1766471014.9843562,0.6381040744619455,0.5864218053214681,0.0,2,False,,,,
1766471014.9891798,0.6381040744619455,0.5864218053214681,0.0,2,False,,,,
1766471014.9943628,0.6381040744619455,0.5864218053214681,0.0,2,False,,,,
1766471015.322386,0.5544179613908866,0.08484878748746605,1.0,2,False,,,,
1766471015.328167,0.5544179613908866,0.08484878748746605,1.0,2,False,,,,
1766471015.3338208,0.555447791906542,0.08449975513467589,1.0,2,False,,,,
1766471015.337746,0.5546918904157022,0.08617300471751665,1.0,2,False,,,,
1766471015.340184,0.5091697102936804,0.1170338200459724,1.0,2,False,,,,
1766471015.729109,0.5091697102936804,0.1170338200459724,1.0,2,False,,,,
1766471015.734887,0.5091697102936804,0.1170338200459724,1.0,2,False,,,,
1766471015.737874,0.6381040744619455,0.5864218053214681,0.0,2,False,,,,
1766471015.741768,0.5101878741204315,0.1169432768935651,1.0,2,False,,,,
1766471015.7448509,0.5056142226597995,0.11310433364646943,1.0,2,False,,,,
1766471016.156031,0.5048659760462428,0.11227909400362301,1.0,2,False,,,,
1766471016.162842,0.5048659760462428,0.11227909400362301,1.0,2,False,,,,
1766471016.1689322,0.5048659760462428,0.11227909400362301,1.0,2,False,,,,
1766471016.171875,0.5048659760462428,0.11227909400362301,1.0,2,False,,,,
1766471016.174701,0.5730931335826177,0.7314029877032875,1.0,1,False,,,,
1766471016.4329941,0.5730931335826177,0.7314029877032875,1.0,1,False,,,,
1766471016.4385312,0.5730931335826177,0.7314029877032875,1.0,1,False,,,,
1766471016.441963,0.5730931335826177,0.7314029877032875,1.0,1,False,,,,
1766471016.444797,0.6002487929551685,0.7538336226673864,0.9145252473987933,1,False,,,,
1766471016.44802,0.6381265718044504,0.5865092021432761,0.0,2,False,,,,
1766471016.718567,0.6381265718044504,0.5865092021432761,0.0,2,False,,,,
1766471016.725286,0.6381265718044504,0.5865092021432761,0.0,2,False,,,,
1766471016.730607,0.6381265718044504,0.5865092021432761,0.0,2,False,,,,
1766471016.7361012,0.6381265718044504,0.5865092021432761,0.0,2,False,,,,
1766471016.738962,0.5422871622596138,0.22836965438944945,0.3757035371966079,2,True,0.5034880042076111,0.07202264666557312,0.07410736382007599,0.14815442264080048
1766471016.9947488,0.5072032851693563,1.3153479251207305,0.8974554810082163,2,False,,,,
1766471017.000553,0.5072032851693563,1.3153479251207305,0.8974554810082163,2,False,,,,
1766471017.0058188,0.5072032851693563,1.3153479251207305,0.8974554810082163,2,False,,,,
1766471017.0089338,0.5072032851693563,1.3153479251207305,0.8974554810082163,2,False,,,,
1766471017.01266,0.6755258275346863,0.8906222622568384,1.0,2,False,,,,
1766471017.300788,0.6755258275346863,0.8906222622568384,1.0,2,False,,,,
1766471017.3065548,0.6755258275346863,0.8906222622568384,1.0,2,False,,,,
1766471017.309302,0.6755258275346863,0.8906222622568384,1.0,2,False,,,,
1766471017.3119628,0.6490605698611267,0.8562375029278845,0.99,2,False,,,,
1766471017.317827,0.5330300506715824,0.17041968352981351,0.2101192424783899,1,True,0.514490008354187,0.1601998209953308,0.07481718063354492,0.14456677436828613
1766471017.675264,0.5330300506715824,0.17041968352981351,0.2101192424783899,1,True,0.514490008354187,0.1601998209953308,0.07481718063354492,0.14456677436828613
1766471017.6812181,0.5330300506715824,0.17041968352981351,0.2101192424783899,1,True,0.514490008354187,0.1601998209953308,0.07481718063354492,0.14456677436828613
1766471017.684632,0.5145612001737196,0.1357995875455944,1.0,1,False,,,,
1766471017.6876311,0.5145612001737196,0.1357995875455944,1.0,1,False,,,,
1766471017.693175,0.5414344797002091,0.17047942252003145,0.15381081019185427,2,False,,,,
1766471017.9851289,0.5455573072456196,0.1853438815243995,0.12238486267300322,2,False,,,,
1766471017.991431,0.5455573072456196,0.1853438815243995,0.12238486267300322,2,False,,,,
1766471017.996844,0.5455573072456196,0.1853438815243995,0.12238486267300322,2,False,,,,
1766471018.00057,0.49183182300557926,0.11946477179588144,1.0,2,False,,,,
1766471018.0035331,0.35243556197158077,0.000697041613450522,0.9365235076038232,1,False,,,,
1766471018.279395,0.35243556197158077,0.000697041613450522,0.9365235076038232,1,False,,,,
1766471018.284584,0.5307784241364935,0.1439646407478964,0.1421555606993665,1,False,,,,
1766471018.287054,0.5307784241364935,0.1439646407478964,0.1421555606993665,1,False,,,,
1766471018.289927,0.5307784241364935,0.1439646407478964,0.1421555606993665,1,False,,,,
1766471018.2964249,0.5418238049100806,0.15738134488541633,0.08343921163986888,2,False,,,,
1766471018.63035,0.5418238049100806,0.15738134488541633,0.08343921163986888,2,False,,,,
1766471018.636389,0.4968995922482266,0.12686462436410917,1.0,2,False,,,,
1766471018.640136,0.4968995922482266,0.12686462436410917,1.0,2,False,,,,
1766471018.646262,0.4968995922482266,0.12686462436410917,1.0,2,False,,,,
1766471018.648872,0.5002475886271631,0.11402640344289627,1.0,2,False,,,,
1766471019.0004978,0.5002475886271631,0.11402640344289627,1.0,2,False,,,,
1766471019.008796,0.5009383956781523,0.1136810508012781,1.0,2,False,,,,
1766471019.014807,0.5009383956781523,0.1136810508012781,1.0,2,False,,,,
1766471019.019638,0.5009383956781523,0.1136810508012781,1.0,2,False,,,,
1766471019.022222,0.7481725040116889,0.701510677500657,0.995,2,False,,,,
1766471019.328419,0.7481725040116889,0.701510677500657,0.995,2,False,,,,
1766471019.33638,0.7481725040116889,0.701510677500657,0.995,2,False,,,,
1766471019.341235,0.6381198342434933,0.587194165979687,0.0,2,False,,,,
1766471019.34411,0.6381198342434933,0.587194165979687,0.0,2,False,,,,
1766471019.349264,0.6381198342434933,0.587194165979687,0.0,2,False,,,,
1766471019.649413,0.6381198342434933,0.587194165979687,0.0,2,False,,,,
1766471019.6567922,0.6381198342434933,0.587194165979687,0.0,2,False,,,,
1766471019.660783,0.6381831359049982,0.5879106618998459,0.0,2,False,,,,
1766471019.663414,0.6381831359049982,0.5879106618998459,0.0,2,False,,,,
1766471019.666399,0.2628773203284711,0.007856602289833314,0.9625080734558091,2,False,,,,
1766471019.9881668,0.2628773203284711,0.007856602289833314,0.9625080734558091,2,False,,,,
1766471019.99436,0.5360777183805661,0.22040438892385572,0.12095513117761733,2,True,0.5130277872085571,0.193641796708107,0.07940320670604706,0.15242572128772736
1766471019.9976928,1.172333694284527,1.3254934799655038,0.8518915257216912,2,False,,,,
1766471020.0004659,1.172333694284527,1.3254934799655038,0.8518915257216912,2,False,,,,
1766471020.006733,0.47983949195167497,0.14695848334818695,1.0,2,False,,,,
1766471020.3057861,0.47983949195167497,0.14695848334818695,1.0,2,False,,,,
1766471020.311766,0.47899729623441517,0.15036105315228543,1.0,2,False,,,,
1766471020.314558,0.47899729623441517,0.15036105315228543,1.0,2,False,,,,
1766471020.319718,0.47899729623441517,0.15036105315228543,1.0,2,False,,,,
1766471020.322428,0.5012159995056148,0.1566014655246203,1.0,2,False,,,,
1766471020.685948,0.5012159995056148,0.1566014655246203,1.0,2,False,,,,
1766471020.691875,0.5012159995056148,0.1566014655246203,1.0,2,False,,,,
1766471020.6966379,0.5012159995056148,0.1566014655246203,1.0,2,False,,,,
1766471020.6989372,0.6380632495598285,0.5872199979712132,0.0,2,False,,,,
1766471020.701181,0.46133094551624154,0.14430930185760416,1.0,2,False,,,,
1766471021.035261,0.4613187916421218,0.1440796022599513,1.0,2,False,,,,
1766471021.04217,0.4613187916421218,0.1440796022599513,1.0,2,False,,,,
1766471021.0478232,0.4607163186661447,0.14460194173468432,1.0,2,False,,,,
1766471021.051231,0.4607163186661447,0.14460194173468432,1.0,2,False,,,,
1766471021.0565171,0.46713656230855555,0.15526735860792507,1.0,2,False,,,,
1766471021.342121,0.46713656230855555,0.15526735860792507,1.0,2,False,,,,
1766471021.3476732,0.46713656230855555,0.15526735860792507,1.0,2,False,,,,
1766471021.350932,0.46650035551923075,0.15119594184326945,1.0,2,False,,,,
1766471021.353874,0.46650035551923075,0.15119594184326945,1.0,2,False,,,,
1766471021.359615,0.49979270468661996,0.12658338979006267,1.0,2,False,,,,
1766471021.676907,0.49979270468661996,0.12658338979006267,1.0,2,False,,,,
1766471021.682524,0.49979270468661996,0.12658338979006267,1.0,2,False,,,,
1766471021.6854222,0.49979270468661996,0.12658338979006267,1.0,2,False,,,,
1766471021.688643,0.46303157622954705,0.12116760309936914,0.8742089727885591,2,False,,,,
1766471021.692226,0.6380632495598285,0.5872199979712132,0.0,2,False,,,,
1766471021.9674501,0.6380632495598285,0.5872199979712132,0.0,2,False,,,,
1766471021.972965,0.6380632495598285,0.5872199979712132,0.0,2,False,,,,
1766471021.976254,0.6380632495598285,0.5872199979712132,0.0,2,False,,,,
1766471021.981654,0.6380632495598285,0.5872199979712132,0.0,2,False,,,,
1766471021.984444,0.4960438936133955,0.1369021096472507,1.0,2,False,,,,
1766471022.2936661,0.4960438936133955,0.1369021096472507,1.0,2,False,,,,
1766471022.2987251,0.4960438936133955,0.1369021096472507,1.0,2,False,,,,
1766471022.3013492,0.4960438936133955,0.1369021096472507,1.0,2,False,,,,
1766471022.3037891,0.4960438936133955,0.1369021096472507,1.0,2,False,,,,
1766471022.3062131,0.508509195396621,0.09025640656800038,1.0,2,False,,,,
1766471022.67464,0.5192627590798705,0.09703582275026734,1.0,2,False,,,,
1766471022.680494,0.5192627590798705,0.09703582275026734,1.0,2,False,,,,
1766471022.6859589,0.5192627590798705,0.09703582275026734,1.0,2,False,,,,
1766471022.689091,0.5192627590798705,0.09703582275026734,1.0,2,False,,,,
1766471022.692744,0.5081287414183244,0.14088534053159174,1.0,2,False,,,,
1766471023.220096,0.5081287414183244,0.14088534053159174,1.0,2,False,,,,
1766471023.226457,0.6380632495598285,0.5872199979712132,0.0,2,False,,,,
1766471023.230029,0.5081566283093547,0.13687195143307274,1.0,2,False,,,,
1766471023.235172,0.5081566283093547,0.13687195143307274,1.0,2,False,,,,
1766471023.24096,0.5214344830773686,0.1192075180097969,1.0,2,False,,,,
1766471023.632127,0.5219233566334501,0.1208733111911251,1.0,2,False,,,,
1766471023.637846,0.5219233566334501,0.1208733111911251,1.0,2,False,,,,
1766471023.6440508,0.5219233566334501,0.1208733111911251,1.0,2,False,,,,
1766471023.6474292,0.5226537909395188,0.12019270185084685,1.0,2,False,,,,
1766471023.6511402,0.49297578656256996,0.12381877108687778,1.0,2,False,,,,
1766471023.993375,0.49297578656256996,0.12381877108687778,1.0,2,False,,,,
1766471023.9991198,0.4808790806119454,0.14154362526791953,1.0,2,False,,,,
1766471024.002317,0.4808790806119454,0.14154362526791953,1.0,2,False,,,,
1766471024.0052118,0.4808790806119454,0.14154362526791953,1.0,2,False,,,,
1766471024.011266,0.5445444480023853,0.7706384354395216,0.9008809328079224,2,False,,,,
1766471024.284572,0.5527707590653523,0.7748733772906836,0.8964267373085022,2,False,,,,
1766471024.291329,0.5527707590653523,0.7748733772906836,0.8964267373085022,2,False,,,,
1766471024.2968478,0.5527707590653523,0.7748733772906836,0.8964267373085022,2,False,,,,
1766471024.299716,0.42818838576565676,1.06215648324556,0.8787150944358053,2,False,,,,
1766471024.302879,0.6461078166931775,0.7376496964890308,1.0,3,False,,,,
1766471024.683549,0.5233137436344968,1.2919841048180825,0.8461782072207418,3,False,,,,
1766471024.689332,0.5233137436344968,1.2919841048180825,0.8461782072207418,3,False,,,,
1766471024.6947079,0.5233137436344968,1.2919841048180825,0.8461782072207418,3,False,,,,
1766471024.6974761,0.5233137436344968,1.2919841048180825,0.8461782072207418,3,False,,,,
1766471024.7001338,0.583099590472149,0.4182260949822134,0.3908940926735068,2,False,,,,
1766471024.9561589,0.583099590472149,0.4182260949822134,0.3908940926735068,2,False,,,,
1766471024.961907,0.583099590472149,0.4182260949822134,0.3908940926735068,2,False,,,,
1766471024.96705,0.583099590472149,0.4182260949822134,0.3908940926735068,2,False,,,,
1766471024.969428,0.583099590472149,0.4182260949822134,0.3908940926735068,2,False,,,,
1766471024.972236,0.6105212030921001,0.7937127537464633,1.0,2,False,,,,
1766471025.883701,0.6105212030921001,0.7937127537464633,1.0,2,False,,,,
1766471025.890032,0.6105212030921001,0.7937127537464633,1.0,2,False,,,,
1766471025.89433,0.718641677275688,0.8015526978697639,0.8688083243821019,2,False,,,,
1766471025.897526,0.718641677275688,0.8015526978697639,0.8688083243821019,2,False,,,,
1766471025.904036,0.6380728694064318,0.5873746315336876,0.0,2,False,,,,
1766471026.210429,0.6380728694064318,0.5873746315336876,0.0,2,False,,,,
1766471026.217346,0.6012329480791501,0.765756295588051,0.9994312524795532,2,False,,,,
1766471026.223679,0.6012329480791501,0.765756295588051,0.9994312524795532,2,False,,,,
1766471026.2266612,0.6000565726033105,0.7645678400788054,1.0,2,False,,,,
1766471026.2316868,0.6380728694064318,0.5873746315336876,0.0,2,False,,,,
1766471026.4958038,0.6380728694064318,0.5873746315336876,0.0,2,False,,,,
1766471026.502045,0.6380728694064318,0.5873746315336876,0.0,2,False,,,,
1766471026.507552,0.6380728694064318,0.5873746315336876,0.0,2,False,,,,
1766471026.510487,0.6380728694064318,0.5873746315336876,0.0,2,False,,,,
1766471026.51332,0.3088104938552607,0.9690160742491035,0.9304493128192239,2,False,,,,
1766471027.314254,0.3088104938552607,0.9690160742491035,0.9304493128192239,2,False,,,,
1766471027.3204072,0.637974126783975,0.5872346960109824,0.0,2,False,,,,
1766471027.325778,0.637974126783975,0.5872346960109824,0.0,2,False,,,,
1766471027.328622,0.637974126783975,0.5872346960109824,0.0,2,False,,,,
1766471027.332599,0.637974126783975,0.5872346960109824,0.0,2,False,,,,
1766471027.704854,0.637974126783975,0.5872346960109824,0.0,2,False,,,,
1766471027.710498,0.637974126783975,0.5872346960109824,0.0,2,False,,,,
1766471027.715908,0.637974126783975,0.5872346960109824,0.0,2,False,,,,
1766471027.719058,0.637974126783975,0.5872346960109824,0.0,2,False,,,,
1766471027.7216299,0.4761534880734189,0.8311759035503944,0.6,2,False,,,,
1766471027.985093,0.4761534880734189,0.8311759035503944,0.6,2,False,,,,
1766471027.993016,0.5236690950064917,0.9397108032250208,0.7344674468040466,2,False,,,,
1766471027.998959,0.5236690950064917,0.9397108032250208,0.7344674468040466,2,False,,,,
1766471028.002263,0.5236690950064917,0.9397108032250208,0.7344674468040466,2,False,,,,
1766471028.0053918,0.606057348775717,0.8440357453201348,0.9145136475563049,2,False,,,,
1766471028.257958,0.6063687501399733,0.8457563220155566,0.9856712222099304,2,False,,,,
1766471028.2640178,0.6063687501399733,0.8457563220155566,0.9856712222099304,2,False,,,,
1766471028.2689111,0.6063687501399733,0.8457563220155566,0.9856712222099304,2,False,,,,
1766471028.273689,0.6115304693366012,0.8359897362028038,0.9606803059577942,2,False,,,,
1766471028.2760792,0.6680545665095228,0.3493890063715943,0.9458109627839844,1,False,,,,
1766471028.488634,0.637974126783975,0.5872346960109824,0.0,1,False,,,,
1766471028.494723,0.637974126783975,0.5872346960109824,0.0,1,False,,,,
1766471028.500021,0.637974126783975,0.5872346960109824,0.0,1,False,,,,
1766471028.502941,0.637974126783975,0.5872346960109824,0.0,1,False,,,,
1766471028.5054872,0.5850019885212923,0.5591711311953216,1.0,2,False,,,,
1766471028.775041,0.5845365292248303,0.5586469610650697,1.0,2,False,,,,
1766471028.781475,0.637974126783975,0.5872346960109824,0.0,2,False,,,,
1766471028.787018,0.637974126783975,0.5872346960109824,0.0,2,False,,,,
1766471028.7897458,0.637974126783975,0.5872346960109824,0.0,2,False,,,,
1766471028.792264,0.637974126783975,0.5872346960109824,0.0,2,False,,,,
1766471029.050157,0.5125457443662723,0.5754862811483393,0.99,2,False,,,,
1766471029.05598,0.5125457443662723,0.5754862811483393,0.99,2,False,,,,
1766471029.05893,0.4689459782618883,0.8712768404658543,0.3563706512313647,2,False,,,,
1766471029.061815,0.45534301995207693,0.8283944775805097,0.3230035087561231,2,False,,,,
1766471029.064548,0.5335241988005727,0.12423738945724827,0.09937834389524473,2,False,,,,
1766471029.3391721,0.5335241988005727,0.12423738945724827,0.09937834389524473,2,False,,,,
1766471029.344214,0.5852288806100376,0.5111875964736712,1.0,2,False,,,,
1766471029.348634,0.5852288806100376,0.5111875964736712,1.0,2,False,,,,
1766471029.351719,0.5852288806100376,0.5111875964736712,1.0,2,False,,,,
1766471029.3559868,0.5270465966262207,0.1157267991399289,0.10036480949597165,1,False,,,,
1766471029.6713998,0.5270465966262207,0.1157267991399289,0.10036480949597165,1,False,,,,
1766471029.677119,0.5270465966262207,0.1157267991399289,0.10036480949597165,1,False,,,,
1766471029.681191,0.5241350588998434,0.1089035415767915,0.05870401598085276,1,False,,,,
1766471029.683756,0.5241350588998434,0.1089035415767915,0.05870401598085276,1,False,,,,
1766471029.688473,0.5402961244542597,0.13623561122523642,0.11989938154595331,1,False,,,,
1766471029.920745,0.5402961244542597,0.13623561122523642,0.11989938154595331,1,False,,,,
1766471029.925955,0.5402961244542597,0.13623561122523642,0.11989938154595331,1,False,,,,
1766471029.928677,0.5402961244542597,0.13623561122523642,0.11989938154595331,1,False,,,,
1766471029.931436,0.5351618054118135,0.12677894010189794,0.067502396830707,1,False,,,,
1766471029.93409,0.6379992270855288,0.5875359440492209,0.0,1,False,,,,
1766471030.208226,0.6379992270855288,0.5875359440492209,0.0,1,False,,,,
1766471030.21541,0.6379992270855288,0.5875359440492209,0.0,1,False,,,,
1766471030.218726,0.6132456778839591,0.6285801543115099,0.9964677095413208,1,False,,,,
1766471030.2214131,0.6132456778839591,0.6285801543115099,0.9964677095413208,1,False,,,,
1766471030.225827,0.3838332414443856,0.8790969245618812,0.93656954730338,2,False,,,,
1766471030.679578,0.3838332414443856,0.8790969245618812,0.93656954730338,2,False,,,,
1766471030.684841,0.6379992270855288,0.5875359440492209,0.0,2,False,,,,
1766471030.687933,0.6379992270855288,0.5875359440492209,0.0,2,False,,,,
1766471030.6928031,0.6379992270855288,0.5875359440492209,0.0,2,False,,,,
1766471030.696059,0.6379992270855288,0.5875359440492209,0.0,2,False,,,,
1766471031.042024,0.6379992270855288,0.5875359440492209,0.0,2,False,,,,
1766471031.04813,0.6379992270855288,0.5875359440492209,0.0,2,False,,,,
1766471031.05104,0.6379992270855288,0.5875359440492209,0.0,2,False,,,,
1766471031.053597,0.5608897327690358,0.7047787052450039,1.0,2,False,,,,
1766471031.056223,0.28667371136723296,0.754982417200641,0.7459923505783081,0,False,,,,
1766471031.226292,0.2868435926957842,0.7578578560434851,0.735155212879181,0,False,,,,
1766471031.230575,0.2868435926957842,0.7578578560434851,0.735155212879181,0,False,,,,
1766471031.232857,0.2868435926957842,0.7578578560434851,0.735155212879181,0,False,,,,
1766471031.235646,0.30894131565464844,0.7610157087273748,0.7429002702236176,0,False,,,,
1766471031.238131,0.5955671292298712,0.2693120968747853,0.3121245518469018,1,False,,,,
1766471031.616828,0.5955671292298712,0.2693120968747853,0.3121245518469018,1,False,,,,
1766471031.622397,0.5955671292298712,0.2693120968747853,0.3121245518469018,1,False,,,,
1766471031.6254961,0.5910994742128242,0.25421364028608706,0.28412338826254097,1,False,,,,
1766471031.628736,0.5910994742128242,0.25421364028608706,0.28412338826254097,1,False,,,,
1766471031.635207,0.5997389093418333,0.6052571475709918,1.0,0,False,,,,
1766471031.79548,0.5999690409949678,0.6059088672713909,1.0,0,False,,,,
1766471031.8015392,0.5999690409949678,0.6059088672713909,1.0,0,False,,,,
1766471031.80654,0.5999690409949678,0.6059088672713909,1.0,0,False,,,,
1766471031.811302,0.6002427283662323,0.6069379959942456,1.0,0,False,,,,
1766471031.813635,0.5960171566948781,0.26946344292974833,0.392391965856765,0,False,,,,
1766471032.0080352,0.596036299761878,0.26951642005804444,0.3812127413140526,0,False,,,,
1766471032.0145679,0.596036299761878,0.26951642005804444,0.3812127413140526,0,False,,,,
1766471032.0197,0.596036299761878,0.26951642005804444,0.3812127413140526,0,False,,,,
1766471032.023328,0.5992920894430783,0.5714448964108761,1.0,0,False,,,,
1766471032.026741,0.5890251142141898,0.24788259357475684,0.2150181116394219,0,False,,,,
1766471032.184296,0.5890251142141898,0.24788259357475684,0.2150181116394219,0,False,,,,
1766471032.190325,0.5890251142141898,0.24788259357475684,0.2150181116394219,0,False,,,,
1766471032.1937869,0.5890448423737178,0.24792658310783544,0.23086366383186646,0,False,,,,
1766471032.196813,0.5890448423737178,0.24792658310783544,0.23086366383186646,0,False,,,,
1766471032.2021172,0.5788282445864923,0.2197164253235584,0.10740304006981555,1,False,,,,
1766471032.4976041,0.578856496044936,0.21976890223150236,0.10832092669573641,1,False,,,,
1766471032.504587,0.578856496044936,0.21976890223150236,0.10832092669573641,1,False,,,,
1766471032.507293,0.578856496044936,0.21976890223150236,0.10832092669573641,1,False,,,,
1766471032.509987,0.578856496044936,0.21976890223150236,0.10832092669573641,1,False,,,,
1766471032.5126941,0.5884039087388256,0.24603976460612365,0.10091509358547227,1,False,,,,
