timestamp,gaze_x,gaze_y,gaze_confidence,num_faces,is_looking_at_face,face_bbox_left,face_bbox_top,face_bbox_width,face_bbox_height
1766471745.5073018,0.49134544463673546,0.37582698610616383,0.7342993021011353,1,False,,,,
1766471746.0556731,0.4925463318640202,0.3541899450784948,0.9823336005210876,1,False,,,,
1766471746.062538,0.4925463318640202,0.3541899450784948,0.9823336005210876,1,False,,,,
1766471746.066706,0.5567084433804501,0.4854152820177855,0.99,1,True,0.5016135573387146,0.34456583857536316,0.09040184319019318,0.1826733946800232
1766471746.0701241,0.5567084433804501,0.4854152820177855,0.99,1,True,0.5016135573387146,0.34456583857536316,0.09040184319019318,0.1826733946800232
1766471746.075352,0.587403862954506,0.24454601030601453,1.0,1,False,,,,
1766471746.480778,0.587403862954506,0.24454601030601453,1.0,1,False,,,,
1766471746.4859142,0.58632300805873,0.2457728855423008,1.0,1,False,,,,
1766471746.489505,0.58632300805873,0.2457728855423008,1.0,1,False,,,,
1766471746.4945972,0.58632300805873,0.2457728855423008,1.0,1,False,,,,
1766471746.4974751,0.5737038549292854,0.321459222732017,1.0,1,False,,,,
1766471746.872389,0.5719652511948283,0.3267400195181255,1.0,1,True,0.48966866731643677,0.3442267179489136,0.0918879508972168,0.18940146267414093
1766471746.879092,0.5719652511948283,0.3267400195181255,1.0,1,True,0.48966866731643677,0.3442267179489136,0.0918879508972168,0.18940146267414093
1766471746.883571,0.5719652511948283,0.3267400195181255,1.0,1,True,0.48966866731643677,0.3442267179489136,0.0918879508972168,0.18940146267414093
1766471746.885868,0.5719652511948283,0.3267400195181255,1.0,1,True,0.48966866731643677,0.3442267179489136,0.0918879508972168,0.18940146267414093
1766471746.888195,0.5562110863068724,0.36878984131810233,1.0,1,False,,,,
1766471747.1107252,0.5562110863068724,0.36878984131810233,1.0,1,False,,,,
1766471747.1168692,0.5562110863068724,0.36878984131810233,1.0,1,False,,,,
1766471747.1196852,0.5562110863068724,0.36878984131810233,1.0,1,False,,,,
1766471747.12305,0.5561686554343661,0.3719194020625487,1.0,1,False,,,,
1766471747.1255639,0.5524361387282368,0.389518137791629,1.0,1,False,,,,
1766471747.366403,0.5524361387282368,0.389518137791629,1.0,1,False,,,,
1766471747.371872,0.5524361387282368,0.389518137791629,1.0,1,False,,,,
1766471747.37518,0.5532351479547948,0.3893235631477292,1.0,1,False,,,,
1766471747.377837,0.5532351479547948,0.3893235631477292,1.0,1,False,,,,
1766471747.382568,0.5605501844777077,0.38291445109924704,1.0,1,False,,,,
1766471747.60724,0.5605501844777077,0.38291445109924704,1.0,1,False,,,,
1766471747.612963,0.5595320001222752,0.38272174554805927,1.0,1,False,,,,
1766471747.6166432,0.5595320001222752,0.38272174554805927,1.0,1,False,,,,
1766471747.6219661,0.5595320001222752,0.38272174554805927,1.0,1,False,,,,
1766471747.625653,0.55712569275828,0.3890966545131077,1.0,1,False,,,,
1766471747.85095,0.55712569275828,0.3890966545131077,1.0,1,False,,,,
1766471747.8565671,0.55712569275828,0.3890966545131077,1.0,1,False,,,,
1766471747.8601542,0.55712569275828,0.3890966545131077,1.0,1,False,,,,
1766471747.862915,0.5559567607277215,0.38895990327544183,1.0,1,False,,,,
1766471747.8654542,0.5643110655919829,0.3822927791837618,1.0,1,False,,,,
1766471748.1347861,0.5643110655919829,0.3822927791837618,1.0,1,False,,,,
1766471748.1403751,0.5643110655919829,0.3822927791837618,1.0,1,False,,,,
1766471748.1433668,0.5643110655919829,0.3822927791837618,1.0,1,False,,,,
1766471748.146322,0.5653372772982994,0.38208137252577556,1.0,1,False,,,,
1766471748.149377,0.5628605634742079,0.3752629821389998,1.0,1,False,,,,
1766471748.3956091,0.5628605634742079,0.3752629821389998,1.0,1,False,,,,
1766471748.4015539,0.5620180199795778,0.37387686799464714,1.0,1,False,,,,
1766471748.405426,0.5620180199795778,0.37387686799464714,1.0,1,False,,,,
1766471748.4118578,0.5620180199795778,0.37387686799464714,1.0,1,False,,,,
1766471748.414836,0.562120929793428,0.37144383379630197,1.0,1,False,,,,
1766471748.736777,0.562120929793428,0.37144383379630197,1.0,1,False,,,,
1766471748.743097,0.562120929793428,0.37144383379630197,1.0,1,False,,,,
1766471748.746472,0.562120929793428,0.37144383379630197,1.0,1,False,,,,
1766471748.751264,0.5621141357525361,0.37184343651942964,1.0,1,False,,,,
1766471748.753987,0.5662686637502906,0.36995651165322263,1.0,1,False,,,,
1766471749.03567,0.5658563137968122,0.369957631173893,1.0,1,False,,,,
1766471749.0407748,0.5658563137968122,0.369957631173893,1.0,1,False,,,,
1766471749.045849,0.5658563137968122,0.369957631173893,1.0,1,False,,,,
1766471749.048783,0.5657732762013189,0.3706864244139486,1.0,1,False,,,,
1766471749.052879,0.5320600962828399,0.3386887165524439,1.0,1,False,,,,
1766471749.299932,0.5321266326305111,0.33768107505391753,1.0,1,False,,,,
1766471749.305376,0.5317186206740369,0.33428965646339703,1.0,1,False,,,,
1766471749.310663,0.5317186206740369,0.33428965646339703,1.0,1,False,,,,
1766471749.314123,0.5317186206740369,0.33428965646339703,1.0,1,False,,,,
1766471749.3172438,0.5719638064443182,0.3232986992826542,1.0,1,False,,,,
1766471749.560549,0.5716450376346184,0.3263783201541294,1.0,1,False,,,,
1766471749.566943,0.5716450376346184,0.3263783201541294,1.0,1,False,,,,
1766471749.569963,0.5710375759021258,0.32644926050594414,1.0,1,False,,,,
1766471749.572557,0.5710375759021258,0.32644926050594414,1.0,1,False,,,,
1766471749.575398,0.5619913050899885,0.2940936829504741,1.0,1,False,,,,
1766471750.194533,0.5614390114502372,0.2957709207046284,1.0,1,False,,,,
1766471750.200029,0.5614390114502372,0.2957709207046284,1.0,1,False,,,,
1766471750.203511,0.5614390114502372,0.2957709207046284,1.0,1,False,,,,
1766471750.206325,0.561636240968088,0.2980075645361142,1.0,1,False,,,,
1766471750.209028,0.5436719655432858,0.29284120641618183,1.0,1,False,,,,
1766471750.6607292,0.5436719655432858,0.29284120641618183,1.0,1,False,,,,
1766471750.665924,0.5436719655432858,0.29284120641618183,1.0,1,False,,,,
1766471750.670478,0.5436719655432858,0.29284120641618183,1.0,1,False,,,,
1766471750.673184,0.5441073711823572,0.29333815127678076,1.0,1,False,,,,
1766471750.6761851,0.5482260132793273,0.29817960425418877,1.0,1,False,,,,
1766471751.529666,0.5473726719269941,0.2982721941481148,1.0,1,False,,,,
1766471751.5360582,0.5473726719269941,0.2982721941481148,1.0,1,False,,,,
1766471751.541594,0.5473726719269941,0.2982721941481148,1.0,1,False,,,,
1766471751.5450408,0.5467476847217674,0.29761523629898656,1.0,1,False,,,,
1766471751.548073,0.5425941194314085,0.29909326966197036,1.0,1,False,,,,
1766471751.7748532,0.5425941194314085,0.29909326966197036,1.0,1,False,,,,
1766471751.780311,0.5434243444352254,0.30003267707530235,1.0,1,False,,,,
1766471751.783453,0.5436336251126068,0.2995809292951457,1.0,1,False,,,,
1766471751.786152,0.5436336251126068,0.2995809292951457,1.0,1,False,,,,
1766471751.790947,0.5303678522957074,0.3054313786219216,1.0,1,False,,,,
1766471752.084298,0.5303678522957074,0.3054313786219216,1.0,1,False,,,,
1766471752.0896451,0.5303678522957074,0.3054313786219216,1.0,1,False,,,,
1766471752.095105,0.5303678522957074,0.3054313786219216,1.0,1,False,,,,
1766471752.09878,0.5298559515842254,0.30418496001655426,1.0,1,False,,,,
1766471752.101266,0.5741961803789561,0.31596702922835984,1.0,1,False,,,,
1766471752.3990452,0.5741961803789561,0.31596702922835984,1.0,1,False,,,,
1766471752.404124,0.57416494806751,0.3145125598639653,1.0,1,False,,,,
1766471752.407378,0.57416494806751,0.3145125598639653,1.0,1,False,,,,
1766471752.4127822,0.57416494806751,0.3145125598639653,1.0,1,False,,,,
1766471752.4164999,0.5971058761524387,0.3143781668520045,1.0,1,False,,,,
1766471752.6610181,0.5971058761524387,0.3143781668520045,1.0,1,False,,,,
1766471752.666147,0.5971058761524387,0.3143781668520045,1.0,1,False,,,,
1766471752.6687071,0.5962280442973598,0.3143729377756277,1.0,1,False,,,,
1766471752.670879,0.5963605134507128,0.31477952095274286,1.0,1,False,,,,
1766471752.6732328,0.5231123678242081,0.2972292388649027,1.0,1,False,,,,
1766471753.094103,0.5231123678242081,0.2972292388649027,1.0,1,False,,,,
1766471753.09972,0.5231123678242081,0.2972292388649027,1.0,1,False,,,,
1766471753.102519,0.5231123678242081,0.2972292388649027,1.0,1,False,,,,
1766471753.105237,0.5217162766227263,0.292642405740273,1.0,1,False,,,,
1766471753.107897,0.5202491570925384,0.29531320844662257,1.0,1,False,,,,
1766471753.834003,0.5202491570925384,0.29531320844662257,1.0,1,False,,,,
1766471753.839862,0.5202491570925384,0.29531320844662257,1.0,1,False,,,,
1766471753.843095,0.5195517064640519,0.29772402549840404,1.0,1,False,,,,
1766471753.8477619,0.5195517064640519,0.29772402549840404,1.0,1,False,,,,
1766471753.853698,0.524220631364577,0.3083467284465742,1.0,1,False,,,,
1766471754.112511,0.5248221024372592,0.3078271811267297,1.0,1,False,,,,
1766471754.118708,0.5248221024372592,0.3078271811267297,1.0,1,False,,,,
1766471754.124693,0.5246837710130421,0.30692770313692974,1.0,1,False,,,,
1766471754.1280692,0.524282749063811,0.30609168696078504,1.0,1,False,,,,
1766471754.130507,0.5826362549390843,0.3228057356796147,1.0,1,False,,,,
1766471754.401421,0.5826362549390843,0.3228057356796147,1.0,1,False,,,,
1766471754.4073548,0.5826362549390843,0.3228057356796147,1.0,1,False,,,,
1766471754.410527,0.5811353443228213,0.32391503783554587,1.0,1,False,,,,
1766471754.4134688,0.5811353443228213,0.32391503783554587,1.0,1,False,,,,
1766471754.419598,0.5037508585166398,0.40868471748356416,1.0,1,False,,,,
1766471755.0939388,0.5037508585166398,0.40868471748356416,1.0,1,False,,,,
1766471755.102475,0.5045786620652037,0.4103509691940832,1.0,1,False,,,,
1766471755.1078231,0.5045786620652037,0.4103509691940832,1.0,1,False,,,,
1766471755.1105971,0.5045786620652037,0.4103509691940832,1.0,1,False,,,,
1766471755.1131918,0.5660840473787974,0.31291943274704503,1.0,1,False,,,,
1766471755.406513,0.5660840473787974,0.31291943274704503,1.0,1,False,,,,
1766471755.412077,0.5660840473787974,0.31291943274704503,1.0,1,False,,,,
1766471755.414869,0.5660840473787974,0.31291943274704503,1.0,1,False,,,,
1766471755.4186392,0.5642710436069953,0.31089044750839046,1.0,1,False,,,,
1766471755.421441,1.1432480090057875,0.7958428418522999,0.0,1,False,,,,
1766471755.651856,0.4362654285505239,0.533182082894245,0.15778920795354712,1,False,,,,
1766471755.6582289,0.4362654285505239,0.533182082894245,0.15778920795354712,1,False,,,,
1766471755.6631958,0.4362654285505239,0.533182082894245,0.15778920795354712,1,False,,,,
1766471755.6656482,0.4362654285505239,0.533182082894245,0.15778920795354712,1,False,,,,
1766471755.6684349,0.5118839268952315,0.9810836868086827,0.8834629058837891,1,False,,,,
1766471755.8942661,0.5118839268952315,0.9810836868086827,0.8834629058837891,1,False,,,,
1766471755.90158,0.5014086233030901,0.9607932219322145,0.9145050644874573,1,False,,,,
1766471755.9045901,0.5014086233030901,0.9607932219322145,0.9145050644874573,1,False,,,,
1766471755.9074292,0.5014086233030901,0.9607932219322145,0.9145050644874573,1,False,,,,
1766471755.9125912,0.4977443679071202,0.8637642236817233,0.981765478849411,1,False,,,,
1766471756.126506,0.4972777255258542,0.8653706728492533,0.987971156835556,1,False,,,,
1766471756.134007,0.4972777255258542,0.8653706728492533,0.987971156835556,1,False,,,,
1766471756.1370041,0.49884412468576933,0.8647810494350792,0.9854823350906372,1,False,,,,
1766471756.1398652,0.49884412468576933,0.8647810494350792,0.9854823350906372,1,False,,,,
1766471756.145056,0.5594742359184812,0.872212165774521,0.9771931171417236,0,False,,,,
1766471756.29822,0.5594742359184812,0.872212165774521,0.9771931171417236,0,False,,,,
1766471756.303957,0.563994440704012,0.87883705818955,0.9771931171417236,0,False,,,,
1766471756.307065,0.5687738776309963,0.8753095352334311,0.9777563810348511,0,False,,,,
1766471756.309974,0.5687738776309963,0.8753095352334311,0.9777563810348511,0,False,,,,
1766471756.315177,0.5598385452547063,0.8865030819671735,1.0,0,False,,,,
1766471756.46733,0.5598385452547063,0.8865030819671735,1.0,0,False,,,,
1766471756.473372,0.5569030434600579,0.8889338606137609,1.0,0,False,,,,
1766471756.476834,0.5569030434600579,0.8889338606137609,1.0,0,False,,,,
1766471756.479795,0.5569030434600579,0.8889338606137609,1.0,0,False,,,,
1766471756.486924,0.5473086519331811,0.8959071319846506,0.9803421497344971,0,False,,,,
1766471756.65386,0.5473086519331811,0.8959071319846506,0.9803421497344971,0,False,,,,
1766471756.658577,0.5484644350895929,0.8943868711341919,0.9904448986053467,0,False,,,,
1766471756.661216,0.5484644350895929,0.8943868711341919,0.9904448986053467,0,False,,,,
1766471756.6671119,0.5484644350895929,0.8943868711341919,0.9904448986053467,0,False,,,,
1766471756.6700978,0.563755849412195,0.8988286780060638,0.971199095249176,0,False,,,,
1766471756.8244412,0.5630717357320176,0.9018987766939366,0.9928653538227081,0,False,,,,
1766471756.830246,0.562007576497516,0.9036299588143758,0.9744470715522766,0,False,,,,
1766471756.8361979,0.562007576497516,0.9036299588143758,0.9744470715522766,0,False,,,,
1766471756.839421,0.562007576497516,0.9036299588143758,0.9744470715522766,0,False,,,,
1766471756.842695,0.6298020257043478,0.041188550379929634,1.0,1,False,,,,
1766471757.06229,0.6298020257043478,0.041188550379929634,1.0,1,False,,,,
1766471757.0682461,0.6298020257043478,0.041188550379929634,1.0,1,False,,,,
1766471757.071307,0.6298020257043478,0.041188550379929634,1.0,1,False,,,,
1766471757.076106,0.6221109788440558,0.1075960891223382,1.0,1,False,,,,
1766471757.079582,0.5709930452441518,0.28940049618259855,1.0,1,True,0.4986210763454437,0.2770569622516632,0.0858943909406662,0.18463778495788574
1766471757.365621,0.5718866277057181,0.29399006621049417,1.0,1,True,0.4986210763454437,0.2770569622516632,0.0858943909406662,0.18463778495788574
1766471757.372442,0.5718866277057181,0.29399006621049417,1.0,1,True,0.4986210763454437,0.2770569622516632,0.0858943909406662,0.18463778495788574
1766471757.3779619,0.5709814400042654,0.2972086967719263,1.0,1,True,0.4986210763454437,0.2770569622516632,0.0858943909406662,0.18463778495788574
1766471757.381402,0.5709814400042654,0.2972086967719263,1.0,1,True,0.4986210763454437,0.2770569622516632,0.0858943909406662,0.18463778495788574
1766471757.38685,0.5854218889502987,0.2981387424206552,1.0,1,False,,,,
1766471757.8287392,0.5844462276244113,0.29666500507144766,1.0,1,False,,,,
1766471757.8347661,0.5847203421430425,0.29707365455742707,1.0,1,False,,,,
1766471757.841154,0.5847203421430425,0.29707365455742707,1.0,1,False,,,,
1766471757.844042,0.5847203421430425,0.29707365455742707,1.0,1,False,,,,
1766471757.847023,0.5787520176559412,0.2863782469867342,1.0,1,False,,,,
1766471758.0946612,0.5787520176559412,0.2863782469867342,1.0,1,False,,,,
1766471758.101748,0.5715083083319583,0.28669909349739786,1.0,1,False,,,,
1766471758.105333,0.5715083083319583,0.28669909349739786,1.0,1,False,,,,
1766471758.111101,0.5715083083319583,0.28669909349739786,1.0,1,False,,,,
1766471758.114238,0.5466075066198054,0.32975116206496,1.0,1,False,,,,
1766471758.357888,0.5466075066198054,0.32975116206496,1.0,1,False,,,,
1766471758.363532,0.5466075066198054,0.32975116206496,1.0,1,False,,,,
1766471758.367049,0.5456820332644305,0.33782828150216915,1.0,1,False,,,,
1766471758.3707662,0.5456820332644305,0.33782828150216915,1.0,1,False,,,,
1766471758.376259,0.537640117615801,0.35093057391911286,1.0,1,False,,,,
1766471758.957761,0.5380277857410874,0.35168440502228404,1.0,1,False,,,,
1766471758.964276,0.5380277857410874,0.35168440502228404,1.0,1,False,,,,
1766471758.969103,0.538002531977621,0.35138275879984593,1.0,1,False,,,,
1766471758.971993,0.538002531977621,0.35138275879984593,1.0,1,False,,,,
1766471758.974695,0.5512764797897858,0.3401188358277061,1.0,1,False,,,,
1766471759.9156291,0.5512764797897858,0.3401188358277061,1.0,1,False,,,,
1766471759.921847,0.5508610077005451,0.3377083887454898,1.0,1,False,,,,
1766471759.9248042,0.5508610077005451,0.3377083887454898,1.0,1,False,,,,
1766471759.929933,0.5508610077005451,0.3377083887454898,1.0,1,False,,,,
1766471759.932832,0.5370856905006223,0.31353897955880294,1.0,1,False,,,,
1766471760.176539,0.5370856905006223,0.31353897955880294,1.0,1,False,,,,
1766471760.183224,0.5370856905006223,0.31353897955880294,1.0,1,False,,,,
1766471760.188493,0.5370856905006223,0.31353897955880294,1.0,1,False,,,,
1766471760.19122,0.5370856905006223,0.31353897955880294,1.0,1,False,,,,
1766471760.19631,0.5719766852343164,0.32837114933710476,1.0,1,False,,,,
1766471760.508491,0.5725670294381665,0.3288948708553818,1.0,1,False,,,,
1766471760.51415,0.5723275873767821,0.3291396642279927,1.0,1,False,,,,
1766471760.5196228,0.5723275873767821,0.3291396642279927,1.0,1,False,,,,
1766471760.522592,0.5723275873767821,0.3291396642279927,1.0,1,False,,,,
1766471760.525395,0.6006178180992718,0.33908308424388944,1.0,1,False,,,,
1766471760.858507,0.6006178180992718,0.33908308424388944,1.0,1,False,,,,
1766471760.8637938,0.600478150690494,0.33848613275276174,1.0,1,False,,,,
1766471760.866687,0.600478150690494,0.33848613275276174,1.0,1,False,,,,
1766471760.871802,0.600478150690494,0.33848613275276174,1.0,1,False,,,,
1766471760.874901,0.39266023513926823,0.42163070285149884,0.99,1,False,,,,
1766471761.419449,0.39266023513926823,0.42163070285149884,0.99,1,False,,,,
1766471761.42539,0.39266023513926823,0.42163070285149884,0.99,1,False,,,,
1766471761.4283211,0.280457601092339,0.7248595951266201,0.23165472135414747,1,False,,,,
1766471761.431356,0.3422975754318255,0.90598312850881,0.22789367868416166,1,False,,,,
1766471761.434006,0.4723503285825868,0.979956059075149,0.8473345637321472,1,False,,,,
1766471761.6735601,0.4723503285825868,0.979956059075149,0.8473345637321472,1,False,,,,
1766471761.681412,0.47041594221614547,0.9748289822786143,0.7725614905357361,1,False,,,,
1766471761.685502,0.47041594221614547,0.9748289822786143,0.7725614905357361,1,False,,,,
1766471761.691444,0.47041594221614547,0.9748289822786143,0.7725614905357361,1,False,,,,
1766471761.6945531,0.48783176906066383,0.8636132669663936,0.9457554519176483,1,False,,,,
1766471761.9072828,0.48783176906066383,0.8636132669663936,0.9457554519176483,1,False,,,,
1766471761.91325,0.48783176906066383,0.8636132669663936,0.9457554519176483,1,False,,,,
1766471761.91611,0.4888359622367792,0.8588192781155638,0.9138579666614532,1,False,,,,
1766471761.92164,0.4891452091506367,0.8588525953229547,0.9211435914039612,1,False,,,,
1766471761.9277282,0.47457541986059104,0.8922466185295173,1.0,0,False,,,,
1766471762.078621,0.47457541986059104,0.8922466185295173,1.0,0,False,,,,
1766471762.08463,0.4742756114809666,0.8894501711348303,0.9685758948326111,0,False,,,,
1766471762.08782,0.47391158803001676,0.8877465173913492,0.9468194246292114,0,False,,,,
1766471762.090807,0.47391158803001676,0.8877465173913492,0.9468194246292114,0,False,,,,
1766471762.0976572,0.5124316735846287,0.8619174979664981,0.44111240408033675,0,False,,,,
1766471762.249459,0.5124316735846287,0.8619174979664981,0.44111240408033675,0,False,,,,
1766471762.256434,0.28919072687389086,1.0242098607296786,0.1678071487114086,0,False,,,,
1766471762.26142,0.28919072687389086,1.0242098607296786,0.1678071487114086,0,False,,,,
1766471762.264169,0.28919072687389086,1.0242098607296786,0.1678071487114086,0,False,,,,
1766471762.266944,0.49356218644468697,0.8496435571845707,0.988913893699646,0,False,,,,
1766471762.4428039,0.49356218644468697,0.8496435571845707,0.988913893699646,0,False,,,,
1766471762.448509,0.49356218644468697,0.8496435571845707,0.988913893699646,0,False,,,,
1766471762.451641,0.4953085220887369,0.851286361333334,1.0,0,False,,,,
1766471762.454568,0.4961614008159754,0.8503759240360174,0.9914849698543549,0,False,,,,
1766471762.457331,0.2504208345987541,1.1045958320479377,0.25633878050761355,1,False,,,,
1766471762.847837,0.2504208345987541,1.1045958320479377,0.25633878050761355,1,False,,,,
1766471762.8542411,0.2504208345987541,1.1045958320479377,0.25633878050761355,1,False,,,,
1766471762.857823,0.13477861799031388,1.0272567319154022,0.1657575129924533,1,False,,,,
1766471762.860972,0.13477861799031388,1.0272567319154022,0.1657575129924533,1,False,,,,
1766471762.866111,0.5800511088025058,0.3295339327321163,1.0,1,True,0.4886919856071472,0.2540336549282074,0.08825874328613281,0.19212426245212555
1766471763.454989,0.5800511088025058,0.3295339327321163,1.0,1,True,0.4886919856071472,0.2540336549282074,0.08825874328613281,0.19212426245212555
1766471763.462804,0.5791383420433001,0.33024344643057446,1.0,1,True,0.4886919856071472,0.2540336549282074,0.08825874328613281,0.19212426245212555
1766471763.4677062,0.5791383420433001,0.33024344643057446,1.0,1,True,0.4886919856071472,0.2540336549282074,0.08825874328613281,0.19212426245212555
1766471763.470062,0.5791383420433001,0.33024344643057446,1.0,1,True,0.4886919856071472,0.2540336549282074,0.08825874328613281,0.19212426245212555
1766471763.47247,0.5719902362043257,0.33722136436819095,1.0,1,False,,,,
1766471763.7680051,0.5719902362043257,0.33722136436819095,1.0,1,False,,,,
1766471763.773616,0.5719902362043257,0.33722136436819095,1.0,1,False,,,,
1766471763.776466,0.5717467972843395,0.34010743788341957,1.0,1,False,,,,
1766471763.779362,0.5711945376649202,0.3407319941141489,1.0,1,False,,,,
1766471763.781881,0.4676188503698354,1.0187575455786477,0.7887226045131683,2,False,,,,
1766471764.2130299,0.43005544913728777,1.1838246357369233,0.9065713286399841,2,False,,,,
1766471764.221086,0.43005544913728777,1.1838246357369233,0.9065713286399841,2,False,,,,
1766471764.22677,0.43005544913728777,1.1838246357369233,0.9065713286399841,2,False,,,,
1766471764.230277,0.4838415004513271,0.34231624489195345,0.23109317998211742,2,False,,,,
1766471764.2348008,0.5120236527513314,1.012440044079789,0.7813780009746552,0,False,,,,
1766471764.395252,0.5120236527513314,1.012440044079789,0.7813780009746552,0,False,,,,
1766471764.402729,0.5139938078074524,0.9958022014359436,0.8399851322174072,0,False,,,,
1766471764.409942,0.5139938078074524,0.9958022014359436,0.8399851322174072,0,False,,,,
1766471764.413544,0.5162577700240838,0.9813160708633567,0.802175372838974,0,False,,,,
1766471764.4168608,0.6755387209817897,0.9629732423098416,0.9045062959194183,0,False,,,,
1766471764.7004611,0.6710512919978585,0.9564983272209807,0.933825671672821,0,False,,,,
1766471764.708739,0.6710512919978585,0.9564983272209807,0.933825671672821,0,False,,,,
1766471764.7138739,0.6682658222721953,0.946450762101326,0.9153560698032379,0,False,,,,
1766471764.7168992,0.6682658222721953,0.946450762101326,0.9153560698032379,0,False,,,,
1766471764.721445,0.6594309979988249,0.890833913898868,0.9287988543510437,0,False,,,,
1766471764.911422,0.6594309979988249,0.890833913898868,0.9287988543510437,0,False,,,,
1766471764.915909,0.6599737138137364,0.8880679015139963,0.9192685484886169,0,False,,,,
1766471764.918376,0.659116581344834,0.88696584353501,0.9230577349662781,0,False,,,,
1766471764.9208121,0.659116581344834,0.88696584353501,0.9230577349662781,0,False,,,,
1766471764.925756,0.5868548941839964,0.7987056393733775,1.0,0,False,,,,
1766471765.4384909,0.5818277757994427,0.7980115135293647,1.0,0,False,,,,
1766471765.445724,0.5818277757994427,0.7980115135293647,1.0,0,False,,,,
1766471765.4504828,0.5818277757994427,0.7980115135293647,1.0,0,False,,,,
1766471765.453928,0.5777190824244606,0.8027962984630573,1.0,0,False,,,,
1766471765.456635,0.5063018274006195,1.1136263108228226,0.9960445761680603,0,False,,,,
1766471765.81793,0.5063018274006195,1.1136263108228226,0.9960445761680603,0,False,,,,
1766471765.824579,0.5049797019323137,1.1282088814427607,1.0,0,False,,,,
1766471765.8287659,0.5049797019323137,1.1282088814427607,1.0,0,False,,,,
1766471765.833488,0.5049797019323137,1.1282088814427607,1.0,0,False,,,,
1766471765.836315,0.5357229306944111,1.0589920842380227,0.9096900522708893,0,False,,,,
1766471765.989203,0.539579674042439,1.0520007939003824,0.9872952401638031,0,False,,,,
1766471765.996724,0.539579674042439,1.0520007939003824,0.9872952401638031,0,False,,,,
1766471766.001487,0.539579674042439,1.0520007939003824,0.9872952401638031,0,False,,,,
1766471766.0043662,0.5403018781452134,1.0454972476065136,0.951542854309082,0,False,,,,
1766471766.007602,0.5746863445918396,0.7135371026732996,0.9413264989852905,0,False,,,,
1766471766.830806,0.5746863445918396,0.7135371026732996,0.9413264989852905,0,False,,,,
1766471766.839401,0.5746863445918396,0.7135371026732996,0.9413264989852905,0,False,,,,
1766471766.842603,0.5740809608778432,0.7145315260945302,0.9156652987003326,0,False,,,,
1766471766.8450072,0.5740809608778432,0.7145315260945302,0.9156652987003326,0,False,,,,
1766471766.849304,0.6330110827534655,0.6312147543290986,0.9230567514896393,0,False,,,,
1766471767.049133,0.6348603320457209,0.6207473882018308,0.8867098987102509,0,False,,,,
1766471767.0544481,0.6348603320457209,0.6207473882018308,0.8867098987102509,0,False,,,,
1766471767.057428,0.6348603320457209,0.6207473882018308,0.8867098987102509,0,False,,,,
1766471767.059864,0.6353152875553153,0.6132843415959055,0.8763633072376251,0,False,,,,
1766471767.0623171,0.4569523992360761,0.7415109156711007,0.4271623615850365,0,False,,,,
1766471767.292011,0.4569523992360761,0.7415109156711007,0.4271623615850365,0,False,,,,
1766471767.298033,0.7331635122938858,0.8165386902133425,0.24926041837850454,0,False,,,,
1766471767.301561,0.7331635122938858,0.8165386902133425,0.24926041837850454,0,False,,,,
1766471767.307054,0.7331635122938858,0.8165386902133425,0.24926041837850454,0,False,,,,
1766471767.309726,0.55872822764545,0.2600788369861262,1.0,0,False,,,,
1766471767.540459,0.55872822764545,0.2600788369861262,1.0,0,False,,,,
1766471767.547968,0.551164734502493,0.3030511526701808,1.0,0,False,,,,
1766471767.552955,0.551164734502493,0.3030511526701808,1.0,0,False,,,,
1766471767.5590851,0.551164734502493,0.3030511526701808,1.0,0,False,,,,
1766471767.562054,0.40499718425582387,0.5085072001163656,0.20565184670910988,1,False,,,,
1766471768.104031,0.5485750372469468,0.5097553143833383,0.20567626691538562,1,True,0.4883267879486084,0.5156265497207642,0.088836669921875,0.18033955991268158
1766471768.1108558,0.5485750372469468,0.5097553143833383,0.20567626691538562,1,True,0.4883267879486084,0.5156265497207642,0.088836669921875,0.18033955991268158
1766471768.116985,0.38336434489219784,0.43688887556673084,0.2969660978325788,1,False,,,,
1766471768.120188,0.38336434489219784,0.43688887556673084,0.2969660978325788,1,False,,,,
1766471768.125129,0.6059622548402951,0.4681859086964322,0.28286615037643015,1,False,,,,
1766471768.3344278,0.6137101428754296,0.4501144779604951,0.3034657072723357,1,False,,,,
1766471768.3419662,0.6137101428754296,0.4501144779604951,0.3034657072723357,1,False,,,,
1766471768.34706,0.6137101428754296,0.4501144779604951,0.3034657072723357,1,False,,,,
1766471768.350813,0.3181020885036921,0.5801182910050815,0.7807407975196838,1,False,,,,
1766471768.355982,0.584818935878726,0.7880107112781319,0.9496487081050873,1,False,,,,
1766471768.5931149,0.584818935878726,0.7880107112781319,0.9496487081050873,1,False,,,,
1766471768.600192,0.5824359049948716,0.796082932261682,0.9477088749408722,1,False,,,,
1766471768.603251,0.5789380465278715,0.8014852145336161,0.9421035349369049,1,False,,,,
1766471768.606226,0.5789380465278715,0.8014852145336161,0.9421035349369049,1,False,,,,
1766471768.611406,0.46743003196553745,0.6321861921175932,1.0,1,False,,,,
1766471768.848442,0.46743003196553745,0.6321861921175932,1.0,1,False,,,,
1766471768.85503,0.46972266618225794,0.664327997444141,1.0,1,False,,,,
1766471768.857606,0.46972266618225794,0.664327997444141,1.0,1,False,,,,
1766471768.861992,0.46972266618225794,0.664327997444141,1.0,1,False,,,,
1766471768.8646889,0.5367853274675821,0.6872194853162411,1.0,0,False,,,,
1766471769.586132,0.5367853274675821,0.6872194853162411,1.0,0,False,,,,
1766471769.590562,0.5361235018253241,0.6873492291188193,0.9773551523685455,0,False,,,,
1766471769.5932002,0.5361235018253241,0.6873492291188193,0.9773551523685455,0,False,,,,
1766471769.596829,0.5361235018253241,0.6873492291188193,0.9773551523685455,0,False,,,,
1766471769.6029088,0.5304960692619837,0.6352072948125191,0.9849774241447449,1,False,,,,
1766471769.8349981,0.5304960692619837,0.6352072948125191,0.9849774241447449,1,False,,,,
1766471769.840867,0.5302629761512,0.632213646046022,0.9853248000144958,1,False,,,,
1766471769.8442738,0.5302629761512,0.632213646046022,0.9853248000144958,1,False,,,,
1766471769.8476002,0.5302629761512,0.632213646046022,0.9853248000144958,1,False,,,,
1766471769.853992,0.5927306186607619,0.9711586961546999,0.28065299490106266,1,False,,,,
1766471770.058902,0.5927306186607619,0.9711586961546999,0.28065299490106266,1,False,,,,
1766471770.0648909,0.623530856257019,0.9566524536739608,0.4140697783838737,1,False,,,,
1766471770.0701308,0.623530856257019,0.9566524536739608,0.4140697783838737,1,False,,,,
1766471770.0744529,0.623530856257019,0.9566524536739608,0.4140697783838737,1,False,,,,
1766471770.0775502,0.6127464399453622,0.6070324775693494,0.8921481966972351,1,False,,,,
1766471770.2955189,0.6091937457303707,0.6171720439488025,0.8917960226535797,1,False,,,,
1766471770.302208,0.6091937457303707,0.6171720439488025,0.8917960226535797,1,False,,,,
1766471770.307531,0.6091937457303707,0.6171720439488025,0.8917960226535797,1,False,,,,
1766471770.310356,0.6091937457303707,0.6171720439488025,0.8917960226535797,1,False,,,,
1766471770.3131342,0.6339294892690684,0.7163041195730295,0.8286572098731995,1,False,,,,
1766471770.5275571,0.6339294892690684,0.7163041195730295,0.8286572098731995,1,False,,,,
1766471770.533761,0.633089845271093,0.7082013231636558,0.882751077413559,1,False,,,,
1766471770.539965,0.633089845271093,0.7082013231636558,0.882751077413559,1,False,,,,
1766471770.542975,0.633089845271093,0.7082013231636558,0.882751077413559,1,False,,,,
1766471770.5463018,0.5564089494492379,0.649207021047593,0.7719678461551667,1,False,,,,
1766471770.768268,0.5569233196592508,0.64836723143552,0.8,1,False,,,,
1766471770.774949,0.5569233196592508,0.64836723143552,0.8,1,False,,,,
1766471770.780288,0.5606557807130897,0.64324100964308,0.8,1,False,,,,
1766471770.783631,0.5606557807130897,0.64324100964308,0.8,1,False,,,,
1766471770.7864819,0.58398945439772,0.6498066150355188,0.9040182530879974,1,False,,,,
1766471770.992322,0.58398945439772,0.6498066150355188,0.9040182530879974,1,False,,,,
1766471770.997683,0.583370092958643,0.641330201238556,0.8995226621627808,1,False,,,,
1766471771.001411,0.583370092958643,0.641330201238556,0.8995226621627808,1,False,,,,
1766471771.00457,0.583370092958643,0.641330201238556,0.8995226621627808,1,False,,,,
1766471771.010366,0.5433826909938244,0.6090199711731386,1.0,1,False,,,,
1766471771.709703,0.5433826909938244,0.6090199711731386,1.0,1,False,,,,
1766471771.715117,0.5433826909938244,0.6090199711731386,1.0,1,False,,,,
1766471771.7203689,0.5450430492979543,0.6078345227037171,1.0,1,False,,,,
1766471771.7233028,0.5450430492979543,0.6078345227037171,1.0,1,False,,,,
1766471771.729861,0.6019198809779646,0.6320277702480451,0.9396888017654419,1,False,,,,
1766471772.061281,0.6019198809779646,0.6320277702480451,0.9396888017654419,1,False,,,,
1766471772.066977,0.6019198809779646,0.6320277702480451,0.9396888017654419,1,False,,,,
1766471772.070527,0.6018793310360537,0.6295514782048961,0.9377131164073944,1,False,,,,
1766471772.07394,0.6018793310360537,0.6295514782048961,0.9377131164073944,1,False,,,,
1766471772.079027,0.5416338350216023,0.6079279086507162,1.0,2,False,,,,
1766471772.349476,0.5416338350216023,0.6079279086507162,1.0,2,False,,,,
1766471772.354911,0.5416338350216023,0.6079279086507162,1.0,2,False,,,,
1766471772.3585951,0.5417183409635602,0.609607022218478,1.0,2,False,,,,
1766471772.362229,0.5417183409635602,0.609607022218478,1.0,2,False,,,,
1766471772.368187,0.557451831643968,0.5991750230912843,1.0,2,False,,,,
1766471772.882553,0.557451831643968,0.5991750230912843,1.0,2,False,,,,
1766471772.888244,0.557451831643968,0.5991750230912843,1.0,2,False,,,,
1766471772.891249,0.557451831643968,0.5991750230912843,1.0,2,False,,,,
1766471772.895114,0.5714831458292985,0.6124968255707975,1.0,2,False,,,,
1766471772.8977542,0.5439719711420162,0.6204710231121238,0.9979206919670105,1,False,,,,
1766471773.152062,0.5439719711420162,0.6204710231121238,0.9979206919670105,1,False,,,,
1766471773.157141,0.5439719711420162,0.6204710231121238,0.9979206919670105,1,False,,,,
1766471773.1602528,0.5430648080420781,0.6253960427369272,1.0,1,False,,,,
1766471773.163221,0.541880616961383,0.6275214687844894,1.0,1,False,,,,
1766471773.16575,0.5199941750082087,0.6110984499807369,0.9684260487556458,1,False,,,,
1766471773.871726,0.5201855435600669,0.6083993318580103,1.0,1,False,,,,
1766471773.8770418,0.5201855435600669,0.6083993318580103,1.0,1,False,,,,
1766471773.880126,0.5207668369539146,0.6065921018861528,1.0,1,False,,,,
1766471773.8826098,0.5209198439572834,0.6059729430013331,1.0,1,False,,,,
1766471773.885122,0.5076722460752789,0.8761263548905011,0.8918066918849945,1,True,0.488710880279541,0.7114675641059875,0.07902918010950089,0.16016659140586853
1766471774.9769778,0.5076722460752789,0.8761263548905011,0.8918066918849945,1,True,0.488710880279541,0.7114675641059875,0.07902918010950089,0.16016659140586853
1766471774.984499,0.508005401006532,0.8657764025210414,0.9222188889980316,1,True,0.488710880279541,0.7114675641059875,0.07902918010950089,0.16016659140586853
1766471774.987364,0.508005401006532,0.8657764025210414,0.9222188889980316,1,True,0.488710880279541,0.7114675641059875,0.07902918010950089,0.16016659140586853
1766471774.9901829,0.508005401006532,0.8657764025210414,0.9222188889980316,1,True,0.488710880279541,0.7114675641059875,0.07902918010950089,0.16016659140586853
1766471774.9946811,0.5755881433703958,0.847228449508455,0.9603858888149261,0,False,,,,
1766471775.144445,0.5755881433703958,0.847228449508455,0.9603858888149261,0,False,,,,
1766471775.151813,0.5755881433703958,0.847228449508455,0.9603858888149261,0,False,,,,
1766471775.155154,0.5758617110229538,0.8541400728343185,0.9836839437484741,0,False,,,,
1766471775.159132,0.5758617110229538,0.8541400728343185,0.9836839437484741,0,False,,,,
1766471775.163501,0.5862937166573681,0.7059189024622786,0.9949514269828796,0,False,,,,
1766471775.326317,0.5862937166573681,0.7059189024622786,0.9949514269828796,0,False,,,,
1766471775.332264,0.5862937166573681,0.7059189024622786,0.9949514269828796,0,False,,,,
1766471775.335066,0.5862937166573681,0.7059189024622786,0.9949514269828796,0,False,,,,
1766471775.338235,0.5845916873770152,0.6939491741322085,0.9903258681297302,0,False,,,,
1766471775.341242,0.4807208559879169,0.6583783837375012,1.0,0,False,,,,
1766471775.756499,0.482046747447369,0.6546591696073791,1.0,0,False,,,,
1766471775.7619681,0.482046747447369,0.6546591696073791,1.0,0,False,,,,
1766471775.767113,0.482046747447369,0.6546591696073791,1.0,0,False,,,,
1766471775.7702541,0.482046747447369,0.6546591696073791,1.0,0,False,,,,
1766471775.7730281,0.4524225133740113,0.9542445011007376,1.0,0,False,,,,
1766471776.119355,0.4524225133740113,0.9542445011007376,1.0,0,False,,,,
1766471776.124628,0.4537066704986158,0.9549398200017335,1.0,0,False,,,,
1766471776.127445,0.4537066704986158,0.9549398200017335,1.0,0,False,,,,
1766471776.13017,0.4537066704986158,0.9549398200017335,1.0,0,False,,,,
1766471776.135019,0.4624374104742131,0.942858766021141,1.0,0,False,,,,
1766471776.294433,0.45711357288211574,0.9457158279563962,1.0,0,False,,,,
1766471776.299964,0.45711357288211574,0.9457158279563962,1.0,0,False,,,,
1766471776.305005,0.45711357288211574,0.9457158279563962,1.0,0,False,,,,
1766471776.3076868,0.4528499512958465,0.9497796447070872,1.0,0,False,,,,
1766471776.310239,0.4784354028971992,0.8169716131738883,1.0,0,False,,,,
1766471777.880928,0.4784354028971992,0.8169716131738883,1.0,0,False,,,,
1766471777.886962,0.47779978829105707,0.8179966476502778,1.0,0,False,,,,
1766471777.8921149,0.47779978829105707,0.8179966476502778,1.0,0,False,,,,
1766471777.897245,0.47779978829105707,0.8179966476502778,1.0,0,False,,,,
1766471777.90027,1.122928605577611,0.8998573405328741,0.760080295898224,0,False,,,,
1766471778.058064,1.122928605577611,0.8998573405328741,0.760080295898224,0,False,,,,
1766471778.064587,1.122928605577611,0.8998573405328741,0.760080295898224,0,False,,,,
1766471778.067199,0.7064495910344059,0.9184518059130053,0.4596419969224328,0,False,,,,
1766471778.069669,0.6041810347236944,0.814954092735979,0.4594309306317441,0,False,,,,
1766471778.0731149,0.5677025246727,0.10577192025222737,1.0,0,False,,,,
1766471778.272485,0.5691767543045007,0.11502924724794028,1.0,0,False,,,,
1766471778.2800698,0.5691767543045007,0.11502924724794028,1.0,0,False,,,,
1766471778.282811,0.5691767543045007,0.11502924724794028,1.0,0,False,,,,
1766471778.285662,0.5673016567907274,0.14220484158643398,1.0,0,False,,,,
1766471778.2900171,0.5743254118691146,0.2917949064339491,1.0,1,True,0.49226707220077515,0.30976536870002747,0.09712819755077362,0.20741331577301025
1766471778.498971,0.5743254118691146,0.2917949064339491,1.0,1,True,0.49226707220077515,0.30976536870002747,0.09712819755077362,0.20741331577301025
1766471778.505437,0.5729892744260922,0.30132508266915026,1.0,1,True,0.49226707220077515,0.30976536870002747,0.09712819755077362,0.20741331577301025
1766471778.508373,0.5729892744260922,0.30132508266915026,1.0,1,True,0.49226707220077515,0.30976536870002747,0.09712819755077362,0.20741331577301025
1766471778.51358,0.5729892744260922,0.30132508266915026,1.0,1,True,0.49226707220077515,0.30976536870002747,0.09712819755077362,0.20741331577301025
1766471778.5163908,0.4880758253420342,0.714669080566339,0.28996864948625234,1,False,,,,
1766471778.731383,0.4880758253420342,0.714669080566339,0.28996864948625234,1,False,,,,
1766471778.7371898,0.4880758253420342,0.714669080566339,0.28996864948625234,1,False,,,,
1766471778.7401652,0.623052786658474,0.5296491033326489,0.2233813967829553,1,False,,,,
1766471778.7432141,0.623052786658474,0.5296491033326489,0.2233813967829553,1,False,,,,
1766471778.7458591,0.5372049205764132,0.6520384179025227,1.0,1,True,0.4767534136772156,0.6112028360366821,0.08866806328296661,0.18125474452972412
1766471779.108595,0.5351486374958847,0.6619053012542988,1.0,1,True,0.4767534136772156,0.6112028360366821,0.08866806328296661,0.18125474452972412
1766471779.113672,0.5350212375489336,0.6645981676842481,1.0,1,True,0.4767534136772156,0.6112028360366821,0.08866806328296661,0.18125474452972412
1766471779.119981,0.5350212375489336,0.6645981676842481,1.0,1,True,0.4767534136772156,0.6112028360366821,0.08866806328296661,0.18125474452972412
1766471779.123361,0.5348508304078444,0.6662933506643257,1.0,1,True,0.4767534136772156,0.6112028360366821,0.08866806328296661,0.18125474452972412
1766471779.1262772,0.5424734377379092,0.7688491635658145,1.0,1,True,0.46078673005104065,0.7729347348213196,0.0847499817609787,0.15656264126300812
1766471779.402519,0.5424734377379092,0.7688491635658145,1.0,1,True,0.46078673005104065,0.7729347348213196,0.0847499817609787,0.15656264126300812
1766471779.408841,0.5422110343736242,0.7728996625407929,1.0,1,True,0.46078673005104065,0.7729347348213196,0.0847499817609787,0.15656264126300812
1766471779.412129,0.5422110343736242,0.7728996625407929,1.0,1,True,0.46078673005104065,0.7729347348213196,0.0847499817609787,0.15656264126300812
1766471779.416028,0.5422110343736242,0.7728996625407929,1.0,1,True,0.46078673005104065,0.7729347348213196,0.0847499817609787,0.15656264126300812
1766471779.422335,0.5131151378302986,0.6984971689112829,0.9905466735363007,1,False,,,,
1766471780.284468,0.5133139425613233,0.6970700167109235,1.0,1,False,,,,
1766471780.291049,0.5133139425613233,0.6970700167109235,1.0,1,False,,,,
1766471780.296972,0.5149462392829643,0.6952113130116748,1.0,1,False,,,,
1766471780.302059,0.5149462392829643,0.6952113130116748,1.0,1,False,,,,
1766471780.307381,0.5472562182012741,0.7041778532800649,0.9817342758178711,1,False,,,,
1766471780.555628,0.5472562182012741,0.7041778532800649,0.9817342758178711,1,False,,,,
1766471780.561781,0.5472562182012741,0.7041778532800649,0.9817342758178711,1,False,,,,
1766471780.564988,0.547842606614114,0.7023683283147862,1.0,1,False,,,,
1766471780.567706,0.547842606614114,0.7023683283147862,1.0,1,False,,,,
1766471780.5701709,0.5762796061093229,0.7162890146346291,0.9610710442066193,1,False,,,,
1766471780.8204439,0.5757146587781542,0.7170461785270004,1.0,1,False,,,,
1766471780.826565,0.5757146587781542,0.7170461785270004,1.0,1,False,,,,
1766471780.832578,0.5760372617903945,0.7171963247675279,1.0,1,False,,,,
1766471780.836083,0.57620049475119,0.717233941147812,1.0,1,False,,,,
1766471780.8385541,0.5379469130587772,0.7123715650435722,1.0,1,False,,,,
1766471781.0644119,0.5379469130587772,0.7123715650435722,1.0,1,False,,,,
1766471781.0706182,0.5371678498968392,0.7120656935175742,1.0,1,False,,,,
1766471781.073786,0.5371678498968392,0.7120656935175742,1.0,1,False,,,,
1766471781.078812,0.5371678498968392,0.7120656935175742,1.0,1,False,,,,
1766471781.081629,0.5989025085280245,0.7016331184098378,0.9646885991096497,1,False,,,,
1766471782.127947,0.5986286416645253,0.7037809509023452,1.0,1,False,,,,
1766471782.134037,0.5986286416645253,0.7037809509023452,1.0,1,False,,,,
1766471782.139195,0.5986286416645253,0.7037809509023452,1.0,1,False,,,,
1766471782.142501,0.6001297804616057,0.7063026039111188,0.9653104543685913,1,False,,,,
1766471782.145469,0.5152384623480317,0.6843905774612539,0.9933637082576752,1,False,,,,
1766471782.407261,0.5146700831742436,0.6817919960842083,0.9933637082576752,1,False,,,,
1766471782.412621,0.5139044988175284,0.6815491275649536,1.0,1,False,,,,
1766471782.4175081,0.5139044988175284,0.6815491275649536,1.0,1,False,,,,
1766471782.420097,0.5139044988175284,0.6815491275649536,1.0,1,False,,,,
1766471782.422616,0.5125871614674489,0.6716809147390775,1.0,1,False,,,,
1766471782.640906,0.5125871614674489,0.6716809147390775,1.0,1,False,,,,
1766471782.6469061,0.5456070618649133,0.692649253703968,0.995,1,False,,,,
1766471782.6511009,0.5456070618649133,0.692649253703968,0.995,1,False,,,,
1766471782.656724,0.5456070618649133,0.692649253703968,0.995,1,False,,,,
1766471782.660001,0.6095224476403087,0.266564387457785,1.0,1,False,,,,
1766471783.9762611,0.6095224476403087,0.266564387457785,1.0,1,False,,,,
1766471783.9830568,0.6095224476403087,0.266564387457785,1.0,1,False,,,,
1766471783.985943,0.6030822449737098,0.2420716171436459,1.0,1,False,,,,
1766471783.9899662,0.6030822449737098,0.2420716171436459,1.0,1,False,,,,
1766471783.994603,0.548530063130301,0.38823639077303795,1.0,1,False,,,,
1766471784.252092,0.5487074595063048,0.3947087882742728,1.0,1,False,,,,
1766471784.259221,0.549325597361109,0.3958956939731735,1.0,1,True,0.48632460832595825,0.4143316447734833,0.08608369529247284,0.1885957568883896
1766471784.265911,0.549325597361109,0.3958956939731735,1.0,1,True,0.48632460832595825,0.4143316447734833,0.08608369529247284,0.1885957568883896
1766471784.269112,0.5497074845998562,0.40104930256677895,1.0,1,True,0.48632460832595825,0.4143316447734833,0.08608369529247284,0.1885957568883896
1766471784.271915,0.4736118170047276,0.8856060256985049,1.0,1,False,,,,
1766471785.483024,0.4736118170047276,0.8856060256985049,1.0,1,False,,,,
1766471785.489603,0.4736118170047276,0.8856060256985049,1.0,1,False,,,,
1766471785.4928489,0.4663389936813919,0.9686263817749247,1.0,1,False,,,,
1766471785.496908,0.465083910635755,0.9769538430496787,0.9900337755680084,1,False,,,,
1766471785.50025,0.5841864744856708,0.36770507497608773,1.0,1,True,0.543381929397583,0.3340197801589966,0.07896967232227325,0.1474895030260086
1766471786.2123141,0.5852112063755923,0.3723607550891026,1.0,1,True,0.543381929397583,0.3340197801589966,0.07896967232227325,0.1474895030260086
1766471786.217083,0.5852112063755923,0.3723607550891026,1.0,1,True,0.543381929397583,0.3340197801589966,0.07896967232227325,0.1474895030260086
1766471786.222313,0.5852112063755923,0.3723607550891026,1.0,1,True,0.543381929397583,0.3340197801589966,0.07896967232227325,0.1474895030260086
1766471786.2256808,0.5852112063755923,0.3723607550891026,1.0,1,True,0.543381929397583,0.3340197801589966,0.07896967232227325,0.1474895030260086
1766471786.229556,0.5591404216288104,0.45151954037162956,1.0,1,False,,,,
1766471786.434578,0.5591404216288104,0.45151954037162956,1.0,1,False,,,,
1766471786.440764,0.5591404216288104,0.45151954037162956,1.0,1,False,,,,
1766471786.4438798,0.5592897258698661,0.4528316513437458,1.0,1,False,,,,
1766471786.446742,0.5590276798309797,0.4543443914085107,1.0,1,False,,,,
1766471786.449684,0.5161651884206232,0.5048083011242348,1.0,2,False,,,,
1766471786.725475,0.5161651884206232,0.5048083011242348,1.0,2,False,,,,
1766471786.731642,0.5148652784800458,0.5082464407967345,1.0,2,False,,,,
1766471786.734646,0.514956430728761,0.5092862068323664,1.0,2,False,,,,
1766471786.7405062,0.514956430728761,0.5092862068323664,1.0,2,False,,,,
1766471786.7468212,0.5438147074220292,0.5255055115124149,1.0,2,False,,,,
1766471787.045158,0.5438147074220292,0.5255055115124149,1.0,2,False,,,,
1766471787.051372,0.5430357991450327,0.5266530963759818,1.0,2,False,,,,
1766471787.054633,0.5430357991450327,0.5266530963759818,1.0,2,False,,,,
1766471787.0595672,0.5430357991450327,0.5266530963759818,1.0,2,False,,,,
1766471787.062525,0.5556713853809689,0.5502516507851112,1.0,2,False,,,,
1766471787.343188,0.5556713853809689,0.5502516507851112,1.0,2,False,,,,
1766471787.348564,0.5556713853809689,0.5502516507851112,1.0,2,False,,,,
1766471787.3511791,0.5556713853809689,0.5502516507851112,1.0,2,False,,,,
1766471787.354144,0.5568734273626249,0.5504972024140018,1.0,2,False,,,,
1766471787.357592,0.5830868804568882,0.580635802859707,1.0,2,False,,,,
1766471787.667649,0.5828192773038412,0.5814423360677539,1.0,2,False,,,,
1766471787.6731908,0.5827617477567104,0.5846324915814184,1.0,2,False,,,,
1766471787.678962,0.5827617477567104,0.5846324915814184,1.0,2,False,,,,
1766471787.6820621,0.5827617477567104,0.5846324915814184,1.0,2,False,,,,
1766471787.684767,0.5590712448255413,0.5699653937867833,1.0,2,False,,,,
1766471787.960979,0.5590712448255413,0.5699653937867833,1.0,2,False,,,,
1766471787.966285,0.5590712448255413,0.5699653937867833,1.0,2,False,,,,
1766471787.969332,0.5590712448255413,0.5699653937867833,1.0,2,False,,,,
1766471787.9718468,0.5570147221470014,0.5712446125113742,1.0,2,False,,,,
1766471787.974657,0.5511791375260423,0.5662909546852615,1.0,2,False,,,,
1766471788.231349,0.5511791375260423,0.5662909546852615,1.0,2,False,,,,
1766471788.236643,0.5511791375260423,0.5662909546852615,1.0,2,False,,,,
1766471788.242167,0.5510318760861539,0.5635524219781302,1.0,2,False,,,,
1766471788.245662,0.5510318760861539,0.5635524219781302,1.0,2,False,,,,
1766471788.252193,0.5543381320643233,0.5573684072231386,1.0,2,False,,,,
1766471788.512882,0.5543761070399273,0.5584023484939354,1.0,2,False,,,,
1766471788.518949,0.5543761070399273,0.5584023484939354,1.0,2,False,,,,
1766471788.524647,0.5546546144974857,0.5596939893634663,1.0,2,False,,,,
1766471788.528158,0.5546546144974857,0.5596939893634663,1.0,2,False,,,,
1766471788.5311658,0.5301246064833667,0.5338750872280467,1.0,2,False,,,,
1766471789.197494,0.5295882629339104,0.5355296520100346,1.0,2,False,,,,
1766471789.204594,0.5295882629339104,0.5355296520100346,1.0,2,False,,,,
1766471789.207466,0.5295882629339104,0.5355296520100346,1.0,2,False,,,,
1766471789.210295,0.5295882629339104,0.5355296520100346,1.0,2,False,,,,
1766471789.214986,0.5635792204624739,0.5449595873524138,1.0,2,False,,,,
1766471789.490603,0.5635792204624739,0.5449595873524138,1.0,2,False,,,,
1766471789.496383,0.5618705031254421,0.5454360679590443,1.0,2,False,,,,
1766471789.499928,0.5618705031254421,0.5454360679590443,1.0,2,False,,,,
1766471789.5025961,0.5618705031254421,0.5454360679590443,1.0,2,False,,,,
1766471789.507342,0.5479451670132164,0.5252316766987277,1.0,2,False,,,,
1766471789.8785012,0.5479451670132164,0.5252316766987277,1.0,2,False,,,,
1766471789.884436,0.5468806849672646,0.5243387637438693,1.0,2,False,,,,
1766471789.8884401,0.5468806849672646,0.5243387637438693,1.0,2,False,,,,
1766471789.894186,0.5468806849672646,0.5243387637438693,1.0,2,False,,,,
1766471789.897321,0.5837647639414107,0.5451689555118958,1.0,2,False,,,,
1766471790.1622982,0.5837647639414107,0.5451689555118958,1.0,2,False,,,,
1766471790.168148,0.5825356184964797,0.548311576142478,1.0,2,False,,,,
1766471790.1716921,0.5825356184964797,0.548311576142478,1.0,2,False,,,,
1766471790.178046,0.5825356184964797,0.548311576142478,1.0,2,False,,,,
1766471790.18118,0.5450022199102564,0.5350451728464619,1.0,2,False,,,,
1766471790.4561422,0.5450022199102564,0.5350451728464619,1.0,2,False,,,,
1766471790.4613461,0.5450022199102564,0.5350451728464619,1.0,2,False,,,,
1766471790.46424,0.5450022199102564,0.5350451728464619,1.0,2,False,,,,
1766471790.466767,0.5450022199102564,0.5350451728464619,1.0,2,False,,,,
1766471790.469695,0.5284969722960278,0.5383424342673709,1.0,2,False,,,,
1766471790.8042262,0.5283304497741915,0.5394130393759228,1.0,2,False,,,,
1766471790.8102772,0.5283304497741915,0.5394130393759228,1.0,2,False,,,,
1766471790.816305,0.5283304497741915,0.5394130393759228,1.0,2,False,,,,
1766471790.821337,0.5276413758778604,0.5398782298074676,1.0,2,False,,,,
1766471790.824119,0.5608639520817402,0.8456523533610283,0.2674334912266177,2,True,0.4873899519443512,0.6872702836990356,0.08123741298913956,0.15670284628868103
1766471791.100765,0.5608639520817402,0.8456523533610283,0.2674334912266177,2,True,0.4873899519443512,0.6872702836990356,0.08123741298913956,0.15670284628868103
1766471791.1074371,0.5771862015797156,0.6787303396626914,0.3679380429954333,2,False,,,,
1766471791.1111538,0.5771862015797156,0.6787303396626914,0.3679380429954333,2,False,,,,
1766471791.116566,0.5771862015797156,0.6787303396626914,0.3679380429954333,2,False,,,,
1766471791.119509,0.4944497677599916,1.0411176103740705,0.9142966270446777,2,False,,,,
1766471791.376415,0.4944497677599916,1.0411176103740705,0.9142966270446777,2,False,,,,
1766471791.384212,0.4944497677599916,1.0411176103740705,0.9142966270446777,2,False,,,,
1766471791.3868558,0.4944497677599916,1.0411176103740705,0.9142966270446777,2,False,,,,
1766471791.389686,0.49549221832301515,1.02980382898816,0.924615889787674,2,False,,,,
1766471791.3922591,0.5031482017027605,0.9112882202743439,0.9590375423431396,1,False,,,,
1766471791.686954,0.5031482017027605,0.9112882202743439,0.9590375423431396,1,False,,,,
1766471791.694656,0.5038868556235405,0.9089531713878,0.9703249335289001,1,False,,,,
1766471791.70057,0.5038868556235405,0.9089531713878,0.9703249335289001,1,False,,,,
1766471791.703727,0.5038868556235405,0.9089531713878,0.9703249335289001,1,False,,,,
1766471791.706183,0.5235186181702453,0.8627521414266838,0.9805909097194672,0,False,,,,
1766471791.8832169,0.5235186181702453,0.8627521414266838,0.9805909097194672,0,False,,,,
1766471791.8915122,0.5231509808337129,0.8658504094483733,0.9972909092903137,0,False,,,,
1766471791.894357,0.5235434397405262,0.8659395761332083,0.9972909092903137,0,False,,,,
1766471791.897203,0.5235434397405262,0.8659395761332083,0.9972909092903137,0,False,,,,
1766471791.902848,0.5193584987124288,0.8608837479113686,0.9816662073135376,0,False,,,,
1766471792.062672,0.5201197312691602,0.8563086128040035,1.0,0,False,,,,
1766471792.0694551,0.5201197312691602,0.8563086128040035,1.0,0,False,,,,
1766471792.073687,0.5201197312691602,0.8563086128040035,1.0,0,False,,,,
1766471792.076971,0.5211003757212838,0.8562351676494522,1.0,0,False,,,,
1766471792.079556,0.4445825953018163,0.8455860214743558,0.9775136411190033,0,False,,,,
1766471792.2791932,0.4442500243569901,0.8459439098574307,0.9874985814094543,0,False,,,,
1766471792.284937,0.4442500243569901,0.8459439098574307,0.9874985814094543,0,False,,,,
1766471792.289748,0.4442500243569901,0.8459439098574307,0.9874985814094543,0,False,,,,
1766471792.293649,0.44544426836991075,0.8511012050130761,0.9771332442760468,0,False,,,,
1766471792.296225,0.4535115526600362,0.8845440561227618,0.9568694233894348,0,False,,,,
1766471792.4825869,0.4535115526600362,0.8845440561227618,0.9568694233894348,0,False,,,,
1766471792.488399,0.4535115526600362,0.8845440561227618,0.9568694233894348,0,False,,,,
1766471792.490912,0.4535115526600362,0.8845440561227618,0.9568694233894348,0,False,,,,
1766471792.4932659,0.4535115526600362,0.8845440561227618,0.9568694233894348,0,False,,,,
1766471792.498834,0.5596816902868824,1.1376435937762688,0.2989997140648601,0,False,,,,
1766471793.0519412,0.5959822888337913,1.1674128509629649,0.210154173950894,0,False,,,,
1766471793.057444,0.5959822888337913,1.1674128509629649,0.210154173950894,0,False,,,,
1766471793.061635,0.5959822888337913,1.1674128509629649,0.210154173950894,0,False,,,,
1766471793.0646799,0.35689402418136507,1.1591525584257538,0.31795235444035674,0,False,,,,
1766471793.068278,0.5189890516054847,0.8434757251539755,0.9136969447135925,0,False,,,,
1766471793.2275898,0.5189890516054847,0.8434757251539755,0.9136969447135925,0,False,,,,
1766471793.2322948,0.5491253463401939,0.8212099243256566,0.9433397352695465,0,False,,,,
1766471793.235497,0.5491253463401939,0.8212099243256566,0.9433397352695465,0,False,,,,
1766471793.238227,0.5491253463401939,0.8212099243256566,0.9433397352695465,0,False,,,,
1766471793.24287,0.5210304237433931,0.8753545859229419,0.9586607217788696,0,False,,,,
1766471793.554623,0.5210304237433931,0.8753545859229419,0.9586607217788696,0,False,,,,
1766471793.560322,0.5210304237433931,0.8753545859229419,0.9586607217788696,0,False,,,,
1766471793.562602,0.5210304237433931,0.8753545859229419,0.9586607217788696,0,False,,,,
1766471793.564847,0.5210304237433931,0.8753545859229419,0.9586607217788696,0,False,,,,
1766471793.5671659,0.5054616399957663,0.8814935742346528,0.971201479434967,0,False,,,,
1766471794.3790238,0.5054616399957663,0.8814935742346528,0.971201479434967,0,False,,,,
1766471794.385232,0.5054616399957663,0.8814935742346528,0.971201479434967,0,False,,,,
1766471794.3882508,0.5055611000152881,0.8859061900330486,0.9663331806659698,0,False,,,,
1766471794.391243,0.5055611000152881,0.8859061900330486,0.9663331806659698,0,False,,,,
1766471794.394063,0.5078427835569743,0.9046926830659392,0.9825006127357483,0,False,,,,
1766471794.587119,0.5064239367229273,0.9067002275545202,1.0,0,False,,,,
1766471794.592196,0.5040092122870834,0.9146826945689126,0.9945691823959351,0,False,,,,
1766471794.596601,0.5040092122870834,0.9146826945689126,0.9945691823959351,0,False,,,,
1766471794.600842,0.5040092122870834,0.9146826945689126,0.9945691823959351,0,False,,,,
1766471794.6037939,0.4359735653203737,1.053066093159189,1.0,0,False,,,,
1766471794.826967,0.43995068994522973,1.0546313157759213,1.0,0,False,,,,
1766471794.83277,0.43995068994522973,1.0546313157759213,1.0,0,False,,,,
1766471794.837232,0.43995068994522973,1.0546313157759213,1.0,0,False,,,,
1766471794.8398561,0.47931239268935516,0.9349474337541563,0.7949999999999999,0,False,,,,
1766471794.843853,0.5782308039262583,0.3163023000221731,1.0,1,False,,,,
1766471795.171423,0.5782308039262583,0.3163023000221731,1.0,1,False,,,,
1766471795.179214,0.5783520001918598,0.33453173984241535,1.0,1,False,,,,
1766471795.1819232,0.5783520001918598,0.33453173984241535,1.0,1,False,,,,
1766471795.186889,0.5783520001918598,0.33453173984241535,1.0,1,False,,,,
1766471795.1896188,0.556660423180687,0.5154359846133434,1.0,2,False,,,,
1766471795.719947,0.556660423180687,0.5154359846133434,1.0,2,False,,,,
1766471795.726954,0.556378076566108,0.5154267920760411,1.0,2,False,,,,
1766471795.730783,0.5569876046085308,0.5173682796823468,1.0,2,False,,,,
1766471795.733599,0.5569876046085308,0.5173682796823468,1.0,2,False,,,,
1766471795.739721,0.557764291779046,0.527946838379566,1.0,2,False,,,,
1766471796.0210948,0.557764291779046,0.527946838379566,1.0,2,False,,,,
1766471796.026102,0.557764291779046,0.527946838379566,1.0,2,False,,,,
1766471796.029973,0.5577170698978786,0.5306365180589073,1.0,2,False,,,,
1766471796.033327,0.5577170698978786,0.5306365180589073,1.0,2,False,,,,
1766471796.0365329,0.41899963632746495,0.7651917121591331,0.3058063601164934,2,False,,,,
1766471796.324822,0.41899963632746495,0.7651917121591331,0.3058063601164934,2,False,,,,
1766471796.331336,0.6579931554404389,1.0011904160642486,0.34771949947978287,2,False,,,,
1766471796.3362129,0.39950432089342114,0.6788566821431584,0.421962064194402,2,False,,,,
1766471796.3414888,0.39950432089342114,0.6788566821431584,0.421962064194402,2,False,,,,
1766471796.344567,0.48520130476924406,1.003341307548818,0.9521286189556122,2,False,,,,
1766471796.64472,0.48520130476924406,1.003341307548818,0.9521286189556122,2,False,,,,
1766471796.6528058,0.4835523571129087,1.0090924955966198,0.9020066857337952,2,False,,,,
1766471796.658319,0.4835523571129087,1.0090924955966198,0.9020066857337952,2,False,,,,
1766471796.661172,0.4835523571129087,1.0090924955966198,0.9020066857337952,2,False,,,,
1766471796.663624,0.5632963302386359,0.1532646573715194,1.0,1,False,,,,
1766471796.890796,0.5632963302386359,0.1532646573715194,1.0,1,False,,,,
1766471796.8987799,0.5793853785321421,0.18105236745750797,1.0,1,False,,,,
1766471796.901613,0.5571798730055162,0.207772567525492,1.0,1,False,,,,
1766471796.904395,0.5571798730055162,0.207772567525492,1.0,1,False,,,,
1766471796.908897,0.5365706722639887,0.4646633036951121,1.0,2,False,,,,
1766471797.1645582,0.5365706722639887,0.4646633036951121,1.0,2,False,,,,
1766471797.1706848,0.5382490124702553,0.47112285301086243,1.0,2,False,,,,
1766471797.1738648,0.5382490124702553,0.47112285301086243,1.0,2,False,,,,
1766471797.17931,0.5382490124702553,0.47112285301086243,1.0,2,False,,,,
1766471797.182275,0.5708367920010617,0.5865986064353877,1.0,2,False,,,,
1766471797.450824,0.571760098112102,0.5859493789957031,1.0,2,False,,,,
1766471797.456991,0.5707989088009894,0.5929458491058659,1.0,2,False,,,,
1766471797.462858,0.5707989088009894,0.5929458491058659,1.0,2,False,,,,
1766471797.466332,0.5707989088009894,0.5929458491058659,1.0,2,False,,,,
1766471797.469032,0.5436012692686891,0.613555743581737,1.0,2,False,,,,
1766471797.764798,0.5436012692686891,0.613555743581737,1.0,2,False,,,,
1766471797.769436,0.5436012692686891,0.613555743581737,1.0,2,False,,,,
1766471797.773066,0.543421322140895,0.6140889769980714,1.0,2,False,,,,
1766471797.7756212,0.543421322140895,0.6140889769980714,1.0,2,False,,,,
1766471797.778444,0.5412718709925619,0.6163733040429397,1.0,2,False,,,,
1766471798.0701172,0.5412718709925619,0.6163733040429397,1.0,2,False,,,,
1766471798.075376,0.5417625252576139,0.6179923215881745,1.0,2,False,,,,
1766471798.079814,0.5417625252576139,0.6179923215881745,1.0,2,False,,,,
1766471798.086261,0.5417625252576139,0.6179923215881745,1.0,2,False,,,,
1766471798.08901,0.5465641941827739,0.6313905268850569,1.0,2,False,,,,
1766471798.3450649,0.5465641941827739,0.6313905268850569,1.0,2,False,,,,
1766471798.35054,0.5465641941827739,0.6313905268850569,1.0,2,False,,,,
1766471798.355697,0.5465641941827739,0.6313905268850569,1.0,2,False,,,,
1766471798.360269,0.5459106500658878,0.6292667903483912,1.0,2,False,,,,
1766471798.36377,0.5169321665127935,0.6437435348086027,1.0,2,False,,,,
1766471798.690652,0.5169321665127935,0.6437435348086027,1.0,2,False,,,,
1766471798.696643,0.5124807630047261,0.6501537281693104,1.0,2,False,,,,
1766471798.701298,0.5124807630047261,0.6501537281693104,1.0,2,False,,,,
1766471798.706547,0.5124807630047261,0.6501537281693104,1.0,2,False,,,,
1766471798.709425,0.5675661119444131,0.6944301062623549,1.0,2,False,,,,
1766471799.0948322,0.5673937666521727,0.6940585761968,1.0,2,False,,,,
1766471799.100343,0.567890151585342,0.6946525000488887,1.0,2,False,,,,
1766471799.104743,0.567890151585342,0.6946525000488887,1.0,2,False,,,,
1766471799.110296,0.567890151585342,0.6946525000488887,1.0,2,False,,,,
1766471799.113129,0.5662282416712883,0.6922843285802204,1.0,2,False,,,,
1766471799.371923,0.5662282416712883,0.6922843285802204,1.0,2,False,,,,
1766471799.3776221,0.5662282416712883,0.6922843285802204,1.0,2,False,,,,
1766471799.3808692,0.5666047560520793,0.6927507762067858,1.0,2,False,,,,
1766471799.3835971,0.5666047560520793,0.6927507762067858,1.0,2,False,,,,
1766471799.386528,0.5954181394495316,0.6916473896748853,1.0,2,False,,,,
1766471799.706856,0.5954181394495316,0.6916473896748853,1.0,2,False,,,,
1766471799.711987,0.5954181394495316,0.6916473896748853,1.0,2,False,,,,
1766471799.715095,0.594790836402671,0.6922051607810911,1.0,2,False,,,,
1766471799.718055,0.5944548401916062,0.6909254955332119,1.0,2,False,,,,
1766471799.7215512,0.6000691252912759,0.6881705936441752,1.0,2,False,,,,
1766471799.978672,0.6000691252912759,0.6881705936441752,1.0,2,False,,,,
1766471799.98411,0.6001538144983221,0.6890310711587806,1.0,2,False,,,,
1766471799.988777,0.6001538144983221,0.6890310711587806,1.0,2,False,,,,
1766471799.992748,0.6001538144983221,0.6890310711587806,1.0,2,False,,,,
1766471799.998698,0.5861302479872881,0.6551288882793838,1.0,2,False,,,,
1766471800.344648,0.5861302479872881,0.6551288882793838,1.0,2,False,,,,
1766471800.35076,0.5874817294253762,0.6532777387508707,1.0,2,False,,,,
1766471800.354527,0.5850546407186776,0.6530252234642805,1.0,2,False,,,,
1766471800.357158,0.5850546407186776,0.6530252234642805,1.0,2,False,,,,
1766471800.362648,0.5907097655648867,0.6504030854794075,1.0,2,False,,,,
1766471800.733214,0.5907097655648867,0.6504030854794075,1.0,2,False,,,,
1766471800.739394,0.6062675835270834,0.6434178243816676,1.0,2,False,,,,
1766471800.742913,0.6062675835270834,0.6434178243816676,1.0,2,False,,,,
1766471800.749759,0.6062675835270834,0.6434178243816676,1.0,2,False,,,,
1766471800.754406,0.5420974153805698,0.6143265582584344,1.0,2,False,,,,
1766471801.11428,0.5420974153805698,0.6143265582584344,1.0,2,False,,,,
1766471801.121015,0.5420974153805698,0.6143265582584344,1.0,2,False,,,,
1766471801.124205,0.5428417701149335,0.606992472534836,1.0,2,False,,,,
1766471801.12716,0.5428417701149335,0.606992472534836,1.0,2,False,,,,
1766471801.129964,0.5973090841315488,0.6133139837869033,0.2641934382177208,2,False,,,,
1766471801.445257,0.5061668013293145,0.6619762030323999,0.3037169225138777,2,False,,,,
1766471801.4515378,0.5061668013293145,0.6619762030323999,0.3037169225138777,2,False,,,,
1766471801.454164,0.5061668013293145,0.6619762030323999,0.3037169225138777,2,False,,,,
1766471801.456537,0.5061668013293145,0.6619762030323999,0.3037169225138777,2,False,,,,
1766471801.459189,0.5267164701356475,0.515426613582617,1.0,2,False,,,,
1766471801.858342,0.5267164701356475,0.515426613582617,1.0,2,False,,,,
1766471801.863839,0.5268683347934167,0.5145463123022711,1.0,2,False,,,,
1766471801.866685,0.5268683347934167,0.5145463123022711,1.0,2,False,,,,
1766471801.873054,0.5268683347934167,0.5145463123022711,1.0,2,False,,,,
1766471801.87647,0.5631319203876987,0.5381364680589787,1.0,2,False,,,,
1766471802.259329,0.5631319203876987,0.5381364680589787,1.0,2,False,,,,
1766471802.264577,0.5634425119153162,0.5375689424108013,1.0,2,False,,,,
1766471802.268213,0.5634425119153162,0.5375689424108013,1.0,2,False,,,,
1766471802.2711701,0.5634425119153162,0.5375689424108013,1.0,2,False,,,,
1766471802.277462,0.5196328394214598,0.528479309254593,1.0,2,False,,,,
1766471802.539905,0.5196328394214598,0.528479309254593,1.0,2,False,,,,
1766471802.5461519,0.5196328394214598,0.528479309254593,1.0,2,False,,,,
1766471802.549085,0.5200394793514291,0.5266453283047531,1.0,2,False,,,,
1766471802.553698,0.5200394793514291,0.5266453283047531,1.0,2,False,,,,
1766471802.558826,0.5227827789319164,0.52686193984471,1.0,2,False,,,,
1766471802.987469,0.5225588657662549,0.5256417911887211,1.0,2,False,,,,
1766471802.993275,0.5225588657662549,0.5256417911887211,1.0,2,False,,,,
1766471802.998519,0.5227293285501478,0.5268154211908401,1.0,2,False,,,,
1766471803.0016909,0.5226723458472224,0.5264091766602842,1.0,2,False,,,,
1766471803.005656,0.5474403764298702,0.5253161006562614,1.0,2,False,,,,
1766471803.4335082,0.5474403764298702,0.5253161006562614,1.0,2,False,,,,
1766471803.439012,0.5472356216593731,0.5265784722828466,1.0,2,False,,,,
1766471803.442374,0.5472356216593731,0.5265784722828466,1.0,2,False,,,,
1766471803.447783,0.5472356216593731,0.5265784722828466,1.0,2,False,,,,
1766471803.450806,0.5830246550351884,0.5290236424242886,1.0,2,False,,,,
1766471803.817995,0.5830246550351884,0.5290236424242886,1.0,2,False,,,,
1766471803.823955,0.583356145198185,0.5306089721087296,1.0,2,False,,,,
1766471803.8268569,0.583356145198185,0.5306089721087296,1.0,2,False,,,,
1766471803.832421,0.583356145198185,0.5306089721087296,1.0,2,False,,,,
1766471803.835534,0.5954366001141417,0.5448651977582408,1.0,2,False,,,,
1766471804.111539,0.5954366001141417,0.5448651977582408,1.0,2,False,,,,
1766471804.117718,0.5954366001141417,0.5448651977582408,1.0,2,False,,,,
1766471804.120926,0.5954366001141417,0.5448651977582408,1.0,2,False,,,,
1766471804.12386,0.5951941458280248,0.544756799406434,1.0,2,False,,,,
1766471804.1264188,0.5371296706547454,0.5266580540317679,1.0,2,False,,,,
1766471804.399049,0.5371296706547454,0.5266580540317679,1.0,2,False,,,,
1766471804.405547,0.5371296706547454,0.5266580540317679,1.0,2,False,,,,
1766471804.4103801,0.5364168111736873,0.5248617920868222,1.0,2,False,,,,
1766471804.413078,0.5364168111736873,0.5248617920868222,1.0,2,False,,,,
1766471804.418539,0.5612620440907816,0.5300461309283087,1.0,2,False,,,,
1766471804.695265,0.5620062688315258,0.5268135485489494,1.0,2,False,,,,
1766471804.701303,0.5620062688315258,0.5268135485489494,1.0,2,False,,,,
1766471804.7072031,0.5620381468539556,0.5268901409012775,1.0,2,False,,,,
1766471804.710816,0.5607073268951784,0.523078274140399,1.0,2,False,,,,
1766471804.7133179,0.5612588278046358,0.9748493974387461,0.9112348556518555,2,False,,,,
1766471805.1363819,0.5612588278046358,0.9748493974387461,0.9112348556518555,2,False,,,,
1766471805.145349,0.5606336828507531,0.9668272807122898,0.9438273906707764,2,False,,,,
1766471805.148739,0.5606336828507531,0.9668272807122898,0.9438273906707764,2,False,,,,
1766471805.154918,0.5606336828507531,0.9668272807122898,0.9438273906707764,2,False,,,,
1766471805.1598442,0.5346498485264501,0.9726191614056228,1.0,0,False,,,,
1766471805.3308349,0.5372618603292414,0.9611027218757827,1.0,0,False,,,,
1766471805.3383482,0.5372618603292414,0.9611027218757827,1.0,0,False,,,,
1766471805.343283,0.5420816683667804,0.951159737108168,1.0,0,False,,,,
1766471805.346643,0.5420816683667804,0.951159737108168,1.0,0,False,,,,
1766471805.349594,0.5192321155733727,0.8233854805156685,0.9893007576465607,1,False,,,,
1766471805.5669818,0.5195785640109404,0.8169066016998932,0.9869168698787689,1,False,,,,
1766471805.5744052,0.5195785640109404,0.8169066016998932,0.9869168698787689,1,False,,,,
1766471805.579584,0.5196312475529216,0.8137825144578241,1.0,1,False,,,,
1766471805.5829601,0.5191650140396492,0.8137476044595959,1.0,1,False,,,,
1766471805.585367,0.5842366316958928,0.8830226731395937,0.9917877912521362,0,False,,,,
1766471805.78385,0.583183936315095,0.8821602879612541,1.0,0,False,,,,
1766471805.788148,0.583183936315095,0.8821602879612541,1.0,0,False,,,,
1766471805.790714,0.583183936315095,0.8821602879612541,1.0,0,False,,,,
1766471805.793074,0.583183936315095,0.8821602879612541,1.0,0,False,,,,
1766471805.795358,0.5326147856177832,0.805083977953153,0.995,0,False,,,,
1766471806.021373,0.5326147856177832,0.805083977953153,0.995,0,False,,,,
1766471806.0272949,0.5326147856177832,0.805083977953153,0.995,0,False,,,,
1766471806.029908,0.5326147856177832,0.805083977953153,0.995,0,False,,,,
1766471806.03341,0.46833512171782415,0.7300885084180136,0.99,0,False,,,,
1766471806.036099,0.42395050893426456,0.6930840512061474,1.0,0,False,,,,
1766471806.1835809,0.4276857161124713,0.6897413238709826,1.0,0,False,,,,
1766471806.188732,0.4287649491638489,0.6947620551708737,1.0,0,False,,,,
1766471806.1930082,0.4287649491638489,0.6947620551708737,1.0,0,False,,,,
1766471806.19711,0.4287649491638489,0.6947620551708737,1.0,0,False,,,,
1766471806.1996539,0.4467817024900991,0.6779788696395287,1.0,0,False,,,,
1766471806.387254,0.4467817024900991,0.6779788696395287,1.0,0,False,,,,
1766471806.392571,0.4467817024900991,0.6779788696395287,1.0,0,False,,,,
1766471806.397244,0.4467817024900991,0.6779788696395287,1.0,0,False,,,,
1766471806.399876,0.44588677746031974,0.6786988532507868,1.0,0,False,,,,
1766471806.4025018,0.4793611718399723,0.6883773190687773,1.0,0,False,,,,
1766471806.576898,0.4793611718399723,0.6883773190687773,1.0,0,False,,,,
1766471806.581465,0.4793611718399723,0.6883773190687773,1.0,0,False,,,,
1766471806.584577,0.4780582911672563,0.6899472782476828,1.0,0,False,,,,
1766471806.588415,0.4780582911672563,0.6899472782476828,1.0,0,False,,,,
1766471806.593099,0.5509381382513071,0.7553979124700136,1.0,0,False,,,,
1766471807.196318,0.5509381382513071,0.7553979124700136,1.0,0,False,,,,
1766471807.201133,0.5509381382513071,0.7553979124700136,1.0,0,False,,,,
1766471807.2047749,0.5504025038595788,0.7521371429105415,1.0,0,False,,,,
1766471807.207828,0.5504025038595788,0.7521371429105415,1.0,0,False,,,,
1766471807.210618,0.5007439594058454,0.8570125739876119,1.0,0,False,,,,
1766471807.6964328,0.498900814344451,0.8636149499380114,1.0,0,False,,,,
1766471807.703134,0.498900814344451,0.8636149499380114,1.0,0,False,,,,
1766471807.705647,0.498900814344451,0.8636149499380114,1.0,0,False,,,,
1766471807.709182,0.4902218738440289,0.8966217267846195,1.0,0,False,,,,
1766471807.7118342,0.7476320103703632,0.8348081555788801,0.4041976690778933,0,False,,,,
1766471807.864773,0.7476320103703632,0.8348081555788801,0.4041976690778933,0,False,,,,
1766471807.871351,0.7476320103703632,0.8348081555788801,0.4041976690778933,0,False,,,,
1766471807.8750541,0.37249433324585,0.989983040853745,0.34051958785101716,0,False,,,,
1766471807.877485,0.37249433324585,0.989983040853745,0.34051958785101716,0,False,,,,
1766471807.879841,0.5707889046668889,0.4664402197671086,1.0,1,True,0.4771161675453186,0.3192717730998993,0.09117231518030167,0.20842497050762177
1766471808.2396631,0.5707889046668889,0.4664402197671086,1.0,1,True,0.4771161675453186,0.3192717730998993,0.09117231518030167,0.20842497050762177
1766471808.247081,0.5795482121918771,0.46163800867192306,1.0,1,False,,,,
1766471808.250881,0.5795482121918771,0.46163800867192306,1.0,1,False,,,,
1766471808.2573252,0.5795482121918771,0.46163800867192306,1.0,1,False,,,,
1766471808.260602,0.5961279964855265,0.38091085547224757,1.0,2,False,,,,
1766471808.519103,0.5961279964855265,0.38091085547224757,1.0,2,False,,,,
1766471808.525878,0.5961279964855265,0.38091085547224757,1.0,2,False,,,,
1766471808.529183,0.5967425877820105,0.3791662879355301,1.0,2,False,,,,
1766471808.53197,0.5967425877820105,0.3791662879355301,1.0,2,False,,,,
1766471808.536874,0.6000446959054211,0.4244864571213973,1.0,2,False,,,,
1766471808.927902,0.6000446959054211,0.4244864571213973,1.0,2,False,,,,
1766471808.934656,0.5970120110842324,0.40698576709941536,1.0,2,False,,,,
1766471808.937731,0.5970120110842324,0.40698576709941536,1.0,2,False,,,,
1766471808.943151,0.5970120110842324,0.40698576709941536,1.0,2,False,,,,
1766471808.9462662,0.5769832020636221,0.8926554385900854,0.9282436668872833,2,False,,,,
1766471809.314338,0.5769832020636221,0.8926554385900854,0.9282436668872833,2,False,,,,
1766471809.3239,0.5782613103000985,0.881767788925498,0.9759188890457153,2,False,,,,
1766471809.329244,0.5782613103000985,0.881767788925498,0.9759188890457153,2,False,,,,
1766471809.332779,0.5794087767796019,0.8746172797430767,0.9926373064517975,2,False,,,,
1766471809.3355148,0.5652541463801153,0.8225415596915959,1.0,0,False,,,,
1766471809.581506,0.5652541463801153,0.8225415596915959,1.0,0,False,,,,
1766471809.586415,0.5634970968190751,0.8203163445578993,1.0,0,False,,,,
1766471809.588833,0.5634970968190751,0.8203163445578993,1.0,0,False,,,,
1766471809.59336,0.5634970968190751,0.8203163445578993,1.0,0,False,,,,
1766471809.5958972,0.5651259821228078,0.680074022773067,0.99,0,False,,,,
1766471809.7524748,0.558263461979452,0.5278028004020595,0.99,0,False,,,,
1766471809.7599769,0.558263461979452,0.5278028004020595,0.99,0,False,,,,
1766471809.764723,0.558263461979452,0.5278028004020595,0.99,0,False,,,,
1766471809.7679129,0.4287126367810856,0.6956297649400303,0.3570831947853215,0,False,,,,
1766471809.770944,0.5419676916708357,0.08880235421064109,0.898908406496048,0,False,,,,
1766471809.9136739,0.5419676916708357,0.08880235421064109,0.898908406496048,0,False,,,,
1766471809.920747,0.5382539460174137,0.07712851946017629,1.0,0,False,,,,
1766471809.923599,0.5382539460174137,0.07712851946017629,1.0,0,False,,,,
1766471809.926912,0.5382539460174137,0.07712851946017629,1.0,0,False,,,,
1766471809.929321,0.5589597950905368,0.42856129320394165,1.0,1,False,,,,
1766471810.272931,0.5575002703444583,0.4390523576277807,1.0,1,False,,,,
1766471810.280193,0.5575002703444583,0.4390523576277807,1.0,1,False,,,,
1766471810.2855208,0.5575002703444583,0.4390523576277807,1.0,1,False,,,,
1766471810.28833,0.5575106566218251,0.4478832392518681,1.0,1,False,,,,
1766471810.2922938,0.5406709481545208,0.5757793410874094,1.0,2,False,,,,
1766471810.5865479,0.5406709481545208,0.5757793410874094,1.0,2,False,,,,
1766471810.59448,0.5387536409989979,0.5828529506003087,1.0,2,False,,,,
1766471810.600439,0.5387536409989979,0.5828529506003087,1.0,2,False,,,,
1766471810.603744,0.5387536409989979,0.5828529506003087,1.0,2,False,,,,
1766471810.606272,0.6198846300787142,0.5193488655871833,0.9784682989120483,2,False,,,,
1766471810.973525,0.6198846300787142,0.5193488655871833,0.9784682989120483,2,False,,,,
1766471810.979872,0.6219327132208553,0.5218051268965769,1.0,2,False,,,,
1766471810.983145,0.6219327132208553,0.5218051268965769,1.0,2,False,,,,
1766471810.988184,0.6219327132208553,0.5218051268965769,1.0,2,False,,,,
1766471810.991343,0.5237226335766609,0.6272454300043953,1.0,2,False,,,,
1766471811.320118,0.5237226335766609,0.6272454300043953,1.0,2,False,,,,
1766471811.325784,0.5237226335766609,0.6272454300043953,1.0,2,False,,,,
1766471811.329216,0.5245375563797935,0.6342195266379589,1.0,2,False,,,,
1766471811.332046,0.5245375563797935,0.6342195266379589,1.0,2,False,,,,
1766471811.337147,0.5322242505667606,0.5517656250093659,0.5904026272931894,2,False,,,,
1766471811.690457,0.5322242505667606,0.5517656250093659,0.5904026272931894,2,False,,,,
1766471811.696651,0.41222198121477777,0.8867749555811207,0.2860953784866524,2,False,,,,
1766471811.700949,0.41222198121477777,0.8867749555811207,0.2860953784866524,2,False,,,,
1766471811.706049,0.41222198121477777,0.8867749555811207,0.2860953784866524,2,False,,,,
1766471811.70874,0.5445528560308707,0.5721124673456311,1.0,2,False,,,,
1766471811.9850829,0.5445528560308707,0.5721124673456311,1.0,2,False,,,,
1766471811.9907908,0.5445528560308707,0.5721124673456311,1.0,2,False,,,,
1766471811.993786,0.5445528560308707,0.5721124673456311,1.0,2,False,,,,
1766471811.997548,0.5448108066655425,0.5700039884404108,0.7204089760780334,2,False,,,,
1766471812.001836,0.5523137281711643,0.5965329241648385,0.9517340362071991,2,False,,,,
1766471812.294452,0.5523137281711643,0.5965329241648385,0.9517340362071991,2,False,,,,
1766471812.300071,0.5550229085960388,0.6040984580577605,0.9492048621177673,2,False,,,,
1766471812.303638,0.5550229085960388,0.6040984580577605,0.9492048621177673,2,False,,,,
1766471812.307425,0.5550229085960388,0.6040984580577605,0.9492048621177673,2,False,,,,
1766471812.312899,0.5315713094589929,0.6448836212253282,1.0,2,False,,,,
1766471813.127132,0.5315713094589929,0.6448836212253282,1.0,2,False,,,,
1766471813.133473,0.5315713094589929,0.6448836212253282,1.0,2,False,,,,
1766471813.137048,0.5453599265452949,0.6619927644727203,1.0,2,False,,,,
1766471813.1397939,0.5453599265452949,0.6619927644727203,1.0,2,False,,,,
1766471813.142729,0.5602750712111328,0.7035664065003069,1.0,2,False,,,,
1766471813.408376,0.5609471094134957,0.7035460372842652,1.0,2,False,,,,
1766471813.413855,0.5609471094134957,0.7035460372842652,1.0,2,False,,,,
1766471813.416886,0.5609471094134957,0.7035460372842652,1.0,2,False,,,,
1766471813.4195929,0.5612624135136477,0.7003724121627454,1.0,2,False,,,,
1766471813.422545,0.5167062897360604,0.6898616935801563,1.0,2,False,,,,
1766471813.8417752,0.5171239079007914,0.6897834843014843,0.9730827510356903,2,False,,,,
1766471813.8468852,0.5171239079007914,0.6897834843014843,0.9730827510356903,2,False,,,,
1766471813.8532,0.5171239079007914,0.6897834843014843,0.9730827510356903,2,False,,,,
1766471813.856341,0.5183594424660659,0.6918888782678027,1.0,2,False,,,,
1766471813.8592231,0.5675413653361308,0.6483945066155384,0.9411955773830414,2,False,,,,
1766471814.355912,0.5675413653361308,0.6483945066155384,0.9411955773830414,2,False,,,,
1766471814.36208,0.5674867454627479,0.6451030623013772,1.0,2,False,,,,
1766471814.3651252,0.5674867454627479,0.6451030623013772,1.0,2,False,,,,
1766471814.3710778,0.5674867454627479,0.6451030623013772,1.0,2,False,,,,
1766471814.374511,0.5327929897223218,0.6233990151179385,1.0,2,False,,,,
1766471814.6601999,0.5331804971296148,0.6226994223667499,1.0,2,False,,,,
1766471814.666987,0.5331804971296148,0.6226994223667499,1.0,2,False,,,,
1766471814.672896,0.5331804971296148,0.6226994223667499,1.0,2,False,,,,
1766471814.677932,0.5335378414643875,0.6238115523028475,1.0,2,False,,,,
1766471814.680495,0.5155620828108191,0.6111070755702213,1.0,2,False,,,,
1766471815.070799,0.5155620828108191,0.6111070755702213,1.0,2,False,,,,
1766471815.075914,0.5155620828108191,0.6111070755702213,1.0,2,False,,,,
1766471815.07884,0.5149622149107159,0.6120583147296399,1.0,2,False,,,,
1766471815.081859,0.5150959663732996,0.612234527951666,1.0,2,False,,,,
1766471815.084676,0.5150935551974611,0.6021955597978164,1.0,2,False,,,,
1766471815.343531,0.5150935551974611,0.6021955597978164,1.0,2,False,,,,
1766471815.353534,0.5147109689620721,0.6011452941115647,0.998720109462738,2,False,,,,
1766471815.3588521,0.5147109689620721,0.6011452941115647,0.998720109462738,2,False,,,,
1766471815.3619509,0.5147109689620721,0.6011452941115647,0.998720109462738,2,False,,,,
1766471815.364596,0.5610291161209322,0.6257618810539263,0.9936155080795288,2,False,,,,
1766471815.618679,0.5611811767990004,0.6248047871540033,1.0,2,False,,,,
1766471815.6250691,0.5611811767990004,0.6248047871540033,1.0,2,False,,,,
1766471815.630662,0.5614092404967825,0.625453725320223,1.0,2,False,,,,
1766471815.633918,0.5611251701867722,0.6245919013899963,1.0,2,False,,,,
1766471815.6367118,0.5495621218532671,0.6012418603867572,1.0,2,False,,,,
1766471815.9440472,0.5495621218532671,0.6012418603867572,1.0,2,False,,,,
1766471815.9500391,0.5495621218532671,0.6012418603867572,1.0,2,False,,,,
1766471815.95282,0.551347131994589,0.6021151118794176,1.0,2,False,,,,
1766471815.9554749,0.551347131994589,0.6021151118794176,1.0,2,False,,,,
1766471815.9611468,0.5423308328160392,0.6053082683299733,1.0,2,False,,,,
1766471816.223614,0.5413211543197118,0.6044828068597143,1.0,2,False,,,,
1766471816.229232,0.5413211543197118,0.6044828068597143,1.0,2,False,,,,
1766471816.234153,0.5410263337254579,0.6055062885679032,1.0,2,False,,,,
1766471816.2369878,0.540812055666833,0.605579638518007,1.0,2,False,,,,
1766471816.241617,0.5653695003880473,0.6131568868570176,1.0,2,False,,,,
1766471816.9388402,0.5654516530561781,0.6130994009778221,1.0,2,False,,,,
1766471816.9457479,0.5646260701497907,0.6144587432325573,1.0,2,False,,,,
1766471816.951499,0.5646260701497907,0.6144587432325573,1.0,2,False,,,,
1766471816.954457,0.5647808018950582,0.6143895225909991,1.0,2,False,,,,
1766471816.9571881,0.5308155271729487,0.5959273956818781,1.0,2,False,,,,
1766471817.3590012,0.5308155271729487,0.5959273956818781,1.0,2,False,,,,
1766471817.364724,0.5313794851071848,0.5955699104284058,1.0,2,False,,,,
1766471817.3703392,0.5313794851071848,0.5955699104284058,1.0,2,False,,,,
1766471817.373857,0.5313794851071848,0.5955699104284058,1.0,2,False,,,,
1766471817.378746,0.5573971022250656,0.6053827361242233,1.0,2,False,,,,
1766471817.680649,0.5573971022250656,0.6053827361242233,1.0,2,False,,,,
1766471817.686663,0.5573971022250656,0.6053827361242233,1.0,2,False,,,,
1766471817.691832,0.5558392820576145,0.6057330649456658,1.0,2,False,,,,
1766471817.695224,0.5558392820576145,0.6057330649456658,1.0,2,False,,,,
1766471817.6979,0.5594815728591769,0.6072227006054245,1.0,2,False,,,,
1766471818.039532,0.5594815728591769,0.6072227006054245,1.0,2,False,,,,
1766471818.045074,0.5590064683239245,0.6044600072882389,1.0,2,False,,,,
1766471818.048983,0.5590064683239245,0.6044600072882389,1.0,2,False,,,,
1766471818.05214,0.5590064683239245,0.6044600072882389,1.0,2,False,,,,
1766471818.057465,0.6019830762080589,0.6254690777906413,1.0,2,False,,,,
1766471818.3235252,0.6019830762080589,0.6254690777906413,1.0,2,False,,,,
1766471818.327996,0.6019830762080589,0.6254690777906413,1.0,2,False,,,,
1766471818.3305779,0.602007185204023,0.6260053455601317,1.0,2,False,,,,
1766471818.333003,0.6017711850454428,0.6254173220227475,1.0,2,False,,,,
1766471818.337045,0.5055875507095109,0.5759852278316279,1.0,2,False,,,,
1766471818.859895,0.5055875507095109,0.5759852278316279,1.0,2,False,,,,
1766471818.8650181,0.5055875507095109,0.5759852278316279,1.0,2,False,,,,
1766471818.868356,0.5059877194432774,0.575397666349616,1.0,2,False,,,,
1766471818.871157,0.5059877194432774,0.575397666349616,1.0,2,False,,,,
1766471818.874225,0.5186057476343098,1.1657149776907292,0.7352813482284546,2,False,,,,
1766471819.276875,0.5186057476343098,1.1657149776907292,0.7352813482284546,2,False,,,,
1766471819.2846541,0.5081300033364128,1.1800328932202373,0.8123703896999359,2,False,,,,
1766471819.287689,0.5081300033364128,1.1800328932202373,0.8123703896999359,2,False,,,,
1766471819.292413,0.5081300033364128,1.1800328932202373,0.8123703896999359,2,False,,,,
1766471819.295229,0.5423497964639143,0.913804497082652,0.8882339298725128,0,False,,,,
1766471819.512036,0.5423497964639143,0.913804497082652,0.8882339298725128,0,False,,,,
1766471819.51905,0.5431780110468457,0.911625423116062,0.9553215801715851,0,False,,,,
1766471819.521461,0.5431780110468457,0.911625423116062,0.9553215801715851,0,False,,,,
1766471819.525173,0.5431780110468457,0.911625423116062,0.9553215801715851,0,False,,,,
1766471819.5310981,0.5705853607743057,0.811555920798617,1.0,0,False,,,,
1766471819.879814,0.5705853607743057,0.811555920798617,1.0,0,False,,,,
1766471819.887614,0.5629492143055472,0.7997133283657162,1.0,0,False,,,,
1766471819.890332,0.5629492143055472,0.7997133283657162,1.0,0,False,,,,
1766471819.892781,0.5629492143055472,0.7997133283657162,1.0,0,False,,,,
1766471819.8970208,0.48601101131066493,0.6247143881821444,1.0,0,False,,,,
1766471820.068604,0.48601101131066493,0.6247143881821444,1.0,0,False,,,,
1766471820.075201,0.4889881648097415,0.6251399392344993,1.0,0,False,,,,
1766471820.078133,0.4889881648097415,0.6251399392344993,1.0,0,False,,,,
1766471820.084255,0.4889881648097415,0.6251399392344993,1.0,0,False,,,,
1766471820.087637,0.5144561658647373,0.5905325860856002,1.0,0,False,,,,
1766471820.53717,0.5144561658647373,0.5905325860856002,1.0,0,False,,,,
1766471820.542942,0.5204157474399045,0.5954154534647829,1.0,0,False,,,,
1766471820.545967,0.5311517694288768,0.5918456058697631,1.0,0,False,,,,
1766471820.549553,0.5311517694288768,0.5918456058697631,1.0,0,False,,,,
1766471820.554594,0.529332006195509,0.6062593460241986,1.0,0,False,,,,
1766471820.707679,0.5286179429567278,0.6050230609707863,1.0,0,False,,,,
1766471820.712457,0.5286179429567278,0.6050230609707863,1.0,0,False,,,,
1766471820.7169878,0.5286179429567278,0.6050230609707863,1.0,0,False,,,,
1766471820.7196631,0.5286179429567278,0.6050230609707863,1.0,0,False,,,,
1766471820.7221088,0.3805863713834768,0.9129905073017885,0.15694039369401253,0,False,,,,
1766471820.917621,0.3805863713834768,0.9129905073017885,0.15694039369401253,0,False,,,,
1766471820.922413,0.3805863713834768,0.9129905073017885,0.15694039369401253,0,False,,,,
1766471820.9246972,0.3805863713834768,0.9129905073017885,0.15694039369401253,0,False,,,,
1766471820.927437,0.4177495221524451,0.8829082593953037,0.11204515982947219,0,False,,,,
1766471820.9313762,0.5459194717084077,0.5083709919236943,1.0,0,False,,,,
1766471821.144914,0.4883277168964245,0.6637156705633267,1.0,0,False,,,,
1766471821.151008,0.4883277168964245,0.6637156705633267,1.0,0,False,,,,
1766471821.156092,0.4883277168964245,0.6637156705633267,1.0,0,False,,,,
1766471821.15929,0.4883277168964245,0.6637156705633267,1.0,0,False,,,,
1766471821.164063,0.47432255998820916,0.7566019746374177,0.9944851398468018,0,False,,,,
1766471821.339972,0.47432255998820916,0.7566019746374177,0.9944851398468018,0,False,,,,
1766471821.344967,0.47432255998820916,0.7566019746374177,0.9944851398468018,0,False,,,,
1766471821.347656,0.47508811960735703,0.758081931750805,1.0,0,False,,,,
1766471821.351191,0.47508811960735703,0.758081931750805,1.0,0,False,,,,
1766471821.353656,0.5189035725079779,0.7217640229812744,0.9589882791042328,0,False,,,,
1766471822.216156,0.5191123968474947,0.7280088488381842,0.978909969329834,0,False,,,,
1766471822.2219908,0.5191123968474947,0.7280088488381842,0.978909969329834,0,False,,,,
1766471822.2276459,0.5191123968474947,0.7280088488381842,0.978909969329834,0,False,,,,
1766471822.230287,0.5191123968474947,0.7280088488381842,0.978909969329834,0,False,,,,
1766471822.232511,0.693513581542329,1.0578498448311215,0.44363296795907947,0,False,,,,
1766471822.4212859,0.7358738405253151,0.9128177731985434,0.51248764537001,0,False,,,,
1766471822.425514,0.7358738405253151,0.9128177731985434,0.51248764537001,0,False,,,,
1766471822.4313102,0.7358738405253151,0.9128177731985434,0.51248764537001,0,False,,,,
1766471822.433967,0.7358738405253151,0.9128177731985434,0.51248764537001,0,False,,,,
1766471822.4371421,0.623196982481677,0.7026283169808174,0.937004566192627,0,False,,,,
1766471822.599332,0.623196982481677,0.7026283169808174,0.937004566192627,0,False,,,,
1766471822.605133,0.6202348508841999,0.7231174159586735,0.9031001031398773,0,False,,,,
1766471822.608462,0.6202348508841999,0.7231174159586735,0.9031001031398773,0,False,,,,
1766471822.613163,0.6202348508841999,0.7231174159586735,0.9031001031398773,0,False,,,,
1766471822.6157901,0.5830452636118271,0.6917294394973571,0.9673188626766205,0,False,,,,
1766471822.778883,0.5830452636118271,0.6917294394973571,0.9673188626766205,0,False,,,,
1766471822.78475,0.5830452636118271,0.6917294394973571,0.9673188626766205,0,False,,,,
1766471822.787401,0.5766469730360579,0.6835947056172813,0.9455504715442657,0,False,,,,
1766471822.791892,0.5766469730360579,0.6835947056172813,0.9455504715442657,0,False,,,,
1766471822.796552,0.5170522293593137,0.7178761127003968,0.9940520226955414,0,False,,,,
1766471822.980299,0.5164153176481389,0.7172780805266394,1.0,0,False,,,,
1766471822.98512,0.5164153176481389,0.7172780805266394,1.0,0,False,,,,
1766471822.9901361,0.5150433330477879,0.7197310976142676,1.0,0,False,,,,
1766471822.992832,0.5150433330477879,0.7197310976142676,1.0,0,False,,,,
1766471822.997477,0.5830270277507129,0.6742411314913713,1.0,0,False,,,,
1766471823.9758642,0.5809124992338797,0.6732719084517471,1.0,0,False,,,,
1766471823.9815009,0.5809124992338797,0.6732719084517471,1.0,0,False,,,,
1766471823.985722,0.5809124992338797,0.6732719084517471,1.0,0,False,,,,
1766471823.988257,0.5809124992338797,0.6732719084517471,1.0,0,False,,,,
1766471823.9912388,0.5717266731069287,0.6407224747792593,1.0,0,False,,,,
1766471824.151695,0.5717266731069287,0.6407224747792593,1.0,0,False,,,,
1766471824.156332,0.5717266731069287,0.6407224747792593,1.0,0,False,,,,
1766471824.160071,0.5726358813497278,0.6407624779784336,0.9925462603569031,0,False,,,,
1766471824.163572,0.5726358813497278,0.6407624779784336,0.9925462603569031,0,False,,,,
1766471824.168156,0.5428906706607439,0.6576448605088766,1.0,0,False,,,,
1766471824.360137,0.5428906706607439,0.6576448605088766,1.0,0,False,,,,
1766471824.36565,0.5410373557583823,0.6599549636049461,1.0,0,False,,,,
1766471824.3681972,0.5410373557583823,0.6599549636049461,1.0,0,False,,,,
1766471824.372731,0.5410373557583823,0.6599549636049461,1.0,0,False,,,,
1766471824.376083,0.5409063981694195,0.6803987715421308,1.0,0,False,,,,
1766471824.5431721,0.5409063981694195,0.6803987715421308,1.0,0,False,,,,
1766471824.547961,0.5370969949678407,0.685004338716463,1.0,0,False,,,,
1766471824.552258,0.5370969949678407,0.685004338716463,1.0,0,False,,,,
1766471824.55763,0.5370969949678407,0.685004338716463,1.0,0,False,,,,
1766471824.560638,0.46841759265173477,0.8537598262325432,0.43866855606975214,0,False,,,,
1766471824.742351,0.46841759265173477,0.8537598262325432,0.43866855606975214,0,False,,,,
1766471824.7477329,0.3634163445656352,0.9420970981279364,0.20238955553339824,0,False,,,,
1766471824.750564,0.3634163445656352,0.9420970981279364,0.20238955553339824,0,False,,,,
1766471824.7534359,0.3634163445656352,0.9420970981279364,0.20238955553339824,0,False,,,,
1766471824.75849,0.5475808564017607,0.7244715597474106,0.9714140892028809,0,False,,,,
1766471825.102643,0.5475808564017607,0.7244715597474106,0.9714140892028809,0,False,,,,
1766471825.107648,0.5475808564017607,0.7244715597474106,0.9714140892028809,0,False,,,,
1766471825.112204,0.5475808564017607,0.7244715597474106,0.9714140892028809,0,False,,,,
1766471825.11509,0.5454517486128427,0.7264267847326193,0.9618985652923584,0,False,,,,
1766471825.119714,0.5338114245792587,0.7672913780438222,1.0,0,False,,,,
1766471825.324244,0.5338114245792587,0.7672913780438222,1.0,0,False,,,,
1766471825.3291898,0.5338114245792587,0.7672913780438222,1.0,0,False,,,,
1766471825.332196,0.5338114245792587,0.7672913780438222,1.0,0,False,,,,
1766471825.3349252,0.5327821553227305,0.7645154354163595,0.9871362149715424,0,False,,,,
1766471825.3371289,0.5271195370183409,0.766739217893847,1.0,0,False,,,,
1766471825.539072,0.5271195370183409,0.766739217893847,1.0,0,False,,,,
1766471825.545006,0.5271195370183409,0.766739217893847,1.0,0,False,,,,
1766471825.549977,0.5267473469986506,0.7665341621376766,1.0,0,False,,,,
1766471825.5528672,0.5297966065260389,0.7643467746994553,1.0,0,False,,,,
1766471825.555487,0.5180050581766139,0.8010667093385766,0.9780786037445068,0,False,,,,
1766471825.727914,0.5180050581766139,0.8010667093385766,0.9780786037445068,0,False,,,,
1766471825.732447,0.5180050581766139,0.8010667093385766,0.9780786037445068,0,False,,,,
1766471825.735308,0.5217038096864614,0.7967589339457558,1.0,0,False,,,,
1766471825.738142,0.5218069985701994,0.7966572842259745,1.0,0,False,,,,
1766471825.7402549,0.5298221018189617,0.7608979417408588,1.0,0,False,,,,
1766471825.943137,0.5298221018189617,0.7608979417408588,1.0,0,False,,,,
1766471825.9490821,0.5298221018189617,0.7608979417408588,1.0,0,False,,,,
1766471825.9517188,0.5298221018189617,0.7608979417408588,1.0,0,False,,,,
1766471825.9541771,0.5287591830738791,0.7602621134076871,1.0,0,False,,,,
1766471825.9566169,0.5513181980082481,0.7455927647037132,0.967488169670105,0,False,,,,
1766471826.1500611,0.5513181980082481,0.7455927647037132,0.967488169670105,0,False,,,,
1766471826.155733,0.5496782686948434,0.7419425231908414,0.994483083486557,0,False,,,,
1766471826.158922,0.5496782686948434,0.7419425231908414,0.994483083486557,0,False,,,,
1766471826.163148,0.5496782686948434,0.7419425231908414,0.994483083486557,0,False,,,,
1766471826.16765,0.5764469016526894,0.6694895630539845,1.0,0,False,,,,
1766471826.350882,0.5764469016526894,0.6694895630539845,1.0,0,False,,,,
1766471826.3554409,0.5769601237287546,0.6644140802412808,1.0,0,False,,,,
1766471826.35861,0.5769601237287546,0.6644140802412808,1.0,0,False,,,,
1766471826.361336,0.5769601237287546,0.6644140802412808,1.0,0,False,,,,
1766471826.366626,0.5622658476537002,0.658663310232464,1.0,0,False,,,,
1766471826.529841,0.5622658476537002,0.658663310232464,1.0,0,False,,,,
1766471826.535809,0.5622658476537002,0.658663310232464,1.0,0,False,,,,
1766471826.538778,0.5617495003585514,0.6602544147291797,1.0,0,False,,,,
1766471826.541235,0.5617495003585514,0.6602544147291797,1.0,0,False,,,,
1766471826.5436502,0.6146830109845169,0.7313968778710819,1.0,0,False,,,,
1766471826.715771,0.6146830109845169,0.7313968778710819,1.0,0,False,,,,
1766471826.720363,0.6146830109845169,0.7313968778710819,1.0,0,False,,,,
1766471826.723692,0.6141332212049683,0.7332161489612172,1.0,0,False,,,,
1766471826.7275698,0.6141332212049683,0.7332161489612172,1.0,0,False,,,,
1766471826.7305338,0.5919881175678984,0.7700657520345137,1.0,0,False,,,,
1766471826.8875132,0.5919881175678984,0.7700657520345137,1.0,0,False,,,,
1766471826.892977,0.5897563241937263,0.7815613807772824,1.0,0,False,,,,
1766471826.8962471,0.5897563241937263,0.7815613807772824,1.0,0,False,,,,
1766471826.9006798,0.5897563241937263,0.7815613807772824,1.0,0,False,,,,
1766471826.9031591,0.585242391247299,0.78534219171338,1.0,0,False,,,,
1766471827.0509021,0.585242391247299,0.78534219171338,1.0,0,False,,,,
1766471827.0554821,0.585242391247299,0.78534219171338,1.0,0,False,,,,
1766471827.0598521,0.5868109687373455,0.770416047636267,1.0,0,False,,,,
1766471827.064078,0.5868109687373455,0.770416047636267,1.0,0,False,,,,
1766471827.067175,0.5647995196153668,0.568261689847957,1.0,0,False,,,,
1766471827.869312,0.5647995196153668,0.568261689847957,1.0,0,False,,,,
1766471827.877578,0.5647995196153668,0.568261689847957,1.0,0,False,,,,
1766471827.880394,0.5637208104043495,0.5852538874324891,1.0,0,False,,,,
1766471827.882955,0.5637208104043495,0.5852538874324891,1.0,0,False,,,,
1766471827.885483,0.5508419730468768,0.6654304599556112,1.0,2,False,,,,
1766471828.170279,0.5508419730468768,0.6654304599556112,1.0,2,False,,,,
1766471828.176511,0.5508419730468768,0.6654304599556112,1.0,2,False,,,,
1766471828.1799622,0.5508419730468768,0.6654304599556112,1.0,2,False,,,,
1766471828.182986,0.5514593833044338,0.6667824269493292,1.0,2,False,,,,
1766471828.188073,0.5789374487861242,0.6538424985507474,1.0,2,False,,,,
1766471828.6918259,0.5789374487861242,0.6538424985507474,1.0,2,False,,,,
1766471828.6978428,0.5782504339849913,0.6527233353010692,1.0,2,False,,,,
1766471828.701196,0.5785309699367267,0.6504336003070471,1.0,2,False,,,,
1766471828.703925,0.5785309699367267,0.6504336003070471,1.0,2,False,,,,
1766471828.708779,0.5788541901323686,0.6065099710783705,0.8774214684963226,2,False,,,,
1766471829.065569,0.5788541901323686,0.6065099710783705,0.8774214684963226,2,False,,,,
1766471829.071847,0.5829115898212504,0.9318336895698872,0.26584875114746703,2,True,0.5176815986633301,0.8423925042152405,0.08688773959875107,0.1555730253458023
1766471829.075504,0.5829115898212504,0.9318336895698872,0.26584875114746703,2,True,0.5176815986633301,0.8423925042152405,0.08688773959875107,0.1555730253458023
1766471829.0793831,0.5829115898212504,0.9318336895698872,0.26584875114746703,2,True,0.5176815986633301,0.8423925042152405,0.08688773959875107,0.1555730253458023
1766471829.084683,0.5903095610851589,0.605834973988607,1.0,2,False,,,,
1766471829.4047732,0.5911298457619087,0.6063077208969002,1.0,2,False,,,,
1766471829.409761,0.5911298457619087,0.6063077208969002,1.0,2,False,,,,
1766471829.4163141,0.5911298457619087,0.6063077208969002,1.0,2,False,,,,
1766471829.419251,0.5911298457619087,0.6063077208969002,1.0,2,False,,,,
1766471829.4216802,0.5852322192909666,0.603182187801223,1.0,2,False,,,,
1766471829.711721,0.5852322192909666,0.603182187801223,1.0,2,False,,,,
1766471829.716953,0.5852322192909666,0.603182187801223,1.0,2,False,,,,
1766471829.720274,0.5852322192909666,0.603182187801223,1.0,2,False,,,,
1766471829.723733,0.5727543716788234,0.6110564938282902,1.0,2,False,,,,
1766471829.72671,0.5806291611508487,0.6235699665243313,1.0,2,False,,,,
1766471830.017418,0.5806291611508487,0.6235699665243313,1.0,2,False,,,,
1766471830.023564,0.5784004610751434,0.6273269856387764,1.0,2,False,,,,
1766471830.02684,0.5784004610751434,0.6273269856387764,1.0,2,False,,,,
1766471830.031996,0.5784004610751434,0.6273269856387764,1.0,2,False,,,,
1766471830.037451,0.5530890685863257,0.6220779927994567,1.0,2,False,,,,
1766471830.288637,0.5530890685863257,0.6220779927994567,1.0,2,False,,,,
1766471830.2945201,0.553355868965886,0.6211924414217995,1.0,2,False,,,,
1766471830.298622,0.553355868965886,0.6211924414217995,1.0,2,False,,,,
1766471830.305046,0.553355868965886,0.6211924414217995,1.0,2,False,,,,
1766471830.307792,0.5592424725533712,0.6223255610593142,1.0,2,False,,,,
1766471830.555507,0.5592424725533712,0.6223255610593142,1.0,2,False,,,,
1766471830.561045,0.5597787388262316,0.6238349577385022,1.0,2,False,,,,
1766471830.564859,0.5597787388262316,0.6238349577385022,1.0,2,False,,,,
1766471830.570202,0.5597787388262316,0.6238349577385022,1.0,2,False,,,,
1766471830.57315,0.5652424320640792,0.6417740937738539,1.0,2,False,,,,
1766471831.0558898,0.5652424320640792,0.6417740937738539,1.0,2,False,,,,
1766471831.061894,0.5652424320640792,0.6417740937738539,1.0,2,False,,,,
1766471831.0653,0.5644401741541386,0.6397404801304133,1.0,2,False,,,,
1766471831.0680928,0.5644401741541386,0.6397404801304133,1.0,2,False,,,,
1766471831.072957,0.5613008684022042,0.6238975402511473,1.0,1,False,,,,
1766471831.294911,0.5613008684022042,0.6238975402511473,1.0,1,False,,,,
1766471831.300291,0.5617100801938057,0.6205166600188023,1.0,1,False,,,,
1766471831.303256,0.5617100801938057,0.6205166600188023,1.0,1,False,,,,
1766471831.308654,0.5617100801938057,0.6205166600188023,1.0,1,False,,,,
1766471831.3115551,0.584670244804607,0.6437350425708195,1.0,2,False,,,,
1766471831.563064,0.584670244804607,0.6437350425708195,1.0,2,False,,,,
1766471831.56897,0.5844868723888843,0.6438967283773998,1.0,2,False,,,,
1766471831.574201,0.5844868723888843,0.6438967283773998,1.0,2,False,,,,
1766471831.579179,0.5844868723888843,0.6438967283773998,1.0,2,False,,,,
1766471831.582109,0.5528063997493788,0.5910115342521871,1.0,2,False,,,,
1766471831.900828,0.5528063997493788,0.5910115342521871,1.0,2,False,,,,
1766471831.9076228,0.5535500046375683,0.5921227828077791,0.9798053503036499,2,False,,,,
1766471831.910936,0.5535500046375683,0.5921227828077791,0.9798053503036499,2,False,,,,
1766471831.916916,0.5535500046375683,0.5921227828077791,0.9798053503036499,2,False,,,,
1766471831.9199848,0.5662696758886605,0.6019883975416321,1.0,2,False,,,,
1766471832.2025988,0.5662931026040207,0.6008289309895548,1.0,2,False,,,,
1766471832.208447,0.56666335656574,0.6002670087303167,1.0,2,False,,,,
1766471832.213949,0.56666335656574,0.6002670087303167,1.0,2,False,,,,
1766471832.2169302,0.56666335656574,0.6002670087303167,1.0,2,False,,,,
1766471832.222124,0.568329416020628,0.6133683135839052,1.0,2,False,,,,
1766471832.579374,0.568329416020628,0.6133683135839052,1.0,2,False,,,,
1766471832.584733,0.568329416020628,0.6133683135839052,1.0,2,False,,,,
1766471832.587942,0.5683480764529791,0.6138441145078792,0.9980558753013611,2,False,,,,
1766471832.591233,0.5683480764529791,0.6138441145078792,0.9980558753013611,2,False,,,,
1766471832.5945768,0.6005350304845171,0.6249316768604946,0.9924854636192322,2,False,,,,
1766471832.894634,0.6001396396258409,0.6219803308179663,1.0,2,False,,,,
1766471832.900883,0.6001396396258409,0.6219803308179663,1.0,2,False,,,,
1766471832.90595,0.6004581379174346,0.6216352010185258,1.0,2,False,,,,
1766471832.908853,0.6010113312088002,0.6210549678302516,1.0,2,False,,,,
1766471832.9122298,0.5704934067016068,0.6025843208574316,1.0,2,False,,,,
1766471833.1839209,0.5704934067016068,0.6025843208574316,1.0,2,False,,,,
1766471833.1886091,0.5704934067016068,0.6025843208574316,1.0,2,False,,,,
1766471833.1919181,0.5718654142882944,0.6012550143427254,0.989094078540802,2,False,,,,
1766471833.194846,0.5718654142882944,0.6012550143427254,0.989094078540802,2,False,,,,
1766471833.197161,0.5673323929253643,0.5921623014144,1.0,2,False,,,,
1766471833.483051,0.5673323929253643,0.5921623014144,1.0,2,False,,,,
1766471833.489247,0.5673323929253643,0.5921623014144,1.0,2,False,,,,
1766471833.4926279,0.5679630603103827,0.5911249807221884,1.0,2,False,,,,
1766471833.495178,0.5679630603103827,0.5911249807221884,1.0,2,False,,,,
1766471833.497696,0.5827879595097532,0.5810729252186061,1.0,2,False,,,,
1766471833.809411,0.5827879595097532,0.5810729252186061,1.0,2,False,,,,
1766471833.815393,0.5845786497995371,0.5786894179149917,1.0,2,False,,,,
1766471833.818937,0.5845786497995371,0.5786894179149917,1.0,2,False,,,,
1766471833.824211,0.5845786497995371,0.5786894179149917,1.0,2,False,,,,
1766471833.826936,0.5834045326231203,0.5738241418463594,1.0,2,False,,,,
1766471834.090313,0.5834045326231203,0.5738241418463594,1.0,2,False,,,,
1766471834.096172,0.5834300171708169,0.5758572156251436,0.999612957239151,2,False,,,,
1766471834.0993888,0.5834300171708169,0.5758572156251436,0.999612957239151,2,False,,,,
1766471834.10228,0.5834300171708169,0.5758572156251436,0.999612957239151,2,False,,,,
1766471834.108877,0.545938241171464,0.5439619609633962,1.0,2,False,,,,
1766471834.3826199,0.545938241171464,0.5439619609633962,1.0,2,False,,,,
1766471834.388035,0.545938241171464,0.5439619609633962,1.0,2,False,,,,
1766471834.393616,0.545938241171464,0.5439619609633962,1.0,2,False,,,,
1766471834.3970811,0.545938241171464,0.5439619609633962,1.0,2,False,,,,
1766471834.399769,0.5279735092032879,0.568976443624645,1.0,2,False,,,,
1766471834.832646,0.5279735092032879,0.568976443624645,1.0,2,False,,,,
1766471834.839062,0.5280286522418913,0.5698921133526335,1.0,2,False,,,,
1766471834.842551,0.5280286522418913,0.5698921133526335,1.0,2,False,,,,
1766471834.84912,0.5280286522418913,0.5698921133526335,1.0,2,False,,,,
1766471834.852139,0.5404554845645471,0.5905790524619137,1.0,2,False,,,,
1766471835.1633348,0.5404554845645471,0.5905790524619137,1.0,2,False,,,,
1766471835.168787,0.5410391504855132,0.5908671840024815,1.0,2,False,,,,
1766471835.1722162,0.5410391504855132,0.5908671840024815,1.0,2,False,,,,
1766471835.1770508,0.5410391504855132,0.5908671840024815,1.0,2,False,,,,
1766471835.179874,0.5948421365255694,0.4310103850531768,0.8820102214813232,2,False,,,,
1766471835.43741,0.6016086090152627,0.41692319309677794,1.0,2,False,,,,
1766471835.444181,0.6016086090152627,0.41692319309677794,1.0,2,False,,,,
1766471835.448864,0.6016086090152627,0.41692319309677794,1.0,2,False,,,,
1766471835.451401,0.6016086090152627,0.41692319309677794,1.0,2,False,,,,
1766471835.4541051,0.5975646679967984,0.5773764153470367,1.0,2,False,,,,
1766471835.7515788,0.5975646679967984,0.5773764153470367,1.0,2,False,,,,
1766471835.75754,0.5967485964703485,0.5764080750996261,1.0,2,False,,,,
1766471835.7604458,0.5967485964703485,0.5764080750996261,1.0,2,False,,,,
1766471835.766319,0.5967485964703485,0.5764080750996261,1.0,2,False,,,,
1766471835.76938,0.537634357084509,0.5497015571125202,1.0,2,False,,,,
1766471836.1607192,0.537634357084509,0.5497015571125202,1.0,2,False,,,,
1766471836.166485,0.537634357084509,0.5497015571125202,1.0,2,False,,,,
1766471836.169433,0.537634357084509,0.5497015571125202,1.0,2,False,,,,
1766471836.1723251,0.537634357084509,0.5497015571125202,1.0,2,False,,,,
1766471836.1774259,0.573933311108472,0.5512479544064578,1.0,2,False,,,,
1766471836.505089,0.573933311108472,0.5512479544064578,1.0,2,False,,,,
1766471836.510947,0.5729261483390162,0.5526358851586045,1.0,2,False,,,,
1766471836.513977,0.5729261483390162,0.5526358851586045,1.0,2,False,,,,
1766471836.518901,0.5729261483390162,0.5526358851586045,1.0,2,False,,,,
1766471836.521771,0.5324845363382001,0.5720827645856948,1.0,2,False,,,,
1766471836.881821,0.5323134664224274,0.5670173506814659,1.0,2,False,,,,
1766471836.887747,0.5323134664224274,0.5670173506814659,1.0,2,False,,,,
1766471836.8928099,0.5323134664224274,0.5670173506814659,1.0,2,False,,,,
1766471836.896592,0.53120127316608,0.5656164610194335,1.0,2,False,,,,
1766471836.8994079,0.5322003509938276,0.5556732481884884,1.0,2,False,,,,
1766471837.187787,0.5322003509938276,0.5556732481884884,1.0,2,False,,,,
1766471837.19254,0.5322003509938276,0.5556732481884884,1.0,2,False,,,,
1766471837.1951501,0.5322181702589438,0.555286255485098,1.0,2,False,,,,
1766471837.198085,0.5322181702589438,0.555286255485098,1.0,2,False,,,,
1766471837.201013,0.5663333068001037,0.5399776416001093,1.0,2,False,,,,
1766471837.473511,0.5663333068001037,0.5399776416001093,1.0,2,False,,,,
1766471837.479075,0.5656029974998182,0.5407324047704175,1.0,2,False,,,,
1766471837.482249,0.5656029974998182,0.5407324047704175,1.0,2,False,,,,
1766471837.485373,0.5656029974998182,0.5407324047704175,1.0,2,False,,,,
1766471837.4915662,0.5422852267366715,0.5208519265386161,1.0,2,False,,,,
1766471837.8412108,0.5422852267366715,0.5208519265386161,1.0,2,False,,,,
1766471837.847456,0.5422852267366715,0.5208519265386161,1.0,2,False,,,,
1766471837.850461,0.5426824320031811,0.5200760931297407,1.0,2,False,,,,
1766471837.855104,0.542726955145948,0.5187124016367937,1.0,2,False,,,,
1766471837.858685,0.5958330239513641,0.5422791190228664,1.0,2,False,,,,
1766471838.175006,0.5958330239513641,0.5422791190228664,1.0,2,False,,,,
1766471838.180452,0.5958330239513641,0.5422791190228664,1.0,2,False,,,,
1766471838.1842911,0.5985890434550971,0.5430871206260283,1.0,2,False,,,,
1766471838.187042,0.5985890434550971,0.5430871206260283,1.0,2,False,,,,
1766471838.1902149,1.0504136818131973,0.439718744941926,0.9657741785049438,2,False,,,,
1766471838.5833201,1.0504136818131973,0.439718744941926,0.9657741785049438,2,False,,,,
1766471838.590987,0.7540852371920559,0.22215362301175579,0.864277404901606,2,False,,,,
1766471838.596287,0.7540852371920559,0.22215362301175579,0.864277404901606,2,False,,,,
1766471838.599147,0.7540852371920559,0.22215362301175579,0.864277404901606,2,False,,,,
1766471838.6018372,0.44106977690907917,0.4660024325284654,1.0,1,False,,,,
1766471838.885041,0.44106977690907917,0.4660024325284654,1.0,1,False,,,,
1766471838.89219,0.45607712552993895,0.4681733290967762,1.0,1,False,,,,
1766471838.8983722,0.45607712552993895,0.4681733290967762,1.0,1,False,,,,
1766471838.9018939,0.45607712552993895,0.4681733290967762,1.0,1,False,,,,
1766471838.9050229,0.577305455316824,0.5262778331677442,1.0,2,False,,,,
1766471839.215342,0.577305455316824,0.5262778331677442,1.0,2,False,,,,
1766471839.22151,0.5772259215029579,0.5264737714875187,1.0,2,False,,,,
1766471839.224412,0.5769718831847237,0.5259306040822291,1.0,2,False,,,,
1766471839.227411,0.5769718831847237,0.5259306040822291,1.0,2,False,,,,
1766471839.2311711,0.576008216684213,0.5090216634861197,1.0,1,False,,,,
1766471839.540143,0.576008216684213,0.5090216634861197,1.0,1,False,,,,
1766471839.5460742,0.5756792145598568,0.5112982435081725,1.0,1,False,,,,
1766471839.551133,0.5756792145598568,0.5112982435081725,1.0,1,False,,,,
1766471839.557817,0.5756187932564956,0.5129726366090895,1.0,1,False,,,,
1766471839.5611808,0.5710117810219738,0.6267132410025883,0.9694187939167023,1,True,0.49744731187820435,0.5837496519088745,0.08219166100025177,0.1699613779783249
1766471839.783092,0.5710117810219738,0.6267132410025883,0.9694187939167023,1,True,0.49744731187820435,0.5837496519088745,0.08219166100025177,0.1699613779783249
1766471839.788654,0.5710117810219738,0.6267132410025883,0.9694187939167023,1,True,0.49744731187820435,0.5837496519088745,0.08219166100025177,0.1699613779783249
1766471839.7924201,0.5707274778146548,0.6271327268645821,0.9682506918907166,1,True,0.49744731187820435,0.5837496519088745,0.08219166100025177,0.1699613779783249
1766471839.795209,0.5707274778146548,0.6271327268645821,0.9682506918907166,1,True,0.49744731187820435,0.5837496519088745,0.08219166100025177,0.1699613779783249
1766471839.797641,0.6285921878133942,0.5389525831714643,1.0,1,False,,,,
1766471840.106739,0.6285921878133942,0.5389525831714643,1.0,1,False,,,,
1766471840.112256,0.6284979879109212,0.5392654750683429,1.0,1,False,,,,
1766471840.115974,0.6284979879109212,0.5392654750683429,1.0,1,False,,,,
1766471840.122391,0.6284979879109212,0.5392654750683429,1.0,1,False,,,,
1766471840.1271832,0.572085078165153,0.6128521346698881,1.0,1,False,,,,
1766471840.4461,0.572413946692733,0.6138443280129674,0.994949072599411,1,False,,,,
1766471840.451784,0.5722640475528189,0.6209050704891139,0.9967442452907562,1,False,,,,
1766471840.45706,0.5722640475528189,0.6209050704891139,0.9967442452907562,1,False,,,,
1766471840.4596632,0.5722640475528189,0.6209050704891139,0.9967442452907562,1,False,,,,
1766471840.462215,0.7986710989675598,0.6175723467462664,0.99,1,False,,,,
1766471841.1764858,0.7986710989675598,0.6175723467462664,0.99,1,False,,,,
1766471841.1828291,0.9531797575555974,0.5034547865335235,0.35411983757831017,1,False,,,,
1766471841.185695,0.9531797575555974,0.5034547865335235,0.35411983757831017,1,False,,,,
1766471841.188405,0.9531797575555974,0.5034547865335235,0.35411983757831017,1,False,,,,
1766471841.194047,0.9389032020477586,0.4267418238907944,0.99,1,False,,,,
1766471841.431808,0.9389032020477586,0.4267418238907944,0.99,1,False,,,,
1766471841.436404,0.6265781696757616,0.715802446347505,0.18580794666225434,1,False,,,,
1766471841.439321,0.6265781696757616,0.715802446347505,0.18580794666225434,1,False,,,,
1766471841.445597,0.6265781696757616,0.715802446347505,0.18580794666225434,1,False,,,,
1766471841.448909,0.9248835915211935,0.36102108817063194,0.9929482340812683,2,False,,,,
1766471841.793879,0.9248835915211935,0.36102108817063194,0.9929482340812683,2,False,,,,
1766471841.801079,0.9248835915211935,0.36102108817063194,0.9929482340812683,2,False,,,,
1766471841.8043299,0.9226338123708622,0.365055056180819,0.9867172241210938,2,False,,,,
1766471841.807063,0.9226338123708622,0.365055056180819,0.9867172241210938,2,False,,,,
1766471841.8121831,0.7520946536705685,0.5897657815269277,1.0,2,False,,,,
1766471842.1015449,0.7520946536705685,0.5897657815269277,1.0,2,False,,,,
1766471842.107845,0.7536052482082126,0.5885805209844807,0.9659832715988159,2,False,,,,
1766471842.1115131,0.7536052482082126,0.5885805209844807,0.9659832715988159,2,False,,,,
1766471842.116286,0.7536052482082126,0.5885805209844807,0.9659832715988159,2,False,,,,
1766471842.1190479,0.3013251006241203,0.33346299975279836,0.9951861798763275,2,False,,,,
1766471842.509345,0.28597660485237936,0.417349508493293,1.0,2,False,,,,
1766471842.5168571,0.28597660485237936,0.417349508493293,1.0,2,False,,,,
1766471842.5222661,0.3115687628486404,0.4286899971059812,0.9827124774456024,2,False,,,,
1766471842.525216,0.3161892991371905,0.4352124208212649,1.0,2,False,,,,
1766471842.527979,0.4625378624038219,0.5025077050277763,0.9963990449905396,1,False,,,,
1766471842.770412,0.4625378624038219,0.5025077050277763,0.9963990449905396,1,False,,,,
1766471842.7772071,0.46905482294510764,0.5005710185209917,1.0,1,False,,,,
1766471842.780724,0.46905482294510764,0.5005710185209917,1.0,1,False,,,,
1766471842.787584,0.46905482294510764,0.5005710185209917,1.0,1,False,,,,
1766471842.790682,0.45326644518879516,0.45080032259502434,0.8715052008628845,1,False,,,,
1766471843.129496,0.45185050772873436,0.4536786950266647,0.8819651901721954,1,False,,,,
1766471843.136485,0.45185050772873436,0.4536786950266647,0.8819651901721954,1,False,,,,
1766471843.14169,0.45185050772873436,0.4536786950266647,0.8819651901721954,1,False,,,,
1766471843.144716,0.4487630107350359,0.4581546530636089,0.8393226265907288,1,False,,,,
1766471843.147434,0.7659332123281027,0.5974874019260846,0.2943662107292429,1,False,,,,
1766471844.142771,0.7659332123281027,0.5974874019260846,0.2943662107292429,1,False,,,,
1766471844.148801,0.7659332123281027,0.5974874019260846,0.2943662107292429,1,False,,,,
1766471844.151937,0.5402890244494583,0.4891444692646578,0.4232727452207235,1,False,,,,
1766471844.154621,0.5402890244494583,0.4891444692646578,0.4232727452207235,1,False,,,,
1766471844.160002,0.6259066494854966,0.3794191961048696,0.8806357681751251,1,False,,,,
1766471844.3734689,0.6259066494854966,0.3794191961048696,0.8806357681751251,1,False,,,,
1766471844.3801951,0.6259066494854966,0.3794191961048696,0.8806357681751251,1,False,,,,
1766471844.3849978,0.6272257853281451,0.3840357368530203,0.9075941741466522,1,False,,,,
1766471844.387331,0.6272257853281451,0.3840357368530203,0.9075941741466522,1,False,,,,
1766471844.402941,0.6396689271069762,0.37746186824375316,0.8889620304107666,1,False,,,,
1766471844.688308,0.6400588294170397,0.37727016069149055,0.860196053981781,1,False,,,,
1766471844.693839,0.6400588294170397,0.37727016069149055,0.860196053981781,1,False,,,,
1766471844.699945,0.6400588294170397,0.37727016069149055,0.860196053981781,1,False,,,,
1766471844.702909,0.6395812073674884,0.3769905800635267,0.8508835732936859,1,False,,,,
1766471844.706172,0.6294188597732073,0.4225207328283629,0.9820310771465302,1,False,,,,
1766471844.968298,0.6294188597732073,0.4225207328283629,0.9820310771465302,1,False,,,,
1766471844.974217,0.6280423521309618,0.42563201281785545,0.9743637442588806,1,False,,,,
1766471844.977155,0.6280423521309618,0.42563201281785545,0.9743637442588806,1,False,,,,
1766471844.982337,0.6280423521309618,0.42563201281785545,0.9743637442588806,1,False,,,,
1766471844.987081,0.6129169744387558,0.46918028485933494,1.0,1,False,,,,
1766471845.260323,0.6129169744387558,0.46918028485933494,1.0,1,False,,,,
1766471845.266903,0.6129169744387558,0.46918028485933494,1.0,1,False,,,,
1766471845.269828,0.6129169744387558,0.46918028485933494,1.0,1,False,,,,
1766471845.272864,0.6117507117371764,0.4766878412599125,1.0,1,False,,,,
1766471845.275241,0.6082770221919633,0.5026148578101489,1.0,1,False,,,,
1766471845.894488,0.6073844761056192,0.5014054697130538,1.0,1,False,,,,
1766471845.900222,0.6073844761056192,0.5014054697130538,1.0,1,False,,,,
1766471845.9055161,0.6073844761056192,0.5014054697130538,1.0,1,False,,,,
1766471845.909482,0.6065637198285292,0.5023697889803945,1.0,1,False,,,,
1766471845.9122372,0.7282691620576821,0.5064817870900593,0.32768034125153694,1,False,,,,
1766471846.1835468,0.7282691620576821,0.5064817870900593,0.32768034125153694,1,False,,,,
1766471846.188189,0.7282691620576821,0.5064817870900593,0.32768034125153694,1,False,,,,
1766471846.190627,0.7282691620576821,0.5064817870900593,0.32768034125153694,1,False,,,,
1766471846.1933749,0.473012227571673,0.7244435841522328,0.22480762407077595,1,False,,,,
1766471846.196318,0.5940174255434767,0.47247669426590466,1.0,1,False,,,,
1766471846.4158359,0.5940174255434767,0.47247669426590466,1.0,1,False,,,,
1766471846.4222138,0.5940174255434767,0.47247669426590466,1.0,1,False,,,,
1766471846.427315,0.5925079534221529,0.47331196632692063,1.0,1,False,,,,
1766471846.430223,0.5925079534221529,0.47331196632692063,1.0,1,False,,,,
1766471846.432766,0.591876249803466,0.4721304654002616,1.0,1,False,,,,
1766471846.6448052,0.591876249803466,0.4721304654002616,1.0,1,False,,,,
1766471846.650048,0.5909336478848317,0.47385592294250944,1.0,1,False,,,,
1766471846.653551,0.5909336478848317,0.47385592294250944,1.0,1,False,,,,
1766471846.6595142,0.5909336478848317,0.47385592294250944,1.0,1,False,,,,
1766471846.662091,0.5455858741275781,0.4261163722824315,1.0,1,False,,,,
1766471847.017463,0.5455389772621988,0.4237615083572823,1.0,1,False,,,,
1766471847.0229728,0.5455389772621988,0.4237615083572823,1.0,1,False,,,,
1766471847.0283132,0.5455389772621988,0.4237615083572823,1.0,1,False,,,,
1766471847.031561,0.5452014755874495,0.4192732665621406,1.0,1,False,,,,
1766471847.035657,0.5446699157441749,0.406450277916646,1.0,1,False,,,,
1766471847.261287,0.5446699157441749,0.406450277916646,1.0,1,False,,,,
1766471847.266998,0.5442563658287805,0.40778976426725067,1.0,1,False,,,,
1766471847.271038,0.5442563658287805,0.40778976426725067,1.0,1,False,,,,
1766471847.2769978,0.5442563658287805,0.40778976426725067,1.0,1,False,,,,
1766471847.279937,0.5420781425824917,0.39923102251879516,1.0,1,False,,,,
1766471847.645662,0.5420781425824917,0.39923102251879516,1.0,1,False,,,,
1766471847.65152,0.5424016257353955,0.39723056611519936,1.0,1,False,,,,
1766471847.655746,0.5424016257353955,0.39723056611519936,1.0,1,False,,,,
1766471847.659136,0.5424016257353955,0.39723056611519936,1.0,1,False,,,,
1766471847.664581,0.5480670992144343,0.403186896908882,1.0,1,False,,,,
1766471847.9411242,0.5480670992144343,0.403186896908882,1.0,1,False,,,,
1766471847.946557,0.5480670992144343,0.403186896908882,1.0,1,False,,,,
1766471847.949518,0.5479523942008111,0.40322925702840673,1.0,1,False,,,,
1766471847.952275,0.5470743581245762,0.4030752024222306,1.0,1,False,,,,
1766471847.954977,0.5360972264511762,0.3923598516308078,1.0,1,False,,,,
1766471848.181,0.5360972264511762,0.3923598516308078,1.0,1,False,,,,
1766471848.1866639,0.5357772419925458,0.3911353621168552,1.0,1,False,,,,
1766471848.191406,0.5357772419925458,0.3911353621168552,1.0,1,False,,,,
1766471848.1945112,0.5357772419925458,0.3911353621168552,1.0,1,False,,,,
1766471848.201136,0.5340121830058435,0.39776023475229794,1.0,1,False,,,,
1766471848.4315908,0.5340121830058435,0.39776023475229794,1.0,1,False,,,,
1766471848.4374201,0.5340121830058435,0.39776023475229794,1.0,1,False,,,,
1766471848.440835,0.533331093666865,0.39862736611092364,1.0,1,False,,,,
1766471848.443337,0.533331093666865,0.39862736611092364,1.0,1,False,,,,
1766471848.448246,0.5845198921827504,0.41303776767715905,1.0,1,False,,,,
1766471848.662879,0.5845198921827504,0.41303776767715905,1.0,1,False,,,,
1766471848.668619,0.5845198921827504,0.41303776767715905,1.0,1,False,,,,
1766471848.671367,0.5845198921827504,0.41303776767715905,1.0,1,False,,,,
1766471848.674125,0.5846663495852991,0.4132938240540549,1.0,1,False,,,,
1766471848.680007,0.5432829588190622,0.4273302915453674,1.0,1,False,,,,
1766471848.942647,0.5431519968698579,0.42808593769037273,1.0,1,False,,,,
1766471848.9487429,0.5431519968698579,0.42808593769037273,1.0,1,False,,,,
1766471848.9549131,0.5431519968698579,0.42808593769037273,1.0,1,False,,,,
1766471848.957943,0.5432007031599764,0.4284907961915452,1.0,1,False,,,,
1766471848.9611342,0.5538640717687118,0.4104265636723867,1.0,1,False,,,,
1766471849.2482371,0.5538640717687118,0.4104265636723867,1.0,1,False,,,,
1766471849.254136,0.5538640717687118,0.4104265636723867,1.0,1,False,,,,
1766471849.257418,0.5538640717687118,0.4104265636723867,1.0,1,False,,,,
1766471849.2603772,0.552594456492914,0.4095798529074579,1.0,1,False,,,,
1766471849.262937,0.5960977940961655,0.43490693395879176,1.0,1,False,,,,
1766471849.6020212,0.5960977940961655,0.43490693395879176,1.0,1,False,,,,
1766471849.6072488,0.5960977940961655,0.43490693395879176,1.0,1,False,,,,
1766471849.609657,0.5961006162155738,0.4350496567756278,1.0,1,False,,,,
1766471849.612638,0.5957856887704787,0.4352537134242076,1.0,1,False,,,,
1766471849.615061,0.5333729407526039,0.4295602980942954,1.0,1,False,,,,
1766471849.927291,0.5333729407526039,0.4295602980942954,1.0,1,False,,,,
1766471849.933291,0.5325302156906603,0.4306258498144544,1.0,1,False,,,,
1766471849.9372349,0.5325302156906603,0.4306258498144544,1.0,1,False,,,,
1766471849.9434109,0.5325302156906603,0.4306258498144544,1.0,1,False,,,,
1766471849.946639,0.5505006256722046,0.4045003683513657,1.0,1,False,,,,
1766471850.239724,0.5505006256722046,0.4045003683513657,1.0,1,False,,,,
1766471850.245377,0.5505006256722046,0.4045003683513657,1.0,1,False,,,,
1766471850.248599,0.5501497833672913,0.40577447573881065,1.0,1,False,,,,
1766471850.253394,0.5501497833672913,0.40577447573881065,1.0,1,False,,,,
1766471850.259451,0.6015653150571633,0.4279858075723062,1.0,1,False,,,,
1766471850.479697,0.6015653150571633,0.4279858075723062,1.0,1,False,,,,
1766471850.486411,0.6014629928135882,0.42593202542930153,1.0,1,False,,,,
1766471850.489565,0.6014629928135882,0.42593202542930153,1.0,1,False,,,,
1766471850.49618,0.6014629928135882,0.42593202542930153,1.0,1,False,,,,
1766471850.499616,0.5284531383243327,0.4296145743319324,1.0,1,False,,,,
1766471850.804151,0.5284531383243327,0.4296145743319324,1.0,1,False,,,,
1766471850.809422,0.5284531383243327,0.4296145743319324,1.0,1,False,,,,
1766471850.812171,0.5284531383243327,0.4296145743319324,1.0,1,False,,,,
1766471850.814695,0.5284531383243327,0.4296145743319324,1.0,1,False,,,,
1766471850.817926,-1.3333231114456816,-1.5500271825266347,0.2553231139140592,1,False,,,,
1766471851.330454,-1.3333231114456816,-1.5500271825266347,0.2553231139140592,1,False,,,,
1766471851.3378701,1.0831645059811312,1.3361222661560501,0.3092176053308485,1,False,,,,
1766471851.341061,1.1640446341589363,1.4345901801664689,0.26415992961581947,1,False,,,,
1766471851.3441432,1.1640446341589363,1.4345901801664689,0.26415992961581947,1,False,,,,
1766471851.350112,0.5092295114518633,0.8695998898693316,0.9874616265296936,1,False,,,,
1766471851.66349,0.5092295114518633,0.8695998898693316,0.9874616265296936,1,False,,,,
1766471851.6713002,0.5108853547561842,0.8617157031967603,0.926694929599762,1,False,,,,
1766471851.673985,0.5108853547561842,0.8617157031967603,0.926694929599762,1,False,,,,
1766471851.676901,0.5108853547561842,0.8617157031967603,0.926694929599762,1,False,,,,
1766471851.683218,0.5186248962660526,0.8109301644643883,1.0,0,False,,,,
1766471851.883209,0.5186248962660526,0.8109301644643883,1.0,0,False,,,,
1766471851.891349,0.5187125909632685,0.8088249194640396,1.0,0,False,,,,
1766471851.895605,0.5187125909632685,0.8088249194640396,1.0,0,False,,,,
1766471851.900209,0.5187125909632685,0.8088249194640396,1.0,0,False,,,,
1766471851.903018,0.4346811117273098,0.8805479644332525,1.0,0,False,,,,
1766471852.116208,0.4346811117273098,0.8805479644332525,1.0,0,False,,,,
1766471852.123529,0.4360347236625232,0.8753797885276318,1.0,0,False,,,,
1766471852.1262121,0.4360347236625232,0.8753797885276318,1.0,0,False,,,,
1766471852.1292968,0.4360347236625232,0.8753797885276318,1.0,0,False,,,,
1766471852.135115,0.44041827656081434,0.7190182528636948,1.0,0,False,,,,
1766471852.303356,0.44041827656081434,0.7190182528636948,1.0,0,False,,,,
1766471852.308218,0.43920654545659604,0.7194404940455402,1.0,0,False,,,,
1766471852.3108659,0.43920654545659604,0.7194404940455402,1.0,0,False,,,,
1766471852.315011,0.43920654545659604,0.7194404940455402,1.0,0,False,,,,
1766471852.319544,0.44092917441121776,0.8541997410901756,1.0,0,False,,,,
1766471852.476345,0.44246103731122133,0.8493404463280967,1.0,0,False,,,,
1766471852.481339,0.44246103731122133,0.8493404463280967,1.0,0,False,,,,
1766471852.486815,0.44246103731122133,0.8493404463280967,1.0,0,False,,,,
1766471852.489579,0.44246103731122133,0.8493404463280967,1.0,0,False,,,,
1766471852.491821,0.4873287054962455,0.83568374419952,1.0,0,False,,,,
1766471852.6577961,0.4857292754638414,0.8363447203709272,1.0,0,False,,,,
1766471852.6626391,0.4857347089176051,0.8378438848331863,1.0,0,False,,,,
1766471852.6668448,0.4857347089176051,0.8378438848331863,1.0,0,False,,,,
1766471852.669578,0.4857347089176051,0.8378438848331863,1.0,0,False,,,,
1766471852.671747,0.47443651232525363,0.8224703263417074,1.0,0,False,,,,
1766471852.8889,0.47443651232525363,0.8224703263417074,1.0,0,False,,,,
1766471852.892803,0.47443651232525363,0.8224703263417074,1.0,0,False,,,,
1766471852.8956668,0.47980397300819366,0.8354374499197493,1.0,0,False,,,,
1766471852.898646,0.47980397300819366,0.8354374499197493,1.0,0,False,,,,
1766471852.9008052,0.5692352351410593,0.8920783275587121,1.0,0,False,,,,
1766471853.0692759,0.5687973709589776,0.8914557124214672,1.0,0,False,,,,
1766471853.074674,0.5687973709589776,0.8914557124214672,1.0,0,False,,,,
1766471853.077648,0.569073273002932,0.8904633585884337,1.0,0,False,,,,
1766471853.080031,0.5690296400521492,0.8881903974775933,1.0,0,False,,,,
1766471853.0826602,0.5474860993427788,0.8760339191066149,1.0,0,False,,,,
1766471853.2596831,0.5474860993427788,0.8760339191066149,1.0,0,False,,,,
1766471853.263932,0.5466964839166386,0.8741098549258822,1.0,0,False,,,,
1766471853.266643,0.5466964839166386,0.8741098549258822,1.0,0,False,,,,
1766471853.27075,0.5466964839166386,0.8741098549258822,1.0,0,False,,,,
1766471853.273092,0.27402784323660756,1.2781800531897622,0.971235454082489,0,False,,,,
1766471853.482264,0.42319118502524955,0.9903105880768837,0.8,0,False,,,,
1766471853.4887922,0.42319118502524955,0.9903105880768837,0.8,0,False,,,,
1766471853.493025,0.42319118502524955,0.9903105880768837,0.8,0,False,,,,
1766471853.49559,0.42319118502524955,0.9903105880768837,0.8,0,False,,,,
1766471853.498226,0.5275071059255069,1.1200682454386548,0.9462684094905853,0,False,,,,
1766471853.66956,0.5275071059255069,1.1200682454386548,0.9462684094905853,0,False,,,,
1766471853.674849,0.5275071059255069,1.1200682454386548,0.9462684094905853,0,False,,,,
1766471853.678955,0.5275071059255069,1.1200682454386548,0.9462684094905853,0,False,,,,
1766471853.6820989,0.5335364610885467,1.1104687387220324,0.9748065769672394,0,False,,,,
1766471853.685347,0.32738060756855186,1.2732774150271475,0.3335306737259792,0,False,,,,
1766471853.834733,0.4696857267334589,1.2912249381534575,0.7487692579886489,0,False,,,,
1766471853.840329,0.4696857267334589,1.2912249381534575,0.7487692579886489,0,False,,,,
1766471853.845411,0.4696857267334589,1.2912249381534575,0.7487692579886489,0,False,,,,
1766471853.8488,0.4696857267334589,1.2912249381534575,0.7487692579886489,0,False,,,,
1766471853.85131,0.5240824734922815,0.8998020674854458,0.8864434659481049,0,False,,,,
1766471854.027544,0.5240824734922815,0.8998020674854458,0.8864434659481049,0,False,,,,
1766471854.032657,0.5240824734922815,0.8998020674854458,0.8864434659481049,0,False,,,,
1766471854.035776,0.5226556304279762,0.8981582098673777,0.8954431712627411,0,False,,,,
1766471854.0384362,0.5226556304279762,0.8981582098673777,0.8954431712627411,0,False,,,,
1766471854.041263,0.5174852596505489,0.8202357746889823,0.9591136276721954,0,False,,,,
1766471854.228287,0.5174852596505489,0.8202357746889823,0.9591136276721954,0,False,,,,
1766471854.23355,0.5174852596505489,0.8202357746889823,0.9591136276721954,0,False,,,,
1766471854.238283,0.5180285996549244,0.8175914951739313,0.9488050043582916,0,False,,,,
1766471854.240725,0.5180285996549244,0.8175914951739313,0.9488050043582916,0,False,,,,
1766471854.2450402,0.5456359982656231,0.7732817482203985,1.0,0,False,,,,
1766471854.413434,0.5456359982656231,0.7732817482203985,1.0,0,False,,,,
1766471854.418119,0.5460014493815082,0.7757910716102021,1.0,0,False,,,,
1766471854.421545,0.5460014493815082,0.7757910716102021,1.0,0,False,,,,
1766471854.425503,0.5460014493815082,0.7757910716102021,1.0,0,False,,,,
1766471854.430974,0.256239815943098,0.5682201718609611,1.0,0,False,,,,
1766471854.577285,0.256239815943098,0.5682201718609611,1.0,0,False,,,,
1766471854.584078,0.256239815943098,0.5682201718609611,1.0,0,False,,,,
1766471854.58731,0.2738674800077495,0.5807037003953557,0.9812427163124084,0,False,,,,
1766471854.589874,0.2738674800077495,0.5807037003953557,0.9812427163124084,0,False,,,,
1766471854.593895,0.6245907062260047,0.9478955722126942,0.99,0,False,,,,
1766471854.7870789,0.6836379113103582,0.9823473982519987,0.995,0,False,,,,
1766471854.793961,0.6836379113103582,0.9823473982519987,0.995,0,False,,,,
1766471854.799764,0.6836379113103582,0.9823473982519987,0.995,0,False,,,,
1766471854.8025038,0.6836379113103582,0.9823473982519987,0.995,0,False,,,,
1766471854.804656,0.5865679117315227,0.7531379939385583,1.0,0,False,,,,
1766471854.991811,0.5824243410552581,0.72823489080307,1.0,0,False,,,,
1766471854.99838,0.5824243410552581,0.72823489080307,1.0,0,False,,,,
1766471855.003123,0.5824243410552581,0.72823489080307,1.0,0,False,,,,
1766471855.006115,0.5813708261337761,0.7131590613457569,1.0,0,False,,,,
1766471855.0088801,0.5325320784665714,0.8514715935993732,1.0,0,False,,,,
1766471855.1968079,0.5325320784665714,0.8514715935993732,1.0,0,False,,,,
1766471855.2019079,0.5325320784665714,0.8514715935993732,1.0,0,False,,,,
1766471855.204591,0.5325320784665714,0.8514715935993732,1.0,0,False,,,,
1766471855.206869,0.5302336410971648,0.8619656657494222,1.0,0,False,,,,
1766471855.209074,0.5146796257916557,0.887397451205365,1.0,0,False,,,,
1766471855.376061,0.5120032215697436,0.9045846768623902,1.0,0,False,,,,
1766471855.3835661,0.5120032215697436,0.9045846768623902,1.0,0,False,,,,
1766471855.3879712,0.5120032215697436,0.9045846768623902,1.0,0,False,,,,
1766471855.3907158,0.5071655066487022,0.9228539323136286,1.0,0,False,,,,
1766471855.393285,0.49340205129814174,0.8914433247723489,0.9851733148097992,1,False,,,,
1766471855.625673,0.49477474398274596,0.8867226496368791,1.0,1,False,,,,
1766471855.631238,0.4954144179387548,0.880583201140641,0.9304026663303375,1,False,,,,
1766471855.635722,0.4954144179387548,0.880583201140641,0.9304026663303375,1,False,,,,
1766471855.639861,0.4954144179387548,0.880583201140641,0.9304026663303375,1,False,,,,
1766471855.6423879,0.4919145941399402,0.8576585696339561,1.0,0,False,,,,
1766471855.8275719,0.48964977422391287,0.859775990001646,1.0,0,False,,,,
1766471855.832801,0.48964977422391287,0.859775990001646,1.0,0,False,,,,
1766471855.837099,0.48964977422391287,0.859775990001646,1.0,0,False,,,,
1766471855.8396218,0.48964977422391287,0.859775990001646,1.0,0,False,,,,
1766471855.841964,0.5020126437872106,0.7612561732088962,1.0,0,False,,,,
1766471855.9974499,0.5014365176144613,0.7576807732052664,1.0,0,False,,,,
1766471856.002826,0.5014365176144613,0.7576807732052664,1.0,0,False,,,,
1766471856.0078259,0.5014365176144613,0.7576807732052664,1.0,0,False,,,,
1766471856.0110059,0.49886332224311475,0.745244368577954,1.0,0,False,,,,
1766471856.014385,0.4814642910465034,0.7542406969776455,1.0,0,False,,,,
1766471856.165888,0.488670698603136,0.7426812129659127,1.0,0,False,,,,
1766471856.1717372,0.488670698603136,0.7426812129659127,1.0,0,False,,,,
1766471856.176445,0.488670698603136,0.7426812129659127,1.0,0,False,,,,
1766471856.1795049,0.4964686887219469,0.7250054030550463,1.0,0,False,,,,
1766471856.182391,0.49256810996664785,0.6909397577185559,1.0,0,False,,,,
1766471856.3431628,0.49256810996664785,0.6909397577185559,1.0,0,False,,,,
1766471856.3482418,0.4883599691515692,0.6991196126690794,1.0,0,False,,,,
1766471856.35105,0.4883599691515692,0.6991196126690794,1.0,0,False,,,,
1766471856.3561652,0.4883599691515692,0.6991196126690794,1.0,0,False,,,,
1766471856.358731,0.4776433868805531,0.6546403826827919,1.0,0,False,,,,
1766471856.537695,0.4776433868805531,0.6546403826827919,1.0,0,False,,,,
1766471856.5439281,0.4776433868805531,0.6546403826827919,1.0,0,False,,,,
1766471856.548046,0.4740512665499314,0.6583245564076018,1.0,0,False,,,,
1766471856.550368,0.4740512665499314,0.6583245564076018,1.0,0,False,,,,
1766471856.555113,0.4750484746804447,0.6729117328384085,1.0,0,False,,,,
1766471856.7075891,0.4750484746804447,0.6729117328384085,1.0,0,False,,,,
1766471856.712627,0.4750484746804447,0.6729117328384085,1.0,0,False,,,,
1766471856.7157052,0.4818481875510362,0.6650587371484242,1.0,0,False,,,,
1766471856.7181828,0.4818481875510362,0.6650587371484242,1.0,0,False,,,,
1766471856.720638,0.5067333070599374,0.6421897547736991,1.0,0,False,,,,
1766471857.051402,0.5025817193766299,0.6593031448658296,1.0,0,False,,,,
1766471857.058251,0.5025817193766299,0.6593031448658296,1.0,0,False,,,,
1766471857.063686,0.5025817193766299,0.6593031448658296,1.0,0,False,,,,
1766471857.066689,0.49526843487777433,0.6834406731699264,1.0,0,False,,,,
1766471857.0709388,0.5059802051408941,0.7980347370122298,1.0,0,False,,,,
1766471857.273115,0.5045834151639643,0.8051732493192322,1.0,0,False,,,,
1766471857.280133,0.5045834151639643,0.8051732493192322,1.0,0,False,,,,
1766471857.282642,0.5045834151639643,0.8051732493192322,1.0,0,False,,,,
1766471857.285145,0.5045491156491382,0.8082482328670184,1.0,0,False,,,,
1766471857.287699,0.503756151302266,0.8957608333346571,1.0,1,False,,,,
1766471857.569941,0.5047584000159328,0.900360600607509,1.0,1,False,,,,
1766471857.575894,0.5048305685104288,0.9021669627238972,1.0,1,False,,,,
1766471857.58076,0.5048305685104288,0.9021669627238972,1.0,1,False,,,,
1766471857.5836558,0.5048305685104288,0.9021669627238972,1.0,1,False,,,,
1766471857.5864692,0.48587801525449714,0.903852495965538,1.0,0,False,,,,
1766471857.743381,0.48587801525449714,0.903852495965538,1.0,0,False,,,,
1766471857.7478569,0.48587801525449714,0.903852495965538,1.0,0,False,,,,
1766471857.7522528,0.48587801525449714,0.903852495965538,1.0,0,False,,,,
1766471857.755202,0.48675132592073017,0.8982316511311452,0.9871322512626648,0,False,,,,
1766471857.7578619,0.5154055974665006,0.8588955918055612,1.0,0,False,,,,
1766471857.95561,0.5141426785033794,0.8560730907650164,0.9788954854011536,0,False,,,,
1766471857.961189,0.5141426785033794,0.8560730907650164,0.9788954854011536,0,False,,,,
1766471857.966151,0.5141426785033794,0.8560730907650164,0.9788954854011536,0,False,,,,
1766471857.968767,0.5141426785033794,0.8560730907650164,0.9788954854011536,0,False,,,,
1766471857.971843,0.5106228310406145,0.844591682340059,0.9503962099552155,0,False,,,,
1766471858.140107,0.5111011093292694,0.8412258076928603,1.0,0,False,,,,
1766471858.144758,0.5111011093292694,0.8412258076928603,1.0,0,False,,,,
1766471858.1489742,0.5111011093292694,0.8412258076928603,1.0,0,False,,,,
1766471858.153443,0.5110025328007325,0.8389900004691656,1.0,0,False,,,,
1766471858.15614,0.5321827353944998,0.7705582669956169,1.0,0,False,,,,
1766471858.355781,0.5321827353944998,0.7705582669956169,1.0,0,False,,,,
1766471858.361681,0.5307831434010016,0.7682174535030548,1.0,0,False,,,,
1766471858.364604,0.5307831434010016,0.7682174535030548,1.0,0,False,,,,
1766471858.370236,0.5307831434010016,0.7682174535030548,1.0,0,False,,,,
1766471858.373111,0.46413689292834903,1.0703760066818322,0.39426938887979723,0,False,,,,
1766471858.5232582,0.46413689292834903,1.0703760066818322,0.39426938887979723,0,False,,,,
1766471858.528061,0.6750305195605822,1.0693875716569383,0.16370502887299165,0,False,,,,
1766471858.532906,0.6750305195605822,1.0693875716569383,0.16370502887299165,0,False,,,,
1766471858.538075,0.6750305195605822,1.0693875716569383,0.16370502887299165,0,False,,,,
1766471858.5406778,0.6325028920133788,0.6514001082299304,0.9651793241500854,0,False,,,,
1766471858.6973052,0.6325028920133788,0.6514001082299304,0.9651793241500854,0,False,,,,
1766471858.703246,0.6325028920133788,0.6514001082299304,0.9651793241500854,0,False,,,,
1766471858.706081,0.6325028920133788,0.6514001082299304,0.9651793241500854,0,False,,,,
1766471858.708512,0.6325028920133788,0.6514001082299304,0.9651793241500854,0,False,,,,
1766471858.711136,0.533271884054662,0.8191297131488985,0.9450784921646118,0,False,,,,
1766471858.8948328,0.5338594947071327,0.8151018812187343,0.9332604706287384,0,False,,,,
1766471858.899464,0.5338594947071327,0.8151018812187343,0.9332604706287384,0,False,,,,
1766471858.9027069,0.5338594947071327,0.8151018812187343,0.9332604706287384,0,False,,,,
1766471858.9073558,0.5338594947071327,0.8151018812187343,0.9332604706287384,0,False,,,,
1766471858.9104588,0.5885625472566479,0.48108891045374813,1.0,0,False,,,,
1766471859.8119,0.5885625472566479,0.48108891045374813,1.0,0,False,,,,
1766471859.8197498,0.5886014689252411,0.49468254253842947,1.0,0,False,,,,
1766471859.824039,0.5886014689252411,0.49468254253842947,1.0,0,False,,,,
1766471859.8265018,0.5886014689252411,0.49468254253842947,1.0,0,False,,,,
1766471859.829397,0.44307596034636176,0.6546641258176635,0.5111174189448299,1,False,,,,
1766471860.122516,0.44307596034636176,0.6546641258176635,0.5111174189448299,1,False,,,,
1766471860.128556,0.44307596034636176,0.6546641258176635,0.5111174189448299,1,False,,,,
1766471860.131265,0.44307596034636176,0.6546641258176635,0.5111174189448299,1,False,,,,
1766471860.134163,0.2872194742118928,0.7608998556931961,0.18107623120917735,1,False,,,,
1766471860.1370702,0.5839133337449902,0.6131075494721492,0.9089375138282776,1,False,,,,
1766471860.418896,0.6160771905528687,0.6156514400895484,0.933122843503952,1,False,,,,
1766471860.424662,0.6160771905528687,0.6156514400895484,0.933122843503952,1,False,,,,
1766471860.429709,0.6160771905528687,0.6156514400895484,0.933122843503952,1,False,,,,
1766471860.432702,0.6160771905528687,0.6156514400895484,0.933122843503952,1,False,,,,
1766471860.4377432,0.572620922787071,0.647550611248973,1.0,1,False,,,,
1766471860.737941,0.572620922787071,0.647550611248973,1.0,1,False,,,,
1766471860.744119,0.572620922787071,0.647550611248973,1.0,1,False,,,,
1766471860.749469,0.572620922787071,0.647550611248973,1.0,1,False,,,,
1766471860.752299,0.572620922787071,0.647550611248973,1.0,1,False,,,,
1766471860.755409,0.5500639526643483,0.6074907875529822,1.0,1,False,,,,
1766471860.97394,0.5500639526643483,0.6074907875529822,1.0,1,False,,,,
1766471860.979429,0.5500639526643483,0.6074907875529822,1.0,1,False,,,,
1766471860.9852219,0.5498531655780027,0.6070527538135255,1.0,1,False,,,,
1766471860.988506,0.5502776795901237,0.6034544608061975,1.0,1,False,,,,
1766471860.9913,0.5992967920531693,0.6138714388897798,1.0,1,False,,,,
1766471861.222568,0.5967009947562578,0.6151956787542453,1.0,1,False,,,,
1766471861.2280471,0.5967009947562578,0.6151956787542453,1.0,1,False,,,,
1766471861.2342029,0.5967009947562578,0.6151956787542453,1.0,1,False,,,,
1766471861.237195,0.5967009947562578,0.6151956787542453,1.0,1,False,,,,
1766471861.240457,0.5925243226613932,0.6253795417694781,1.0,1,False,,,,
1766471861.449078,0.5925243226613932,0.6253795417694781,1.0,1,False,,,,
1766471861.454792,0.5925243226613932,0.6253795417694781,1.0,1,False,,,,
1766471861.457747,0.5932286648676028,0.6271618044467159,1.0,1,False,,,,
1766471861.460762,0.593710955783229,0.6283226914373349,1.0,1,False,,,,
1766471861.463391,0.6032956173940774,0.5900713162567234,1.0,1,False,,,,
1766471862.392619,0.6032956173940774,0.5900713162567234,1.0,1,False,,,,
1766471862.398438,0.5982215115748769,0.5966584447620421,1.0,1,False,,,,
1766471862.403775,0.5982215115748769,0.5966584447620421,1.0,1,False,,,,
1766471862.408692,0.5982215115748769,0.5966584447620421,1.0,1,False,,,,
1766471862.411507,0.5855448512895196,0.6032296284734493,1.0,0,False,,,,
1766471862.690078,0.5855448512895196,0.6032296284734493,1.0,0,False,,,,
1766471862.695724,0.5855448512895196,0.6032296284734493,1.0,0,False,,,,
1766471862.700244,0.5850351649432155,0.601524160522835,1.0,0,False,,,,
1766471862.702985,0.5850351649432155,0.601524160522835,1.0,0,False,,,,
1766471862.708599,0.37907661832505013,0.6987700838381983,0.9826674050178836,1,False,,,,
1766471862.932312,0.5015273434643807,0.564276355970628,0.5294275103054983,1,False,,,,
1766471862.938004,0.5015273434643807,0.564276355970628,0.5294275103054983,1,False,,,,
1766471862.9430459,0.5015273434643807,0.564276355970628,0.5294275103054983,1,False,,,,
1766471862.946622,-0.6887651105885977,-0.023762767786370764,0.20649421687474445,1,False,,,,
1766471862.95034,0.5681020019247276,0.9706808576182795,0.864706963300705,1,True,0.5032826662063599,0.8826775550842285,0.10242128372192383,0.09840664267539978
1766471863.1906948,0.5681020019247276,0.9706808576182795,0.864706963300705,1,True,0.5032826662063599,0.8826775550842285,0.10242128372192383,0.09840664267539978
1766471863.196666,0.5681020019247276,0.9706808576182795,0.864706963300705,1,True,0.5032826662063599,0.8826775550842285,0.10242128372192383,0.09840664267539978
1766471863.2008588,0.568937821585912,0.9658255474710684,0.8768873512744904,1,True,0.5032826662063599,0.8826775550842285,0.10242128372192383,0.09840664267539978
1766471863.203507,0.568937821585912,0.9658255474710684,0.8768873512744904,1,True,0.5032826662063599,0.8826775550842285,0.10242128372192383,0.09840664267539978
1766471863.209229,0.9250222745742388,1.2376445433422911,0.3870215664465456,1,False,,,,
1766471863.44018,0.9250222745742388,1.2376445433422911,0.3870215664465456,1,False,,,,
1766471863.4462552,0.9250222745742388,1.2376445433422911,0.3870215664465456,1,False,,,,
1766471863.449343,1.6558038058318787,1.939445324050172,0.3900206876002439,1,False,,,,
1766471863.452127,1.0828673569335714,1.239646006786754,0.3562116235089103,1,False,,,,
1766471863.454742,0.5777063462072102,0.9191687059691327,0.8820759057998657,1,True,0.495631605386734,0.8258476853370667,0.1031409278512001,0.16737399995326996
1766471863.667912,0.5792833095070123,0.9208463654776242,0.8995999395847321,1,True,0.495631605386734,0.8258476853370667,0.1031409278512001,0.16737399995326996
1766471863.673228,0.5792833095070123,0.9208463654776242,0.8995999395847321,1,True,0.495631605386734,0.8258476853370667,0.1031409278512001,0.16737399995326996
1766471863.677772,0.5792833095070123,0.9208463654776242,0.8995999395847321,1,True,0.495631605386734,0.8258476853370667,0.1031409278512001,0.16737399995326996
1766471863.68015,0.5792833095070123,0.9208463654776242,0.8995999395847321,1,True,0.495631605386734,0.8258476853370667,0.1031409278512001,0.16737399995326996
1766471863.682538,0.5588066023875055,0.9062233474480673,0.888379693031311,1,True,0.4936957359313965,0.8143075108528137,0.10028371959924698,0.1619059294462204
1766471863.923605,0.5588066023875055,0.9062233474480673,0.888379693031311,1,True,0.4936957359313965,0.8143075108528137,0.10028371959924698,0.1619059294462204
1766471863.9296079,0.5588066023875055,0.9062233474480673,0.888379693031311,1,True,0.4936957359313965,0.8143075108528137,0.10028371959924698,0.1619059294462204
1766471863.932236,0.5588066023875055,0.9062233474480673,0.888379693031311,1,True,0.4936957359313965,0.8143075108528137,0.10028371959924698,0.1619059294462204
1766471863.935113,0.5588066023875055,0.9062233474480673,0.888379693031311,1,True,0.4936957359313965,0.8143075108528137,0.10028371959924698,0.1619059294462204
1766471863.937758,0.5547871582735301,0.952480922655655,0.871715784072876,1,True,0.49201497435569763,0.8029645085334778,0.10124721378087997,0.16543562710285187
1766471864.2409751,0.5533742384683721,0.9533824199080442,0.8932364881038666,1,True,0.49201497435569763,0.8029645085334778,0.10124721378087997,0.16543562710285187
1766471864.246927,0.5533742384683721,0.9533824199080442,0.8932364881038666,1,True,0.49201497435569763,0.8029645085334778,0.10124721378087997,0.16543562710285187
1766471864.252099,0.5533742384683721,0.9533824199080442,0.8932364881038666,1,True,0.49201497435569763,0.8029645085334778,0.10124721378087997,0.16543562710285187
1766471864.25562,0.5509198857014961,0.9583655004740917,0.8974689245223999,1,True,0.49201497435569763,0.8029645085334778,0.10124721378087997,0.16543562710285187
1766471864.2607481,0.58923804480791,0.6150450539369832,1.0,1,False,,,,
1766471864.588255,0.58923804480791,0.6150450539369832,1.0,1,False,,,,
1766471864.594314,0.5891683552707261,0.5445497080374544,1.0,1,False,,,,
1766471864.5977972,0.5891683552707261,0.5445497080374544,1.0,1,False,,,,
1766471864.602838,0.5891683552707261,0.5445497080374544,1.0,1,False,,,,
1766471864.605768,0.5768457786197065,0.4885558862662054,1.0,1,False,,,,
1766471865.038713,0.5768457786197065,0.4885558862662054,1.0,1,False,,,,
1766471865.044509,0.5758113311572312,0.4904066589453693,1.0,1,False,,,,
1766471865.049046,0.5758113311572312,0.4904066589453693,1.0,1,False,,,,
1766471865.054708,0.5758113311572312,0.4904066589453693,1.0,1,False,,,,
1766471865.057666,0.5709214160499249,0.4778361995176825,1.0,1,False,,,,
1766471865.32845,0.5681267074239054,0.4753711693557303,1.0,1,False,,,,
1766471865.333707,0.5681267074239054,0.4753711693557303,1.0,1,False,,,,
1766471865.33904,0.5681267074239054,0.4753711693557303,1.0,1,False,,,,
1766471865.342358,0.5693832639985847,0.47859081008262694,0.8758086562156677,1,False,,,,
1766471865.345435,0.5701192778620913,0.4655622950698285,1.0,1,False,,,,
1766471865.556627,0.5701192778620913,0.4655622950698285,1.0,1,False,,,,
1766471865.562407,0.5712658964455587,0.46257182589781753,0.9939466118812561,1,False,,,,
1766471865.5657248,0.5712658964455587,0.46257182589781753,0.9939466118812561,1,False,,,,
1766471865.5685802,0.5712658964455587,0.46257182589781753,0.9939466118812561,1,False,,,,
1766471865.5735512,0.5512790809261967,0.47890231410833906,1.0,1,False,,,,
1766471865.7820742,0.5514351613150352,0.47956180344907184,1.0,1,False,,,,
1766471865.788717,0.5514351613150352,0.47956180344907184,1.0,1,False,,,,
1766471865.791471,0.5514351613150352,0.47956180344907184,1.0,1,False,,,,
1766471865.79633,0.552139325862786,0.48099342966415914,1.0,1,False,,,,
1766471865.800721,0.5562850854313877,0.48621860412637197,1.0,1,False,,,,
1766471866.0768929,0.5562850854313877,0.48621860412637197,1.0,1,False,,,,
1766471866.082526,0.5567893383385814,0.4868550427018924,1.0,1,False,,,,
1766471866.085614,0.5567893383385814,0.4868550427018924,1.0,1,False,,,,
1766471866.089257,0.5567893383385814,0.4868550427018924,1.0,1,False,,,,
1766471866.095551,0.5471032539824698,0.48853596155009227,1.0,1,False,,,,
1766471866.398742,0.5472051036849928,0.49148888307724015,1.0,1,False,,,,
1766471866.404798,0.5472051036849928,0.49148888307724015,1.0,1,False,,,,
1766471866.411246,0.5472051036849928,0.49148888307724015,1.0,1,False,,,,
1766471866.4142,0.5480680655009522,0.49012692318342443,1.0,1,False,,,,
1766471866.4169862,0.5512544913325965,0.5013394912176623,1.0,1,False,,,,
1766471866.6822941,0.5380119670513335,0.4952146645630662,1.0,1,False,,,,
1766471866.688001,0.5380119670513335,0.4952146645630662,1.0,1,False,,,,
1766471866.693552,0.5380119670513335,0.4952146645630662,1.0,1,False,,,,
1766471866.696322,0.5380119670513335,0.4952146645630662,1.0,1,False,,,,
1766471866.6988611,0.5644729930762845,0.4836380414665523,1.0,1,False,,,,
1766471867.01516,0.5644729930762845,0.4836380414665523,1.0,1,False,,,,
1766471867.0214882,0.5624851064306562,0.4819991735612864,1.0,1,False,,,,
1766471867.02455,0.5624851064306562,0.4819991735612864,1.0,1,False,,,,
1766471867.029459,0.5624851064306562,0.4819991735612864,1.0,1,False,,,,
1766471867.032288,0.5846299143549504,0.47955799092044216,1.0,1,False,,,,
1766471867.345501,0.5846299143549504,0.47955799092044216,1.0,1,False,,,,
1766471867.35131,0.5846299143549504,0.47955799092044216,1.0,1,False,,,,
1766471867.3567739,0.5501343504116827,0.4683210723830802,1.0,1,False,,,,
1766471867.359815,0.5501343504116827,0.4683210723830802,1.0,1,False,,,,
1766471867.3659708,0.5280282977505081,0.45282248927330726,1.0,1,False,,,,
1766471867.7002501,0.5280282977505081,0.45282248927330726,1.0,1,False,,,,
1766471867.706045,0.527540391058547,0.45231084607507177,1.0,1,False,,,,
1766471867.7089238,0.527540391058547,0.45231084607507177,1.0,1,False,,,,
1766471867.711949,0.527540391058547,0.45231084607507177,1.0,1,False,,,,
1766471867.717731,0.5563399821996873,0.4693522043471713,1.0,1,False,,,,
1766471868.114209,0.5548409137914019,0.4685944817985952,1.0,1,False,,,,
1766471868.121184,0.5548409137914019,0.4685944817985952,1.0,1,False,,,,
1766471868.1242628,0.5548409137914019,0.4685944817985952,1.0,1,False,,,,
1766471868.126892,0.5554567616785459,0.47168356488050267,1.0,1,False,,,,
1766471868.13153,0.5230086949963778,0.5173108937399612,1.0,1,False,,,,
1766471868.3935301,0.5305413342979441,0.5232452252447609,1.0,1,False,,,,
1766471868.399198,0.5369888993526238,0.5326873017932763,1.0,1,False,,,,
1766471868.404924,0.5369888993526238,0.5326873017932763,1.0,1,False,,,,
1766471868.4080389,0.5369888993526238,0.5326873017932763,1.0,1,False,,,,
1766471868.411005,0.5435568453918638,0.5462390011542216,1.0,1,False,,,,
1766471868.616949,0.5435568453918638,0.5462390011542216,1.0,1,False,,,,
1766471868.622613,0.5435568453918638,0.5462390011542216,1.0,1,False,,,,
1766471868.6257029,0.5438639102125882,0.5451132242333905,1.0,1,False,,,,
1766471868.629472,0.5438639102125882,0.5451132242333905,1.0,1,False,,,,
1766471868.6331468,0.5865864590647963,0.529051520910311,1.0,1,False,,,,
1766471868.8612108,0.5874879336686716,0.5281676561911527,1.0,1,False,,,,
1766471868.86606,0.5880828541754088,0.5277134241159575,1.0,1,False,,,,
1766471868.868978,0.5880828541754088,0.5277134241159575,1.0,1,False,,,,
1766471868.875666,0.5880828541754088,0.5277134241159575,1.0,1,False,,,,
1766471868.8789172,0.5273885982160149,0.5057949894669097,1.0,1,False,,,,
1766471869.197024,0.5264928670530848,0.5061913281224246,1.0,1,False,,,,
1766471869.202623,0.5270282866178232,0.506485004544714,1.0,1,False,,,,
1766471869.208433,0.5270282866178232,0.506485004544714,1.0,1,False,,,,
1766471869.211576,0.5270282866178232,0.506485004544714,1.0,1,False,,,,
1766471869.214335,0.5673325449723108,0.49925007865054405,1.0,1,False,,,,
1766471869.513706,0.5670786215114425,0.4994767319898483,1.0,1,False,,,,
1766471869.519011,0.566828981714291,0.4979666574785536,1.0,1,False,,,,
1766471869.5231192,0.566828981714291,0.4979666574785536,1.0,1,False,,,,
1766471869.527912,0.566828981714291,0.4979666574785536,1.0,1,False,,,,
1766471869.530108,0.5428585006990214,0.4958937421057952,1.0,1,False,,,,
1766471869.7715998,0.5428585006990214,0.4958937421057952,1.0,1,False,,,,
1766471869.77744,0.5428585006990214,0.4958937421057952,1.0,1,False,,,,
1766471869.780271,0.5428585006990214,0.4958937421057952,1.0,1,False,,,,
1766471869.782668,0.5423831555387062,0.4948706470040609,1.0,1,False,,,,
1766471869.786329,0.5359354229104747,0.4963938957236751,1.0,1,False,,,,
1766471869.995994,0.5359354229104747,0.4963938957236751,1.0,1,False,,,,
1766471870.001272,0.5359354229104747,0.4963938957236751,1.0,1,False,,,,
1766471870.004444,0.5355521684092891,0.49578980542452455,1.0,1,False,,,,
1766471870.007437,0.5355521684092891,0.49578980542452455,1.0,1,False,,,,
1766471870.012563,0.5611023054925808,0.4901170571781879,1.0,1,False,,,,
1766471870.263426,0.5611023054925808,0.4901170571781879,1.0,1,False,,,,
1766471870.2690508,0.5617006483396539,0.490785947188934,1.0,1,False,,,,
1766471870.272058,0.5613673176981505,0.4898418189206857,1.0,1,False,,,,
1766471870.274645,0.5613673176981505,0.4898418189206857,1.0,1,False,,,,
1766471870.279839,0.5800246601328292,0.49628643246668336,1.0,1,False,,,,
1766471870.581054,0.5800246601328292,0.49628643246668336,1.0,1,False,,,,
1766471870.5861871,0.5795911633860675,0.49658435762407915,1.0,1,False,,,,
1766471870.588813,0.5795911633860675,0.49658435762407915,1.0,1,False,,,,
1766471870.5912929,0.5795911633860675,0.49658435762407915,1.0,1,False,,,,
1766471870.596457,0.5343698852474073,0.478120216502001,1.0,1,False,,,,
1766471870.809173,0.5349497093735138,0.4780563968723157,1.0,1,False,,,,
1766471870.8147242,0.5349497093735138,0.4780563968723157,1.0,1,False,,,,
1766471870.8200178,0.5349497093735138,0.4780563968723157,1.0,1,False,,,,
1766471870.823244,0.5355321179712549,0.47505250733699145,1.0,1,False,,,,
1766471870.82582,0.5323712632583719,0.48022097483255277,1.0,1,False,,,,
1766471871.045043,0.5331509388970931,0.48155325985264397,1.0,1,False,,,,
1766471871.0509481,0.5331509388970931,0.48155325985264397,1.0,1,False,,,,
1766471871.056478,0.5331509388970931,0.48155325985264397,1.0,1,False,,,,
1766471871.0597382,0.5341010569484737,0.48236055164608227,1.0,1,False,,,,
1766471871.062735,0.5733162323433529,0.6524715687874288,0.2171744898280784,1,False,,,,
1766471871.271183,0.5733162323433529,0.6524715687874288,0.2171744898280784,1,False,,,,
1766471871.276721,0.6196929483121346,0.40190482990714793,0.2652345217881947,1,False,,,,
1766471871.279474,0.6196929483121346,0.40190482990714793,0.2652345217881947,1,False,,,,
1766471871.28459,0.6196929483121346,0.40190482990714793,0.2652345217881947,1,False,,,,
1766471871.3000488,0.5575601298553468,0.48843605446091376,1.0,1,False,,,,
1766471871.519497,0.5575601298553468,0.48843605446091376,1.0,1,False,,,,
1766471871.5253189,0.5566187975380076,0.4886739680691521,1.0,1,False,,,,
1766471871.52933,0.5566570991878083,0.48838063138219356,1.0,1,False,,,,
1766471871.532368,0.5566570991878083,0.48838063138219356,1.0,1,False,,,,
1766471871.5382001,0.5531861621317623,0.48916204159534393,1.0,1,False,,,,
1766471871.747485,0.5531861621317623,0.48916204159534393,1.0,1,False,,,,
1766471871.752533,0.5531861621317623,0.48916204159534393,1.0,1,False,,,,
1766471871.755559,0.5531861621317623,0.48916204159534393,1.0,1,False,,,,
1766471871.758336,0.5531861621317623,0.48916204159534393,1.0,1,False,,,,
1766471871.761445,0.48665605241754556,0.33415883011144243,0.995,1,False,,,,
1766471871.9706318,0.48665605241754556,0.33415883011144243,0.995,1,False,,,,
1766471871.97557,0.48665605241754556,0.33415883011144243,0.995,1,False,,,,
1766471871.978949,0.4884736404157418,0.33092331298447675,1.0,1,False,,,,
1766471871.981865,0.4884736404157418,0.33092331298447675,1.0,1,False,,,,
1766471871.9843159,0.4766876886732079,0.6775988352584594,1.0,1,True,0.47733038663864136,0.6126006841659546,0.08684034645557404,0.17610660195350647
1766471873.3153868,0.4766876886732079,0.6775988352584594,1.0,1,True,0.47733038663864136,0.6126006841659546,0.08684034645557404,0.17610660195350647
1766471873.3228438,0.4794969823455701,0.6713751153560188,1.0,1,True,0.47733038663864136,0.6126006841659546,0.08684034645557404,0.17610660195350647
1766471873.3272471,0.4794969823455701,0.6713751153560188,1.0,1,True,0.47733038663864136,0.6126006841659546,0.08684034645557404,0.17610660195350647
1766471873.3302028,0.4794969823455701,0.6713751153560188,1.0,1,True,0.47733038663864136,0.6126006841659546,0.08684034645557404,0.17610660195350647
1766471873.332761,0.4827736023776141,0.6735566055531719,1.0,0,False,,,,
1766471873.505387,0.4827736023776141,0.6735566055531719,1.0,0,False,,,,
1766471873.510943,0.4827736023776141,0.6735566055531719,1.0,0,False,,,,
1766471873.515454,0.4827736023776141,0.6735566055531719,1.0,0,False,,,,
1766471873.519789,0.48538987214920387,0.6732300949955641,1.0,0,False,,,,
1766471873.5222101,0.5775432974155102,0.6873508277225426,1.0,0,False,,,,
1766471873.696257,0.5775432974155102,0.6873508277225426,1.0,0,False,,,,
1766471873.7014341,0.5775432974155102,0.6873508277225426,1.0,0,False,,,,
1766471873.704016,0.5775432974155102,0.6873508277225426,1.0,0,False,,,,
1766471873.7070131,0.5769352937122278,0.6865807399865834,1.0,0,False,,,,
1766471873.709873,0.5661196148420063,0.6809427547322808,1.0,0,False,,,,
1766471873.860495,0.5661196148420063,0.6809427547322808,1.0,0,False,,,,
1766471873.866236,0.5661196148420063,0.6809427547322808,1.0,0,False,,,,
1766471873.869,0.5666477732725539,0.6797933694693487,1.0,0,False,,,,
1766471873.871458,0.5667418432622285,0.681572673245404,1.0,0,False,,,,
1766471873.874055,0.5113574572591988,0.97366438385665,0.4016926871504872,0,False,,,,
1766471874.4971688,0.5113574572591988,0.97366438385665,0.4016926871504872,0,False,,,,
1766471874.5019898,0.5113574572591988,0.97366438385665,0.4016926871504872,0,False,,,,
1766471874.50453,0.5113574572591988,0.97366438385665,0.4016926871504872,0,False,,,,
1766471874.507037,0.5113574572591988,0.97366438385665,0.4016926871504872,0,False,,,,
1766471874.50948,0.531404302672499,0.7713134600909476,0.9660765826702118,0,False,,,,
1766471874.846794,0.531404302672499,0.7713134600909476,0.9660765826702118,0,False,,,,
1766471874.8518,0.531404302672499,0.7713134600909476,0.9660765826702118,0,False,,,,
1766471874.854811,0.531404302672499,0.7713134600909476,0.9660765826702118,0,False,,,,
1766471874.857034,0.531404302672499,0.7713134600909476,0.9660765826702118,0,False,,,,
1766471874.859479,0.49792823509716405,0.7785737921110074,0.995,0,False,,,,
1766471875.087605,0.49792823509716405,0.7785737921110074,0.995,0,False,,,,
1766471875.09236,0.49792823509716405,0.7785737921110074,0.995,0,False,,,,
1766471875.09658,0.4684080270818095,0.716646733045482,0.8,0,False,,,,
1766471875.099102,0.4684080270818095,0.716646733045482,0.8,0,False,,,,
1766471875.1034439,0.3720235104994883,0.9420025656798825,0.13696863066051898,0,False,,,,
1766471875.3607948,0.3110641244050073,1.0605450127233966,0.3666385259386727,0,False,,,,
1766471875.366341,0.31347970091094207,1.076265547498505,0.31715962420452765,0,False,,,,
1766471875.3718169,0.31347970091094207,1.076265547498505,0.31715962420452765,0,False,,,,
1766471875.374391,0.31347970091094207,1.076265547498505,0.31715962420452765,0,False,,,,
1766471875.376988,0.5627709107765929,0.8547129330701245,0.9405087530612946,0,False,,,,
1766471875.6154182,0.5620027056452896,0.8575230012418719,0.9346038699150085,0,False,,,,
1766471875.620029,0.5620027056452896,0.8575230012418719,0.9346038699150085,0,False,,,,
1766471875.6251688,0.5620027056452896,0.8575230012418719,0.9346038699150085,0,False,,,,
1766471875.6278179,0.5620027056452896,0.8575230012418719,0.9346038699150085,0,False,,,,
1766471875.6317701,0.5685473227857178,0.8828439139023094,0.22677652416274224,0,False,,,,
1766471876.534324,0.7281723132391631,0.8274406900016926,0.167764895572079,0,False,,,,
1766471876.5400162,0.7281723132391631,0.8274406900016926,0.167764895572079,0,False,,,,
1766471876.5448298,0.7281723132391631,0.8274406900016926,0.167764895572079,0,False,,,,
1766471876.547741,0.7281723132391631,0.8274406900016926,0.167764895572079,0,False,,,,
1766471876.5500522,0.5499801396077263,0.005359154420027434,1.0,0,False,,,,
1766471876.7648351,0.5499801396077263,0.005359154420027434,1.0,0,False,,,,
1766471876.7718039,0.5549280918814481,0.036891368919391265,1.0,0,False,,,,
1766471876.774805,0.5549280918814481,0.036891368919391265,1.0,0,False,,,,
1766471876.780114,0.5549280918814481,0.036891368919391265,1.0,0,False,,,,
1766471876.7837162,0.5749415893378403,0.2580659969407948,1.0,1,False,,,,
1766471877.078021,0.572932337499829,0.21682207500324002,1.0,1,False,,,,
1766471877.08318,0.572932337499829,0.21682207500324002,1.0,1,False,,,,
1766471877.088922,0.5738645732607368,0.21231737512757154,1.0,1,False,,,,
1766471877.092097,0.571560182112046,0.21303767681211694,1.0,1,False,,,,
1766471877.095017,0.5701868621995221,0.3262887899111391,1.0,1,False,,,,
1766471877.354548,0.5701868621995221,0.3262887899111391,1.0,1,False,,,,
1766471877.360658,0.5702526823414731,0.33160709579255965,1.0,1,False,,,,
1766471877.363447,0.5702526823414731,0.33160709579255965,1.0,1,False,,,,
1766471877.368781,0.5702526823414731,0.33160709579255965,1.0,1,False,,,,
1766471877.371605,0.5439537322375647,0.324052624314241,1.0,1,False,,,,
1766471877.736793,0.5439537322375647,0.324052624314241,1.0,1,False,,,,
1766471877.742688,0.5449018469593245,0.32395260258940817,1.0,1,False,,,,
1766471877.745784,0.5449018469593245,0.32395260258940817,1.0,1,False,,,,
1766471877.750273,0.5449018469593245,0.32395260258940817,1.0,1,False,,,,
1766471877.752697,0.5910990432561376,0.35347692227033245,1.0,1,False,,,,
1766471878.1071072,0.5910990432561376,0.35347692227033245,1.0,1,False,,,,
1766471878.112781,0.5917902783065874,0.34965307770423193,1.0,1,False,,,,
1766471878.11568,0.5917902783065874,0.34965307770423193,1.0,1,False,,,,
1766471878.121325,0.5917902783065874,0.34965307770423193,1.0,1,False,,,,
1766471878.124457,0.5904735723680961,0.34551716661901355,1.0,1,False,,,,
1766471878.405418,0.5904735723680961,0.34551716661901355,1.0,1,False,,,,
1766471878.411401,0.5904735723680961,0.34551716661901355,1.0,1,False,,,,
1766471878.4145331,0.5891901223146809,0.34378631708365537,1.0,1,False,,,,
1766471878.417374,0.5879892678143059,0.33984448530767297,1.0,1,False,,,,
1766471878.420192,0.9097669138618251,0.225642282569134,0.8878286499489679,1,False,,,,
1766471878.863866,0.9097669138618251,0.225642282569134,0.8878286499489679,1,False,,,,
1766471878.8695638,0.36812664697700015,0.3390576720503099,0.7668601274490356,1,False,,,,
1766471878.875294,0.36812664697700015,0.3390576720503099,0.7668601274490356,1,False,,,,
1766471878.878245,0.36812664697700015,0.3390576720503099,0.7668601274490356,1,False,,,,
1766471878.881361,0.6075188354302241,0.27534239329086474,1.0,1,False,,,,
1766471879.216772,0.6072208702211782,0.2747805571408437,1.0,1,False,,,,
1766471879.222937,0.6050265624570361,0.27156686969091015,1.0,1,False,,,,
1766471879.228876,0.6050265624570361,0.27156686969091015,1.0,1,False,,,,
1766471879.232107,0.6050265624570361,0.27156686969091015,1.0,1,False,,,,
1766471879.2349062,0.5704636405107684,0.2650471794918863,1.0,1,False,,,,
1766471879.509829,0.5704636405107684,0.2650471794918863,1.0,1,False,,,,
1766471879.516033,0.5704636405107684,0.2650471794918863,1.0,1,False,,,,
1766471879.52113,0.5902838834632608,0.2748171419098382,1.0,1,False,,,,
1766471879.527016,0.5902838834632608,0.2748171419098382,1.0,1,False,,,,
1766471879.530118,0.5858300663274542,0.344325727773084,1.0,1,False,,,,
1766471879.804545,0.5869387478393617,0.3500869841499574,1.0,1,False,,,,
1766471879.811562,0.5869387478393617,0.3500869841499574,1.0,1,False,,,,
1766471879.817388,0.5869525490933476,0.3544658513191099,1.0,1,False,,,,
1766471879.8206642,0.5869525490933476,0.3544658513191099,1.0,1,False,,,,
1766471879.823321,0.576322941897272,0.3787274964563032,1.0,1,False,,,,
1766471880.585224,0.576322941897272,0.3787274964563032,1.0,1,False,,,,
1766471880.591118,0.5779407886926509,0.38296954271792916,1.0,1,False,,,,
1766471880.594154,0.5779407886926509,0.38296954271792916,1.0,1,False,,,,
1766471880.599731,0.5779407886926509,0.38296954271792916,1.0,1,False,,,,
1766471880.604352,0.5719052198746934,0.37156275957489604,1.0,1,False,,,,
1766471880.955201,0.5719052198746934,0.37156275957489604,1.0,1,False,,,,
1766471880.961746,0.5719936641872676,0.37363765958590256,1.0,1,False,,,,
1766471880.965544,0.5719936641872676,0.37363765958590256,1.0,1,False,,,,
1766471880.9723048,0.5719936641872676,0.37363765958590256,1.0,1,False,,,,
1766471880.975282,0.5791861956949104,0.42457906874314744,1.0,1,False,,,,
1766471881.31297,0.5578735314346366,0.4159797977337657,1.0,1,False,,,,
1766471881.3198369,0.5578735314346366,0.4159797977337657,1.0,1,False,,,,
1766471881.325142,0.5432342800797445,0.41755227222414715,1.0,1,False,,,,
1766471881.328157,0.5445466659367464,0.42020308164830666,1.0,1,False,,,,
1766471881.3307688,0.6203953358966339,0.4376742441639415,1.0,1,False,,,,
1766471881.65116,0.6199020339477218,0.43725483682079214,1.0,1,False,,,,
1766471881.656517,0.6199020339477218,0.43725483682079214,1.0,1,False,,,,
1766471881.658999,0.6199020339477218,0.43725483682079214,1.0,1,False,,,,
1766471881.661418,0.6198521369284188,0.43492086936746954,1.0,1,False,,,,
1766471881.66435,0.581413137945122,0.4122350660638807,1.0,1,False,,,,
1766471881.907817,0.581413137945122,0.4122350660638807,1.0,1,False,,,,
1766471881.913565,0.5810386941480499,0.4122727505900442,1.0,1,False,,,,
1766471881.916558,0.5810386941480499,0.4122727505900442,1.0,1,False,,,,
1766471881.919487,0.5810386941480499,0.4122727505900442,1.0,1,False,,,,
1766471881.924327,0.5802555296983367,0.3811874507091694,1.0,1,False,,,,
1766471882.140625,0.5802555296983367,0.3811874507091694,1.0,1,False,,,,
1766471882.146912,0.5802555296983367,0.3811874507091694,1.0,1,False,,,,
1766471882.150201,0.5801018342701908,0.38044044051615455,1.0,1,False,,,,
1766471882.155128,0.5801018342701908,0.38044044051615455,1.0,1,False,,,,
1766471882.160161,0.5840777947922391,0.381681061949778,1.0,1,False,,,,
1766471882.405616,0.5634051310399908,0.38178553609304966,0.995,1,False,,,,
1766471882.411864,0.5634051310399908,0.38178553609304966,0.995,1,False,,,,
1766471882.417388,0.5395347196579261,0.3934951846122704,1.0,1,False,,,,
1766471882.420403,0.5378701854928618,0.3935158424702738,1.0,1,False,,,,
1766471882.422836,0.5402203412964837,0.40421243112584626,1.0,1,False,,,,
1766471882.65376,0.5408794112934076,0.4052938371271495,1.0,1,False,,,,
1766471882.6599839,0.5408794112934076,0.4052938371271495,1.0,1,False,,,,
1766471882.665136,0.5408794112934076,0.4052938371271495,1.0,1,False,,,,
1766471882.6682,0.5408794112934076,0.4052938371271495,1.0,1,False,,,,
1766471882.673024,0.5916369007138487,0.44138869559172256,1.0,1,False,,,,
1766471882.944866,0.5916369007138487,0.44138869559172256,1.0,1,False,,,,
1766471882.951513,0.5916369007138487,0.44138869559172256,1.0,1,False,,,,
1766471882.954554,0.591122113727521,0.4433952629546247,1.0,1,False,,,,
1766471882.957474,0.591122113727521,0.4433952629546247,1.0,1,False,,,,
1766471882.9627368,0.5790999838791009,0.3942327053393445,1.0,1,False,,,,
1766471883.321595,0.579849426038017,0.3952028940248231,1.0,1,False,,,,
1766471883.3279018,0.579849426038017,0.3952028940248231,1.0,1,False,,,,
1766471883.333771,0.579849426038017,0.3952028940248231,1.0,1,False,,,,
1766471883.336849,0.5803073980634845,0.39572572332075007,1.0,1,False,,,,
1766471883.339741,0.6240534677470535,0.40538716746437453,1.0,1,False,,,,
1766471883.581918,0.6240534677470535,0.40538716746437453,1.0,1,False,,,,
1766471883.5877209,0.6240534677470535,0.40538716746437453,1.0,1,False,,,,
1766471883.593175,0.6239285336347709,0.4045626070602766,1.0,1,False,,,,
1766471883.596065,0.6239285336347709,0.4045626070602766,1.0,1,False,,,,
1766471883.602396,0.5683114893435849,0.39749328885499224,1.0,1,False,,,,
1766471883.9836102,0.5683114893435849,0.39749328885499224,1.0,1,False,,,,
1766471883.9893131,0.5686201179258279,0.39828724433197227,1.0,1,False,,,,
1766471883.9924989,0.5686201179258279,0.39828724433197227,1.0,1,False,,,,
1766471883.995285,0.5686201179258279,0.39828724433197227,1.0,1,False,,,,
1766471884.000214,0.5834313062046335,0.4000929860157012,1.0,1,False,,,,
1766471884.4290078,0.5807636841652872,0.3978055354640626,1.0,1,False,,,,
1766471884.4356868,0.5807636841652872,0.3978055354640626,1.0,1,False,,,,
1766471884.440845,0.5807636841652872,0.3978055354640626,1.0,1,False,,,,
1766471884.443717,0.5807636841652872,0.3978055354640626,1.0,1,False,,,,
1766471884.448489,0.6129484676193263,0.39687687528458326,1.0,1,False,,,,
1766471884.8061671,0.6129484676193263,0.39687687528458326,1.0,1,False,,,,
1766471884.8123572,0.6118213865488833,0.39709753198379294,1.0,1,False,,,,
1766471884.815468,0.6098123175058492,0.3961869637113118,1.0,1,False,,,,
1766471884.818337,0.6098123175058492,0.3961869637113118,1.0,1,False,,,,
1766471884.823751,0.5696748535344143,0.39314822898925406,1.0,1,False,,,,
1766471885.05099,0.5696748535344143,0.39314822898925406,1.0,1,False,,,,
1766471885.058075,0.5696748535344143,0.39314822898925406,1.0,1,False,,,,
1766471885.061093,0.5696748535344143,0.39314822898925406,1.0,1,False,,,,
1766471885.063591,0.5696748535344143,0.39314822898925406,1.0,1,False,,,,
1766471885.066416,0.5718141665545833,0.3908885650457524,1.0,1,False,,,,
1766471885.360832,0.5718141665545833,0.3908885650457524,1.0,1,False,,,,
1766471885.3661,0.5718738630251433,0.39355649796715064,1.0,1,False,,,,
1766471885.368764,0.5718738630251433,0.39355649796715064,1.0,1,False,,,,
1766471885.371532,0.5718738630251433,0.39355649796715064,1.0,1,False,,,,
1766471885.377449,0.5504843336450834,0.37958598402843635,1.0,1,False,,,,
1766471885.724586,0.5504843336450834,0.37958598402843635,1.0,1,False,,,,
1766471885.731133,0.5504843336450834,0.37958598402843635,1.0,1,False,,,,
1766471885.734175,0.550973653982924,0.37710337564745655,1.0,1,False,,,,
1766471885.7372758,0.550973653982924,0.37710337564745655,1.0,1,False,,,,
1766471885.7399669,0.5956428003988892,0.39222049983256624,1.0,1,False,,,,
1766471886.136849,0.5969210058358997,0.3910936703111174,1.0,1,False,,,,
1766471886.142442,0.5941420106083845,0.38903472027926056,1.0,1,False,,,,
1766471886.147827,0.5941420106083845,0.38903472027926056,1.0,1,False,,,,
1766471886.153606,0.5924035248935725,0.3873291364815059,1.0,1,False,,,,
1766471886.156482,0.5901350766192841,0.3861864349459523,1.0,1,False,,,,
1766471886.3827798,0.5901350766192841,0.3861864349459523,1.0,1,False,,,,
1766471886.389029,0.5892030462941777,0.38617345333792596,1.0,1,False,,,,
1766471886.39217,0.5892030462941777,0.38617345333792596,1.0,1,False,,,,
1766471886.397716,0.5892030462941777,0.38617345333792596,1.0,1,False,,,,
1766471886.40082,0.5888516756285501,0.38089002015131335,1.0,1,False,,,,
1766471886.6545,0.5888516756285501,0.38089002015131335,1.0,1,False,,,,
1766471886.6598232,0.5895764869671762,0.37968560218329683,1.0,1,False,,,,
1766471886.662663,0.5895764869671762,0.37968560218329683,1.0,1,False,,,,
1766471886.667892,0.5895764869671762,0.37968560218329683,1.0,1,False,,,,
1766471886.671242,0.5614772782060665,0.3723760206194504,1.0,1,False,,,,
1766471886.9534311,0.5614772782060665,0.3723760206194504,1.0,1,False,,,,
1766471886.959842,0.5601492630250313,0.3726193773672388,1.0,1,False,,,,
1766471886.964183,0.5601492630250313,0.3726193773672388,1.0,1,False,,,,
1766471886.969957,0.5601492630250313,0.3726193773672388,1.0,1,False,,,,
1766471886.973002,0.6037903141489956,0.3779601262570361,1.0,1,False,,,,
1766471887.222773,0.6037903141489956,0.3779601262570361,1.0,1,False,,,,
1766471887.227977,0.6022159177485447,0.3793121962123074,1.0,1,False,,,,
1766471887.231061,0.6022159177485447,0.3793121962123074,1.0,1,False,,,,
1766471887.2375228,0.6022159177485447,0.3793121962123074,1.0,1,False,,,,
1766471887.2403011,0.6090322553820889,0.38853582190643166,1.0,1,False,,,,
1766471887.587241,0.6090322553820889,0.38853582190643166,1.0,1,False,,,,
1766471887.5929432,0.6091805713085152,0.3876549207224529,1.0,1,False,,,,
1766471887.59776,0.6093616892761189,0.38860669646611934,1.0,1,False,,,,
1766471887.603041,0.6093616892761189,0.38860669646611934,1.0,1,False,,,,
1766471887.606187,0.5629719505421257,0.3629722098592636,1.0,1,False,,,,
1766471887.9752,0.5629719505421257,0.3629722098592636,1.0,1,False,,,,
1766471887.981674,0.5632201364828717,0.36101680955179916,1.0,1,False,,,,
1766471887.9870799,0.5632201364828717,0.36101680955179916,1.0,1,False,,,,
1766471887.9898949,0.5632201364828717,0.36101680955179916,1.0,1,False,,,,
1766471887.992673,0.5922479615195708,0.38281501208799296,1.0,1,False,,,,
1766471888.235212,0.5922479615195708,0.38281501208799296,1.0,1,False,,,,
1766471888.241143,0.5922479615195708,0.38281501208799296,1.0,1,False,,,,
1766471888.243962,0.5922479615195708,0.38281501208799296,1.0,1,False,,,,
1766471888.246973,0.5930780376584609,0.3846478367368815,1.0,1,False,,,,
1766471888.251373,0.5529456078873236,0.41181712604870224,1.0,1,False,,,,
1766471888.4923,0.5529456078873236,0.41181712604870224,1.0,1,False,,,,
1766471888.497901,0.5539847906773562,0.41364583234280583,1.0,1,False,,,,
1766471888.501271,0.5539847906773562,0.41364583234280583,1.0,1,False,,,,
1766471888.50442,0.5539847906773562,0.41364583234280583,1.0,1,False,,,,
1766471888.510562,0.5504732517638616,0.37221035910236067,1.0,1,False,,,,
1766471888.898049,0.5504732517638616,0.37221035910236067,1.0,1,False,,,,
1766471888.903487,0.5518233713489915,0.37222902828055315,1.0,1,False,,,,
1766471888.906998,0.5518233713489915,0.37222902828055315,1.0,1,False,,,,
1766471888.911995,0.5518233713489915,0.37222902828055315,1.0,1,False,,,,
1766471888.9150872,0.7053576562696854,0.5387275458542856,0.17122760913855273,1,False,,,,
1766471889.22258,0.7053576562696854,0.5387275458542856,0.17122760913855273,1,False,,,,
1766471889.228392,0.7053576562696854,0.5387275458542856,0.17122760913855273,1,False,,,,
1766471889.2337952,0.7053576562696854,0.5387275458542856,0.17122760913855273,1,False,,,,
1766471889.237414,0.7429005392276805,0.9479906923172583,0.9242243548521916,1,False,,,,
1766471889.2410188,0.548115287389766,0.9107694074820668,0.8794518411159515,1,False,,,,
1766471889.471478,0.5478641013646349,0.9376883081271599,0.9069951474666595,1,False,,,,
1766471889.478379,0.5478641013646349,0.9376883081271599,0.9069951474666595,1,False,,,,
1766471889.484416,0.5493212610273256,0.9350073786908941,0.9764326214790344,1,False,,,,
1766471889.488281,0.5500638684271343,0.9330672075185853,0.9448494017124176,1,False,,,,
1766471889.491599,0.5528834651656434,0.8562953193330543,0.9496225070953369,0,False,,,,
1766471889.679565,0.5528834651656434,0.8562953193330543,0.9496225070953369,0,False,,,,
1766471889.686862,0.5528834651656434,0.8562953193330543,0.9496225070953369,0,False,,,,
1766471889.690079,0.5227920917645109,0.8545783019453923,0.49414280028638874,0,False,,,,
1766471889.695188,0.5227920917645109,0.8545783019453923,0.49414280028638874,0,False,,,,
1766471889.7013829,0.508372317619928,0.8163222161769121,0.9953437149524689,0,False,,,,
1766471889.8841212,0.508372317619928,0.8163222161769121,0.9953437149524689,0,False,,,,
1766471889.8922439,0.5036041488993925,0.8158980614144462,1.0,0,False,,,,
1766471889.896013,0.5036041488993925,0.8158980614144462,1.0,0,False,,,,
1766471889.9017,0.5036041488993925,0.8158980614144462,1.0,0,False,,,,
1766471889.904634,0.5672593163725305,0.894921746647031,1.0,0,False,,,,
1766471890.11619,0.5672593163725305,0.894921746647031,1.0,0,False,,,,
1766471890.122525,0.5672593163725305,0.894921746647031,1.0,0,False,,,,
1766471890.1257842,0.5638791865496298,0.8897857235352185,1.0,0,False,,,,
1766471890.12908,0.5638791865496298,0.8897857235352185,1.0,0,False,,,,
1766471890.1315231,0.5193383320325915,0.7414050020090392,1.0,0,False,,,,
1766471890.336454,0.5193383320325915,0.7414050020090392,1.0,0,False,,,,
1766471890.342004,0.5196081189619444,0.7376322201854341,1.0,0,False,,,,
1766471890.345268,0.5196081189619444,0.7376322201854341,1.0,0,False,,,,
1766471890.350081,0.5196081189619444,0.7376322201854341,1.0,0,False,,,,
1766471890.353024,0.4917950305492423,0.6790250097526208,1.0,0,False,,,,
1766471890.514966,0.4917950305492423,0.6790250097526208,1.0,0,False,,,,
1766471890.5205,0.4917950305492423,0.6790250097526208,1.0,0,False,,,,
1766471890.5249028,0.49107167800235824,0.6771892170913891,1.0,0,False,,,,
1766471890.527848,0.4910469997569475,0.6765657407596598,1.0,0,False,,,,
1766471890.530247,0.566587778962526,0.7142373031659408,1.0,0,False,,,,
1766471890.725187,0.5698813735241626,0.7151706135379092,1.0,0,False,,,,
1766471890.731531,0.5698813735241626,0.7151706135379092,1.0,0,False,,,,
1766471890.736475,0.5698813735241626,0.7151706135379092,1.0,0,False,,,,
1766471890.739118,0.5698813735241626,0.7151706135379092,1.0,0,False,,,,
1766471890.741342,0.5566363411602773,0.7363562761926706,1.0,0,False,,,,
1766471890.9115012,0.5578057998515272,0.7348240642324387,1.0,0,False,,,,
1766471890.916089,0.5578057998515272,0.7348240642324387,1.0,0,False,,,,
1766471890.921244,0.5578057998515272,0.7348240642324387,1.0,0,False,,,,
1766471890.92414,0.5578057998515272,0.7348240642324387,1.0,0,False,,,,
1766471890.926566,0.5968633516250729,0.7165960415776236,0.87741819024086,0,False,,,,
1766471891.121492,0.5968633516250729,0.7165960415776236,0.87741819024086,0,False,,,,
1766471891.1258812,0.5968633516250729,0.7165960415776236,0.87741819024086,0,False,,,,
1766471891.128978,0.5970761209917288,0.7172318112631121,0.8736534118652344,0,False,,,,
1766471891.131577,0.594984827275556,0.718331407891272,0.9665582478046417,0,False,,,,
1766471891.137093,0.46191208323134525,0.8471620437773725,0.9739167988300323,0,False,,,,
1766471891.300808,0.45549462458184403,0.8479169377475334,0.957331508398056,0,False,,,,
1766471891.305449,0.45549462458184403,0.8479169377475334,0.957331508398056,0,False,,,,
1766471891.3099258,0.45549462458184403,0.8479169377475334,0.957331508398056,0,False,,,,
1766471891.31291,0.4552021015530019,0.8477330133548968,0.9662943780422211,0,False,,,,
1766471891.3157089,0.4914690235413879,0.7202648510455463,1.0,0,False,,,,
1766471891.519586,0.4914690235413879,0.7202648510455463,1.0,0,False,,,,
1766471891.5248399,0.4914690235413879,0.7202648510455463,1.0,0,False,,,,
1766471891.527623,0.4914690235413879,0.7202648510455463,1.0,0,False,,,,
1766471891.5306938,0.488190660162211,0.7200054597597734,0.9954071640968323,0,False,,,,
1766471891.533246,0.5695444403630029,0.7222275540636878,0.995,0,False,,,,
1766471891.7384691,0.5695444403630029,0.7222275540636878,0.995,0,False,,,,
1766471891.742683,0.5695444403630029,0.7222275540636878,0.995,0,False,,,,
1766471891.745163,0.5695444403630029,0.7222275540636878,0.995,0,False,,,,
1766471891.747411,0.5695444403630029,0.7222275540636878,0.995,0,False,,,,
1766471891.749943,0.6004937874569878,0.7531050645322778,0.995,0,False,,,,
1766471891.943954,0.6004937874569878,0.7531050645322778,0.995,0,False,,,,
1766471891.9489012,0.6329221952786408,0.7451857158633705,0.995,0,False,,,,
1766471891.952181,0.6329221952786408,0.7451857158633705,0.995,0,False,,,,
1766471891.955086,0.6329221952786408,0.7451857158633705,0.995,0,False,,,,
1766471891.959593,0.6464321163922853,0.7136088377677824,1.0,0,False,,,,
1766471892.1469,0.6464321163922853,0.7136088377677824,1.0,0,False,,,,
1766471892.152277,0.6459497930013414,0.7122061137630173,1.0,0,False,,,,
1766471892.1549902,0.6459497930013414,0.7122061137630173,1.0,0,False,,,,
1766471892.159976,0.6459497930013414,0.7122061137630173,1.0,0,False,,,,
1766471892.1632798,0.6081766976275774,0.7456974060434132,1.0,0,False,,,,
1766471892.366174,0.6081766976275774,0.7456974060434132,1.0,0,False,,,,
1766471892.370682,0.5570329745867867,0.7592765780073591,1.0,0,False,,,,
1766471892.374669,0.5570329745867867,0.7592765780073591,1.0,0,False,,,,
1766471892.379675,0.5570329745867867,0.7592765780073591,1.0,0,False,,,,
1766471892.3822331,0.55670852885616,0.7765188457617894,1.0,0,False,,,,
1766471892.545527,0.55670852885616,0.7765188457617894,1.0,0,False,,,,
1766471892.549864,0.55670852885616,0.7765188457617894,1.0,0,False,,,,
1766471892.552269,0.5557617195935975,0.776913224670303,1.0,0,False,,,,
1766471892.5564868,0.5554424784853491,0.7746128429299303,1.0,0,False,,,,
1766471892.559215,0.5763677066451942,0.7884626540852729,1.0,0,False,,,,
1766471892.732637,0.5763677066451942,0.7884626540852729,1.0,0,False,,,,
1766471892.737346,0.5729493684960925,0.7855782145017457,1.0,0,False,,,,
1766471892.740308,0.5729493684960925,0.7855782145017457,1.0,0,False,,,,
1766471892.743145,0.5729493684960925,0.7855782145017457,1.0,0,False,,,,
1766471892.748551,0.5479902943402928,0.4664294235681886,0.9069474589824676,0,False,,,,
1766471893.092845,0.5479902943402928,0.4664294235681886,0.9069474589824676,0,False,,,,
1766471893.097829,0.5479902943402928,0.4664294235681886,0.9069474589824676,0,False,,,,
1766471893.102379,0.5479902943402928,0.4664294235681886,0.9069474589824676,0,False,,,,
1766471893.105511,0.5482277979505812,0.46217003072979423,0.8859370052814484,0,False,,,,
1766471893.108011,0.5534888272448624,0.7389165571304658,0.9821320474147797,0,False,,,,
1766471893.304682,0.5543242487831819,0.7392085284813071,0.9821320474147797,0,False,,,,
1766471893.309589,0.556411996945633,0.7328002325761461,1.0,0,False,,,,
1766471893.314367,0.556411996945633,0.7328002325761461,1.0,0,False,,,,
1766471893.319223,0.556411996945633,0.7328002325761461,1.0,0,False,,,,
1766471893.3219461,0.5573643359782045,0.7540878943671406,1.0,0,False,,,,
1766471893.51908,0.5573643359782045,0.7540878943671406,1.0,0,False,,,,
1766471893.523942,0.5560730816441942,0.7558180692516154,1.0,0,False,,,,
1766471893.5271401,0.5546338761359466,0.7568950173280532,0.9988371431827545,0,False,,,,
1766471893.5296488,0.5546338761359466,0.7568950173280532,0.9988371431827545,0,False,,,,
1766471893.5334332,0.5725668916148404,0.7536984321774552,1.0,0,False,,,,
1766471893.7165172,0.5725668916148404,0.7536984321774552,1.0,0,False,,,,
1766471893.722264,0.5725668916148404,0.7536984321774552,1.0,0,False,,,,
1766471893.725046,0.5713271947110081,0.7508143273568357,1.0,0,False,,,,
1766471893.7277608,0.5713271947110081,0.7508143273568357,1.0,0,False,,,,
1766471893.7321641,0.5782803436971149,0.7507259544373732,1.0,0,False,,,,
1766471893.922087,0.5782803436971149,0.7507259544373732,1.0,0,False,,,,
1766471893.927378,0.5749882912599499,0.7541790408520784,0.9808343648910522,0,False,,,,
1766471893.9301162,0.5749882912599499,0.7541790408520784,0.9808343648910522,0,False,,,,
1766471893.933998,0.5749882912599499,0.7541790408520784,0.9808343648910522,0,False,,,,
1766471893.9369369,0.5583210969098574,0.7269216481737629,1.0,0,False,,,,
1766471894.151222,0.5583210969098574,0.7269216481737629,1.0,0,False,,,,
1766471894.156808,0.5583210969098574,0.7269216481737629,1.0,0,False,,,,
1766471894.159691,0.5583210969098574,0.7269216481737629,1.0,0,False,,,,
1766471894.162163,0.5593957258072029,0.7247308764749799,1.0,0,False,,,,
1766471894.164868,0.5601043161674479,0.7343730279984236,1.0,0,False,,,,
1766471894.3741262,0.5601043161674479,0.7343730279984236,1.0,0,False,,,,
1766471894.378439,0.5601043161674479,0.7343730279984236,1.0,0,False,,,,
1766471894.3811798,0.5611226959932061,0.734526391610552,1.0,0,False,,,,
1766471894.384504,0.5619006187920281,0.7330926208272383,1.0,0,False,,,,
1766471894.3874261,0.4705947543080848,0.8111262296473125,1.0,0,False,,,,
1766471894.5976162,0.4783763917840185,0.822394285038775,1.0,0,False,,,,
1766471894.6023638,0.4783763917840185,0.822394285038775,1.0,0,False,,,,
1766471894.607141,0.4783763917840185,0.822394285038775,1.0,0,False,,,,
1766471894.609749,0.4783763917840185,0.822394285038775,1.0,0,False,,,,
1766471894.612614,0.4599607581750041,0.854765632155798,1.0,0,False,,,,
1766471894.7739542,0.4599607581750041,0.854765632155798,1.0,0,False,,,,
1766471894.778832,0.4599607581750041,0.854765632155798,1.0,0,False,,,,
1766471894.78254,0.45921248396742154,0.8563091808205425,1.0,0,False,,,,
1766471894.786891,0.45921248396742154,0.8563091808205425,1.0,0,False,,,,
1766471894.79155,0.4451394488037925,1.1134089049474,0.2715147826262811,0,False,,,,
1766471894.9786408,0.4451394488037925,1.1134089049474,0.2715147826262811,0,False,,,,
1766471894.984663,0.6914276876241513,1.4381930976925579,0.329883464342099,0,False,,,,
1766471894.988151,0.6914276876241513,1.4381930976925579,0.329883464342099,0,False,,,,
1766471894.993302,0.6914276876241513,1.4381930976925579,0.329883464342099,0,False,,,,
1766471894.9958808,0.6680318658378218,0.502761370013439,0.8908389806747437,0,False,,,,
1766471895.163661,0.6680318658378218,0.502761370013439,0.8908389806747437,0,False,,,,
1766471895.1684322,0.6708859428141253,0.5018173220924373,0.9626084268093109,0,False,,,,
1766471895.171582,0.6708859428141253,0.5018173220924373,0.9626084268093109,0,False,,,,
1766471895.177831,0.6708859428141253,0.5018173220924373,0.9626084268093109,0,False,,,,
1766471895.180714,0.8479923341235487,0.6075193243823315,0.38397904198801885,0,False,,,,
1766471895.4432452,0.8479923341235487,0.6075193243823315,0.38397904198801885,0,False,,,,
1766471895.448898,0.8479923341235487,0.6075193243823315,0.38397904198801885,0,False,,,,
1766471895.452054,0.8255566561607907,0.7127918437481647,0.3578299630642329,0,False,,,,
1766471895.454645,0.7935579754569808,0.6107350929306875,0.467190315320073,0,False,,,,
1766471895.458535,0.5068027129520616,0.8406468481241678,0.9363928735256195,0,False,,,,
1766471895.6447098,0.5068027129520616,0.8406468481241678,0.9363928735256195,0,False,,,,
1766471895.650034,0.5068027129520616,0.8406468481241678,0.9363928735256195,0,False,,,,
1766471895.653568,0.5096893937926247,0.8379967172276749,0.9541198015213013,0,False,,,,
1766471895.6563451,0.5096893937926247,0.8379967172276749,0.9541198015213013,0,False,,,,
1766471895.659277,0.4986430673782311,0.8245083740975458,0.9733719229698181,0,False,,,,
1766471895.828481,0.4986430673782311,0.8245083740975458,0.9733719229698181,0,False,,,,
1766471895.8333719,0.4986430673782311,0.8245083740975458,0.9733719229698181,0,False,,,,
1766471895.8380191,0.49835150686209434,0.8241681060739988,0.9728015065193176,0,False,,,,
1766471895.841734,0.49835150686209434,0.8241681060739988,0.9728015065193176,0,False,,,,
1766471895.844613,0.4963675630463508,0.8104686827395614,0.9784409403800964,0,False,,,,
1766471896.0600011,0.4963675630463508,0.8104686827395614,0.9784409403800964,0,False,,,,
1766471896.0661051,0.4963675630463508,0.8104686827395614,0.9784409403800964,0,False,,,,
1766471896.0688581,0.4963675630463508,0.8104686827395614,0.9784409403800964,0,False,,,,
1766471896.071323,0.4963675630463508,0.8104686827395614,0.9784409403800964,0,False,,,,
1766471896.073668,0.5175417412644034,0.8138438905535521,0.996881753206253,0,False,,,,
1766471896.261368,0.5171973802156431,0.8159031356552405,0.9410087466239929,0,False,,,,
1766471896.265784,0.5171973802156431,0.8159031356552405,0.9410087466239929,0,False,,,,
1766471896.2700968,0.5171973802156431,0.8159031356552405,0.9410087466239929,0,False,,,,
1766471896.273115,0.5164795684022679,0.8147929807724501,0.9628312587738037,0,False,,,,
1766471896.278665,0.567835622651214,0.7155058870408396,0.9719119668006897,0,False,,,,
1766471896.482261,0.567835622651214,0.7155058870408396,0.9719119668006897,0,False,,,,
1766471896.486922,0.567835622651214,0.7155058870408396,0.9719119668006897,0,False,,,,
1766471896.490719,0.5660143709903158,0.7177025944422862,0.9963371753692627,0,False,,,,
1766471896.494177,0.5660143709903158,0.7177025944422862,0.9963371753692627,0,False,,,,
1766471896.4991739,0.5413155085513041,0.7192752801073385,1.0,0,False,,,,
1766471896.6918678,0.5413155085513041,0.7192752801073385,1.0,0,False,,,,
1766471896.696584,0.5379900309207223,0.7204222427385847,1.0,0,False,,,,
1766471896.699787,0.5379900309207223,0.7204222427385847,1.0,0,False,,,,
1766471896.7057002,0.5379900309207223,0.7204222427385847,1.0,0,False,,,,
1766471896.708895,0.7836929838448148,0.9566420234486099,0.10333504304080253,0,False,,,,
1766471896.9099588,0.36195202339112387,1.042453577775748,0.164264024194108,0,False,,,,
1766471896.915094,0.36195202339112387,1.042453577775748,0.164264024194108,0,False,,,,
1766471896.920435,0.36195202339112387,1.042453577775748,0.164264024194108,0,False,,,,
1766471896.923179,0.36195202339112387,1.042453577775748,0.164264024194108,0,False,,,,
1766471896.926668,0.5272512360498639,0.7751192724205206,0.9405833184719086,0,False,,,,
1766471897.1386812,0.5272512360498639,0.7751192724205206,0.9405833184719086,0,False,,,,
1766471897.144841,0.5411130517635885,0.7602458303376548,0.7359802901744843,0,False,,,,
1766471897.147956,0.44294392694129725,0.7563679570050669,0.5160365294176781,0,False,,,,
1766471897.1504261,0.44294392694129725,0.7563679570050669,0.5160365294176781,0,False,,,,
1766471897.154849,0.5064756503690245,0.6601895602855334,0.8697819113731384,0,False,,,,
1766471897.4214342,0.5064756503690245,0.6601895602855334,0.8697819113731384,0,False,,,,
1766471897.427565,0.5064756503690245,0.6601895602855334,0.8697819113731384,0,False,,,,
1766471897.430323,0.5410482745712863,0.8015158462866111,0.8277452290058136,0,False,,,,
1766471897.4346938,0.5410482745712863,0.8015158462866111,0.8277452290058136,0,False,,,,
1766471897.440286,0.5791887410169085,0.9517092563198434,0.8876221477985382,0,False,,,,
1766471897.607127,0.5791887410169085,0.9517092563198434,0.8876221477985382,0,False,,,,
1766471897.61217,0.5789334528581027,0.9530372856732672,0.8804360330104828,0,False,,,,
1766471897.615666,0.5787020359635051,0.9548982836253607,0.8663715422153473,0,False,,,,
1766471897.618649,0.5787020359635051,0.9548982836253607,0.8663715422153473,0,False,,,,
1766471897.623453,0.548562078726426,0.9394700847901283,0.9028555750846863,0,False,,,,
1766471897.819388,0.548562078726426,0.9394700847901283,0.9028555750846863,0,False,,,,
1766471897.824376,0.548562078726426,0.9394700847901283,0.9028555750846863,0,False,,,,
1766471897.8268769,0.548562078726426,0.9394700847901283,0.9028555750846863,0,False,,,,
1766471897.830293,0.5446383602965285,0.9363284367032324,0.953863263130188,0,False,,,,
1766471897.8338938,0.45340888085733094,0.9455191820183949,1.0,0,False,,,,
1766471898.017876,0.7588725192621982,0.9763059913949004,0.3730421400390246,0,False,,,,
1766471898.025478,0.7588725192621982,0.9763059913949004,0.3730421400390246,0,False,,,,
1766471898.03055,0.7588725192621982,0.9763059913949004,0.3730421400390246,0,False,,,,
1766471898.033588,0.7689438579100598,1.1556801758392412,0.4055814977937376,0,False,,,,
1766471898.0366158,0.7981394396037512,0.6996905312230042,0.47850087327996765,1,False,,,,
1766471898.3495328,0.324854874436852,1.1372289692578184,0.2238925790645669,1,False,,,,
1766471898.3570461,0.324854874436852,1.1372289692578184,0.2238925790645669,1,False,,,,
1766471898.3647869,0.25963914700019186,1.1349537985655425,0.20356497906769197,1,False,,,,
1766471898.369079,0.21019777974831483,0.753965265084759,0.27441432425910617,1,False,,,,
1766471898.376584,0.5662495448796487,0.24120427349372908,1.0,1,False,,,,
1766471898.72821,0.5662495448796487,0.24120427349372908,1.0,1,False,,,,
1766471898.735243,0.5662495448796487,0.24120427349372908,1.0,1,False,,,,
1766471898.740026,0.5700656908630571,0.23328840528966777,1.0,1,False,,,,
1766471898.743813,0.5700656908630571,0.23328840528966777,1.0,1,False,,,,
1766471898.750462,0.6041292375163569,0.10693415055781119,1.0,1,False,,,,
1766471899.0330062,0.6041292375163569,0.10693415055781119,1.0,1,False,,,,
1766471899.0400681,0.5938907996539946,0.12018661800129249,1.0,1,False,,,,
1766471899.04402,0.5938907996539946,0.12018661800129249,1.0,1,False,,,,
1766471899.0500998,0.5938907996539946,0.12018661800129249,1.0,1,False,,,,
1766471899.053112,0.5813604413211929,0.16182010514095047,1.0,1,False,,,,
1766471899.316798,0.5813604413211929,0.16182010514095047,1.0,1,False,,,,
1766471899.322426,0.5811322448571442,0.1605935853208812,0.9943419694900513,1,False,,,,
1766471899.326004,0.5811322448571442,0.1605935853208812,0.9943419694900513,1,False,,,,
1766471899.3312151,0.5811322448571442,0.1605935853208812,0.9943419694900513,1,False,,,,
1766471899.335656,-0.050300357787720976,0.4074587701652239,0.7487544920696828,1,False,,,,
1766471899.648244,-0.050300357787720976,0.4074587701652239,0.7487544920696828,1,False,,,,
1766471899.653934,-0.050300357787720976,0.4074587701652239,0.7487544920696828,1,False,,,,
1766471899.657702,0.596373221831134,0.4051567004617658,0.3593908917204872,1,True,0.4978814125061035,0.4179078936576843,0.09579209983348846,0.19499681890010834
1766471899.660921,0.596373221831134,0.4051567004617658,0.3593908917204872,1,True,0.4978814125061035,0.4179078936576843,0.09579209983348846,0.19499681890010834
1766471899.664243,0.5280300142353205,0.29918749671782496,0.3740587698470385,1,False,,,,
1766471899.9530618,0.5280300142353205,0.29918749671782496,0.3740587698470385,1,False,,,,
1766471899.959101,0.5358377193285934,0.2970271638218911,0.4145190984452123,1,False,,,,
1766471899.962085,0.5358377193285934,0.2970271638218911,0.4145190984452123,1,False,,,,
1766471899.967752,0.5358377193285934,0.2970271638218911,0.4145190984452123,1,False,,,,
1766471899.9708412,0.5825910697990119,0.3507320637756297,0.48296430660377393,1,False,,,,
1766471900.27165,0.5825910697990119,0.3507320637756297,0.48296430660377393,1,False,,,,
1766471900.2762601,0.42466770640859225,0.2100754764807935,0.8385416865348816,1,False,,,,
1766471900.2790542,0.5814323972147877,0.334725291694122,0.5408887005809475,1,False,,,,
1766471900.2817721,0.5814323972147877,0.334725291694122,0.5408887005809475,1,False,,,,
1766471900.287513,0.6562691069585964,0.32765478716163476,0.8965404331684113,1,False,,,,
1766471900.5938492,0.6562691069585964,0.32765478716163476,0.8965404331684113,1,False,,,,
1766471900.599905,0.6499506729708099,0.3320761191510244,0.9101047515869141,1,False,,,,
1766471900.6028879,0.6499506729708099,0.3320761191510244,0.9101047515869141,1,False,,,,
1766471900.608544,0.6499506729708099,0.3320761191510244,0.9101047515869141,1,False,,,,
1766471900.611485,0.6371156588079142,0.35812237876128394,0.9688315689563751,1,False,,,,
1766471901.009769,0.6371156588079142,0.35812237876128394,0.9688315689563751,1,False,,,,
1766471901.0164962,0.6376133244446235,0.35730972018344787,1.0,1,False,,,,
1766471901.0204,0.6376133244446235,0.35730972018344787,1.0,1,False,,,,
1766471901.0265548,0.6376133244446235,0.35730972018344787,1.0,1,False,,,,
1766471901.028806,0.6142100403148266,0.39565024296902884,0.9988302290439606,1,False,,,,
1766471901.286926,0.6142100403148266,0.39565024296902884,0.9988302290439606,1,False,,,,
1766471901.293136,0.6142100403148266,0.39565024296902884,0.9988302290439606,1,False,,,,
1766471901.296289,0.6142100403148266,0.39565024296902884,0.9988302290439606,1,False,,,,
1766471901.29871,0.6142100403148266,0.39565024296902884,0.9988302290439606,1,False,,,,
1766471901.301844,0.5991147347976772,0.4259262580745228,1.0,1,False,,,,
1766471901.568589,0.598939342825994,0.4275538073098214,1.0,1,False,,,,
1766471901.575692,0.5978405673870014,0.4289793658228487,1.0,1,False,,,,
1766471901.5817149,0.5978405673870014,0.4289793658228487,1.0,1,False,,,,
1766471901.5847318,0.59728236643566,0.4300574478446364,1.0,1,False,,,,
1766471901.594207,0.5636342081934085,0.43913331940931943,1.0,1,False,,,,
1766471901.9037418,0.5647588343886039,0.4384261311559672,1.0,1,False,,,,
1766471901.9108,0.5647588343886039,0.4384261311559672,1.0,1,False,,,,
1766471901.9160872,0.5647588343886039,0.4384261311559672,1.0,1,False,,,,
1766471901.918747,0.5647588343886039,0.4384261311559672,1.0,1,False,,,,
1766471901.921552,0.5932078636241775,0.43452060700234285,1.0,1,False,,,,
1766471902.150859,0.5932078636241775,0.43452060700234285,1.0,1,False,,,,
1766471902.156706,0.5910617721564076,0.43680385539161826,1.0,1,False,,,,
1766471902.1598039,0.5910617721564076,0.43680385539161826,1.0,1,False,,,,
1766471902.1649,0.5910617721564076,0.43680385539161826,1.0,1,False,,,,
1766471902.16801,0.5880349592846902,0.43820029658604254,1.0,1,False,,,,
1766471902.414046,0.5880349592846902,0.43820029658604254,1.0,1,False,,,,
1766471902.4195929,0.5880349592846902,0.43820029658604254,1.0,1,False,,,,
1766471902.424491,0.5881694607582437,0.43886570231243516,1.0,1,False,,,,
1766471902.4272058,0.5881694607582437,0.43886570231243516,1.0,1,False,,,,
1766471902.4330728,0.6163188271339661,0.4668683537401055,1.0,1,False,,,,
1766471902.669687,0.6163188271339661,0.4668683537401055,1.0,1,False,,,,
1766471902.676394,0.6173843809253788,0.4675311219281002,1.0,1,False,,,,
1766471902.6804092,0.6173843809253788,0.4675311219281002,1.0,1,False,,,,
1766471902.686145,0.6173843809253788,0.4675311219281002,1.0,1,False,,,,
1766471902.689041,0.5973793811587568,0.43878929062563843,1.0,1,False,,,,
1766471902.92131,0.5973793811587568,0.43878929062563843,1.0,1,False,,,,
1766471902.926924,0.5968016023163732,0.43869229453265823,1.0,1,False,,,,
1766471902.929893,0.5968016023163732,0.43869229453265823,1.0,1,False,,,,
1766471902.935029,0.5968016023163732,0.43869229453265823,1.0,1,False,,,,
1766471902.940355,0.5942420124597128,0.44141628174160985,1.0,1,False,,,,
1766471903.163615,0.5942420124597128,0.44141628174160985,1.0,1,False,,,,
1766471903.169248,0.5942420124597128,0.44141628174160985,1.0,1,False,,,,
1766471903.171968,0.5942420124597128,0.44141628174160985,1.0,1,False,,,,
1766471903.174838,0.5942420124597128,0.44141628174160985,1.0,1,False,,,,
1766471903.1780438,0.6291365985553944,0.409085027120351,1.0,1,False,,,,
1766471903.467424,0.6291365985553944,0.409085027120351,1.0,1,False,,,,
1766471903.474616,0.6291365985553944,0.409085027120351,1.0,1,False,,,,
1766471903.477791,0.6284389439905806,0.4049578967415739,1.0,1,False,,,,
1766471903.480505,0.6284389439905806,0.4049578967415739,1.0,1,False,,,,
1766471903.4834838,0.6127435282079096,0.396483308336143,1.0,1,False,,,,
1766471903.776544,0.5986707549595907,0.39156298111954924,1.0,1,False,,,,
1766471903.782062,0.5889798258090029,0.39000496475772617,1.0,1,False,,,,
1766471903.787458,0.5889798258090029,0.39000496475772617,1.0,1,False,,,,
1766471903.790723,0.5889798258090029,0.39000496475772617,1.0,1,False,,,,
1766471903.7934499,0.586356626071956,0.3961490553444549,1.0,1,False,,,,
1766471904.232023,0.5863658933038006,0.39543907772305364,1.0,1,False,,,,
1766471904.237612,0.586887648163559,0.39495606678596595,1.0,1,False,,,,
1766471904.241806,0.586887648163559,0.39495606678596595,1.0,1,False,,,,
1766471904.2480671,0.5869953868773461,0.3934784547594856,1.0,1,False,,,,
1766471904.251211,0.6273641722569677,0.40632239850021157,1.0,1,False,,,,
1766471904.543465,0.6273641722569677,0.40632239850021157,1.0,1,False,,,,
1766471904.549273,0.6275599507571911,0.407716190629714,1.0,1,False,,,,
1766471904.552477,0.6275599507571911,0.407716190629714,1.0,1,False,,,,
1766471904.557365,0.6275599507571911,0.407716190629714,1.0,1,False,,,,
1766471904.562676,0.6021233473468592,0.37438200912633557,1.0,1,False,,,,
1766471904.7975738,0.6021233473468592,0.37438200912633557,1.0,1,False,,,,
1766471904.80372,0.6029708182120914,0.3731205613476227,1.0,1,False,,,,
1766471904.8069382,0.6029708182120914,0.3731205613476227,1.0,1,False,,,,
1766471904.8128262,0.6029708182120914,0.3731205613476227,1.0,1,False,,,,
1766471904.816193,0.5640244181756449,0.34275393763585904,1.0,1,False,,,,
1766471905.1802418,0.5640244181756449,0.34275393763585904,1.0,1,False,,,,
1766471905.186121,0.5660106836187258,0.33999042110666267,1.0,1,False,,,,
1766471905.189247,0.5660106836187258,0.33999042110666267,1.0,1,False,,,,
1766471905.1938748,0.5660106836187258,0.33999042110666267,1.0,1,False,,,,
1766471905.199432,0.5593948527837345,0.342144794454458,1.0,1,False,,,,
1766471905.5781472,0.5584206909020344,0.3418394559906215,1.0,1,False,,,,
1766471905.5843441,0.5584206909020344,0.3418394559906215,1.0,1,False,,,,
1766471905.587648,0.5581722940849954,0.34258663667621636,1.0,1,False,,,,
1766471905.5902479,0.5571707862563724,0.34260855968165005,1.0,1,False,,,,
1766471905.592918,0.6385350329403165,0.39342600271076833,1.0,1,False,,,,
1766471906.10262,0.6385350329403165,0.39342600271076833,1.0,1,False,,,,
1766471906.1088262,0.6347161854040804,0.3933482305028966,1.0,1,False,,,,
1766471906.112292,0.6347161854040804,0.3933482305028966,1.0,1,False,,,,
1766471906.1151638,0.6347161854040804,0.3933482305028966,1.0,1,False,,,,
1766471906.120188,0.5992368289120454,0.36467174880392705,0.99,1,False,,,,
1766471906.440693,0.5956322807675217,0.35777516307000023,0.8,1,False,,,,
1766471906.44654,0.5956322807675217,0.35777516307000023,0.8,1,False,,,,
1766471906.451537,0.5956322807675217,0.35777516307000023,0.8,1,False,,,,
1766471906.454037,0.5956322807675217,0.35777516307000023,0.8,1,False,,,,
1766471906.456307,0.5572158055901271,0.16128646344510467,0.9800525605678558,1,False,,,,
1766471906.772094,0.5572158055901271,0.16128646344510467,0.9800525605678558,1,False,,,,
1766471906.77791,0.5646751275307781,0.15688827461816568,1.0,1,False,,,,
1766471906.781177,0.5646751275307781,0.15688827461816568,1.0,1,False,,,,
1766471906.786717,0.5646751275307781,0.15688827461816568,1.0,1,False,,,,
1766471906.7895172,0.5844878025569983,0.35749308253143397,1.0,1,False,,,,
1766471907.123959,0.5844878025569983,0.35749308253143397,1.0,1,False,,,,
1766471907.129808,0.58506678762329,0.3552924176488572,1.0,1,False,,,,
1766471907.132818,0.58506678762329,0.3552924176488572,1.0,1,False,,,,
1766471907.1384802,0.58506678762329,0.3552924176488572,1.0,1,False,,,,
1766471907.143162,0.5946308967216227,0.34109010404649664,1.0,1,False,,,,
1766471907.451102,0.5952107136441228,0.340341041272169,1.0,1,False,,,,
1766471907.4565709,0.5952107136441228,0.340341041272169,1.0,1,False,,,,
1766471907.462107,0.5952107136441228,0.340341041272169,1.0,1,False,,,,
1766471907.465347,0.5945930657697371,0.3392292506295679,1.0,1,False,,,,
1766471907.469481,0.5747762589288294,0.33166886138765683,1.0,1,False,,,,
1766471907.893318,0.5747762589288294,0.33166886138765683,1.0,1,False,,,,
1766471907.899746,0.5670833098953041,0.3342296478791411,1.0,1,False,,,,
1766471907.903032,0.5577961764541022,0.3314954040160658,1.0,1,False,,,,
1766471907.905748,0.5577961764541022,0.3314954040160658,1.0,1,False,,,,
1766471907.9115598,0.5880049278982682,0.34018636594118057,1.0,2,False,,,,
1766471908.299823,0.5990060065723772,0.3418784520375642,1.0,2,False,,,,
1766471908.305883,0.6037391232346432,0.3401183211946641,1.0,2,False,,,,
1766471908.311446,0.6037391232346432,0.3401183211946641,1.0,2,False,,,,
1766471908.314601,0.6037391232346432,0.3401183211946641,1.0,2,False,,,,
1766471908.317548,0.6042547180847159,0.34874346580818916,1.0,2,False,,,,
1766471908.923688,0.5895769314589626,0.3518783211326485,1.0,2,False,,,,
1766471908.930795,0.5895769314589626,0.3518783211326485,1.0,2,False,,,,
1766471908.935956,0.5895769314589626,0.3518783211326485,1.0,2,False,,,,
1766471908.938627,0.5895769314589626,0.3518783211326485,1.0,2,False,,,,
1766471908.9420109,0.571901463147823,0.33000585323927467,1.0,2,False,,,,
1766471909.416838,0.571901463147823,0.33000585323927467,1.0,2,False,,,,
1766471909.42296,0.571901463147823,0.33000585323927467,1.0,2,False,,,,
1766471909.4263759,0.5728968450069665,0.3301262233005502,1.0,2,False,,,,
1766471909.431398,0.5728968450069665,0.3301262233005502,1.0,2,False,,,,
1766471909.437166,0.6327141739157695,0.351201153088867,1.0,2,False,,,,
1766471909.8933089,0.6314181711478117,0.35157113081680147,1.0,2,False,,,,
1766471909.899478,0.6314181711478117,0.35157113081680147,1.0,2,False,,,,
1766471909.906189,0.6314181711478117,0.35157113081680147,1.0,2,False,,,,
1766471909.90917,0.6314181711478117,0.35157113081680147,1.0,2,False,,,,
1766471909.912043,0.4405028613624645,0.7146256594065898,0.20593004335843443,2,False,,,,
1766471910.3887181,0.4405028613624645,0.7146256594065898,0.20593004335843443,2,False,,,,
1766471910.394192,0.4405028613624645,0.7146256594065898,0.20593004335843443,2,False,,,,
1766471910.397641,0.9132796986399778,1.6157049753513484,0.38653308755813637,2,False,,,,
1766471910.401821,0.9132796986399778,1.6157049753513484,0.38653308755813637,2,False,,,,
1766471910.407871,0.4505848894234797,0.9568330134309573,0.9112786650657654,2,False,,,,
1766471910.913995,0.4505848894234797,0.9568330134309573,0.9112786650657654,2,False,,,,
1766471910.923436,0.45554541558595546,0.94917170535644,0.9579808115959167,2,False,,,,
1766471910.9302568,0.45554541558595546,0.94917170535644,0.9579808115959167,2,False,,,,
1766471910.933644,0.46089397801750137,0.9413108733303389,0.996995210647583,2,False,,,,
1766471910.936574,0.5170310874950712,0.8214426433739532,1.0,0,False,,,,
1766471911.226133,0.5170310874950712,0.8214426433739532,1.0,0,False,,,,
1766471911.234442,0.545817439547877,0.7766547871972677,0.9955321550369263,0,False,,,,
1766471911.237033,0.545817439547877,0.7766547871972677,0.9955321550369263,0,False,,,,
1766471911.241324,0.545817439547877,0.7766547871972677,0.9955321550369263,0,False,,,,
1766471911.244202,0.3735767076254591,0.9146057612223952,0.3318252174597887,0,False,,,,
1766471911.520412,0.5842174150099989,0.8973609559401724,0.5085353213321047,0,False,,,,
1766471911.52629,0.5842174150099989,0.8973609559401724,0.5085353213321047,0,False,,,,
1766471911.530707,0.5842174150099989,0.8973609559401724,0.5085353213321047,0,False,,,,
1766471911.5334451,0.5842174150099989,0.8973609559401724,0.5085353213321047,0,False,,,,
1766471911.5360792,0.5096021426559355,0.7557333266938725,0.9744225990772247,0,False,,,,
1766471911.864765,0.5096021426559355,0.7557333266938725,0.9744225990772247,0,False,,,,
1766471911.869405,0.5096021426559355,0.7557333266938725,0.9744225990772247,0,False,,,,
1766471911.8722649,0.5005260195049976,0.7076116992580823,0.8,0,False,,,,
1766471911.875938,0.49429277017358847,0.7185218046514771,0.8,0,False,,,,
1766471911.878759,0.6016050760206746,0.8284473348502736,1.0,0,False,,,,
1766471912.119692,0.5996473579174191,0.8303947826617831,1.0,0,False,,,,
1766471912.124953,0.6006678750030907,0.8295805844242183,1.0,0,False,,,,
1766471912.129269,0.6006678750030907,0.8295805844242183,1.0,0,False,,,,
1766471912.13219,0.6006678750030907,0.8295805844242183,1.0,0,False,,,,
1766471912.136251,0.5603133954050826,0.8724068517819831,0.995,0,False,,,,
1766471912.3789172,0.5603133954050826,0.8724068517819831,0.995,0,False,,,,
1766471912.384208,0.5603133954050826,0.8724068517819831,0.995,0,False,,,,
1766471912.386921,0.5603133954050826,0.8724068517819831,0.995,0,False,,,,
1766471912.389139,0.5603133954050826,0.8724068517819831,0.995,0,False,,,,
1766471912.391506,0.5253703256485833,0.9438404835578177,1.0,0,False,,,,
1766471912.598971,0.5253703256485833,0.9438404835578177,1.0,0,False,,,,
1766471912.603741,0.5253703256485833,0.9438404835578177,1.0,0,False,,,,
1766471912.606612,0.5253703256485833,0.9438404835578177,1.0,0,False,,,,
1766471912.609104,0.5261024808295982,0.9443670021982143,1.0,0,False,,,,
1766471912.611916,0.46667240376628705,0.8932155139449434,0.9662280976772308,0,False,,,,
1766471912.8470469,0.46620451607051894,0.8941122452447163,0.9675033986568451,0,False,,,,
1766471912.851696,0.46620451607051894,0.8941122452447163,0.9675033986568451,0,False,,,,
1766471912.857512,0.46620451607051894,0.8941122452447163,0.9675033986568451,0,False,,,,
1766471912.8612108,0.465826633868458,0.8931206489494394,0.9567815661430359,0,False,,,,
1766471912.863808,0.3508925387669604,0.9404503157867734,0.39744859268383226,0,False,,,,
1766471913.1031191,0.3508925387669604,0.9404503157867734,0.39744859268383226,0,False,,,,
1766471913.107636,0.3508925387669604,0.9404503157867734,0.39744859268383226,0,False,,,,
1766471913.110579,0.3508925387669604,0.9404503157867734,0.39744859268383226,0,False,,,,
1766471913.113121,0.3683316298935015,0.755702803307396,0.5900534651340259,0,False,,,,
1766471913.117035,0.46461087950870716,0.7811104813821191,0.943567544221878,0,False,,,,
1766471913.381444,0.4631646275854524,0.7799757033742784,0.919387936592102,0,False,,,,
1766471913.386476,0.4631646275854524,0.7799757033742784,0.919387936592102,0,False,,,,
1766471913.39109,0.4631646275854524,0.7799757033742784,0.919387936592102,0,False,,,,
1766471913.395722,0.4617646138540209,0.7805826315990779,0.9178835153579712,0,False,,,,
1766471913.398485,0.4864327062047254,0.8040330291139205,0.9622724056243896,0,False,,,,
1766471913.6312268,0.48436220481303993,0.8058192322577065,0.9149681925773621,0,False,,,,
1766471913.63631,0.48436220481303993,0.8058192322577065,0.9149681925773621,0,False,,,,
1766471913.641161,0.48436220481303993,0.8058192322577065,0.9149681925773621,0,False,,,,
1766471913.643831,0.48436220481303993,0.8058192322577065,0.9149681925773621,0,False,,,,
1766471913.6461859,0.5414557207002888,0.8023196792267969,0.9115271866321564,0,False,,,,
1766471913.895072,0.5414557207002888,0.8023196792267969,0.9115271866321564,0,False,,,,
1766471913.899812,0.5412539951737084,0.8080593746106823,0.9549819827079773,0,False,,,,
1766471913.902889,0.5413790345958944,0.8150749709351038,0.9535722136497498,0,False,,,,
1766471913.9053729,0.5413790345958944,0.8150749709351038,0.9535722136497498,0,False,,,,
1766471913.908585,0.5374005678987804,0.8335639407770391,1.0,0,False,,,,
1766471914.120981,0.5381917838593114,0.8395432912488467,1.0,0,False,,,,
1766471914.126482,0.5381917838593114,0.8395432912488467,1.0,0,False,,,,
1766471914.1293921,0.5381917838593114,0.8395432912488467,1.0,0,False,,,,
1766471914.131892,0.5393784797998565,0.8422853375855465,0.9980531930923462,0,False,,,,
1766471914.134196,0.46963975085435966,0.839048341417456,0.9282114207744598,0,False,,,,
1766471914.426605,0.46963975085435966,0.839048341417456,0.9282114207744598,0,False,,,,
1766471914.43149,0.46963975085435966,0.839048341417456,0.9282114207744598,0,False,,,,
1766471914.434578,0.46963975085435966,0.839048341417456,0.9282114207744598,0,False,,,,
1766471914.437651,0.4701606982916936,0.8395524342353324,0.953326940536499,0,False,,,,
1766471914.4406478,0.3972505606070177,0.9445127158886726,0.3658810038934013,0,False,,,,
1766471914.6811252,0.3972505606070177,0.9445127158886726,0.3658810038934013,0,False,,,,
1766471914.68635,0.6478143954727046,1.016225244957661,0.43173026737521697,0,False,,,,
1766471914.692029,0.6478143954727046,1.016225244957661,0.43173026737521697,0,False,,,,
1766471914.697601,0.6478143954727046,1.016225244957661,0.43173026737521697,0,False,,,,
1766471914.7007291,0.5379795498476068,0.837314109282126,0.9553269147872925,0,False,,,,
1766471914.9271512,0.5379795498476068,0.837314109282126,0.9553269147872925,0,False,,,,
1766471914.932778,0.5379795498476068,0.837314109282126,0.9553269147872925,0,False,,,,
1766471914.935462,0.5379795498476068,0.837314109282126,0.9553269147872925,0,False,,,,
1766471914.9381912,0.538524605148723,0.8378436015645927,0.9194245338439941,0,False,,,,
1766471914.940628,0.5353391709645926,0.840370410712926,0.963426798582077,0,False,,,,
1766471915.155618,0.5358820509853965,0.8384980868653018,0.959038496017456,0,False,,,,
1766471915.160873,0.5374748956253421,0.8387959178084319,0.9486269652843475,0,False,,,,
1766471915.1643589,0.5374748956253421,0.8387959178084319,0.9486269652843475,0,False,,,,
1766471915.1702569,0.5374748956253421,0.8387959178084319,0.9486269652843475,0,False,,,,
1766471915.174975,0.5112109521945002,0.8879420271514016,0.9492751061916351,0,False,,,,
1766471915.400416,0.5112109521945002,0.8879420271514016,0.9492751061916351,0,False,,,,
1766471915.406192,0.5120583645573233,0.8803833342884153,0.9746809303760529,0,False,,,,
1766471915.409151,0.5120583645573233,0.8803833342884153,0.9746809303760529,0,False,,,,
1766471915.4135082,0.5120583645573233,0.8803833342884153,0.9746809303760529,0,False,,,,
1766471915.4163709,0.4943336417042907,0.9097760773021792,0.9580811858177185,0,False,,,,
1766471915.604985,0.4943336417042907,0.9097760773021792,0.9580811858177185,0,False,,,,
1766471915.610543,0.4950000195156127,0.9049691085919472,0.9774800539016724,0,False,,,,
1766471915.6134222,0.4950000195156127,0.9049691085919472,0.9774800539016724,0,False,,,,
1766471915.61796,0.4950000195156127,0.9049691085919472,0.9774800539016724,0,False,,,,
1766471915.620908,0.4894232952433216,0.8886511590991523,1.0,1,False,,,,
1766471915.868738,0.4894232952433216,0.8886511590991523,1.0,1,False,,,,
1766471915.873763,0.4894232952433216,0.8886511590991523,1.0,1,False,,,,
1766471915.876438,0.488577986055188,0.8872555920430546,0.9797727465629578,1,False,,,,
1766471915.879035,0.488577986055188,0.8872555920430546,0.9797727465629578,1,False,,,,
1766471915.881204,0.5052333553812877,0.8514052201471953,0.9730013012886047,0,False,,,,
1766471916.088769,0.5052333553812877,0.8514052201471953,0.9730013012886047,0,False,,,,
1766471916.094207,0.5054045928416768,0.8498182859663012,0.9887461364269257,0,False,,,,
1766471916.097134,0.5054045928416768,0.8498182859663012,0.9887461364269257,0,False,,,,
1766471916.101509,0.5054045928416768,0.8498182859663012,0.9887461364269257,0,False,,,,
1766471916.104658,0.5037610988093222,0.8293369940551415,0.9895041286945343,0,False,,,,
1766471916.321249,0.5037610988093222,0.8293369940551415,0.9895041286945343,0,False,,,,
1766471916.325582,0.5037610988093222,0.8293369940551415,0.9895041286945343,0,False,,,,
1766471916.32861,0.5072921646120322,0.7933971909501221,0.9281021356582642,0,False,,,,
1766471916.3333938,0.5072921646120322,0.7933971909501221,0.9281021356582642,0,False,,,,
1766471916.338458,0.5035558628364528,0.7771654585745932,0.9504701793193817,0,False,,,,
1766471916.5258071,0.5035558628364528,0.7771654585745932,0.9504701793193817,0,False,,,,
1766471916.530723,0.5004100808722042,0.7773586661446528,0.9824306070804596,0,False,,,,
1766471916.533608,0.5004100808722042,0.7773586661446528,0.9824306070804596,0,False,,,,
1766471916.5380218,0.5004100808722042,0.7773586661446528,0.9824306070804596,0,False,,,,
1766471916.5406988,0.5335890308221747,0.7545335889957657,0.9568074345588684,0,False,,,,
1766471916.763154,0.5335890308221747,0.7545335889957657,0.9568074345588684,0,False,,,,
1766471916.768734,0.5352870490924682,0.7521989123551217,0.9802539348602295,0,False,,,,
1766471916.77347,0.5352870490924682,0.7521989123551217,0.9802539348602295,0,False,,,,
1766471916.7762098,0.5352870490924682,0.7521989123551217,0.9802539348602295,0,False,,,,
1766471916.778978,0.5100025611630788,0.7267173930943566,0.990788996219635,0,False,,,,
1766471916.9981928,0.5121283452867738,0.7245397209746423,0.9905220866203308,0,False,,,,
1766471917.0044951,0.5121283452867738,0.7245397209746423,0.9905220866203308,0,False,,,,
1766471917.00981,0.5121283452867738,0.7245397209746423,0.9905220866203308,0,False,,,,
1766471917.0127559,0.5121283452867738,0.7245397209746423,0.9905220866203308,0,False,,,,
1766471917.015373,0.5021474017932498,0.7097262139531788,1.0,0,False,,,,
1766471917.2123961,0.5021474017932498,0.7097262139531788,1.0,0,False,,,,
1766471917.2177658,0.49970771482380166,0.7070809753393399,1.0,0,False,,,,
1766471917.220795,0.49970771482380166,0.7070809753393399,1.0,0,False,,,,
1766471917.224054,0.49970771482380166,0.7070809753393399,1.0,0,False,,,,
1766471917.2292569,0.5664419219895442,1.0183710212833539,0.10667659245788962,0,False,,,,
1766471917.4514618,0.5813966541378754,0.8347234405026299,0.16905718374772144,0,False,,,,
1766471917.4567811,0.6110812308935758,1.0598367038001066,0.4650718146221336,0,False,,,,
1766471917.46182,0.6110812308935758,1.0598367038001066,0.4650718146221336,0,False,,,,
1766471917.464844,0.6110812308935758,1.0598367038001066,0.4650718146221336,0,False,,,,
1766471917.467387,0.5621476211047219,0.6721319362275927,0.9470103085041046,0,False,,,,
1766471917.656808,0.5621476211047219,0.6721319362275927,0.9470103085041046,0,False,,,,
1766471917.661969,0.5621476211047219,0.6721319362275927,0.9470103085041046,0,False,,,,
1766471917.666674,0.5621476211047219,0.6721319362275927,0.9470103085041046,0,False,,,,
1766471917.66995,0.5234992880188479,0.7167086076634964,0.9946540594100952,0,False,,,,
1766471917.672467,0.4781032130310979,0.7167618998910544,1.0,0,False,,,,
1766471917.889348,0.4781032130310979,0.7167618998910544,1.0,0,False,,,,
1766471917.8948941,0.4781032130310979,0.7167618998910544,1.0,0,False,,,,
1766471917.8974988,0.4781032130310979,0.7167618998910544,1.0,0,False,,,,
1766471917.899786,0.4781032130310979,0.7167618998910544,1.0,0,False,,,,
1766471917.903979,0.4956714697644663,0.7410182267680663,1.0,0,False,,,,
1766471918.097499,0.4956714697644663,0.7410182267680663,1.0,0,False,,,,
1766471918.1028259,0.4956714697644663,0.7410182267680663,1.0,0,False,,,,
1766471918.105978,0.4947424008837906,0.7363350027323703,1.0,0,False,,,,
1766471918.108865,0.4947424008837906,0.7363350027323703,1.0,0,False,,,,
1766471918.113801,0.4640505545603693,0.9593519308053534,0.15975878630819346,0,False,,,,
1766471918.4746292,0.43315298748549064,0.9703098984032017,0.14135669205255694,0,False,,,,
1766471918.4804878,0.43315298748549064,0.9703098984032017,0.14135669205255694,0,False,,,,
1766471918.485586,0.43315298748549064,0.9703098984032017,0.14135669205255694,0,False,,,,
1766471918.4883142,0.4231629465149932,1.041944378432425,0.15206267452505381,0,False,,,,
1766471918.4909272,0.5947654923529117,0.5684775302877014,0.9843754768371582,0,False,,,,
1766471918.7026272,0.5947654923529117,0.5684775302877014,0.9843754768371582,0,False,,,,
1766471918.706777,0.5947654923529117,0.5684775302877014,0.9843754768371582,0,False,,,,
1766471918.709793,0.5717056337684101,0.6611345081470164,1.0,0,False,,,,
1766471918.71219,0.5717056337684101,0.6611345081470164,1.0,0,False,,,,
1766471918.714803,0.49189229020265435,0.7296615423159598,0.975667804479599,0,False,,,,
1766471918.910163,0.4942050421633972,0.7313517605777573,0.9729414880275726,0,False,,,,
1766471918.9161658,0.4942050421633972,0.7313517605777573,0.9729414880275726,0,False,,,,
1766471918.9212852,0.4942050421633972,0.7313517605777573,0.9729414880275726,0,False,,,,
1766471918.924319,0.49828929501071845,0.7337208255774158,0.9858396947383881,0,False,,,,
1766471918.927028,0.50535474911883,0.7363037532251118,1.0,0,False,,,,
1766471919.120383,0.50535474911883,0.7363037532251118,1.0,0,False,,,,
1766471919.124987,0.5059502910223499,0.7382287266770658,1.0,0,False,,,,
1766471919.128911,0.5059502910223499,0.7382287266770658,1.0,0,False,,,,
1766471919.133775,0.5059502910223499,0.7382287266770658,1.0,0,False,,,,
1766471919.1382551,0.5523614375212479,0.7641783722909954,1.0,0,False,,,,
1766471919.404872,0.5523614375212479,0.7641783722909954,1.0,0,False,,,,
1766471919.409448,0.5523614375212479,0.7641783722909954,1.0,0,False,,,,
1766471919.412389,0.5477929520515075,0.7560026542282486,0.9920981228351593,0,False,,,,
1766471919.4151921,0.5477929520515075,0.7560026542282486,0.9920981228351593,0,False,,,,
1766471919.417773,0.3537658861185985,0.8212323572434527,0.18526865599824066,0,False,,,,
1766471919.592335,0.3537658861185985,0.8212323572434527,0.18526865599824066,0,False,,,,
1766471919.598094,0.10961017069930686,0.15444257420820995,0.7013987801233887,0,False,,,,
1766471919.601046,0.10961017069930686,0.15444257420820995,0.7013987801233887,0,False,,,,
1766471919.605896,0.10961017069930686,0.15444257420820995,0.7013987801233887,0,False,,,,
1766471919.6088629,0.6670368444192777,0.8529207613486285,0.9408640265464783,0,False,,,,
1766471919.772715,0.6670368444192777,0.8529207613486285,0.9408640265464783,0,False,,,,
1766471919.779563,0.6669168812580875,0.8594458577851226,0.9529947340488434,0,False,,,,
1766471919.782516,0.6662817001046775,0.8658796028193617,0.9461580216884613,0,False,,,,
1766471919.7851782,0.6662817001046775,0.8658796028193617,0.9461580216884613,0,False,,,,
1766471919.7899451,0.4860497743178966,1.0359024380510593,0.9549511969089508,1,False,,,,
1766471920.026901,0.4860497743178966,1.0359024380510593,0.9549511969089508,1,False,,,,
1766471920.0323231,0.4879229214127242,1.0459372667954343,0.9213209450244904,1,False,,,,
1766471920.036315,0.48808348550480823,1.0480252347408254,0.9213209450244904,1,False,,,,
1766471920.039969,0.48808348550480823,1.0480252347408254,0.9213209450244904,1,False,,,,
1766471920.045156,0.5932428184530036,0.16385058862647606,0.9865405559539795,2,False,,,,
1766471920.442494,0.5932428184530036,0.16385058862647606,0.9865405559539795,2,False,,,,
1766471920.450249,0.5926007213778554,0.2033611853936661,1.0,2,False,,,,
1766471920.454527,0.5926007213778554,0.2033611853936661,1.0,2,False,,,,
1766471920.4606872,0.5926007213778554,0.2033611853936661,1.0,2,False,,,,
1766471920.463574,0.6248610192843923,0.5598400359280072,1.0,2,True,0.5464204549789429,0.5694702863693237,0.10555610805749893,0.18468374013900757
1766471920.815053,0.6248610192843923,0.5598400359280072,1.0,2,True,0.5464204549789429,0.5694702863693237,0.10555610805749893,0.18468374013900757
1766471920.8219168,0.6215328081896109,0.565292653368566,1.0,2,True,0.5464204549789429,0.5694702863693237,0.10555610805749893,0.18468374013900757
1766471920.827915,0.6215328081896109,0.565292653368566,1.0,2,True,0.5464204549789429,0.5694702863693237,0.10555610805749893,0.18468374013900757
1766471920.830913,0.6215328081896109,0.565292653368566,1.0,2,True,0.5464204549789429,0.5694702863693237,0.10555610805749893,0.18468374013900757
1766471920.83336,0.5688836361962547,0.7055483212640279,1.0,2,False,,,,
1766471921.2106738,0.5688836361962547,0.7055483212640279,1.0,2,False,,,,
1766471921.21661,0.5688836361962547,0.7055483212640279,1.0,2,False,,,,
1766471921.219522,0.5696591114783474,0.7059085942723086,1.0,2,False,,,,
1766471921.222504,0.5686165937591422,0.7085879325800308,1.0,2,False,,,,
1766471921.2276201,0.6392731858473912,0.6108759748569464,0.9389509830654853,1,False,,,,
1766471921.482593,0.6392731858473912,0.6108759748569464,0.9389509830654853,1,False,,,,
1766471921.489933,0.9605786217905274,0.6042126492197248,0.3731052179960275,1,False,,,,
1766471921.492956,0.9605786217905274,0.6042126492197248,0.3731052179960275,1,False,,,,
1766471921.496147,0.9605786217905274,0.6042126492197248,0.3731052179960275,1,False,,,,
1766471921.502382,0.5826154807639049,0.580868276858779,1.0,2,False,,,,
1766471922.0490081,0.5826154807639049,0.580868276858779,1.0,2,False,,,,
1766471922.055325,0.5825849160637973,0.5813348671422996,1.0,2,False,,,,
1766471922.0585039,0.5834712687591844,0.5823532538343039,1.0,2,False,,,,
1766471922.0611699,0.5834712687591844,0.5823532538343039,1.0,2,False,,,,
1766471922.0667992,0.6068111509729507,0.5707532041611865,1.0,2,False,,,,
1766471922.407676,0.6143376390991437,0.5676262337874612,1.0,2,False,,,,
1766471922.413235,0.6203546873334153,0.5641228310550794,1.0,2,False,,,,
1766471922.41918,0.6203546873334153,0.5641228310550794,1.0,2,False,,,,
1766471922.4223711,0.6203546873334153,0.5641228310550794,1.0,2,False,,,,
1766471922.425127,0.6033586617350415,0.5606434396307264,1.0,2,False,,,,
1766471922.79141,0.6033586617350415,0.5606434396307264,1.0,2,False,,,,
1766471922.79776,0.6029840853484669,0.5604013227995158,0.9986500442028046,2,False,,,,
1766471922.800759,0.6029840853484669,0.5604013227995158,0.9986500442028046,2,False,,,,
1766471922.805875,0.6029840853484669,0.5604013227995158,0.9986500442028046,2,False,,,,
1766471922.809103,0.6054458652813295,0.5911430246496737,1.0,2,False,,,,
1766471923.3064919,0.6054458652813295,0.5911430246496737,1.0,2,False,,,,
1766471923.311905,0.6054458652813295,0.5911430246496737,1.0,2,False,,,,
1766471923.315198,0.6053436564179424,0.5908277530931954,1.0,2,False,,,,
1766471923.321453,0.6059516036435321,0.5867929557712871,1.0,2,False,,,,
1766471923.32731,0.580261254117171,0.5700550488977402,1.0,2,False,,,,
1766471923.642756,0.580261254117171,0.5700550488977402,1.0,2,False,,,,
1766471923.6481762,0.5790503834229547,0.5740327932476796,1.0,2,False,,,,
1766471923.6512508,0.5790503834229547,0.5740327932476796,1.0,2,False,,,,
1766471923.65397,0.5790503834229547,0.5740327932476796,1.0,2,False,,,,
1766471923.6602979,0.5891143178124072,0.5735869738579118,1.0,2,False,,,,
1766471924.021452,0.5892322757130757,0.5730324272765326,1.0,2,False,,,,
1766471924.0268512,0.5892322757130757,0.5730324272765326,1.0,2,False,,,,
1766471924.032684,0.5892322757130757,0.5730324272765326,1.0,2,False,,,,
1766471924.036114,0.5897292743163832,0.5726285613337821,1.0,2,False,,,,
1766471924.039307,0.5608884051351587,0.5721008677564589,1.0,2,False,,,,
1766471924.306298,0.5602406475993252,0.5732291744162316,1.0,2,False,,,,
1766471924.3121521,0.5602406475993252,0.5732291744162316,1.0,2,False,,,,
1766471924.3172748,0.5602406475993252,0.5732291744162316,1.0,2,False,,,,
1766471924.320516,0.5601517690166887,0.5726435076801685,1.0,2,False,,,,
1766471924.323971,0.5845129914611865,0.6057607056897121,1.0,2,False,,,,
1766471925.519774,0.5845129914611865,0.6057607056897121,1.0,2,False,,,,
1766471925.5250828,0.5845129914611865,0.6057607056897121,1.0,2,False,,,,
1766471925.528026,0.5851297443068615,0.6056868413870546,1.0,2,False,,,,
1766471925.530754,0.5845200423054226,0.6056725960454018,1.0,2,False,,,,
1766471925.533621,0.6194186524748472,0.6200787295424742,0.9770159423351288,2,False,,,,
1766471925.837187,0.6194186524748472,0.6200787295424742,0.9770159423351288,2,False,,,,
1766471925.8430662,0.6191653485368332,0.6209753009691849,0.9946101903915405,2,False,,,,
1766471925.847929,0.6181563077942148,0.6197058780369358,1.0,2,False,,,,
1766471925.853461,0.6181563077942148,0.6197058780369358,1.0,2,False,,,,
1766471925.856857,0.5750222663347965,0.57930988327922,1.0,2,False,,,,
1766471926.236809,0.5750222663347965,0.57930988327922,1.0,2,False,,,,
1766471926.242683,0.5750222663347965,0.57930988327922,1.0,2,False,,,,
1766471926.2452962,0.5750222663347965,0.57930988327922,1.0,2,False,,,,
1766471926.247941,0.5751744647966361,0.5784263183830785,1.0,2,False,,,,
1766471926.251314,0.5505232840387266,0.5737044731677012,1.0,2,False,,,,
1766471926.638015,0.5504721493776458,0.5732737016175682,1.0,2,False,,,,
1766471926.645279,0.5504721493776458,0.5732737016175682,1.0,2,False,,,,
1766471926.64836,0.5513777770814843,0.5740993361591656,1.0,2,False,,,,
1766471926.651434,0.5513777770814843,0.5740993361591656,1.0,2,False,,,,
1766471926.656377,0.6247933647928656,0.5706242195899003,1.0,2,False,,,,
1766471927.0814872,0.6247933647928656,0.5706242195899003,1.0,2,False,,,,
1766471927.087179,0.6240824563782791,0.5704195461117566,1.0,2,False,,,,
1766471927.09073,0.6240824563782791,0.5704195461117566,1.0,2,False,,,,
1766471927.096672,0.6240824563782791,0.5704195461117566,1.0,2,False,,,,
1766471927.099604,0.5819061205087601,0.569308409427916,1.0,2,False,,,,
1766471927.4586282,0.5819061205087601,0.569308409427916,1.0,2,False,,,,
1766471927.46431,0.5819061205087601,0.569308409427916,1.0,2,False,,,,
1766471927.467384,0.5822239626382617,0.5693344309198732,1.0,2,False,,,,
1766471927.471936,0.5817378003970004,0.5676698517822907,1.0,2,False,,,,
1766471927.474777,0.6946945871483179,0.5866271316280296,0.2285305918723017,2,False,,,,
1766471927.8113348,0.6946945871483179,0.5866271316280296,0.2285305918723017,2,False,,,,
1766471927.815994,0.6946945871483179,0.5866271316280296,0.2285305918723017,2,False,,,,
1766471927.818978,0.6940386858025713,0.5692294071094582,0.21186801297336808,2,False,,,,
1766471927.821534,0.5596756914805037,0.5246623951376408,0.19963428139107192,2,False,,,,
1766471927.824749,0.5047774198374926,0.8328703137932831,1.0,2,False,,,,
1766471928.204513,0.5047774198374926,0.8328703137932831,1.0,2,False,,,,
1766471928.213387,0.5044700576853918,0.8242007296635039,0.9953703284263611,2,False,,,,
1766471928.2203891,0.5044700576853918,0.8242007296635039,0.9953703284263611,2,False,,,,
1766471928.223247,0.5074990880315265,0.8311383001281001,0.9839585721492767,2,False,,,,
1766471928.226241,0.5507894541354614,0.7977561015289107,1.0,0,False,,,,
1766471928.384415,0.5507894541354614,0.7977561015289107,1.0,0,False,,,,
1766471928.392153,0.5511962023154233,0.798127473981836,1.0,0,False,,,,
1766471928.394881,0.5511962023154233,0.798127473981836,1.0,0,False,,,,
1766471928.399478,0.5511962023154233,0.798127473981836,1.0,0,False,,,,
1766471928.404147,0.459740260512907,0.7411839375230939,1.0,0,False,,,,
1766471928.614617,0.459740260512907,0.7411839375230939,1.0,0,False,,,,
1766471928.621939,0.459740260512907,0.7411839375230939,1.0,0,False,,,,
1766471928.624788,0.45988188669046853,0.7409403011189233,1.0,0,False,,,,
1766471928.6273909,0.45988188669046853,0.7409403011189233,1.0,0,False,,,,
1766471928.629953,0.5137462182183382,0.7410725416851758,0.99,0,False,,,,
1766471928.816894,0.6006108835207061,0.8049817962255935,0.99,0,False,,,,
1766471928.8226418,0.6006108835207061,0.8049817962255935,0.99,0,False,,,,
1766471928.826175,0.6006108835207061,0.8049817962255935,0.99,0,False,,,,
1766471928.82916,0.621686333884714,0.7863500489511843,1.0,0,False,,,,
1766471928.8317819,0.5997200543052565,0.7513841892224483,1.0,0,False,,,,
1766471929.005974,0.5997200543052565,0.7513841892224483,1.0,0,False,,,,
1766471929.011725,0.595699282707348,0.7572526523342121,1.0,0,False,,,,
1766471929.01489,0.5955155159388534,0.7553326195582868,1.0,0,False,,,,
1766471929.017427,0.5955155159388534,0.7553326195582868,1.0,0,False,,,,
1766471929.021916,0.491202224314972,0.881868579523066,1.0,0,False,,,,
1766471929.202364,0.491202224314972,0.881868579523066,1.0,0,False,,,,
1766471929.207583,0.491202224314972,0.881868579523066,1.0,0,False,,,,
1766471929.210664,0.491202224314972,0.881868579523066,1.0,0,False,,,,
1766471929.213629,0.493426649882564,0.8785652826900429,1.0,0,False,,,,
1766471929.2161632,0.49443257916993827,0.8340289846186898,1.0,0,False,,,,
1766471929.436833,0.4996375386701518,0.8385582980141655,1.0,0,False,,,,
1766471929.4449449,0.4996375386701518,0.8385582980141655,1.0,0,False,,,,
1766471929.449263,0.5266288574179402,0.8428121148584931,1.0,0,False,,,,
1766471929.451957,0.5266288574179402,0.8428121148584931,1.0,0,False,,,,
1766471929.4567099,0.5225242484682044,0.7752386709704476,1.0,0,False,,,,
1766471929.619204,0.5236505416764482,0.7730266794920393,1.0,0,False,,,,
1766471929.624976,0.5236505416764482,0.7730266794920393,1.0,0,False,,,,
1766471929.629524,0.5236505416764482,0.7730266794920393,1.0,0,False,,,,
1766471929.633077,0.52305581863657,0.7692787758756645,1.0,0,False,,,,
1766471929.635812,0.4952725507873902,0.8425907289435591,1.0,0,False,,,,
1766471929.827508,0.4952725507873902,0.8425907289435591,1.0,0,False,,,,
1766471929.83248,0.49474586715203434,0.844491349656183,1.0,0,False,,,,
1766471929.835876,0.49474586715203434,0.844491349656183,1.0,0,False,,,,
1766471929.838458,0.49474586715203434,0.844491349656183,1.0,0,False,,,,
1766471929.843889,0.6150899651847941,0.8970313668538621,1.0,0,False,,,,
1766471930.03873,0.6150899651847941,0.8970313668538621,1.0,0,False,,,,
1766471930.0449479,0.6150899651847941,0.8970313668538621,1.0,0,False,,,,
1766471930.047596,0.6150899651847941,0.8970313668538621,1.0,0,False,,,,
1766471930.050061,0.6150899651847941,0.8970313668538621,1.0,0,False,,,,
1766471930.052566,0.5962155791705156,0.8818185976761254,1.0,0,False,,,,
1766471930.229248,0.5962155791705156,0.8818185976761254,1.0,0,False,,,,
1766471930.233991,0.5962155791705156,0.8818185976761254,1.0,0,False,,,,
1766471930.237643,0.5912291139024349,0.8994885705119109,1.0,0,False,,,,
1766471930.2403562,0.5912291139024349,0.8994885705119109,1.0,0,False,,,,
1766471930.243003,0.5656029504456879,0.9971083031642479,1.0,0,False,,,,
1766471930.424469,0.5661378573803109,0.9972748817096662,1.0,0,False,,,,
1766471930.429006,0.5661378573803109,0.9972748817096662,1.0,0,False,,,,
1766471930.433491,0.5661378573803109,0.9972748817096662,1.0,0,False,,,,
1766471930.436959,0.5669443038271363,0.9964265759655262,1.0,0,False,,,,
1766471930.439935,0.4886156231065848,0.7393896496640832,1.0,0,False,,,,
1766471930.63053,0.4886156231065848,0.7393896496640832,1.0,0,False,,,,
1766471930.6354969,0.4885971581299988,0.7395336776142187,1.0,0,False,,,,
1766471930.638279,0.4886692352874742,0.7389919854137051,1.0,0,False,,,,
1766471930.640766,0.4886692352874742,0.7389919854137051,1.0,0,False,,,,
1766471930.645053,0.46964727703422293,0.7128146861469727,1.0,0,False,,,,
1766471930.8004842,0.46964727703422293,0.7128146861469727,1.0,0,False,,,,
1766471930.804933,0.46801223738332676,0.7162331974546725,1.0,0,False,,,,
1766471930.80752,0.46801223738332676,0.7162331974546725,1.0,0,False,,,,
1766471930.813046,0.46801223738332676,0.7162331974546725,1.0,0,False,,,,
1766471930.8177211,0.4991649820122045,0.7095505983538243,1.0,0,False,,,,
1766471931.1908932,0.49881996333791456,0.7075587277263842,1.0,0,False,,,,
1766471931.196239,0.49881996333791456,0.7075587277263842,1.0,0,False,,,,
1766471931.201335,0.49881996333791456,0.7075587277263842,1.0,0,False,,,,
1766471931.2037408,0.49881996333791456,0.7075587277263842,1.0,0,False,,,,
1766471931.206014,0.5280740551289593,0.417517377316842,0.9343133866786957,0,False,,,,
1766471931.40402,0.5280740551289593,0.417517377316842,0.9343133866786957,0,False,,,,
1766471931.4085891,0.5648740439194333,0.382876615372141,1.0,0,False,,,,
1766471931.411375,0.5648740439194333,0.382876615372141,1.0,0,False,,,,
1766471931.413988,0.5648740439194333,0.382876615372141,1.0,0,False,,,,
1766471931.418197,0.5385198011019176,0.6186501913553425,1.0,0,False,,,,
1766471931.584655,0.5385198011019176,0.6186501913553425,1.0,0,False,,,,
1766471931.58944,0.5385198011019176,0.6186501913553425,1.0,0,False,,,,
1766471931.592314,0.5387753808228773,0.6183724341426483,1.0,0,False,,,,
1766471931.595086,0.5387753808228773,0.6183724341426483,1.0,0,False,,,,
1766471931.5973492,0.5406352177582877,0.6249472200042084,1.0,0,False,,,,
1766471931.783443,0.5406352177582877,0.6249472200042084,1.0,0,False,,,,
1766471931.789091,0.5406352177582877,0.6249472200042084,1.0,0,False,,,,
1766471931.792235,0.5396786381102088,0.6282419421523013,1.0,0,False,,,,
1766471931.795255,0.5396786381102088,0.6282419421523013,1.0,0,False,,,,
1766471931.7974231,0.5322925492464293,0.6454454397234926,1.0,0,False,,,,
1766471931.955002,0.5322925492464293,0.6454454397234926,1.0,0,False,,,,
1766471931.959278,0.5323943476045924,0.64144269203936,0.9880354404449463,0,False,,,,
1766471931.9638321,0.5336206141450374,0.6356021612357711,1.0,0,False,,,,
1766471931.967061,0.5336206141450374,0.6356021612357711,1.0,0,False,,,,
1766471931.9727218,0.5961739487117548,0.4020304670355985,0.9133442640304565,0,False,,,,
1766471932.191193,0.5961739487117548,0.4020304670355985,0.9133442640304565,0,False,,,,
1766471932.1955268,0.5963344887057846,0.40087906112188754,0.9262268245220184,0,False,,,,
1766471932.1991591,0.622239447204905,0.47608806913270807,0.9661482572555542,0,False,,,,
1766471932.201782,0.622239447204905,0.47608806913270807,0.9661482572555542,0,False,,,,
1766471932.206757,0.4987592265494837,0.6070814743681129,1.0,0,False,,,,
1766471932.410378,0.4987592265494837,0.6070814743681129,1.0,0,False,,,,
1766471932.414714,0.4905185017570931,0.6193278865649312,1.0,0,False,,,,
1766471932.417513,0.4905185017570931,0.6193278865649312,1.0,0,False,,,,
1766471932.421864,0.4905185017570931,0.6193278865649312,1.0,0,False,,,,
1766471932.426549,0.49252940688022484,0.6213090575801806,1.0,0,False,,,,
1766471932.5901508,0.49252940688022484,0.6213090575801806,1.0,0,False,,,,
1766471932.59453,0.49252940688022484,0.6213090575801806,1.0,0,False,,,,
1766471932.597412,0.4925289162735663,0.6168520958368485,1.0,0,False,,,,
1766471932.600041,0.4925289162735663,0.6168520958368485,1.0,0,False,,,,
1766471932.60285,0.5257937567585002,0.6544885444262919,1.0,0,False,,,,
1766471932.791971,0.5257937567585002,0.6544885444262919,1.0,0,False,,,,
1766471932.7967172,0.5484417135219449,0.6470029722065217,1.0,0,False,,,,
1766471932.799381,0.5484417135219449,0.6470029722065217,1.0,0,False,,,,
1766471932.80194,0.5484417135219449,0.6470029722065217,1.0,0,False,,,,
1766471932.8062878,0.5396557921857046,0.6440702720777286,1.0,0,False,,,,
1766471932.965308,0.5391094069057121,0.6463060176998806,1.0,0,False,,,,
1766471932.969523,0.5391094069057121,0.6463060176998806,1.0,0,False,,,,
1766471932.974429,0.5391094069057121,0.6463060176998806,1.0,0,False,,,,
1766471932.9778109,0.5391094069057121,0.6463060176998806,1.0,0,False,,,,
1766471932.980242,0.5294697173040447,0.6367981191973893,1.0,0,False,,,,
1766471933.169527,0.5315329973045975,0.632864751229297,1.0,0,False,,,,
1766471933.17591,0.5315329973045975,0.632864751229297,1.0,0,False,,,,
1766471933.1806011,0.5315329973045975,0.632864751229297,1.0,0,False,,,,
1766471933.183605,0.5335121104723156,0.6379522146101472,1.0,0,False,,,,
1766471933.1863391,0.5311353084136526,0.6670491769043814,1.0,0,False,,,,
1766471933.358861,0.5311353084136526,0.6670491769043814,1.0,0,False,,,,
1766471933.362805,0.5311353084136526,0.6670491769043814,1.0,0,False,,,,
1766471933.3651211,0.5311353084136526,0.6670491769043814,1.0,0,False,,,,
1766471933.369479,0.5316548134033898,0.6675388453855391,1.0,0,False,,,,
1766471933.371966,0.5596795311295576,0.6995679082566024,1.0,0,False,,,,
1766471933.526186,0.5596795311295576,0.6995679082566024,1.0,0,False,,,,
1766471933.530967,0.5596795311295576,0.6995679082566024,1.0,0,False,,,,
1766471933.533431,0.5596795311295576,0.6995679082566024,1.0,0,False,,,,
1766471933.536169,0.57048364135749,0.6659697878701937,1.0,0,False,,,,
1766471933.539645,0.5693617393174667,0.6405844055350847,1.0,0,False,,,,
1766471933.730894,0.5693617393174667,0.6405844055350847,1.0,0,False,,,,
1766471933.735434,0.5692519491469306,0.641050115205153,1.0,0,False,,,,
1766471933.7384572,0.5688124280794069,0.6396744581919006,1.0,0,False,,,,
1766471933.7414122,0.5688124280794069,0.6396744581919006,1.0,0,False,,,,
1766471933.746309,0.592732775976603,0.46998831665435814,0.8821287703514099,0,False,,,,
1766471933.924045,0.6172759398948181,0.374765356963885,0.9301228773593903,0,False,,,,
1766471933.928896,0.6172759398948181,0.374765356963885,0.9301228773593903,0,False,,,,
1766471933.931663,0.6172759398948181,0.374765356963885,0.9301228773593903,0,False,,,,
1766471933.934158,0.6172759398948181,0.374765356963885,0.9301228773593903,0,False,,,,
1766471933.937293,0.5077873679461209,0.5804958965430024,0.9936061799526215,0,False,,,,
1766471934.109344,0.5077873679461209,0.5804958965430024,0.9936061799526215,0,False,,,,
1766471934.113954,0.5077873679461209,0.5804958965430024,0.9936061799526215,0,False,,,,
1766471934.1165388,0.5077873679461209,0.5804958965430024,0.9936061799526215,0,False,,,,
1766471934.119188,0.5072234296599849,0.5800164650848365,1.0,0,False,,,,
1766471934.121681,0.5147941861046281,0.6278112977749585,1.0,0,False,,,,
1766471934.3345962,0.5147941861046281,0.6278112977749585,1.0,0,False,,,,
1766471934.339572,0.5130683200300024,0.6276106587886454,1.0,0,False,,,,
1766471934.3442261,0.5133116743481996,0.6292793166828745,1.0,0,False,,,,
1766471934.348572,0.5133116743481996,0.6292793166828745,1.0,0,False,,,,
1766471934.3513112,0.5150029320716694,0.6378406655662936,1.0,0,False,,,,
1766471934.538048,0.5150029320716694,0.6378406655662936,1.0,0,False,,,,
1766471934.5426922,0.5131315142536247,0.6364129794245009,1.0,0,False,,,,
1766471934.545414,0.5131315142536247,0.6364129794245009,1.0,0,False,,,,
1766471934.5496352,0.5131315142536247,0.6364129794245009,1.0,0,False,,,,
1766471934.552364,0.5095084798662438,0.6206876828587387,1.0,0,False,,,,
1766471934.698706,0.5095084798662438,0.6206876828587387,1.0,0,False,,,,
1766471934.7027059,0.5095084798662438,0.6206876828587387,1.0,0,False,,,,
1766471934.7053702,0.5095084798662438,0.6206876828587387,1.0,0,False,,,,
1766471934.708199,0.5111094194367021,0.622980555925382,1.0,0,False,,,,
1766471934.713453,0.6889295726558031,0.9335444098671236,0.5217347415818404,0,False,,,,
1766471934.947395,0.2839475121904863,0.9205196537481211,0.24932067385770285,0,False,,,,
1766471934.95276,0.2839475121904863,0.9205196537481211,0.24932067385770285,0,False,,,,
1766471934.9570901,0.2839475121904863,0.9205196537481211,0.24932067385770285,0,False,,,,
1766471934.960608,0.5923456861501362,0.4994632048243228,0.5962982885347621,0,False,,,,
1766471934.962881,0.53242026781262,0.6082557814390146,1.0,0,False,,,,
1766471935.153162,0.53242026781262,0.6082557814390146,1.0,0,False,,,,
1766471935.157546,0.53242026781262,0.6082557814390146,1.0,0,False,,,,
1766471935.160335,0.5182343794438966,0.6108912846546721,1.0,0,False,,,,
1766471935.1629262,0.5182343794438966,0.6108912846546721,1.0,0,False,,,,
1766471935.165175,0.5167518621494525,0.6217946384582494,1.0,0,False,,,,
1766471935.34846,0.5161873161895799,0.6251695409497243,1.0,0,False,,,,
1766471935.352621,0.5161873161895799,0.6251695409497243,1.0,0,False,,,,
1766471935.354953,0.5161873161895799,0.6251695409497243,1.0,0,False,,,,
1766471935.357174,0.5161873161895799,0.6251695409497243,1.0,0,False,,,,
1766471935.360162,0.5267205395097416,0.6492709308736008,1.0,0,False,,,,
1766471935.57969,0.5264420420020927,0.6503194299495167,1.0,0,False,,,,
1766471935.600357,0.524402584230736,0.648970036900169,1.0,0,False,,,,
1766471935.6059892,0.524402584230736,0.648970036900169,1.0,0,False,,,,
1766471935.60869,0.524402584230736,0.648970036900169,1.0,0,False,,,,
1766471935.611277,0.523170173017337,0.6361145575503444,1.0,0,False,,,,
1766471935.7651572,0.5244606599244659,0.6351782284552089,1.0,0,False,,,,
1766471935.771405,0.5244606599244659,0.6351782284552089,1.0,0,False,,,,
1766471935.776883,0.5244606599244659,0.6351782284552089,1.0,0,False,,,,
1766471935.781455,0.5242028737491379,0.6324728264515491,1.0,0,False,,,,
1766471935.7841191,0.5181194734489073,0.6175978607953005,1.0,0,False,,,,
1766471935.939978,0.5181194734489073,0.6175978607953005,1.0,0,False,,,,
1766471935.9452999,0.5181194734489073,0.6175978607953005,1.0,0,False,,,,
1766471935.948277,0.5196869883153222,0.6142710965253265,1.0,0,False,,,,
1766471935.951036,0.5196869883153222,0.6142710965253265,1.0,0,False,,,,
1766471935.9535842,0.5203178721546133,0.6232953205902012,1.0,0,False,,,,
1766471936.140873,0.5203178721546133,0.6232953205902012,1.0,0,False,,,,
1766471936.145365,0.5203178721546133,0.6232953205902012,1.0,0,False,,,,
1766471936.14814,0.5200648722763986,0.6214977576754879,1.0,0,False,,,,
1766471936.1509209,0.5200648722763986,0.6214977576754879,1.0,0,False,,,,
1766471936.153754,0.5014611183410402,0.7463463365607832,0.5492485650560314,0,False,,,,
1766471936.615794,0.5014611183410402,0.7463463365607832,0.5492485650560314,0,False,,,,
1766471936.623531,0.2207880069028998,0.5588018856305771,0.99,0,False,,,,
1766471936.627049,0.2207880069028998,0.5588018856305771,0.99,0,False,,,,
1766471936.632368,0.2207880069028998,0.5588018856305771,0.99,0,False,,,,
1766471936.635436,0.4611912964655878,0.9061419500797746,1.0,0,False,,,,
1766471936.849209,0.4611912964655878,0.9061419500797746,1.0,0,False,,,,
1766471936.856161,0.4744404157255306,0.8978781983055203,0.9826162755489349,0,False,,,,
1766471936.8625212,0.4744404157255306,0.8978781983055203,0.9826162755489349,0,False,,,,
1766471936.865494,0.4744404157255306,0.8978781983055203,0.9826162755489349,0,False,,,,
1766471936.868496,0.6080690454014729,0.8278068337592323,0.9464834332466125,0,False,,,,
1766471937.073588,0.6111232164091851,0.8267472006458743,0.9548670947551727,0,False,,,,
1766471937.0801501,0.6111232164091851,0.8267472006458743,0.9548670947551727,0,False,,,,
1766471937.084998,0.6111232164091851,0.8267472006458743,0.9548670947551727,0,False,,,,
1766471937.08835,0.6175967270471527,0.8248386999190059,0.9824270308017731,0,False,,,,
1766471937.091122,0.6261175539604775,0.7803137456160616,1.0,0,False,,,,
1766471937.251559,0.6261175539604775,0.7803137456160616,1.0,0,False,,,,
1766471937.257675,0.6262601887654032,0.7781956316166145,1.0,0,False,,,,
1766471937.260692,0.6262601887654032,0.7781956316166145,1.0,0,False,,,,
1766471937.2658691,0.6262601887654032,0.7781956316166145,1.0,0,False,,,,
1766471937.268933,0.4954983071136711,1.05897698028948,0.33174003468565,1,False,,,,
1766471937.55885,0.37991629947361566,0.9975586632435358,0.37024538389381373,1,False,,,,
1766471937.5638652,0.37991629947361566,0.9975586632435358,0.37024538389381373,1,False,,,,
1766471937.568332,0.37991629947361566,0.9975586632435358,0.37024538389381373,1,False,,,,
1766471937.571887,0.8897433121543961,0.8168006060060701,0.1886304426934284,1,False,,,,
1766471937.577099,0.7082666636452857,0.6609635120542366,0.878028929233551,1,False,,,,
1766471937.8632069,0.7082666636452857,0.6609635120542366,0.878028929233551,1,False,,,,
1766471937.868313,0.7082666636452857,0.6609635120542366,0.878028929233551,1,False,,,,
1766471937.871443,0.7082666636452857,0.6609635120542366,0.878028929233551,1,False,,,,
1766471937.873794,0.7082666636452857,0.6609635120542366,0.878028929233551,1,False,,,,
1766471937.876896,0.7441892840568525,0.8552490650607998,0.16173697909484125,1,False,,,,
1766471938.1495621,0.7441892840568525,0.8552490650607998,0.16173697909484125,1,False,,,,
1766471938.1564622,0.7441892840568525,0.8552490650607998,0.16173697909484125,1,False,,,,
1766471938.159211,0.6094809372744818,0.7932184836662761,0.1543826133629556,1,False,,,,
1766471938.1621099,0.6094809372744818,0.7932184836662761,0.1543826133629556,1,False,,,,
1766471938.165709,0.856054468519905,0.5598569046498173,0.4402601214917318,1,False,,,,
1766471938.496628,0.6655952448418543,0.6172608600135001,0.8596127331256866,1,False,,,,
1766471938.501119,0.6655952448418543,0.6172608600135001,0.8596127331256866,1,False,,,,
1766471938.506237,0.6655952448418543,0.6172608600135001,0.8596127331256866,1,False,,,,
1766471938.509737,0.6655952448418543,0.6172608600135001,0.8596127331256866,1,False,,,,
1766471938.512269,0.6373460547938464,0.6843179555571799,0.9031912088394165,1,False,,,,
1766471938.771924,0.6373460547938464,0.6843179555571799,0.9031912088394165,1,False,,,,
1766471938.776711,0.6373460547938464,0.6843179555571799,0.9031912088394165,1,False,,,,
1766471938.780163,0.6343420338950445,0.6946136387642512,0.888283908367157,1,False,,,,
1766471938.783092,0.6343420338950445,0.6946136387642512,0.888283908367157,1,False,,,,
1766471938.785277,0.660710085484285,0.6651992046408427,0.8764747381210327,1,False,,,,
1766471938.997264,0.6625865296065381,0.6598136741123137,0.9096493721008301,1,False,,,,
1766471939.0020711,0.6625865296065381,0.6598136741123137,0.9096493721008301,1,False,,,,
1766471939.00794,0.6625865296065381,0.6598136741123137,0.9096493721008301,1,False,,,,
1766471939.01211,0.6625865296065381,0.6598136741123137,0.9096493721008301,1,False,,,,
1766471939.0145228,0.8869596663622141,0.4610558378621148,0.3806737858837376,1,False,,,,
1766471939.239033,0.8869596663622141,0.4610558378621148,0.3806737858837376,1,False,,,,
1766471939.244282,0.8869596663622141,0.4610558378621148,0.3806737858837376,1,False,,,,
1766471939.247246,0.5435516224558349,0.7434023067777347,1.0,1,False,,,,
1766471939.250205,0.5140345340182122,0.7238230827643964,1.0,1,False,,,,
1766471939.253147,0.5000556166636196,0.9501029293339565,0.1238320374730501,0,False,,,,
1766471939.439599,0.5000556166636196,0.9501029293339565,0.1238320374730501,0,False,,,,
1766471939.4441211,0.5000556166636196,0.9501029293339565,0.1238320374730501,0,False,,,,
1766471939.447448,0.47935884213531377,0.9577388604032468,0.12579593238399514,0,False,,,,
1766471939.4503329,0.47935884213531377,0.9577388604032468,0.12579593238399514,0,False,,,,
1766471939.452949,0.7442340966672927,0.49279626531119347,0.8549079895019531,0,False,,,,
1766471939.790438,0.7442340966672927,0.49279626531119347,0.8549079895019531,0,False,,,,
1766471939.7949162,0.7442340966672927,0.49279626531119347,0.8549079895019531,0,False,,,,
1766471939.797759,0.7442340966672927,0.49279626531119347,0.8549079895019531,0,False,,,,
1766471939.800334,0.7439621447063449,0.4925351334683423,0.8611321747303009,0,False,,,,
1766471939.8027499,0.7203444767728258,0.5093217339854672,0.8817318081855774,0,False,,,,
1766471939.978566,0.7203444767728258,0.5093217339854672,0.8817318081855774,0,False,,,,
1766471939.983613,0.7196977045406113,0.5091037233312555,0.8719362318515778,0,False,,,,
1766471939.986743,0.7196977045406113,0.5091037233312555,0.8719362318515778,0,False,,,,
1766471939.989226,0.7196977045406113,0.5091037233312555,0.8719362318515778,0,False,,,,
1766471939.9934661,0.6703629392644026,0.5865198852050943,0.8566338121891022,0,False,,,,
1766471940.1766841,0.6690011263937367,0.5873753505352215,0.8858544826507568,0,False,,,,
1766471940.182137,0.6690011263937367,0.5873753505352215,0.8858544826507568,0,False,,,,
1766471940.187115,0.6685182151181156,0.5875887812215822,0.8545270562171936,0,False,,,,
1766471940.1898391,0.6678378441493458,0.5870670381086336,0.8846032619476318,0,False,,,,
1766471940.1921978,0.5573584928499368,0.7945930896873249,0.9047567248344421,0,False,,,,
1766471940.384178,0.5573584928499368,0.7945930896873249,0.9047567248344421,0,False,,,,
1766471940.389629,0.5541020812973934,0.7951239971175659,0.9686141610145569,0,False,,,,
1766471940.392888,0.5541020812973934,0.7951239971175659,0.9686141610145569,0,False,,,,
1766471940.397614,0.5541020812973934,0.7951239971175659,0.9686141610145569,0,False,,,,
1766471940.4000971,0.5447502233514495,0.8129886418439706,0.9154810905456543,0,False,,,,
1766471940.57473,0.5431306190036957,0.8127659316270881,0.8966440558433533,0,False,,,,
1766471940.5793579,0.5431306190036957,0.8127659316270881,0.8966440558433533,0,False,,,,
1766471940.5838661,0.5431306190036957,0.8127659316270881,0.8966440558433533,0,False,,,,
1766471940.586551,0.5431306190036957,0.8127659316270881,0.8966440558433533,0,False,,,,
1766471940.5911648,0.539891414414321,0.8138272862281891,0.9278281629085541,0,False,,,,
1766471940.791562,0.5396716391932012,0.8161328648870275,0.943713515996933,0,False,,,,
1766471940.796248,0.5408518351163611,0.8176337181235352,0.9472372829914093,0,False,,,,
1766471940.800488,0.5408518351163611,0.8176337181235352,0.9472372829914093,0,False,,,,
1766471940.8054059,0.5408518351163611,0.8176337181235352,0.9472372829914093,0,False,,,,
1766471940.8083751,0.5421675573699889,0.8338244685821908,0.9620133936405182,0,False,,,,
1766471940.9678972,0.5421675573699889,0.8338244685821908,0.9620133936405182,0,False,,,,
1766471940.972623,0.5421675573699889,0.8338244685821908,0.9620133936405182,0,False,,,,
1766471940.975282,0.5397869678230895,0.8204081093448697,0.8917912840843201,0,False,,,,
1766471940.977977,0.5414955574273671,0.817730955332611,0.9303976893424988,0,False,,,,
1766471940.9806452,0.4834489585417634,0.24455559826242212,0.1016853989827516,0,False,,,,
1766471941.13788,0.4834489585417634,0.24455559826242212,0.1016853989827516,0,False,,,,
1766471941.141794,0.8507428706822537,0.017312217703810306,0.2735642635679811,0,False,,,,
1766471941.1442602,0.8507428706822537,0.017312217703810306,0.2735642635679811,0,False,,,,
1766471941.1482399,0.8507428706822537,0.017312217703810306,0.2735642635679811,0,False,,,,
1766471941.1504772,0.5677606696038657,0.38910986221644817,1.0,1,False,,,,
1766471941.4826188,0.5677606696038657,0.38910986221644817,1.0,1,False,,,,
1766471941.491422,0.5707296691417734,0.38219236895838515,1.0,1,False,,,,
1766471941.494327,0.5707296691417734,0.38219236895838515,1.0,1,False,,,,
1766471941.496754,0.5707296691417734,0.38219236895838515,1.0,1,False,,,,
1766471941.5019,0.659629987538831,0.22813863551121694,1.0,1,False,,,,
1766471941.749822,0.659629987538831,0.22813863551121694,1.0,1,False,,,,
1766471941.756613,0.659629987538831,0.22813863551121694,1.0,1,False,,,,
1766471941.759469,0.6594914227196342,0.22268608486427643,1.0,1,False,,,,
1766471941.764502,0.6594914227196342,0.22268608486427643,1.0,1,False,,,,
1766471941.769969,0.6350311802129381,0.263384016028926,1.0,1,False,,,,
1766471942.1449332,0.6350311802129381,0.263384016028926,1.0,1,False,,,,
1766471942.151053,0.6235725883079761,0.3105500291457486,0.995,1,False,,,,
1766471942.154433,0.6235725883079761,0.3105500291457486,0.995,1,False,,,,
1766471942.159384,0.6235725883079761,0.3105500291457486,0.995,1,False,,,,
1766471942.163075,0.5980420438476222,0.2430654342089551,1.0,1,False,,,,
1766471942.456665,0.5980420438476222,0.2430654342089551,1.0,1,False,,,,
1766471942.462234,0.5980420438476222,0.2430654342089551,1.0,1,False,,,,
1766471942.4651468,0.6005372309111456,0.23857027972644773,1.0,1,False,,,,
1766471942.468363,0.6005372309111456,0.23857027972644773,1.0,1,False,,,,
1766471942.474248,0.5773980469160752,0.26031156310504755,1.0,1,False,,,,
1766471942.689276,0.5756805748229434,0.25981866328850556,1.0,1,False,,,,
1766471942.6950881,0.5756805748229434,0.25981866328850556,1.0,1,False,,,,
1766471942.698242,0.5756805748229434,0.25981866328850556,1.0,1,False,,,,
1766471942.701109,0.5638773802432032,0.2501990570604491,1.0,1,False,,,,
1766471942.703937,0.48540558850106585,0.44143138121321246,0.2638821403971249,1,False,,,,
1766471942.9307919,0.48540558850106585,0.44143138121321246,0.2638821403971249,1,False,,,,
1766471942.936275,0.32560254033922076,0.4037096579490228,0.23236464117896447,1,False,,,,
1766471942.939852,0.32560254033922076,0.4037096579490228,0.23236464117896447,1,False,,,,
1766471942.945565,0.32560254033922076,0.4037096579490228,0.23236464117896447,1,False,,,,
1766471942.948582,0.6099497560397589,0.18781025279326058,0.9306324422359467,1,False,,,,
1766471943.160768,0.6099497560397589,0.18781025279326058,0.9306324422359467,1,False,,,,
1766471943.165965,0.6099497560397589,0.18781025279326058,0.9306324422359467,1,False,,,,
1766471943.1707578,0.6009548529558173,0.1900055285468396,0.875232607126236,1,False,,,,
1766471943.173405,0.6009548529558173,0.1900055285468396,0.875232607126236,1,False,,,,
1766471943.1799722,0.5788145428812383,0.18905354635186356,0.9679945409297943,2,False,,,,
1766471943.544443,0.5788145428812383,0.18905354635186356,0.9679945409297943,2,False,,,,
1766471943.549836,0.5788145428812383,0.18905354635186356,0.9679945409297943,2,False,,,,
1766471943.5523891,0.5788145428812383,0.18905354635186356,0.9679945409297943,2,False,,,,
1766471943.5547678,0.5788145428812383,0.18905354635186356,0.9679945409297943,2,False,,,,
1766471943.5587049,0.5704666607905609,0.2580414255343946,1.0,2,False,,,,
1766471943.948233,0.5704666607905609,0.2580414255343946,1.0,2,False,,,,
1766471943.954018,0.5704666607905609,0.2580414255343946,1.0,2,False,,,,
1766471943.957141,0.5700787431498628,0.2574905997319623,1.0,2,False,,,,
1766471943.9596338,0.5700787431498628,0.2574905997319623,1.0,2,False,,,,
1766471943.964606,0.341655246367165,0.09422903479461087,0.99,2,False,,,,
1766471944.279007,0.5557921018833822,0.2144994790511383,0.8,2,False,,,,
1766471944.2846222,0.5557921018833822,0.2144994790511383,0.8,2,False,,,,
1766471944.289442,0.5557921018833822,0.2144994790511383,0.8,2,False,,,,
1766471944.29262,0.5689147993435097,0.209658999056621,0.8,2,False,,,,
1766471944.29637,0.5973559955046875,0.29529984670518394,1.0,2,False,,,,
1766471944.70574,0.5973559955046875,0.29529984670518394,1.0,2,False,,,,
1766471944.71153,0.5977205427711583,0.29475271618041465,1.0,2,False,,,,
1766471944.714762,0.5977205427711583,0.29475271618041465,1.0,2,False,,,,
1766471944.717341,0.5977205427711583,0.29475271618041465,1.0,2,False,,,,
1766471944.722282,0.6731990224615065,0.2309674000742442,1.0,2,False,,,,
1766471945.0711539,0.6731990224615065,0.2309674000742442,1.0,2,False,,,,
1766471945.076777,0.6731990224615065,0.2309674000742442,1.0,2,False,,,,
1766471945.079914,0.6376021906739822,0.27685797116948274,0.998859167098999,2,False,,,,
1766471945.083091,0.6376021906739822,0.27685797116948274,0.998859167098999,2,False,,,,
1766471945.086077,0.6169734646944273,0.2981662828120637,1.0,2,False,,,,
1766471945.452941,0.6172391755026692,0.29689313837124254,1.0,2,False,,,,
1766471945.4590569,0.6172391755026692,0.29689313837124254,1.0,2,False,,,,
1766471945.4622872,0.6172391755026692,0.29689313837124254,1.0,2,False,,,,
1766471945.465302,0.6171848111803178,0.2968571491853894,1.0,2,False,,,,
1766471945.467927,0.6127413270130424,0.2934659491357784,1.0,2,False,,,,
1766471945.72678,0.6127413270130424,0.2934659491357784,1.0,2,False,,,,
1766471945.732484,0.6122364404570447,0.2942083262085411,1.0,2,False,,,,
1766471945.735382,0.6122364404570447,0.2942083262085411,1.0,2,False,,,,
1766471945.7402089,0.6122364404570447,0.2942083262085411,1.0,2,False,,,,
1766471945.742518,0.5487452290960356,0.27177016607030047,0.995,1,False,,,,
1766471946.111008,0.5487452290960356,0.27177016607030047,0.995,1,False,,,,
1766471946.1175292,0.5487452290960356,0.27177016607030047,0.995,1,False,,,,
1766471946.1211698,0.550393637775932,0.2807144134604437,1.0,1,False,,,,
1766471946.124298,0.550393637775932,0.2807144134604437,1.0,1,False,,,,
1766471946.127027,0.5678148091082108,0.47014405446508123,1.0,1,False,,,,
1766471946.358329,0.5678148091082108,0.47014405446508123,1.0,1,False,,,,
1766471946.3641338,0.5678148091082108,0.47014405446508123,1.0,1,False,,,,
1766471946.3668108,0.5682090956107033,0.4729542987422509,1.0,1,False,,,,
1766471946.369259,0.5676668353582781,0.4752058127387522,1.0,1,False,,,,
1766471946.373664,0.6109082895596897,0.49692789494338174,1.0,1,False,,,,
1766471946.6823602,0.6109082895596897,0.49692789494338174,1.0,1,False,,,,
1766471946.688875,0.609947462604481,0.4967059428470023,1.0,1,False,,,,
1766471946.692493,0.609947462604481,0.4967059428470023,1.0,1,False,,,,
1766471946.698783,0.609947462604481,0.4967059428470023,1.0,1,False,,,,
1766471946.701868,0.5535902757382918,0.5287281947352331,1.0,1,False,,,,
1766471947.060684,0.5535902757382918,0.5287281947352331,1.0,1,False,,,,
1766471947.066289,0.5535902757382918,0.5287281947352331,1.0,1,False,,,,
1766471947.0690508,0.5535902757382918,0.5287281947352331,1.0,1,False,,,,
1766471947.073173,0.5544901525715491,0.5384456069224246,1.0,1,False,,,,
1766471947.077041,0.544551268840412,0.6452010195844665,0.9897828996181488,1,True,0.5083590745925903,0.6547122597694397,0.07528839260339737,0.15044929087162018
1766471947.343765,0.5436674975138275,0.6484983686910542,1.0,1,True,0.5083590745925903,0.6547122597694397,0.07528839260339737,0.15044929087162018
1766471947.350048,0.5436674975138275,0.6484983686910542,1.0,1,True,0.5083590745925903,0.6547122597694397,0.07528839260339737,0.15044929087162018
1766471947.35468,0.5436674975138275,0.6484983686910542,1.0,1,True,0.5083590745925903,0.6547122597694397,0.07528839260339737,0.15044929087162018
1766471947.357159,0.5436674975138275,0.6484983686910542,1.0,1,True,0.5083590745925903,0.6547122597694397,0.07528839260339737,0.15044929087162018
1766471947.3606951,0.5549779663967576,0.6415319631107075,1.0,1,False,,,,
1766471947.6149702,0.5549779663967576,0.6415319631107075,1.0,1,False,,,,
1766471947.622249,0.5549779663967576,0.6415319631107075,1.0,1,False,,,,
1766471947.625325,0.5549779663967576,0.6415319631107075,1.0,1,False,,,,
1766471947.628391,0.5540513837298267,0.6347441739667509,1.0,1,False,,,,
1766471947.631501,0.5851664585119518,0.5647476944703936,1.0,1,False,,,,
1766471948.338016,0.5851664585119518,0.5647476944703936,1.0,1,False,,,,
1766471948.343978,0.5851664585119518,0.5647476944703936,1.0,1,False,,,,
1766471948.347392,0.5859524715368969,0.5650077146801582,1.0,1,False,,,,
1766471948.350529,0.5869077841714345,0.5636927002580789,1.0,1,False,,,,
1766471948.355256,0.5586017860479922,0.5061687939514831,1.0,1,False,,,,
1766471948.599334,0.5568067740815867,0.509077572955981,1.0,1,False,,,,
1766471948.605419,0.5573360501305279,0.5095439509546282,1.0,1,False,,,,
1766471948.611844,0.5573360501305279,0.5095439509546282,1.0,1,False,,,,
1766471948.614927,0.5580132307879744,0.508956522627832,1.0,1,False,,,,
1766471948.617883,0.57705113917125,0.5118827653980192,1.0,1,False,,,,
1766471948.908982,0.57705113917125,0.5118827653980192,1.0,1,False,,,,
1766471948.914974,0.5763515344144425,0.505507758491921,1.0,1,False,,,,
1766471948.9180028,0.5767759652303541,0.5030828847738913,1.0,1,False,,,,
1766471948.92078,0.5767759652303541,0.5030828847738913,1.0,1,False,,,,
1766471948.926008,0.609237537251387,0.48993909590699813,1.0,2,False,,,,
1766471949.249899,0.609237537251387,0.48993909590699813,1.0,2,False,,,,
1766471949.254647,0.6098179479463971,0.4889672411943836,1.0,2,False,,,,
1766471949.257259,0.6098179479463971,0.4889672411943836,1.0,2,False,,,,
1766471949.262562,0.6098179479463971,0.4889672411943836,1.0,2,False,,,,
1766471949.265536,0.5682033250711382,0.4655398861783451,1.0,1,False,,,,
1766471949.4864051,0.5685455473063429,0.46567860842110864,1.0,1,False,,,,
1766471949.492633,0.5689803728260758,0.4649372229716704,1.0,1,False,,,,
1766471949.499416,0.5689803728260758,0.4649372229716704,1.0,1,False,,,,
1766471949.502442,0.5692789304937256,0.4650065219925261,1.0,1,False,,,,
1766471949.505274,0.5681991323449633,0.4610401444005572,1.0,2,False,,,,
1766471949.835205,0.5696414381450265,0.4615465532762417,1.0,2,False,,,,
1766471949.840702,0.5695097212467929,0.46128681157030726,1.0,2,False,,,,
1766471949.845759,0.5695097212467929,0.46128681157030726,1.0,2,False,,,,
1766471949.850283,0.5695097212467929,0.46128681157030726,1.0,2,False,,,,
1766471949.852726,0.5924879210048929,0.46048665837466574,1.0,1,False,,,,
1766471950.145323,0.5924879210048929,0.46048665837466574,1.0,1,False,,,,
1766471950.150742,0.5924879210048929,0.46048665837466574,1.0,1,False,,,,
1766471950.153734,0.5924879210048929,0.46048665837466574,1.0,1,False,,,,
1766471950.15649,0.5927034205350621,0.4609778833783773,1.0,1,False,,,,
1766471950.160463,0.5713450254503433,0.467997359076742,1.0,2,False,,,,
1766471950.5348501,0.5713450254503433,0.467997359076742,1.0,2,False,,,,
1766471950.5406148,0.5721299860934302,0.46776390408152135,1.0,2,False,,,,
1766471950.543508,0.5721299860934302,0.46776390408152135,1.0,2,False,,,,
1766471950.547095,0.5721299860934302,0.46776390408152135,1.0,2,False,,,,
1766471950.552969,0.5885895404232637,0.4682018441657364,1.0,2,False,,,,
1766471950.953046,0.5885895404232637,0.4682018441657364,1.0,2,False,,,,
1766471950.958836,0.5877136303846053,0.46696194256729595,1.0,2,False,,,,
1766471950.961558,0.5875972449429835,0.46699241605096775,1.0,2,False,,,,
1766471950.964166,0.5875972449429835,0.46699241605096775,1.0,2,False,,,,
1766471950.969878,0.5670717299032091,0.43771377616935014,1.0,2,False,,,,
1766471951.317365,0.5670717299032091,0.43771377616935014,1.0,2,False,,,,
1766471951.323112,0.5670717299032091,0.43771377616935014,1.0,2,False,,,,
1766471951.326137,0.5670717299032091,0.43771377616935014,1.0,2,False,,,,
1766471951.329292,0.5667786781892443,0.43581368009546595,1.0,2,False,,,,
1766471951.33225,0.6031590612866572,0.44402532825695995,1.0,2,False,,,,
1766471951.603999,0.6031590612866572,0.44402532825695995,1.0,2,False,,,,
1766471951.6098719,0.6031590612866572,0.44402532825695995,1.0,2,False,,,,
1766471951.6146061,0.6044375411444224,0.4437042966708036,1.0,2,False,,,,
1766471951.6172318,0.6044375411444224,0.4437042966708036,1.0,2,False,,,,
1766471951.622705,0.5653697056824691,0.4305045248027314,1.0,1,False,,,,
1766471951.849789,0.5665398374636323,0.42855280812632346,1.0,1,False,,,,
1766471951.855365,0.5665398374636323,0.42855280812632346,1.0,1,False,,,,
1766471951.860939,0.5665398374636323,0.42855280812632346,1.0,1,False,,,,
1766471951.865066,0.5679966483233134,0.42815345485791556,1.0,1,False,,,,
1766471951.867539,0.5426504460673799,0.42974981770376386,1.0,1,False,,,,
1766471952.178422,0.5426504460673799,0.42974981770376386,1.0,1,False,,,,
1766471952.183792,0.5422724978235,0.4311063784655912,1.0,1,False,,,,
1766471952.186751,0.5422724978235,0.4311063784655912,1.0,1,False,,,,
1766471952.189632,0.5422724978235,0.4311063784655912,1.0,1,False,,,,
1766471952.196002,0.5700907662538438,0.4327130926248922,1.0,2,False,,,,
1766471952.489922,0.5700907662538438,0.4327130926248922,1.0,2,False,,,,
1766471952.4966311,0.5700907662538438,0.4327130926248922,1.0,2,False,,,,
1766471952.500541,0.56588756173927,0.43261894894982256,1.0,2,False,,,,
1766471952.5031722,0.56588756173927,0.43261894894982256,1.0,2,False,,,,
1766471952.50607,0.5841157476644423,0.476502408562558,1.0,2,False,,,,
1766471952.8985338,0.5841157476644423,0.476502408562558,1.0,2,False,,,,
1766471952.9043121,0.6023318210067677,0.4787071613045133,1.0,2,False,,,,
1766471952.9072719,0.6023318210067677,0.4787071613045133,1.0,2,False,,,,
1766471952.91063,0.6023318210067677,0.4787071613045133,1.0,2,False,,,,
1766471952.91662,0.6170071610438519,0.47903571404836065,1.0,1,False,,,,
1766471953.267072,0.6170071610438519,0.47903571404836065,1.0,1,False,,,,
1766471953.271709,0.6170760910440773,0.4784846220960921,1.0,1,False,,,,
1766471953.274855,0.6170760910440773,0.4784846220960921,1.0,1,False,,,,
1766471953.277301,0.6170760910440773,0.4784846220960921,1.0,1,False,,,,
1766471953.2825449,0.6042190267703613,0.4483830452748818,1.0,2,False,,,,
1766471953.6514492,0.6042190267703613,0.4483830452748818,1.0,2,False,,,,
1766471953.657015,0.6042190267703613,0.4483830452748818,1.0,2,False,,,,
1766471953.660267,0.6027474866168325,0.44756560609730844,1.0,2,False,,,,
1766471953.663779,0.6027474866168325,0.44756560609730844,1.0,2,False,,,,
1766471953.666673,0.5757285037994702,0.4272781333957919,1.0,2,False,,,,
1766471954.029261,0.5756185235775726,0.4277715262211248,1.0,2,False,,,,
1766471954.034695,0.5756185235775726,0.4277715262211248,1.0,2,False,,,,
1766471954.04102,0.5756185235775726,0.4277715262211248,1.0,2,False,,,,
1766471954.046572,0.5774837093359749,0.42843426492057046,1.0,2,False,,,,
1766471954.049248,0.5540569126242801,0.4109885076427975,1.0,2,False,,,,
1766471954.433172,0.5531411252425931,0.4116691930807309,1.0,2,False,,,,
1766471954.438654,0.5531411252425931,0.4116691930807309,1.0,2,False,,,,
1766471954.4416692,0.5531411252425931,0.4116691930807309,1.0,2,False,,,,
1766471954.444562,0.553443759177699,0.41047973766943513,1.0,2,False,,,,
1766471954.44752,0.5678737482998509,0.4190847829121068,1.0,2,False,,,,
1766471954.7251709,0.5678737482998509,0.4190847829121068,1.0,2,False,,,,
1766471954.730485,0.5772771877642173,0.4189910380866597,1.0,2,False,,,,
1766471954.7340229,0.6078457096538614,0.43336314072639426,0.995,2,False,,,,
1766471954.73757,0.6078457096538614,0.43336314072639426,0.995,2,False,,,,
1766471954.743655,0.6201409357163719,0.43118531804147664,1.0,2,False,,,,
1766471955.016489,0.6192145333472968,0.4301690711926224,1.0,2,False,,,,
1766471955.022759,0.6192145333472968,0.4301690711926224,1.0,2,False,,,,
1766471955.027827,0.6192145333472968,0.4301690711926224,1.0,2,False,,,,
1766471955.030571,0.6188590487313699,0.43012705315654454,1.0,2,False,,,,
1766471955.03316,0.5477097247593969,0.40635772901266,1.0,2,False,,,,
1766471955.3416262,0.5477097247593969,0.40635772901266,1.0,2,False,,,,
1766471955.34732,0.5477097247593969,0.40635772901266,1.0,2,False,,,,
1766471955.350511,0.5472812891429187,0.4071447444284926,1.0,2,False,,,,
1766471955.353375,0.5471261434925851,0.4086301866944603,1.0,2,False,,,,
1766471955.3560672,0.6045593470807749,0.43547968281398686,1.0,2,False,,,,
1766471955.7648902,0.6045593470807749,0.43547968281398686,1.0,2,False,,,,
1766471955.770404,0.6074282221164375,0.43740580202916957,1.0,2,False,,,,
1766471955.775949,0.6074282221164375,0.43740580202916957,1.0,2,False,,,,
1766471955.7812638,0.6074282221164375,0.43740580202916957,1.0,2,False,,,,
1766471955.7848089,0.5557134186498911,0.42043697785531764,1.0,2,False,,,,
1766471956.141245,0.5557134186498911,0.42043697785531764,1.0,2,False,,,,
1766471956.146683,0.5557134186498911,0.42043697785531764,1.0,2,False,,,,
1766471956.149311,0.5557134186498911,0.42043697785531764,1.0,2,False,,,,
1766471956.15218,0.5557134186498911,0.42043697785531764,1.0,2,False,,,,
1766471956.1548102,0.6087798026945858,0.4120948789159644,1.0,2,False,,,,
1766471956.544917,0.6087798026945858,0.4120948789159644,1.0,2,False,,,,
1766471956.551323,0.6087798026945858,0.4120948789159644,1.0,2,False,,,,
1766471956.5542731,0.6089628487273707,0.4126057659858491,1.0,2,False,,,,
1766471956.557578,0.6095835512605167,0.4141838602162893,1.0,2,False,,,,
1766471956.5621812,0.5769559568089525,0.3927270659177049,1.0,2,False,,,,
1766471956.934554,0.5769559568089525,0.3927270659177049,1.0,2,False,,,,
1766471956.94007,0.5769559568089525,0.3927270659177049,1.0,2,False,,,,
1766471956.943545,0.5779581548720382,0.39303324478879176,1.0,2,False,,,,
1766471956.946671,0.5779581548720382,0.39303324478879176,1.0,2,False,,,,
1766471956.949334,0.5550761841524816,0.36731273890398874,1.0,2,False,,,,
1766471957.219444,0.5550761841524816,0.36731273890398874,1.0,2,False,,,,
1766471957.225564,0.5550761841524816,0.36731273890398874,1.0,2,False,,,,
1766471957.22861,0.5535223247426809,0.36739389778758225,1.0,2,False,,,,
1766471957.2314281,0.5535223247426809,0.36739389778758225,1.0,2,False,,,,
1766471957.233793,0.5136843588215296,0.9582012748348322,0.3134383410877985,2,False,,,,
1766471957.61137,0.5180298635571883,0.9931610515033453,0.7808206379413605,2,False,,,,
1766471957.616024,0.5180298635571883,0.9931610515033453,0.7808206379413605,2,False,,,,
1766471957.62137,0.5180298635571883,0.9931610515033453,0.7808206379413605,2,False,,,,
1766471957.624514,0.5180298635571883,0.9931610515033453,0.7808206379413605,2,False,,,,
1766471957.628115,0.4580829382019097,0.793033435058257,0.9801179766654968,2,False,,,,
1766471958.018315,0.4603130115678219,0.7865866589194349,0.906893402338028,2,False,,,,
1766471958.026292,0.4603130115678219,0.7865866589194349,0.906893402338028,2,False,,,,
1766471958.032313,0.4596389733705104,0.7831826437571869,0.9517830610275269,2,False,,,,
1766471958.035255,0.4596389733705104,0.7831826437571869,0.9517830610275269,2,False,,,,
1766471958.03772,0.5575536124453062,0.883640666385303,0.9849250614643097,0,False,,,,
1766471958.190138,0.5575536124453062,0.883640666385303,0.9849250614643097,0,False,,,,
1766471958.19677,0.5575536124453062,0.883640666385303,0.9849250614643097,0,False,,,,
1766471958.200066,0.5592212788351445,0.8797593195518337,0.9489088356494904,0,False,,,,
1766471958.204418,0.5592212788351445,0.8797593195518337,0.9489088356494904,0,False,,,,
1766471958.209099,0.5566032572271086,0.8819941578611251,0.9675006866455078,0,False,,,,
1766471958.36765,0.5584494572669898,0.8734338403484383,1.0,0,False,,,,
1766471958.3732522,0.5584494572669898,0.8734338403484383,1.0,0,False,,,,
1766471958.378123,0.5584494572669898,0.8734338403484383,1.0,0,False,,,,
1766471958.380694,0.5584494572669898,0.8734338403484383,1.0,0,False,,,,
1766471958.383069,0.5422474384138701,0.8262673886024626,1.0,0,False,,,,
1766471958.5604239,0.5422474384138701,0.8262673886024626,1.0,0,False,,,,
1766471958.5654368,0.5422474384138701,0.8262673886024626,1.0,0,False,,,,
1766471958.5684109,0.542556480077859,0.8249360226516428,1.0,0,False,,,,
1766471958.570855,0.542556480077859,0.8249360226516428,1.0,0,False,,,,
1766471958.573215,0.459107892771664,0.7083366894108823,1.0,0,False,,,,
1766471958.778859,0.459107892771664,0.7083366894108823,1.0,0,False,,,,
1766471958.785433,0.46071461704101135,0.7042261277429367,1.0,0,False,,,,
1766471958.787957,0.46071461704101135,0.7042261277429367,1.0,0,False,,,,
1766471958.7929442,0.46071461704101135,0.7042261277429367,1.0,0,False,,,,
1766471958.795802,0.4718241059864442,0.5434137261396476,1.0,0,False,,,,
1766471958.9839308,0.4718241059864442,0.5434137261396476,1.0,0,False,,,,
1766471958.99034,0.4716963005838413,0.5306800115704592,1.0,0,False,,,,
1766471958.99473,0.4716963005838413,0.5306800115704592,1.0,0,False,,,,
1766471959.0000918,0.4716963005838413,0.5306800115704592,1.0,0,False,,,,
1766471959.00273,0.4907080245003038,0.5355091379765239,1.0,0,False,,,,
1766471959.19795,0.4907080245003038,0.5355091379765239,1.0,0,False,,,,
1766471959.2021272,0.4902377934927767,0.5355587143758592,1.0,0,False,,,,
1766471959.206208,0.4906633589083431,0.5360170081704436,1.0,0,False,,,,
1766471959.208902,0.4906633589083431,0.5360170081704436,1.0,0,False,,,,
1766471959.214209,0.48110284937025405,0.5324862583858626,1.0,0,False,,,,
1766471959.36383,0.48110284937025405,0.5324862583858626,1.0,0,False,,,,
1766471959.367677,0.48110284937025405,0.5324862583858626,1.0,0,False,,,,
1766471959.369859,0.48110284937025405,0.5324862583858626,1.0,0,False,,,,
1766471959.372261,0.48178218275308904,0.5378084701746206,1.0,0,False,,,,
1766471959.375419,0.504016185468731,0.5372522504909877,1.0,0,False,,,,
1766471959.533752,0.504016185468731,0.5372522504909877,1.0,0,False,,,,
1766471959.538163,0.5038222573498252,0.5360760981648627,1.0,0,False,,,,
1766471959.5409,0.50392316022846,0.5353668294672137,1.0,0,False,,,,
1766471959.543023,0.50392316022846,0.5353668294672137,1.0,0,False,,,,
1766471959.5471601,0.5928769115898336,0.505192950109318,1.0,0,False,,,,
1766471959.7135448,0.5928769115898336,0.505192950109318,1.0,0,False,,,,
1766471959.7189,0.5928769115898336,0.505192950109318,1.0,0,False,,,,
1766471959.721704,0.5928769115898336,0.505192950109318,1.0,0,False,,,,
1766471959.724581,0.5869427137930326,0.5038276349380809,1.0,0,False,,,,
1766471959.727037,0.5460440207202494,0.39756021987975565,1.0,0,False,,,,
1766471959.884902,0.5460440207202494,0.39756021987975565,1.0,0,False,,,,
1766471959.889993,0.5409146294476986,0.3995849519632103,1.0,0,False,,,,
1766471959.892742,0.5398068618273708,0.39778076407822316,1.0,0,False,,,,
1766471959.8951428,0.5398068618273708,0.39778076407822316,1.0,0,False,,,,
1766471959.899263,0.6018080462024762,0.43722722288729365,1.0,0,False,,,,
1766471960.0731788,0.6018080462024762,0.43722722288729365,1.0,0,False,,,,
1766471960.077086,0.6024970937017768,0.44022278015361604,1.0,0,False,,,,
1766471960.079454,0.6024970937017768,0.44022278015361604,1.0,0,False,,,,
1766471960.083715,0.6024970937017768,0.44022278015361604,1.0,0,False,,,,
1766471960.086133,0.5934167632157641,0.4447550512890791,1.0,0,False,,,,
1766471960.253442,0.5934167632157641,0.4447550512890791,1.0,0,False,,,,
1766471960.2571661,0.5934167632157641,0.4447550512890791,1.0,0,False,,,,
1766471960.259926,0.5908818806963698,0.44407908508636407,1.0,0,False,,,,
1766471960.263393,0.5908818806963698,0.44407908508636407,1.0,0,False,,,,
1766471960.265992,0.5976416116531794,0.9537909681204471,1.0,0,False,,,,
1766471960.434536,0.5976416116531794,0.9537909681204471,1.0,0,False,,,,
1766471960.439203,0.5976416116531794,0.9537909681204471,1.0,0,False,,,,
1766471960.441673,0.5976416116531794,0.9537909681204471,1.0,0,False,,,,
1766471960.445645,0.5977311752330724,0.9446961025317087,1.0,0,False,,,,
1766471960.4481611,0.542970069745798,0.9189712990893826,1.0,0,False,,,,
1766471960.62027,0.542970069745798,0.9189712990893826,1.0,0,False,,,,
1766471960.625377,0.542970069745798,0.9189712990893826,1.0,0,False,,,,
1766471960.6278021,0.5412157339155648,0.9064698272007601,1.0,0,False,,,,
1766471960.631511,0.5412157339155648,0.9064698272007601,1.0,0,False,,,,
1766471960.634665,0.529168891149781,0.897833585056594,1.0,0,False,,,,
1766471960.785099,0.529168891149781,0.897833585056594,1.0,0,False,,,,
1766471960.7896929,0.529168891149781,0.897833585056594,1.0,0,False,,,,
1766471960.7922208,0.529168891149781,0.897833585056594,1.0,0,False,,,,
1766471960.7949529,0.5290842425243638,0.8895403332052012,1.0,0,False,,,,
1766471960.7972631,0.34396294054400633,0.7866603947800096,0.9723111987113953,0,False,,,,
1766471961.002264,0.34396294054400633,0.7866603947800096,0.9723111987113953,0,False,,,,
1766471961.007023,0.34396294054400633,0.7866603947800096,0.9723111987113953,0,False,,,,
1766471961.009721,0.34396294054400633,0.7866603947800096,0.9723111987113953,0,False,,,,
1766471961.012942,0.35039722124941314,0.7852230749024254,1.0,0,False,,,,
1766471961.01513,0.4324799650675657,0.789884526957364,1.0,0,False,,,,
1766471961.221667,0.4324799650675657,0.789884526957364,1.0,0,False,,,,
1766471961.227777,0.4324799650675657,0.789884526957364,1.0,0,False,,,,
1766471961.23035,0.4333654443876351,0.7899412493040217,1.0,0,False,,,,
1766471961.2327402,0.4359893135164379,0.7967498421556893,1.0,0,False,,,,
1766471961.2352781,0.6021839223776961,0.6651687198331713,0.995,0,False,,,,
1766471961.798363,0.6021839223776961,0.6651687198331713,0.995,0,False,,,,
1766471961.804982,0.5155066895500295,0.6415029898171108,0.99,0,False,,,,
1766471961.809655,0.5155066895500295,0.6415029898171108,0.99,0,False,,,,
1766471961.811998,0.5155066895500295,0.6415029898171108,0.99,0,False,,,,
1766471961.8141701,0.42774631565885024,0.538392172070206,0.9883277416229248,0,False,,,,
1766471962.319472,0.4287097654781851,0.5413919212560372,1.0,0,False,,,,
1766471962.324629,0.4287097654781851,0.5413919212560372,1.0,0,False,,,,
1766471962.329254,0.4287097654781851,0.5413919212560372,1.0,0,False,,,,
1766471962.331748,0.4287097654781851,0.5413919212560372,1.0,0,False,,,,
1766471962.3339,0.577974636725966,0.6839564477152036,1.0,0,False,,,,
1766471962.84358,0.577974636725966,0.6839564477152036,1.0,0,False,,,,
1766471962.8506188,0.577974636725966,0.6839564477152036,1.0,0,False,,,,
1766471962.854922,0.5756679958320536,0.6921898322969599,1.0,0,False,,,,
1766471962.8578749,0.5756679958320536,0.6921898322969599,1.0,0,False,,,,
1766471962.86163,0.5610996180494425,0.7978181243892066,1.0,0,False,,,,
1766471963.368321,0.5610996180494425,0.7978181243892066,1.0,0,False,,,,
1766471963.374913,0.5349291943703336,0.7881352878432993,1.0,0,False,,,,
1766471963.378229,0.5349291943703336,0.7881352878432993,1.0,0,False,,,,
1766471963.381185,0.5349291943703336,0.7881352878432993,1.0,0,False,,,,
1766471963.386989,0.368252229187154,0.689792024623026,0.28889003456690276,0,False,,,,
1766471963.89009,0.368252229187154,0.689792024623026,0.28889003456690276,0,False,,,,
1766471963.89794,0.1818781639636411,0.34494200607132874,0.99,0,False,,,,
1766471963.900613,0.1818781639636411,0.34494200607132874,0.99,0,False,,,,
1766471963.905828,0.1818781639636411,0.34494200607132874,0.99,0,False,,,,
1766471963.90865,0.5826431667792697,0.3617742491421094,1.0,1,False,,,,
1766471964.414718,0.5801159022591673,0.36288191088955024,1.0,1,False,,,,
1766471964.419722,0.5825892833907763,0.36406342161929595,1.0,1,False,,,,
1766471964.425405,0.5825892833907763,0.36406342161929595,1.0,1,False,,,,
1766471964.428266,0.5825892833907763,0.36406342161929595,1.0,1,False,,,,
1766471964.430967,0.7297802611659359,0.49962255455986737,0.2767449008367354,2,False,,,,
1766471964.9448802,0.7297802611659359,0.49962255455986737,0.2767449008367354,2,False,,,,
1766471964.950757,0.3440215827547615,0.18090015341893684,0.99,2,False,,,,
1766471964.9538078,0.3440215827547615,0.18090015341893684,0.99,2,False,,,,
1766471964.956875,0.3440215827547615,0.18090015341893684,0.99,2,False,,,,
1766471964.961997,0.553636845810616,0.30328890997721236,1.0,2,False,,,,
1766471965.4646668,0.553636845810616,0.30328890997721236,1.0,2,False,,,,
1766471965.470276,0.553636845810616,0.30328890997721236,1.0,2,False,,,,
1766471965.474923,0.5533921447521402,0.30028031592872384,1.0,2,False,,,,
1766471965.480341,0.5533921447521402,0.30028031592872384,1.0,2,False,,,,
1766471965.491526,0.5869622625520188,0.244560629214296,1.0,2,False,,,,
1766471965.990659,0.5835930345724566,0.24056074932039284,1.0,2,False,,,,
1766471965.996788,0.5835930345724566,0.24056074932039284,1.0,2,False,,,,
1766471966.002193,0.5835930345724566,0.24056074932039284,1.0,2,False,,,,
1766471966.0052931,0.5835930345724566,0.24056074932039284,1.0,2,False,,,,
1766471966.008679,0.28921253911594225,0.3807806113868014,0.2092617966041047,2,False,,,,
1766471966.512508,0.28921253911594225,0.3807806113868014,0.2092617966041047,2,False,,,,
1766471966.51889,0.28921253911594225,0.3807806113868014,0.2092617966041047,2,False,,,,
1766471966.5218382,0.28921253911594225,0.3807806113868014,0.2092617966041047,2,False,,,,
1766471966.5246432,0.28921253911594225,0.3807806113868014,0.2092617966041047,2,False,,,,
1766471966.527315,0.4940755363352345,0.3100719057555452,0.3961566347339732,2,False,,,,
1766471966.847604,0.49408021563793475,0.3098239081354385,0.40773486481549814,2,False,,,,
1766471966.853407,0.49408021563793475,0.3098239081354385,0.40773486481549814,2,False,,,,
1766471966.856201,0.49408021563793475,0.3098239081354385,0.40773486481549814,2,False,,,,
1766471966.858783,0.5420771414723038,0.33880748414330264,0.41846816940809806,2,False,,,,
1766471966.862609,0.6144776475146466,0.3010210444185678,1.0,2,False,,,,
1766471967.231642,0.6155662095492331,0.3041869719276775,1.0,2,False,,,,
1766471967.238654,0.6155662095492331,0.3041869719276775,1.0,2,False,,,,
1766471967.241729,0.6155662095492331,0.3041869719276775,1.0,2,False,,,,
1766471967.244212,0.6155662095492331,0.3041869719276775,1.0,2,False,,,,
1766471967.246735,0.6415727170852327,0.31234645471311673,0.817461371421814,2,False,,,,
1766471967.562539,0.5975078316947842,0.3259796638381953,0.3881554000754755,2,False,,,,
1766471967.5691001,0.5975078316947842,0.3259796638381953,0.3881554000754755,2,False,,,,
1766471967.574188,0.5975078316947842,0.3259796638381953,0.3881554000754755,2,False,,,,
1766471967.576674,0.5975078316947842,0.3259796638381953,0.3881554000754755,2,False,,,,
1766471967.5792441,0.6562954936819552,0.4146903806040121,0.9632366895675659,2,False,,,,
1766471967.892946,0.6562954936819552,0.4146903806040121,0.9632366895675659,2,False,,,,
1766471967.900779,0.657286293197328,0.41766191227330485,0.9493434131145477,2,False,,,,
1766471967.9037619,0.657286293197328,0.41766191227330485,0.9493434131145477,2,False,,,,
1766471967.90892,0.657286293197328,0.41766191227330485,0.9493434131145477,2,False,,,,
1766471967.911818,0.6506884680322157,0.32398378899297264,1.0,2,False,,,,
1766471968.522468,0.6506545146713768,0.3237550601711029,1.0,2,False,,,,
1766471968.529674,0.6506545146713768,0.3237550601711029,1.0,2,False,,,,
1766471968.535098,0.6483339253217743,0.32172010522734995,1.0,2,False,,,,
1766471968.538181,0.6483339253217743,0.32172010522734995,1.0,2,False,,,,
1766471968.543041,0.6638262896274891,0.3397201047372552,1.0,2,False,,,,
1766471968.947127,0.6638262896274891,0.3397201047372552,1.0,2,False,,,,
1766471968.952984,0.6638262896274891,0.3397201047372552,1.0,2,False,,,,
1766471968.9564009,0.6643951656004565,0.34077496188516343,1.0,2,False,,,,
1766471968.959219,0.6643951656004565,0.34077496188516343,1.0,2,False,,,,
1766471968.962324,0.610209437229473,0.31223611525937445,1.0,2,False,,,,
1766471969.334794,0.610209437229473,0.31223611525937445,1.0,2,False,,,,
1766471969.341471,0.6088513035352291,0.3136023585648131,1.0,2,False,,,,
1766471969.344398,0.6088513035352291,0.3136023585648131,1.0,2,False,,,,
1766471969.349568,0.6088513035352291,0.3136023585648131,1.0,2,False,,,,
1766471969.352452,0.594339132851947,0.38069516390128433,1.0,2,False,,,,
1766471969.661241,0.5935566360791176,0.3854392662328321,1.0,2,False,,,,
1766471969.665884,0.5935566360791176,0.3854392662328321,1.0,2,False,,,,
1766471969.671753,0.5935566360791176,0.3854392662328321,1.0,2,False,,,,
1766471969.674967,0.592923509422105,0.3890712124992888,1.0,2,False,,,,
1766471969.67802,0.5751393182557731,0.41433012195485275,1.0,2,False,,,,
1766471969.9903328,0.5751393182557731,0.41433012195485275,1.0,2,False,,,,
1766471969.996187,0.5746539073109359,0.41201898531892156,1.0,2,False,,,,
1766471969.9991949,0.5746539073109359,0.41201898531892156,1.0,2,False,,,,
1766471970.004836,0.5746539073109359,0.41201898531892156,1.0,2,False,,,,
1766471970.007858,0.6214666716845889,0.43920553451135746,1.0,2,False,,,,
1766471970.312643,0.6210433341734858,0.4387847725090488,1.0,2,False,,,,
1766471970.319167,0.6210433341734858,0.4387847725090488,1.0,2,False,,,,
1766471970.324641,0.6210433341734858,0.4387847725090488,1.0,2,False,,,,
1766471970.3296828,0.6214779725650564,0.43692180631592037,1.0,2,False,,,,
1766471970.332652,0.5962414182024528,0.3973563956509968,1.0,2,False,,,,
1766471970.7095308,0.5962414182024528,0.3973563956509968,1.0,2,False,,,,
1766471970.715704,0.5958192334583152,0.39596554747189117,1.0,2,False,,,,
1766471970.7188458,0.5958192334583152,0.39596554747189117,1.0,2,False,,,,
1766471970.724498,0.5958192334583152,0.39596554747189117,1.0,2,False,,,,
1766471970.727432,0.5896104046753398,0.5147862218095752,0.3442041242280942,2,False,,,,
1766471971.131192,0.6511856059878299,0.5202219271616774,0.3654809183343319,2,False,,,,
1766471971.137092,0.6511856059878299,0.5202219271616774,0.3654809183343319,2,False,,,,
1766471971.1436238,0.6511856059878299,0.5202219271616774,0.3654809183343319,2,False,,,,
1766471971.146852,0.6511856059878299,0.5202219271616774,0.3654809183343319,2,False,,,,
1766471971.1491861,0.5772166752247593,0.379934687725515,1.0,2,False,,,,
1766471971.566284,0.5770092232593749,0.3793702604502106,1.0,2,False,,,,
1766471971.5732281,0.5776392439282996,0.37883535245781697,1.0,2,False,,,,
1766471971.579298,0.5776392439282996,0.37883535245781697,1.0,2,False,,,,
1766471971.5822668,0.5776392439282996,0.37883535245781697,1.0,2,False,,,,
1766471971.5846028,0.5824680463912632,0.3705380037452094,1.0,2,False,,,,
1766471971.855235,0.5816938404074323,0.37277268145342024,1.0,2,False,,,,
1766471971.860755,0.5816938404074323,0.37277268145342024,1.0,2,False,,,,
1766471971.867428,0.5816938404074323,0.37277268145342024,1.0,2,False,,,,
1766471971.870514,0.580799027088856,0.3726982130283014,1.0,2,False,,,,
1766471971.8734798,0.6342347174529919,0.3978906165857219,1.0,2,False,,,,
1766471972.2815008,0.6342347174529919,0.3978906165857219,1.0,2,False,,,,
1766471972.287408,0.6340440722253453,0.39656805070866197,1.0,2,False,,,,
1766471972.292452,0.6340440722253453,0.39656805070866197,1.0,2,False,,,,
1766471972.297981,0.6340440722253453,0.39656805070866197,1.0,2,False,,,,
1766471972.30092,0.6295481776950416,0.3783128667498481,1.0,2,False,,,,
1766471972.641954,0.6295481776950416,0.3783128667498481,1.0,2,False,,,,
1766471972.648204,0.6295481776950416,0.3783128667498481,1.0,2,False,,,,
1766471972.6534889,0.6295481776950416,0.3783128667498481,1.0,2,False,,,,
1766471972.656474,0.6295481776950416,0.3783128667498481,1.0,2,False,,,,
1766471972.6599941,0.5844275537952517,0.38122791471929296,1.0,2,False,,,,
1766471972.9659781,0.5844275537952517,0.38122791471929296,1.0,2,False,,,,
1766471972.972762,0.5844275537952517,0.38122791471929296,1.0,2,False,,,,
1766471972.9762938,0.5846087461272272,0.380639313659235,1.0,2,False,,,,
1766471972.979111,0.5846087461272272,0.380639313659235,1.0,2,False,,,,
1766471972.983592,0.585321811798019,0.3835009797048665,1.0,2,False,,,,
1766471973.3313642,0.5845163976253869,0.3837370095928234,1.0,2,False,,,,
1766471973.337214,0.5845163976253869,0.3837370095928234,1.0,2,False,,,,
1766471973.342565,0.584286562598751,0.3829943832401701,1.0,2,False,,,,
1766471973.3462012,0.584286562598751,0.3829943832401701,1.0,2,False,,,,
1766471973.349278,0.6190542605731968,0.37434287358860385,1.0,2,False,,,,
1766471973.6626382,0.6192450882076508,0.3733604860063944,1.0,2,False,,,,
1766471973.668254,0.6192450882076508,0.3733604860063944,1.0,2,False,,,,
1766471973.6745632,0.6192450882076508,0.3733604860063944,1.0,2,False,,,,
1766471973.6775548,0.6190692428737585,0.3727803250320578,1.0,2,False,,,,
1766471973.680614,0.6195608853890098,0.37162900624161277,1.0,2,False,,,,
1766471973.9328032,0.6189535688710015,0.3717499491705596,1.0,2,False,,,,
1766471973.938247,0.6189535688710015,0.3717499491705596,1.0,2,False,,,,
1766471973.944292,0.6189535688710015,0.3717499491705596,1.0,2,False,,,,
1766471973.947372,0.6188153858205687,0.3707143506519972,1.0,2,False,,,,
1766471973.950219,0.6185190943622167,0.5069105296388177,1.0,2,True,0.5423716306686401,0.49606502056121826,0.09219817817211151,0.16869404911994934
1766471974.3756921,0.6185190943622167,0.5069105296388177,1.0,2,True,0.5423716306686401,0.49606502056121826,0.09219817817211151,0.16869404911994934
1766471974.3815649,0.6181200057173513,0.507594691439213,1.0,2,True,0.5423716306686401,0.49606502056121826,0.09219817817211151,0.16869404911994934
1766471974.385111,0.61988897950927,0.5085637586596177,1.0,2,True,0.5423716306686401,0.49606502056121826,0.09219817817211151,0.16869404911994934
1766471974.3895109,0.61988897950927,0.5085637586596177,1.0,2,True,0.5423716306686401,0.49606502056121826,0.09219817817211151,0.16869404911994934
1766471974.3954072,0.6046020476184788,0.5011017294221833,1.0,2,True,0.5325513482093811,0.4467103183269501,0.09158668667078018,0.18251237273216248
1766471974.738564,0.6041221945675415,0.49973891004412785,1.0,2,True,0.5325513482093811,0.4467103183269501,0.09158668667078018,0.18251237273216248
1766471974.744769,0.6041221945675415,0.49973891004412785,1.0,2,True,0.5325513482093811,0.4467103183269501,0.09158668667078018,0.18251237273216248
1766471974.7505631,0.6036684081493504,0.5019223539111773,1.0,2,True,0.5325513482093811,0.4467103183269501,0.09158668667078018,0.18251237273216248
1766471974.75557,0.6025579029681423,0.4990545147662009,1.0,2,True,0.5325513482093811,0.4467103183269501,0.09158668667078018,0.18251237273216248
1766471974.7609038,0.6072905706608854,0.33043215103932355,1.0,2,False,,,,
1766471975.114317,0.6072905706608854,0.33043215103932355,1.0,2,False,,,,
1766471975.119637,0.6073442537573557,0.3287448005013962,1.0,2,False,,,,
1766471975.123602,0.6073442537573557,0.3287448005013962,1.0,2,False,,,,
1766471975.1295402,0.6073442537573557,0.3287448005013962,1.0,2,False,,,,
1766471975.132848,0.5867435335696998,0.30883521647164414,1.0,2,False,,,,
1766471975.6049201,0.5867435335696998,0.30883521647164414,1.0,2,False,,,,
1766471975.610528,0.5877407296709898,0.3091499232296824,1.0,2,False,,,,
1766471975.615833,0.5877407296709898,0.3091499232296824,1.0,2,False,,,,
1766471975.6185331,0.5877407296709898,0.3091499232296824,1.0,2,False,,,,
1766471975.6208901,0.62161420097489,0.34616715955324673,1.0,2,False,,,,
1766471975.9521122,0.62161420097489,0.34616715955324673,1.0,2,False,,,,
1766471975.9581308,0.6227207499777363,0.34843373961488666,1.0,2,False,,,,
1766471975.961357,0.6232318266663637,0.34913965401815517,1.0,2,False,,,,
1766471975.964534,0.6232318266663637,0.34913965401815517,1.0,2,False,,,,
1766471975.969739,0.5675344059829202,0.31997265245328443,1.0,2,False,,,,
1766471976.283776,0.5675344059829202,0.31997265245328443,1.0,2,False,,,,
1766471976.289723,0.5675344059829202,0.31997265245328443,1.0,2,False,,,,
1766471976.2927659,0.5675344059829202,0.31997265245328443,1.0,2,False,,,,
1766471976.295299,0.5683958641691739,0.3175687025223999,1.0,2,False,,,,
1766471976.297927,0.6106903227350612,0.34364419713122496,1.0,2,False,,,,
1766471976.620727,0.6106903227350612,0.34364419713122496,1.0,2,False,,,,
1766471976.626506,0.6109824922762097,0.34163276429674283,1.0,2,False,,,,
1766471976.6315,0.6109824922762097,0.34163276429674283,1.0,2,False,,,,
1766471976.637797,0.6109824922762097,0.34163276429674283,1.0,2,False,,,,
1766471976.6407309,0.6528742206200867,0.3405240637949283,0.995,2,False,,,,
1766471976.89472,0.6566649082001386,0.3364177645984292,1.0,2,False,,,,
1766471976.901768,0.6566649082001386,0.3364177645984292,1.0,2,False,,,,
1766471976.907737,0.6566649082001386,0.3364177645984292,1.0,2,False,,,,
1766471976.910549,0.6566649082001386,0.3364177645984292,1.0,2,False,,,,
1766471976.913248,0.573888877150683,0.32689348456987477,1.0,2,False,,,,
1766471977.332185,0.5890294222727278,0.34242107357667173,1.0,2,False,,,,
1766471977.3376052,0.5890294222727278,0.34242107357667173,1.0,2,False,,,,
1766471977.342583,0.5890294222727278,0.34242107357667173,1.0,2,False,,,,
1766471977.345621,0.6077917503404157,0.35303896968523496,1.0,2,False,,,,
1766471977.3519292,0.5977002051640362,0.33878283742227455,1.0,2,False,,,,
1766471977.8819551,0.5977002051640362,0.33878283742227455,1.0,2,False,,,,
1766471977.887597,0.5971517198000351,0.3371521242997553,1.0,2,False,,,,
1766471977.890691,0.5971517198000351,0.3371521242997553,1.0,2,False,,,,
1766471977.893688,0.5971517198000351,0.3371521242997553,1.0,2,False,,,,
1766471977.899919,0.6400491288428516,0.3548155231017738,1.0,2,False,,,,
1766471978.147273,0.6400491288428516,0.3548155231017738,1.0,2,False,,,,
1766471978.152816,0.6400491288428516,0.3548155231017738,1.0,2,False,,,,
1766471978.1561759,0.6397656850672434,0.35793571803593904,1.0,2,False,,,,
1766471978.159728,0.6397656850672434,0.35793571803593904,1.0,2,False,,,,
1766471978.165846,0.6090794638033341,0.2913079857935509,1.0,2,False,,,,
1766471978.570834,0.6077575399034664,0.2917147810469176,1.0,2,False,,,,
1766471978.575701,0.6077575399034664,0.2917147810469176,1.0,2,False,,,,
1766471978.581625,0.6077575399034664,0.2917147810469176,1.0,2,False,,,,
1766471978.5848699,0.6077575399034664,0.2917147810469176,1.0,2,False,,,,
1766471978.587635,0.6359270091148818,0.35248897930056744,0.21088621304489794,2,False,,,,
1766471979.0055182,0.7164794771584999,0.32400280678983817,0.2032138849226869,2,False,,,,
1766471979.013281,0.6434539682807858,0.4477208082602442,0.21966701088719465,2,False,,,,
1766471979.01848,0.6434539682807858,0.4477208082602442,0.21966701088719465,2,False,,,,
1766471979.0222201,0.38636054871838743,1.2303083228042277,0.7817383408546448,2,False,,,,
1766471979.025474,0.5085094655304085,0.8329003433780683,0.9338511824607849,1,False,,,,
1766471979.330546,0.5086578342365512,0.8321646011764958,0.9521973133087158,1,False,,,,
1766471979.3383732,0.5086578342365512,0.8321646011764958,0.9521973133087158,1,False,,,,
1766471979.3429902,0.5077054992411387,0.8302033166050984,0.9530298411846161,1,False,,,,
1766471979.348027,0.5077054992411387,0.8302033166050984,0.9530298411846161,1,False,,,,
1766471979.353707,0.5500529308230381,0.8379932638441859,0.9871291518211365,1,False,,,,
1766471979.679446,0.5511064917416794,0.8340538013781365,1.0,1,False,,,,
1766471979.6860201,0.5511064917416794,0.8340538013781365,1.0,1,False,,,,
1766471979.690599,0.5511064917416794,0.8340538013781365,1.0,1,False,,,,
1766471979.6937768,0.551646428593291,0.8324847202173885,0.9815753996372223,1,False,,,,
1766471979.6971872,0.501758950295107,0.8531452409296539,0.9719603359699249,0,False,,,,
1766471979.9497972,0.501758950295107,0.8531452409296539,0.9719603359699249,0,False,,,,
1766471979.9545941,0.501758950295107,0.8531452409296539,0.9719603359699249,0,False,,,,
1766471979.959023,0.501758950295107,0.8531452409296539,0.9719603359699249,0,False,,,,
1766471979.9615722,0.5026115069259556,0.853407887229403,1.0,0,False,,,,
1766471979.964577,0.49531897144231,0.7993963022649102,1.0,0,False,,,,
1766471980.155684,0.49531897144231,0.7993963022649102,1.0,0,False,,,,
1766471980.160546,0.49531897144231,0.7993963022649102,1.0,0,False,,,,
1766471980.16366,0.49350498567086704,0.798280223241957,1.0,0,False,,,,
1766471980.1661692,0.49350498567086704,0.798280223241957,1.0,0,False,,,,
1766471980.169028,0.507995817324565,1.0303243299939806,0.36967409707213306,0,False,,,,
1766471980.478487,0.507995817324565,1.0303243299939806,0.36967409707213306,0,False,,,,
1766471980.483327,0.40984077220875914,1.3537856787536668,0.26796178312300745,0,False,,,,
1766471980.486051,0.40984077220875914,1.3537856787536668,0.26796178312300745,0,False,,,,
1766471980.490226,0.40984077220875914,1.3537856787536668,0.26796178312300745,0,False,,,,
1766471980.4926279,0.5610729818668776,0.8570040512849475,0.9568777978420258,0,False,,,,
1766471980.6677,0.5592185435527376,0.8631219379247586,0.9594656527042389,0,False,,,,
1766471980.672441,0.5592185435527376,0.8631219379247586,0.9594656527042389,0,False,,,,
1766471980.676723,0.5592185435527376,0.8631219379247586,0.9594656527042389,0,False,,,,
1766471980.679184,0.5592185435527376,0.8631219379247586,0.9594656527042389,0,False,,,,
1766471980.681438,0.5467594965702677,0.845171183962077,0.9522266387939453,0,False,,,,
1766471980.867753,0.5399915729461735,0.8442270027188663,0.9685333669185638,0,False,,,,
1766471980.872054,0.5399915729461735,0.8442270027188663,0.9685333669185638,0,False,,,,
1766471980.876364,0.5399915729461735,0.8442270027188663,0.9685333669185638,0,False,,,,
1766471980.87981,0.5399915729461735,0.8442270027188663,0.9685333669185638,0,False,,,,
1766471980.8827221,0.5524188654555681,0.7231006022233258,1.0,0,False,,,,
1766471981.10307,0.550749916165992,0.7216131473179748,0.9969567656517029,0,False,,,,
1766471981.1078222,0.550749916165992,0.7216131473179748,0.9969567656517029,0,False,,,,
1766471981.112184,0.550749916165992,0.7216131473179748,0.9969567656517029,0,False,,,,
1766471981.11527,0.550749916165992,0.7216131473179748,0.9969567656517029,0,False,,,,
1766471981.119669,0.44889939341812435,0.7329011875949681,1.0,0,False,,,,
1766471981.376102,0.44889939341812435,0.7329011875949681,1.0,0,False,,,,
1766471981.3812869,0.44889939341812435,0.7329011875949681,1.0,0,False,,,,
1766471981.384193,0.44889939341812435,0.7329011875949681,1.0,0,False,,,,
1766471981.387302,0.4510464343768018,0.7333927391514367,0.9993658065795898,0,False,,,,
1766471981.389857,0.3101787509002539,0.9222640627102398,0.2972700360194684,0,False,,,,
1766471981.616221,0.3101787509002539,0.9222640627102398,0.2972700360194684,0,False,,,,
1766471981.621419,0.40784839268629103,0.9635118025102486,0.3496070722641867,0,False,,,,
1766471981.624584,0.6474046829880795,0.7130017240830145,0.6791573345661164,0,False,,,,
1766471981.627224,0.6474046829880795,0.7130017240830145,0.6791573345661164,0,False,,,,
1766471981.631777,0.5454744330163361,1.0918394173607835,0.1705843394863988,0,False,,,,
1766471982.076125,0.485778355036353,1.091574571040431,0.1818345189674646,0,False,,,,
1766471982.080802,0.485778355036353,1.091574571040431,0.1818345189674646,0,False,,,,
1766471982.08514,0.485778355036353,1.091574571040431,0.1818345189674646,0,False,,,,
1766471982.087732,0.485778355036353,1.091574571040431,0.1818345189674646,0,False,,,,
1766471982.090156,0.5709437450657084,0.8226039370136103,0.928800106048584,0,False,,,,
1766471982.2712462,0.5709437450657084,0.8226039370136103,0.928800106048584,0,False,,,,
1766471982.27583,0.568969707022658,0.8242538848962511,0.9348433017730713,0,False,,,,
1766471982.2786748,0.568969707022658,0.8242538848962511,0.9348433017730713,0,False,,,,
1766471982.28269,0.568969707022658,0.8242538848962511,0.9348433017730713,0,False,,,,
1766471982.288029,0.49908107686322517,0.8571147648245859,0.9467709064483643,0,False,,,,
1766471982.454245,0.49908107686322517,0.8571147648245859,0.9467709064483643,0,False,,,,
1766471982.458802,0.49886753959218877,0.8570727395274771,0.9838111698627472,0,False,,,,
1766471982.463098,0.49886753959218877,0.8570727395274771,0.9838111698627472,0,False,,,,
1766471982.4678452,0.49886753959218877,0.8570727395274771,0.9838111698627472,0,False,,,,
1766471982.470217,0.5032815288911687,0.8559250835659292,0.9369982182979584,1,False,,,,
1766471982.7655199,0.5032815288911687,0.8559250835659292,0.9369982182979584,1,False,,,,
1766471982.769778,0.5032815288911687,0.8559250835659292,0.9369982182979584,1,False,,,,
1766471982.772716,0.5032815288911687,0.8559250835659292,0.9369982182979584,1,False,,,,
1766471982.775926,0.5032815288911687,0.8559250835659292,0.9369982182979584,1,False,,,,
1766471982.778599,0.5120930693495362,0.84008032371148,0.9400454759597778,0,False,,,,
1766471983.095444,0.5126495434811014,0.8395325830767711,0.9473735392093658,0,False,,,,
1766471983.100245,0.5126495434811014,0.8395325830767711,0.9473735392093658,0,False,,,,
1766471983.105064,0.5126495434811014,0.8395325830767711,0.9473735392093658,0,False,,,,
1766471983.1082282,0.5126495434811014,0.8395325830767711,0.9473735392093658,0,False,,,,
1766471983.1111941,0.34774165075926045,0.5805617405107946,0.9646859765052795,0,False,,,,
1766471983.300208,0.3477714400768627,0.5753217736515293,0.9597713947296143,0,False,,,,
1766471983.307429,0.3477714400768627,0.5753217736515293,0.9597713947296143,0,False,,,,
1766471983.312107,0.3477714400768627,0.5753217736515293,0.9597713947296143,0,False,,,,
1766471983.315493,0.3492265112019613,0.5782716511960891,0.9850085079669952,0,False,,,,
1766471983.318214,0.5528866835788752,0.8933041453912608,0.99,1,False,,,,
1766471983.52667,0.5528866835788752,0.8933041453912608,0.99,1,False,,,,
1766471983.531886,0.5641205961431579,0.9185970572433182,0.9999004304409027,1,False,,,,
1766471983.535359,0.5641205961431579,0.9185970572433182,0.9999004304409027,1,False,,,,
1766471983.539843,0.5641205961431579,0.9185970572433182,0.9999004304409027,1,False,,,,
1766471983.542285,0.4422600259813039,0.89984678545365,0.9482147097587585,1,False,,,,
1766471983.891843,0.4422600259813039,0.89984678545365,0.9482147097587585,1,False,,,,
1766471983.897814,0.4494813459750254,0.9090401699793459,0.9643983840942383,1,False,,,,
1766471983.902493,0.4725601305423939,0.9244637501281179,0.9669854593276977,1,False,,,,
1766471983.9053628,0.4725601305423939,0.9244637501281179,0.9669854593276977,1,False,,,,
1766471983.910892,0.5436491554296817,0.9401827274485602,0.9435441792011261,0,False,,,,
1766471984.146317,0.5436491554296817,0.9401827274485602,0.9435441792011261,0,False,,,,
1766471984.15218,0.5345041173320734,0.9295381273066331,0.9875204265117645,0,False,,,,
1766471984.154915,0.5345041173320734,0.9295381273066331,0.9875204265117645,0,False,,,,
1766471984.159256,0.5345041173320734,0.9295381273066331,0.9875204265117645,0,False,,,,
1766471984.162497,0.49924850415163713,0.8611761723061175,0.96156245470047,1,False,,,,
1766471984.4141068,0.49924850415163713,0.8611761723061175,0.96156245470047,1,False,,,,
1766471984.4194298,0.5015099224106915,0.863457347251496,1.0,1,False,,,,
1766471984.4224472,0.5015099224106915,0.863457347251496,1.0,1,False,,,,
1766471984.4272482,0.5015099224106915,0.863457347251496,1.0,1,False,,,,
1766471984.431387,0.4963291322382973,0.8612771070682819,0.962449312210083,1,False,,,,
1766471984.698742,0.4963291322382973,0.8612771070682819,0.962449312210083,1,False,,,,
1766471984.706284,0.4992186357501991,0.8503109917722226,0.9425903558731079,1,False,,,,
1766471984.710028,0.4992186357501991,0.8503109917722226,0.9425903558731079,1,False,,,,
1766471984.716081,0.4992186357501991,0.8503109917722226,0.9425903558731079,1,False,,,,
1766471984.719102,0.4820654571888564,0.8156052302353374,0.9658025801181793,1,False,,,,
1766471985.0471969,0.4820654571888564,0.8156052302353374,0.9658025801181793,1,False,,,,
1766471985.053018,0.4820654571888564,0.8156052302353374,0.9658025801181793,1,False,,,,
1766471985.056375,0.4777454792143768,0.8150382224275263,0.9346612691879272,1,False,,,,
1766471985.059277,0.4777454792143768,0.8150382224275263,0.9346612691879272,1,False,,,,
1766471985.0653892,0.47749516290502614,0.7827520029070063,0.9593408703804016,0,False,,,,
1766471985.27783,0.47703077918301506,0.7808872477734258,0.9034315943717957,0,False,,,,
1766471985.282243,0.47703077918301506,0.7808872477734258,0.9034315943717957,0,False,,,,
1766471985.287138,0.47703077918301506,0.7808872477734258,0.9034315943717957,0,False,,,,
1766471985.290316,0.4770557556187849,0.7761983574722958,0.9284428954124451,0,False,,,,
1766471985.2931871,0.47789756051118204,0.9010637191279112,0.929526150226593,0,False,,,,
1766471985.5764842,0.48164448144586913,0.8911688367299078,0.9517558813095093,0,False,,,,
1766471985.583468,0.48164448144586913,0.8911688367299078,0.9517558813095093,0,False,,,,
1766471985.588424,0.48164448144586913,0.8911688367299078,0.9517558813095093,0,False,,,,
1766471985.591348,0.483922923874326,0.879564237719185,0.933213084936142,0,False,,,,
1766471985.594004,0.49721915143365686,0.7967338921433874,0.9566962122917175,0,False,,,,
1766471985.773531,0.49745623524157356,0.7965127822920368,0.9566962122917175,0,False,,,,
1766471985.779961,0.4985867909300185,0.7912120324349085,0.9564633667469025,0,False,,,,
1766471985.7843788,0.4985867909300185,0.7912120324349085,0.9564633667469025,0,False,,,,
1766471985.7885041,0.4985867909300185,0.7912120324349085,0.9564633667469025,0,False,,,,
1766471985.791345,0.5079235459615526,0.7740095352971903,1.0,0,False,,,,
1766471985.947524,0.5079235459615526,0.7740095352971903,1.0,0,False,,,,
1766471985.952608,0.5079235459615526,0.7740095352971903,1.0,0,False,,,,
1766471985.956244,0.5079235459615526,0.7740095352971903,1.0,0,False,,,,
1766471985.958766,0.5079235459615526,0.7740095352971903,1.0,0,False,,,,
1766471985.961376,0.4977387116626262,0.7935818909129806,0.9528196156024933,0,False,,,,
1766471986.288224,0.4977387116626262,0.7935818909129806,0.9528196156024933,0,False,,,,
1766471986.2934,0.5000947110225219,0.7890503807990652,0.9604576528072357,0,False,,,,
1766471986.296525,0.5000363530310572,0.7869042352009035,0.956106036901474,0,False,,,,
1766471986.299168,0.5000363530310572,0.7869042352009035,0.956106036901474,0,False,,,,
1766471986.3047628,0.5084009624382071,0.8061754125554438,0.9674278497695923,0,False,,,,
1766471986.559832,0.5084009624382071,0.8061754125554438,0.9674278497695923,0,False,,,,
1766471986.565154,0.5062752652366513,0.8102588911449156,0.9829107522964478,0,False,,,,
1766471986.568151,0.5062752652366513,0.8102588911449156,0.9829107522964478,0,False,,,,
1766471986.573596,0.5062752652366513,0.8102588911449156,0.9829107522964478,0,False,,,,
1766471986.5767858,0.5177257327232344,0.770151645854998,0.9618742167949677,0,False,,,,
1766471986.7896361,0.5177257327232344,0.770151645854998,0.9618742167949677,0,False,,,,
1766471986.794134,0.5177257327232344,0.770151645854998,0.9618742167949677,0,False,,,,
1766471986.796919,0.5177257327232344,0.770151645854998,0.9618742167949677,0,False,,,,
1766471986.799707,0.5125165726411892,0.7868530146012802,0.9822858273983002,0,False,,,,
1766471986.8022022,0.5035097902343652,0.7943345436779228,0.9768238663673401,0,False,,,,
1766471986.991202,0.5035097902343652,0.7943345436779228,0.9768238663673401,0,False,,,,
1766471986.9965398,0.5035097902343652,0.7943345436779228,0.9768238663673401,0,False,,,,
1766471987.001345,0.5033630138732341,0.7995878729431142,0.9534068703651428,0,False,,,,
1766471987.003638,0.5033630138732341,0.7995878729431142,0.9534068703651428,0,False,,,,
1766471987.008242,0.5083353016997837,0.79006037588175,1.0,1,False,,,,
1766471987.293303,0.5083353016997837,0.79006037588175,1.0,1,False,,,,
1766471987.297896,0.5083353016997837,0.79006037588175,1.0,1,False,,,,
1766471987.3007848,0.5083353016997837,0.79006037588175,1.0,1,False,,,,
1766471987.303971,0.5073923380516049,0.8032492993181273,1.0,1,False,,,,
1766471987.307698,0.5250885493247363,0.7957990185225889,0.9458111822605133,0,False,,,,
1766471987.509473,0.5268072026866116,0.7983972103062628,0.9458111822605133,0,False,,,,
1766471987.515063,0.5268072026866116,0.7983972103062628,0.9458111822605133,0,False,,,,
1766471987.518315,0.5449699786597365,0.8000126263338626,0.932876318693161,0,False,,,,
1766471987.52104,0.5449699786597365,0.8000126263338626,0.932876318693161,0,False,,,,
1766471987.5255392,0.2246860387306837,1.0982628305536617,0.3146122975058853,1,False,,,,
1766471987.81696,0.23619458551752254,1.1127030753482197,0.2506839031595193,1,False,,,,
1766471987.8228211,0.49521779023315904,0.7822980676537263,0.866092687576542,1,False,,,,
1766471987.8275049,0.49521779023315904,0.7822980676537263,0.866092687576542,1,False,,,,
1766471987.8304698,0.49521779023315904,0.7822980676537263,0.866092687576542,1,False,,,,
1766471987.833127,0.5054455196439684,0.7733589021992375,1.0,1,False,,,,
1766471988.10305,0.5054455196439684,0.7733589021992375,1.0,1,False,,,,
1766471988.1093,0.5024629927581021,0.7735602438094484,0.9913139641284943,1,False,,,,
1766471988.1121972,0.5024629927581021,0.7735602438094484,0.9913139641284943,1,False,,,,
1766471988.1167119,0.5024629927581021,0.7735602438094484,0.9913139641284943,1,False,,,,
1766471988.119358,0.5248673975120564,0.7965381017901773,0.972747415304184,1,False,,,,
1766471988.4014149,0.5248673975120564,0.7965381017901773,0.972747415304184,1,False,,,,
1766471988.406045,0.525194514689246,0.7987008313383248,0.9886387884616852,1,False,,,,
1766471988.408715,0.525194514689246,0.7987008313383248,0.9886387884616852,1,False,,,,
1766471988.411333,0.525194514689246,0.7987008313383248,0.9886387884616852,1,False,,,,
1766471988.4160352,0.5923549845916304,0.9365705113567617,0.99,1,False,,,,
1766471988.6805289,0.5923549845916304,0.9365705113567617,0.99,1,False,,,,
1766471988.685963,0.5923549845916304,0.9365705113567617,0.99,1,False,,,,
1766471988.688802,0.5923549845916304,0.9365705113567617,0.99,1,False,,,,
1766471988.6918058,0.5595655574535316,0.751199149406565,0.6875112533569336,1,False,,,,
1766471988.695543,0.4980685933116005,0.7830556145886753,0.9988160133361816,1,False,,,,
1766471988.955175,0.4980685933116005,0.7830556145886753,0.9988160133361816,1,False,,,,
1766471988.9605608,0.49810392875210824,0.783304630161383,0.9971243441104889,1,False,,,,
1766471988.963401,0.49810392875210824,0.783304630161383,0.9971243441104889,1,False,,,,
1766471988.968022,0.49810392875210824,0.783304630161383,0.9971243441104889,1,False,,,,
1766471988.971081,0.5205621057614774,0.8928258378036396,0.9840529263019562,1,False,,,,
1766471989.389558,0.5205621057614774,0.8928258378036396,0.9840529263019562,1,False,,,,
1766471989.3956869,0.5225462431650514,0.8892824082438737,0.9492060244083405,1,False,,,,
1766471989.398925,0.5225462431650514,0.8892824082438737,0.9492060244083405,1,False,,,,
1766471989.403208,0.5225462431650514,0.8892824082438737,0.9492060244083405,1,False,,,,
1766471989.405906,0.5330631910942895,0.8519693559900573,0.9264232516288757,1,False,,,,
1766471989.6384609,0.5330631910942895,0.8519693559900573,0.9264232516288757,1,False,,,,
1766471989.644276,0.5330631910942895,0.8519693559900573,0.9264232516288757,1,False,,,,
1766471989.64744,0.5366993732619104,0.8567372791597307,0.9667080342769623,1,False,,,,
1766471989.650057,0.5366993732619104,0.8567372791597307,0.9667080342769623,1,False,,,,
1766471989.652554,0.5155624313221137,0.7682583957945509,0.8836565017700195,1,False,,,,
1766471989.915806,0.5164040575174049,0.7716320925102388,0.8605496883392334,1,False,,,,
1766471989.920703,0.5164040575174049,0.7716320925102388,0.8605496883392334,1,False,,,,
1766471989.925628,0.5164040575174049,0.7716320925102388,0.8605496883392334,1,False,,,,
1766471989.928695,0.5164040575174049,0.7716320925102388,0.8605496883392334,1,False,,,,
1766471989.931888,0.5244050430397591,0.5718089015444453,0.9542269706726074,1,False,,,,
1766471990.222068,0.5244050430397591,0.5718089015444453,0.9542269706726074,1,False,,,,
1766471990.226374,0.5244050430397591,0.5718089015444453,0.9542269706726074,1,False,,,,
1766471990.2291908,0.5244050430397591,0.5718089015444453,0.9542269706726074,1,False,,,,
1766471990.2319,0.5244050430397591,0.5718089015444453,0.9542269706726074,1,False,,,,
1766471990.234772,0.5707625166412036,0.7156601817312382,1.0,1,False,,,,
1766471990.4578052,0.5707625166412036,0.7156601817312382,1.0,1,False,,,,
1766471990.462652,0.5707625166412036,0.7156601817312382,1.0,1,False,,,,
1766471990.467377,0.5698572498168801,0.7168193577197014,1.0,1,False,,,,
1766471990.470017,0.5698572498168801,0.7168193577197014,1.0,1,False,,,,
1766471990.47279,0.3319910757158711,0.7044046266810651,0.2798147501852467,1,False,,,,
1766471990.696269,0.3319910757158711,0.7044046266810651,0.2798147501852467,1,False,,,,
1766471990.703051,0.772328570842635,0.7257238311736459,0.39110354831428723,1,False,,,,
1766471990.7067158,0.772328570842635,0.7257238311736459,0.39110354831428723,1,False,,,,
1766471990.7114081,0.772328570842635,0.7257238311736459,0.39110354831428723,1,False,,,,
1766471990.714091,0.5970509263479035,0.33241554751233127,1.0,2,False,,,,
1766471991.155051,0.5975799652265822,0.32361819828494987,1.0,2,False,,,,
1766471991.1639428,0.5975799652265822,0.32361819828494987,1.0,2,False,,,,
1766471991.169051,0.5975799652265822,0.32361819828494987,1.0,2,False,,,,
1766471991.172742,0.5976307834368765,0.315075533025732,1.0,2,False,,,,
1766471991.178011,0.6449748753082881,0.10809301130350168,1.0,2,False,,,,
1766471991.538885,0.6433432328111064,0.09996373230012157,1.0,2,False,,,,
1766471991.5465431,0.6433432328111064,0.09996373230012157,1.0,2,False,,,,
1766471991.5521832,0.6433432328111064,0.09996373230012157,1.0,2,False,,,,
1766471991.5561879,0.6433432328111064,0.09996373230012157,1.0,2,False,,,,
1766471991.559493,0.6161820254270239,0.16185652325121336,0.5037921128488461,2,False,,,,
1766471991.8399,0.6161820254270239,0.16185652325121336,0.5037921128488461,2,False,,,,
1766471991.8450718,0.490005485812938,0.3857020659214062,0.1540660612070019,2,False,,,,
1766471991.848362,0.490005485812938,0.3857020659214062,0.1540660612070019,2,False,,,,
1766471991.853369,0.490005485812938,0.3857020659214062,0.1540660612070019,2,False,,,,
1766471991.8567302,0.5590853535450068,0.94413035146621,0.8498605787754059,2,False,,,,
1766471992.2034419,0.5590853535450068,0.94413035146621,0.8498605787754059,2,False,,,,
1766471992.207995,0.5590853535450068,0.94413035146621,0.8498605787754059,2,False,,,,
1766471992.210656,0.5547594715516252,0.9134227922305841,0.7324522912502289,2,False,,,,
1766471992.213803,0.5547594715516252,0.9134227922305841,0.7324522912502289,2,False,,,,
1766471992.2165601,0.6768531142060472,0.9988820221195308,0.34957874468261535,1,False,,,,
1766471992.572205,0.6768531142060472,0.9988820221195308,0.34957874468261535,1,False,,,,
1766471992.579707,0.8051701656352561,0.79972072317315,0.31291797979662433,1,False,,,,
1766471992.5824552,0.8051701656352561,0.79972072317315,0.31291797979662433,1,False,,,,
1766471992.586976,0.8051701656352561,0.79972072317315,0.31291797979662433,1,False,,,,
1766471992.5897129,0.5809888436021439,0.29233294436221224,1.0,0,False,,,,
1766471993.0591848,0.5809888436021439,0.29233294436221224,1.0,0,False,,,,
1766471993.066761,0.5786515423318839,0.3017162430522845,1.0,0,False,,,,
1766471993.070395,0.5786515423318839,0.3017162430522845,1.0,0,False,,,,
1766471993.0753112,0.5786515423318839,0.3017162430522845,1.0,0,False,,,,
1766471993.078389,0.5794859614437655,0.46207372020166526,1.0,2,False,,,,
1766471993.463719,0.5794859614437655,0.46207372020166526,1.0,2,False,,,,
1766471993.4698648,0.5806249345046995,0.4648646449169529,1.0,2,False,,,,
1766471993.475304,0.5806249345046995,0.4648646449169529,1.0,2,False,,,,
1766471993.4780228,0.5806249345046995,0.4648646449169529,1.0,2,False,,,,
1766471993.481038,0.5997292876878946,0.45096363923189076,1.0,2,False,,,,
1766471993.9431858,0.5997292876878946,0.45096363923189076,1.0,2,False,,,,
1766471993.948519,0.5997292876878946,0.45096363923189076,1.0,2,False,,,,
1766471993.951327,0.5997292876878946,0.45096363923189076,1.0,2,False,,,,
1766471993.953865,0.5988960985886254,0.4503418586541792,1.0,2,False,,,,
1766471993.95766,0.5730894279455059,0.4215273907307008,1.0,2,False,,,,
1766471994.301706,0.5730894279455059,0.4215273907307008,1.0,2,False,,,,
1766471994.307381,0.5731545577205462,0.42155820007613143,1.0,2,False,,,,
1766471994.311882,0.5731545577205462,0.42155820007613143,1.0,2,False,,,,
1766471994.3175921,0.5731545577205462,0.42155820007613143,1.0,2,False,,,,
1766471994.3208802,0.5979715745983081,0.42837291003759215,1.0,2,False,,,,
1766471994.6360698,0.5979715745983081,0.42837291003759215,1.0,2,False,,,,
1766471994.64232,0.5968911067944963,0.4287771681162189,1.0,2,False,,,,
1766471994.6462579,0.5968911067944963,0.4287771681162189,1.0,2,False,,,,
1766471994.652226,0.5968911067944963,0.4287771681162189,1.0,2,False,,,,
1766471994.655066,0.5729290986782904,0.42437423826787257,1.0,2,False,,,,
1766471994.979271,0.5729290986782904,0.42437423826787257,1.0,2,False,,,,
1766471994.984705,0.5729290986782904,0.42437423826787257,1.0,2,False,,,,
1766471994.989321,0.5729308438084677,0.4259934433603334,1.0,2,False,,,,
1766471994.9922729,0.5726138973663009,0.42701389870601725,1.0,2,False,,,,
1766471994.995966,0.5691558862606994,0.4085769950821927,0.8171428442001343,2,False,,,,
1766471995.3516889,0.5691558862606994,0.4085769950821927,0.8171428442001343,2,False,,,,
1766471995.359,0.6035975115411514,0.6404065166488826,0.09540058619503959,2,False,,,,
1766471995.362742,0.6035975115411514,0.6404065166488826,0.09540058619503959,2,False,,,,
1766471995.378709,0.5572259548131093,0.7075752657186706,0.13686487444140596,2,True,0.5035182237625122,0.5616103410720825,0.0897885337471962,0.18264159560203552
1766471995.382765,0.5292511202773246,0.9285473046802277,0.9112549722194672,2,False,,,,
1766471995.708328,0.5292511202773246,0.9285473046802277,0.9112549722194672,2,False,,,,
1766471995.715939,0.5256406607388978,0.9321725774363714,0.8804404139518738,2,False,,,,
1766471995.72116,0.5256406607388978,0.9321725774363714,0.8804404139518738,2,False,,,,
1766471995.724488,0.5256406607388978,0.9321725774363714,0.8804404139518738,2,False,,,,
1766471995.7299771,0.5422137047571118,0.9142368466208143,0.9476252794265747,1,False,,,,
1766471995.944103,0.5422137047571118,0.9142368466208143,0.9476252794265747,1,False,,,,
1766471995.951255,0.5402211468611167,0.9070199749074918,0.8968665599822998,1,False,,,,
1766471995.95615,0.5402211468611167,0.9070199749074918,0.8968665599822998,1,False,,,,
1766471995.9594119,0.5402211468611167,0.9070199749074918,0.8968665599822998,1,False,,,,
1766471995.962789,0.5270869188561134,0.8188736525731527,0.968034029006958,1,False,,,,
1766471996.241171,0.5270869188561134,0.8188736525731527,0.968034029006958,1,False,,,,
1766471996.2471628,0.5236690487644349,0.8230175509137104,0.9407466351985931,1,False,,,,
1766471996.2501671,0.5236690487644349,0.8230175509137104,0.9407466351985931,1,False,,,,
1766471996.254396,0.5236690487644349,0.8230175509137104,0.9407466351985931,1,False,,,,
1766471996.257313,0.5041862499968632,0.8363191563722601,0.9795442819595337,1,False,,,,
1766471996.493973,0.5041862499968632,0.8363191563722601,0.9795442819595337,1,False,,,,
1766471996.4980202,0.505828550172194,0.8399996449315852,0.9501783549785614,1,False,,,,
1766471996.501272,0.505828550172194,0.8399996449315852,0.9501783549785614,1,False,,,,
1766471996.5036612,0.505828550172194,0.8399996449315852,0.9501783549785614,1,False,,,,
1766471996.50834,0.5037010007378228,0.8812731211263939,1.0,2,False,,,,
1766471996.812757,0.5037010007378228,0.8812731211263939,1.0,2,False,,,,
1766471996.818729,0.5043658819036863,0.8847152193206694,1.0,2,False,,,,
1766471996.821824,0.5043658819036863,0.8847152193206694,1.0,2,False,,,,
1766471996.824082,0.5043658819036863,0.8847152193206694,1.0,2,False,,,,
1766471996.828182,0.5602174938187892,0.1640186636022991,1.0,1,False,,,,
1766471997.256106,0.5581891438141635,0.1796744311982056,1.0,1,False,,,,
1766471997.264226,0.5581891438141635,0.1796744311982056,1.0,1,False,,,,
1766471997.269475,0.5578535115827907,0.18663356278484722,1.0,1,False,,,,
1766471997.275069,0.5583637973106551,0.19158896879372544,1.0,1,False,,,,
1766471997.2806861,0.5351041930667625,0.2953773731478545,1.0,2,False,,,,
1766471997.651068,0.5351041930667625,0.2953773731478545,1.0,2,False,,,,
1766471997.659379,0.5334952392642842,0.3069399149546952,1.0,2,False,,,,
1766471997.664778,0.5334952392642842,0.3069399149546952,1.0,2,False,,,,
1766471997.667886,0.5334952392642842,0.3069399149546952,1.0,2,False,,,,
1766471997.670434,0.541048544512618,0.5556821092364107,1.0,2,True,0.4597744941711426,0.5260465145111084,0.0918247252702713,0.1851852387189865
1766471998.0184262,0.541048544512618,0.5556821092364107,1.0,2,True,0.4597744941711426,0.5260465145111084,0.0918247252702713,0.1851852387189865
1766471998.024965,0.5414476445298552,0.5635423624712116,1.0,2,True,0.4597744941711426,0.5260465145111084,0.0918247252702713,0.1851852387189865
1766471998.028053,0.5414476445298552,0.5635423624712116,1.0,2,True,0.4597744941711426,0.5260465145111084,0.0918247252702713,0.1851852387189865
1766471998.0328808,0.5414476445298552,0.5635423624712116,1.0,2,True,0.4597744941711426,0.5260465145111084,0.0918247252702713,0.1851852387189865
1766471998.0355258,0.5421643777207943,0.6479364399623432,1.0,2,False,,,,
1766471998.353073,0.5421643777207943,0.6479364399623432,1.0,2,False,,,,
1766471998.3592892,0.5421514318080021,0.6516943706104428,1.0,2,False,,,,
1766471998.3621209,0.5421514318080021,0.6516943706104428,1.0,2,False,,,,
1766471998.3670368,0.5421514318080021,0.6516943706104428,1.0,2,False,,,,
1766471998.370254,0.5494312819368169,0.6191664297032117,1.0,2,False,,,,
1766471998.709485,0.5499894810468456,0.6169662331527969,1.0,2,False,,,,
1766471998.714908,0.5500673260959938,0.6147004481516041,1.0,2,False,,,,
1766471998.720021,0.5500673260959938,0.6147004481516041,1.0,2,False,,,,
1766471998.7228942,0.5500673260959938,0.6147004481516041,1.0,2,False,,,,
1766471998.7259011,0.6169774405813898,0.6474257074222478,0.9570902585983276,2,False,,,,
1766471999.091563,0.6169774405813898,0.6474257074222478,0.9570902585983276,2,False,,,,
1766471999.09708,0.6183601210896922,0.6457923558928804,0.9808084666728973,2,False,,,,
1766471999.101532,0.6190381228357752,0.6450682392813036,0.9569201469421387,2,False,,,,
1766471999.105001,0.6190381228357752,0.6450682392813036,0.9569201469421387,2,False,,,,
1766471999.111674,0.5978877866890127,0.5921272409464001,1.0,2,False,,,,
1766471999.4553359,0.5978877866890127,0.5921272409464001,1.0,2,False,,,,
1766471999.462311,0.5978877866890127,0.5921272409464001,1.0,2,False,,,,
1766471999.468242,0.5978558110305177,0.592421480684868,1.0,2,False,,,,
1766471999.471005,0.5978558110305177,0.592421480684868,1.0,2,False,,,,
1766471999.476139,0.5744599140989137,0.547861105042559,1.0,2,False,,,,
1766471999.875243,0.5744599140989137,0.547861105042559,1.0,2,False,,,,
1766471999.8804579,0.5744599140989137,0.547861105042559,1.0,2,False,,,,
1766471999.883372,0.5736280576673589,0.5444143617645316,1.0,2,False,,,,
1766471999.8861911,0.5736280576673589,0.5444143617645316,1.0,2,False,,,,
1766471999.8916411,0.5988187034866101,0.5340751895972226,1.0,2,False,,,,
1766472000.146776,0.5988187034866101,0.5340751895972226,1.0,2,False,,,,
1766472000.152798,0.59933730547502,0.5348048505707044,1.0,2,False,,,,
1766472000.1561081,0.59933730547502,0.5348048505707044,1.0,2,False,,,,
1766472000.1623209,0.59933730547502,0.5348048505707044,1.0,2,False,,,,
1766472000.165091,0.5974661530427896,0.5292432660978711,1.0,2,False,,,,
1766472000.5928478,0.5974661530427896,0.5292432660978711,1.0,2,False,,,,
1766472000.5991628,0.5974661530427896,0.5292432660978711,1.0,2,False,,,,
1766472000.6020951,0.5974661530427896,0.5292432660978711,1.0,2,False,,,,
1766472000.6047711,0.5974105699896852,0.5290140968620568,1.0,2,False,,,,
1766472000.6071029,0.5926729370733315,0.5136280669373302,1.0,2,False,,,,
1766472000.944994,0.5926729370733315,0.5136280669373302,1.0,2,False,,,,
1766472000.950516,0.5926729370733315,0.5136280669373302,1.0,2,False,,,,
1766472000.953273,0.5929175434990382,0.5136706149895329,1.0,2,False,,,,
1766472000.9555671,0.5931163495888235,0.511993255604667,1.0,2,False,,,,
1766472000.957835,0.5437412553819372,0.49023910498462575,1.0,2,False,,,,
1766472002.160356,0.5437412553819372,0.49023910498462575,1.0,2,False,,,,
1766472002.1659489,0.5471709598199069,0.48847107546680557,1.0,2,False,,,,
1766472002.171299,0.5471709598199069,0.48847107546680557,1.0,2,False,,,,
1766472002.17452,0.5471709598199069,0.48847107546680557,1.0,2,False,,,,
1766472002.1771588,0.5838890306081967,0.5046246194106264,1.0,2,False,,,,
1766472002.6882648,0.5838890306081967,0.5046246194106264,1.0,2,False,,,,
1766472002.694359,0.5838890306081967,0.5046246194106264,1.0,2,False,,,,
1766472002.6978948,0.5837922026064273,0.5057975931340761,1.0,2,False,,,,
1766472002.70336,0.5837922026064273,0.5057975931340761,1.0,2,False,,,,
1766472002.708749,0.5809099881044728,0.4987275907572173,1.0,2,False,,,,
1766472003.103648,0.5821330313875245,0.49731306370621575,1.0,2,False,,,,
1766472003.1093671,0.5821330313875245,0.49731306370621575,1.0,2,False,,,,
1766472003.115602,0.5821330313875245,0.49731306370621575,1.0,2,False,,,,
1766472003.118856,0.5830085555388866,0.4966505631100979,1.0,2,False,,,,
1766472003.121484,0.5524272436793974,0.4902996441992171,1.0,2,False,,,,
1766472003.647577,0.5524272436793974,0.4902996441992171,1.0,2,False,,,,
1766472003.652691,0.5529503742972798,0.4921748648285823,1.0,2,False,,,,
1766472003.657123,0.5527593125855119,0.4929375336148971,1.0,2,False,,,,
1766472003.65978,0.5527593125855119,0.4929375336148971,1.0,2,False,,,,
1766472003.6657898,0.5557595950433462,0.4802264190276597,1.0,2,False,,,,
1766472004.263922,0.5547071443131593,0.47728975340809643,1.0,2,False,,,,
1766472004.270607,0.5547071443131593,0.47728975340809643,1.0,2,False,,,,
1766472004.2736719,0.5540378927988596,0.4773335972724062,1.0,2,False,,,,
1766472004.276723,0.5536447602401754,0.47661273173700747,1.0,2,False,,,,
1766472004.2791731,0.6250106224289205,0.5106315731898904,1.0,2,False,,,,
1766472004.697654,0.6251568202350788,0.5075594153968406,1.0,2,False,,,,
1766472004.7039611,0.6251568202350788,0.5075594153968406,1.0,2,False,,,,
1766472004.709218,0.6248679289082009,0.5075928833604018,1.0,2,False,,,,
1766472004.713213,0.6232630881236814,0.5061188012944651,1.0,2,False,,,,
1766472004.715945,0.5951801502861731,0.4866624068976777,1.0,2,False,,,,
1766472005.311111,0.5951801502861731,0.4866624068976777,1.0,2,False,,,,
1766472005.3164978,0.5943786509358652,0.4897430864118141,1.0,2,False,,,,
1766472005.321758,0.5943786509358652,0.4897430864118141,1.0,2,False,,,,
1766472005.327979,0.5943786509358652,0.4897430864118141,1.0,2,False,,,,
1766472005.331073,0.622746320122691,0.4830519817635095,1.0,2,False,,,,
1766472005.832778,0.6227251968144358,0.4840956728303797,1.0,2,False,,,,
1766472005.838973,0.6227251968144358,0.4840956728303797,1.0,2,False,,,,
1766472005.844046,0.6227251968144358,0.4840956728303797,1.0,2,False,,,,
1766472005.846884,0.6227251968144358,0.4840956728303797,1.0,2,False,,,,
1766472005.84958,0.5555237020794089,0.9835844663659837,0.5722644940482683,2,False,,,,
1766472006.2626739,0.5555237020794089,0.9835844663659837,0.5722644940482683,2,False,,,,
1766472006.271668,0.5246834659462544,1.0246943409671967,0.559608069822295,2,False,,,,
1766472006.2777028,0.5246834659462544,1.0246943409671967,0.559608069822295,2,False,,,,
1766472006.2808928,0.5246834659462544,1.0246943409671967,0.559608069822295,2,False,,,,
1766472006.28529,0.5141428481703938,0.8099010288309354,0.9618093967437744,2,False,,,,
1766472006.74695,0.5141428481703938,0.8099010288309354,0.9618093967437744,2,False,,,,
1766472006.7547588,0.519896497528833,0.8032324430971866,0.9952856004238129,2,False,,,,
1766472006.757519,0.519896497528833,0.8032324430971866,0.9952856004238129,2,False,,,,
1766472006.762312,0.519896497528833,0.8032324430971866,0.9952856004238129,2,False,,,,
1766472006.7653272,0.5355923351871035,0.781654459395749,0.8678978681564331,1,False,,,,
1766472007.40497,0.5342157759051523,0.7862154792411196,0.8678978681564331,1,False,,,,
1766472007.412692,0.5504003060413789,0.775834187156333,0.8,1,False,,,,
1766472007.417093,0.5504003060413789,0.775834187156333,0.8,1,False,,,,
1766472007.41988,0.5504003060413789,0.775834187156333,0.8,1,False,,,,
1766472007.423331,0.5609181004153403,0.8184438074890152,1.0,0,False,,,,
1766472007.7363021,0.5609181004153403,0.8184438074890152,1.0,0,False,,,,
1766472007.740352,0.5609181004153403,0.8184438074890152,1.0,0,False,,,,
1766472007.742912,0.5598070769034028,0.8192830949193967,1.0,0,False,,,,
1766472007.7464461,0.5598070769034028,0.8192830949193967,1.0,0,False,,,,
1766472007.751342,0.572255401625286,0.8271300751392728,1.0,0,False,,,,
1766472007.973579,0.572255401625286,0.8271300751392728,1.0,0,False,,,,
1766472007.977909,0.5730979849124356,0.8270393310039182,1.0,0,False,,,,
1766472007.981549,0.5730979849124356,0.8270393310039182,1.0,0,False,,,,
1766472007.984312,0.5730979849124356,0.8270393310039182,1.0,0,False,,,,
1766472007.990148,0.5713351311452873,0.8393051828372232,0.9981615543365479,0,False,,,,
1766472008.2641668,0.5717189604736393,0.8406831592365271,0.9567390382289886,0,False,,,,
1766472008.268856,0.5717189604736393,0.8406831592365271,0.9567390382289886,0,False,,,,
1766472008.273002,0.5717189604736393,0.8406831592365271,0.9567390382289886,0,False,,,,
1766472008.277735,0.5710821580935042,0.8375626855383397,0.9989177882671356,0,False,,,,
1766472008.280961,0.4855546438384599,0.8365815645467055,0.8649272918701172,0,False,,,,
1766472008.470253,0.4855546438384599,0.8365815645467055,0.8649272918701172,0,False,,,,
1766472008.475014,0.4855546438384599,0.8365815645467055,0.8649272918701172,0,False,,,,
1766472008.4782872,0.5292631370309813,0.9011023212704329,0.8428593575954437,0,False,,,,
1766472008.482442,0.5292631370309813,0.9011023212704329,0.8428593575954437,0,False,,,,
1766472008.4851332,0.5281611832034153,0.9399086914046415,0.9497995972633362,0,False,,,,
1766472008.678646,0.5281611832034153,0.9399086914046415,0.9497995972633362,0,False,,,,
1766472008.683336,0.5309552935902453,0.9318933362730052,0.9755260944366455,0,False,,,,
1766472008.6860611,0.5309552935902453,0.9318933362730052,0.9755260944366455,0,False,,,,
1766472008.690629,0.5309552935902453,0.9318933362730052,0.9755260944366455,0,False,,,,
1766472008.693454,0.5368617048255676,0.747141268303095,0.9560190439224243,0,False,,,,
1766472008.984084,0.5357988038091118,0.7456089614258192,0.9613394737243652,0,False,,,,
1766472008.989146,0.5357988038091118,0.7456089614258192,0.9613394737243652,0,False,,,,
1766472008.9941518,0.5357988038091118,0.7456089614258192,0.9613394737243652,0,False,,,,
1766472008.997859,0.5290292598069917,0.7296157676679476,0.9977732002735138,0,False,,,,
1766472009.000444,0.5144697326102177,0.5261114840887119,0.9613937437534332,0,False,,,,
1766472009.206038,0.5144697326102177,0.5261114840887119,0.9613937437534332,0,False,,,,
1766472009.210979,0.5144697326102177,0.5261114840887119,0.9613937437534332,0,False,,,,
1766472009.213883,0.5144697326102177,0.5261114840887119,0.9613937437534332,0,False,,,,
1766472009.216415,0.5158049625801052,0.5289945910090147,0.9613937437534332,0,False,,,,
1766472009.21916,0.5562233972402918,0.818600757015217,1.0,0,False,,,,
1766472009.499124,0.5562233972402918,0.818600757015217,1.0,0,False,,,,
1766472009.504263,0.5543134344364413,0.8181024402168591,1.0,0,False,,,,
1766472009.5086389,0.5543134344364413,0.8181024402168591,1.0,0,False,,,,
1766472009.513281,0.5543134344364413,0.8181024402168591,1.0,0,False,,,,
1766472009.5163982,0.5341117555614486,0.8310781344765158,1.0,1,False,,,,
1766472009.83241,0.5341117555614486,0.8310781344765158,1.0,1,False,,,,
1766472009.837812,0.534368481675966,0.8304107681856294,0.9943808615207672,1,False,,,,
1766472009.842433,0.534368481675966,0.8304107681856294,0.9943808615207672,1,False,,,,
1766472009.8477361,0.534368481675966,0.8304107681856294,0.9943808615207672,1,False,,,,
1766472009.850372,0.5202257816978111,0.897625115136992,0.9896351397037506,1,False,,,,
1766472010.121952,0.5202462800297509,0.9033811571184938,0.9935112297534943,1,False,,,,
1766472010.127218,0.5202462800297509,0.9033811571184938,0.9935112297534943,1,False,,,,
1766472010.1319418,0.5202462800297509,0.9033811571184938,0.9935112297534943,1,False,,,,
1766472010.1343842,0.5202462800297509,0.9033811571184938,0.9935112297534943,1,False,,,,
1766472010.138659,0.5228635417473101,0.8725970903952143,0.9622275531291962,1,False,,,,
1766472010.549043,0.5228635417473101,0.8725970903952143,0.9622275531291962,1,False,,,,
1766472010.5543349,0.5228635417473101,0.8725970903952143,0.9622275531291962,1,False,,,,
1766472010.557248,0.5236570909615984,0.8700892867717454,0.9935818314552307,1,False,,,,
1766472010.559923,0.5234835672085916,0.868550992797543,0.9935818314552307,1,False,,,,
1766472010.562432,0.5181102792830715,0.8397494527862037,0.9815109968185425,2,False,,,,
1766472010.885775,0.5181102792830715,0.8397494527862037,0.9815109968185425,2,False,,,,
1766472010.8908522,0.5154281241127696,0.8461789318667972,0.9579141438007355,2,False,,,,
1766472010.893943,0.5154281241127696,0.8461789318667972,0.9579141438007355,2,False,,,,
1766472010.897953,0.5154281241127696,0.8461789318667972,0.9579141438007355,2,False,,,,
1766472010.900875,0.5275939033822201,0.855520200884449,0.9931114017963409,1,False,,,,
1766472011.140266,0.5275939033822201,0.855520200884449,0.9931114017963409,1,False,,,,
1766472011.14611,0.5265461859915808,0.8600134705951987,0.9837678968906403,1,False,,,,
1766472011.149167,0.5265461859915808,0.8600134705951987,0.9837678968906403,1,False,,,,
1766472011.1545012,0.5265461859915808,0.8600134705951987,0.9837678968906403,1,False,,,,
1766472011.1574242,0.5338628100552534,0.8561640342804993,1.0,2,False,,,,
1766472011.599895,0.5338628100552534,0.8561640342804993,1.0,2,False,,,,
1766472011.605664,0.5338628100552534,0.8561640342804993,1.0,2,False,,,,
1766472011.608465,0.5338628100552534,0.8561640342804993,1.0,2,False,,,,
1766472011.611181,0.5338628100552534,0.8561640342804993,1.0,2,False,,,,
1766472011.613835,0.5378023402304559,0.8127136119668077,0.9824026823043823,1,False,,,,
1766472011.935051,0.5359626056284379,0.8107944077456956,0.9824026823043823,1,False,,,,
1766472011.940734,0.5359626056284379,0.8107944077456956,0.9824026823043823,1,False,,,,
1766472011.9454231,0.5299030187512067,0.8106254478201131,0.9555446803569794,1,False,,,,
1766472011.950123,0.5299030187512067,0.8106254478201131,0.9555446803569794,1,False,,,,
1766472011.9548979,0.5082817145177606,0.8243519940336556,0.9792445600032806,2,False,,,,
1766472012.2790332,0.5082817145177606,0.8243519940336556,0.9792445600032806,2,False,,,,
1766472012.284714,0.5183133230103061,0.7666552113162718,0.5943855577538082,2,False,,,,
1766472012.287458,0.5183133230103061,0.7666552113162718,0.5943855577538082,2,False,,,,
1766472012.291889,0.5183133230103061,0.7666552113162718,0.5943855577538082,2,False,,,,
1766472012.2944791,0.5390495152052452,0.8065476024758981,0.8754363656044006,1,False,,,,
1766472012.5394208,0.5390495152052452,0.8065476024758981,0.8754363656044006,1,False,,,,
1766472012.544904,0.5390495152052452,0.8065476024758981,0.8754363656044006,1,False,,,,
1766472012.547968,0.5390495152052452,0.8065476024758981,0.8754363656044006,1,False,,,,
1766472012.551549,0.5413321570761551,0.8118024961460419,0.8972296416759491,1,False,,,,
1766472012.5538838,0.4876095869039074,0.894150610292595,0.9808693528175354,1,False,,,,
1766472012.890928,0.4876095869039074,0.894150610292595,0.9808693528175354,1,False,,,,
1766472012.896835,0.4876095869039074,0.894150610292595,0.9808693528175354,1,False,,,,
1766472012.899702,0.4876095869039074,0.894150610292595,0.9808693528175354,1,False,,,,
1766472012.902565,0.48717748103886027,0.9061160332280257,0.9990776181221008,1,False,,,,
1766472012.9049962,0.4719151210155673,1.5101423723015397,0.27794943497575947,1,False,,,,
1766472013.251443,0.4719151210155673,1.5101423723015397,0.27794943497575947,1,False,,,,
1766472013.2575731,0.41360311177873255,1.2023441926144756,0.867638472597549,1,False,,,,
1766472013.262254,0.41360311177873255,1.2023441926144756,0.867638472597549,1,False,,,,
1766472013.2651362,0.41360311177873255,1.2023441926144756,0.867638472597549,1,False,,,,
1766472013.267654,0.5184990127166201,1.1833316502173352,0.3469207316189205,1,False,,,,
1766472013.515394,0.5184990127166201,1.1833316502173352,0.3469207316189205,1,False,,,,
1766472013.523005,0.7074529127642509,1.1531964833499266,0.38817862279937726,1,False,,,,
1766472013.5278568,0.7074529127642509,1.1531964833499266,0.38817862279937726,1,False,,,,
1766472013.532937,0.7074529127642509,1.1531964833499266,0.38817862279937726,1,False,,,,
1766472013.535742,0.5150615981851939,1.0440063019444523,0.8659755885601044,0,False,,,,
1766472013.7083771,0.5150615981851939,1.0440063019444523,0.8659755885601044,0,False,,,,
1766472013.7143428,0.5150615981851939,1.0440063019444523,0.8659755885601044,0,False,,,,
1766472013.719049,0.5150615981851939,1.0440063019444523,0.8659755885601044,0,False,,,,
1766472013.722136,0.5198558043486781,1.0650791873253957,0.8557992279529572,0,False,,,,
1766472013.725282,0.4915700628309739,1.4231809605057795,0.303879088362153,2,False,,,,
1766472014.027254,0.576879366034792,1.0065469526626243,0.5568677726973297,2,False,,,,
1766472014.034872,0.576879366034792,1.0065469526626243,0.5568677726973297,2,False,,,,
1766472014.040799,0.53160533942415,1.0414123169218623,0.9591777324676514,2,False,,,,
1766472014.044052,0.5337499900293334,1.0567114383613545,0.9929184913635254,2,False,,,,
1766472014.049592,0.5103472901433623,1.084401482338647,0.9311487972736359,2,False,,,,
1766472014.369225,0.5120011391673788,1.0813154995819618,0.885679304599762,2,False,,,,
1766472014.375999,0.5120011391673788,1.0813154995819618,0.885679304599762,2,False,,,,
1766472014.3795068,0.5125715737932408,1.077632033858151,0.8787942826747894,2,False,,,,
1766472014.382297,0.5125715737932408,1.077632033858151,0.8787942826747894,2,False,,,,
1766472014.387281,0.47809809770793193,1.0561981421443953,0.8298590183258057,2,False,,,,
1766472014.7690282,0.47809809770793193,1.0561981421443953,0.8298590183258057,2,False,,,,
1766472014.775025,0.47809809770793193,1.0561981421443953,0.8298590183258057,2,False,,,,
1766472014.778881,0.4781181020744806,1.054571198836821,0.8095630407333374,2,False,,,,
1766472014.7815812,0.4781181020744806,1.054571198836821,0.8095630407333374,2,False,,,,
1766472014.784363,0.48884333853638323,1.0631363557930613,0.8169421255588531,2,False,,,,
1766472015.0822852,0.4899915028048386,1.0620573864380585,0.8079303801059723,2,False,,,,
1766472015.0891142,0.4899915028048386,1.0620573864380585,0.8079303801059723,2,False,,,,
1766472015.0955038,0.4899915028048386,1.0620573864380585,0.8079303801059723,2,False,,,,
1766472015.09852,0.49008047552544953,1.0570876309191428,0.8793877363204956,2,False,,,,
1766472015.1013398,0.48816012166959083,0.9840736504730347,0.8784292042255402,2,False,,,,
1766472015.390435,0.48816012166959083,0.9840736504730347,0.8784292042255402,2,False,,,,
1766472015.3962219,0.48862503526686263,0.9836138592326871,0.8699063062667847,2,False,,,,
1766472015.3991418,0.5154379788577931,0.9942406961393749,0.8868632018566132,2,False,,,,
1766472015.402143,0.5154379788577931,0.9942406961393749,0.8868632018566132,2,False,,,,
1766472015.407522,0.5315586363964472,1.0669510509252915,0.8829726874828339,2,False,,,,
1766472015.7949572,0.5315586363964472,1.0669510509252915,0.8829726874828339,2,False,,,,
1766472015.801168,0.5265197301776655,1.0681565489425962,0.9104101955890656,2,False,,,,
1766472015.804537,0.5268658497747707,1.0631702892591273,0.8702674806118011,2,False,,,,
1766472015.8094459,0.5268658497747707,1.0631702892591273,0.8702674806118011,2,False,,,,
1766472015.814861,0.6269552066291737,0.4543436883241938,1.0,2,False,,,,
1766472016.163003,0.6269552066291737,0.4543436883241938,1.0,2,False,,,,
1766472016.170232,0.6230851262214869,0.4671079513873957,1.0,2,False,,,,
1766472016.174187,0.6230851262214869,0.4671079513873957,1.0,2,False,,,,
1766472016.180376,0.6230851262214869,0.4671079513873957,1.0,2,False,,,,
1766472016.183234,0.6014421104312296,0.49904791133297133,1.0,2,False,,,,
1766472016.540246,0.6010657657526863,0.4970150195761085,1.0,2,False,,,,
1766472016.54594,0.6010657657526863,0.4970150195761085,1.0,2,False,,,,
1766472016.551598,0.6010657657526863,0.4970150195761085,1.0,2,False,,,,
1766472016.5550442,0.601725363450119,0.4974595473276062,0.9865743517875671,2,False,,,,
1766472016.558353,0.5958522042707004,0.4621720070883346,0.976195901632309,2,False,,,,
1766472016.931564,0.5958522042707004,0.4621720070883346,0.976195901632309,2,False,,,,
1766472016.9375129,0.5958522042707004,0.4621720070883346,0.976195901632309,2,False,,,,
1766472016.9405901,0.5961473881834514,0.4626785256176028,0.9876968860626221,2,False,,,,
1766472016.944043,0.5973446415148429,0.4587780559858601,1.0,2,False,,,,
1766472016.947197,0.592388864923696,0.4544179439643834,0.9931436777114868,2,False,,,,
1766472017.2731578,0.5917859416821191,0.4540870601835475,1.0,2,False,,,,
1766472017.279136,0.592451825478862,0.45304216620460525,1.0,2,False,,,,
1766472017.285394,0.592451825478862,0.45304216620460525,1.0,2,False,,,,
1766472017.2882729,0.592451825478862,0.45304216620460525,1.0,2,False,,,,
1766472017.291062,0.6461576996732525,0.3588593472467967,0.8432318866252899,2,False,,,,
1766472017.714396,0.6461576996732525,0.3588593472467967,0.8432318866252899,2,False,,,,
1766472017.720343,0.6461576996732525,0.3588593472467967,0.8432318866252899,2,False,,,,
1766472017.725593,0.6437181135972331,0.3462612284544315,0.7900848686695099,2,False,,,,
1766472017.7291799,0.6437181135972331,0.3462612284544315,0.7900848686695099,2,False,,,,
1766472017.7317052,0.5654248481655597,0.3212889460920605,0.3723046850195732,2,False,,,,
1766472018.123429,0.5654248481655597,0.3212889460920605,0.3723046850195732,2,False,,,,
1766472018.1297762,0.5749856074451356,0.3342500292422783,0.39232192463705173,2,False,,,,
1766472018.133599,0.5749856074451356,0.3342500292422783,0.39232192463705173,2,False,,,,
1766472018.1391208,0.5749856074451356,0.3342500292422783,0.39232192463705173,2,False,,,,
1766472018.141958,0.3307656817127487,0.4096272113785574,0.7900181412696838,2,False,,,,
1766472018.4976408,0.33323301271060446,0.41648653429168814,0.7333852648735046,2,False,,,,
1766472018.503377,0.33323301271060446,0.41648653429168814,0.7333852648735046,2,False,,,,
1766472018.508233,0.33323301271060446,0.41648653429168814,0.7333852648735046,2,False,,,,
1766472018.511013,0.33323301271060446,0.41648653429168814,0.7333852648735046,2,False,,,,
1766472018.516903,0.7057582726680474,0.2028074535897746,0.8408559858798981,2,False,,,,
1766472018.942326,0.7057582726680474,0.2028074535897746,0.8408559858798981,2,False,,,,
1766472018.9482281,0.714819555667162,0.19226936842024145,0.8142407536506653,2,False,,,,
1766472018.951657,0.3168515951049141,-0.2539213754289049,0.08182885730424212,2,False,,,,
1766472018.956047,0.3168515951049141,-0.2539213754289049,0.08182885730424212,2,False,,,,
1766472018.962621,0.3363311257047646,-0.06686713867793004,0.21680135052945934,2,False,,,,
1766472019.2730281,0.3363311257047646,-0.06686713867793004,0.21680135052945934,2,False,,,,
1766472019.2783911,0.3363311257047646,-0.06686713867793004,0.21680135052945934,2,False,,,,
1766472019.281352,0.3363311257047646,-0.06686713867793004,0.21680135052945934,2,False,,,,
1766472019.284663,0.3875839243276874,0.22816413929813684,0.8573437333106995,2,False,,,,
1766472019.288461,0.5709847693715274,0.2835849978119671,0.942804366350174,2,False,,,,
1766472019.554914,0.5727650033364713,0.285485742834916,0.9434753060340881,2,False,,,,
1766472019.56053,0.5727650033364713,0.285485742834916,0.9434753060340881,2,False,,,,
1766472019.566761,0.5727650033364713,0.285485742834916,0.9434753060340881,2,False,,,,
1766472019.5696452,0.5748223025269072,0.28516539776848326,0.9535910785198212,2,False,,,,
1766472019.572136,0.6407292216674164,0.3088428310594973,1.0,2,False,,,,
1766472019.988899,0.639891208738684,0.3102619911465627,1.0,2,False,,,,
1766472019.994868,0.639891208738684,0.3102619911465627,1.0,2,False,,,,
1766472020.0005918,0.639891208738684,0.3102619911465627,1.0,2,False,,,,
1766472020.003629,0.639891208738684,0.3102619911465627,1.0,2,False,,,,
1766472020.00669,0.6149671792983705,0.28611975760609343,1.0,2,False,,,,
1766472020.320213,0.6149671792983705,0.28611975760609343,1.0,2,False,,,,
1766472020.325471,0.6152358788790455,0.283906548233374,1.0,2,False,,,,
1766472020.3291001,0.6152358788790455,0.283906548233374,1.0,2,False,,,,
1766472020.3336031,0.6152358788790455,0.283906548233374,1.0,2,False,,,,
1766472020.339241,0.5829002316604364,0.2635295528484861,1.0,2,False,,,,
1766472020.6107352,0.5818003436371424,0.26286731818648734,1.0,2,False,,,,
1766472020.618573,0.5818003436371424,0.26286731818648734,1.0,2,False,,,,
1766472020.624038,0.5810887288724389,0.26277235011912126,1.0,2,False,,,,
1766472020.626786,0.5797671990719876,0.2628419842815912,1.0,2,False,,,,
1766472020.6296341,0.6208212809859861,0.2501006117429907,1.0,2,False,,,,
1766472020.899521,0.6211104592923771,0.2494194472819009,1.0,2,False,,,,
1766472020.9049358,0.6211104592923771,0.2494194472819009,1.0,2,False,,,,
1766472020.9081962,0.6211104592923771,0.2494194472819009,1.0,2,False,,,,
1766472020.911125,0.6229234106773204,0.2501303197171033,1.0,2,False,,,,
1766472020.9138958,0.6378466409105291,0.23075137868639084,1.0,2,False,,,,
1766472021.2690299,0.6378466409105291,0.23075137868639084,1.0,2,False,,,,
1766472021.274833,0.6378466409105291,0.23075137868639084,1.0,2,False,,,,
1766472021.277588,0.6378466409105291,0.23075137868639084,1.0,2,False,,,,
1766472021.280192,0.6386354885591647,0.2293586831592993,1.0,2,False,,,,
1766472021.282815,0.5985907833728821,0.2790303050220232,1.0,2,False,,,,
1766472021.910551,0.5985907833728821,0.2790303050220232,1.0,2,False,,,,
1766472021.916466,0.5976568548100066,0.2811899609949544,1.0,2,False,,,,
1766472021.919461,0.5977563771421817,0.2820293863727985,1.0,2,False,,,,
1766472021.922219,0.5977563771421817,0.2820293863727985,1.0,2,False,,,,
1766472021.9258869,0.6020378882920012,0.2970366276485993,1.0,2,False,,,,
1766472022.2238169,0.6055954976724125,0.2989331993812534,1.0,2,False,,,,
1766472022.2292538,0.6055954976724125,0.2989331993812534,1.0,2,False,,,,
1766472022.23441,0.6269372722679073,0.31035045309329246,1.0,2,False,,,,
1766472022.237629,0.6269372722679073,0.31035045309329246,1.0,2,False,,,,
1766472022.2406101,0.5907787542771058,0.29172565195595523,0.9999873042106628,2,False,,,,
1766472022.61264,0.5907787542771058,0.29172565195595523,0.9999873042106628,2,False,,,,
1766472022.618263,0.5907787542771058,0.29172565195595523,0.9999873042106628,2,False,,,,
1766472022.6213582,0.5911660871556562,0.29562437967899835,1.0,2,False,,,,
1766472022.6243992,0.5911660871556562,0.29562437967899835,1.0,2,False,,,,
1766472022.627178,0.6265516631566601,0.3829406485991562,0.9842537641525269,2,False,,,,
1766472023.0089478,0.624480906083299,0.3828317598272185,1.0,2,False,,,,
1766472023.015625,0.624480906083299,0.3828317598272185,1.0,2,False,,,,
1766472023.0209222,0.6202994325412491,0.3880686508331965,1.0,2,False,,,,
1766472023.023935,0.6202994325412491,0.3880686508331965,1.0,2,False,,,,
1766472023.0287411,0.5227664759402594,0.48941682479769455,1.0,2,True,0.5046377182006836,0.48004668951034546,0.08684806525707245,0.17784304916858673
1766472023.5328152,0.5227664759402594,0.48941682479769455,1.0,2,True,0.5046377182006836,0.48004668951034546,0.08684806525707245,0.17784304916858673
1766472023.539428,0.5227664759402594,0.48941682479769455,1.0,2,True,0.5046377182006836,0.48004668951034546,0.08684806525707245,0.17784304916858673
1766472023.5429409,0.5239860506899511,0.48640302747457487,0.9985962808132172,2,True,0.5046377182006836,0.48004668951034546,0.08684806525707245,0.17784304916858673
1766472023.545862,0.5239860506899511,0.48640302747457487,0.9985962808132172,2,True,0.5046377182006836,0.48004668951034546,0.08684806525707245,0.17784304916858673
1766472023.552196,0.5505815375312092,0.536567672658689,0.8606379628181458,2,False,,,,
1766472024.054788,0.5505815375312092,0.536567672658689,0.8606379628181458,2,False,,,,
1766472024.060708,0.549633174329284,0.538259134248417,0.9125661253929138,2,False,,,,
1766472024.063998,0.5505262220758758,0.53851125772159,0.9115675687789917,2,False,,,,
1766472024.0673358,0.5505262220758758,0.53851125772159,0.9115675687789917,2,False,,,,
1766472024.072268,0.5010023049748371,0.49506631311229854,0.9783543944358826,2,False,,,,
1766472024.5759308,0.5010023049748371,0.49506631311229854,0.9783543944358826,2,False,,,,
1766472024.580777,0.5005542825653162,0.4903935086260728,0.9311239123344421,2,False,,,,
1766472024.5835168,0.5005542825653162,0.4903935086260728,0.9311239123344421,2,False,,,,
1766472024.585802,0.5005542825653162,0.4903935086260728,0.9311239123344421,2,False,,,,
1766472024.591188,0.48261144139153656,0.5235661744884367,0.5520516030482949,2,False,,,,
1766472025.034165,0.5158800629175996,0.41798657416638996,0.8090074956417084,2,False,,,,
1766472025.039577,0.5158800629175996,0.41798657416638996,0.8090074956417084,2,False,,,,
1766472025.044935,0.5158800629175996,0.41798657416638996,0.8090074956417084,2,False,,,,
1766472025.0477571,0.5153921543997864,0.4164173795038373,0.798078715801239,2,False,,,,
1766472025.050501,0.5527021837145799,0.36240451799628004,0.8296077731937928,2,False,,,,
1766472025.393822,0.5527021837145799,0.36240451799628004,0.8296077731937928,2,False,,,,
1766472025.399607,0.5527021837145799,0.36240451799628004,0.8296077731937928,2,False,,,,
1766472025.403133,0.5545065594876253,0.35841784478761296,0.8273502320576516,2,False,,,,
1766472025.408612,0.5545065594876253,0.35841784478761296,0.8273502320576516,2,False,,,,
1766472025.41445,0.570635649347347,0.45366053075673285,0.5906630524963965,2,False,,,,
1766472025.8010461,0.5731766127116595,0.40451544920735827,0.765771359205246,2,False,,,,
1766472025.8071601,0.5731766127116595,0.40451544920735827,0.765771359205246,2,False,,,,
1766472025.812455,0.5731766127116595,0.40451544920735827,0.765771359205246,2,False,,,,
1766472025.815138,0.5731766127116595,0.40451544920735827,0.765771359205246,2,False,,,,
1766472025.817719,-0.04092253745272103,0.8967564764299009,0.0,2,False,,,,
1766472026.109617,-0.04092253745272103,0.8967564764299009,0.0,2,False,,,,
1766472026.116315,-0.04092253745272103,0.8967564764299009,0.0,2,False,,,,
1766472026.1217122,0.2898378313122723,0.7229987759716197,0.1526935140780803,2,False,,,,
1766472026.125029,0.2898378313122723,0.7229987759716197,0.1526935140780803,2,False,,,,
1766472026.130296,0.4891217426115837,0.8628653083831316,0.6611525893211365,2,False,,,,
1766472026.4377038,0.4891217426115837,0.8628653083831316,0.6611525893211365,2,False,,,,
1766472026.445539,0.2078791203264369,0.590117062469176,0.19806640514049845,2,False,,,,
1766472026.4516852,0.2078791203264369,0.590117062469176,0.19806640514049845,2,False,,,,
1766472026.455141,0.2078791203264369,0.590117062469176,0.19806640514049845,2,False,,,,
1766472026.457927,0.5710995602775101,0.8728550526549248,0.8222523331642151,2,False,,,,
1766472026.93212,0.5710995602775101,0.8728550526549248,0.8222523331642151,2,False,,,,
1766472026.939766,0.5718883707808116,0.8736849498696,0.835153341293335,2,False,,,,
1766472026.942705,0.5726836139942921,0.8707948069808638,0.807206004858017,2,False,,,,
1766472026.945674,0.5726836139942921,0.8707948069808638,0.807206004858017,2,False,,,,
1766472026.9511511,0.5794320062690997,0.8646645408485228,0.8780764043331146,1,False,,,,
1766472027.176123,0.5747489886476012,0.8729667212570923,0.922764927148819,1,False,,,,
1766472027.1839738,0.5700563823390251,0.8842904773024028,0.9377369582653046,1,False,,,,
1766472027.189281,0.5700563823390251,0.8842904773024028,0.9377369582653046,1,False,,,,
1766472027.19221,0.5338718075829967,0.8719322699089651,0.8380339741706848,1,False,,,,
1766472027.1945732,0.591473127818677,0.9012964543430781,0.8882517516613007,1,False,,,,
1766472027.4874291,0.591473127818677,0.9012964543430781,0.8882517516613007,1,False,,,,
1766472027.492862,0.591473127818677,0.9012964543430781,0.8882517516613007,1,False,,,,
1766472027.496,0.5921938962137135,0.8984147297313587,0.8832064867019653,1,False,,,,
1766472027.4988968,0.5907245151213298,0.8983080088002089,0.8853623270988464,1,False,,,,
1766472027.5034602,0.5765333436424284,0.8951536025243815,0.8841885030269623,1,False,,,,
1766472027.720351,0.5765333436424284,0.8951536025243815,0.8841885030269623,1,False,,,,
1766472027.735185,0.5784940640879908,0.896232978044049,0.8834304511547089,1,False,,,,
1766472027.740006,0.5784940640879908,0.896232978044049,0.8834304511547089,1,False,,,,
1766472027.742743,0.5784940640879908,0.896232978044049,0.8834304511547089,1,False,,,,
1766472027.747883,0.5520324466363723,0.9054871091180435,0.9373196363449097,1,False,,,,
1766472027.9683998,0.5512212090212915,0.9045737283662343,0.9098085761070251,1,False,,,,
1766472027.973405,0.5512212090212915,0.9045737283662343,0.9098085761070251,1,False,,,,
1766472027.978113,0.5512212090212915,0.9045737283662343,0.9098085761070251,1,False,,,,
1766472027.981046,0.5496219867008184,0.9056946178268681,0.8745231032371521,1,False,,,,
1766472027.984438,0.5253931695043472,0.758021072605645,0.8226908445358276,1,False,,,,
1766472028.3552241,0.5253931695043472,0.758021072605645,0.8226908445358276,1,False,,,,
1766472028.360359,0.5253931695043472,0.758021072605645,0.8226908445358276,1,False,,,,
1766472028.363637,0.5253931695043472,0.758021072605645,0.8226908445358276,1,False,,,,
1766472028.366824,0.5524604131266877,0.7081681577092371,0.7890834212303162,1,False,,,,
1766472028.370003,0.5678494534320421,0.8520977315009405,0.8487313985824585,1,False,,,,
1766472028.7384908,0.5681303755561227,0.8555857238106076,0.8510977625846863,1,False,,,,
1766472028.744568,0.5681303755561227,0.8555857238106076,0.8510977625846863,1,False,,,,
1766472028.7505229,0.5681303755561227,0.8555857238106076,0.8510977625846863,1,False,,,,
1766472028.753425,0.5660502659427002,0.8590469150284312,0.8450958430767059,1,False,,,,
1766472028.756526,0.5566274021582021,0.857185887420205,0.8511115908622742,1,False,,,,
1766472028.965409,0.5566274021582021,0.857185887420205,0.8511115908622742,1,False,,,,
1766472028.970638,0.5570043875146886,0.8562220578863224,0.8757098615169525,1,False,,,,
1766472028.9738922,0.5570043875146886,0.8562220578863224,0.8757098615169525,1,False,,,,
1766472028.978548,0.5570043875146886,0.8562220578863224,0.8757098615169525,1,False,,,,
1766472028.981515,0.14344519297923988,1.1319299316106526,0.3676933668389452,1,False,,,,
1766472029.222759,0.5668727230846021,1.038622292465494,0.40157336557742895,1,False,,,,
1766472029.227833,0.5668727230846021,1.038622292465494,0.40157336557742895,1,False,,,,
1766472029.233228,0.5668727230846021,1.038622292465494,0.40157336557742895,1,False,,,,
1766472029.238189,0.6580939262723297,1.2385552723870776,0.4026549292823333,1,False,,,,
1766472029.240615,0.5707966686958388,1.0133840047016978,0.7893115878105164,1,False,,,,
1766472029.633426,0.5707966686958388,1.0133840047016978,0.7893115878105164,1,False,,,,
1766472029.638664,0.5707966686958388,1.0133840047016978,0.7893115878105164,1,False,,,,
1766472029.642279,0.5716896668266593,1.0125273527815122,0.8212944269180298,1,False,,,,
1766472029.6452532,0.5716896668266593,1.0125273527815122,0.8212944269180298,1,False,,,,
1766472029.649854,0.5363153462725865,0.9285319566072531,0.8557198643684387,1,False,,,,
1766472029.97744,0.5363153462725865,0.9285319566072531,0.8557198643684387,1,False,,,,
1766472029.982239,0.5363153462725865,0.9285319566072531,0.8557198643684387,1,False,,,,
1766472029.9874392,0.5363153462725865,0.9285319566072531,0.8557198643684387,1,False,,,,
1766472029.9902909,0.5363153462725865,0.9285319566072531,0.8557198643684387,1,False,,,,
1766472029.993141,0.4985973274198757,0.9727965293901142,0.9496853649616241,1,False,,,,
1766472030.205782,0.4985973274198757,0.9727965293901142,0.9496853649616241,1,False,,,,
1766472030.211201,0.49877859668620284,0.9769327618998019,0.892948716878891,1,False,,,,
1766472030.214305,0.49877859668620284,0.9769327618998019,0.892948716878891,1,False,,,,
1766472030.219094,0.49877859668620284,0.9769327618998019,0.892948716878891,1,False,,,,
1766472030.222284,0.5279351965787362,0.8485176860102944,0.8344652056694031,1,False,,,,
1766472030.5012531,0.5279351965787362,0.8485176860102944,0.8344652056694031,1,False,,,,
1766472030.506519,0.5279351965787362,0.8485176860102944,0.8344652056694031,1,False,,,,
1766472030.5094342,0.5279351965787362,0.8485176860102944,0.8344652056694031,1,False,,,,
1766472030.511779,0.5285770305851301,0.8479486411492289,0.8486406803131104,1,False,,,,
1766472030.515276,0.7180981121844928,1.2576237552029281,0.4332102619165397,1,False,,,,
1766472030.7982678,0.7329708431278382,1.1054665919457685,0.39712842939359616,1,False,,,,
1766472030.805355,0.7329708431278382,1.1054665919457685,0.39712842939359616,1,False,,,,
1766472030.809952,0.7329708431278382,1.1054665919457685,0.39712842939359616,1,False,,,,
1766472030.812779,0.33854027412135385,1.536973460208997,0.7500201463699341,1,False,,,,
1766472030.815903,0.7068649591845476,1.15633361296459,0.4226584424256563,1,False,,,,
1766472031.121357,0.7068649591845476,1.15633361296459,0.4226584424256563,1,False,,,,
1766472031.128813,0.7068649591845476,1.15633361296459,0.4226584424256563,1,False,,,,
1766472031.131498,0.7220666326765932,1.122113442397922,0.3986254022141002,1,False,,,,
1766472031.134526,0.26582515844898796,1.4186185077963402,0.7498461604118347,1,False,,,,
1766472031.138358,0.682622483582981,1.1154085104585587,0.3719523215347078,1,False,,,,
1766472031.3599129,0.682622483582981,1.1154085104585587,0.3719523215347078,1,False,,,,
1766472031.367521,0.24226404412363856,1.3655476600313672,0.7641870975494385,1,False,,,,
1766472031.370414,0.24226404412363856,1.3655476600313672,0.7641870975494385,1,False,,,,
1766472031.376554,0.24226404412363856,1.3655476600313672,0.7641870975494385,1,False,,,,
1766472031.381512,0.492416722226585,0.8181796328401105,0.8385705947875977,0,False,,,,
1766472031.590477,0.492416722226585,0.8181796328401105,0.8385705947875977,0,False,,,,
1766472031.598329,0.492416722226585,0.8181796328401105,0.8385705947875977,0,False,,,,
1766472031.600898,0.4916068116749073,0.835623283143764,0.7535353302955627,0,False,,,,
1766472031.603742,0.4916068116749073,0.835623283143764,0.7535353302955627,0,False,,,,
1766472031.606647,0.3466172567649015,1.0982125279120294,0.8167316317558289,1,False,,,,
1766472031.8266082,0.3466172567649015,1.0982125279120294,0.8167316317558289,1,False,,,,
1766472031.8325021,0.3525677855665242,1.0873785251951378,0.8016712665557861,1,False,,,,
1766472031.8352718,0.3525677855665242,1.0873785251951378,0.8016712665557861,1,False,,,,
1766472031.837889,0.3525677855665242,1.0873785251951378,0.8016712665557861,1,False,,,,
1766472031.842549,0.3842981008757829,1.10951275345003,0.8123958706855774,1,False,,,,
1766472032.052064,0.38595571715430577,1.1074681195204872,0.8575587272644043,1,False,,,,
1766472032.0567,0.38797299646045663,1.1067815015048341,0.7807481288909912,1,False,,,,
1766472032.061549,0.38797299646045663,1.1067815015048341,0.7807481288909912,1,False,,,,
1766472032.064846,0.38797299646045663,1.1067815015048341,0.7807481288909912,1,False,,,,
1766472032.067459,0.5321006213775017,0.8094502176888748,0.8291118144989014,1,False,,,,
1766472032.3558002,0.5317892044314758,0.8087939720986304,0.7975943684577942,1,False,,,,
1766472032.362668,0.5317892044314758,0.8087939720986304,0.7975943684577942,1,False,,,,
1766472032.367695,0.5317892044314758,0.8087939720986304,0.7975943684577942,1,False,,,,
1766472032.371352,0.741049009322128,1.094843204660427,0.40064217711017225,1,False,,,,
1766472032.37391,0.7135371358595203,1.090691603527037,0.39914796626930926,1,False,,,,
1766472032.597621,0.7135371358595203,1.090691603527037,0.39914796626930926,1,False,,,,
1766472032.60355,0.3422160689154116,0.9700942485673113,0.8411304354667664,1,False,,,,
1766472032.6063669,0.7243941492764324,0.9840070092231131,0.36900606076182746,1,False,,,,
1766472032.6105092,0.7243941492764324,0.9840070092231131,0.36900606076182746,1,False,,,,
1766472032.615204,0.6451966343870292,1.3886435320554404,0.3368432715527479,1,False,,,,
1766472032.867369,0.6451966343870292,1.3886435320554404,0.3368432715527479,1,False,,,,
1766472032.87328,0.7319164624404048,1.0325526227514894,0.37639135070911806,1,False,,,,
1766472032.87614,0.7319164624404048,1.0325526227514894,0.37639135070911806,1,False,,,,
1766472032.878834,0.7319164624404048,1.0325526227514894,0.37639135070911806,1,False,,,,
1766472032.883753,0.7412187521332158,1.0621833289795986,0.44824512063958855,2,False,,,,
1766472033.149209,0.7412187521332158,1.0621833289795986,0.44824512063958855,2,False,,,,
1766472033.156259,0.45580044870055747,0.9121706434559305,0.8004267513751984,2,False,,,,
1766472033.1593611,0.45625541243942946,0.9096340398251539,0.7487803399562836,2,False,,,,
1766472033.1629891,0.45625541243942946,0.9096340398251539,0.7487803399562836,2,False,,,,
1766472033.170105,0.4449143692691018,0.9549106334634391,0.7675856947898865,0,False,,,,
1766472033.374215,0.4449143692691018,0.9549106334634391,0.7675856947898865,0,False,,,,
1766472033.3814049,0.43786327092117255,0.961091688641473,0.8102513253688812,0,False,,,,
1766472033.3863418,0.43786327092117255,0.961091688641473,0.8102513253688812,0,False,,,,
1766472033.389266,0.43786327092117255,0.961091688641473,0.8102513253688812,0,False,,,,
1766472033.392303,0.45337579327228184,0.856696633009901,0.9312817752361298,1,False,,,,
1766472033.707763,0.45337579327228184,0.856696633009901,0.9312817752361298,1,False,,,,
1766472033.7143612,0.44996008288267253,0.8835455110243717,0.8320420384407043,1,False,,,,
1766472033.717223,0.44996008288267253,0.8835455110243717,0.8320420384407043,1,False,,,,
1766472033.720617,0.44996008288267253,0.8835455110243717,0.8320420384407043,1,False,,,,
1766472033.726075,0.4493355968702176,0.8911441754429746,0.9062121510505676,1,False,,,,
1766472033.994459,0.4493355968702176,0.8911441754429746,0.9062121510505676,1,False,,,,
1766472033.999764,0.44799984916122304,0.9023153872906279,0.865872323513031,1,False,,,,
1766472034.0044549,0.44799984916122304,0.9023153872906279,0.865872323513031,1,False,,,,
1766472034.009535,0.44799984916122304,0.9023153872906279,0.865872323513031,1,False,,,,
1766472034.0130079,0.46442352242721985,0.9317066638167558,0.878117173910141,1,False,,,,
1766472034.302598,0.46442352242721985,0.9317066638167558,0.878117173910141,1,False,,,,
1766472034.30848,0.46442352242721985,0.9317066638167558,0.878117173910141,1,False,,,,
1766472034.311542,0.46618719176590745,0.9315468444126199,0.8959117233753204,1,False,,,,
1766472034.314611,0.46798385692422106,0.9282758999496205,0.8903266787528992,1,False,,,,
1766472034.317259,0.5400731194979373,0.8723806738856809,0.9579229354858398,1,False,,,,
1766472034.581218,0.5450855608702804,0.8591378125615013,0.9581957459449768,1,False,,,,
1766472034.5869088,0.5450855608702804,0.8591378125615013,0.9581957459449768,1,False,,,,
1766472034.5928168,0.5450855608702804,0.8591378125615013,0.9581957459449768,1,False,,,,
1766472034.59553,0.5450855608702804,0.8591378125615013,0.9581957459449768,1,False,,,,
1766472034.6000829,0.4909470811348974,0.8868022133166524,0.9911254644393921,1,False,,,,
1766472034.915903,0.4917577836900879,0.8822899896920325,0.9768388867378235,1,False,,,,
1766472034.9223099,0.49333660128791185,0.8793001866196589,0.8909303843975067,1,False,,,,
1766472034.927895,0.49333660128791185,0.8793001866196589,0.8909303843975067,1,False,,,,
1766472034.930974,0.49333660128791185,0.8793001866196589,0.8909303843975067,1,False,,,,
1766472034.9336472,0.4927963843825062,0.8655058665546788,0.9148885607719421,2,False,,,,
1766472035.319594,0.49169377403509323,0.8663496459108264,0.9210716485977173,2,False,,,,
1766472035.32548,0.49079542828284345,0.8626325692913217,0.9757855236530304,2,False,,,,
1766472035.3307421,0.49079542828284345,0.8626325692913217,0.9757855236530304,2,False,,,,
1766472035.333663,0.49079542828284345,0.8626325692913217,0.9757855236530304,2,False,,,,
1766472035.3364081,0.49004622699631917,0.8880988575598743,0.9191974997520447,1,False,,,,
1766472035.551403,0.49090722339504234,0.8867558440803917,0.9296537339687347,1,False,,,,
1766472035.555758,0.4915058125422796,0.8940288722379721,0.9432613849639893,1,False,,,,
1766472035.559155,0.4915058125422796,0.8940288722379721,0.9432613849639893,1,False,,,,
1766472035.565325,0.4915058125422796,0.8940288722379721,0.9432613849639893,1,False,,,,
1766472035.568512,0.4764911190432672,0.9496937426817005,0.8723195791244507,1,False,,,,
1766472035.79405,0.4764911190432672,0.9496937426817005,0.8723195791244507,1,False,,,,
1766472035.8006341,0.4764911190432672,0.9496937426817005,0.8723195791244507,1,False,,,,
1766472035.804031,0.4781939271137932,0.9488483614406781,0.897353321313858,1,False,,,,
1766472035.807064,0.4796015764028899,0.9507035110183932,0.9271683692932129,1,False,,,,
1766472035.8097742,0.5243126413844476,1.0202040759850701,0.5100915875017434,1,False,,,,
1766472036.1040199,0.5243126413844476,1.0202040759850701,0.5100915875017434,1,False,,,,
1766472036.110803,0.523738133841456,1.0208596579662557,0.48042003504559916,1,False,,,,
1766472036.115254,0.523738133841456,1.0208596579662557,0.48042003504559916,1,False,,,,
1766472036.1205602,0.523738133841456,1.0208596579662557,0.48042003504559916,1,False,,,,
1766472036.123202,0.4773988127562969,1.0222077353631347,0.9150607585906982,1,False,,,,
1766472036.374282,0.4773988127562969,1.0222077353631347,0.9150607585906982,1,False,,,,
1766472036.380148,0.4773622233978524,1.02384096247127,0.8783830106258392,1,False,,,,
1766472036.383233,0.4773622233978524,1.02384096247127,0.8783830106258392,1,False,,,,
1766472036.388476,0.4773622233978524,1.02384096247127,0.8783830106258392,1,False,,,,
1766472036.391735,0.47128968286215056,1.0334539020297595,0.8601223230361938,1,False,,,,
1766472036.639335,0.47128968286215056,1.0334539020297595,0.8601223230361938,1,False,,,,
1766472036.6448529,0.4735478085567828,1.0270937313796948,0.8428561389446259,1,False,,,,
1766472036.6480682,0.4735478085567828,1.0270937313796948,0.8428561389446259,1,False,,,,
1766472036.651178,0.4735478085567828,1.0270937313796948,0.8428561389446259,1,False,,,,
1766472036.657079,0.3799327708797717,1.18539831542834,0.8103280961513519,1,False,,,,
1766472037.2046232,0.3799327708797717,1.18539831542834,0.8103280961513519,1,False,,,,
1766472037.212188,0.37881360387027907,1.1838267675629726,0.8236310184001923,1,False,,,,
1766472037.215034,0.38126041818370443,1.1843946463196633,0.8342154324054718,1,False,,,,
1766472037.217726,0.38126041818370443,1.1843946463196633,0.8342154324054718,1,False,,,,
1766472037.22369,0.48277854849438456,0.9115348330105693,0.8449987769126892,2,False,,,,
1766472037.771302,0.48277854849438456,0.9115348330105693,0.8449987769126892,2,False,,,,
1766472037.779825,0.484067994261414,0.9086932581548455,0.8700609803199768,2,False,,,,
1766472037.7827241,0.48458701898135786,0.906872518768811,0.836759477853775,2,False,,,,
1766472037.785255,0.48458701898135786,0.906872518768811,0.836759477853775,2,False,,,,
1766472037.792015,0.4803055010792243,0.9993576024386421,0.8836078643798828,1,False,,,,
1766472038.109091,0.4803055010792243,0.9993576024386421,0.8836078643798828,1,False,,,,
1766472038.115571,0.4791903785020276,1.0001603132912429,0.8874737024307251,1,False,,,,
1766472038.120448,0.4771360038049557,1.0069591822905442,0.9015888571739197,1,False,,,,
1766472038.123122,0.4771360038049557,1.0069591822905442,0.9015888571739197,1,False,,,,
1766472038.12817,0.471455646247394,1.1112272376922872,0.9080797135829926,1,False,,,,
1766472038.4983208,0.471455646247394,1.1112272376922872,0.9080797135829926,1,False,,,,
1766472038.5059168,0.4865386490856397,1.0968070642318135,0.9397125244140625,1,False,,,,
1766472038.50932,0.4865386490856397,1.0968070642318135,0.9397125244140625,1,False,,,,
1766472038.512568,0.4865386490856397,1.0968070642318135,0.9397125244140625,1,False,,,,
1766472038.5195038,0.47977052315958224,1.0745426664901636,0.96977099776268,2,False,,,,
1766472038.995151,0.47977052315958224,1.0745426664901636,0.96977099776268,2,False,,,,
1766472039.000693,0.47977052315958224,1.0745426664901636,0.96977099776268,2,False,,,,
1766472039.00366,0.47898920817685064,1.0727072825862978,0.9408112168312073,2,False,,,,
1766472039.006863,0.4781777954883298,1.0725238733689473,0.9158612489700317,2,False,,,,
1766472039.013107,0.7221912866045026,0.29760159564676913,0.9779032170772552,2,False,,,,
1766472039.522032,0.7221912866045026,0.29760159564676913,0.9779032170772552,2,False,,,,
1766472039.52932,0.7582826946947134,0.3199059318210321,0.9674527645111084,2,False,,,,
1766472039.535386,0.7582826946947134,0.3199059318210321,0.9674527645111084,2,False,,,,
1766472039.538661,0.7582826946947134,0.3199059318210321,0.9674527645111084,2,False,,,,
1766472039.5414422,0.6171477381220576,0.307407400517949,1.0,2,False,,,,
1766472040.0362182,0.6171477381220576,0.307407400517949,1.0,2,False,,,,
1766472040.042537,0.6171477381220576,0.307407400517949,1.0,2,False,,,,
1766472040.045527,0.6165112485317195,0.308254275709833,1.0,2,False,,,,
1766472040.048497,0.6165112485317195,0.308254275709833,1.0,2,False,,,,
1766472040.051611,0.6411969074805388,0.3474773444546617,1.0,2,False,,,,
1766472040.4795468,0.6411969074805388,0.3474773444546617,1.0,2,False,,,,
1766472040.484437,0.6408885240981828,0.3484549961422071,1.0,2,False,,,,
1766472040.487424,0.6408885240981828,0.3484549961422071,1.0,2,False,,,,
1766472040.4936802,0.6408885240981828,0.3484549961422071,1.0,2,False,,,,
1766472040.4966478,0.6120271367048683,0.4829134371222312,1.0,2,True,0.5211779475212097,0.46763598918914795,0.08736085891723633,0.1800312101840973
1766472040.957459,0.6120271367048683,0.4829134371222312,1.0,2,True,0.5211779475212097,0.46763598918914795,0.08736085891723633,0.1800312101840973
1766472040.9635751,0.6120481280537309,0.4814470353090159,1.0,2,True,0.5211779475212097,0.46763598918914795,0.08736085891723633,0.1800312101840973
1766472040.966725,0.6116640024912796,0.47944742929899453,1.0,2,True,0.5211779475212097,0.46763598918914795,0.08736085891723633,0.1800312101840973
1766472040.969434,0.6116640024912796,0.47944742929899453,1.0,2,True,0.5211779475212097,0.46763598918914795,0.08736085891723633,0.1800312101840973
1766472040.974879,0.6077471568141144,0.33430515277561934,1.0,2,False,,,,
1766472041.369184,0.607408749055927,0.33587901114957064,1.0,2,False,,,,
1766472041.375304,0.607408749055927,0.33587901114957064,1.0,2,False,,,,
1766472041.381718,0.607408749055927,0.33587901114957064,1.0,2,False,,,,
1766472041.3864949,0.6073362829120397,0.33762848929879463,1.0,2,False,,,,
1766472041.3890738,0.60035604847009,0.3727526792874354,1.0,2,False,,,,
1766472041.8868952,0.60035604847009,0.3727526792874354,1.0,2,False,,,,
1766472041.8929222,0.6013385509310348,0.3726510697036407,1.0,2,False,,,,
1766472041.898249,0.6013385509310348,0.3726510697036407,1.0,2,False,,,,
1766472041.901431,0.6013385509310348,0.3726510697036407,1.0,2,False,,,,
1766472041.904094,0.6372257440146607,0.3642371143537846,1.0,2,False,,,,
1766472042.2843258,0.6372257440146607,0.3642371143537846,1.0,2,False,,,,
1766472042.290205,0.6344682312869134,0.36371345915045605,1.0,2,False,,,,
1766472042.293441,0.6344682312869134,0.36371345915045605,1.0,2,False,,,,
1766472042.298506,0.6344682312869134,0.36371345915045605,1.0,2,False,,,,
1766472042.3015869,0.5725105193514477,0.32993666757290296,1.0,2,False,,,,
1766472042.719166,0.5725105193514477,0.32993666757290296,1.0,2,False,,,,
1766472042.724923,0.5731186639367281,0.3296748436421205,1.0,2,False,,,,
1766472042.728352,0.5731186639367281,0.3296748436421205,1.0,2,False,,,,
1766472042.731072,0.5731186639367281,0.3296748436421205,1.0,2,False,,,,
1766472042.736864,0.5672702610696595,0.33059717241398956,1.0,2,False,,,,
1766472043.051969,0.5672702610696595,0.33059717241398956,1.0,2,False,,,,
1766472043.057514,0.5672702610696595,0.33059717241398956,1.0,2,False,,,,
1766472043.060666,0.5664261454956122,0.32887071413626434,1.0,2,False,,,,
1766472043.064896,0.5664261454956122,0.32887071413626434,1.0,2,False,,,,
1766472043.067848,0.5960967102219557,0.3341740045596683,1.0,2,False,,,,
1766472043.441786,0.5960967102219557,0.3341740045596683,1.0,2,False,,,,
1766472043.448552,0.5962225697696291,0.33461589085455445,1.0,2,False,,,,
1766472043.4538171,0.5962225697696291,0.33461589085455445,1.0,2,False,,,,
1766472043.459469,0.5967119537969932,0.33360505934492546,1.0,2,False,,,,
1766472043.462699,0.5719081489539664,0.20247284864237947,0.7949999999999999,2,False,,,,
1766472043.881918,0.5863779104288664,0.10068676657398323,0.995,2,False,,,,
1766472043.8893561,0.5863779104288664,0.10068676657398323,0.995,2,False,,,,
1766472043.8955488,0.5875204924905804,0.08756202802465174,1.0,2,False,,,,
1766472043.898755,0.5883737933291676,0.08618783307199451,1.0,2,False,,,,
1766472043.90136,0.5361042808261898,0.34719002140164057,1.0,1,False,,,,
1766472044.200266,0.5382114959284899,0.33369220589531423,1.0,1,False,,,,
1766472044.207492,0.5382114959284899,0.33369220589531423,1.0,1,False,,,,
1766472044.213022,0.5382114959284899,0.33369220589531423,1.0,1,False,,,,
1766472044.216127,0.5393639341042884,0.3211363159206231,1.0,1,False,,,,
1766472044.221026,0.5177642468082748,-0.10793526810769927,1.0,1,False,,,,
1766472044.538367,0.5165609293489201,-0.0948982461212593,1.0,1,False,,,,
1766472044.546327,0.5165609293489201,-0.0948982461212593,1.0,1,False,,,,
1766472044.5521889,0.5153162334812916,-0.07353573245416056,1.0,1,False,,,,
1766472044.555488,0.5153162334812916,-0.07353573245416056,1.0,1,False,,,,
1766472044.558563,0.45473337918722195,0.948679843484465,0.8927839696407318,1,False,,,,
1766472045.108972,0.45208186940127026,0.9500733135168437,0.894391268491745,1,False,,,,
1766472045.116381,0.45208186940127026,0.9500733135168437,0.894391268491745,1,False,,,,
1766472045.119006,0.45208186940127026,0.9500733135168437,0.894391268491745,1,False,,,,
1766472045.121541,0.44683326081697555,0.9448685444555321,0.8991804718971252,1,False,,,,
1766472045.124592,0.43896946745237353,0.9343401198595626,0.8877771198749542,1,False,,,,
1766472045.452471,0.43896946745237353,0.9343401198595626,0.8877771198749542,1,False,,,,
1766472045.4572039,0.44536185692367714,0.9105358812063092,0.9500904977321625,1,False,,,,
1766472045.4612591,0.44536185692367714,0.9105358812063092,0.9500904977321625,1,False,,,,
1766472045.463957,0.44536185692367714,0.9105358812063092,0.9500904977321625,1,False,,,,
1766472045.469552,0.4929769674488759,0.8615102541085452,0.88362056016922,0,False,,,,
1766472045.688211,0.4929769674488759,0.8615102541085452,0.88362056016922,0,False,,,,
1766472045.6934469,0.4962142469208189,0.8567689107492444,0.9299895465373993,0,False,,,,
1766472045.696945,0.4962142469208189,0.8567689107492444,0.9299895465373993,0,False,,,,
1766472045.700263,0.4962142469208189,0.8567689107492444,0.9299895465373993,0,False,,,,
1766472045.705824,0.49880178619299115,0.838659972470017,0.9550635814666748,0,False,,,,
1766472045.925787,0.4988130861085449,0.8399615296519463,0.9796940386295319,0,False,,,,
1766472045.931369,0.4988130861085449,0.8399615296519463,0.9796940386295319,0,False,,,,
1766472045.936049,0.4988130861085449,0.8399615296519463,0.9796940386295319,0,False,,,,
1766472045.940772,0.4943055245124806,0.8437153848290057,0.9644995033740997,0,False,,,,
1766472045.944214,0.5998046582725239,0.5873890183017474,1.0,0,False,,,,
1766472047.4048052,0.5998046582725239,0.5873890183017474,1.0,0,False,,,,
1766472047.4124658,0.5998046582725239,0.5873890183017474,1.0,0,False,,,,
1766472047.4181938,0.5984120356023234,0.5868535296554046,1.0,0,False,,,,
1766472047.4212961,0.5984120356023234,0.5868535296554046,1.0,0,False,,,,
1766472047.426718,0.5390552812549246,0.5557937711225622,1.0,2,False,,,,
1766472047.784637,0.5386885867274287,0.5516193438072046,1.0,2,False,,,,
1766472047.7904499,0.5386885867274287,0.5516193438072046,1.0,2,False,,,,
1766472047.7955341,0.5386885867274287,0.5516193438072046,1.0,2,False,,,,
1766472047.798346,0.5386885867274287,0.5516193438072046,1.0,2,False,,,,
1766472047.802123,0.5362586707134797,0.5001828157661907,1.0,2,False,,,,
1766472048.060694,0.5362586707134797,0.5001828157661907,1.0,2,False,,,,
1766472048.066638,0.5362586707134797,0.5001828157661907,1.0,2,False,,,,
1766472048.069506,0.5357385534724134,0.49808716286138666,1.0,2,False,,,,
1766472048.072024,0.5357385534724134,0.49808716286138666,1.0,2,False,,,,
1766472048.075697,0.5640104859260708,0.480529894476345,1.0,2,False,,,,
1766472048.3386822,0.5639586077080916,0.48029628962804083,1.0,2,False,,,,
1766472048.3448682,0.5639586077080916,0.48029628962804083,1.0,2,False,,,,
1766472048.3503082,0.5639586077080916,0.48029628962804083,1.0,2,False,,,,
1766472048.353726,0.5639586077080916,0.48029628962804083,1.0,2,False,,,,
1766472048.356482,0.5174424453075795,0.47464310748505634,1.0,2,False,,,,
1766472048.650817,0.5174424453075795,0.47464310748505634,1.0,2,False,,,,
1766472048.657276,0.5168392329517977,0.4727339400131483,1.0,2,False,,,,
1766472048.6633668,0.5168392329517977,0.4727339400131483,1.0,2,False,,,,
1766472048.6693099,0.5168392329517977,0.4727339400131483,1.0,2,False,,,,
1766472048.6722188,0.5735533488815246,0.47685124979673055,1.0,2,False,,,,
1766472048.9950469,0.5783613264662846,0.47786825955299295,1.0,2,False,,,,
1766472049.000493,0.5783613264662846,0.47786825955299295,1.0,2,False,,,,
1766472049.0059772,0.5783613264662846,0.47786825955299295,1.0,2,False,,,,
1766472049.009225,0.5932985698184887,0.48524079559193556,1.0,2,False,,,,
1766472049.013042,0.5399252007381496,0.45663085717458207,1.0,2,False,,,,
1766472049.31825,0.5399252007381496,0.45663085717458207,1.0,2,False,,,,
1766472049.3233972,0.5399252007381496,0.45663085717458207,1.0,2,False,,,,
1766472049.326324,0.5399252007381496,0.45663085717458207,1.0,2,False,,,,
1766472049.329599,0.5381995598407793,0.4556792725016271,1.0,2,False,,,,
1766472049.3349252,0.5394091262713931,0.44882109748237964,1.0,2,False,,,,
1766472049.7542038,0.5394091262713931,0.44882109748237964,1.0,2,False,,,,
1766472049.760363,0.5396692995076735,0.44739044030822117,1.0,2,False,,,,
1766472049.7633579,0.5396692995076735,0.44739044030822117,1.0,2,False,,,,
1766472049.765837,0.5396692995076735,0.44739044030822117,1.0,2,False,,,,
1766472049.770752,0.5399519617074151,0.43957512148340916,1.0,2,False,,,,
1766472050.380109,0.5402186313038341,0.43788667477931065,1.0,2,False,,,,
1766472050.385872,0.5402186313038341,0.43788667477931065,1.0,2,False,,,,
1766472050.3911538,0.5402186313038341,0.43788667477931065,1.0,2,False,,,,
1766472050.394103,0.5402186313038341,0.43788667477931065,1.0,2,False,,,,
1766472050.397345,0.5176003222776859,0.429630241864811,1.0,2,False,,,,
1766472050.744014,0.5176003222776859,0.429630241864811,1.0,2,False,,,,
1766472050.7488608,0.5176003222776859,0.429630241864811,1.0,2,False,,,,
1766472050.75138,0.5170658677723832,0.4294012229681905,1.0,2,False,,,,
1766472050.754296,0.5175571326472428,0.4299147870636588,1.0,2,False,,,,
1766472050.757577,0.5832429790796041,0.44980982335461506,1.0,2,False,,,,
1766472051.058402,0.5825305728314694,0.45371325941271035,1.0,2,False,,,,
1766472051.0650291,0.5825305728314694,0.45371325941271035,1.0,2,False,,,,
1766472051.0681322,0.5823875419141229,0.4529208634293356,1.0,2,False,,,,
1766472051.071163,0.5823875419141229,0.4529208634293356,1.0,2,False,,,,
1766472051.074176,0.5331956571978823,0.4251224133551482,1.0,2,False,,,,
1766472051.511389,0.5333766221593318,0.425419709396486,1.0,2,False,,,,
1766472051.516981,0.5333766221593318,0.425419709396486,1.0,2,False,,,,
1766472051.520308,0.5331440687381807,0.42494568496758744,1.0,2,False,,,,
1766472051.525341,0.5331440687381807,0.42494568496758744,1.0,2,False,,,,
1766472051.5312588,0.5893119621848594,0.4433352897008549,1.0,2,False,,,,
1766472051.787146,0.5855353006104072,0.4450661647170294,1.0,2,False,,,,
1766472051.7928078,0.5817641243974109,0.44330348397423847,1.0,2,False,,,,
1766472051.7983592,0.5817641243974109,0.44330348397423847,1.0,2,False,,,,
1766472051.801738,0.5817641243974109,0.44330348397423847,1.0,2,False,,,,
1766472051.804867,0.5285161915679208,0.42512777509030175,1.0,2,False,,,,
1766472052.191735,0.5277837821105354,0.42460149723429796,1.0,2,False,,,,
1766472052.197658,0.5277869011575124,0.4250044630939688,1.0,2,False,,,,
1766472052.202931,0.5277869011575124,0.4250044630939688,1.0,2,False,,,,
1766472052.2057102,0.5277869011575124,0.4250044630939688,1.0,2,False,,,,
1766472052.209295,0.44982113243977,0.7581821340043844,0.38755484004238927,2,False,,,,
1766472052.6848278,0.44982113243977,0.7581821340043844,0.38755484004238927,2,False,,,,
1766472052.6918569,0.44982113243977,0.7581821340043844,0.38755484004238927,2,False,,,,
1766472052.6946502,-0.1722788469689358,0.2524540664728744,0.99,2,False,,,,
1766472052.6978822,-1.3215559098971688,-1.241014087591112,0.3575466346232499,2,False,,,,
1766472052.7008371,0.5726895159391837,0.9330311982337561,0.9929338097572327,2,False,,,,
1766472053.157849,0.5726895159391837,0.9330311982337561,0.9929338097572327,2,False,,,,
1766472053.1661398,0.5707258835753751,0.9303820582628456,0.9507481157779694,2,False,,,,
1766472053.16893,0.5707258835753751,0.9303820582628456,0.9507481157779694,2,False,,,,
1766472053.174546,0.5707258835753751,0.9303820582628456,0.9507481157779694,2,False,,,,
1766472053.177425,0.647409040967435,0.8635035101950349,0.948744535446167,1,False,,,,
1766472053.5455968,0.647409040967435,0.8635035101950349,0.948744535446167,1,False,,,,
1766472053.553198,0.6489530872198335,0.8632529062873849,0.9207645058631897,1,False,,,,
1766472053.557398,0.6489530872198335,0.8632529062873849,0.9207645058631897,1,False,,,,
1766472053.5597708,0.6489530872198335,0.8632529062873849,0.9207645058631897,1,False,,,,
1766472053.5622559,0.49888315381701165,0.7648633279621894,1.0,0,False,,,,
1766472053.7352,0.49888315381701165,0.7648633279621894,1.0,0,False,,,,
1766472053.7410219,0.49888315381701165,0.7648633279621894,1.0,0,False,,,,
1766472053.745366,0.49888315381701165,0.7648633279621894,1.0,0,False,,,,
1766472053.7489321,0.5008931581300795,0.7690843113871579,1.0,0,False,,,,
1766472053.751442,0.475180203984593,0.8916997777735083,0.9982147216796875,0,False,,,,
1766472053.968281,0.4760712152802201,0.8899225328264322,0.9720546007156372,0,False,,,,
1766472053.973556,0.4760712152802201,0.8899225328264322,0.9720546007156372,0,False,,,,
1766472053.978049,0.4760712152802201,0.8899225328264322,0.9720546007156372,0,False,,,,
1766472053.981229,0.4760712152802201,0.8899225328264322,0.9720546007156372,0,False,,,,
1766472053.985961,0.48328830463506084,0.9168911509023994,1.0,0,False,,,,
1766472054.250036,0.48328830463506084,0.9168911509023994,1.0,0,False,,,,
1766472054.256978,0.4819075779705114,0.9174392124363462,1.0,0,False,,,,
1766472054.2614012,0.4819075779705114,0.9174392124363462,1.0,0,False,,,,
1766472054.26432,0.4819075779705114,0.9174392124363462,1.0,0,False,,,,
1766472054.2665632,0.39874740737019626,0.5897011427234252,0.99,0,False,,,,
1766472054.4342642,0.39874740737019626,0.5897011427234252,0.99,0,False,,,,
1766472054.4415622,0.35188195277816037,0.9353890179011158,0.31537001602798065,0,False,,,,
1766472054.445745,0.35188195277816037,0.9353890179011158,0.31537001602798065,0,False,,,,
1766472054.448514,0.35188195277816037,0.9353890179011158,0.31537001602798065,0,False,,,,
1766472054.450876,0.5751064239171181,0.012325392491986942,1.0,0,False,,,,
1766472054.6140149,0.5751064239171181,0.012325392491986942,1.0,0,False,,,,
1766472054.6180859,0.5751064239171181,0.012325392491986942,1.0,0,False,,,,
1766472054.631635,0.5725798006016657,0.048886039969731176,1.0,0,False,,,,
1766472054.6372008,0.5696331138310665,0.08196230432272589,1.0,0,False,,,,
1766472054.641222,0.6085843398122519,0.46306540210652536,1.0,1,False,,,,
1766472054.964854,0.6085843398122519,0.46306540210652536,1.0,1,False,,,,
1766472054.971803,0.6037966202863352,0.4708761342451597,1.0,1,False,,,,
1766472054.974876,0.6037966202863352,0.4708761342451597,1.0,1,False,,,,
1766472054.977653,0.6037966202863352,0.4708761342451597,1.0,1,False,,,,
1766472054.9833028,0.552383551926072,0.5337101813007401,1.0,2,True,0.4840707778930664,0.5526257753372192,0.08822192996740341,0.19170108437538147
1766472055.3281898,0.552383551926072,0.5337101813007401,1.0,2,True,0.4840707778930664,0.5526257753372192,0.08822192996740341,0.19170108437538147
1766472055.334013,0.552383551926072,0.5337101813007401,1.0,2,True,0.4840707778930664,0.5526257753372192,0.08822192996740341,0.19170108437538147
1766472055.337418,0.552383551926072,0.5337101813007401,1.0,2,True,0.4840707778930664,0.5526257753372192,0.08822192996740341,0.19170108437538147
1766472055.342798,0.5519196674473571,0.5364542604938018,1.0,2,True,0.4840707778930664,0.5526257753372192,0.08822192996740341,0.19170108437538147
1766472055.3455842,0.5256439057723019,0.5517340459962975,1.0,2,False,,,,
1766472055.752259,0.5256439057723019,0.5517340459962975,1.0,2,False,,,,
1766472055.758476,0.5256439057723019,0.5517340459962975,1.0,2,False,,,,
1766472055.7626162,0.5271662971452773,0.550967302005557,1.0,2,False,,,,
1766472055.766446,0.5271662971452773,0.550967302005557,1.0,2,False,,,,
1766472055.7722912,0.5348589795224921,0.5059153503995635,1.0,2,False,,,,
1766472056.166475,0.5353559569512966,0.49621505007254174,1.0,2,False,,,,
1766472056.173602,0.5353559569512966,0.49621505007254174,1.0,2,False,,,,
1766472056.178934,0.5355936727805414,0.49442481386659787,1.0,2,False,,,,
1766472056.182409,0.5346602419802174,0.48612443583661424,1.0,2,False,,,,
1766472056.185122,0.5740448343809973,0.3400378237139762,1.0,2,False,,,,
1766472056.536512,0.5690304246959605,0.3277486219174215,1.0,2,False,,,,
1766472056.54263,0.5690304246959605,0.3277486219174215,1.0,2,False,,,,
1766472056.54573,0.5690304246959605,0.3277486219174215,1.0,2,False,,,,
1766472056.5488489,0.5472175496168182,0.3102870557377506,0.9874651432037354,2,False,,,,
1766472056.551595,0.5939805821438521,0.2979152370194359,1.0,2,False,,,,
1766472057.034912,0.5930791612383775,0.29847748832591936,1.0,2,False,,,,
1766472057.041228,0.5930791612383775,0.29847748832591936,1.0,2,False,,,,
1766472057.046719,0.5930791612383775,0.29847748832591936,1.0,2,False,,,,
1766472057.049612,0.5930791612383775,0.29847748832591936,1.0,2,False,,,,
1766472057.05274,0.5878863731622049,0.3412913034991488,0.7816240072250367,2,False,,,,
1766472057.392193,0.5878863731622049,0.3412913034991488,0.7816240072250367,2,False,,,,
1766472057.3977978,0.5878863731622049,0.3412913034991488,0.7816240072250367,2,False,,,,
1766472057.403263,0.5912634232005344,0.33566807716422153,0.8,2,False,,,,
1766472057.4059148,0.5922351680497886,0.33485391480808624,0.8,2,False,,,,
1766472057.408261,0.5547419009502239,0.319059510614373,0.9864777028560638,2,False,,,,
1766472057.8188548,0.5547606380080482,0.3188132527436667,1.0,2,False,,,,
1766472057.8258922,0.554235359817345,0.3190126212650033,0.9836151301860809,2,False,,,,
1766472057.832423,0.554235359817345,0.3190126212650033,0.9836151301860809,2,False,,,,
1766472057.835551,0.5546358099765752,0.3183648093171241,1.0,2,False,,,,
1766472057.838412,0.5381401509414849,0.31620271999965166,1.0,2,False,,,,
1766472058.093029,0.48750823875487315,0.5731767639563586,0.2389210212171585,2,False,,,,
1766472058.0987232,0.48750823875487315,0.5731767639563586,0.2389210212171585,2,False,,,,
1766472058.101737,0.48750823875487315,0.5731767639563586,0.2389210212171585,2,False,,,,
1766472058.104547,0.3845545666701784,0.6083985239057613,0.1765935567275395,2,False,,,,
1766472058.109204,0.5439346930264919,0.9101594207317506,0.7496936321258545,2,False,,,,
1766472058.448137,0.5470913044775318,0.9209022765904646,0.8518568277359009,2,False,,,,
1766472058.456973,0.5905538310616583,0.9850376071713798,0.5217379889521574,2,False,,,,
1766472058.459593,0.5905538310616583,0.9850376071713798,0.5217379889521574,2,False,,,,
1766472058.4620328,0.5905538310616583,0.9850376071713798,0.5217379889521574,2,False,,,,
1766472058.467655,0.4546032122266294,0.9293766113070213,0.837866485118866,2,False,,,,
1766472058.8992121,0.4546032122266294,0.9293766113070213,0.837866485118866,2,False,,,,
1766472058.9077399,0.4546032122266294,0.9293766113070213,0.837866485118866,2,False,,,,
1766472058.910641,0.4579381545275001,0.9224736803774751,0.8972567915916443,2,False,,,,
1766472058.9134998,0.46110752558033397,0.9225658617831406,0.8943609595298767,2,False,,,,
1766472058.916167,0.5277872974233299,0.7445463331554251,0.9746921956539154,1,False,,,,
1766472059.392156,0.5277872974233299,0.7445463331554251,0.9746921956539154,1,False,,,,
1766472059.396611,0.5300874790176121,0.7358935339881592,1.0,1,False,,,,
1766472059.399065,0.5300874790176121,0.7358935339881592,1.0,1,False,,,,
1766472059.401767,0.5300874790176121,0.7358935339881592,1.0,1,False,,,,
1766472059.40786,0.5312267907853513,0.6982230040212707,1.0,1,False,,,,
1766472059.6407769,0.5312267907853513,0.6982230040212707,1.0,1,False,,,,
1766472059.647926,0.5319541412521877,0.6977543231689012,1.0,1,False,,,,
1766472059.650882,0.5319541412521877,0.6977543231689012,1.0,1,False,,,,
1766472059.65331,0.5319541412521877,0.6977543231689012,1.0,1,False,,,,
1766472059.659337,0.5386278774052379,0.693026175576367,1.0,0,False,,,,
1766472059.8382359,0.5386278774052379,0.693026175576367,1.0,0,False,,,,
1766472059.844355,0.5386278774052379,0.693026175576367,1.0,0,False,,,,
1766472059.8491242,0.5396426825389558,0.6927202076627657,1.0,0,False,,,,
1766472059.853794,0.5396426825389558,0.6927202076627657,1.0,0,False,,,,
1766472059.859201,0.5427118584023752,0.6837486721859831,1.0,0,False,,,,
1766472060.057652,0.5427118584023752,0.6837486721859831,1.0,0,False,,,,
1766472060.062201,0.5427118584023752,0.6837486721859831,1.0,0,False,,,,
1766472060.0648909,0.5427118584023752,0.6837486721859831,1.0,0,False,,,,
1766472060.0678122,0.541122765156986,0.6876229711786617,1.0,0,False,,,,
1766472060.071444,0.5360210970528856,0.6680323771071065,1.0,0,False,,,,
1766472060.354771,0.5369720488225367,0.6715976832961714,1.0,0,False,,,,
1766472060.3597078,0.5369720488225367,0.6715976832961714,1.0,0,False,,,,
1766472060.364408,0.5369720488225367,0.6715976832961714,1.0,0,False,,,,
1766472060.367163,0.5370112484173094,0.6708672810305027,1.0,0,False,,,,
1766472060.370156,0.509234671290866,0.6089819525246551,1.0,0,False,,,,
1766472060.5351539,0.5086442988774411,0.6111602770292666,1.0,0,False,,,,
1766472060.540691,0.509136241681148,0.6129780366933091,1.0,0,False,,,,
1766472060.5452218,0.509136241681148,0.6129780366933091,1.0,0,False,,,,
1766472060.547981,0.509136241681148,0.6129780366933091,1.0,0,False,,,,
1766472060.550858,0.5055207077439136,0.6395304965828904,1.0,0,False,,,,
1766472060.740932,0.5055207077439136,0.6395304965828904,1.0,0,False,,,,
1766472060.745976,0.5055207077439136,0.6395304965828904,1.0,0,False,,,,
1766472060.750837,0.5055207077439136,0.6395304965828904,1.0,0,False,,,,
1766472060.753661,0.5056866202576498,0.6436536541071275,1.0,0,False,,,,
1766472060.756751,0.5027066276927681,0.7454180274180999,1.0,0,False,,,,
1766472060.9413939,0.5030921021535529,0.7490053659765074,1.0,0,False,,,,
1766472060.9477298,0.5030921021535529,0.7490053659765074,1.0,0,False,,,,
1766472060.951783,0.5030921021535529,0.7490053659765074,1.0,0,False,,,,
1766472060.95421,0.5030921021535529,0.7490053659765074,1.0,0,False,,,,
1766472060.956861,0.5055325310967966,0.6882893431277398,1.0,0,False,,,,
1766472061.211051,0.5055325310967966,0.6882893431277398,1.0,0,False,,,,
1766472061.216533,0.5055325310967966,0.6882893431277398,1.0,0,False,,,,
1766472061.2197042,0.5055325310967966,0.6882893431277398,1.0,0,False,,,,
1766472061.2221508,0.5055325310967966,0.6882893431277398,1.0,0,False,,,,
1766472061.2251441,0.49330132199058074,0.696364546533101,1.0,1,False,,,,
1766472061.5364149,0.49330132199058074,0.696364546533101,1.0,1,False,,,,
1766472061.541357,0.4899550744471798,0.6992934308267381,1.0,1,False,,,,
1766472061.544132,0.4899550744471798,0.6992934308267381,1.0,1,False,,,,
1766472061.5483131,0.4899550744471798,0.6992934308267381,1.0,1,False,,,,
1766472061.552635,0.5192183628654969,0.921470177681839,0.9819184243679047,2,False,,,,
1766472061.928816,0.5194896025004883,0.9222668951278198,0.8290689885616302,2,False,,,,
1766472061.9344928,0.5194896025004883,0.9222668951278198,0.8290689885616302,2,False,,,,
1766472061.9405491,0.5194896025004883,0.9222668951278198,0.8290689885616302,2,False,,,,
1766472061.943455,0.5252101356472909,0.9385447093101814,0.8997443318367004,2,False,,,,
1766472061.9460568,0.5932416524294795,1.12694202242808,0.4399494599057448,1,False,,,,
1766472062.261348,0.3820561093004181,0.870768162479991,0.3823739616332952,1,False,,,,
1766472062.268924,0.3820561093004181,0.870768162479991,0.3823739616332952,1,False,,,,
1766472062.2735019,0.3820561093004181,0.870768162479991,0.3823739616332952,1,False,,,,
1766472062.277293,0.3820561093004181,0.870768162479991,0.3823739616332952,1,False,,,,
1766472062.280205,0.49472073025960334,0.6531845189412815,1.0,0,False,,,,
1766472062.469075,0.49472073025960334,0.6531845189412815,1.0,0,False,,,,
1766472062.473459,0.49472073025960334,0.6531845189412815,1.0,0,False,,,,
1766472062.47798,0.49472073025960334,0.6531845189412815,1.0,0,False,,,,
1766472062.481,0.4953973460634023,0.6571228193818264,1.0,0,False,,,,
1766472062.483743,0.5033431252364237,0.6712950916674864,1.0,0,False,,,,
1766472062.641493,0.5033431252364237,0.6712950916674864,1.0,0,False,,,,
1766472062.6460328,0.5033431252364237,0.6712950916674864,1.0,0,False,,,,
1766472062.648663,0.5047246233674463,0.6706768737614688,1.0,0,False,,,,
1766472062.651315,0.5047246233674463,0.6706768737614688,1.0,0,False,,,,
1766472062.653952,0.5536732806345495,0.7253755555652595,1.0,0,False,,,,
1766472062.821173,0.5527325205789102,0.7236628115138595,1.0,0,False,,,,
1766472062.8267362,0.5527325205789102,0.7236628115138595,1.0,0,False,,,,
1766472062.829536,0.5527325205789102,0.7236628115138595,1.0,0,False,,,,
1766472062.8338501,0.5524087501216938,0.7218821301860388,1.0,0,False,,,,
1766472062.836451,0.41953789773311867,0.878313007600515,0.13849806012463123,0,False,,,,
1766472063.0439732,0.41953789773311867,0.878313007600515,0.13849806012463123,0,False,,,,
1766472063.0484889,0.6209192051940885,0.6851365718267826,0.99,0,False,,,,
1766472063.051182,0.6209192051940885,0.6851365718267826,0.99,0,False,,,,
1766472063.055292,0.6209192051940885,0.6851365718267826,0.99,0,False,,,,
1766472063.058995,0.5229656268660555,0.7794740657792224,0.9991977214813232,0,False,,,,
1766472063.308699,0.5229656268660555,0.7794740657792224,0.9991977214813232,0,False,,,,
1766472063.3138828,0.5229656268660555,0.7794740657792224,0.9991977214813232,0,False,,,,
1766472063.3171918,0.5211825145970829,0.7793560589677747,1.0,0,False,,,,
1766472063.319863,0.5211825145970829,0.7793560589677747,1.0,0,False,,,,
1766472063.3244889,0.38053932140484814,0.7522832897073195,0.3642344669272962,0,False,,,,
1766472064.026109,0.38053932140484814,0.7522832897073195,0.3642344669272962,0,False,,,,
1766472064.03338,0.38053932140484814,0.7522832897073195,0.3642344669272962,0,False,,,,
1766472064.0363488,0.38887284712729214,0.5266090665544538,0.25376139403469045,0,False,,,,
1766472064.0399098,0.38887284712729214,0.5266090665544538,0.25376139403469045,0,False,,,,
1766472064.044437,0.5219499596759231,0.050177796191223534,1.0,1,False,,,,
1766472064.254194,0.5219499596759231,0.050177796191223534,1.0,1,False,,,,
1766472064.262209,0.5247036624445942,0.07652506045676577,1.0,1,False,,,,
1766472064.267982,0.5247036624445942,0.07652506045676577,1.0,1,False,,,,
1766472064.2713249,0.5244191600153678,0.08920339287488888,1.0,1,False,,,,
1766472064.274706,0.6224999323229361,0.33526877966137836,1.0,2,False,,,,
1766472064.647707,0.6224999323229361,0.33526877966137836,1.0,2,False,,,,
1766472064.6561081,0.6186498591211509,0.33794235597054145,1.0,2,False,,,,
1766472064.662254,0.6186498591211509,0.33794235597054145,1.0,2,False,,,,
1766472064.6689122,0.6186498591211509,0.33794235597054145,1.0,2,False,,,,
1766472064.671988,0.5634289340015054,0.38488214515161234,0.9261311178755726,2,False,,,,
1766472064.931115,0.5634289340015054,0.38488214515161234,0.9261311178755726,2,False,,,,
1766472064.938345,0.5634289340015054,0.38488214515161234,0.9261311178755726,2,False,,,,
1766472064.941072,0.5634289340015054,0.38488214515161234,0.9261311178755726,2,False,,,,
1766472064.9449222,0.5292539077255253,0.3892872071936092,0.9272120893001556,2,False,,,,
1766472064.949565,0.5996896635920713,0.36047666992663274,0.9649813175201416,2,False,,,,
1766472065.599589,0.60156824995266,0.3608087893342926,0.9429227113723755,2,False,,,,
1766472065.606025,0.60156824995266,0.3608087893342926,0.9429227113723755,2,False,,,,
1766472065.612044,0.6004480986394523,0.3617783098739691,0.9272447824478149,2,False,,,,
1766472065.615087,0.6004480986394523,0.3617783098739691,0.9272447824478149,2,False,,,,
1766472065.6200562,0.5846506939168065,0.33680352830280014,0.9758570492267609,2,False,,,,
1766472065.944662,0.5846506939168065,0.33680352830280014,0.9758570492267609,2,False,,,,
1766472065.951106,0.5542577411786459,0.3376779821154916,0.7917535305023193,2,False,,,,
1766472065.954409,0.5542577411786459,0.3376779821154916,0.7917535305023193,2,False,,,,
1766472065.959698,0.5542577411786459,0.3376779821154916,0.7917535305023193,2,False,,,,
1766472065.9627578,0.5584035177187505,0.29455928476646953,0.9510108530521393,2,False,,,,
1766472066.2241821,0.5584035177187505,0.29455928476646953,0.9510108530521393,2,False,,,,
1766472066.230239,0.5584035177187505,0.29455928476646953,0.9510108530521393,2,False,,,,
1766472066.2334678,0.5599018547630742,0.2962086450353054,0.9561841189861298,2,False,,,,
1766472066.237429,0.5599018547630742,0.2962086450353054,0.9561841189861298,2,False,,,,
1766472066.2427928,0.6085062260482215,0.31356577350473624,0.9652484059333801,2,False,,,,
1766472066.649685,0.6085062260482215,0.31356577350473624,0.9652484059333801,2,False,,,,
1766472066.655298,0.6077375333659379,0.31246307823798924,1.0,2,False,,,,
1766472066.658148,0.6077375333659379,0.31246307823798924,1.0,2,False,,,,
1766472066.663435,0.6077375333659379,0.31246307823798924,1.0,2,False,,,,
1766472066.666301,0.5512095955132492,0.3222173118496481,0.9860823750495911,2,False,,,,
1766472066.97767,0.5512095955132492,0.3222173118496481,0.9860823750495911,2,False,,,,
1766472066.983262,0.5512095955132492,0.3222173118496481,0.9860823750495911,2,False,,,,
1766472066.985976,0.5512095955132492,0.3222173118496481,0.9860823750495911,2,False,,,,
1766472066.9885828,0.5504327489671713,0.32224740223176485,0.9815593957901001,2,False,,,,
1766472066.991233,0.612609212529599,0.3516621575528882,0.9828833043575287,2,False,,,,
1766472067.4156091,0.612609212529599,0.3516621575528882,0.9828833043575287,2,False,,,,
1766472067.421859,0.611687219069097,0.35332878191972705,0.9999702572822571,2,False,,,,
1766472067.424562,0.611687219069097,0.35332878191972705,0.9999702572822571,2,False,,,,
1766472067.4292321,0.611687219069097,0.35332878191972705,0.9999702572822571,2,False,,,,
1766472067.431652,0.5523177317120369,0.34083643524226237,1.0,2,False,,,,
1766472067.7534149,0.5523177317120369,0.34083643524226237,1.0,2,False,,,,
1766472067.759414,0.5512070477884176,0.3435708807800335,0.9985126852989197,2,False,,,,
1766472067.76246,0.5512070477884176,0.3435708807800335,0.9985126852989197,2,False,,,,
1766472067.767401,0.5512070477884176,0.3435708807800335,0.9985126852989197,2,False,,,,
1766472067.77108,0.5836471594504772,0.36343192360401044,1.0,2,False,,,,
1766472068.1342988,0.5836471594504772,0.36343192360401044,1.0,2,False,,,,
1766472068.14011,0.5836471594504772,0.36343192360401044,1.0,2,False,,,,
1766472068.1431098,0.5840334340713167,0.3645103329942967,1.0,2,False,,,,
1766472068.1459022,0.5835371808275214,0.36472718245710434,1.0,2,False,,,,
1766472068.148494,0.5519059343905108,0.34343474669012686,1.0,2,False,,,,
1766472068.552656,0.5519059343905108,0.34343474669012686,1.0,2,False,,,,
1766472068.558264,0.5519059343905108,0.34343474669012686,1.0,2,False,,,,
1766472068.561544,0.5527431136812835,0.34576367343711534,1.0,2,False,,,,
1766472068.5657868,0.5527431136812835,0.34576367343711534,1.0,2,False,,,,
1766472068.572059,0.5514436685935273,0.3487072670432835,1.0,2,False,,,,
1766472068.884054,0.5513975378720347,0.3489925480773969,1.0,2,False,,,,
1766472068.8910458,0.5513975378720347,0.3489925480773969,1.0,2,False,,,,
1766472068.893993,0.5513975378720347,0.3489925480773969,1.0,2,False,,,,
1766472068.897095,0.5519127282737001,0.350223128921453,1.0,2,False,,,,
1766472068.9002051,0.5796183776607986,0.35419691965120526,1.0,2,False,,,,
1766472069.1834722,0.5795260659015496,0.35333328437821265,1.0,2,False,,,,
1766472069.1895611,0.5795260659015496,0.35333328437821265,1.0,2,False,,,,
1766472069.1953,0.5794614269361458,0.35359680247745784,1.0,2,False,,,,
1766472069.1990552,0.5792861349141945,0.35132064521883155,1.0,2,False,,,,
1766472069.201417,0.5725135512262831,0.34225170096991986,1.0,2,False,,,,
1766472069.604995,0.5723812005095438,0.3409479785816306,1.0,2,False,,,,
1766472069.612042,0.5723812005095438,0.3409479785816306,1.0,2,False,,,,
1766472069.616776,0.5730929163454774,0.3408523957735734,1.0,2,False,,,,
1766472069.619953,0.5730929163454774,0.3408523957735734,1.0,2,False,,,,
1766472069.622904,0.5715240613874474,0.35211809806166294,1.0,2,False,,,,
1766472069.9936168,0.5715240613874474,0.35211809806166294,1.0,2,False,,,,
1766472069.999462,0.5715240613874474,0.35211809806166294,1.0,2,False,,,,
1766472070.0030668,0.5711285462623259,0.35318263763395663,1.0,2,False,,,,
1766472070.006242,0.5704415932071395,0.3515909475139962,1.0,2,False,,,,
1766472070.0135622,0.4751526077243936,1.1175300271150088,0.7232779264450073,2,False,,,,
1766472070.3375309,0.7006368592869727,0.39166571428381425,0.22336745808454428,2,False,,,,
1766472070.346905,0.7006368592869727,0.39166571428381425,0.22336745808454428,2,False,,,,
1766472070.35285,0.7006368592869727,0.39166571428381425,0.22336745808454428,2,False,,,,
1766472070.35684,0.6212489507450325,0.929365222713943,0.8110551536083221,2,False,,,,
1766472070.360704,0.5132145001052252,0.8247682875013431,0.9733201563358307,2,False,,,,
1766472070.6783428,0.5346728596093056,0.8012839841028564,0.4997095741927123,2,False,,,,
1766472070.686322,0.5346728596093056,0.8012839841028564,0.4997095741927123,2,False,,,,
1766472070.690274,0.4994031202887804,0.781904046477278,0.40820820384532874,2,False,,,,
1766472070.693202,0.4994031202887804,0.781904046477278,0.40820820384532874,2,False,,,,
1766472070.6980789,0.4820987318118533,0.7800904302433846,0.9787709414958954,1,False,,,,
1766472071.004908,0.4820987318118533,0.7800904302433846,0.9787709414958954,1,False,,,,
1766472071.0103118,0.4843184547178475,0.7770072747944415,0.9995808899402618,1,False,,,,
1766472071.013067,0.4843184547178475,0.7770072747944415,0.9995808899402618,1,False,,,,
1766472071.018878,0.4843184547178475,0.7770072747944415,0.9995808899402618,1,False,,,,
1766472071.02174,0.4650653589995043,0.8520126689733121,0.9364348649978638,0,False,,,,
1766472071.188656,0.4650653589995043,0.8520126689733121,0.9364348649978638,0,False,,,,
1766472071.195891,0.46450308549557906,0.8522428695890932,0.9441615343093872,0,False,,,,
1766472071.2001321,0.46450308549557906,0.8522428695890932,0.9441615343093872,0,False,,,,
1766472071.204874,0.46450308549557906,0.8522428695890932,0.9441615343093872,0,False,,,,
1766472071.207798,0.5509473419247145,0.6968338490947648,1.0,0,False,,,,
1766472071.396415,0.5509473419247145,0.6968338490947648,1.0,0,False,,,,
1766472071.402015,0.5509473419247145,0.6968338490947648,1.0,0,False,,,,
1766472071.404775,0.5509473419247145,0.6968338490947648,1.0,0,False,,,,
1766472071.409708,0.552802750794841,0.6940553185590367,1.0,0,False,,,,
1766472071.412886,0.5325467657479426,0.6936628679690735,1.0,0,False,,,,
1766472071.584959,0.5325467657479426,0.6936628679690735,1.0,0,False,,,,
1766472071.5901492,0.5325467657479426,0.6936628679690735,1.0,0,False,,,,
1766472071.593344,0.5354374547100893,0.6920202474503777,1.0,0,False,,,,
1766472071.596303,0.5354374547100893,0.6920202474503777,1.0,0,False,,,,
1766472071.6007192,0.5538808271609399,0.6482317805081994,1.0,0,False,,,,
1766472071.88674,0.5538808271609399,0.6482317805081994,1.0,0,False,,,,
1766472071.891501,0.5538808271609399,0.6482317805081994,1.0,0,False,,,,
1766472071.894374,0.5536159922048288,0.6482225478975627,1.0,0,False,,,,
1766472071.897046,0.5533471218865232,0.6490666871857944,1.0,0,False,,,,
1766472071.899385,0.5622284366076656,0.7331506242294871,1.0,0,False,,,,
1766472072.101483,0.5622284366076656,0.7331506242294871,1.0,0,False,,,,
1766472072.107326,0.5622284366076656,0.7331506242294871,1.0,0,False,,,,
1766472072.110548,0.5633587938530913,0.7325946439401299,1.0,0,False,,,,
1766472072.112997,0.5625045162645625,0.7301302319845406,1.0,0,False,,,,
1766472072.116919,0.5586741106791515,0.747355656238819,1.0,0,False,,,,
1766472072.274318,0.5586741106791515,0.747355656238819,1.0,0,False,,,,
1766472072.279485,0.5558176159773092,0.7458556207642169,1.0,0,False,,,,
1766472072.2823172,0.5558176159773092,0.7458556207642169,1.0,0,False,,,,
1766472072.284771,0.5558176159773092,0.7458556207642169,1.0,0,False,,,,
1766472072.288942,0.576035622821762,0.7130041038503805,1.0,0,False,,,,
1766472072.4725702,0.576035622821762,0.7130041038503805,1.0,0,False,,,,
1766472072.477247,0.576035622821762,0.7130041038503805,1.0,0,False,,,,
1766472072.4821608,0.5746897422901756,0.7138576581405458,1.0,0,False,,,,
1766472072.484419,0.5746897422901756,0.7138576581405458,1.0,0,False,,,,
1766472072.488666,0.5176701419935529,0.7151343256632523,1.0,0,False,,,,
1766472072.7440262,0.5176701419935529,0.7151343256632523,1.0,0,False,,,,
1766472072.7486012,0.5176701419935529,0.7151343256632523,1.0,0,False,,,,
1766472072.751217,0.5186212868892276,0.7163767601590817,1.0,0,False,,,,
1766472072.753987,0.5170310404970314,0.7159071987891257,1.0,0,False,,,,
1766472072.757358,0.5291818038762331,0.7640813297763563,1.0,0,False,,,,
1766472073.27379,0.5291818038762331,0.7640813297763563,1.0,0,False,,,,
1766472073.2797272,0.5291818038762331,0.7640813297763563,1.0,0,False,,,,
1766472073.2822778,0.5291818038762331,0.7640813297763563,1.0,0,False,,,,
1766472073.284768,0.5291818038762331,0.7640813297763563,1.0,0,False,,,,
1766472073.2890189,0.44016879683812815,0.7818717649494045,1.0,0,False,,,,
1766472073.5693738,0.44016879683812815,0.7818717649494045,1.0,0,False,,,,
1766472073.5757592,0.4375633417815301,0.7864625665126581,1.0,0,False,,,,
1766472073.580283,0.4375633417815301,0.7864625665126581,1.0,0,False,,,,
1766472073.583232,0.4375633417815301,0.7864625665126581,1.0,0,False,,,,
1766472073.585788,0.6197875861061274,0.25510333038245825,1.0,1,False,,,,
1766472073.987052,0.624692433475511,0.24596800996041568,1.0,1,False,,,,
1766472073.994228,0.6272757247877945,0.244539804504731,1.0,1,False,,,,
1766472073.999308,0.6272757247877945,0.244539804504731,1.0,1,False,,,,
1766472074.002211,0.6272757247877945,0.244539804504731,1.0,1,False,,,,
1766472074.0047889,0.6650494331571885,0.1898117363066426,1.0,2,False,,,,
1766472074.318729,0.6650494331571885,0.1898117363066426,1.0,2,False,,,,
1766472074.323408,0.6625606044095065,0.19892860873142604,1.0,2,False,,,,
1766472074.327073,0.6625606044095065,0.19892860873142604,1.0,2,False,,,,
1766472074.3331048,0.6625606044095065,0.19892860873142604,1.0,2,False,,,,
1766472074.335875,0.658903881294105,0.2995013937394111,1.0,2,False,,,,
1766472074.695931,0.6598353422546235,0.29780655340645357,1.0,2,False,,,,
1766472074.7028532,0.6598353422546235,0.29780655340645357,1.0,2,False,,,,
1766472074.708027,0.6598353422546235,0.29780655340645357,1.0,2,False,,,,
1766472074.710814,0.6606611774063128,0.29320626959221385,1.0,2,False,,,,
1766472074.713724,0.6809167250589163,0.32747579701579765,1.0,2,False,,,,
1766472075.034498,0.6809167250589163,0.32747579701579765,1.0,2,False,,,,
1766472075.040546,0.6809167250589163,0.32747579701579765,1.0,2,False,,,,
1766472075.0431528,0.6815391631663962,0.3256950152157959,1.0,2,False,,,,
1766472075.048744,0.6815391631663962,0.3256950152157959,1.0,2,False,,,,
1766472075.0540211,0.7163816270178077,0.35242302445499507,1.0,2,False,,,,
1766472075.367191,0.7156078346501762,0.3513402484305169,1.0,2,False,,,,
1766472075.374333,0.7156078346501762,0.3513402484305169,1.0,2,False,,,,
1766472075.379563,0.7150180788542673,0.35149806170786035,1.0,2,False,,,,
1766472075.3822122,0.7150180788542673,0.35149806170786035,1.0,2,False,,,,
1766472075.385,0.6894774333394575,0.305930073510594,1.0,2,False,,,,
1766472075.912382,0.6894774333394575,0.305930073510594,1.0,2,False,,,,
1766472075.918039,0.6883987967249006,0.30662004589590985,1.0,2,False,,,,
1766472075.921014,0.6883987967249006,0.30662004589590985,1.0,2,False,,,,
1766472075.9266062,0.6883987967249006,0.30662004589590985,1.0,2,False,,,,
1766472075.929461,0.704433593503383,0.33675445317435426,1.0,2,False,,,,
1766472076.24803,0.704433593503383,0.33675445317435426,1.0,2,False,,,,
1766472076.253891,0.7054201736437833,0.3339656129266424,1.0,2,False,,,,
1766472076.2578418,0.7054201736437833,0.3339656129266424,1.0,2,False,,,,
1766472076.264107,0.7054201736437833,0.3339656129266424,1.0,2,False,,,,
1766472076.267099,0.6694315107065576,0.30085930067225397,1.0,2,False,,,,
1766472076.631221,0.6694315107065576,0.30085930067225397,1.0,2,False,,,,
1766472076.637161,0.6683379096673268,0.30068490978187357,1.0,2,False,,,,
1766472076.6401799,0.6683379096673268,0.30068490978187357,1.0,2,False,,,,
1766472076.645729,0.6683379096673268,0.30068490978187357,1.0,2,False,,,,
1766472076.648758,0.6753437486518529,0.32397287647173945,1.0,2,False,,,,
1766472077.196376,0.6753437486518529,0.32397287647173945,1.0,2,False,,,,
1766472077.203004,0.6753437486518529,0.32397287647173945,1.0,2,False,,,,
1766472077.208701,0.6729533368433249,0.32381845128933207,1.0,2,False,,,,
1766472077.211626,0.6729533368433249,0.32381845128933207,1.0,2,False,,,,
1766472077.214047,0.6874746943123367,0.3315284396812802,1.0,2,False,,,,
1766472077.662821,0.6858526549263562,0.33146498855422135,1.0,2,False,,,,
1766472077.668787,0.6858526549263562,0.33146498855422135,1.0,2,False,,,,
1766472077.6741319,0.6858526549263562,0.33146498855422135,1.0,2,False,,,,
1766472077.677793,0.6861481132771787,0.33219706552677164,1.0,2,False,,,,
1766472077.6808121,0.705484722800991,0.343339934868259,1.0,2,False,,,,
1766472078.229663,0.7053309269674799,0.3467273500832051,1.0,2,False,,,,
1766472078.235459,0.7053309269674799,0.3467273500832051,1.0,2,False,,,,
1766472078.24065,0.7053309269674799,0.3467273500832051,1.0,2,False,,,,
1766472078.244051,0.704881848410971,0.34620848657270686,1.0,2,False,,,,
1766472078.249951,0.6395363500178574,0.3247690219004452,1.0,2,False,,,,
1766472078.5571232,0.6395363500178574,0.3247690219004452,1.0,2,False,,,,
1766472078.5630841,0.6417933808061785,0.323412587486519,1.0,2,False,,,,
1766472078.568301,0.6493697389510525,0.3293935930239369,1.0,2,False,,,,
1766472078.5717492,0.6493697389510525,0.3293935930239369,1.0,2,False,,,,
1766472078.577912,0.6922685490697422,0.3364119198209292,1.0,2,False,,,,
1766472078.842803,0.6922685490697422,0.3364119198209292,1.0,2,False,,,,
1766472078.848258,0.6907236467063844,0.33796558302475255,1.0,2,False,,,,
1766472078.8516831,0.6907236467063844,0.33796558302475255,1.0,2,False,,,,
1766472078.857013,0.6907236467063844,0.33796558302475255,1.0,2,False,,,,
1766472078.860159,0.6865414788563013,0.34181385406928766,1.0,2,False,,,,
1766472079.1567612,0.6866153986742082,0.34352186488680636,1.0,2,False,,,,
1766472079.162526,0.6866153986742082,0.34352186488680636,1.0,2,False,,,,
1766472079.168368,0.6779187767169559,0.3371183756512911,1.0,2,False,,,,
1766472079.171329,0.6779187767169559,0.3371183756512911,1.0,2,False,,,,
1766472079.17722,0.6553129146603537,0.3356762512266209,1.0,2,False,,,,
1766472079.567949,0.654916167722328,0.33376915662423357,1.0,2,False,,,,
1766472079.574622,0.654916167722328,0.33376915662423357,1.0,2,False,,,,
1766472079.581911,0.654916167722328,0.33376915662423357,1.0,2,False,,,,
1766472079.584595,0.654916167722328,0.33376915662423357,1.0,2,False,,,,
1766472079.5874078,0.6616166729681835,0.35859461767204437,1.0,2,False,,,,
1766472079.844675,0.6616166729681835,0.35859461767204437,1.0,2,False,,,,
1766472079.850302,0.6616166729681835,0.35859461767204437,1.0,2,False,,,,
1766472079.85279,0.6616166729681835,0.35859461767204437,1.0,2,False,,,,
1766472079.859301,0.6594847148243026,0.36342787355571504,1.0,2,False,,,,
1766472079.8620942,0.5744794151582652,0.5946970567483069,1.0,2,True,0.5556618571281433,0.5281231999397278,0.08627986907958984,0.15944892168045044
1766472080.1572669,0.572898628616886,0.6021248265065181,1.0,2,True,0.5556618571281433,0.5281231999397278,0.08627986907958984,0.15944892168045044
1766472080.164735,0.572898628616886,0.6021248265065181,1.0,2,True,0.5556618571281433,0.5281231999397278,0.08627986907958984,0.15944892168045044
1766472080.171757,0.5718845679474249,0.605331177391441,1.0,2,True,0.5556618571281433,0.5281231999397278,0.08627986907958984,0.15944892168045044
1766472080.175078,0.5718845679474249,0.605331177391441,1.0,2,True,0.5556618571281433,0.5281231999397278,0.08627986907958984,0.15944892168045044
1766472080.177854,0.6247565238489307,0.526272182616858,1.0,2,False,,,,
1766472080.466465,0.6247565238489307,0.526272182616858,1.0,2,False,,,,
1766472080.472447,0.6247565238489307,0.526272182616858,1.0,2,False,,,,
1766472080.476397,0.6260706501620648,0.524458163687846,1.0,2,False,,,,
1766472080.480691,0.6260706501620648,0.524458163687846,1.0,2,False,,,,
1766472080.484807,0.5706071450751868,0.4407492001684258,1.0,1,False,,,,
1766472080.699695,0.5706071450751868,0.4407492001684258,1.0,1,False,,,,
1766472080.705496,0.5706071450751868,0.4407492001684258,1.0,1,False,,,,
1766472080.7084138,0.5690751634398664,0.4426911906914255,1.0,1,False,,,,
1766472080.711093,0.5690751634398664,0.4426911906914255,1.0,1,False,,,,
1766472080.716359,0.6144765745159366,0.3980613199215801,1.0,1,False,,,,
1766472081.010276,0.6147316862702457,0.39423480003669953,1.0,1,False,,,,
1766472081.0166311,0.6144191145663791,0.3900835261658522,1.0,1,False,,,,
1766472081.0224042,0.6144191145663791,0.3900835261658522,1.0,1,False,,,,
1766472081.0255308,0.6144191145663791,0.3900835261658522,1.0,1,False,,,,
1766472081.0286798,0.5976725673935641,0.3419391125234308,1.0,2,False,,,,
1766472081.4257731,0.5976725673935641,0.3419391125234308,1.0,2,False,,,,
1766472081.4321122,0.598801586308784,0.3382358510226251,1.0,2,False,,,,
1766472081.4378612,0.598801586308784,0.3382358510226251,1.0,2,False,,,,
1766472081.441292,0.598801586308784,0.3382358510226251,1.0,2,False,,,,
1766472081.444494,0.6261364640050507,0.3154001273852072,1.0,2,False,,,,
1766472081.708161,0.6261364640050507,0.3154001273852072,1.0,2,False,,,,
1766472081.713998,0.6257175170283993,0.31357477648051535,1.0,2,False,,,,
1766472081.717095,0.626002867734037,0.3101659989851724,1.0,2,False,,,,
1766472081.719795,0.626002867734037,0.3101659989851724,1.0,2,False,,,,
1766472081.726401,0.5836422737299867,0.309802526204523,1.0,2,False,,,,
1766472081.982275,0.5826633891267133,0.3082729875879098,1.0,2,False,,,,
1766472081.989057,0.5822452929697202,0.30640920608576616,1.0,2,False,,,,
1766472081.9959219,0.5822452929697202,0.30640920608576616,1.0,2,False,,,,
1766472081.999296,0.5826746503012636,0.301555390818813,1.0,2,False,,,,
1766472082.004245,0.6032242882874547,0.3084569540443688,1.0,2,False,,,,
1766472082.421344,0.6032242882874547,0.3084569540443688,1.0,2,False,,,,
1766472082.427236,0.6032242882874547,0.3084569540443688,1.0,2,False,,,,
1766472082.430125,0.6032242882874547,0.3084569540443688,1.0,2,False,,,,
1766472082.43265,0.6032242882874547,0.3084569540443688,1.0,2,False,,,,
1766472082.435349,0.5835325620006152,0.3068296850500185,1.0,2,False,,,,
1766472082.723857,0.5833954619479343,0.3060627595629082,1.0,2,False,,,,
1766472082.7327821,0.5833954619479343,0.3060627595629082,1.0,2,False,,,,
1766472082.738574,0.5825307982191706,0.30530100963883844,1.0,2,False,,,,
1766472082.7416131,0.5825307982191706,0.30530100963883844,1.0,2,False,,,,
1766472082.748587,0.6051826242877336,0.3021962686519535,1.0,2,False,,,,
1766472083.050394,0.6051826242877336,0.3021962686519535,1.0,2,False,,,,
1766472083.055163,0.6052598433035264,0.3021765676995546,1.0,2,False,,,,
1766472083.058343,0.6058369706207449,0.30322040404809425,1.0,2,False,,,,
1766472083.061166,0.6058369706207449,0.30322040404809425,1.0,2,False,,,,
1766472083.066779,0.6301177513519212,0.3051473376017708,0.7949999999999999,2,False,,,,
1766472083.514702,0.6301177513519212,0.3051473376017708,0.7949999999999999,2,False,,,,
1766472083.520329,0.6301177513519212,0.3051473376017708,0.7949999999999999,2,False,,,,
1766472083.523336,0.6375948771160922,0.3012852502471123,0.8,2,False,,,,
1766472083.526177,0.6375948771160922,0.3012852502471123,0.8,2,False,,,,
1766472083.528927,0.5866635302755772,0.2967847521145185,1.0,2,False,,,,
1766472083.867907,0.587325384487415,0.29811942208801256,1.0,2,False,,,,
1766472083.873347,0.587325384487415,0.29811942208801256,1.0,2,False,,,,
1766472083.876426,0.5878519155940768,0.3001721197239515,1.0,2,False,,,,
1766472083.881066,0.5878519155940768,0.3001721197239515,1.0,2,False,,,,
1766472083.8863502,0.6072228004050803,0.29122398984579,1.0,2,False,,,,
1766472084.262343,0.607284953782141,0.29224332347044757,1.0,2,False,,,,
1766472084.2676191,0.607284953782141,0.29224332347044757,1.0,2,False,,,,
1766472084.273397,0.607284953782141,0.29224332347044757,1.0,2,False,,,,
1766472084.276247,0.6063239061808566,0.2933733789424833,1.0,2,False,,,,
1766472084.278829,0.5855100696610094,0.2822958895954373,1.0,2,False,,,,
1766472084.716692,0.5855100696610094,0.2822958895954373,1.0,2,False,,,,
1766472084.723121,0.5855100696610094,0.2822958895954373,1.0,2,False,,,,
1766472084.725941,0.5855100696610094,0.2822958895954373,1.0,2,False,,,,
1766472084.728575,0.5855100696610094,0.2822958895954373,1.0,2,False,,,,
1766472084.731148,0.5643917728942532,0.2806319058505664,1.0,2,False,,,,
1766472085.093151,0.5643917728942532,0.2806319058505664,1.0,2,False,,,,
1766472085.099092,0.563418350334593,0.28060364371915125,1.0,2,False,,,,
1766472085.102837,0.563418350334593,0.28060364371915125,1.0,2,False,,,,
1766472085.105511,0.563418350334593,0.28060364371915125,1.0,2,False,,,,
1766472085.111617,0.6049554374436374,0.28416777034145446,1.0,2,False,,,,
1766472085.5395331,0.6046960456515995,0.28513421018349394,1.0,2,False,,,,
1766472085.54532,0.6046960456515995,0.28513421018349394,1.0,2,False,,,,
1766472085.548064,0.6046960456515995,0.28513421018349394,1.0,2,False,,,,
1766472085.551511,0.6049384063295774,0.28498227420538,1.0,2,False,,,,
1766472085.554834,0.4956933688940251,0.9658825537481236,0.8221649527549744,2,False,,,,
1766472086.011598,0.4956933688940251,0.9658825537481236,0.8221649527549744,2,False,,,,
1766472086.0201442,0.4964998497172254,0.9582772126359999,0.8304599821567535,2,False,,,,
1766472086.025352,0.4964998497172254,0.9582772126359999,0.8304599821567535,2,False,,,,
1766472086.032299,0.4964998497172254,0.9582772126359999,0.8304599821567535,2,False,,,,
1766472086.03602,0.5099646051363156,0.8635215824916728,0.9104349911212921,1,False,,,,
1766472086.421461,0.5099646051363156,0.8635215824916728,0.9104349911212921,1,False,,,,
1766472086.429983,0.5102244768116406,0.8570621466986489,0.9531818330287933,1,False,,,,
1766472086.436534,0.5102244768116406,0.8570621466986489,0.9531818330287933,1,False,,,,
1766472086.440208,0.5104775395569408,0.8494071221023707,0.956252783536911,1,False,,,,
1766472086.44329,0.5088182786363455,0.8425510486103553,0.9920175671577454,1,False,,,,
1766472086.665362,0.5088182786363455,0.8425510486103553,0.9920175671577454,1,False,,,,
1766472086.670706,0.5096115841570754,0.8428871862960606,0.9803655445575714,1,False,,,,
1766472086.673634,0.5092188601357663,0.841705915748763,0.9685645997524261,1,False,,,,
1766472086.676106,0.5092188601357663,0.841705915748763,0.9685645997524261,1,False,,,,
1766472086.680661,0.5162559134323529,0.7322902912210679,0.9882829189300537,1,False,,,,
1766472087.02989,0.5162559134323529,0.7322902912210679,0.9882829189300537,1,False,,,,
1766472087.03616,0.5162559134323529,0.7322902912210679,0.9882829189300537,1,False,,,,
1766472087.0397172,0.5162559134323529,0.7322902912210679,0.9882829189300537,1,False,,,,
1766472087.042212,0.5142572357536371,0.7317335272216131,1.0,1,False,,,,
1766472087.045089,0.3674183365447661,0.7550062368685685,0.99,1,False,,,,
1766472087.293319,0.3202499924734182,0.897986748223699,0.34530278792387753,1,False,,,,
1766472087.299455,0.3202499924734182,0.897986748223699,0.34530278792387753,1,False,,,,
1766472087.3044,0.3202499924734182,0.897986748223699,0.34530278792387753,1,False,,,,
1766472087.3072472,0.3202499924734182,0.897986748223699,0.34530278792387753,1,False,,,,
1766472087.309824,0.5325098892019922,0.7409917163695842,1.0,2,False,,,,
1766472087.7097878,0.543889862844181,0.7332758513849288,1.0,2,False,,,,
1766472087.7140758,0.5826027291347086,0.7376605719669947,0.995,2,False,,,,
1766472087.716647,0.5826027291347086,0.7376605719669947,0.995,2,False,,,,
1766472087.72168,0.5826027291347086,0.7376605719669947,0.995,2,False,,,,
1766472087.7247622,0.5721524152562335,0.7622235306092212,1.0,1,False,,,,
1766472088.062353,0.5729384046317232,0.7646633021444826,1.0,1,False,,,,
1766472088.0670762,0.5730211658118611,0.7652360755099203,1.0,1,False,,,,
1766472088.0712802,0.5730211658118611,0.7652360755099203,1.0,1,False,,,,
1766472088.073837,0.5730211658118611,0.7652360755099203,1.0,1,False,,,,
1766472088.076223,0.5291152663979279,0.8533707109976791,0.4841891792413296,1,False,,,,
1766472088.290367,0.5291152663979279,0.8533707109976791,0.4841891792413296,1,False,,,,
1766472088.296988,0.5291152663979279,0.8533707109976791,0.4841891792413296,1,False,,,,
1766472088.3002439,0.5167908990747627,0.9833126744318039,0.31241758786332346,1,False,,,,
1766472088.3042612,0.5167908990747627,0.9833126744318039,0.31241758786332346,1,False,,,,
1766472088.308697,0.577450211762937,0.43316770684966044,1.0,2,False,,,,
1766472088.644508,0.577450211762937,0.43316770684966044,1.0,2,False,,,,
1766472088.65132,0.5760054331422594,0.4511280363163165,1.0,2,False,,,,
1766472088.655172,0.5760054331422594,0.4511280363163165,1.0,2,False,,,,
1766472088.658151,0.5760054331422594,0.4511280363163165,1.0,2,False,,,,
1766472088.664692,0.5540694507536481,0.5920867411085106,1.0,2,False,,,,
1766472088.983836,0.5524401372410676,0.5985715858514125,1.0,2,False,,,,
1766472088.9901571,0.5524401372410676,0.5985715858514125,1.0,2,False,,,,
1766472088.9961221,0.5524401372410676,0.5985715858514125,1.0,2,False,,,,
1766472088.999776,0.5524401372410676,0.5985715858514125,1.0,2,False,,,,
1766472089.00248,0.4150074584581914,0.8265178704532931,0.3354185690849237,2,False,,,,
1766472089.427788,0.4150074584581914,0.8265178704532931,0.3354185690849237,2,False,,,,
1766472089.43359,0.4150074584581914,0.8265178704532931,0.3354185690849237,2,False,,,,
1766472089.4366112,0.4150074584581914,0.8265178704532931,0.3354185690849237,2,False,,,,
1766472089.4398139,0.49835006615693855,0.5915829091440835,0.7949999999999999,2,False,,,,
1766472089.44277,0.5631446422325721,0.5649932721062997,1.0,2,False,,,,
1766472089.767992,0.5631446422325721,0.5649932721062997,1.0,2,False,,,,
1766472089.7738528,0.5622126115524698,0.5630638900716866,1.0,2,False,,,,
1766472089.777299,0.5622126115524698,0.5630638900716866,1.0,2,False,,,,
1766472089.783519,0.5622126115524698,0.5630638900716866,1.0,2,False,,,,
1766472089.786442,0.5629635295452174,0.5504738403260706,1.0,2,False,,,,
1766472090.109424,0.5623512769413951,0.5477937426408819,1.0,2,False,,,,
1766472090.114665,0.5623512769413951,0.5477937426408819,1.0,2,False,,,,
1766472090.119329,0.5623512769413951,0.5477937426408819,1.0,2,False,,,,
1766472090.121855,0.5627936217146221,0.5468807574471926,1.0,2,False,,,,
1766472090.1242418,0.5655752335038822,0.556766312693946,1.0,2,False,,,,
1766472090.43245,0.5655752335038822,0.556766312693946,1.0,2,False,,,,
1766472090.4389708,0.5655752335038822,0.556766312693946,1.0,2,False,,,,
1766472090.442129,0.5651211350582919,0.5578340418194215,1.0,2,False,,,,
1766472090.445128,0.5649100585540398,0.5581673433712022,1.0,2,False,,,,
1766472090.4479702,0.5671394263535999,0.564541416151182,1.0,2,False,,,,
1766472090.752843,0.5671394263535999,0.564541416151182,1.0,2,False,,,,
1766472090.758294,0.5671759533880492,0.5630811177174746,1.0,2,False,,,,
1766472090.7611918,0.567292389619195,0.5641146752008748,1.0,2,False,,,,
1766472090.7638159,0.567292389619195,0.5641146752008748,1.0,2,False,,,,
1766472090.7687612,0.5669005389588462,0.5729850094801375,1.0,2,False,,,,
1766472091.080609,0.566716257576416,0.5736304417358975,1.0,2,False,,,,
1766472091.086129,0.566716257576416,0.5736304417358975,1.0,2,False,,,,
1766472091.092554,0.566716257576416,0.5736304417358975,1.0,2,False,,,,
1766472091.096498,0.5574243748720976,0.5752012780445404,1.0,2,False,,,,
1766472091.099417,0.5954652556287627,0.579672083772365,1.0,2,False,,,,
1766472092.075367,0.5954652556287627,0.579672083772365,1.0,2,False,,,,
1766472092.080717,0.5954652556287627,0.579672083772365,1.0,2,False,,,,
1766472092.083626,0.5970317515052059,0.5796424575349316,1.0,2,False,,,,
1766472092.086209,0.5970317515052059,0.5796424575349316,1.0,2,False,,,,
1766472092.090015,0.5423518891138197,0.5833201723890081,1.0,2,False,,,,
1766472092.435333,0.542909097227944,0.5841419933027485,1.0,2,False,,,,
1766472092.4401448,0.542909097227944,0.5841419933027485,1.0,2,False,,,,
1766472092.445432,0.542909097227944,0.5841419933027485,1.0,2,False,,,,
1766472092.448789,0.542909097227944,0.5841419933027485,1.0,2,False,,,,
1766472092.451883,0.5408845937753537,0.5603879105196673,1.0,2,False,,,,
1766472092.749897,0.5408845937753537,0.5603879105196673,1.0,2,False,,,,
1766472092.75551,0.5300347484181265,0.557153284611091,1.0,2,False,,,,
1766472092.758862,0.5300347484181265,0.557153284611091,1.0,2,False,,,,
1766472092.7617338,0.5300347484181265,0.557153284611091,1.0,2,False,,,,
1766472092.7675872,0.5706863860969936,0.5596291941309146,1.0,2,False,,,,
1766472093.0798569,0.5706863860969936,0.5596291941309146,1.0,2,False,,,,
1766472093.085429,0.5706863860969936,0.5596291941309146,1.0,2,False,,,,
1766472093.090632,0.5694804159567584,0.5632265868615985,1.0,2,False,,,,
1766472093.0956411,0.5694804159567584,0.5632265868615985,1.0,2,False,,,,
1766472093.100574,0.5587638624727309,0.5545461658090594,1.0,2,False,,,,
1766472093.372355,0.5587638624727309,0.5545461658090594,1.0,2,False,,,,
1766472093.3779998,0.5593037929546683,0.5535791961516882,1.0,2,False,,,,
1766472093.381192,0.5593037929546683,0.5535791961516882,1.0,2,False,,,,
1766472093.387869,0.5593037929546683,0.5535791961516882,1.0,2,False,,,,
1766472093.39082,0.5707152352335348,0.5632571350406281,1.0,2,False,,,,
1766472093.7649128,0.5707152352335348,0.5632571350406281,1.0,2,False,,,,
1766472093.770879,0.5707152352335348,0.5632571350406281,1.0,2,False,,,,
1766472093.773844,0.5569506951804108,0.5588241946773471,1.0,2,False,,,,
1766472093.776884,0.5562616794209074,0.5582784174472782,1.0,2,False,,,,
1766472093.779444,0.5422416567817185,0.5241969509562172,1.0,2,False,,,,
1766472094.204851,0.5422416567817185,0.5241969509562172,1.0,2,False,,,,
1766472094.21028,0.541537996791633,0.5236159294193112,1.0,2,False,,,,
1766472094.214695,0.5420087981904276,0.5233601410581603,1.0,2,False,,,,
1766472094.218266,0.5420087981904276,0.5233601410581603,1.0,2,False,,,,
1766472094.224719,0.599517715200457,0.5329837651893257,1.0,2,False,,,,
1766472094.551415,0.599517715200457,0.5329837651893257,1.0,2,False,,,,
1766472094.556332,0.599517715200457,0.5329837651893257,1.0,2,False,,,,
1766472094.559104,0.599517715200457,0.5329837651893257,1.0,2,False,,,,
1766472094.562264,0.5992217300037875,0.5321859435882408,1.0,2,False,,,,
1766472094.565208,0.5588534416531215,0.5564433632269489,1.0,2,False,,,,
1766472094.922771,0.5588534416531215,0.5564433632269489,1.0,2,False,,,,
1766472094.929195,0.5588534416531215,0.5564433632269489,1.0,2,False,,,,
1766472094.9337258,0.5579349333436594,0.556768010210936,1.0,2,False,,,,
1766472094.936547,0.5579349333436594,0.556768010210936,1.0,2,False,,,,
1766472094.9414558,0.5474895420691628,0.5651782807023872,1.0,2,False,,,,
1766472095.29739,0.5474895420691628,0.5651782807023872,1.0,2,False,,,,
1766472095.303019,0.5442628591141896,0.564945280344844,1.0,2,False,,,,
1766472095.307534,0.5442628591141896,0.564945280344844,1.0,2,False,,,,
1766472095.313708,0.5442628591141896,0.564945280344844,1.0,2,False,,,,
1766472095.3166962,0.558538991634808,0.5772167975916516,0.8,2,False,,,,
1766472095.580127,0.558538991634808,0.5772167975916516,0.8,2,False,,,,
1766472095.585234,0.558538991634808,0.5772167975916516,0.8,2,False,,,,
1766472095.5882618,0.5617274926173038,0.5741151210120327,0.8,2,False,,,,
1766472095.5914161,0.5617274926173038,0.5741151210120327,0.8,2,False,,,,
1766472095.596529,0.5904186438232288,0.5981244919763608,1.0,2,False,,,,
1766472095.87671,0.5904186438232288,0.5981244919763608,1.0,2,False,,,,
1766472095.8829792,0.5904186438232288,0.5981244919763608,1.0,2,False,,,,
1766472095.886262,0.5904195829348906,0.5995092717739681,1.0,2,False,,,,
1766472095.890102,0.5893404608860371,0.5999876041767991,1.0,2,False,,,,
1766472095.8925319,0.5370201941670698,0.5803365941103596,1.0,2,False,,,,
1766472096.254591,0.5355464299954129,0.5782935493595404,1.0,2,False,,,,
1766472096.261423,0.5355464299954129,0.5782935493595404,1.0,2,False,,,,
1766472096.268839,0.5355464299954129,0.5782935493595404,1.0,2,False,,,,
1766472096.271351,0.5355464299954129,0.5782935493595404,1.0,2,False,,,,
1766472096.274133,0.5615938999826435,0.7383630546284282,0.10119060406749826,2,True,0.4832254946231842,0.6776469945907593,0.08315296471118927,0.1629786193370819
1766472096.6573389,0.43221420602256055,1.2964674495654596,0.8222962610265339,2,False,,,,
1766472096.662006,1.132260954016234,0.7955474526085295,0.0,2,False,,,,
1766472096.665621,1.132260954016234,0.7955474526085295,0.0,2,False,,,,
1766472096.6723351,1.132260954016234,0.7955474526085295,0.0,2,False,,,,
1766472096.675333,0.666947059874956,0.6803239525332436,0.8276983797550201,2,False,,,,
1766472096.9850109,0.666947059874956,0.6803239525332436,0.8276983797550201,2,False,,,,
1766472096.9937322,0.6670067783613569,0.6784303348815415,0.8220386505126953,2,False,,,,
1766472096.9963992,0.6615413612988807,0.6825747457771123,0.8315656185150146,2,False,,,,
1766472096.9989388,0.6615413612988807,0.6825747457771123,0.8315656185150146,2,False,,,,
1766472097.004181,0.5179697565793508,0.789162558576404,0.37851183868636556,1,False,,,,
1766472097.378461,0.4336544502084928,0.9667640468766275,0.908964991569519,1,False,,,,
1766472097.387279,0.4336544502084928,0.9667640468766275,0.908964991569519,1,False,,,,
1766472097.3920178,0.4336544502084928,0.9667640468766275,0.908964991569519,1,False,,,,
1766472097.396545,0.4345169104202295,0.9722299417738065,0.8878287076950073,1,False,,,,
1766472097.399265,0.5577360257852771,1.0077503982925788,0.4755277818890853,1,False,,,,
1766472097.726645,0.5577360257852771,1.0077503982925788,0.4755277818890853,1,False,,,,
1766472097.732985,0.44890788205361104,1.080017968074961,0.7941293120384216,1,False,,,,
1766472097.737022,0.44890788205361104,1.080017968074961,0.7941293120384216,1,False,,,,
1766472097.742785,0.44890788205361104,1.080017968074961,0.7941293120384216,1,False,,,,
1766472097.7457678,0.49043808370255426,0.9056886009149947,0.4319920408692935,1,False,,,,
1766472098.046797,0.49043808370255426,0.9056886009149947,0.4319920408692935,1,False,,,,
1766472098.051928,0.43623577831594823,1.0101929884724152,0.8420904874801636,1,False,,,,
1766472098.055657,0.43623577831594823,1.0101929884724152,0.8420904874801636,1,False,,,,
1766472098.061463,0.43623577831594823,1.0101929884724152,0.8420904874801636,1,False,,,,
1766472098.064693,0.43780131274941836,1.0012845947277387,0.7974134981632233,1,False,,,,
1766472098.363472,0.43780131274941836,1.0012845947277387,0.7974134981632233,1,False,,,,
1766472098.3687308,0.44022047206227305,0.9974077691194705,0.8219673335552216,1,False,,,,
1766472098.371912,0.44022047206227305,0.9974077691194705,0.8219673335552216,1,False,,,,
1766472098.376534,0.44022047206227305,0.9974077691194705,0.8219673335552216,1,False,,,,
1766472098.380034,0.4868301140221618,0.8995539851161821,0.8970231115818024,1,False,,,,
1766472098.769706,0.48662327810817974,0.9002903252441341,0.8192566335201263,1,False,,,,
1766472098.7749372,0.486154779175461,0.8994979679952001,0.8039706945419312,1,False,,,,
1766472098.779562,0.486154779175461,0.8994979679952001,0.8039706945419312,1,False,,,,
1766472098.782764,0.486154779175461,0.8994979679952001,0.8039706945419312,1,False,,,,
1766472098.78561,0.4930284429001003,0.9142515282490778,0.8664137721061707,1,False,,,,
1766472099.2223492,0.4936196430030345,0.9162369453119775,0.8043614625930786,1,False,,,,
1766472099.227037,0.4936196430030345,0.9162369453119775,0.8043614625930786,1,False,,,,
1766472099.231433,0.4936196430030345,0.9162369453119775,0.8043614625930786,1,False,,,,
1766472099.2339299,0.4936196430030345,0.9162369453119775,0.8043614625930786,1,False,,,,
1766472099.236362,0.47109839752086524,0.8388557193243258,0.9342688620090485,1,False,,,,
1766472099.631579,0.47109839752086524,0.8388557193243258,0.9342688620090485,1,False,,,,
1766472099.636875,0.47109839752086524,0.8388557193243258,0.9342688620090485,1,False,,,,
1766472099.6401432,0.47109839752086524,0.8388557193243258,0.9342688620090485,1,False,,,,
1766472099.6428869,0.4677715011203669,0.8375377435204667,0.9345386028289795,1,False,,,,
1766472099.645397,0.48774679335795534,0.8500862819476203,0.9969543814659119,1,False,,,,
1766472099.902545,0.48774679335795534,0.8500862819476203,0.9969543814659119,1,False,,,,
1766472099.907207,0.48774679335795534,0.8500862819476203,0.9969543814659119,1,False,,,,
1766472099.9104052,0.4858400614111934,0.8525066383136973,0.9930570721626282,1,False,,,,
1766472099.9138649,0.48598037035441094,0.8516332933846594,0.9883780777454376,1,False,,,,
1766472099.9185548,0.48487368242910184,0.8523273896808522,0.9687642455101013,1,False,,,,
1766472100.143053,0.4759273560636692,0.8552581991180183,0.9820535778999329,1,False,,,,
1766472100.1478982,0.4759273560636692,0.8552581991180183,0.9820535778999329,1,False,,,,
1766472100.1527228,0.4759273560636692,0.8552581991180183,0.9820535778999329,1,False,,,,
1766472100.155968,0.4759273560636692,0.8552581991180183,0.9820535778999329,1,False,,,,
1766472100.1587148,0.5114993561802521,0.5817121640284457,0.2577667753906161,1,False,,,,
1766472100.449536,0.7729605218463382,1.0516444372022924,0.36107820786227746,1,False,,,,
1766472100.4568949,0.7729605218463382,1.0516444372022924,0.36107820786227746,1,False,,,,
1766472100.4612339,0.7807975374427181,0.95902483321468,0.4329198248918,1,False,,,,
1766472100.4643981,0.7009298842679954,0.6984541134699387,0.38936236273864683,1,False,,,,
1766472100.46735,0.556189634758899,0.4100180104285043,1.0,2,True,0.5240195393562317,0.2200813740491867,0.09819269180297852,0.2053825408220291
1766472100.756185,0.556189634758899,0.4100180104285043,1.0,2,True,0.5240195393562317,0.2200813740491867,0.09819269180297852,0.2053825408220291
1766472100.76108,0.556189634758899,0.4100180104285043,1.0,2,True,0.5240195393562317,0.2200813740491867,0.09819269180297852,0.2053825408220291
1766472100.764032,0.5583114083655907,0.4223481589760778,1.0,2,True,0.5240195393562317,0.2200813740491867,0.09819269180297852,0.2053825408220291
1766472100.766588,0.5583114083655907,0.4223481589760778,1.0,2,True,0.5240195393562317,0.2200813740491867,0.09819269180297852,0.2053825408220291
1766472100.768954,0.5518806160239673,0.529263550069681,1.0,2,False,,,,
1766472101.025177,0.5518806160239673,0.529263550069681,1.0,2,False,,,,
1766472101.031305,0.5516975728327315,0.5308542365674906,1.0,2,False,,,,
1766472101.035102,0.5516975728327315,0.5308542365674906,1.0,2,False,,,,
1766472101.040617,0.5516975728327315,0.5308542365674906,1.0,2,False,,,,
1766472101.043605,0.5902259638457614,0.532758603924035,0.5685976008650683,2,False,,,,
1766472101.451862,0.5298752519799976,0.4484438677206206,0.8,2,False,,,,
1766472101.4583738,0.5298752519799976,0.4484438677206206,0.8,2,False,,,,
1766472101.464067,0.5298752519799976,0.4484438677206206,0.8,2,False,,,,
1766472101.468381,0.5466430573339973,0.5034294612310948,0.995,2,False,,,,
1766472101.4712179,0.5667294065738746,0.5401825731653263,1.0,2,False,,,,
1766472101.7995572,0.5667294065738746,0.5401825731653263,1.0,2,False,,,,
1766472101.8055649,0.5665917894337585,0.54246840648708,1.0,2,False,,,,
1766472101.808587,0.5665917894337585,0.54246840648708,1.0,2,False,,,,
1766472101.8142478,0.5665917894337585,0.54246840648708,1.0,2,False,,,,
1766472101.816999,0.5896383054033796,0.5507444086242798,1.0,2,False,,,,
1766472102.2929559,0.5896383054033796,0.5507444086242798,1.0,2,False,,,,
1766472102.29993,0.5896383054033796,0.5507444086242798,1.0,2,False,,,,
1766472102.303062,0.5896383054033796,0.5507444086242798,1.0,2,False,,,,
1766472102.3057358,0.5903036988380427,0.5513817292309954,1.0,2,False,,,,
1766472102.308152,0.5730958017192634,0.5637952463886501,1.0,2,False,,,,
1766472102.665066,0.5737354815609221,0.5646486684348929,1.0,2,False,,,,
1766472102.671832,0.5737354815609221,0.5646486684348929,1.0,2,False,,,,
1766472102.6747599,0.5751661713868552,0.5642604451807032,1.0,2,False,,,,
1766472102.6775522,0.5751661713868552,0.5642604451807032,1.0,2,False,,,,
1766472102.6804202,0.5474936296567912,0.5496827834584447,1.0,2,False,,,,
1766472103.040042,0.5474936296567912,0.5496827834584447,1.0,2,False,,,,
1766472103.045556,0.5477034162348715,0.549655011289099,1.0,2,False,,,,
1766472103.0486112,0.5477034162348715,0.549655011289099,1.0,2,False,,,,
1766472103.0533109,0.5477034162348715,0.549655011289099,1.0,2,False,,,,
1766472103.056117,0.5568502605785073,0.5557927947361351,1.0,2,False,,,,
1766472103.420675,0.5568502605785073,0.5557927947361351,1.0,2,False,,,,
1766472103.425644,0.5569572850297995,0.5560250459913397,1.0,2,False,,,,
1766472103.430212,0.557393336957298,0.5562843020323389,1.0,2,False,,,,
1766472103.435625,0.557393336957298,0.5562843020323389,1.0,2,False,,,,
1766472103.439095,0.6105642061550735,0.5867276190501589,1.0,2,False,,,,
1766472103.7610738,0.6105642061550735,0.5867276190501589,1.0,2,False,,,,
1766472103.767516,0.6115531910096854,0.5888133034534799,1.0,2,False,,,,
1766472103.773812,0.6115531910096854,0.5888133034534799,1.0,2,False,,,,
1766472103.776886,0.6115531910096854,0.5888133034534799,1.0,2,False,,,,
1766472103.780195,0.5669305241597149,0.5494003485892704,1.0,2,False,,,,
1766472104.185428,0.5669522943325112,0.5480762592523135,1.0,2,False,,,,
1766472104.190885,0.5669522943325112,0.5480762592523135,1.0,2,False,,,,
1766472104.195945,0.5669522943325112,0.5480762592523135,1.0,2,False,,,,
1766472104.1993,0.566581981037249,0.5484963914713805,1.0,2,False,,,,
1766472104.20471,0.5999905907915665,0.5598585082250058,1.0,2,False,,,,
1766472104.4882681,0.5993770821722151,0.5595938851464686,1.0,2,False,,,,
1766472104.494032,0.5993770821722151,0.5595938851464686,1.0,2,False,,,,
1766472104.4969118,0.5993770821722151,0.5595938851464686,1.0,2,False,,,,
1766472104.4997802,0.5988514959045548,0.5585088045243845,1.0,2,False,,,,
1766472104.5024362,0.5388295945727767,0.5408771630166033,1.0,2,False,,,,
1766472104.855157,0.5400540375730948,0.5399098876729961,1.0,2,False,,,,
1766472104.86049,0.5400540375730948,0.5399098876729961,1.0,2,False,,,,
1766472104.863778,0.5400540375730948,0.5399098876729961,1.0,2,False,,,,
1766472104.86715,0.5410581336503799,0.5380115201489718,1.0,2,False,,,,
1766472104.870374,0.5388064082065813,0.5408072359165365,1.0,2,False,,,,
1766472105.26275,0.5388064082065813,0.5408072359165365,1.0,2,False,,,,
1766472105.267147,0.5388064082065813,0.5408072359165365,1.0,2,False,,,,
1766472105.2699652,0.5382003979327432,0.5410984077029082,1.0,2,False,,,,
1766472105.272959,0.5383903766952323,0.5413387328040272,1.0,2,False,,,,
1766472105.2759922,0.5411831769246692,0.5451142741971153,1.0,2,False,,,,
1766472105.601677,0.5411831769246692,0.5451142741971153,1.0,2,False,,,,
1766472105.607456,0.5403171418918242,0.5453971879866529,1.0,2,False,,,,
1766472105.610316,0.5403171418918242,0.5453971879866529,1.0,2,False,,,,
1766472105.615187,0.5403171418918242,0.5453971879866529,1.0,2,False,,,,
1766472105.61804,0.5855047853187799,0.5838208366415658,1.0,2,False,,,,
1766472105.982063,0.5855047853187799,0.5838208366415658,1.0,2,False,,,,
1766472105.9881291,0.5855047853187799,0.5838208366415658,1.0,2,False,,,,
1766472105.9919748,0.584276794918084,0.5862194084092234,1.0,2,False,,,,
1766472105.9969,0.584276794918084,0.5862194084092234,1.0,2,False,,,,
1766472106.002406,0.5786605947376657,0.5811206726640286,1.0,2,False,,,,
1766472106.2959208,0.5786605947376657,0.5811206726640286,1.0,2,False,,,,
1766472106.3012989,0.5786605947376657,0.5811206726640286,1.0,2,False,,,,
1766472106.30628,0.5786605947376657,0.5811206726640286,1.0,2,False,,,,
1766472106.3092322,0.5789972832725011,0.5818669990738178,1.0,2,False,,,,
1766472106.312041,0.46563133698846826,1.0217335508453296,0.6865146338939667,2,False,,,,
1766472106.5848262,0.46563133698846826,1.0217335508453296,0.6865146338939667,2,False,,,,
1766472106.593844,0.463953830602036,1.0243528193736398,0.7233139753341675,2,False,,,,
1766472106.596909,0.46345567997504017,1.0212570201572309,0.699464100599289,2,False,,,,
1766472106.599364,0.46345567997504017,1.0212570201572309,0.699464100599289,2,False,,,,
1766472106.604497,0.49259452874759174,0.9287132253114565,0.8591727912425995,2,False,,,,
1766472106.9186409,0.49259452874759174,0.9287132253114565,0.8591727912425995,2,False,,,,
1766472106.926851,0.49259452874759174,0.9287132253114565,0.8591727912425995,2,False,,,,
1766472106.929655,0.49399447425812265,0.9269447091602152,0.8533856272697449,2,False,,,,
1766472106.932518,0.4937816978132285,0.925404503359325,0.8826180696487427,2,False,,,,
1766472106.9353862,0.523689008366969,0.8417461659599607,0.9419359564781189,1,False,,,,
1766472107.4175858,0.522665529742304,0.8386909599138402,0.9658861458301544,1,False,,,,
1766472107.425511,0.522665529742304,0.8386909599138402,0.9658861458301544,1,False,,,,
1766472107.430152,0.524341303606394,0.8448301692257242,1.0,1,False,,,,
1766472107.433155,0.524341303606394,0.8448301692257242,1.0,1,False,,,,
1766472107.435866,0.48984491512848,0.8568083226652986,0.9661179780960083,1,False,,,,
1766472107.6743748,0.48984491512848,0.8568083226652986,0.9661179780960083,1,False,,,,
1766472107.6799412,0.48984491512848,0.8568083226652986,0.9661179780960083,1,False,,,,
1766472107.684452,0.49147554435838503,0.8529643301353466,0.9621768593788147,1,False,,,,
1766472107.686849,0.49147554435838503,0.8529643301353466,0.9621768593788147,1,False,,,,
1766472107.6914392,0.4699297428424497,0.8500770221318024,0.9759192168712616,1,False,,,,
1766472107.903557,0.47202459883947834,0.8491912946733764,0.9699579179286957,1,False,,,,
1766472107.9084759,0.47202459883947834,0.8491912946733764,0.9699579179286957,1,False,,,,
1766472107.913978,0.47202459883947834,0.8491912946733764,0.9699579179286957,1,False,,,,
1766472107.9168792,0.47202459883947834,0.8491912946733764,0.9699579179286957,1,False,,,,
1766472107.920096,0.5155620658554109,0.821829811326764,0.9763921797275543,1,False,,,,
1766472108.1494029,0.5139870925175514,0.8254918218322363,1.0,1,False,,,,
1766472108.154297,0.5113764246760533,0.8288003171865681,0.96901735663414,1,False,,,,
1766472108.159182,0.5113764246760533,0.8288003171865681,0.96901735663414,1,False,,,,
1766472108.161849,0.5113764246760533,0.8288003171865681,0.96901735663414,1,False,,,,
1766472108.165897,0.49841994879458074,0.8760274925634961,0.999841183423996,1,False,,,,
1766472108.4392588,0.49736057144733375,0.8728336668445659,0.9676379561424255,1,False,,,,
1766472108.4471428,0.49736057144733375,0.8728336668445659,0.9676379561424255,1,False,,,,
1766472108.452578,0.49736057144733375,0.8728336668445659,0.9676379561424255,1,False,,,,
1766472108.4553988,0.49717570759383,0.8693530344382792,0.9662307798862457,1,False,,,,
1766472108.458195,0.48464023197591094,0.887076613337097,0.9825385808944702,1,False,,,,
1766472108.6710799,0.48703569504233285,0.8900873819254893,0.984485387802124,1,False,,,,
1766472108.675942,0.48703569504233285,0.8900873819254893,0.984485387802124,1,False,,,,
1766472108.6807601,0.48703569504233285,0.8900873819254893,0.984485387802124,1,False,,,,
1766472108.683775,0.48703569504233285,0.8900873819254893,0.984485387802124,1,False,,,,
1766472108.687201,0.4851334438585037,0.8160358306813265,0.9394397735595703,1,False,,,,
1766472109.2555609,0.4851334438585037,0.8160358306813265,0.9394397735595703,1,False,,,,
1766472109.259881,0.48596541650335945,0.8130755917265434,0.9658706188201904,1,False,,,,
1766472109.263659,0.48596541650335945,0.8130755917265434,0.9658706188201904,1,False,,,,
1766472109.2688808,0.48596541650335945,0.8130755917265434,0.9658706188201904,1,False,,,,
1766472109.271544,0.5713293418055114,0.3567647124141793,1.0,1,False,,,,
1766472109.870463,0.5713293418055114,0.3567647124141793,1.0,1,False,,,,
1766472109.877986,0.5569723107568286,0.3966887066134115,1.0,1,False,,,,
1766472109.8810592,0.5569723107568286,0.3966887066134115,1.0,1,False,,,,
1766472109.8836942,0.5569723107568286,0.3966887066134115,1.0,1,False,,,,
1766472109.889237,0.6073314335470781,0.7860285816246773,0.24189915789638744,2,False,,,,
1766472110.279118,0.38715938312702614,0.5819928957896201,0.99,2,False,,,,
1766472110.287373,0.38715938312702614,0.5819928957896201,0.99,2,False,,,,
1766472110.293731,0.38715938312702614,0.5819928957896201,0.99,2,False,,,,
1766472110.29904,0.3815846087223386,0.8634087440878061,0.21206302308380437,2,False,,,,
1766472110.301889,0.530204825282347,0.5779647163314716,1.0,2,False,,,,
1766472110.603988,0.530204825282347,0.5779647163314716,1.0,2,False,,,,
1766472110.6102028,0.530204825282347,0.5779647163314716,1.0,2,False,,,,
1766472110.613148,0.5301214738581395,0.5775694013353221,1.0,2,False,,,,
1766472110.61603,0.5306300372427384,0.5788736583179559,1.0,2,False,,,,
1766472110.618616,0.5408234103642539,0.434495148370607,0.8,2,False,,,,
1766472111.306068,0.5399152206757188,0.44102790485112,0.8,2,False,,,,
1766472111.3128588,0.5399152206757188,0.44102790485112,0.8,2,False,,,,
1766472111.3183591,0.5315059942872951,0.4466265686159776,1.0,2,False,,,,
1766472111.3213499,0.5315059942872951,0.4466265686159776,1.0,2,False,,,,
1766472111.326333,0.556848297554179,0.5600365310127657,1.0,2,False,,,,
1766472111.831916,0.556848297554179,0.5600365310127657,1.0,2,False,,,,
1766472111.8373709,0.5562881153780721,0.5604775400566733,1.0,2,False,,,,
1766472111.8416698,0.5558469958666943,0.5590804079667165,1.0,2,False,,,,
1766472111.844484,0.5558469958666943,0.5590804079667165,1.0,2,False,,,,
1766472111.849958,0.5549601184778135,0.5643010682306722,1.0,2,False,,,,
1766472112.227315,0.5549601184778135,0.5643010682306722,1.0,2,False,,,,
1766472112.232686,0.5549601184778135,0.5643010682306722,1.0,2,False,,,,
1766472112.23571,0.5549601184778135,0.5643010682306722,1.0,2,False,,,,
1766472112.238296,0.5515014486534285,0.5939948907177642,1.0,2,False,,,,
1766472112.240747,0.5555064653767007,0.6055426244801231,1.0,2,False,,,,
1766472112.570867,0.5555064653767007,0.6055426244801231,1.0,2,False,,,,
1766472112.5773351,0.5560550357484131,0.6069256619580048,1.0,2,False,,,,
1766472112.583885,0.5560550357484131,0.6069256619580048,1.0,2,False,,,,
1766472112.589259,0.5558059132377344,0.6069122963129139,1.0,2,False,,,,
1766472112.592731,0.5844164382602108,0.58313034963741,1.0,2,False,,,,
1766472113.0450099,0.5847672818299327,0.5834364836130902,1.0,2,False,,,,
1766472113.051672,0.5857284420719061,0.5847420649332783,1.0,2,False,,,,
1766472113.058264,0.5857284420719061,0.5847420649332783,1.0,2,False,,,,
1766472113.0612311,0.5860544820100223,0.5831730199104825,1.0,2,False,,,,
1766472113.063825,0.5453534894004388,0.5718470407017059,1.0,2,False,,,,
1766472113.3165388,0.5443875337499582,0.5716237758597259,1.0,2,False,,,,
1766472113.322263,0.5443875337499582,0.5716237758597259,1.0,2,False,,,,
1766472113.32773,0.5443875337499582,0.5716237758597259,1.0,2,False,,,,
1766472113.3314502,0.5433193960338852,0.5728271916350068,1.0,2,False,,,,
1766472113.3357902,0.5694325324809831,0.5395417513976315,1.0,2,False,,,,
1766472113.6988428,0.5624078671940682,0.5439768144161553,1.0,2,False,,,,
1766472113.70486,0.5624078671940682,0.5439768144161553,1.0,2,False,,,,
1766472113.7108438,0.5624078671940682,0.5439768144161553,1.0,2,False,,,,
1766472113.714091,0.565625532164149,0.5440315865894008,1.0,2,False,,,,
1766472113.716884,0.5961827692699364,0.5581392473609471,1.0,2,False,,,,
1766472114.066823,0.5974655620741383,0.557200011032468,1.0,2,False,,,,
1766472114.072541,0.5974655620741383,0.557200011032468,1.0,2,False,,,,
1766472114.077482,0.5974655620741383,0.557200011032468,1.0,2,False,,,,
1766472114.080229,0.5974655620741383,0.557200011032468,1.0,2,False,,,,
1766472114.083571,0.5576396982988233,0.5431808600910841,1.0,2,False,,,,
1766472114.3601742,0.5576396982988233,0.5431808600910841,1.0,2,False,,,,
1766472114.365514,0.558343594828238,0.5424353822629988,1.0,2,False,,,,
1766472114.368178,0.558343594828238,0.5424353822629988,1.0,2,False,,,,
1766472114.370553,0.558343594828238,0.5424353822629988,1.0,2,False,,,,
1766472114.3758552,0.561064561949635,0.5446021841542455,1.0,2,False,,,,
1766472114.643838,0.561064561949635,0.5446021841542455,1.0,2,False,,,,
1766472114.64896,0.561064561949635,0.5446021841542455,1.0,2,False,,,,
1766472114.651587,0.561064561949635,0.5446021841542455,1.0,2,False,,,,
1766472114.654282,0.5610502869672488,0.5424578934853223,1.0,2,False,,,,
1766472114.657681,0.5538639307930244,0.5815131191899969,1.0,2,False,,,,
1766472115.2894468,0.5523390971952882,0.5820890068003973,1.0,2,False,,,,
1766472115.29492,0.5517704723228933,0.5820769854179383,1.0,2,False,,,,
1766472115.299832,0.5517704723228933,0.5820769854179383,1.0,2,False,,,,
1766472115.3044522,0.5517704723228933,0.5820769854179383,1.0,2,False,,,,
1766472115.3077261,0.5742468770317797,0.6137909612640262,1.0,2,False,,,,
1766472115.58194,0.5742468770317797,0.6137909612640262,1.0,2,False,,,,
1766472115.587265,0.5742468770317797,0.6137909612640262,1.0,2,False,,,,
1766472115.5902221,0.5748014893901239,0.6128370216043109,1.0,2,False,,,,
1766472115.593444,0.5748014893901239,0.6128370216043109,1.0,2,False,,,,
1766472115.5966878,0.5953797979224777,0.6162231882359488,1.0,2,False,,,,
1766472116.119057,0.5953797979224777,0.6162231882359488,1.0,2,False,,,,
1766472116.12432,0.5953797979224777,0.6162231882359488,1.0,2,False,,,,
1766472116.1271942,0.5976784326213679,0.6163038077024584,1.0,2,False,,,,
1766472116.130421,0.5976784326213679,0.6163038077024584,1.0,2,False,,,,
1766472116.138334,0.5483127859632124,0.5685261371235621,1.0,2,False,,,,
1766472116.479699,0.5478975019392699,0.5669997016655967,1.0,2,False,,,,
1766472116.4854882,0.5478975019392699,0.5669997016655967,1.0,2,False,,,,
1766472116.49148,0.5478975019392699,0.5669997016655967,1.0,2,False,,,,
1766472116.494733,0.5479929702382129,0.5664344618705629,1.0,2,False,,,,
1766472116.497657,0.5549758854580518,0.5720932441918709,1.0,2,False,,,,
1766472116.7521422,0.5549758854580518,0.5720932441918709,1.0,2,False,,,,
1766472116.7583308,0.5549758854580518,0.5720932441918709,1.0,2,False,,,,
1766472116.7613719,0.554625267234988,0.5729360368661139,1.0,2,False,,,,
1766472116.764394,0.5547233887027424,0.5731329251224574,1.0,2,False,,,,
1766472116.7671108,0.6049810061155872,0.5917662410994481,1.0,2,False,,,,
1766472117.143857,0.6049810061155872,0.5917662410994481,1.0,2,False,,,,
1766472117.149218,0.5814689291203301,0.5744975027854224,0.995,2,False,,,,
1766472117.153697,0.5725937477254485,0.582820073083798,0.995,2,False,,,,
1766472117.1564841,0.5725937477254485,0.582820073083798,0.995,2,False,,,,
1766472117.1614752,0.5487511841080553,0.578834385808799,1.0,2,False,,,,
1766472117.423349,0.5487511841080553,0.578834385808799,1.0,2,False,,,,
1766472117.428203,0.5487511841080553,0.578834385808799,1.0,2,False,,,,
1766472117.431047,0.5487511841080553,0.578834385808799,1.0,2,False,,,,
1766472117.43529,0.5464689773948244,0.5772384608921546,1.0,2,False,,,,
1766472117.438035,0.6017245622556671,0.6025341551553793,1.0,2,False,,,,
1766472117.69855,0.6017245622556671,0.6025341551553793,1.0,2,False,,,,
1766472117.703475,0.6036586116159839,0.603018557777726,1.0,2,False,,,,
1766472117.7072582,0.6036586116159839,0.603018557777726,1.0,2,False,,,,
1766472117.7219121,0.6045166502411632,0.6027933045575331,1.0,2,False,,,,
1766472117.7268102,0.5695969333074398,0.5584099814670481,1.0,2,False,,,,
1766472118.0601642,0.5695969333074398,0.5584099814670481,1.0,2,False,,,,
1766472118.066541,0.5695969333074398,0.5584099814670481,1.0,2,False,,,,
1766472118.069547,0.5691718835088017,0.5566260710208174,1.0,2,False,,,,
1766472118.072423,0.5691718835088017,0.5566260710208174,1.0,2,False,,,,
1766472118.074805,0.6093121210561379,0.5097998131309728,1.0,2,False,,,,
1766472118.6806269,0.6061478403414506,0.8308744524660364,0.28349864456966595,2,False,,,,
1766472118.687047,0.6061478403414506,0.8308744524660364,0.28349864456966595,2,False,,,,
1766472118.690408,0.5615442661922136,0.8325708833777512,0.16809877749718533,2,True,0.4936884939670563,0.6873466372489929,0.08207807689905167,0.16124793887138367
1766472118.693629,0.5615442661922136,0.8325708833777512,0.16809877749718533,2,True,0.4936884939670563,0.6873466372489929,0.08207807689905167,0.16124793887138367
1766472118.698782,0.5292185346000191,1.0295954436686356,0.8549961745738983,2,False,,,,
1766472118.964461,0.5292185346000191,1.0295954436686356,0.8549961745738983,2,False,,,,
1766472118.969536,0.5292185346000191,1.0295954436686356,0.8549961745738983,2,False,,,,
1766472118.9720142,0.5292185346000191,1.0295954436686356,0.8549961745738983,2,False,,,,
1766472118.974674,0.532193693976134,1.0119477319943757,0.8473876118659973,2,False,,,,
1766472118.977314,0.5346061419324525,0.8865020974996931,0.9524868726730347,2,False,,,,
1766472119.2434518,0.5299645958958448,0.8759400156678842,0.9803546965122223,2,False,,,,
1766472119.252064,0.5299645958958448,0.8759400156678842,0.9803546965122223,2,False,,,,
1766472119.257882,0.5299645958958448,0.8759400156678842,0.9803546965122223,2,False,,,,
1766472119.2609222,0.5299645958958448,0.8759400156678842,0.9803546965122223,2,False,,,,
1766472119.2640681,0.49528456002558896,0.7816038091282969,0.9765377938747406,1,False,,,,
1766472119.483022,0.4947967910209048,0.7812702919128757,0.9671235978603363,1,False,,,,
1766472119.49086,0.4947967910209048,0.7812702919128757,0.9671235978603363,1,False,,,,
1766472119.495808,0.4923890279989293,0.7798523703789777,0.9964916706085205,1,False,,,,
1766472119.500224,0.4923890279989293,0.7798523703789777,0.9964916706085205,1,False,,,,
1766472119.5055969,0.4871730317518371,0.7756387350900784,1.0,0,False,,,,
1766472119.689663,0.4871730317518371,0.7756387350900784,1.0,0,False,,,,
1766472119.695555,0.4871730317518371,0.7756387350900784,1.0,0,False,,,,
1766472119.6990201,0.48998488073624147,0.772679376666719,1.0,0,False,,,,
1766472119.702731,0.48998488073624147,0.772679376666719,1.0,0,False,,,,
1766472119.7082171,0.4970586189746012,0.7726979585001572,1.0,0,False,,,,
1766472119.893919,0.4970586189746012,0.7726979585001572,1.0,0,False,,,,
1766472119.898885,0.4950134315116691,0.7699132935204295,0.9976500272750854,0,False,,,,
1766472119.9028978,0.4950134315116691,0.7699132935204295,0.9976500272750854,0,False,,,,
1766472119.9080498,0.4950134315116691,0.7699132935204295,0.9976500272750854,0,False,,,,
1766472119.910815,0.5919603661836306,0.8400456281027577,1.0,0,False,,,,
1766472120.086802,0.5919603661836306,0.8400456281027577,1.0,0,False,,,,
1766472120.0918279,0.5919603661836306,0.8400456281027577,1.0,0,False,,,,
1766472120.095076,0.5919603661836306,0.8400456281027577,1.0,0,False,,,,
1766472120.098797,0.5862085995492359,0.8471243679508995,1.0,0,False,,,,
1766472120.10322,0.5287797447647055,0.8044098060716935,0.9981837868690491,0,False,,,,
1766472120.279964,0.5287797447647055,0.8044098060716935,0.9981837868690491,0,False,,,,
1766472120.284752,0.5296693767884114,0.8032244148570808,0.9787264764308929,0,False,,,,
1766472120.287798,0.5296693767884114,0.8032244148570808,0.9787264764308929,0,False,,,,
1766472120.293157,0.5296693767884114,0.8032244148570808,0.9787264764308929,0,False,,,,
1766472120.295962,0.526361850307278,0.80411550516295,1.0,0,False,,,,
1766472120.478743,0.526361850307278,0.80411550516295,1.0,0,False,,,,
1766472120.4839098,0.5255725983757376,0.8021995692177588,1.0,0,False,,,,
1766472120.48963,0.5255725983757376,0.8021995692177588,1.0,0,False,,,,
1766472120.49515,0.5255725983757376,0.8021995692177588,1.0,0,False,,,,
1766472120.4980109,0.5344668540614345,0.8169357452181364,1.0,0,False,,,,
1766472120.703404,0.530671739616038,0.8170894161021844,1.0,0,False,,,,
1766472120.7085361,0.530671739616038,0.8170894161021844,1.0,0,False,,,,
1766472120.7132359,0.530671739616038,0.8170894161021844,1.0,0,False,,,,
1766472120.716516,0.5292495008257545,0.8190249496249192,1.0,0,False,,,,
1766472120.7194629,0.5544117489279193,-0.023228898174866064,1.0,1,False,,,,
1766472121.021239,0.5581751524466796,-0.019192160997317353,1.0,1,False,,,,
1766472121.0284328,0.5581751524466796,-0.019192160997317353,1.0,1,False,,,,
1766472121.033097,0.5581751524466796,-0.019192160997317353,1.0,1,False,,,,
1766472121.035687,0.5581751524466796,-0.019192160997317353,1.0,1,False,,,,
1766472121.04037,0.5507245195450855,0.5332394227782378,1.0,1,False,,,,
1766472121.3416262,0.5548196800160194,0.5440400734071065,1.0,1,False,,,,
1766472121.349259,0.5548196800160194,0.5440400734071065,1.0,1,False,,,,
1766472121.355326,0.5580165448241541,0.5508164828783993,1.0,1,False,,,,
1766472121.359255,0.5580165448241541,0.5508164828783993,1.0,1,False,,,,
1766472121.364414,0.564210081942859,0.6188390253551707,1.0,2,False,,,,
1766472121.631892,0.564210081942859,0.6188390253551707,1.0,2,False,,,,
1766472121.637849,0.5635080136322039,0.6191697561344973,1.0,2,False,,,,
1766472121.6427782,0.5635080136322039,0.6191697561344973,1.0,2,False,,,,
1766472121.6485472,0.5635080136322039,0.6191697561344973,1.0,2,False,,,,
1766472121.651841,0.5587566579805248,0.9133196584584026,0.7051200391603685,2,False,,,,
1766472121.982294,0.5587566579805248,0.9133196584584026,0.7051200391603685,2,False,,,,
1766472121.9866738,0.5587566579805248,0.9133196584584026,0.7051200391603685,2,False,,,,
1766472121.989698,0.5864557823647881,0.8181992276536137,0.12219640917489023,2,False,,,,
1766472121.994373,0.5864557823647881,0.8181992276536137,0.12219640917489023,2,False,,,,
1766472121.997909,0.5457207483001366,0.9543104008595064,0.880878746509552,1,False,,,,
1766472122.294433,0.51613769988255,1.008747091388093,0.8998586535453796,1,False,,,,
1766472122.301769,0.51613769988255,1.008747091388093,0.8998586535453796,1,False,,,,
1766472122.306997,0.51613769988255,1.008747091388093,0.8998586535453796,1,False,,,,
1766472122.309978,0.5145289527143531,1.01293614380592,0.885310709476471,1,False,,,,
1766472122.313249,0.46636164064752705,1.1825192036540215,0.26630127170943624,2,False,,,,
1766472122.683258,0.46636164064752705,1.1825192036540215,0.26630127170943624,2,False,,,,
1766472122.690426,0.46636164064752705,1.1825192036540215,0.26630127170943624,2,False,,,,
1766472122.696643,0.66563249742696,0.8290541889412176,0.4172646185726374,2,False,,,,
1766472122.701671,0.66563249742696,0.8290541889412176,0.4172646185726374,2,False,,,,
1766472122.707341,0.5674418271256074,0.30774657392634297,1.0,2,True,0.4871808886528015,0.226959228515625,0.10394839942455292,0.19291645288467407
1766472122.9795032,0.5674418271256074,0.30774657392634297,1.0,2,True,0.4871808886528015,0.226959228515625,0.10394839942455292,0.19291645288467407
1766472122.986617,0.5641044672638688,0.3241580368155894,1.0,2,True,0.4871808886528015,0.226959228515625,0.10394839942455292,0.19291645288467407
1766472122.9925382,0.5641044672638688,0.3241580368155894,1.0,2,True,0.4871808886528015,0.226959228515625,0.10394839942455292,0.19291645288467407
1766472122.995635,0.5641044672638688,0.3241580368155894,1.0,2,True,0.4871808886528015,0.226959228515625,0.10394839942455292,0.19291645288467407
1766472122.998663,0.5873803327786745,0.4398472184849147,1.0,2,False,,,,
1766472123.3942442,0.5873803327786745,0.4398472184849147,1.0,2,False,,,,
1766472123.4005098,0.5864919851129308,0.4429318077554433,1.0,2,False,,,,
1766472123.403557,0.5864919851129308,0.4429318077554433,1.0,2,False,,,,
1766472123.408691,0.5864919851129308,0.4429318077554433,1.0,2,False,,,,
1766472123.411676,0.567269189408057,0.41743822258510277,0.9331798255443573,2,False,,,,
1766472123.71718,0.5705838651108464,0.41558460808359665,0.7945230901241302,2,False,,,,
1766472123.7229388,0.5705838651108464,0.41558460808359665,0.7945230901241302,2,False,,,,
1766472123.728117,0.5705838651108464,0.41558460808359665,0.7945230901241302,2,False,,,,
1766472123.730824,0.5705838651108464,0.41558460808359665,0.7945230901241302,2,False,,,,
1766472123.734117,0.4476790214868561,0.6409647048495762,0.7247557438903003,2,False,,,,
1766472124.1057248,0.4476790214868561,0.6409647048495762,0.7247557438903003,2,False,,,,
1766472124.111239,0.4476790214868561,0.6409647048495762,0.7247557438903003,2,False,,,,
1766472124.117142,0.4516859308433063,0.6343612578317295,0.72302353058157,2,False,,,,
1766472124.120516,0.4516859308433063,0.6343612578317295,0.72302353058157,2,False,,,,
1766472124.123202,0.599551800628834,0.27354861810700637,0.2578807782934581,2,False,,,,
1766472124.499705,0.599551800628834,0.27354861810700637,0.2578807782934581,2,False,,,,
1766472124.505559,0.5605106060228431,0.3250593796441186,0.29156275997003817,2,False,,,,
1766472124.510373,0.5605106060228431,0.3250593796441186,0.29156275997003817,2,False,,,,
1766472124.515746,0.5605106060228431,0.3250593796441186,0.29156275997003817,2,False,,,,
1766472124.518838,0.6259392777098173,0.4185678981644563,0.26480167943202554,2,False,,,,
1766472124.7847822,0.6259392777098173,0.4185678981644563,0.26480167943202554,2,False,,,,
1766472124.791022,0.6158669866867903,0.42205612170780693,0.30307948961642234,2,False,,,,
1766472124.795169,0.6158669866867903,0.42205612170780693,0.30307948961642234,2,False,,,,
1766472124.801404,0.6158669866867903,0.42205612170780693,0.30307948961642234,2,False,,,,
1766472124.804256,0.27370228796312396,0.13430335103695568,0.12401366501882304,2,False,,,,
1766472125.230131,0.27370228796312396,0.13430335103695568,0.12401366501882304,2,False,,,,
1766472125.236236,0.27370228796312396,0.13430335103695568,0.12401366501882304,2,False,,,,
1766472125.2392461,0.27370228796312396,0.13430335103695568,0.12401366501882304,2,False,,,,
1766472125.242411,0.516860982353841,0.6190500897154323,0.43293939570965806,2,False,,,,
1766472125.247133,0.5811249149739504,0.5646670689180231,0.9305571615695953,2,False,,,,
1766472125.51701,0.5811249149739504,0.5646670689180231,0.9305571615695953,2,False,,,,
1766472125.523398,0.5811249149739504,0.5646670689180231,0.9305571615695953,2,False,,,,
1766472125.526428,0.5807667735553268,0.5648799630942452,0.948370099067688,2,False,,,,
1766472125.5290911,0.5807667735553268,0.5648799630942452,0.948370099067688,2,False,,,,
1766472125.534143,0.580612551045612,0.560084972397039,0.9581563770771027,2,False,,,,
1766472125.8550248,0.580612551045612,0.560084972397039,0.9581563770771027,2,False,,,,
1766472125.860513,0.5838823880465837,0.5600429198888044,0.969650000333786,2,False,,,,
1766472125.864031,0.6200494416675065,0.6137191677250706,0.41758879074548677,2,False,,,,
1766472125.867288,0.6200494416675065,0.6137191677250706,0.41758879074548677,2,False,,,,
1766472125.87277,0.5868344407624575,0.5469832335653876,0.9696261584758759,2,False,,,,
1766472126.253154,0.5868344407624575,0.5469832335653876,0.9696261584758759,2,False,,,,
1766472126.259212,0.5868344407624575,0.5469832335653876,0.9696261584758759,2,False,,,,
1766472126.2619278,0.5868344407624575,0.5469832335653876,0.9696261584758759,2,False,,,,
1766472126.2640781,0.5868344407624575,0.5469832335653876,0.9696261584758759,2,False,,,,
1766472126.266837,0.5803917114982988,0.561496465370431,0.987108439207077,2,False,,,,
1766472126.611486,0.5803917114982988,0.561496465370431,0.987108439207077,2,False,,,,
1766472126.617447,0.5791571720347621,0.563754421760707,1.0,2,False,,,,
1766472126.620592,0.5791571720347621,0.563754421760707,1.0,2,False,,,,
1766472126.626289,0.5791571720347621,0.563754421760707,1.0,2,False,,,,
1766472126.629271,0.5545543074170803,0.5574499727971971,1.0,2,False,,,,
1766472127.175925,0.5545543074170803,0.5574499727971971,1.0,2,False,,,,
1766472127.181578,0.5545543074170803,0.5574499727971971,1.0,2,False,,,,
1766472127.184337,0.5541478966240266,0.5598858655426174,1.0,2,False,,,,
1766472127.190586,0.554738231425769,0.5616782247747089,1.0,2,False,,,,
1766472127.1972961,0.5339836769406633,0.5724383786573144,1.0,2,False,,,,
1766472127.493391,0.5339836769406633,0.5724383786573144,1.0,2,False,,,,
1766472127.499831,0.5339836769406633,0.5724383786573144,1.0,2,False,,,,
1766472127.502917,0.5339330511403079,0.5694270027581678,1.0,2,False,,,,
1766472127.5055842,0.5339330511403079,0.5694270027581678,1.0,2,False,,,,
1766472127.510632,0.5460313143122135,0.5342425152884424,1.0,2,False,,,,
1766472127.895047,0.5460313143122135,0.5342425152884424,1.0,2,False,,,,
1766472127.9010718,0.5460313143122135,0.5342425152884424,1.0,2,False,,,,
1766472127.9041762,0.5456350553101068,0.5325733040795698,1.0,2,False,,,,
1766472127.907126,0.5451754067111522,0.5298616290044222,1.0,2,False,,,,
1766472127.909836,0.5351235762781836,0.526493179082595,1.0,2,False,,,,
1766472128.198666,0.5351235762781836,0.526493179082595,1.0,2,False,,,,
1766472128.20448,0.5351443805725511,0.5267938639697288,1.0,2,False,,,,
1766472128.20788,0.534853379579558,0.5267467559777318,1.0,2,False,,,,
1766472128.210559,0.534853379579558,0.5267467559777318,1.0,2,False,,,,
1766472128.2166872,0.501227774145464,0.4961094922759903,1.0,2,False,,,,
1766472128.5287921,0.5014608221679291,0.49496091569640854,1.0,2,False,,,,
1766472128.534611,0.5014608221679291,0.49496091569640854,1.0,2,False,,,,
1766472128.54014,0.5014608221679291,0.49496091569640854,1.0,2,False,,,,
1766472128.5435991,0.5014918957342387,0.4928198419609089,1.0,2,False,,,,
1766472128.546039,0.5639819030917017,0.5016871357668385,1.0,2,False,,,,
1766472128.8049269,0.5639819030917017,0.5016871357668385,1.0,2,False,,,,
1766472128.810483,0.564742241463386,0.5011496080189908,1.0,2,False,,,,
1766472128.81504,0.564742241463386,0.5011496080189908,1.0,2,False,,,,
1766472128.8201249,0.564742241463386,0.5011496080189908,1.0,2,False,,,,
1766472128.822793,0.547891388310849,0.48804209264809395,1.0,2,False,,,,
1766472129.1217332,0.547891388310849,0.48804209264809395,1.0,2,False,,,,
1766472129.127635,0.547891388310849,0.48804209264809395,1.0,2,False,,,,
1766472129.130717,0.5478288444316707,0.48548672425450845,1.0,2,False,,,,
1766472129.133852,0.5478288444316707,0.48548672425450845,1.0,2,False,,,,
1766472129.138565,0.5797327582675975,0.49456183544066123,1.0,2,False,,,,
1766472129.41795,0.5805477906493303,0.49418191699513114,1.0,2,False,,,,
1766472129.424042,0.5805477906493303,0.49418191699513114,1.0,2,False,,,,
1766472129.429595,0.5797299156590409,0.49425634644563377,1.0,2,False,,,,
1766472129.433495,0.5797299156590409,0.49425634644563377,1.0,2,False,,,,
1766472129.4382021,0.5354290181954794,0.4977435639485597,1.0,2,False,,,,
1766472129.755169,0.535050501428753,0.4971344357987907,1.0,2,False,,,,
1766472129.760763,0.535050501428753,0.4971344357987907,1.0,2,False,,,,
1766472129.763753,0.535050501428753,0.4971344357987907,1.0,2,False,,,,
1766472129.766892,0.5340799793736813,0.494790537450703,1.0,2,False,,,,
1766472129.7698371,0.5658398949452312,0.5020733156023084,1.0,2,False,,,,
1766472130.1472902,0.5658398949452312,0.5020733156023084,1.0,2,False,,,,
1766472130.153669,0.5647140801345045,0.500143660423046,1.0,2,False,,,,
1766472130.157504,0.5647140801345045,0.500143660423046,1.0,2,False,,,,
1766472130.163254,0.5647140801345045,0.500143660423046,1.0,2,False,,,,
1766472130.1661491,0.5925509089526731,0.5070068435861034,1.0,2,False,,,,
1766472130.496694,0.5925509089526731,0.5070068435861034,1.0,2,False,,,,
1766472130.5016232,0.5934454974303474,0.5062537803255951,1.0,2,False,,,,
1766472130.5057988,0.5934454974303474,0.5062537803255951,1.0,2,False,,,,
1766472130.509346,0.5934454974303474,0.5062537803255951,1.0,2,False,,,,
1766472130.515763,0.5669386298421926,0.5133908514304294,1.0,2,False,,,,
1766472130.862732,0.5669386298421926,0.5133908514304294,1.0,2,False,,,,
1766472130.86833,0.56941066963593,0.5136313278876846,1.0,2,False,,,,
1766472130.8714209,0.5674413457604095,0.514134400592012,1.0,2,False,,,,
1766472130.874666,0.5674413457604095,0.514134400592012,1.0,2,False,,,,
1766472130.8809931,0.5162944094183778,0.5068024056214168,1.0,2,False,,,,
1766472131.272033,0.515644305031703,0.5069096407190029,1.0,2,False,,,,
1766472131.2792268,0.5156205212243627,0.506789645556003,1.0,2,False,,,,
1766472131.285708,0.5156205212243627,0.506789645556003,1.0,2,False,,,,
1766472131.290539,0.515294030946381,0.5052328439383836,1.0,2,False,,,,
1766472131.293122,0.5118809516800188,0.5081029882192872,1.0,2,False,,,,
1766472131.5601048,0.5120767212491437,0.5054981261152913,1.0,2,False,,,,
1766472131.565841,0.5120767212491437,0.5054981261152913,1.0,2,False,,,,
1766472131.571399,0.5120767212491437,0.5054981261152913,1.0,2,False,,,,
1766472131.574495,0.5123538473153164,0.5026994042987882,1.0,2,False,,,,
1766472131.5772061,0.585628613518288,0.5237931226135346,1.0,2,False,,,,
1766472131.882494,0.585628613518288,0.5237931226135346,1.0,2,False,,,,
1766472131.8875039,0.585628613518288,0.5237931226135346,1.0,2,False,,,,
1766472131.890369,0.585628613518288,0.5237931226135346,1.0,2,False,,,,
1766472131.892927,0.5851240244488404,0.522789116889239,1.0,2,False,,,,
1766472131.897009,0.5062960848479044,0.500181494065311,1.0,2,False,,,,
1766472132.1613069,0.503632706603417,0.5050488128274779,1.0,2,False,,,,
1766472132.167037,0.503632706603417,0.5050488128274779,1.0,2,False,,,,
1766472132.1727638,0.503632706603417,0.5050488128274779,1.0,2,False,,,,
1766472132.175764,0.503632706603417,0.5050488128274779,1.0,2,False,,,,
1766472132.178616,0.4952664912554569,0.4828771477353564,1.0,2,False,,,,
1766472132.498751,0.41684682561230985,0.8228933243202959,0.3449332522618518,2,False,,,,
1766472132.5045729,0.41684682561230985,0.8228933243202959,0.3449332522618518,2,False,,,,
1766472132.509583,0.41684682561230985,0.8228933243202959,0.3449332522618518,2,False,,,,
1766472132.512413,0.6814303509495947,0.6929659326013479,0.10409757016571762,2,False,,,,
1766472132.515411,0.6144589206708486,0.8767046630560716,0.8247973918914795,2,False,,,,
1766472132.768498,0.6144589206708486,0.8767046630560716,0.8247973918914795,2,False,,,,
1766472132.776028,0.6144589206708486,0.8767046630560716,0.8247973918914795,2,False,,,,
1766472132.780869,0.615154900219849,0.8704534101258935,0.8457554876804352,2,False,,,,
1766472132.784564,0.615397443625461,0.8675737780889696,0.8686995506286621,2,False,,,,
1766472132.7881799,0.5518726708706436,0.9126101381358852,0.9196442365646362,2,False,,,,
1766472133.117505,0.5485572163042347,0.9115143157425485,0.9485730528831482,2,False,,,,
1766472133.124258,0.5485572163042347,0.9115143157425485,0.9485730528831482,2,False,,,,
1766472133.1295009,0.5485572163042347,0.9115143157425485,0.9485730528831482,2,False,,,,
1766472133.132898,0.5481070336756712,0.9061350559428133,0.9224889278411865,2,False,,,,
1766472133.1360939,0.5099730146195692,0.942780567615446,0.9858761429786682,1,False,,,,
1766472133.508488,0.5099730146195692,0.942780567615446,0.9858761429786682,1,False,,,,
1766472133.516205,0.5099730146195692,0.942780567615446,0.9858761429786682,1,False,,,,
1766472133.51933,0.5100889190213955,0.9441216236742435,0.9352658689022064,1,False,,,,
1766472133.52195,0.5100889190213955,0.9441216236742435,0.9352658689022064,1,False,,,,
1766472133.526746,0.5109575043345789,0.9537250177991464,0.969912052154541,1,False,,,,
1766472133.7325802,0.5109575043345789,0.9537250177991464,0.969912052154541,1,False,,,,
1766472133.74064,0.5090897705418385,0.9540396269722733,0.9551449120044708,1,False,,,,
1766472133.7436101,0.5090897705418385,0.9540396269722733,0.9551449120044708,1,False,,,,
1766472133.749176,0.5090897705418385,0.9540396269722733,0.9551449120044708,1,False,,,,
1766472133.7520158,0.5247112843302978,0.9500115533467879,0.9545221328735352,1,False,,,,
1766472133.959579,0.5247112843302978,0.9500115533467879,0.9545221328735352,1,False,,,,
1766472133.964287,0.5247112843302978,0.9500115533467879,0.9545221328735352,1,False,,,,
1766472133.9672441,0.5247112843302978,0.9500115533467879,0.9545221328735352,1,False,,,,
1766472133.970318,0.538323762600844,0.8995589731064969,0.9837926030158997,1,False,,,,
1766472133.9740422,0.5303890279105008,0.84402201420985,0.9574850499629974,1,False,,,,
1766472134.340658,0.5299000781470239,0.8435633969906197,0.972487062215805,1,False,,,,
1766472134.345325,0.5282282051112518,0.840321067110277,0.972487062215805,1,False,,,,
1766472134.348655,0.5282282051112518,0.840321067110277,0.972487062215805,1,False,,,,
1766472134.354301,0.5282282051112518,0.840321067110277,0.972487062215805,1,False,,,,
1766472134.357207,0.5151866221792698,0.8340512895383034,0.9650404155254364,0,False,,,,
1766472134.587661,0.5151866221792698,0.8340512895383034,0.9650404155254364,0,False,,,,
1766472134.593214,0.5152770559431289,0.8328539198487849,0.9778871238231659,0,False,,,,
1766472134.597852,0.5152770559431289,0.8328539198487849,0.9778871238231659,0,False,,,,
1766472134.6032069,0.5152770559431289,0.8328539198487849,0.9778871238231659,0,False,,,,
1766472134.605983,0.5191187744249153,0.825102879248393,0.9831635057926178,0,False,,,,
1766472134.787188,0.5191187744249153,0.825102879248393,0.9831635057926178,0,False,,,,
1766472134.792236,0.5186813990502197,0.8258314780367998,1.0,0,False,,,,
1766472134.7951849,0.5183417426880124,0.8262790617875124,0.9832117855548859,0,False,,,,
1766472134.799597,0.5183417426880124,0.8262790617875124,0.9832117855548859,0,False,,,,
1766472134.805268,0.4629609414956774,1.3848300532805693,0.7452452182769775,0,False,,,,
1766472135.0177321,0.4629609414956774,1.3848300532805693,0.7452452182769775,0,False,,,,
1766472135.022541,0.4629609414956774,1.3848300532805693,0.7452452182769775,0,False,,,,
1766472135.025923,0.35874514484795056,1.2856845528814478,0.23235993686290074,0,False,,,,
1766472135.029845,0.35874514484795056,1.2856845528814478,0.23235993686290074,0,False,,,,
1766472135.035153,0.4838893795025062,0.9309421293914921,0.8850859999656677,0,False,,,,
1766472135.203691,0.4838893795025062,0.9309421293914921,0.8850859999656677,0,False,,,,
1766472135.208232,0.47784572422602567,0.9384512675847292,0.8862824738025665,0,False,,,,
1766472135.211017,0.4736165952817256,0.9418990745051469,0.9067007601261139,0,False,,,,
1766472135.21368,0.4736165952817256,0.9418990745051469,0.9067007601261139,0,False,,,,
1766472135.2184331,0.508480836058397,0.8499555004722152,0.8976994752883911,0,False,,,,
1766472135.462708,0.5066190779048252,0.8505966419943947,0.8994370698928833,0,False,,,,
1766472135.467631,0.5066190779048252,0.8505966419943947,0.8994370698928833,0,False,,,,
1766472135.472023,0.5066190779048252,0.8505966419943947,0.8994370698928833,0,False,,,,
1766472135.474605,0.5066190779048252,0.8505966419943947,0.8994370698928833,0,False,,,,
1766472135.477102,0.5099786982865692,0.8586444994540566,0.9992446303367615,0,False,,,,
1766472135.630072,0.5124183244011709,0.8602787619694611,0.9775029420852661,0,False,,,,
1766472135.636092,0.5124183244011709,0.8602787619694611,0.9775029420852661,0,False,,,,
1766472135.641432,0.5124183244011709,0.8602787619694611,0.9775029420852661,0,False,,,,
1766472135.645246,0.5150559517274812,0.8626226716043688,0.9946246147155762,0,False,,,,
1766472135.647973,0.5383847320261596,0.8152893999637515,0.9730022549629211,0,False,,,,
1766472135.904486,0.5383847320261596,0.8152893999637515,0.9730022549629211,0,False,,,,
1766472135.910143,0.5383847320261596,0.8152893999637515,0.9730022549629211,0,False,,,,
1766472135.9146,0.5407782220839714,0.8017774132795288,0.9681011438369751,0,False,,,,
1766472135.917281,0.5407782220839714,0.8017774132795288,0.9681011438369751,0,False,,,,
1766472135.922692,0.5376173604015122,0.7218260063662639,0.988938182592392,0,False,,,,
1766472136.289479,0.5376173604015122,0.7218260063662639,0.988938182592392,0,False,,,,
1766472136.296086,0.5376173604015122,0.7218260063662639,0.988938182592392,0,False,,,,
1766472136.298881,0.5376173604015122,0.7218260063662639,0.988938182592392,0,False,,,,
1766472136.301548,0.5365091494512809,0.7162525278043775,0.9602347016334534,0,False,,,,
1766472136.304244,0.5204229380629443,0.698626979197878,0.9708319008350372,1,False,,,,
1766472136.524433,0.5204229380629443,0.698626979197878,0.9708319008350372,1,False,,,,
1766472136.530544,0.5204229380629443,0.698626979197878,0.9708319008350372,1,False,,,,
1766472136.533865,0.5187026763305529,0.6921964002473198,0.9782927632331848,1,False,,,,
1766472136.5372758,0.5187026763305529,0.6921964002473198,0.9782927632331848,1,False,,,,
1766472136.542495,0.5147667805719683,0.6720642556271008,0.9712002277374268,0,False,,,,
1766472136.708976,0.5147667805719683,0.6720642556271008,0.9712002277374268,0,False,,,,
1766472136.7140238,0.5147667805719683,0.6720642556271008,0.9712002277374268,0,False,,,,
1766472136.716964,0.5153094573849619,0.6700516886611239,1.0,0,False,,,,
1766472136.7206311,0.5153094573849619,0.6700516886611239,1.0,0,False,,,,
1766472136.7237499,0.4934053988449514,0.675575099690445,0.9896334409713745,0,False,,,,
1766472136.9009652,0.4918869718989323,0.6743811644126692,1.0,0,False,,,,
1766472136.90743,0.4918869718989323,0.6743811644126692,1.0,0,False,,,,
1766472136.9135091,0.4918869718989323,0.6743811644126692,1.0,0,False,,,,
1766472136.91623,0.4918869718989323,0.6743811644126692,1.0,0,False,,,,
1766472136.919013,0.5083532667228973,0.6830810287251288,1.0,0,False,,,,
1766472137.5080771,0.507942596457015,0.6880726273540535,1.0,0,False,,,,
1766472137.5124679,0.507942596457015,0.6880726273540535,1.0,0,False,,,,
1766472137.5173361,0.507942596457015,0.6880726273540535,1.0,0,False,,,,
1766472137.5205681,0.5065539104026923,0.6885549530925894,1.0,0,False,,,,
1766472137.523951,0.5057266737313106,0.678920487336166,1.0,0,False,,,,
1766472137.677825,0.5057266737313106,0.678920487336166,1.0,0,False,,,,
1766472137.683051,0.5057266737313106,0.678920487336166,1.0,0,False,,,,
1766472137.686193,0.5057266737313106,0.678920487336166,1.0,0,False,,,,
1766472137.688691,0.504495858509775,0.682409007058591,1.0,0,False,,,,
1766472137.691359,0.5124738481204051,0.6853952037201633,1.0,0,False,,,,
1766472137.881346,0.5124738481204051,0.6853952037201633,1.0,0,False,,,,
1766472137.8864331,0.5124738481204051,0.6853952037201633,1.0,0,False,,,,
1766472137.889051,0.5124738481204051,0.6853952037201633,1.0,0,False,,,,
1766472137.8936489,0.510961798427456,0.6873946868682896,1.0,0,False,,,,
1766472137.897245,0.4888613881924164,0.6945053890369521,1.0,0,False,,,,
1766472138.419465,0.4888613881924164,0.6945053890369521,1.0,0,False,,,,
1766472138.42503,0.4888613881924164,0.6945053890369521,1.0,0,False,,,,
1766472138.428235,0.48966123249012206,0.6961822975798574,0.9993359446525574,0,False,,,,
1766472138.431031,0.48945801269248523,0.6962644156724926,0.9962784051895142,0,False,,,,
1766472138.435495,0.4970749511826563,0.6910466366224014,1.0,0,False,,,,
1766472138.592629,0.4974065570745482,0.6928085156913284,1.0,0,False,,,,
1766472138.597895,0.4974065570745482,0.6928085156913284,1.0,0,False,,,,
1766472138.6037078,0.4974065570745482,0.6928085156913284,1.0,0,False,,,,
1766472138.606561,0.4974065570745482,0.6928085156913284,1.0,0,False,,,,
1766472138.609314,0.49623077903676427,0.6963492716799891,1.0,1,False,,,,
1766472138.849765,0.49623077903676427,0.6963492716799891,1.0,1,False,,,,
1766472138.855631,0.49623077903676427,0.6963492716799891,1.0,1,False,,,,
1766472138.858834,0.49623077903676427,0.6963492716799891,1.0,1,False,,,,
1766472138.861773,0.4953139133360042,0.6980098659123942,0.9987715780735016,1,False,,,,
1766472138.864588,0.4662761876292475,0.7576768929985948,1.0,0,False,,,,
1766472139.0234299,0.4662761876292475,0.7576768929985948,1.0,0,False,,,,
1766472139.028804,0.46536766804206886,0.7587283648981074,0.9957112967967987,0,False,,,,
1766472139.0329468,0.46536766804206886,0.7587283648981074,0.9957112967967987,0,False,,,,
1766472139.037056,0.46536766804206886,0.7587283648981074,0.9957112967967987,0,False,,,,
1766472139.042482,0.4818634617287123,0.7960285149678786,1.0,0,False,,,,
1766472139.246289,0.4818634617287123,0.7960285149678786,1.0,0,False,,,,
1766472139.2524118,0.4796333973066796,0.8004708132758086,0.9946533143520355,0,False,,,,
1766472139.2568488,0.4796333973066796,0.8004708132758086,0.9946533143520355,0,False,,,,
1766472139.261863,0.4796333973066796,0.8004708132758086,0.9946533143520355,0,False,,,,
1766472139.2647538,0.48046324983229616,0.8251211099831115,0.9985699653625488,1,False,,,,
1766472139.4841988,0.48046324983229616,0.8251211099831115,0.9985699653625488,1,False,,,,
1766472139.490083,0.48046324983229616,0.8251211099831115,0.9985699653625488,1,False,,,,
1766472139.494826,0.48046324983229616,0.8251211099831115,0.9985699653625488,1,False,,,,
1766472139.497854,0.48046324983229616,0.8251211099831115,0.9985699653625488,1,False,,,,
1766472139.500763,0.47061703745292577,0.8170495521704288,0.9981392621994019,1,False,,,,
1766472139.719709,0.4702668903752024,0.8180699319624177,0.9798812866210938,1,False,,,,
1766472139.725004,0.4702668903752024,0.8180699319624177,0.9798812866210938,1,False,,,,
1766472139.729888,0.4702668903752024,0.8180699319624177,0.9798812866210938,1,False,,,,
1766472139.733163,0.46791779427044566,0.8177153300028471,0.9665494561195374,1,False,,,,
1766472139.7380328,0.4837984662834526,0.7525727065438456,0.9945027828216553,0,False,,,,
1766472140.181912,0.4837984662834526,0.7525727065438456,0.9945027828216553,0,False,,,,
1766472140.189234,0.4821753202416755,0.753428733503641,1.0,0,False,,,,
1766472140.192575,0.4821753202416755,0.753428733503641,1.0,0,False,,,,
1766472140.198426,0.4821753202416755,0.753428733503641,1.0,0,False,,,,
1766472140.201462,0.48008900562148626,0.7268226744512691,1.0,0,False,,,,
1766472140.4032042,0.48008900562148626,0.7268226744512691,1.0,0,False,,,,
1766472140.408524,0.5026640790840056,0.733962521667311,0.98005011677742,0,False,,,,
1766472140.411382,0.5026640790840056,0.733962521667311,0.98005011677742,0,False,,,,
1766472140.415992,0.5026640790840056,0.733962521667311,0.98005011677742,0,False,,,,
1766472140.418777,0.49776552876675995,0.7827095015131778,0.992552787065506,0,False,,,,
1766472141.203826,0.49776552876675995,0.7827095015131778,0.992552787065506,0,False,,,,
1766472141.208145,0.4985291386516043,0.7830202477212563,0.9375506341457367,0,False,,,,
1766472141.212712,0.39541984642752315,0.7822109103402438,0.5366814498193108,0,False,,,,
1766472141.2158232,0.39541984642752315,0.7822109103402438,0.5366814498193108,0,False,,,,
1766472141.220968,0.4966460623196844,0.5951392857209308,0.8684941530227661,0,False,,,,
1766472141.406663,0.4966460623196844,0.5951392857209308,0.8684941530227661,0,False,,,,
1766472141.411843,0.49671405822793,0.5861195481237768,0.890001118183136,0,False,,,,
1766472141.4148538,0.49671405822793,0.5861195481237768,0.890001118183136,0,False,,,,
1766472141.419541,0.49671405822793,0.5861195481237768,0.890001118183136,0,False,,,,
1766472141.422316,0.5179807612887986,0.7695520721872039,0.9710889160633087,0,False,,,,
1766472141.588458,0.5179807612887986,0.7695520721872039,0.9710889160633087,0,False,,,,
1766472141.5936441,0.5197677309962233,0.7645389907047808,0.9713090062141418,0,False,,,,
1766472141.5967228,0.5197677309962233,0.7645389907047808,0.9713090062141418,0,False,,,,
1766472141.6024032,0.5197677309962233,0.7645389907047808,0.9713090062141418,0,False,,,,
1766472141.608116,0.5053475296246572,0.7458513343888378,1.0,0,False,,,,
1766472141.804055,0.5053475296246572,0.7458513343888378,1.0,0,False,,,,
1766472141.809686,0.5053475296246572,0.7458513343888378,1.0,0,False,,,,
1766472141.812762,0.5042744751607973,0.7462399819505069,1.0,0,False,,,,
1766472141.815426,0.5042744751607973,0.7462399819505069,1.0,0,False,,,,
1766472141.818182,-0.041610923357301745,0.8974653786410879,0.0,1,False,,,,
1766472142.436328,1.1340730884516603,0.7958795518880287,0.0,1,False,,,,
1766472142.443336,1.1340730884516603,0.7958795518880287,0.0,1,False,,,,
1766472142.445766,1.1340730884516603,0.7958795518880287,0.0,1,False,,,,
1766472142.449049,1.1340730884516603,0.7958795518880287,0.0,1,False,,,,
1766472142.4525912,0.49709936397258403,0.8278215205369162,0.941432774066925,1,False,,,,
1766472142.949648,0.49709936397258403,0.8278215205369162,0.941432774066925,1,False,,,,
1766472142.955183,0.49803367449825264,0.8314222040746008,0.9945501983165741,1,False,,,,
1766472142.9578,0.49803367449825264,0.8314222040746008,0.9945501983165741,1,False,,,,
1766472142.96316,0.49803367449825264,0.8314222040746008,0.9945501983165741,1,False,,,,
1766472142.966527,0.49897647930730404,0.7912596116686547,0.9712972939014435,0,False,,,,
1766472143.198049,0.49897647930730404,0.7912596116686547,0.9712972939014435,0,False,,,,
1766472143.2070122,0.49944914110697186,0.7885856550367647,0.9557555913925171,0,False,,,,
1766472143.212545,0.49944914110697186,0.7885856550367647,0.9557555913925171,0,False,,,,
1766472143.215219,0.49944914110697186,0.7885856550367647,0.9557555913925171,0,False,,,,
1766472143.217491,0.5119200151408789,0.8169584395433898,0.9819603860378265,0,False,,,,
1766472143.415199,0.5119200151408789,0.8169584395433898,0.9819603860378265,0,False,,,,
1766472143.420203,0.5107688194557386,0.8157667247292165,0.9984806478023529,0,False,,,,
1766472143.42466,0.5108507589728365,0.8188822235761053,0.9992671012878418,0,False,,,,
1766472143.427028,0.5108507589728365,0.8188822235761053,0.9992671012878418,0,False,,,,
1766472143.431766,0.6039199481216005,0.5986410734804859,0.42057788732617246,0,False,,,,
1766472144.495987,0.5950660801059915,0.5993270573112217,0.547307233956873,0,False,,,,
1766472144.503871,0.5950660801059915,0.5993270573112217,0.547307233956873,0,False,,,,
1766472144.5094779,0.5955932509448043,0.5830507273959065,0.531802687138864,0,False,,,,
1766472144.51289,0.5955932509448043,0.5830507273959065,0.531802687138864,0,False,,,,
1766472144.5180318,0.5766645203783118,0.5720193611653115,0.9271042346954346,1,False,,,,
1766472144.728519,0.5761795977926043,0.5698975849830172,1.0,1,False,,,,
1766472144.735421,0.5761905815981717,0.5718145158115227,0.9953179359436035,1,False,,,,
1766472144.741916,0.5761905815981717,0.5718145158115227,0.9953179359436035,1,False,,,,
1766472144.7462258,0.5775171256078279,0.5746178868021277,1.0,1,False,,,,
1766472144.7510881,0.5670345610686816,0.5817523167481807,1.0,1,False,,,,
1766472144.970911,0.5670345610686816,0.5817523167481807,1.0,1,False,,,,
1766472144.978399,0.5657693424302347,0.5828237380848041,1.0,1,False,,,,
1766472144.982296,0.5657693424302347,0.5828237380848041,1.0,1,False,,,,
1766472144.98936,0.5657693424302347,0.5828237380848041,1.0,1,False,,,,
1766472144.992526,0.5649791119607049,0.6085214971709133,1.0,1,False,,,,
1766472145.246955,0.5649971288256945,0.6062400990107968,1.0,1,False,,,,
1766472145.2543318,0.5649971288256945,0.6062400990107968,1.0,1,False,,,,
1766472145.260323,0.5649971288256945,0.6062400990107968,1.0,1,False,,,,
1766472145.26365,0.5650147019398453,0.6060056422446961,1.0,1,False,,,,
1766472145.266479,0.539565055655337,0.6004431024554421,1.0,1,False,,,,
1766472145.471832,0.539565055655337,0.6004431024554421,1.0,1,False,,,,
1766472145.478131,0.539565055655337,0.6004431024554421,1.0,1,False,,,,
1766472145.481159,0.5387332044540077,0.6001659790727581,1.0,1,False,,,,
1766472145.484378,0.5387332044540077,0.6001659790727581,1.0,1,False,,,,
1766472145.488636,0.5479161387276946,0.5894204480883237,1.0,1,False,,,,
1766472145.794805,0.5479161387276946,0.5894204480883237,1.0,1,False,,,,
1766472145.801436,0.549834711759493,0.5897981269447169,1.0,1,False,,,,
1766472145.805136,0.549834711759493,0.5897981269447169,1.0,1,False,,,,
1766472145.808724,0.549834711759493,0.5897981269447169,1.0,1,False,,,,
1766472145.816813,0.5521200532640396,0.5992076519936214,1.0,1,False,,,,
1766472146.029464,0.5521200532640396,0.5992076519936214,1.0,1,False,,,,
1766472146.034676,0.5525683062330693,0.5991849846028618,1.0,1,False,,,,
1766472146.0376818,0.5525683062330693,0.5991849846028618,1.0,1,False,,,,
1766472146.042298,0.5525683062330693,0.5991849846028618,1.0,1,False,,,,
1766472146.044756,0.5625375461021884,0.5657078576645668,1.0,1,False,,,,
1766472146.3410199,0.5623421505070937,0.5662214639046701,1.0,1,False,,,,
1766472146.347347,0.5623421505070937,0.5662214639046701,1.0,1,False,,,,
1766472146.3510559,0.5623421505070937,0.5662214639046701,1.0,1,False,,,,
1766472146.354382,0.5624917473243563,0.5646190538498105,1.0,1,False,,,,
1766472146.359833,0.5647821594580298,0.5673961137412131,1.0,2,False,,,,
1766472146.635689,0.5649093829306426,0.5681213623503274,1.0,2,False,,,,
1766472146.6416268,0.5651515705299937,0.5688459632233892,1.0,2,False,,,,
1766472146.6465762,0.5651515705299937,0.5688459632233892,1.0,2,False,,,,
1766472146.649359,0.5651515705299937,0.5688459632233892,1.0,2,False,,,,
1766472146.652509,0.5650668293946796,0.5526998162390757,1.0,2,False,,,,
1766472146.912481,0.5650668293946796,0.5526998162390757,1.0,2,False,,,,
1766472146.917969,0.5650668293946796,0.5526998162390757,1.0,2,False,,,,
1766472146.920865,0.5655641131232119,0.5534173680820998,1.0,2,False,,,,
1766472146.9237812,0.5655641131232119,0.5534173680820998,1.0,2,False,,,,
1766472146.926612,0.5539783003964309,0.5625545184321289,1.0,2,False,,,,
1766472147.2498,0.5539783003964309,0.5625545184321289,1.0,2,False,,,,
1766472147.255609,0.5532663602505812,0.562614859590868,1.0,2,False,,,,
1766472147.258642,0.5529742359444885,0.5625795738222924,1.0,2,False,,,,
1766472147.261289,0.5529742359444885,0.5625795738222924,1.0,2,False,,,,
1766472147.2668202,0.532870506979246,0.54981756301533,1.0,2,False,,,,
1766472147.64691,0.532870506979246,0.54981756301533,1.0,2,False,,,,
1766472147.65314,0.532870506979246,0.54981756301533,1.0,2,False,,,,
1766472147.6580229,0.532870506979246,0.54981756301533,1.0,2,False,,,,
1766472147.660523,0.5345966909442803,0.549200132369823,1.0,2,False,,,,
1766472147.662952,0.5563957251936503,0.5498785173811346,1.0,2,False,,,,
1766472147.974617,0.5563957251936503,0.5498785173811346,1.0,2,False,,,,
1766472147.980581,0.5563745312532191,0.5477369625319374,1.0,2,False,,,,
1766472147.9834461,0.5563745312532191,0.5477369625319374,1.0,2,False,,,,
1766472147.988749,0.5563745312532191,0.5477369625319374,1.0,2,False,,,,
1766472147.991544,0.5746849725561561,0.5595422515991321,1.0,2,False,,,,
1766472148.2545779,0.5746849725561561,0.5595422515991321,1.0,2,False,,,,
1766472148.25942,0.5746400962813183,0.5596741934246717,1.0,2,False,,,,
1766472148.262791,0.5741532942417632,0.5591597483942679,1.0,2,False,,,,
1766472148.265402,0.5741532942417632,0.5591597483942679,1.0,2,False,,,,
1766472148.2706811,0.5431234358692845,0.5341108180588937,1.0,2,False,,,,
1766472148.5418391,0.5431234358692845,0.5341108180588937,1.0,2,False,,,,
1766472148.547059,0.5440214920504999,0.535283799715091,1.0,2,False,,,,
1766472148.549899,0.5445555611432863,0.5361242978615576,1.0,2,False,,,,
1766472148.5526788,0.5445555611432863,0.5361242978615576,1.0,2,False,,,,
1766472148.5580359,0.5883359874917587,0.5700670252851731,1.0,2,False,,,,
1766472148.987562,0.588045334160383,0.5701386115819337,1.0,2,False,,,,
1766472148.9937751,0.588045334160383,0.5701386115819337,1.0,2,False,,,,
1766472148.999327,0.5885288290813795,0.5713363018280129,1.0,2,False,,,,
1766472149.002184,0.5886091028360283,0.5700995586015638,1.0,2,False,,,,
1766472149.004842,0.5270764861760041,0.5672235851029964,1.0,2,False,,,,
1766472149.29637,0.5270764861760041,0.5672235851029964,1.0,2,False,,,,
1766472149.3018,0.5356758390716698,0.5796167403645842,1.0,2,False,,,,
1766472149.304758,0.5356758390716698,0.5796167403645842,1.0,2,False,,,,
1766472149.30731,0.5356758390716698,0.5796167403645842,1.0,2,False,,,,
1766472149.312157,0.5715633182436312,0.5755772616261546,1.0,2,False,,,,
1766472149.633495,0.5715633182436312,0.5755772616261546,1.0,2,False,,,,
1766472149.6398778,0.5711334079186732,0.5769272082003606,1.0,2,False,,,,
1766472149.643591,0.5711334079186732,0.5769272082003606,1.0,2,False,,,,
1766472149.6498072,0.5711334079186732,0.5769272082003606,1.0,2,False,,,,
1766472149.653174,0.5712948869800766,0.5750497467477322,1.0,2,False,,,,
1766472150.0120919,0.5712948869800766,0.5750497467477322,1.0,2,False,,,,
1766472150.0184069,0.5712948869800766,0.5750497467477322,1.0,2,False,,,,
1766472150.022219,0.5719688930998899,0.5762831296682572,1.0,2,False,,,,
1766472150.0266612,0.5719688930998899,0.5762831296682572,1.0,2,False,,,,
1766472150.031751,0.5672832959147425,0.5867282751857011,1.0,2,False,,,,
1766472150.3697972,0.5672832959147425,0.5867282751857011,1.0,2,False,,,,
1766472150.375684,0.5668820432682375,0.5855360869234897,1.0,2,False,,,,
1766472150.3787708,0.5668820432682375,0.5855360869234897,1.0,2,False,,,,
1766472150.38356,0.5668820432682375,0.5855360869234897,1.0,2,False,,,,
1766472150.386322,0.5305583512537108,0.44164573238118,1.0,2,False,,,,
1766472150.7197409,0.5305583512537108,0.44164573238118,1.0,2,False,,,,
1766472150.725224,0.5326937792363939,0.4394233830022223,0.973266065120697,2,False,,,,
1766472150.728228,0.5326937792363939,0.4394233830022223,0.973266065120697,2,False,,,,
1766472150.733384,0.5326937792363939,0.4394233830022223,0.973266065120697,2,False,,,,
1766472150.7362921,0.561003331419822,0.5004120227211698,1.0,2,False,,,,
1766472151.0367901,0.561003331419822,0.5004120227211698,1.0,2,False,,,,
1766472151.0423622,0.561003331419822,0.5004120227211698,1.0,2,False,,,,
1766472151.046211,0.5547302188930978,0.4996363551099937,1.0,2,False,,,,
1766472151.049258,0.5547302188930978,0.4996363551099937,1.0,2,False,,,,
1766472151.0544362,0.5543856610440194,0.48371376817314027,1.0,2,False,,,,
1766472151.341324,0.5543856610440194,0.48371376817314027,1.0,2,False,,,,
1766472151.346602,0.5535033627914991,0.4828427436042382,1.0,2,False,,,,
1766472151.349828,0.5535033627914991,0.4828427436042382,1.0,2,False,,,,
1766472151.3559082,0.5535033627914991,0.4828427436042382,1.0,2,False,,,,
1766472151.358697,0.5489643103152415,0.46987114926417517,1.0,2,False,,,,
1766472151.6352692,0.5489643103152415,0.46987114926417517,1.0,2,False,,,,
1766472151.641818,0.5489643103152415,0.46987114926417517,1.0,2,False,,,,
1766472151.647115,0.5493466443404579,0.4704820030525352,1.0,2,False,,,,
1766472151.649743,0.5484665357403429,0.4663012598695009,1.0,2,False,,,,
1766472151.652372,0.10991958047515156,1.0280627004417235,0.27268681040522125,2,False,,,,
1766472151.9039779,0.10991958047515156,1.0280627004417235,0.27268681040522125,2,False,,,,
1766472151.911937,0.10991958047515156,1.0280627004417235,0.27268681040522125,2,False,,,,
1766472151.914557,0.10991958047515156,1.0280627004417235,0.27268681040522125,2,False,,,,
1766472151.9175239,0.6401668429395471,0.5270606755038085,0.1790341044482343,2,False,,,,
1766472151.920683,0.4893425198434887,0.9834391086531216,0.8679328858852386,2,False,,,,
1766472152.267471,0.48963388183507284,0.9792406020294421,0.8978194892406464,2,False,,,,
1766472152.277228,0.49144220341111805,0.9775798210234247,0.851234495639801,2,False,,,,
1766472152.2836952,0.49407283136891655,0.9710804060373531,0.8637123703956604,2,False,,,,
1766472152.2870772,0.49347952081645363,0.969601947452733,0.8782732784748077,2,False,,,,
1766472152.291832,0.5180491872186364,0.9572201224025978,0.9402628242969513,2,False,,,,
1766472153.099527,0.5180491872186364,0.9572201224025978,0.9402628242969513,2,False,,,,
1766472153.1067321,0.5173414862942636,0.9595682470508132,0.9340814650058746,2,False,,,,
1766472153.1094248,0.5173414862942636,0.9595682470508132,0.9340814650058746,2,False,,,,
1766472153.114764,0.5173414862942636,0.9595682470508132,0.9340814650058746,2,False,,,,
1766472153.1180742,0.5509602725049281,0.09960977568097007,1.0,2,True,0.492837131023407,0.009959327057003975,0.08045949786901474,0.12722893059253693
1766472153.4995909,0.5509602725049281,0.09960977568097007,1.0,2,True,0.492837131023407,0.009959327057003975,0.08045949786901474,0.12722893059253693
1766472153.507006,0.5502699049834032,0.10747521459082188,1.0,2,True,0.492837131023407,0.009959327057003975,0.08045949786901474,0.12722893059253693
1766472153.510012,0.5499743730741689,0.1262706698737983,1.0,2,True,0.492837131023407,0.009959327057003975,0.08045949786901474,0.12722893059253693
1766472153.512745,0.5499743730741689,0.1262706698737983,1.0,2,True,0.492837131023407,0.009959327057003975,0.08045949786901474,0.12722893059253693
1766472153.51859,0.5244840517224423,0.21739035415345898,1.0,2,False,,,,
1766472153.902117,0.5244840517224423,0.21739035415345898,1.0,2,False,,,,
1766472153.907535,0.5252322164064485,0.21709167998389223,1.0,2,False,,,,
1766472153.910367,0.5258995793167403,0.21825142038724832,1.0,2,False,,,,
1766472153.912843,0.5258995793167403,0.21825142038724832,1.0,2,False,,,,
1766472153.918218,0.5187395081057821,0.45927800533839147,1.0,2,True,0.44053560495376587,0.4005562961101532,0.08585099875926971,0.18194618821144104
1766472154.2864482,0.5187395081057821,0.45927800533839147,1.0,2,True,0.44053560495376587,0.4005562961101532,0.08585099875926971,0.18194618821144104
1766472154.29197,0.5177673271543334,0.47344735028756146,1.0,2,True,0.44053560495376587,0.4005562961101532,0.08585099875926971,0.18194618821144104
1766472154.2950358,0.5177673271543334,0.47344735028756146,1.0,2,True,0.44053560495376587,0.4005562961101532,0.08585099875926971,0.18194618821144104
1766472154.297913,0.5177673271543334,0.47344735028756146,1.0,2,True,0.44053560495376587,0.4005562961101532,0.08585099875926971,0.18194618821144104
1766472154.304023,0.5431207301153615,0.6197811628326958,0.995,2,False,,,,
1766472154.605089,0.5431207301153615,0.6197811628326958,0.995,2,False,,,,
1766472154.612308,0.541750238184336,0.6975749153361566,1.0,2,False,,,,
1766472154.615704,0.541750238184336,0.6975749153361566,1.0,2,False,,,,
1766472154.621602,0.541750238184336,0.6975749153361566,1.0,2,False,,,,
1766472154.6277719,0.5241760596580924,0.8838893492440539,1.0,0,False,,,,
1766472154.8397079,0.5241760596580924,0.8838893492440539,1.0,0,False,,,,
1766472154.8470569,0.5238185503170923,0.8876723807537478,1.0,0,False,,,,
1766472154.850006,0.522446309465977,0.9019693620065782,1.0,0,False,,,,
1766472154.8527339,0.522446309465977,0.9019693620065782,1.0,0,False,,,,
1766472154.859041,0.4992239534137083,0.985862850237056,1.0,0,False,,,,
1766472155.054278,0.4992239534137083,0.985862850237056,1.0,0,False,,,,
1766472155.0601878,0.4992239534137083,0.985862850237056,1.0,0,False,,,,
1766472155.063061,0.49910961996870495,0.9862116204295306,1.0,0,False,,,,
1766472155.066369,0.496383143328332,0.9863400511580361,1.0,0,False,,,,
1766472155.069132,0.515016057072006,0.9920883123371823,1.0,1,False,,,,
1766472155.351508,0.5145978152648125,0.9910449811550814,1.0,1,False,,,,
1766472155.357907,0.5145978152648125,0.9910449811550814,1.0,1,False,,,,
1766472155.363285,0.5146984334653794,0.9912129699685909,1.0,1,False,,,,
1766472155.3670862,0.5142632098784424,0.9898653520426538,1.0,1,False,,,,
1766472155.3705091,0.4890145362270412,0.972405339500062,1.0,1,False,,,,
1766472155.675002,0.4890145362270412,0.972405339500062,1.0,1,False,,,,
1766472155.6801732,0.4890145362270412,0.972405339500062,1.0,1,False,,,,
1766472155.683012,0.4890145362270412,0.972405339500062,1.0,1,False,,,,
1766472155.686424,0.4879182119964258,0.9717457750658605,1.0,1,False,,,,
1766472155.6901782,0.4936906827750665,0.9763411545392254,1.0,0,False,,,,
1766472155.844655,0.4936906827750665,0.9763411545392254,1.0,0,False,,,,
1766472155.850189,0.4936906827750665,0.9763411545392254,1.0,0,False,,,,
1766472155.854579,0.49443417210576035,0.9757071940617792,1.0,0,False,,,,
1766472155.8570292,0.49443417210576035,0.9757071940617792,1.0,0,False,,,,
1766472155.862792,0.5004344279113463,0.9267216361295602,1.0,0,False,,,,
1766472156.072268,0.5014212139611336,0.9286903705892741,1.0,0,False,,,,
1766472156.0786738,0.5014212139611336,0.9286903705892741,1.0,0,False,,,,
1766472156.083607,0.5014212139611336,0.9286903705892741,1.0,0,False,,,,
1766472156.086425,0.5014212139611336,0.9286903705892741,1.0,0,False,,,,
1766472156.089977,0.5087170198995717,0.9120588350335942,0.9843484163284302,0,False,,,,
1766472156.49926,0.5087170198995717,0.9120588350335942,0.9843484163284302,0,False,,,,
1766472156.504747,0.506174472041929,0.913700222541022,0.9886805415153503,0,False,,,,
1766472156.50956,0.506174472041929,0.913700222541022,0.9886805415153503,0,False,,,,
1766472156.5141382,0.506174472041929,0.913700222541022,0.9886805415153503,0,False,,,,
1766472156.518605,0.515344993659802,0.9061090817560005,0.9672082662582397,0,False,,,,
1766472156.663192,0.515344993659802,0.9061090817560005,0.9672082662582397,0,False,,,,
1766472156.6691682,0.515344993659802,0.9061090817560005,0.9672082662582397,0,False,,,,
1766472156.6727018,0.5165460172615621,0.9021955281743208,0.9745113551616669,0,False,,,,
1766472156.675442,0.5165460172615621,0.9021955281743208,0.9745113551616669,0,False,,,,
1766472156.67811,0.5119013385282852,0.926507567051029,0.9783839285373688,0,False,,,,
1766472156.8669891,0.5119013385282852,0.926507567051029,0.9783839285373688,0,False,,,,
1766472156.8719628,0.5123332447956139,0.9263455359413197,0.948296457529068,0,False,,,,
1766472156.8769019,0.5123332447956139,0.9263455359413197,0.948296457529068,0,False,,,,
1766472156.88031,0.5123332447956139,0.9263455359413197,0.948296457529068,0,False,,,,
1766472156.885151,0.5005697707118432,0.9240525735120397,1.0,0,False,,,,
1766472157.053735,0.5005697707118432,0.9240525735120397,1.0,0,False,,,,
1766472157.058026,0.5005697707118432,0.9240525735120397,1.0,0,False,,,,
1766472157.060556,0.4999536317165217,0.9331843775993736,0.9837630391120911,0,False,,,,
1766472157.064051,0.4997074676065698,0.936246264607976,0.9837630391120911,0,False,,,,
1766472157.066966,0.44881113222464875,0.779567930578588,0.9769869148731232,0,False,,,,
1766472157.248252,0.456178650077376,0.7802002298370171,0.9776571989059448,0,False,,,,
1766472157.255462,0.456178650077376,0.7802002298370171,0.9776571989059448,0,False,,,,
1766472157.258514,0.456178650077376,0.7802002298370171,0.9776571989059448,0,False,,,,
1766472157.261965,0.4618278814196155,0.784131385236875,0.9612745344638824,0,False,,,,
1766472157.2645,0.4582396630804505,1.0428467055215,1.0,1,False,,,,
1766472157.5403001,0.4582396630804505,1.0428467055215,1.0,1,False,,,,
1766472157.5479748,0.47773406794945544,1.067962555039777,0.9944699108600616,1,False,,,,
1766472157.553864,0.47773406794945544,1.067962555039777,0.9944699108600616,1,False,,,,
1766472157.558537,0.47773406794945544,1.067962555039777,0.9944699108600616,1,False,,,,
1766472157.561506,0.5493303274098199,1.0086884598709922,0.8988896310329437,2,False,,,,
1766472157.89471,0.5498715942915566,1.0096306348593627,0.8988896310329437,2,False,,,,
1766472157.901509,0.5498671835996449,1.011340778802999,0.9391423463821411,2,False,,,,
1766472157.9070258,0.5498671835996449,1.011340778802999,0.9391423463821411,2,False,,,,
1766472157.910082,0.5498671835996449,1.011340778802999,0.9391423463821411,2,False,,,,
1766472157.91353,0.5545606991602275,0.9949263481331052,0.9569636583328247,3,False,,,,
1766472158.306518,0.5545606991602275,0.9949263481331052,0.9569636583328247,3,False,,,,
1766472158.313663,0.5545606991602275,0.9949263481331052,0.9569636583328247,3,False,,,,
1766472158.317006,0.5524238683578602,0.9961967353840527,0.9396218359470367,3,False,,,,
1766472158.319999,0.5524238683578602,0.9961967353840527,0.9396218359470367,3,False,,,,
1766472158.322765,0.22710409117967828,1.1352090854896775,0.3927359007553186,2,False,,,,
1766472158.681798,0.22710409117967828,1.1352090854896775,0.3927359007553186,2,False,,,,
1766472158.688777,0.2549703690909416,1.143596372652283,0.3231799158130915,2,False,,,,
1766472158.6939788,0.2549703690909416,1.143596372652283,0.3231799158130915,2,False,,,,
1766472158.697089,0.2549703690909416,1.143596372652283,0.3231799158130915,2,False,,,,
1766472158.69982,0.5428190910822374,0.9044940271270879,0.9867608845233917,2,False,,,,
1766472158.995309,0.5428190910822374,0.9044940271270879,0.9867608845233917,2,False,,,,
1766472159.001483,0.5418718509100249,0.9076336204567602,0.961834579706192,2,False,,,,
1766472159.004818,0.5418718509100249,0.9076336204567602,0.961834579706192,2,False,,,,
1766472159.008275,0.5418718509100249,0.9076336204567602,0.961834579706192,2,False,,,,
1766472159.014278,0.5260042927613211,0.9166280185385827,0.980444073677063,2,False,,,,
1766472159.5328069,0.5260042927613211,0.9166280185385827,0.980444073677063,2,False,,,,
1766472159.5385711,0.5260401878603025,0.9134942819430205,1.0,2,False,,,,
1766472159.543162,0.5260401878603025,0.9134942819430205,1.0,2,False,,,,
1766472159.548387,0.5260401878603025,0.9134942819430205,1.0,2,False,,,,
1766472159.551213,0.5173625919712518,0.9214920517924652,0.9913834929466248,2,False,,,,
1766472159.8157172,0.5173625919712518,0.9214920517924652,0.9913834929466248,2,False,,,,
1766472159.820796,0.5173625919712518,0.9214920517924652,0.9913834929466248,2,False,,,,
1766472159.823976,0.5175269791364199,0.9232497031539986,1.0,2,False,,,,
1766472159.8276439,0.5173130114464565,0.9217401639110869,1.0,2,False,,,,
1766472159.830264,0.5620661399868279,0.9594096636377683,0.9444763660430908,2,False,,,,
