timestamp,gaze_x,gaze_y,gaze_confidence,num_faces,is_looking_at_face,face_bbox_left,face_bbox_top,face_bbox_width,face_bbox_height
1766468858.84229,0.5688660107187695,0.07145155843561957,1.0,0,False,,,,
1766468859.538381,0.5688690593370513,0.07319101514088422,1.0,0,False,,,,
1766468859.546355,0.5688690593370513,0.07319101514088422,1.0,0,False,,,,
1766468859.5491772,0.5688690593370513,0.07319101514088422,1.0,0,False,,,,
1766468859.5519638,0.5685486696334593,0.07449501405660897,1.0,0,False,,,,
1766468859.554759,0.5597438978488207,0.08918892229994357,1.0,0,False,,,,
1766468859.822022,0.5591200010778807,0.08957494426783019,1.0,0,False,,,,
1766468859.827499,0.5591200010778807,0.08957494426783019,1.0,0,False,,,,
1766468859.832053,0.5591200010778807,0.08957494426783019,1.0,0,False,,,,
1766468859.8347101,0.5602088738831739,0.0906763405879788,1.0,0,False,,,,
1766468859.837213,0.5550133862358771,0.09205470002760907,1.0,0,False,,,,
1766468860.030148,0.5550133862358771,0.09205470002760907,1.0,0,False,,,,
1766468860.034204,0.5555887464834832,0.0923157612589306,1.0,0,False,,,,
1766468860.0386949,0.5568441959744168,0.09162043649125817,0.9987913072109222,0,False,,,,
1766468860.040931,0.5568441959744168,0.09162043649125817,0.9987913072109222,0,False,,,,
1766468860.0451672,0.55571797239533,0.08608097559595318,0.9606274962425232,0,False,,,,
1766468860.2180831,0.5557863735917251,0.08615817947120752,0.9606274962425232,0,False,,,,
1766468860.222452,0.5563755348228525,0.0858866568289608,0.9413877427577972,0,False,,,,
1766468860.225326,0.5563755348228525,0.0858866568289608,0.9413877427577972,0,False,,,,
1766468860.230331,0.5563755348228525,0.0858866568289608,0.9413877427577972,0,False,,,,
1766468860.232895,0.5553246758915606,0.08195747400595899,0.9370591938495636,0,False,,,,
1766468860.3789198,0.5553246758915606,0.08195747400595899,0.9370591938495636,0,False,,,,
1766468860.3827431,0.5553246758915606,0.08195747400595899,0.9370591938495636,0,False,,,,
1766468860.385673,0.5553697281053205,0.08286604001350484,0.9370591938495636,0,False,,,,
1766468860.388012,0.5567385569376481,0.08035480851194265,0.9446344077587128,0,False,,,,
1766468860.3920739,0.573272475709947,0.07071567437272308,1.0,0,False,,,,
1766468860.721611,0.5729070290305776,0.07142532080075203,0.9779302477836609,0,False,,,,
1766468860.726917,0.5724020110242735,0.07248774403824287,0.9955803751945496,0,False,,,,
1766468860.730753,0.5724020110242735,0.07248774403824287,0.9955803751945496,0,False,,,,
1766468860.73513,0.5724020110242735,0.07248774403824287,0.9955803751945496,0,False,,,,
1766468860.737922,0.5680144078792471,0.06935329708077032,0.8538766205310822,0,False,,,,
1766468860.9127219,0.5680144078792471,0.06935329708077032,0.8538766205310822,0,False,,,,
1766468860.91771,0.5680144078792471,0.06935329708077032,0.8538766205310822,0,False,,,,
1766468860.920056,0.5680144078792471,0.06935329708077032,0.8538766205310822,0,False,,,,
1766468860.922348,0.5684095136740912,0.06953098680122771,0.8538766205310822,0,False,,,,
1766468860.924848,0.5628552497989634,0.06752971735735525,0.8861729204654694,0,False,,,,
1766468861.1171641,0.5628552497989634,0.06752971735735525,0.8861729204654694,0,False,,,,
1766468861.121205,0.5628552497989634,0.06752971735735525,0.8861729204654694,0,False,,,,
1766468861.1238358,0.5628007415501546,0.06912670303409973,0.946626752614975,0,False,,,,
1766468861.1273532,0.5628007415501546,0.06912670303409973,0.946626752614975,0,False,,,,
1766468861.130344,0.5658980897169252,0.05854114596251603,0.9871967136859894,0,False,,,,
1766468861.315455,0.5658980897169252,0.05854114596251603,0.9871967136859894,0,False,,,,
1766468861.319754,0.5658980897169252,0.05854114596251603,0.9871967136859894,0,False,,,,
1766468861.322581,0.5658980897169252,0.05854114596251603,0.9871967136859894,0,False,,,,
1766468861.324883,0.5658980897169252,0.05854114596251603,0.9871967136859894,0,False,,,,
1766468861.3284302,0.5692027545099394,0.06243744363262749,0.9624436795711517,0,False,,,,
1766468861.521524,0.5692027545099394,0.06243744363262749,0.9624436795711517,0,False,,,,
1766468861.525815,0.5691918515676584,0.061974598674260806,0.9624436795711517,0,False,,,,
1766468861.528665,0.5674276213113283,0.06519369638728101,0.9714374244213104,0,False,,,,
1766468861.532991,0.5674276213113283,0.06519369638728101,0.9714374244213104,0,False,,,,
1766468861.538378,0.5654287428953704,0.06447983266610313,0.9160070419311523,0,False,,,,
1766468861.7347672,0.5654287428953704,0.06447983266610313,0.9160070419311523,0,False,,,,
1766468861.738643,0.5654287428953704,0.06447983266610313,0.9160070419311523,0,False,,,,
1766468861.741358,0.5654287428953704,0.06447983266610313,0.9160070419311523,0,False,,,,
1766468861.7438772,0.5648470075108319,0.06235803196362977,0.9352400004863739,0,False,,,,
1766468861.747512,0.5709605153511739,0.06107548045108635,0.9432018101215363,0,False,,,,
1766468861.9385211,0.5709605153511739,0.06107548045108635,0.9432018101215363,0,False,,,,
1766468861.943282,0.5709605153511739,0.06107548045108635,0.9432018101215363,0,False,,,,
1766468861.9464262,0.5704652365645428,0.06391820245832969,0.9572365581989288,0,False,,,,
1766468861.949244,0.5686829028139642,0.0661965481907062,0.973642498254776,0,False,,,,
1766468861.951627,0.5216363094096991,0.256807335110941,0.99,0,False,,,,
1766468862.131669,0.48994089444708494,0.3267458105773213,0.2651831815575117,0,False,,,,
1766468862.136309,0.48994089444708494,0.3267458105773213,0.2651831815575117,0,False,,,,
1766468862.140269,0.48994089444708494,0.3267458105773213,0.2651831815575117,0,False,,,,
1766468862.14271,0.48994089444708494,0.3267458105773213,0.2651831815575117,0,False,,,,
1766468862.1448882,0.5671527544597452,0.0658075916863049,1.0,0,False,,,,
1766468862.3084311,0.5671527544597452,0.0658075916863049,1.0,0,False,,,,
1766468862.312911,0.5671527544597452,0.0658075916863049,1.0,0,False,,,,
1766468862.315351,0.5619248945581712,0.0681645111413881,0.9815999567508698,0,False,,,,
1766468862.3176599,0.5619248945581712,0.0681645111413881,0.9815999567508698,0,False,,,,
1766468862.320163,0.5641001434663004,0.06518205596799231,1.0,0,False,,,,
1766468862.5048041,0.5644966700407925,0.06516387140459723,1.0,0,False,,,,
1766468862.5086741,0.5644966700407925,0.06516387140459723,1.0,0,False,,,,
1766468862.51325,0.5644966700407925,0.06516387140459723,1.0,0,False,,,,
1766468862.515535,0.5649334632835397,0.06533360163863455,0.9826985895633698,0,False,,,,
1766468862.518181,0.560870525649374,0.06796734906101132,1.0,0,False,,,,
1766468862.881046,0.560870525649374,0.06796734906101132,1.0,0,False,,,,
1766468862.885757,0.5608398449998997,0.06677292172307192,1.0,0,False,,,,
1766468862.888464,0.5608398449998997,0.06677292172307192,1.0,0,False,,,,
1766468862.893329,0.5608398449998997,0.06677292172307192,1.0,0,False,,,,
1766468862.896214,0.5557467561829024,0.061254557775830665,1.0,0,False,,,,
1766468863.053849,0.5557467561829024,0.061254557775830665,1.0,0,False,,,,
1766468863.057794,0.5557467561829024,0.061254557775830665,1.0,0,False,,,,
1766468863.061583,0.5557467561829024,0.061254557775830665,1.0,0,False,,,,
1766468863.063904,0.5557467561829024,0.061254557775830665,1.0,0,False,,,,
1766468863.0689092,0.5572030001828813,0.056787111222820874,0.9972919821739197,0,False,,,,
1766468863.278431,0.5572030001828813,0.056787111222820874,0.9972919821739197,0,False,,,,
1766468863.282902,0.5572030001828813,0.056787111222820874,0.9972919821739197,0,False,,,,
1766468863.285426,0.5572030001828813,0.056787111222820874,0.9972919821739197,0,False,,,,
1766468863.288737,0.5567994075418918,0.05699132691531139,1.0,0,False,,,,
1766468863.291111,0.5689174801179796,0.05694815172851031,0.9797920286655426,0,False,,,,
1766468863.444588,0.5689174801179796,0.05694815172851031,0.9797920286655426,0,False,,,,
1766468863.4484968,0.5689174801179796,0.05694815172851031,0.9797920286655426,0,False,,,,
1766468863.4512699,0.5689174801179796,0.05694815172851031,0.9797920286655426,0,False,,,,
1766468863.454346,0.5686961533104973,0.05805627680649261,0.9131540358066559,0,False,,,,
1766468863.4567502,0.5575167332000603,0.06830123218423445,0.9822537899017334,0,False,,,,
1766468863.636576,0.5575167332000603,0.06830123218423445,0.9822537899017334,0,False,,,,
1766468863.6411788,0.5564188785175801,0.06980590594443492,1.0,0,False,,,,
1766468863.643476,0.5564188785175801,0.06980590594443492,1.0,0,False,,,,
1766468863.646683,0.5564188785175801,0.06980590594443492,1.0,0,False,,,,
1766468863.651554,0.5324051207330934,0.24972664327470095,0.49287336455554037,0,False,,,,
1766468863.82984,0.5324051207330934,0.24972664327470095,0.49287336455554037,0,False,,,,
1766468863.8337128,0.5324051207330934,0.24972664327470095,0.49287336455554037,0,False,,,,
1766468863.836237,0.5324051207330934,0.24972664327470095,0.49287336455554037,0,False,,,,
1766468863.8398578,0.47322248955626095,0.1972364151354732,0.4186115626773925,0,False,,,,
1766468863.842315,0.5629116654627179,0.050942541663420715,1.0,0,False,,,,
1766468864.0004659,0.5629116654627179,0.050942541663420715,1.0,0,False,,,,
1766468864.005427,0.5629116654627179,0.050942541663420715,1.0,0,False,,,,
1766468864.008766,0.5605762464400331,0.052964748814527174,1.0,0,False,,,,
1766468864.012994,0.5605762464400331,0.052964748814527174,1.0,0,False,,,,
1766468864.017153,0.5612409442586493,0.06357492134542575,0.9793586432933807,0,False,,,,
1766468864.217233,0.5612409442586493,0.06357492134542575,0.9793586432933807,0,False,,,,
1766468864.22184,0.5617559574819135,0.06298727676066385,0.9793586432933807,0,False,,,,
1766468864.224861,0.5616736143187842,0.06326402575111933,1.0,0,False,,,,
1766468864.227741,0.5616736143187842,0.06326402575111933,1.0,0,False,,,,
1766468864.232126,0.5637755888255329,0.06584546469666874,1.0,0,False,,,,
1766468864.444352,0.5634574190251234,0.06597422834905797,1.0,0,False,,,,
1766468864.448749,0.5634574190251234,0.06597422834905797,1.0,0,False,,,,
1766468864.452786,0.5634574190251234,0.06597422834905797,1.0,0,False,,,,
1766468864.455832,0.5634574190251234,0.06597422834905797,1.0,0,False,,,,
1766468864.458882,0.5584368501069473,0.0661756609301688,0.9884687960147858,0,False,,,,
1766468864.634348,0.5584368501069473,0.0661756609301688,0.9884687960147858,0,False,,,,
1766468864.638956,0.5584368501069473,0.0661756609301688,0.9884687960147858,0,False,,,,
1766468864.641581,0.5584368501069473,0.0661756609301688,0.9884687960147858,0,False,,,,
1766468864.64516,0.5595342478710561,0.0643214644261979,1.0,0,False,,,,
1766468864.648858,0.5583450134938367,0.07122410778438182,1.0,0,False,,,,
1766468864.854312,0.5583450134938367,0.07122410778438182,1.0,0,False,,,,
1766468864.858447,0.5599410796873326,0.06990418269143339,1.0,0,False,,,,
1766468864.861473,0.5599410796873326,0.06990418269143339,1.0,0,False,,,,
1766468864.864413,0.5599410796873326,0.06990418269143339,1.0,0,False,,,,
1766468864.869238,0.5740624255669303,0.054460217463021654,1.0,0,False,,,,
1766468865.063327,0.574969422139583,0.05456949494215202,1.0,0,False,,,,
1766468865.068105,0.574969422139583,0.05456949494215202,1.0,0,False,,,,
1766468865.072109,0.574969422139583,0.05456949494215202,1.0,0,False,,,,
1766468865.075024,0.574969422139583,0.05456949494215202,1.0,0,False,,,,
1766468865.07716,0.5635398524630217,0.07023880753551826,0.961933046579361,0,False,,,,
1766468865.235224,0.5635398524630217,0.07023880753551826,0.961933046579361,0,False,,,,
1766468865.2403462,0.5635398524630217,0.07023880753551826,0.961933046579361,0,False,,,,
1766468865.245048,0.5635398524630217,0.07023880753551826,0.961933046579361,0,False,,,,
1766468865.2484832,0.5628609753503715,0.0696088606805001,1.0,0,False,,,,
1766468865.251559,0.550087911116458,0.07241493602272708,1.0,0,False,,,,
1766468865.415221,0.550369409002261,0.07232634152068662,1.0,0,False,,,,
1766468865.420453,0.550369409002261,0.07232634152068662,1.0,0,False,,,,
1766468865.424952,0.550369409002261,0.07232634152068662,1.0,0,False,,,,
1766468865.427489,0.550369409002261,0.07232634152068662,1.0,0,False,,,,
1766468865.431762,0.541835243555227,0.04562276985652991,1.0,0,False,,,,
1766468865.610234,0.541835243555227,0.04562276985652991,1.0,0,False,,,,
1766468865.615413,0.5415940822716208,0.04520426271233613,1.0,0,False,,,,
1766468865.617933,0.5415940822716208,0.04520426271233613,1.0,0,False,,,,
1766468865.621025,0.5415940822716208,0.04520426271233613,1.0,0,False,,,,
1766468865.626884,0.5371333734403491,0.046911571021090226,1.0,0,False,,,,
1766468865.80546,0.5371333734403491,0.046911571021090226,1.0,0,False,,,,
1766468865.81152,0.5371333734403491,0.046911571021090226,1.0,0,False,,,,
1766468865.814461,0.5454946568666685,0.034583297769296806,0.995,0,False,,,,
1766468865.8170948,0.5501622739223155,0.0453940335132631,0.995,0,False,,,,
1766468865.819941,0.5432640830308283,0.26056191693792585,0.45070945420867,0,False,,,,
1766468865.978373,0.5432640830308283,0.26056191693792585,0.45070945420867,0,False,,,,
1766468865.982465,0.5401291143973787,0.2571328064639946,0.5130438658828099,0,False,,,,
1766468865.9853508,0.5401291143973787,0.2571328064639946,0.5130438658828099,0,False,,,,
1766468865.988277,0.5401291143973787,0.2571328064639946,0.5130438658828099,0,False,,,,
1766468865.992615,0.4916569668152289,0.20369434509218698,0.3163420268642784,0,False,,,,
1766468866.183459,0.4765899957914258,0.20726506797037436,0.32382296530708005,0,False,,,,
1766468866.189177,0.4765899957914258,0.20726506797037436,0.32382296530708005,0,False,,,,
1766468866.1938791,0.4765899957914258,0.20726506797037436,0.32382296530708005,0,False,,,,
1766468866.196681,0.4765899957914258,0.20726506797037436,0.32382296530708005,0,False,,,,
1766468866.19932,0.45479847866434725,0.18535738649379607,0.2543056035567706,0,False,,,,
1766468866.406705,0.45479847866434725,0.18535738649379607,0.2543056035567706,0,False,,,,
1766468866.411492,0.45479847866434725,0.18535738649379607,0.2543056035567706,0,False,,,,
1766468866.4144452,0.45479847866434725,0.18535738649379607,0.2543056035567706,0,False,,,,
1766468866.418467,0.450933501843359,0.18395025740936166,0.34232235199138183,0,False,,,,
1766468866.4228659,0.5797482176581837,0.34489302858367665,0.8289381265640259,0,False,,,,
1766468866.632214,0.5797482176581837,0.34489302858367665,0.8289381265640259,0,False,,,,
1766468866.638036,0.6370135187165473,0.15618024311164236,0.789974946448218,0,False,,,,
1766468866.6406431,0.6370135187165473,0.15618024311164236,0.789974946448218,0,False,,,,
1766468866.644755,0.6370135187165473,0.15618024311164236,0.789974946448218,0,False,,,,
1766468866.6477811,0.5825746456423593,0.07083104886839409,0.7679484367370606,0,False,,,,
1766468866.821485,0.5826233912270319,0.06644660354611953,0.7557371735572815,0,False,,,,
1766468866.826934,0.6311983185485512,0.0652248168627424,0.8566468060016632,0,False,,,,
1766468866.832067,0.6311983185485512,0.0652248168627424,0.8566468060016632,0,False,,,,
1766468866.835393,0.6311983185485512,0.0652248168627424,0.8566468060016632,0,False,,,,
1766468866.837795,0.6449206151594706,0.0766650331706269,0.7176354110240937,0,False,,,,
1766468867.013958,0.6449206151594706,0.0766650331706269,0.7176354110240937,0,False,,,,
1766468867.0190258,0.6449206151594706,0.0766650331706269,0.7176354110240937,0,False,,,,
1766468867.0219038,0.6439908666706298,0.08007721420559155,0.6707839250564576,0,False,,,,
1766468867.0250041,0.5799500972309358,0.3060679921516074,0.5714537645088269,0,False,,,,
1766468867.027348,0.5071677277945847,0.24167743129569685,0.2855407884791826,0,False,,,,
1766468867.1859992,0.5071677277945847,0.24167743129569685,0.2855407884791826,0,False,,,,
1766468867.1907752,0.5071481178381191,0.24168325360362075,0.28032568676635483,0,False,,,,
1766468867.193793,0.5071481178381191,0.24168325360362075,0.28032568676635483,0,False,,,,
1766468867.1963332,0.5071481178381191,0.24168325360362075,0.28032568676635483,0,False,,,,
1766468867.200317,-0.018929435737188704,0.3687117208819338,0.8992160095815445,0,False,,,,
1766468867.3971999,-0.018929435737188704,0.3687117208819338,0.8992160095815445,0,False,,,,
1766468867.402605,-0.018929435737188704,0.3687117208819338,0.8992160095815445,0,False,,,,
1766468867.406677,0.4191078395290851,0.19550762408801015,0.19191112589303055,0,False,,,,
1766468867.409159,0.4191078395290851,0.19550762408801015,0.19191112589303055,0,False,,,,
1766468867.411365,0.537974318774721,0.2618618265485295,1.0,0,False,,,,
1766468867.726342,0.5412089082959554,0.26352138886982557,1.0,0,False,,,,
1766468867.731791,0.5412089082959554,0.26352138886982557,1.0,0,False,,,,
1766468867.736017,0.5412089082959554,0.26352138886982557,1.0,0,False,,,,
1766468867.738816,0.5412089082959554,0.26352138886982557,1.0,0,False,,,,
1766468867.741089,0.5509728566717351,0.35579807023487053,0.9108551740646362,0,False,,,,
1766468867.900361,0.4374818082434014,0.18428639161377092,0.38317588876940595,0,False,,,,
1766468867.906401,0.4374818082434014,0.18428639161377092,0.38317588876940595,0,False,,,,
1766468867.9112651,0.4373591488595741,0.18426787145872048,0.3693036147622884,0,False,,,,
1766468867.9143412,0.4373591488595741,0.18426787145872048,0.3693036147622884,0,False,,,,
1766468867.918251,0.4961154264459802,0.24931552289754477,0.02654217130298063,0,False,,,,
1766468868.087383,0.4961154264459802,0.24931552289754477,0.02654217130298063,0,False,,,,
1766468868.0914629,0.4961154264459802,0.24931552289754477,0.02654217130298063,0,False,,,,
1766468868.094034,0.49449692750853486,0.20915667143058747,0.1586977648695921,0,False,,,,
1766468868.09718,0.49449692750853486,0.20915667143058747,0.1586977648695921,0,False,,,,
1766468868.101133,0.5623626600029092,0.3199248908233008,0.9207522869110107,0,False,,,,
1766468868.280004,0.5547087834551968,0.2784602223042927,0.9153504918033641,0,False,,,,
1766468868.285536,0.5547087834551968,0.2784602223042927,0.9153504918033641,0,False,,,,
1766468868.290648,0.5547087834551968,0.2784602223042927,0.9153504918033641,0,False,,,,
1766468868.293452,0.5549127624486536,0.27550540243249144,0.9677126954013866,0,False,,,,
1766468868.2960992,0.6434973360086375,0.032585186644990105,0.8674037158489227,0,False,,,,
1766468868.6365829,0.6434973360086375,0.032585186644990105,0.8674037158489227,0,False,,,,
1766468868.641786,0.6434973360086375,0.032585186644990105,0.8674037158489227,0,False,,,,
1766468868.6442912,0.6434973360086375,0.032585186644990105,0.8674037158489227,0,False,,,,
1766468868.6466272,0.6319939238835589,0.042250533588414685,0.995,0,False,,,,
1766468868.6489458,0.4219303072211299,0.18970159186213698,1.0,0,False,,,,
1766468868.816598,0.424683072819488,0.19087602770712953,1.0,0,False,,,,
1766468868.823072,0.424683072819488,0.19087602770712953,1.0,0,False,,,,
1766468868.827845,0.424683072819488,0.19087602770712953,1.0,0,False,,,,
1766468868.830753,0.608153775637877,0.11151901757051619,0.995,0,False,,,,
1766468868.83358,0.5281470369593889,0.07233017818454035,0.9975964725017548,0,False,,,,
1766468869.00738,0.5281470369593889,0.07233017818454035,0.9975964725017548,0,False,,,,
1766468869.0124779,0.5281470369593889,0.07233017818454035,0.9975964725017548,0,False,,,,
1766468869.015328,0.530786147971554,0.07447904322966814,1.0,0,False,,,,
1766468869.020719,0.530786147971554,0.07447904322966814,1.0,0,False,,,,
1766468869.026477,0.5256625423340204,0.06505445144722521,1.0,0,False,,,,
1766468869.211711,0.5256625423340204,0.06505445144722521,1.0,0,False,,,,
1766468869.216558,0.5256625423340204,0.06505445144722521,1.0,0,False,,,,
1766468869.219455,0.5260772724076956,0.06786718068732833,0.9839227795600891,0,False,,,,
1766468869.2227788,0.5260772724076956,0.06786718068732833,0.9839227795600891,0,False,,,,
1766468869.225499,0.5131062806281602,0.19203931407402186,0.8541698869230088,0,False,,,,
1766468869.413368,0.5131062806281602,0.19203931407402186,0.8541698869230088,0,False,,,,
1766468869.418634,0.5230069015571865,0.2500401005945073,0.14783271547864132,0,False,,,,
1766468869.4222028,0.5230069015571865,0.2500401005945073,0.14783271547864132,0,False,,,,
1766468869.424698,0.5230069015571865,0.2500401005945073,0.14783271547864132,0,False,,,,
1766468869.428941,1.0122345865026703,0.6482230167806721,0.8819917440414429,0,False,,,,
1766468869.678133,1.0122345865026703,0.6482230167806721,0.8819917440414429,0,False,,,,
1766468869.682993,1.0122345865026703,0.6482230167806721,0.8819917440414429,0,False,,,,
1766468869.685539,1.0122345865026703,0.6482230167806721,0.8819917440414429,0,False,,,,
1766468869.688509,1.0107560248352185,0.6431309542341379,0.8953300714492798,0,False,,,,
1766468869.6909282,0.7578154550108647,0.37779723725323255,0.9237634241580963,0,False,,,,
1766468870.142605,0.7583508978897057,0.377305692988272,0.8708736598491669,0,False,,,,
1766468870.147271,0.7583508978897057,0.377305692988272,0.8708736598491669,0,False,,,,
1766468870.151565,0.7583508978897057,0.377305692988272,0.8708736598491669,0,False,,,,
1766468870.15464,0.7573516212560338,0.3747835111965273,0.8937371075153351,0,False,,,,
1766468870.158693,0.6039459671104586,0.17169707911290444,1.0,0,False,,,,
1766468870.396833,0.6039459671104586,0.17169707911290444,1.0,0,False,,,,
1766468870.401987,0.6039459671104586,0.17169707911290444,1.0,0,False,,,,
1766468870.406079,0.607879370897273,0.17158901603488697,0.9926601946353912,0,False,,,,
1766468870.408891,0.607879370897273,0.17158901603488697,0.9926601946353912,0,False,,,,
1766468870.411359,0.5947433900297863,0.17121504221612827,0.9574842751026154,0,False,,,,
1766468870.567633,0.5947433900297863,0.17121504221612827,0.9574842751026154,0,False,,,,
1766468870.5722969,0.5947433900297863,0.17121504221612827,0.9574842751026154,0,False,,,,
1766468870.575119,0.5918007693347747,0.17003783193263244,0.9123024940490723,0,False,,,,
1766468870.577743,0.5918007693347747,0.17003783193263244,0.9123024940490723,0,False,,,,
1766468870.580153,0.563754811529557,0.13933205666823434,0.9138609170913696,0,False,,,,
1766468870.777385,0.5642337130797934,0.13716064888686408,0.9176236391067505,0,False,,,,
1766468870.7818828,0.5642337130797934,0.13716064888686408,0.9176236391067505,0,False,,,,
1766468870.786134,0.5642337130797934,0.13716064888686408,0.9176236391067505,0,False,,,,
1766468870.78862,0.5642337130797934,0.13716064888686408,0.9176236391067505,0,False,,,,
1766468870.793189,0.5676836520772246,0.12610583218904248,0.8892821669578552,0,False,,,,
1766468870.952781,0.5676836520772246,0.12610583218904248,0.8892821669578552,0,False,,,,
1766468870.957651,0.5684034590768655,0.12598300239313676,0.9160661697387695,0,False,,,,
1766468870.960675,0.5693891837275888,0.12516590543364514,0.9362196624279022,0,False,,,,
1766468870.9631538,0.5693891837275888,0.12516590543364514,0.9362196624279022,0,False,,,,
1766468870.9675388,0.5663159105101434,0.12443834409631149,0.9061829447746277,0,False,,,,
1766468871.180127,0.5543130862232083,0.09484326209469873,0.8,0,False,,,,
1766468871.1848478,0.5543130862232083,0.09484326209469873,0.8,0,False,,,,
1766468871.189779,0.5543130862232083,0.09484326209469873,0.8,0,False,,,,
1766468871.1928031,0.5543130862232083,0.09484326209469873,0.8,0,False,,,,
1766468871.19582,0.554292146145191,0.18372314993423655,0.8815072192474607,0,False,,,,
1766468871.365848,0.5573790935318746,0.18535625810785172,0.8512102365493774,0,False,,,,
1766468871.370037,0.5573790935318746,0.18535625810785172,0.8512102365493774,0,False,,,,
1766468871.374248,0.5573790935318746,0.18535625810785172,0.8512102365493774,0,False,,,,
1766468871.377292,0.5573790935318746,0.18535625810785172,0.8512102365493774,0,False,,,,
1766468871.380186,0.5718017076102406,0.11739425850540042,0.9434478580951691,0,False,,,,
1766468872.098662,0.5729910331458037,0.11748888186476858,0.9061755836009979,0,False,,,,
1766468872.104318,0.5729910331458037,0.11748888186476858,0.9061755836009979,0,False,,,,
1766468872.109452,0.5729910331458037,0.11748888186476858,0.9061755836009979,0,False,,,,
1766468872.111763,0.5729910331458037,0.11748888186476858,0.9061755836009979,0,False,,,,
1766468872.1140852,0.5824459256290366,0.13255459175619233,1.0,0,False,,,,
1766468872.268336,0.5829982495320613,0.13157671569450247,1.0,0,False,,,,
1766468872.273809,0.5829982495320613,0.13157671569450247,1.0,0,False,,,,
1766468872.2782269,0.5829982495320613,0.13157671569450247,1.0,0,False,,,,
1766468872.282767,0.5835321763758728,0.13208482899782314,1.0,0,False,,,,
1766468872.285374,0.5830239275478046,0.13101538359564824,1.0,0,False,,,,
1766468872.493052,0.5830239275478046,0.13101538359564824,1.0,0,False,,,,
1766468872.497333,0.5830239275478046,0.13101538359564824,1.0,0,False,,,,
1766468872.499952,0.5830239275478046,0.13101538359564824,1.0,0,False,,,,
1766468872.502626,0.5823699766366819,0.13100722304192736,1.0,0,False,,,,
1766468872.5059268,0.573204141569497,0.1045824284657173,1.0,0,False,,,,
1766468872.6715982,0.573204141569497,0.1045824284657173,1.0,0,False,,,,
1766468872.6759522,0.573204141569497,0.1045824284657173,1.0,0,False,,,,
1766468872.678299,0.573204141569497,0.1045824284657173,1.0,0,False,,,,
1766468872.681001,0.573204141569497,0.1045824284657173,1.0,0,False,,,,
1766468872.6834078,0.5751613324316571,0.12630132499642688,1.0,0,False,,,,
1766468872.8784928,0.5751613324316571,0.12630132499642688,1.0,0,False,,,,
1766468872.882672,0.5751613324316571,0.12630132499642688,1.0,0,False,,,,
1766468872.88534,0.5759054907765373,0.12656857215937123,1.0,0,False,,,,
1766468872.888156,0.5693776695642307,0.12039718617314232,1.0,0,False,,,,
1766468872.891764,0.5766230367938715,0.13362366979492846,1.0,0,False,,,,
1766468873.080082,0.5766230367938715,0.13362366979492846,1.0,0,False,,,,
1766468873.084736,0.5766230367938715,0.13362366979492846,1.0,0,False,,,,
1766468873.088332,0.5775111217215001,0.13644024930725074,1.0,0,False,,,,
1766468873.092077,0.5775111217215001,0.13644024930725074,1.0,0,False,,,,
1766468873.096742,0.5727667727911933,0.1380965583749738,0.8559644818305969,0,False,,,,
1766468873.26472,0.5727667727911933,0.1380965583749738,0.8559644818305969,0,False,,,,
1766468873.2687218,0.5727667727911933,0.1380965583749738,0.8559644818305969,0,False,,,,
1766468873.27283,0.5513479890751417,0.06729225728630617,0.8,0,False,,,,
1766468873.275251,0.5513479890751417,0.06729225728630617,0.8,0,False,,,,
1766468873.279467,0.5648854565852007,0.12065489616510783,0.8829216659069061,0,False,,,,
1766468873.483326,0.5648854565852007,0.12065489616510783,0.8829216659069061,0,False,,,,
1766468873.487456,0.5648854565852007,0.12065489616510783,0.8829216659069061,0,False,,,,
1766468873.490426,0.5580035846372897,0.10750477217340537,0.9236404299736023,0,False,,,,
1766468873.493105,0.5580035846372897,0.10750477217340537,0.9236404299736023,0,False,,,,
1766468873.4955862,0.5571201340962524,0.09270591426253616,0.8774667680263519,0,False,,,,
1766468873.6601741,0.5554604974216109,0.09639640013642237,0.8970879316329956,0,False,,,,
1766468873.666014,0.5554604974216109,0.09639640013642237,0.8970879316329956,0,False,,,,
1766468873.670804,0.5554604974216109,0.09639640013642237,0.8970879316329956,0,False,,,,
1766468873.673446,0.555654430130794,0.09568132771902516,0.8990239500999451,0,False,,,,
1766468873.677731,0.5476905140005363,0.07486408277381462,0.8,0,False,,,,
1766468873.845593,0.5898949102237171,0.26737689785943985,0.5153595548580203,0,False,,,,
1766468873.850896,0.5898949102237171,0.26737689785943985,0.5153595548580203,0,False,,,,
1766468873.855239,0.5898949102237171,0.26737689785943985,0.5153595548580203,0,False,,,,
1766468873.8579462,0.589908014007738,0.2674636771691332,0.5299768423447934,0,False,,,,
1766468873.860502,0.5908528865619747,0.2682877431883067,0.48751108531772724,0,False,,,,
1766468874.053568,0.5908528865619747,0.2682877431883067,0.48751108531772724,0,False,,,,
1766468874.058867,0.5788457188290219,0.2541669744558156,0.5918464908939919,0,False,,,,
1766468874.06169,0.5788457188290219,0.2541669744558156,0.5918464908939919,0,False,,,,
1766468874.0639548,0.5788457188290219,0.2541669744558156,0.5918464908939919,0,False,,,,
1766468874.067877,0.5295678799797715,0.40858483128086376,0.6,0,False,,,,
1766468874.2653272,0.5295678799797715,0.40858483128086376,0.6,0,False,,,,
1766468874.269332,0.5295678799797715,0.40858483128086376,0.6,0,False,,,,
1766468874.2717109,0.5295678799797715,0.40858483128086376,0.6,0,False,,,,
1766468874.274261,0.5295678799797715,0.40858483128086376,0.6,0,False,,,,
1766468874.276368,0.5375139442869108,0.39959638470650727,0.7072754502296448,0,False,,,,
1766468874.422878,0.5375139442869108,0.39959638470650727,0.7072754502296448,0,False,,,,
1766468874.427788,0.5387166677410404,0.3502104173706453,0.5568600746425167,0,False,,,,
1766468874.431585,0.5387166677410404,0.3502104173706453,0.5568600746425167,0,False,,,,
1766468874.437525,0.5387166677410404,0.3502104173706453,0.5568600746425167,0,False,,,,
1766468874.440355,0.7014538043540904,0.2309944978896865,0.879963755607605,0,False,,,,
1766468874.678709,0.7331338119008579,0.2732236297480881,0.9271032214164734,0,False,,,,
1766468874.684165,0.7331338119008579,0.2732236297480881,0.9271032214164734,0,False,,,,
1766468874.688565,0.7331338119008579,0.2732236297480881,0.9271032214164734,0,False,,,,
1766468874.692513,0.7331338119008579,0.2732236297480881,0.9271032214164734,0,False,,,,
1766468874.695097,0.7991365942268477,0.3737104717156188,0.8728368580341339,0,False,,,,
1766468874.862358,0.651783781241377,0.3547462690466059,0.2695109679587941,0,False,,,,
1766468874.867649,0.651783781241377,0.3547462690466059,0.2695109679587941,0,False,,,,
1766468874.872159,0.651783781241377,0.3547462690466059,0.2695109679587941,0,False,,,,
1766468874.874901,0.651783781241377,0.3547462690466059,0.2695109679587941,0,False,,,,
1766468874.877878,0.8041781128313984,0.3596157745477093,0.9132164418697357,0,False,,,,
1766468875.031299,0.8091585704208117,0.3352321067635369,0.9089695513248444,0,False,,,,
1766468875.035977,0.8091585704208117,0.3352321067635369,0.9089695513248444,0,False,,,,
1766468875.0420601,0.8091585704208117,0.3352321067635369,0.9089695513248444,0,False,,,,
1766468875.045012,0.8091585704208117,0.3352321067635369,0.9089695513248444,0,False,,,,
1766468875.047526,0.6405844830940113,0.20571072957879055,1.0,0,False,,,,
1766468875.2312078,0.6394181644288792,0.20624950936451736,0.9839304387569427,0,False,,,,
1766468875.2362392,0.6394181644288792,0.20624950936451736,0.9839304387569427,0,False,,,,
1766468875.241353,0.6394181644288792,0.20624950936451736,0.9839304387569427,0,False,,,,
1766468875.244236,0.6394181644288792,0.20624950936451736,0.9839304387569427,0,False,,,,
1766468875.246557,0.6374294359127918,0.3384846354154527,0.2449796545021678,0,False,,,,
1766468875.435798,0.6409812201040862,0.3507084716950535,0.24546690258453957,0,False,,,,
1766468875.440898,0.6409812201040862,0.3507084716950535,0.24546690258453957,0,False,,,,
1766468875.446295,0.6409812201040862,0.3507084716950535,0.24546690258453957,0,False,,,,
1766468875.449387,0.46809068081479843,0.20393568131475925,1.0,0,False,,,,
1766468875.451761,0.5754013269707935,0.1785003080326748,0.886207640171051,0,False,,,,
1766468875.6035562,0.5754013269707935,0.1785003080326748,0.886207640171051,0,False,,,,
1766468875.607787,0.5754013269707935,0.1785003080326748,0.886207640171051,0,False,,,,
1766468875.611994,0.5754013269707935,0.1785003080326748,0.886207640171051,0,False,,,,
1766468875.614419,0.5754013269707935,0.1785003080326748,0.886207640171051,0,False,,,,
1766468875.616857,0.5171225565169184,0.039098370000550275,0.9122287333011627,0,False,,,,
1766468875.7689931,0.5170604660398757,0.03923559248796327,0.9122287333011627,0,False,,,,
1766468875.774521,0.5170604660398757,0.03923559248796327,0.9122287333011627,0,False,,,,
1766468875.779371,0.5170604660398757,0.03923559248796327,0.9122287333011627,0,False,,,,
1766468875.782277,0.5170604660398757,0.03923559248796327,0.9122287333011627,0,False,,,,
1766468875.7844858,0.456276905201186,0.18799122622016173,0.5682789105718303,0,False,,,,
1766468875.944109,0.456276905201186,0.18799122622016173,0.5682789105718303,0,False,,,,
1766468875.9487581,0.456276905201186,0.18799122622016173,0.5682789105718303,0,False,,,,
1766468875.951509,0.4798520824828067,0.19634307358030556,0.4140009677505911,0,False,,,,
1766468875.954114,0.4798520824828067,0.19634307358030556,0.4140009677505911,0,False,,,,
1766468875.958789,0.6551943667053725,0.13549760169153002,0.8892277777194977,0,False,,,,
1766468876.112488,0.6551943667053725,0.13549760169153002,0.8892277777194977,0,False,,,,
1766468876.116878,0.6551943667053725,0.13549760169153002,0.8892277777194977,0,False,,,,
1766468876.120061,0.6852891334482034,0.16375949050914507,0.9148266315460205,0,False,,,,
1766468876.122647,0.6852891334482034,0.16375949050914507,0.9148266315460205,0,False,,,,
1766468876.127379,0.7645769176326835,0.35493403520790745,0.9494868814945221,0,False,,,,
1766468876.304885,0.7660714922971686,0.35769755881766685,0.8675937056541443,0,False,,,,
1766468876.3091772,0.7660714922971686,0.35769755881766685,0.8675937056541443,0,False,,,,
1766468876.314664,0.7660714922971686,0.35769755881766685,0.8675937056541443,0,False,,,,
1766468876.317038,0.7660714922971686,0.35769755881766685,0.8675937056541443,0,False,,,,
1766468876.319542,0.5240817569113225,0.23124421171600307,0.31079439385231594,0,False,,,,
1766468876.4808881,0.5240817569113225,0.23124421171600307,0.31079439385231594,0,False,,,,
1766468876.4851341,0.5089871988053555,0.2163760929451588,0.14094887259761577,0,False,,,,
1766468876.487635,0.5878935914418804,0.3089542832164065,0.3364083225710985,0,False,,,,
1766468876.490153,0.5878935914418804,0.3089542832164065,0.3364083225710985,0,False,,,,
1766468876.494549,0.6008431392765401,0.44450111622834987,0.8860222399234772,0,False,,,,
1766468876.6466172,0.6008431392765401,0.44450111622834987,0.8860222399234772,0,False,,,,
1766468876.651139,0.6008431392765401,0.44450111622834987,0.8860222399234772,0,False,,,,
1766468876.6544461,0.6645115524464347,0.46026419771567806,0.9059024453163147,0,False,,,,
1766468876.657387,0.6645115524464347,0.46026419771567806,0.9059024453163147,0,False,,,,
1766468876.659946,1.1827813587102187,0.7078617271752777,0.9548112452030182,0,False,,,,
1766468876.878388,1.1895926269571526,0.6998279711985838,0.9882836043834686,0,False,,,,
1766468876.8828669,1.1895926269571526,0.6998279711985838,0.9882836043834686,0,False,,,,
1766468876.887128,1.1895926269571526,0.6998279711985838,0.9882836043834686,0,False,,,,
1766468876.891892,1.2039038446741945,0.6994465240524713,1.0,0,False,,,,
1766468876.895775,1.1138521902194438,0.6226306142883535,0.9532846510410309,0,False,,,,
1766468877.1298711,1.1272135247673054,0.6401074450372015,0.9431928396224976,0,False,,,,
1766468877.135146,1.1272135247673054,0.6401074450372015,0.9431928396224976,0,False,,,,
1766468877.139157,1.1272135247673054,0.6401074450372015,0.9431928396224976,0,False,,,,
1766468877.1417909,1.1272349007812146,0.6392627271085357,0.9431928396224976,0,False,,,,
1766468877.144701,1.1341550948777317,0.6363731291998415,0.9543122947216034,0,False,,,,
1766468877.330127,1.1341550948777317,0.6363731291998415,0.9543122947216034,0,False,,,,
1766468877.334537,1.1341550948777317,0.6363731291998415,0.9543122947216034,0,False,,,,
1766468877.338628,1.1341550948777317,0.6363731291998415,0.9543122947216034,0,False,,,,
1766468877.3411222,1.1341550948777317,0.6363731291998415,0.9543122947216034,0,False,,,,
1766468877.344413,0.9935556786185064,0.5859674576149979,0.9155860245227814,0,False,,,,
1766468877.526158,0.9826962913484737,0.5827925253476008,0.9416995942592621,0,False,,,,
1766468877.531057,0.9826962913484737,0.5827925253476008,0.9416995942592621,0,False,,,,
1766468877.535177,0.9826962913484737,0.5827925253476008,0.9416995942592621,0,False,,,,
1766468877.538099,0.9826962913484737,0.5827925253476008,0.9416995942592621,0,False,,,,
1766468877.5405629,0.9659590585320015,0.5621227985012183,0.9005339443683624,0,False,,,,
1766468877.687666,0.9659590585320015,0.5621227985012183,0.9005339443683624,0,False,,,,
1766468877.6918132,0.9659590585320015,0.5621227985012183,0.9005339443683624,0,False,,,,
1766468877.695154,0.9663205591931716,0.568707447989659,0.9828828573226929,0,False,,,,
1766468877.6974552,0.9663205591931716,0.568707447989659,0.9828828573226929,0,False,,,,
1766468877.7000499,0.9264840147752562,0.5374278881767383,0.9299803972244263,0,False,,,,
1766468877.878231,0.9274149985155521,0.5361600588195605,0.9522732794284821,0,False,,,,
1766468877.882932,0.9274149985155521,0.5361600588195605,0.9522732794284821,0,False,,,,
1766468877.886864,0.9274149985155521,0.5361600588195605,0.9522732794284821,0,False,,,,
1766468877.889694,0.9274149985155521,0.5361600588195605,0.9522732794284821,0,False,,,,
1766468877.892,0.9082988861310752,0.4841742988444857,0.9373848736286163,0,False,,,,
1766468878.047627,0.9088750278108183,0.4835556606445486,0.9681425392627716,0,False,,,,
1766468878.051979,0.9088750278108183,0.4835556606445486,0.9681425392627716,0,False,,,,
1766468878.057295,0.9088750278108183,0.4835556606445486,0.9681425392627716,0,False,,,,
1766468878.060537,0.9088750278108183,0.4835556606445486,0.9681425392627716,0,False,,,,
1766468878.063005,0.8955234069968334,0.49596775755989353,0.9233496785163879,0,False,,,,
1766468878.218291,0.8947494041614041,0.4822242331929181,0.9167950451374054,0,False,,,,
1766468878.2229602,0.8947494041614041,0.4822242331929181,0.9167950451374054,0,False,,,,
1766468878.2269921,0.8947494041614041,0.4822242331929181,0.9167950451374054,0,False,,,,
1766468878.2294111,0.7074280142313812,0.5790307740487571,0.2176315951216448,0,False,,,,
1766468878.234151,0.6934891789243873,0.5961412194535497,0.22157421484941367,0,False,,,,
1766468878.4008162,0.46126511069597304,0.19890339266993495,0.7219782758021288,0,False,,,,
1766468878.406573,0.46126511069597304,0.19890339266993495,0.7219782758021288,0,False,,,,
1766468878.410649,0.46126511069597304,0.19890339266993495,0.7219782758021288,0,False,,,,
1766468878.413485,0.7206088502381736,0.6321147139109271,0.35156790804647176,0,False,,,,
1766468878.416126,0.5305110393490998,0.04910501129565081,1.0,0,False,,,,
1766468878.637136,0.53042669897488,0.04936907421795744,1.0,0,False,,,,
1766468878.642136,0.53042669897488,0.04936907421795744,1.0,0,False,,,,
1766468878.6468852,0.53042669897488,0.04936907421795744,1.0,0,False,,,,
1766468878.649525,0.53042669897488,0.04936907421795744,1.0,0,False,,,,
1766468878.652629,0.5513904717004618,0.05989073237048026,0.9097697138786316,0,False,,,,
1766468878.8250072,0.5513904717004618,0.05989073237048026,0.9097697138786316,0,False,,,,
1766468878.828727,0.5513904717004618,0.05989073237048026,0.9097697138786316,0,False,,,,
1766468878.831084,0.5513904717004618,0.05989073237048026,0.9097697138786316,0,False,,,,
1766468878.8334742,0.5522138571274771,0.06191889316957966,0.925180584192276,0,False,,,,
1766468878.835983,0.6055544421244787,0.10562893667910767,0.9956844747066498,0,False,,,,
1766468879.1482072,0.6055544421244787,0.10562893667910767,0.9956844747066498,0,False,,,,
1766468879.154017,0.6062198930616884,0.10421536367298923,1.0,0,False,,,,
1766468879.15677,0.6053597170722422,0.10512080313856398,1.0,0,False,,,,
1766468879.159613,0.6053597170722422,0.10512080313856398,1.0,0,False,,,,
1766468879.163083,0.5892139636094818,0.10803831044148637,1.0,0,False,,,,
1766468879.342277,0.5860074364484107,0.1097087841543335,0.9361481368541718,0,False,,,,
1766468879.347038,0.5860074364484107,0.1097087841543335,0.9361481368541718,0,False,,,,
1766468879.350003,0.5860074364484107,0.1097087841543335,0.9361481368541718,0,False,,,,
1766468879.355119,0.5878597301117183,0.11026448108220632,0.9827077686786652,0,False,,,,
1766468879.357664,0.5622330270685583,0.11276939066189906,0.9088611304759979,0,False,,,,
1766468879.5094552,0.5622330270685583,0.11276939066189906,0.9088611304759979,0,False,,,,
1766468879.5140421,0.5622330270685583,0.11276939066189906,0.9088611304759979,0,False,,,,
1766468879.5173728,0.5622330270685583,0.11276939066189906,0.9088611304759979,0,False,,,,
1766468879.520185,0.5622330270685583,0.11276939066189906,0.9088611304759979,0,False,,,,
1766468879.5234811,0.4454145537637628,0.1908113949416066,1.0,0,False,,,,
1766468879.695275,0.4454145537637628,0.1908113949416066,1.0,0,False,,,,
1766468879.7031522,0.4454145537637628,0.1908113949416066,1.0,0,False,,,,
1766468879.706214,0.45827513753562893,0.20150639768102863,0.99,0,False,,,,
1766468879.709801,0.45827513753562893,0.20150639768102863,0.99,0,False,,,,
1766468879.7119942,0.6024246038481247,0.3927826879283335,0.6,0,False,,,,
1766468879.929796,0.6024246038481247,0.3927826879283335,0.6,0,False,,,,
1766468879.935842,0.6024246038481247,0.3927826879283335,0.6,0,False,,,,
1766468879.939302,0.6321404512459908,0.13555436147171984,0.6,0,False,,,,
1766468879.9418828,0.6321404512459908,0.13555436147171984,0.6,0,False,,,,
1766468879.945135,0.6630829056106509,0.143453529270539,0.6810097575187684,0,False,,,,
1766468880.12776,0.6630829056106509,0.143453529270539,0.6810097575187684,0,False,,,,
1766468880.13306,0.6630829056106509,0.143453529270539,0.6810097575187684,0,False,,,,
1766468880.13611,0.6630829056106509,0.143453529270539,0.6810097575187684,0,False,,,,
1766468880.138602,0.6630829056106509,0.143453529270539,0.6810097575187684,0,False,,,,
1766468880.140766,0.5207929095867312,0.5428372797213379,0.8936557769775391,0,False,,,,
1766468881.141345,0.5207929095867312,0.5428372797213379,0.8936557769775391,0,False,,,,
1766468881.147659,0.54759816218432,0.26540169014533177,0.5064726539680946,0,False,,,,
1766468881.152214,0.54759816218432,0.26540169014533177,0.5064726539680946,0,False,,,,
1766468881.157494,0.54759816218432,0.26540169014533177,0.5064726539680946,0,False,,,,
1766468881.160171,0.9133398258121751,0.8813822053339347,1.0,0,False,,,,
1766468881.405799,0.9133398258121751,0.8813822053339347,1.0,0,False,,,,
1766468881.41149,0.9133398258121751,0.8813822053339347,1.0,0,False,,,,
1766468881.414643,0.9619238648185722,0.9684891167792988,0.9238477945327759,0,False,,,,
1766468881.418539,0.9619238648185722,0.9684891167792988,0.9238477945327759,0,False,,,,
1766468881.423417,0.7109344091435442,0.7917436009695068,0.11157243077641214,0,False,,,,
1766468881.8535838,0.7024351521623575,0.763967733862249,0.04221903466078634,0,False,,,,
1766468881.860117,0.7024351521623575,0.763967733862249,0.04221903466078634,0,False,,,,
1766468881.8644822,0.7024351521623575,0.763967733862249,0.04221903466078634,0,False,,,,
1766468881.867429,0.28388295872322533,0.44520679535270247,0.0,0,False,,,,
1766468881.871508,0.46125919563683454,0.2043008956202319,1.0,0,False,,,,
1766468882.180301,0.46125919563683454,0.2043008956202319,1.0,0,False,,,,
1766468882.185216,0.6973417577793743,0.8037037518650995,0.19259191106581827,0,False,,,,
1766468882.1879811,0.6424474648122181,0.7950720098008677,0.2205093900656218,0,False,,,,
1766468882.1915,0.6424474648122181,0.7950720098008677,0.2205093900656218,0,False,,,,
1766468882.196602,0.6041451125358271,0.5620399142260329,0.9000738263130188,0,False,,,,
1766468882.493854,0.6041451125358271,0.5620399142260329,0.9000738263130188,0,False,,,,
1766468882.498976,0.6041451125358271,0.5620399142260329,0.9000738263130188,0,False,,,,
1766468882.502197,0.607996128338046,0.5814968883289835,0.817891538143158,0,False,,,,
1766468882.504946,0.607996128338046,0.5814968883289835,0.817891538143158,0,False,,,,
1766468882.507881,0.5912601191685505,0.6513892957176101,0.7460533380508423,0,False,,,,
1766468882.793378,0.5912601191685505,0.6513892957176101,0.7460533380508423,0,False,,,,
1766468882.7975192,0.5912601191685505,0.6513892957176101,0.7460533380508423,0,False,,,,
1766468882.800323,0.5912601191685505,0.6513892957176101,0.7460533380508423,0,False,,,,
1766468882.802519,0.5912601191685505,0.6513892957176101,0.7460533380508423,0,False,,,,
1766468882.804472,0.5310684188385124,0.693845461312134,0.8402281403541565,0,False,,,,
1766468883.1136372,0.5310684188385124,0.693845461312134,0.8402281403541565,0,False,,,,
1766468883.118442,0.5310684188385124,0.693845461312134,0.8402281403541565,0,False,,,,
1766468883.121876,0.5316120998898326,0.7017050373039411,0.8069754242897034,0,False,,,,
1766468883.124745,0.5316120998898326,0.7017050373039411,0.8069754242897034,0,False,,,,
1766468883.1270862,0.5513168933198375,0.6282084608137497,0.4276060070559727,0,False,,,,
1766468883.399722,0.5513168933198375,0.6282084608137497,0.4276060070559727,0,False,,,,
1766468883.404533,0.5513168933198375,0.6282084608137497,0.4276060070559727,0,False,,,,
1766468883.40735,0.47769219949920794,0.6177325182568046,0.4042716414108233,0,False,,,,
1766468883.411333,0.47769219949920794,0.6177325182568046,0.4042716414108233,0,False,,,,
1766468883.4159849,0.5392459392335247,0.3618927206823841,0.9332771559610054,0,False,,,,
1766468883.686087,0.5392459392335247,0.3618927206823841,0.9332771559610054,0,False,,,,
1766468883.691751,0.5392459392335247,0.3618927206823841,0.9332771559610054,0,False,,,,
1766468883.6946821,0.5461029917063546,0.3410382688915745,0.995,0,False,,,,
1766468883.698229,0.5461029917063546,0.3410382688915745,0.995,0,False,,,,
1766468883.7010958,0.4640730584038635,0.20297227929640438,1.0,0,False,,,,
1766468883.945175,0.46459248601784964,0.20363115398254883,1.0,0,False,,,,
1766468883.9502861,0.5267361637087591,0.16785923817833137,0.8502757397800685,0,False,,,,
1766468883.953516,0.5267361637087591,0.16785923817833137,0.8502757397800685,0,False,,,,
1766468883.9584901,0.5267361637087591,0.16785923817833137,0.8502757397800685,0,False,,,,
1766468883.961727,0.464240062596882,0.2045456746791392,1.0,0,False,,,,
1766468884.199431,0.46477778951046267,0.20483799600583397,1.0,0,False,,,,
1766468884.205634,0.46477778951046267,0.20483799600583397,1.0,0,False,,,,
1766468884.2084548,0.46477778951046267,0.20483799600583397,1.0,0,False,,,,
1766468884.210758,0.46477778951046267,0.20483799600583397,1.0,0,False,,,,
1766468884.213454,0.5305439573735761,0.080991796161902,0.9651776254177094,0,False,,,,
1766468884.432332,0.5303038770736125,0.08226182620124245,0.9763912558555603,0,False,,,,
1766468884.437236,0.5303038770736125,0.08226182620124245,0.9763912558555603,0,False,,,,
1766468884.441602,0.5303038770736125,0.08226182620124245,0.9763912558555603,0,False,,,,
1766468884.444243,0.5303038770736125,0.08226182620124245,0.9763912558555603,0,False,,,,
1766468884.4467351,0.5349186490919502,0.09799115995915508,1.0,0,False,,,,
1766468884.6750321,0.5349186490919502,0.09799115995915508,1.0,0,False,,,,
1766468884.679293,0.5349186490919502,0.09799115995915508,1.0,0,False,,,,
1766468884.683451,0.535642265506126,0.09629579157401535,0.9558483064174652,0,False,,,,
1766468884.6861491,0.535642265506126,0.09629579157401535,0.9558483064174652,0,False,,,,
1766468884.690478,0.5237043962350791,0.11092684467936953,1.0,0,False,,,,
1766468884.9228969,0.5237043962350791,0.11092684467936953,1.0,0,False,,,,
1766468884.927426,0.5237043962350791,0.11092684467936953,1.0,0,False,,,,
1766468884.9301271,0.5237043962350791,0.11092684467936953,1.0,0,False,,,,
1766468884.932636,0.5237043962350791,0.11092684467936953,1.0,0,False,,,,
1766468884.935325,0.5351001846586784,0.2710310089164363,0.9711058355843949,0,False,,,,
1766468885.213946,0.5351001846586784,0.2710310089164363,0.9711058355843949,0,False,,,,
1766468885.218812,0.4476973944956715,0.4199602320161946,0.8642683795554931,0,False,,,,
1766468885.221916,0.4476973944956715,0.4199602320161946,0.8642683795554931,0,False,,,,
1766468885.224689,0.4476973944956715,0.4199602320161946,0.8642683795554931,0,False,,,,
1766468885.228626,0.46523992927165264,0.1968383174846159,0.3628851217439894,0,False,,,,
1766468885.457022,0.46523992927165264,0.1968383174846159,0.3628851217439894,0,False,,,,
1766468885.46164,0.46523992927165264,0.1968383174846159,0.3628851217439894,0,False,,,,
1766468885.464292,0.46523992927165264,0.1968383174846159,0.3628851217439894,0,False,,,,
1766468885.466588,0.46523992927165264,0.1968383174846159,0.3628851217439894,0,False,,,,
1766468885.468866,0.4692748790091187,0.19189895487417574,0.302826459394083,0,False,,,,
1766468885.703236,0.4673704444525281,0.19601392181934008,0.3408181081353396,0,False,,,,
1766468885.708266,0.4673704444525281,0.19601392181934008,0.3408181081353396,0,False,,,,
1766468885.7136152,0.4673704444525281,0.19601392181934008,0.3408181081353396,0,False,,,,
1766468885.716321,0.4673704444525281,0.19601392181934008,0.3408181081353396,0,False,,,,
1766468885.718616,-0.14039641414837822,0.8006844248335677,0.6776023085662702,0,False,,,,
1766468885.9728699,0.5350782264455863,0.41094920526281453,0.5603164516734368,0,False,,,,
1766468885.977569,0.5350782264455863,0.41094920526281453,0.5603164516734368,0,False,,,,
1766468885.981925,0.5350782264455863,0.41094920526281453,0.5603164516734368,0,False,,,,
1766468885.9850602,0.5350782264455863,0.41094920526281453,0.5603164516734368,0,False,,,,
1766468885.987814,0.594135694105388,0.2343744829075607,0.8529303073883057,0,False,,,,
1766468886.199786,0.594135694105388,0.2343744829075607,0.8529303073883057,0,False,,,,
1766468886.204947,0.594135694105388,0.2343744829075607,0.8529303073883057,0,False,,,,
1766468886.2078788,0.5941301230765774,0.23536265341012363,0.8556610941886902,0,False,,,,
1766468886.211648,0.5941301230765774,0.23536265341012363,0.8556610941886902,0,False,,,,
1766468886.216952,0.5518660548079686,0.10919296344354534,0.8824961112462648,0,False,,,,
1766468886.424818,0.5803726262677678,0.2069619721434135,0.8,0,False,,,,
1766468886.429933,0.5803726262677678,0.2069619721434135,0.8,0,False,,,,
1766468886.434416,0.5803726262677678,0.2069619721434135,0.8,0,False,,,,
1766468886.438585,0.5803726262677678,0.2069619721434135,0.8,0,False,,,,
1766468886.4413571,0.551382326548247,0.09557452784703035,0.9112147480350974,0,False,,,,
1766468886.697025,0.551382326548247,0.09557452784703035,0.9112147480350974,0,False,,,,
1766468886.701664,0.551382326548247,0.09557452784703035,0.9112147480350974,0,False,,,,
1766468886.7047198,0.551382326548247,0.09557452784703035,0.9112147480350974,0,False,,,,
1766468886.707006,0.551382326548247,0.09557452784703035,0.9112147480350974,0,False,,,,
1766468886.709232,0.556497982673171,0.10713618578063855,0.9022333920001984,0,False,,,,
1766468886.944972,0.5553155357188863,0.1060326162260784,0.8588347733020782,0,False,,,,
1766468886.9499578,0.5553155357188863,0.1060326162260784,0.8588347733020782,0,False,,,,
1766468886.954252,0.5553155357188863,0.1060326162260784,0.8588347733020782,0,False,,,,
1766468886.957147,0.5552330903007328,0.10682210695960959,0.8775452077388763,0,False,,,,
1766468886.959858,0.5485098426283554,0.1100685750817797,0.8894312679767609,0,False,,,,
1766468887.153561,0.5485098426283554,0.1100685750817797,0.8894312679767609,0,False,,,,
1766468887.158278,0.5485098426283554,0.1100685750817797,0.8894312679767609,0,False,,,,
1766468887.1609962,0.5485098426283554,0.1100685750817797,0.8894312679767609,0,False,,,,
1766468887.163717,0.58708705137959,0.19985058477799,0.8,0,False,,,,
1766468887.166659,0.5477795367272156,0.09592107029721131,0.918946385383606,0,False,,,,
1766468887.36081,0.5467926735908981,0.09471903042207419,0.9106960296630859,0,False,,,,
1766468887.36587,0.5468229499063713,0.09561518104138733,0.901260256767273,0,False,,,,
1766468887.3692958,0.5468229499063713,0.09561518104138733,0.901260256767273,0,False,,,,
1766468887.3745952,0.5468229499063713,0.09561518104138733,0.901260256767273,0,False,,,,
1766468887.3773491,0.5487002394657587,0.1053782716447087,0.9513282477855682,0,False,,,,
1766468887.582617,0.5487002394657587,0.1053782716447087,0.9513282477855682,0,False,,,,
1766468887.587264,0.5487002394657587,0.1053782716447087,0.9513282477855682,0,False,,,,
1766468887.591452,0.5487002394657587,0.1053782716447087,0.9513282477855682,0,False,,,,
1766468887.5944781,0.5487002394657587,0.1053782716447087,0.9513282477855682,0,False,,,,
1766468887.596707,0.5516533287761883,0.11931070653147957,0.8431427180767059,0,False,,,,
1766468887.843406,0.5516533287761883,0.11931070653147957,0.8431427180767059,0,False,,,,
1766468887.848424,0.5847742510313998,0.2006111257456944,0.7255649447441102,0,False,,,,
1766468887.852095,0.5847742510313998,0.2006111257456944,0.7255649447441102,0,False,,,,
1766468887.856189,0.5847742510313998,0.2006111257456944,0.7255649447441102,0,False,,,,
1766468887.858669,0.5408742635095284,0.11148493323981401,0.7874529957771301,0,False,,,,
1766468888.07265,0.5408742635095284,0.11148493323981401,0.7874529957771301,0,False,,,,
1766468888.0784042,0.5408742635095284,0.11148493323981401,0.7874529957771301,0,False,,,,
1766468888.0811,0.5405241775887697,0.11173359752458045,0.8044514060020447,0,False,,,,
1766468888.0845451,0.5427379052292081,0.11066146434619806,0.8558222651481628,0,False,,,,
1766468888.088765,0.529433417897315,0.13990549240087258,0.9568215888529626,0,False,,,,
1766468888.2670798,0.5840111801811336,0.1877248596446639,0.7591628313064576,0,False,,,,
1766468888.272558,0.5840111801811336,0.1877248596446639,0.7591628313064576,0,False,,,,
1766468888.276889,0.5840111801811336,0.1877248596446639,0.7591628313064576,0,False,,,,
1766468888.279714,0.5840111801811336,0.1877248596446639,0.7591628313064576,0,False,,,,
1766468888.282357,0.5965972345204689,0.23185885029974218,0.742696362733841,0,False,,,,
1766468888.5112479,0.5965972345204689,0.23185885029974218,0.742696362733841,0,False,,,,
1766468888.516494,0.5965972345204689,0.23185885029974218,0.742696362733841,0,False,,,,
1766468888.5199392,0.5881095425581729,0.22997804792402132,0.8,0,False,,,,
1766468888.523157,0.5881095425581729,0.22997804792402132,0.8,0,False,,,,
1766468888.527955,0.49447563366250125,0.21044777776994417,0.30936063718880513,0,False,,,,
1766468888.714891,0.49447563366250125,0.21044777776994417,0.30936063718880513,0,False,,,,
1766468888.719161,0.49396410036795935,0.2075895475709777,0.3282489552416073,0,False,,,,
1766468888.723079,0.49396410036795935,0.2075895475709777,0.3282489552416073,0,False,,,,
1766468888.7276611,0.49396410036795935,0.2075895475709777,0.3282489552416073,0,False,,,,
1766468888.730283,0.574168038820128,0.5159529790698731,0.99,0,False,,,,
1766468888.9197838,0.574168038820128,0.5159529790698731,0.99,0,False,,,,
1766468888.925965,0.5031738139207118,0.4133511863082624,0.4251192656328818,0,False,,,,
1766468888.9290361,0.5031738139207118,0.4133511863082624,0.4251192656328818,0,False,,,,
1766468888.9341598,0.5031738139207118,0.4133511863082624,0.4251192656328818,0,False,,,,
1766468888.936843,0.42218952717996494,0.18100431876450607,0.32339943150830314,0,False,,,,
1766468889.130194,0.42218952717996494,0.18100431876450607,0.32339943150830314,0,False,,,,
1766468889.134938,0.42218952717996494,0.18100431876450607,0.32339943150830314,0,False,,,,
1766468889.137579,0.5012753199901923,0.38778227554201106,0.32545478774402753,0,False,,,,
1766468889.1416168,0.4247969370460057,0.17949387528301552,0.3695182365943575,0,False,,,,
1766468889.144799,0.8117724571781533,0.779993683581142,0.20004963049623767,0,False,,,,
1766468893.858376,0.8117724571781533,0.779993683581142,0.20004963049623767,0,False,,,,
1766468893.866493,0.4856443431374239,0.21415630679309028,0.8087568879127502,0,False,,,,
1766468893.87159,0.4856443431374239,0.21415630679309028,0.8087568879127502,0,False,,,,
1766468893.874377,0.4856443431374239,0.21415630679309028,0.8087568879127502,0,False,,,,
1766468893.8769941,0.7897318897664604,0.7366416288489395,0.13772993365961667,0,False,,,,
1766468894.198637,0.8062145026694711,0.774592217369057,0.14164807478014527,0,False,,,,
1766468894.205154,0.8062145026694711,0.774592217369057,0.14164807478014527,0,False,,,,
1766468894.2096488,0.8062145026694711,0.774592217369057,0.14164807478014527,0,False,,,,
1766468894.212336,0.8062145026694711,0.774592217369057,0.14164807478014527,0,False,,,,
1766468894.2149289,0.4800142745725565,0.8505803116228668,0.8822111217716425,0,False,,,,
1766468894.427337,0.4800142745725565,0.8505803116228668,0.8822111217716425,0,False,,,,
1766468894.431848,0.4800142745725565,0.8505803116228668,0.8822111217716425,0,False,,,,
1766468894.435529,0.8150068893286274,0.7837385980482148,0.18402294534352875,0,False,,,,
1766468894.4388878,0.8150068893286274,0.7837385980482148,0.18402294534352875,0,False,,,,
1766468894.442337,0.7934564802634206,0.7452631154415812,0.1958068932473209,0,False,,,,
1766468894.6090639,0.7934564802634206,0.7452631154415812,0.1958068932473209,0,False,,,,
1766468894.613709,0.7934564802634206,0.7452631154415812,0.1958068932473209,0,False,,,,
1766468894.6163352,0.7934564802634206,0.7452631154415812,0.1958068932473209,0,False,,,,
1766468894.6194282,0.4835940453295886,0.2116910790245352,0.8167808651924133,0,False,,,,
1766468894.622091,0.7762158446369911,1.015729751241211,0.13339775118647296,0,False,,,,
1766468894.9655528,0.7762158446369911,1.015729751241211,0.13339775118647296,0,False,,,,
1766468894.970444,0.7883224412715193,1.0537054095784812,0.13539993514589577,0,False,,,,
1766468894.974793,0.7883224412715193,1.0537054095784812,0.13539993514589577,0,False,,,,
1766468894.97918,0.7883224412715193,1.0537054095784812,0.13539993514589577,0,False,,,,
1766468894.981727,0.475895863624208,0.20896556555526913,0.9074414968490601,0,False,,,,
1766468895.237772,0.47565796155555373,0.2091424434286384,0.8561506867408752,0,False,,,,
1766468895.242955,0.47565796155555373,0.2091424434286384,0.8561506867408752,0,False,,,,
1766468895.2472699,0.47565796155555373,0.2091424434286384,0.8561506867408752,0,False,,,,
1766468895.249693,0.47565796155555373,0.2091424434286384,0.8561506867408752,0,False,,,,
1766468895.25195,0.7776056752325446,1.0103346196677867,0.14443045813811042,0,False,,,,
1766468895.432585,0.7776056752325446,1.0103346196677867,0.14443045813811042,0,False,,,,
1766468895.436863,0.7822474788081697,1.0092597036091875,0.13777358154235045,0,False,,,,
1766468895.439539,0.4783609779440036,0.21173730227654652,0.8894889950752258,0,False,,,,
1766468895.442559,0.4783609779440036,0.21173730227654652,0.8894889950752258,0,False,,,,
1766468895.448551,0.4793873646107464,0.21456681422661905,0.8298101425170898,0,False,,,,
1766468895.761678,0.2842017671927682,0.44394791719033255,0.0,0,False,,,,
1766468895.766808,0.2842017671927682,0.44394791719033255,0.0,0,False,,,,
1766468895.7710779,0.2842017671927682,0.44394791719033255,0.0,0,False,,,,
1766468895.773793,0.2842017671927682,0.44394791719033255,0.0,0,False,,,,
1766468895.776696,0.422457890720725,0.6052913046334055,0.9220497858524322,0,False,,,,
1766468896.048193,0.422457890720725,0.6052913046334055,0.9220497858524322,0,False,,,,
1766468896.05258,0.422457890720725,0.6052913046334055,0.9220497858524322,0,False,,,,
1766468896.055243,0.422457890720725,0.6052913046334055,0.9220497858524322,0,False,,,,
1766468896.057844,0.23632995859731273,0.510665556020691,0.3084005262328131,0,False,,,,
1766468896.060686,0.47717375352144414,0.21271039711064887,0.8225688934326172,0,False,,,,
1766468896.438451,0.47717375352144414,0.21271039711064887,0.8225688934326172,0,False,,,,
1766468896.443254,0.7519816366127353,0.5601043826075448,0.8339162058430902,0,False,,,,
1766468896.4458392,0.7519816366127353,0.5601043826075448,0.8339162058430902,0,False,,,,
1766468896.448517,0.7519816366127353,0.5601043826075448,0.8339162058430902,0,False,,,,
1766468896.454298,0.4722538379126771,0.2097817819943395,0.8285375237464905,0,False,,,,
1766468896.6180649,0.4722538379126771,0.2097817819943395,0.8285375237464905,0,False,,,,
1766468896.6225998,0.4722538379126771,0.2097817819943395,0.8285375237464905,0,False,,,,
1766468896.625869,0.472466036512077,0.21003321114924633,0.8009027242660522,0,False,,,,
1766468896.628711,0.472466036512077,0.21003321114924633,0.8009027242660522,0,False,,,,
1766468896.631549,0.2291151865011718,0.5395563695058377,0.3401932243140222,0,False,,,,
1766468896.81149,0.471640829511646,0.20784639176114483,0.8133775591850281,0,False,,,,
1766468896.8161962,0.471640829511646,0.20784639176114483,0.8133775591850281,0,False,,,,
1766468896.8206458,0.471640829511646,0.20784639176114483,0.8133775591850281,0,False,,,,
1766468896.824825,0.471640829511646,0.20784639176114483,0.8133775591850281,0,False,,,,
1766468896.827245,0.23400316041718067,0.5488163402235429,0.22566002225290907,0,False,,,,
1766468897.335325,0.23400316041718067,0.5488163402235429,0.22566002225290907,0,False,,,,
1766468897.341378,0.23400316041718067,0.5488163402235429,0.22566002225290907,0,False,,,,
1766468897.3442402,0.23400316041718067,0.5488163402235429,0.22566002225290907,0,False,,,,
1766468897.346436,0.23400316041718067,0.5488163402235429,0.22566002225290907,0,False,,,,
1766468897.3487291,0.22000657684631747,0.6172904046636594,0.17161360175355952,0,False,,,,
1766468897.544344,0.22000657684631747,0.6172904046636594,0.17161360175355952,0,False,,,,
1766468897.548782,0.22010899721821833,0.6261521286812617,0.15230674911607206,0,False,,,,
1766468897.5515141,0.21705654863891252,0.6235600690282773,0.1280651397649663,0,False,,,,
1766468897.554063,0.21705654863891252,0.6235600690282773,0.1280651397649663,0,False,,,,
1766468897.5584269,0.475553594402759,0.2114779060382419,0.5046540059018418,0,False,,,,
1766468897.8607192,0.475553594402759,0.2114779060382419,0.5046540059018418,0,False,,,,
1766468897.866086,0.4756134173574962,0.21152522415461927,0.5044516480576459,0,False,,,,
1766468897.869119,0.4756134173574962,0.21152522415461927,0.5044516480576459,0,False,,,,
1766468897.8718889,0.4756134173574962,0.21152522415461927,0.5044516480576459,0,False,,,,
1766468897.877284,0.2838965584654206,0.44378887826087,0.0,0,False,,,,
1766468898.0393522,0.2838965584654206,0.44378887826087,0.0,0,False,,,,
1766468898.044408,0.2838965584654206,0.44378887826087,0.0,0,False,,,,
1766468898.046818,0.2838965584654206,0.44378887826087,0.0,0,False,,,,
1766468898.049637,0.2838965584654206,0.44378887826087,0.0,0,False,,,,
1766468898.052203,0.47566185295287067,0.20738331412747923,0.9793068766593933,0,False,,,,
1766468898.383436,0.47566185295287067,0.20738331412747923,0.9793068766593933,0,False,,,,
1766468898.3883588,0.47298825959826446,0.20500559116606087,1.0,0,False,,,,
1766468898.3924632,0.47298825959826446,0.20500559116606087,1.0,0,False,,,,
1766468898.396802,0.47298825959826446,0.20500559116606087,1.0,0,False,,,,
1766468898.399285,0.47484504216940504,0.21448904595375562,0.8803605437278748,0,False,,,,
1766468898.907403,0.4746253111615169,0.21410516602151808,0.8796769976615906,0,False,,,,
1766468898.912419,0.4746253111615169,0.21410516602151808,0.8796769976615906,0,False,,,,
1766468898.916885,0.4746253111615169,0.21410516602151808,0.8796769976615906,0,False,,,,
1766468898.9196491,0.4746253111615169,0.21410516602151808,0.8796769976615906,0,False,,,,
1766468898.922766,0.2838965584654206,0.44378887826087,0.0,0,False,,,,
1766468899.085362,0.2838965584654206,0.44378887826087,0.0,0,False,,,,
1766468899.091958,0.2838965584654206,0.44378887826087,0.0,0,False,,,,
1766468899.095191,0.2838965584654206,0.44378887826087,0.0,0,False,,,,
1766468899.0995378,0.2838965584654206,0.44378887826087,0.0,0,False,,,,
1766468899.103337,0.2838965584654206,0.44378887826087,0.0,0,False,,,,
1766468899.4348328,0.2838965584654206,0.44378887826087,0.0,0,False,,,,
1766468899.4397771,0.2838965584654206,0.44378887826087,0.0,0,False,,,,
1766468899.442548,0.46886872014503594,0.209933540011492,0.8139559030532837,0,False,,,,
1766468899.445344,0.46886872014503594,0.209933540011492,0.8139559030532837,0,False,,,,
1766468899.4479628,0.47601984156815497,0.20966075171364684,0.4532720739179187,0,False,,,,
1766468901.003977,0.47602123311474553,0.20967399386998742,0.4448032491038229,0,False,,,,
1766468901.009561,0.47602123311474553,0.20967399386998742,0.4448032491038229,0,False,,,,
1766468901.014171,0.47602123311474553,0.20967399386998742,0.4448032491038229,0,False,,,,
1766468901.0177028,0.2835409871471957,0.44332578214670504,0.0,0,False,,,,
1766468901.020803,0.4723283179518841,0.21281802077643108,0.4831873313825132,0,False,,,,
1766468901.1779048,0.4723283179518841,0.21281802077643108,0.4831873313825132,0,False,,,,
1766468901.182389,0.4723283179518841,0.21281802077643108,0.4831873313825132,0,False,,,,
1766468901.1850119,0.46888843244620276,0.21120103871414575,0.4925327487995963,0,False,,,,
1766468901.187747,0.468872582551381,0.21121535760326338,0.4954960554804786,0,False,,,,
1766468901.190091,0.4616056765070854,0.21039871882427497,0.4576313454518114,0,False,,,,
1766468901.532458,0.4616056765070854,0.21039871882427497,0.4576313454518114,0,False,,,,
1766468901.5375528,0.19986644674896153,0.4865694385746171,0.34074422566309825,0,False,,,,
1766468901.540597,0.19986644674896153,0.4865694385746171,0.34074422566309825,0,False,,,,
1766468901.543246,0.19986644674896153,0.4865694385746171,0.34074422566309825,0,False,,,,
1766468901.547511,0.2193154209031613,0.5603673127276564,0.180726224224415,0,False,,,,
1766468901.738881,0.2184995185004736,0.5613600195517646,0.19930663793016493,0,False,,,,
1766468901.74526,0.2184995185004736,0.5613600195517646,0.19930663793016493,0,False,,,,
1766468901.74977,0.2184995185004736,0.5613600195517646,0.19930663793016493,0,False,,,,
1766468901.754507,0.2120210478028736,0.5477891898497518,0.13504989988277055,0,False,,,,
1766468901.757071,0.7721101613213304,0.8387334908366402,0.10376597702718948,0,False,,,,
1766468902.5795898,0.7721101613213304,0.8387334908366402,0.10376597702718948,0,False,,,,
1766468902.5845912,0.7721101613213304,0.8387334908366402,0.10376597702718948,0,False,,,,
1766468902.5869,0.7721101613213304,0.8387334908366402,0.10376597702718948,0,False,,,,
1766468902.589112,0.7721101613213304,0.8387334908366402,0.10376597702718948,0,False,,,,
1766468902.591805,0.4864075109594516,0.803804132723633,0.909744883775711,0,False,,,,
1766468902.821035,0.4864075109594516,0.803804132723633,0.909744883775711,0,False,,,,
1766468902.8255801,0.4578185838977761,0.7553499585904081,0.8126961588859558,0,False,,,,
1766468902.82846,0.4578185838977761,0.7553499585904081,0.8126961588859558,0,False,,,,
1766468902.831062,0.4578185838977761,0.7553499585904081,0.8126961588859558,0,False,,,,
1766468902.83609,0.6645555587709441,0.9543469310657591,0.12669520115767036,0,False,,,,
1766468903.1043122,0.6645555587709441,0.9543469310657591,0.12669520115767036,0,False,,,,
1766468903.111273,0.48870654244226175,0.2068396366471552,0.31745354861503844,0,False,,,,
1766468903.1140292,0.48870654244226175,0.2068396366471552,0.31745354861503844,0,False,,,,
1766468903.118387,0.48870654244226175,0.2068396366471552,0.31745354861503844,0,False,,,,
1766468903.121001,0.4573704864830188,0.19057256961930713,0.28974947431738646,0,False,,,,
1766468903.391561,0.4573704864830188,0.19057256961930713,0.28974947431738646,0,False,,,,
1766468903.396898,0.45728994492467445,0.19055667939761378,0.2876891274031524,0,False,,,,
1766468903.399887,0.46397137553907075,0.1914621207953252,0.31487253665923803,0,False,,,,
1766468903.4021592,0.46397137553907075,0.1914621207953252,0.31487253665923803,0,False,,,,
1766468903.4060612,0.4383945225209935,0.1967594767321792,0.2981686105375802,0,False,,,,
1766468903.762353,0.4383945225209935,0.1967594767321792,0.2981686105375802,0,False,,,,
1766468903.768646,0.5506003897746702,0.3396644069632293,0.9604052305221558,0,False,,,,
1766468903.772495,0.5506003897746702,0.3396644069632293,0.9604052305221558,0,False,,,,
1766468903.776629,0.5506003897746702,0.3396644069632293,0.9604052305221558,0,False,,,,
1766468903.779399,0.41752481212637854,0.1851452730898111,0.27646505964424645,0,False,,,,
1766468903.9420218,0.41752481212637854,0.1851452730898111,0.27646505964424645,0,False,,,,
1766468903.946306,0.41752481212637854,0.1851452730898111,0.27646505964424645,0,False,,,,
1766468903.9493601,0.4278148098083475,0.18529796243720298,0.2997018008981512,0,False,,,,
1766468903.951761,0.4278148098083475,0.18529796243720298,0.2997018008981512,0,False,,,,
1766468903.9541838,0.6246399031544126,0.07114791469321913,0.9122984675658988,0,False,,,,
1766468904.150989,0.6312933617641621,0.0703217069719212,0.8551854193210602,0,False,,,,
1766468904.156415,0.6312933617641621,0.0703217069719212,0.8551854193210602,0,False,,,,
1766468904.160783,0.6312933617641621,0.0703217069719212,0.8551854193210602,0,False,,,,
1766468904.1632981,0.6312933617641621,0.0703217069719212,0.8551854193210602,0,False,,,,
1766468904.167437,0.4413479052506438,0.36333919422000727,0.4253531907261987,0,False,,,,
1766468904.3905122,0.4413479052506438,0.36333919422000727,0.4253531907261987,0,False,,,,
1766468904.395401,0.4413479052506438,0.36333919422000727,0.4253531907261987,0,False,,,,
1766468904.398154,0.4413479052506438,0.36333919422000727,0.4253531907261987,0,False,,,,
1766468904.400682,0.5923774103669366,0.37267533305341183,0.9530489444732666,0,False,,,,
1766468904.4034472,0.44463009045645824,0.3818670147935901,0.43830669717815746,0,False,,,,
1766468904.69496,0.44463009045645824,0.3818670147935901,0.43830669717815746,0,False,,,,
1766468904.699826,0.44463009045645824,0.3818670147935901,0.43830669717815746,0,False,,,,
1766468904.703116,0.45653653628305546,0.3914006397647043,0.36861119589597696,0,False,,,,
1766468904.705909,0.45653653628305546,0.3914006397647043,0.36861119589597696,0,False,,,,
1766468904.710519,0.6468552802213896,0.5818191318624033,0.1270448855559438,0,False,,,,
1766468904.876662,0.6468552802213896,0.5818191318624033,0.1270448855559438,0,False,,,,
1766468904.8809228,0.6468552802213896,0.5818191318624033,0.1270448855559438,0,False,,,,
1766468904.88344,0.6468552802213896,0.5818191318624033,0.1270448855559438,0,False,,,,
1766468904.885804,0.647146288805337,0.5819880564070838,0.12566409573391238,0,False,,,,
1766468904.887875,0.533692044760157,0.4686396147374996,0.2023903677105268,0,False,,,,
1766468905.078929,0.533692044760157,0.4686396147374996,0.2023903677105268,0,False,,,,
1766468905.086405,0.533692044760157,0.4686396147374996,0.2023903677105268,0,False,,,,
1766468905.08918,0.4529971505362199,0.2728161856574296,0.7932043481904878,0,False,,,,
1766468905.092014,0.4529971505362199,0.2728161856574296,0.7932043481904878,0,False,,,,
1766468905.0943701,0.5214313142240753,0.4413516974302908,0.3766871823497773,0,False,,,,
1766468905.3498151,0.5214313142240753,0.4413516974302908,0.3766871823497773,0,False,,,,
1766468905.355624,0.5214313142240753,0.4413516974302908,0.3766871823497773,0,False,,,,
1766468905.359159,0.506797657514376,0.43524011944237884,0.45688459046579477,0,False,,,,
1766468905.363029,0.506797657514376,0.43524011944237884,0.45688459046579477,0,False,,,,
1766468905.367917,0.4130623561443306,0.29061429524540505,0.7594941854476929,0,False,,,,
1766468905.722473,0.4130623561443306,0.29061429524540505,0.7594941854476929,0,False,,,,
1766468905.730048,0.5217914056242303,0.33482153034946727,0.41971639715811954,0,False,,,,
1766468905.734965,0.5217914056242303,0.33482153034946727,0.41971639715811954,0,False,,,,
1766468905.7377322,0.5217914056242303,0.33482153034946727,0.41971639715811954,0,False,,,,
1766468905.74057,0.4894631964099804,0.24869019325989883,1.0,0,False,,,,
1766468906.07323,0.4894631964099804,0.24869019325989883,1.0,0,False,,,,
1766468906.079946,0.5178323635247215,0.22339304811309801,1.0,0,False,,,,
1766468906.082881,0.5178323635247215,0.22339304811309801,1.0,0,False,,,,
1766468906.088667,0.5178323635247215,0.22339304811309801,1.0,0,False,,,,
1766468906.091684,0.5231185276463577,0.2691495462513145,0.3289026250208369,0,False,,,,
1766468906.7805161,0.4919469662521788,0.27651845619165005,0.3573786826405016,0,False,,,,
1766468906.786186,0.5120780583374361,0.2469074817843867,0.41266226210023577,0,False,,,,
1766468906.7908711,0.5120780583374361,0.2469074817843867,0.41266226210023577,0,False,,,,
1766468906.793637,0.5120780583374361,0.2469074817843867,0.41266226210023577,0,False,,,,
1766468906.796421,0.5876803484626979,0.4556808802347079,0.5355241513285293,0,False,,,,
1766468907.012792,0.5879366752666364,0.45573883522197134,0.591218374921357,0,False,,,,
1766468907.018121,0.5868762293950421,0.44941968048497183,0.5748899338682438,0,False,,,,
1766468907.0230231,0.5868762293950421,0.44941968048497183,0.5748899338682438,0,False,,,,
1766468907.025953,0.5868762293950421,0.44941968048497183,0.5748899338682438,0,False,,,,
1766468907.028577,0.45739787697317685,0.19106044895465568,0.3698387866205827,0,False,,,,
1766468907.297011,0.45739787697317685,0.19106044895465568,0.3698387866205827,0,False,,,,
1766468907.301471,0.4569497677899528,0.18994429030017623,0.29351907033323865,0,False,,,,
1766468907.306477,0.4569497677899528,0.18994429030017623,0.29351907033323865,0,False,,,,
1766468907.309906,0.4569497677899528,0.18994429030017623,0.29351907033323865,0,False,,,,
1766468907.3147142,0.4812601444074292,0.19902878119871958,0.334658042075145,0,False,,,,
1766468907.492913,0.4812601444074292,0.19902878119871958,0.334658042075145,0,False,,,,
1766468907.4977999,0.4812601444074292,0.19902878119871958,0.334658042075145,0,False,,,,
1766468907.500829,0.4725973949946323,0.19261815485392464,0.39267000715543426,0,False,,,,
1766468907.50392,0.4653833076472035,0.18973864940012897,0.3936003356924286,0,False,,,,
1766468907.506573,0.5646622184282974,0.35524277772057433,0.44657034369936116,0,False,,,,
1766468907.8213382,0.6300739967201736,0.523384179640557,0.24880527287606646,0,False,,,,
1766468907.827115,0.6300739967201736,0.523384179640557,0.24880527287606646,0,False,,,,
1766468907.833361,0.6300739967201736,0.523384179640557,0.24880527287606646,0,False,,,,
1766468907.836429,0.6220414665521331,0.5244028768796658,0.3113998262854577,0,False,,,,
1766468907.840649,0.4691602381628114,0.41134693034899894,0.8072098913009955,0,False,,,,
1766468908.025745,0.4691602381628114,0.41134693034899894,0.8072098913009955,0,False,,,,
1766468908.030814,0.4691602381628114,0.41134693034899894,0.8072098913009955,0,False,,,,
1766468908.033581,0.4691602381628114,0.41134693034899894,0.8072098913009955,0,False,,,,
1766468908.035972,0.4691602381628114,0.41134693034899894,0.8072098913009955,0,False,,,,
1766468908.038413,0.00011326014971393405,0.7039110354810663,0.9568901658058167,0,False,,,,
1766468908.346312,0.00011326014971393405,0.7039110354810663,0.9568901658058167,0,False,,,,
1766468908.35124,0.00011326014971393405,0.7039110354810663,0.9568901658058167,0,False,,,,
1766468908.3547351,0.00011326014971393405,0.7039110354810663,0.9568901658058167,0,False,,,,
1766468908.357526,0.46981102099088545,0.2089040016632654,0.48239490299569165,0,False,,,,
1766468908.360106,0.4685903896356002,0.20597132918783534,0.5039155138635268,0,False,,,,
1766468908.5543082,0.4685903896356002,0.20597132918783534,0.5039155138635268,0,False,,,,
1766468908.55903,0.464894461260973,0.20294850316592983,0.5143062644356313,0,False,,,,
1766468908.561677,0.464894461260973,0.20294850316592983,0.5143062644356313,0,False,,,,
1766468908.566014,0.464894461260973,0.20294850316592983,0.5143062644356313,0,False,,,,
1766468908.5686212,0.476822511125785,0.5299306295224661,0.8772448897361755,0,False,,,,
1766468908.734774,0.476822511125785,0.5299306295224661,0.8772448897361755,0,False,,,,
1766468908.738841,0.476822511125785,0.5299306295224661,0.8772448897361755,0,False,,,,
1766468908.741417,0.5669450567581268,0.6203751969396101,0.8887592256069183,0,False,,,,
1766468908.745047,0.5669450567581268,0.6203751969396101,0.8887592256069183,0,False,,,,
1766468908.7481,0.5557750450543983,0.6615384290442682,0.8092293739318848,0,False,,,,
1766468908.920342,0.5557750450543983,0.6615384290442682,0.8092293739318848,0,False,,,,
1766468908.924441,0.5557750450543983,0.6615384290442682,0.8092293739318848,0,False,,,,
1766468908.9275808,0.5107818241944674,0.634899477954216,0.8534513115882874,0,False,,,,
1766468908.9320261,0.5107818241944674,0.634899477954216,0.8534513115882874,0,False,,,,
1766468908.937421,0.34435635112201307,0.476640096523665,0.47828959099989765,0,False,,,,
1766468909.12071,0.34435635112201307,0.476640096523665,0.47828959099989765,0,False,,,,
1766468909.125602,0.4351265655668352,0.17851809225286008,0.3152720780280518,0,False,,,,
1766468909.1294248,0.4351265655668352,0.17851809225286008,0.3152720780280518,0,False,,,,
1766468909.1321018,0.4351265655668352,0.17851809225286008,0.3152720780280518,0,False,,,,
1766468909.137363,0.22614304315543735,0.6165035680772138,0.568640487182593,0,False,,,,
1766468909.299805,0.22614304315543735,0.6165035680772138,0.568640487182593,0,False,,,,
1766468909.303885,0.22614304315543735,0.6165035680772138,0.568640487182593,0,False,,,,
1766468909.306698,0.22614304315543735,0.6165035680772138,0.568640487182593,0,False,,,,
1766468909.3098922,0.379953434485227,0.5253186200134213,0.8152790069580078,0,False,,,,
1766468909.3126621,0.3792587191686178,0.5275444176238236,0.8028302490711212,0,False,,,,
1766468909.544967,0.3788414888966538,0.5280241890012349,0.8058511912822723,0,False,,,,
1766468909.550615,0.3783303018074934,0.5295977547903405,0.8130301535129547,0,False,,,,
1766468909.5545971,0.3783303018074934,0.5295977547903405,0.8130301535129547,0,False,,,,
1766468909.558683,0.3783303018074934,0.5295977547903405,0.8130301535129547,0,False,,,,
1766468909.561313,0.3814529293150947,0.5338459253531832,0.80499067902565,0,False,,,,
1766468909.710752,0.3814529293150947,0.5338459253531832,0.80499067902565,0,False,,,,
1766468909.715335,0.37380455808125246,0.4971816518824137,0.8435818254947662,0,False,,,,
1766468909.718646,0.37380455808125246,0.4971816518824137,0.8435818254947662,0,False,,,,
1766468909.723016,0.37380455808125246,0.4971816518824137,0.8435818254947662,0,False,,,,
1766468909.725535,0.1843440328804809,0.6464934138185269,0.3978535094120293,0,False,,,,
1766468910.728064,0.1843440328804809,0.6464934138185269,0.3978535094120293,0,False,,,,
1766468910.7330198,0.22173411474676308,0.6228462157312984,0.397627390212599,0,False,,,,
1766468910.7376902,0.22173411474676308,0.6228462157312984,0.397627390212599,0,False,,,,
1766468910.742412,0.22173411474676308,0.6228462157312984,0.397627390212599,0,False,,,,
1766468910.745048,0.18714534209665143,0.6156127521494126,0.2963774527708754,0,False,,,,
1766468910.9648268,0.18714534209665143,0.6156127521494126,0.2963774527708754,0,False,,,,
1766468910.969745,0.4655303873832608,0.21014359652661363,0.8567540049552917,0,False,,,,
1766468910.973883,0.4655303873832608,0.21014359652661363,0.8567540049552917,0,False,,,,
1766468910.978782,0.4655303873832608,0.21014359652661363,0.8567540049552917,0,False,,,,
1766468910.981374,0.26754013617833566,0.25562136704042304,0.7634737491607666,0,False,,,,
1766468911.157129,0.1808573017492779,0.628542488726188,0.31497163931380856,0,False,,,,
1766468911.1615949,0.1808573017492779,0.628542488726188,0.31497163931380856,0,False,,,,
1766468911.1658418,0.1808573017492779,0.628542488726188,0.31497163931380856,0,False,,,,
1766468911.168354,0.18330933706853086,0.6318600484712997,0.34312260185301247,0,False,,,,
1766468911.17278,0.26969275138547116,0.25996486864352664,0.7567570209503174,0,False,,,,
1766468911.3507981,0.26969275138547116,0.25996486864352664,0.7567570209503174,0,False,,,,
1766468911.35691,0.26974920091511995,0.2596738171006858,0.7585915327072144,0,False,,,,
1766468911.360194,0.26974920091511995,0.2596738171006858,0.7585915327072144,0,False,,,,
1766468911.365358,0.26974920091511995,0.2596738171006858,0.7585915327072144,0,False,,,,
1766468911.367933,0.4610008025720201,0.2071303182386246,0.8429000973701477,0,False,,,,
1766468911.576263,0.43739603058538457,0.49680093422678473,0.8683229684829712,0,False,,,,
1766468911.580705,0.43739603058538457,0.49680093422678473,0.8683229684829712,0,False,,,,
1766468911.584778,0.43739603058538457,0.49680093422678473,0.8683229684829712,0,False,,,,
1766468911.587391,0.43739603058538457,0.49680093422678473,0.8683229684829712,0,False,,,,
1766468911.590503,0.473112468977675,0.5779719519481936,0.771016001701355,0,False,,,,
1766468911.777442,0.473112468977675,0.5779719519481936,0.771016001701355,0,False,,,,
1766468911.781423,0.473112468977675,0.5779719519481936,0.771016001701355,0,False,,,,
1766468911.7862132,0.473112468977675,0.5779719519481936,0.771016001701355,0,False,,,,
1766468911.788915,0.4727137893898378,0.5777169715414127,0.7830878496170044,0,False,,,,
1766468911.792104,0.42887247908775794,0.5300777658418425,0.8176974654197693,0,False,,,,
1766468912.0139909,0.42887247908775794,0.5300777658418425,0.8176974654197693,0,False,,,,
1766468912.018336,0.42887247908775794,0.5300777658418425,0.8176974654197693,0,False,,,,
1766468912.022698,0.42887247908775794,0.5300777658418425,0.8176974654197693,0,False,,,,
1766468912.025465,0.3944435763148123,0.4869011075475269,0.8707138895988464,0,False,,,,
1766468912.028863,0.36254709934728496,0.4269992080469558,0.8797414600849152,0,False,,,,
1766468912.211776,0.36430854537006324,0.42324759696661374,0.8761515021324158,0,False,,,,
1766468912.216665,0.36430854537006324,0.42324759696661374,0.8761515021324158,0,False,,,,
1766468912.222103,0.36430854537006324,0.42324759696661374,0.8761515021324158,0,False,,,,
1766468912.226371,0.36542547786215873,0.42697470737140875,0.8678373694419861,0,False,,,,
1766468912.2294211,0.31521420764753677,0.640975965258699,0.9888199520111084,0,False,,,,
1766468912.4008372,0.31521420764753677,0.640975965258699,0.9888199520111084,0,False,,,,
1766468912.405733,0.31521420764753677,0.640975965258699,0.9888199520111084,0,False,,,,
1766468912.4091678,0.148864455576883,0.7718376238034845,0.42256709209687066,0,False,,,,
1766468912.413763,0.148864455576883,0.7718376238034845,0.42256709209687066,0,False,,,,
1766468912.41644,0.47844562103965965,0.21117296097880423,1.0,0,False,,,,
1766468912.582984,0.47903558683594627,0.21149042879422175,1.0,0,False,,,,
1766468912.5873358,0.47903558683594627,0.21149042879422175,1.0,0,False,,,,
1766468912.590044,0.47903558683594627,0.21149042879422175,1.0,0,False,,,,
1766468912.592618,0.480548799982038,0.213824285871151,1.0,0,False,,,,
1766468912.595287,0.4424089007461866,0.43685581517446603,0.8645345568656921,0,False,,,,
1766468912.856427,0.4424089007461866,0.43685581517446603,0.8645345568656921,0,False,,,,
1766468912.861632,0.4681378005372392,0.4120306732386443,0.9200230836868286,0,False,,,,
1766468912.86546,0.4681378005372392,0.4120306732386443,0.9200230836868286,0,False,,,,
1766468912.868109,0.4681378005372392,0.4120306732386443,0.9200230836868286,0,False,,,,
1766468912.873087,0.11775017249173483,0.7789602882278467,0.47136107155431944,0,False,,,,
1766468913.063596,0.11775017249173483,0.7789602882278467,0.47136107155431944,0,False,,,,
1766468913.068707,0.4773966995114268,0.2126539790765789,1.0,0,False,,,,
1766468913.071805,0.4773966995114268,0.2126539790765789,1.0,0,False,,,,
1766468913.0768902,0.4773966995114268,0.2126539790765789,1.0,0,False,,,,
1766468913.079625,0.5194910958013611,0.3203484618026917,0.8328790068626404,0,False,,,,
1766468913.255287,0.5194910958013611,0.3203484618026917,0.8328790068626404,0,False,,,,
1766468913.2597592,0.5194910958013611,0.3203484618026917,0.8328790068626404,0,False,,,,
1766468913.263859,0.5194910958013611,0.3203484618026917,0.8328790068626404,0,False,,,,
1766468913.266727,0.5173463202999913,0.31936167887805067,0.8354620039463043,0,False,,,,
1766468913.270835,0.47490562352753407,0.21236508358509842,0.857852985930546,0,False,,,,
1766468913.426292,0.47490562352753407,0.21236508358509842,0.857852985930546,0,False,,,,
1766468913.4309819,0.47490562352753407,0.21236508358509842,0.857852985930546,0,False,,,,
1766468913.434656,0.523284872919119,0.24251555943399483,0.37692178606472365,0,False,,,,
1766468913.437651,0.523284872919119,0.24251555943399483,0.37692178606472365,0,False,,,,
1766468913.441997,0.13707809459743073,0.7826645028093238,0.3899391557124145,0,False,,,,
1766468913.6007638,0.4224042527529968,0.17923029274437785,0.34053203167284024,0,False,,,,
1766468913.605752,0.13658250336773028,0.7557484608702648,0.33262155470126764,0,False,,,,
1766468913.609495,0.13658250336773028,0.7557484608702648,0.33262155470126764,0,False,,,,
1766468913.613698,0.13658250336773028,0.7557484608702648,0.33262155470126764,0,False,,,,
1766468913.6182551,0.4479699319144851,0.1953934046769752,0.2817355300872623,0,False,,,,
1766468913.7777731,0.4479699319144851,0.1953934046769752,0.2817355300872623,0,False,,,,
1766468913.7821162,0.4479699319144851,0.1953934046769752,0.2817355300872623,0,False,,,,
1766468913.7856052,0.11630427470074527,0.8498870885034226,0.25111276551384304,0,False,,,,
1766468913.7883048,0.11630427470074527,0.8498870885034226,0.25111276551384304,0,False,,,,
1766468913.790572,0.14254202665985988,0.8121389567072314,0.3030590111002759,0,False,,,,
1766468913.9773362,0.14254202665985988,0.8121389567072314,0.3030590111002759,0,False,,,,
1766468913.9819388,0.14254202665985988,0.8121389567072314,0.3030590111002759,0,False,,,,
1766468913.9846961,0.5072471896672154,0.2148480890475406,0.3100248096431224,0,False,,,,
1766468913.98752,0.1403746876348979,0.8413541905957405,0.33446724390551746,0,False,,,,
1766468913.9910588,0.5001190116624826,0.2096561683589776,0.3062432450895217,0,False,,,,
1766468914.161559,0.5001190116624826,0.2096561683589776,0.3062432450895217,0,False,,,,
1766468914.166175,0.5001190116624826,0.2096561683589776,0.3062432450895217,0,False,,,,
1766468914.1684842,0.5037955964342077,0.21233175686873607,0.34745904155707924,0,False,,,,
1766468914.1717372,0.489917191538085,0.2045769937198061,0.3021065786607249,0,False,,,,
1766468914.1739872,0.386623033083404,0.36298218153858874,0.3594089947790794,0,False,,,,
1766468914.639935,0.3899496366456767,0.3677608478453125,0.348659220533588,0,False,,,,
1766468914.645977,0.3899496366456767,0.3677608478453125,0.348659220533588,0,False,,,,
1766468914.650582,0.3899496366456767,0.3677608478453125,0.348659220533588,0,False,,,,
1766468914.653156,0.3899496366456767,0.3677608478453125,0.348659220533588,0,False,,,,
1766468914.655542,0.5624572252701722,0.21619819843956378,0.8656904399394989,0,False,,,,
1766468914.8353019,0.5624572252701722,0.21619819843956378,0.8656904399394989,0,False,,,,
1766468914.841268,0.5600212591508246,0.21747682892695663,0.9055627286434174,0,False,,,,
1766468914.844053,0.5607703456979783,0.21489508461971596,0.8685949146747589,0,False,,,,
1766468914.848585,0.5607703456979783,0.21489508461971596,0.8685949146747589,0,False,,,,
1766468914.8540952,0.568072831132165,0.16667753159280307,0.8567858934402466,0,False,,,,
1766468915.023526,0.568072831132165,0.16667753159280307,0.8567858934402466,0,False,,,,
1766468915.0287418,0.566938961165655,0.15741626807600395,0.9075306951999664,0,False,,,,
1766468915.0315142,0.566938961165655,0.15741626807600395,0.9075306951999664,0,False,,,,
1766468915.0357409,0.566938961165655,0.15741626807600395,0.9075306951999664,0,False,,,,
1766468915.038354,0.551903849188293,0.03425047006818216,0.948425680398941,0,False,,,,
1766468915.2180831,0.551903849188293,0.03425047006818216,0.948425680398941,0,False,,,,
1766468915.2227561,0.551903849188293,0.03425047006818216,0.948425680398941,0,False,,,,
1766468915.225631,0.5577876429413113,0.05292981231251637,0.909088134765625,0,False,,,,
1766468915.2292821,0.5577876429413113,0.05292981231251637,0.909088134765625,0,False,,,,
1766468915.2322078,0.5368925694438392,0.046761067348302654,0.8656932711601257,0,False,,,,
1766468915.690644,0.5368925694438392,0.046761067348302654,0.8656932711601257,0,False,,,,
1766468915.695713,0.5358994609735278,0.046550388286769606,0.893113762140274,0,False,,,,
1766468915.699316,0.5358994609735278,0.046550388286769606,0.893113762140274,0,False,,,,
1766468915.7048872,0.5358994609735278,0.046550388286769606,0.893113762140274,0,False,,,,
1766468915.7075799,0.5211231683162785,0.03958226449087021,0.6887961804866791,0,False,,,,
1766468915.88382,0.5211231683162785,0.03958226449087021,0.6887961804866791,0,False,,,,
1766468915.889152,0.5211231683162785,0.03958226449087021,0.6887961804866791,0,False,,,,
1766468915.892376,0.5211231683162785,0.03958226449087021,0.6887961804866791,0,False,,,,
1766468915.894762,0.5211231683162785,0.03958226449087021,0.6887961804866791,0,False,,,,
1766468915.896988,0.5461820835010156,0.26351183528636946,0.38415027325986534,0,False,,,,
1766468916.20809,0.5461820835010156,0.26351183528636946,0.38415027325986534,0,False,,,,
1766468916.213216,0.23855530291654667,0.6040581646365183,0.7609470244443854,0,False,,,,
1766468916.217393,0.23855530291654667,0.6040581646365183,0.7609470244443854,0,False,,,,
1766468916.2220988,0.23855530291654667,0.6040581646365183,0.7609470244443854,0,False,,,,
1766468916.224912,0.5238448846732993,0.2450065044126173,0.3181144801455594,0,False,,,,
1766468916.414537,0.6184371509118671,0.2889432564148966,0.4473740731132207,0,False,,,,
1766468916.419883,0.6184371509118671,0.2889432564148966,0.4473740731132207,0,False,,,,
1766468916.425039,0.6184371509118671,0.2889432564148966,0.4473740731132207,0,False,,,,
1766468916.4276092,0.6184371509118671,0.2889432564148966,0.4473740731132207,0,False,,,,
1766468916.4298382,0.40369988702377374,0.1828280393099655,0.28013091346757857,0,False,,,,
1766468916.736112,0.39255784305688096,0.18354561269002068,0.24699119383715634,0,False,,,,
1766468916.7433012,0.39255784305688096,0.18354561269002068,0.24699119383715634,0,False,,,,
1766468916.7478342,0.39255784305688096,0.18354561269002068,0.24699119383715634,0,False,,,,
1766468916.750517,0.5123839539063649,0.24525529735724505,0.33219685640590946,0,False,,,,
1766468916.754675,0.4382117865288162,0.1908840270899278,0.35335010236146747,0,False,,,,
1766468916.973375,0.4227402105639106,0.18434663774024118,0.30123590076773815,0,False,,,,
1766468916.978175,0.4227402105639106,0.18434663774024118,0.30123590076773815,0,False,,,,
1766468916.983059,0.4227402105639106,0.18434663774024118,0.30123590076773815,0,False,,,,
1766468916.986492,0.42271226357935,0.18441883202678078,0.34316647160168523,0,False,,,,
1766468916.9890811,0.5705105565744111,0.42883999172038967,1.0,0,False,,,,
1766468917.260653,0.5705105565744111,0.42883999172038967,1.0,0,False,,,,
1766468917.265759,0.5705105565744111,0.42883999172038967,1.0,0,False,,,,
1766468917.269024,0.5728067238287959,0.43942646603070945,1.0,0,False,,,,
1766468917.2719731,0.5728067238287959,0.43942646603070945,1.0,0,False,,,,
1766468917.274632,0.613003263009324,0.5564263898513537,1.0,0,False,,,,
1766468917.4367082,0.6135938872183232,0.5579532590885842,1.0,0,False,,,,
1766468917.44129,0.6660646659923515,0.7390061973363049,0.8628621466821953,0,False,,,,
1766468917.4442701,0.6660646659923515,0.7390061973363049,0.8628621466821953,0,False,,,,
1766468917.449673,0.6660646659923515,0.7390061973363049,0.8628621466821953,0,False,,,,
1766468917.4523451,0.41110579362223343,0.18126036272706003,0.33989646493578196,0,False,,,,
1766468917.7827919,0.41110579362223343,0.18126036272706003,0.33989646493578196,0,False,,,,
1766468917.7881348,0.5992147057936914,0.36400026555881304,1.0,0,False,,,,
1766468917.7911308,0.4102746018854104,0.18011725865163575,0.3673164080809226,0,False,,,,
1766468917.793797,0.4102746018854104,0.18011725865163575,0.3673164080809226,0,False,,,,
1766468917.797859,0.4274400971081868,0.1836767558952398,0.3482550212753402,0,False,,,,
1766468917.986561,0.4274400971081868,0.1836767558952398,0.3482550212753402,0,False,,,,
1766468917.9917529,0.4320952725719044,0.18802711966788543,0.3246572400094572,0,False,,,,
1766468917.994538,0.4320952725719044,0.18802711966788543,0.3246572400094572,0,False,,,,
1766468917.998951,0.4320952725719044,0.18802711966788543,0.3246572400094572,0,False,,,,
1766468918.001537,0.5633391266337029,0.357533680174565,0.9888790845870972,0,False,,,,
1766468918.173942,0.5622499705126519,0.3572092861106235,0.9663359522819519,0,False,,,,
1766468918.17904,0.5622499705126519,0.3572092861106235,0.9663359522819519,0,False,,,,
1766468918.183323,0.5622499705126519,0.3572092861106235,0.9663359522819519,0,False,,,,
1766468918.186024,0.5622499705126519,0.3572092861106235,0.9663359522819519,0,False,,,,
1766468918.1892,0.520079997547237,0.22459335240886802,0.2443039537363851,0,False,,,,
1766468919.138746,0.520079997547237,0.22459335240886802,0.2443039537363851,0,False,,,,
1766468919.1448278,0.5167015696045784,0.2216560718107704,0.2683103825542744,0,False,,,,
1766468919.148018,0.5167015696045784,0.2216560718107704,0.2683103825542744,0,False,,,,
1766468919.1504278,0.5167015696045784,0.2216560718107704,0.2683103825542744,0,False,,,,
1766468919.154559,0.5118537031723652,0.23536638025252632,0.11164798393318004,0,False,,,,
1766468919.3690062,0.5588833241561362,0.26637274812962297,0.15007115260550427,0,False,,,,
1766468919.3741398,0.5588833241561362,0.26637274812962297,0.15007115260550427,0,False,,,,
1766468919.379344,0.5588833241561362,0.26637274812962297,0.15007115260550427,0,False,,,,
1766468919.382784,0.5101511486330872,0.23879376280494835,0.12924763493532687,0,False,,,,
1766468919.385243,0.5104263460343563,0.2557949160669012,0.12520997313039756,0,False,,,,
1766468919.550179,0.5453965137717114,0.24931856464343827,0.22711079675241358,0,False,,,,
1766468919.5549078,0.5453965137717114,0.24931856464343827,0.22711079675241358,0,False,,,,
1766468919.5593731,0.5453965137717114,0.24931856464343827,0.22711079675241358,0,False,,,,
1766468919.5619168,0.5453965137717114,0.24931856464343827,0.22711079675241358,0,False,,,,
1766468919.564252,0.5287491133312046,0.23259895488759164,0.5953037231382613,0,False,,,,
1766468919.733686,0.5238508641250622,0.23693428174386577,0.23077711254941802,0,False,,,,
1766468919.738745,0.5238508641250622,0.23693428174386577,0.23077711254941802,0,False,,,,
1766468919.7430642,0.5238508641250622,0.23693428174386577,0.23077711254941802,0,False,,,,
1766468919.7455401,0.5238508641250622,0.23693428174386577,0.23077711254941802,0,False,,,,
1766468919.748085,0.24642523231259314,0.35588560769803923,0.9173359274864197,0,False,,,,
1766468919.899107,0.24642523231259314,0.35588560769803923,0.9173359274864197,0,False,,,,
1766468919.904084,0.18314476161341792,0.20755396691023953,0.9944236576557159,0,False,,,,
1766468919.907108,0.18314476161341792,0.20755396691023953,0.9944236576557159,0,False,,,,
1766468919.91307,0.18314476161341792,0.20755396691023953,0.9944236576557159,0,False,,,,
1766468919.916061,0.42960671684461627,0.6847697075079432,0.9453776478767395,0,False,,,,
1766468920.0795908,0.42960671684461627,0.6847697075079432,0.9453776478767395,0,False,,,,
1766468920.0843341,0.4731812456404155,0.7330942298347398,0.9363900721073151,0,False,,,,
1766468920.087292,0.2532822080407956,0.6422865019335531,0.2125500238408224,0,False,,,,
1766468920.089867,0.2532822080407956,0.6422865019335531,0.2125500238408224,0,False,,,,
1766468920.0938828,-1.3819072752926285,-1.5899645419100743,0.9723289906978607,0,False,,,,
1766468920.279835,-1.3819072752926285,-1.5899645419100743,0.9723289906978607,0,False,,,,
1766468920.284349,-1.085075353600153,-1.2442163570022666,0.9723289906978607,0,False,,,,
1766468920.288799,-0.6887243340165301,-0.7985451449639631,0.9410838782787323,0,False,,,,
1766468920.291768,-0.6887243340165301,-0.7985451449639631,0.9410838782787323,0,False,,,,
1766468920.297317,0.007206597295792339,-0.023690686409944872,0.879521906375885,0,False,,,,
1766468920.594611,0.007206597295792339,-0.023690686409944872,0.879521906375885,0,False,,,,
1766468920.599018,0.007206597295792339,-0.023690686409944872,0.879521906375885,0,False,,,,
1766468920.601581,0.007206597295792339,-0.023690686409944872,0.879521906375885,0,False,,,,
1766468920.6045198,0.006660785761764654,-0.02233326267308633,0.9352784752845764,0,False,,,,
1766468920.607337,0.07713658366760771,-0.0016289573719929784,0.9899860322475433,0,False,,,,
1766468920.805974,0.07067095953763394,-0.0030983150149446193,0.9522898495197296,0,False,,,,
1766468920.810024,0.07067095953763394,-0.0030983150149446193,0.9522898495197296,0,False,,,,
1766468920.8145611,0.07067095953763394,-0.0030983150149446193,0.9522898495197296,0,False,,,,
1766468920.817312,0.07067095953763394,-0.0030983150149446193,0.9522898495197296,0,False,,,,
1766468920.8202538,0.03530474892401676,-0.010452083975928339,1.0,0,False,,,,
1766468920.995847,0.03530474892401676,-0.010452083975928339,1.0,0,False,,,,
1766468921.001038,0.03530474892401676,-0.010452083975928339,1.0,0,False,,,,
1766468921.0039601,0.035244817657076856,-0.010534483025824493,1.0,0,False,,,,
1766468921.006763,0.035643150541426395,-0.012357779990294748,1.0,0,False,,,,
1766468921.0092878,0.292594432669726,0.4391865941433857,0.0,0,False,,,,
1766468921.198158,0.292594432669726,0.4391865941433857,0.0,0,False,,,,
1766468921.202715,0.292594432669726,0.4391865941433857,0.0,0,False,,,,
1766468921.20562,0.48833353805783936,0.214870197488516,1.0,0,False,,,,
1766468921.210355,0.48833353805783936,0.214870197488516,1.0,0,False,,,,
1766468921.215778,0.4879495929712706,0.21367938946739362,0.8625246286392212,0,False,,,,
1766468921.4508271,0.4879495929712706,0.21367938946739362,0.8625246286392212,0,False,,,,
1766468921.455478,0.4879495929712706,0.21367938946739362,0.8625246286392212,0,False,,,,
1766468921.458624,0.4868270271100519,0.21145910999391204,0.804407000541687,0,False,,,,
1766468921.461729,0.4868270271100519,0.21145910999391204,0.804407000541687,0,False,,,,
1766468921.466073,0.486375255423631,0.21206230276187887,0.7867785692214966,0,False,,,,
1766468921.729548,0.486375255423631,0.21206230276187887,0.7867785692214966,0,False,,,,
1766468921.7342331,0.486375255423631,0.21206230276187887,0.7867785692214966,0,False,,,,
1766468921.738797,0.486375255423631,0.21206230276187887,0.7867785692214966,0,False,,,,
1766468921.742078,0.5212356751570839,0.6909867970454767,0.3892748329290719,0,False,,,,
1766468921.744509,0.48634972105564434,0.2126157438086842,0.8075611591339111,0,False,,,,
1766468921.9796631,0.48643759146094406,0.2129751936626051,0.7951014637947083,0,False,,,,
1766468921.984679,0.48643759146094406,0.2129751936626051,0.7951014637947083,0,False,,,,
1766468921.9893088,0.48643759146094406,0.2129751936626051,0.7951014637947083,0,False,,,,
1766468921.992466,0.5907325485150816,0.7439248148955706,0.4612288785457461,0,False,,,,
1766468921.995101,0.597593035623193,0.7617283332037721,0.5128618698958968,0,False,,,,
1766468922.170957,0.597593035623193,0.7617283332037721,0.5128618698958968,0,False,,,,
1766468922.1753669,0.597593035623193,0.7617283332037721,0.5128618698958968,0,False,,,,
1766468922.178229,0.5509314726735052,0.8006195388134987,0.42008093795343054,0,False,,,,
1766468922.18193,0.5509314726735052,0.8006195388134987,0.42008093795343054,0,False,,,,
1766468922.18645,0.4936339222659177,0.21724727027128254,0.9888629913330078,0,False,,,,
1766468922.380105,0.4938723150475507,0.21719894532170259,0.9782810211181641,0,False,,,,
1766468922.384759,1.7482135935000884,1.8899762632498487,0.8560120463371277,0,False,,,,
1766468922.3893702,1.7482135935000884,1.8899762632498487,0.8560120463371277,0,False,,,,
1766468922.393985,1.7482135935000884,1.8899762632498487,0.8560120463371277,0,False,,,,
1766468922.397962,0.5558095291058411,0.8045538338135819,0.39776824459465915,0,False,,,,
1766468922.69028,0.5558095291058411,0.8045538338135819,0.39776824459465915,0,False,,,,
1766468922.694838,0.5558095291058411,0.8045538338135819,0.39776824459465915,0,False,,,,
1766468922.697962,0.6014779485503955,0.7953104129263898,0.5296975743170877,0,False,,,,
1766468922.7007308,0.6014779485503955,0.7953104129263898,0.5296975743170877,0,False,,,,
1766468922.704611,0.4965286064695145,0.219997560426614,1.0,0,False,,,,
1766468922.894437,0.4965286064695145,0.219997560426614,1.0,0,False,,,,
1766468922.899298,0.496671038886337,0.22024122974072047,1.0,0,False,,,,
1766468922.902467,0.496671038886337,0.22024122974072047,1.0,0,False,,,,
1766468922.906374,0.496671038886337,0.22024122974072047,1.0,0,False,,,,
1766468922.910688,0.5800225476336637,0.8178475753636685,0.1844257655385108,0,False,,,,
1766468923.079539,0.5800225476336637,0.8178475753636685,0.1844257655385108,0,False,,,,
1766468923.0836601,0.5800225476336637,0.8178475753636685,0.1844257655385108,0,False,,,,
1766468923.086592,0.598689493427799,0.8481531311149108,0.19160768560741545,0,False,,,,
1766468923.091105,0.598689493427799,0.8481531311149108,0.19160768560741545,0,False,,,,
1766468923.096299,0.6246768246679146,0.881172528405328,0.21514808016073458,0,False,,,,
1766468923.251689,0.5942613026460879,0.8556162993437675,0.17609811489201357,0,False,,,,
1766468923.256487,0.5942613026460879,0.8556162993437675,0.17609811489201357,0,False,,,,
1766468923.261167,0.5942613026460879,0.8556162993437675,0.17609811489201357,0,False,,,,
1766468923.2637188,0.5942613026460879,0.8556162993437675,0.17609811489201357,0,False,,,,
1766468923.265911,0.6265119742182389,0.8927918736980659,0.1496226228312476,0,False,,,,
1766468923.4286752,0.6265119742182389,0.8927918736980659,0.1496226228312476,0,False,,,,
1766468923.432825,0.4936325338167289,0.21734765808459444,1.0,0,False,,,,
1766468923.435404,0.6276079217107845,0.8977756695005557,0.27828302191047427,0,False,,,,
1766468923.438124,0.6276079217107845,0.8977756695005557,0.27828302191047427,0,False,,,,
1766468923.442282,0.6186775777373981,0.9106872896178031,0.2078605067748561,0,False,,,,
1766468923.608931,0.6186775777373981,0.9106872896178031,0.2078605067748561,0,False,,,,
1766468923.613545,0.6186775777373981,0.9106872896178031,0.2078605067748561,0,False,,,,
1766468923.616255,0.6186775777373981,0.9106872896178031,0.2078605067748561,0,False,,,,
1766468923.618909,0.6186775777373981,0.9106872896178031,0.2078605067748561,0,False,,,,
1766468923.621373,0.49044490893923937,0.21289636589392447,1.0,0,False,,,,
1766468923.779402,0.49044490893923937,0.21289636589392447,1.0,0,False,,,,
1766468923.783396,0.49044490893923937,0.21289636589392447,1.0,0,False,,,,
1766468923.786072,0.4908033663362925,0.21319868366923456,1.0,0,False,,,,
1766468923.790825,0.4908033663362925,0.21319868366923456,1.0,0,False,,,,
1766468923.7952058,0.63931548131089,0.961725251357254,0.17370581115983985,0,False,,,,
1766468923.973068,0.6307105677821097,0.9476257745076768,0.10922259859628576,0,False,,,,
1766468923.9785879,0.6307105677821097,0.9476257745076768,0.10922259859628576,0,False,,,,
1766468923.983679,0.6307105677821097,0.9476257745076768,0.10922259859628576,0,False,,,,
1766468923.986485,0.6307105677821097,0.9476257745076768,0.10922259859628576,0,False,,,,
1766468923.989146,0.6403393861307567,0.9917250358559042,0.14285532790886044,0,False,,,,
1766468924.2617118,0.6403393861307567,0.9917250358559042,0.14285532790886044,0,False,,,,
1766468924.265686,0.6403393861307567,0.9917250358559042,0.14285532790886044,0,False,,,,
1766468924.268215,0.6403393861307567,0.9917250358559042,0.14285532790886044,0,False,,,,
1766468924.270422,0.6403393861307567,0.9917250358559042,0.14285532790886044,0,False,,,,
1766468924.273462,0.3611805494622275,0.5121058798674719,0.48703751449930033,0,False,,,,
1766468924.437113,0.3611805494622275,0.5121058798674719,0.48703751449930033,0,False,,,,
1766468924.441983,0.36603631788568486,0.4943866935418735,0.5292917726389287,0,False,,,,
1766468924.4453561,0.36603631788568486,0.4943866935418735,0.5292917726389287,0,False,,,,
1766468924.449344,0.36603631788568486,0.4943866935418735,0.5292917726389287,0,False,,,,
1766468924.452343,0.5747435354977443,0.6761404690183509,0.8,0,False,,,,
1766468924.6248262,0.4384484727582835,0.4995962564687877,0.5614371830423942,0,False,,,,
1766468924.6307552,0.4384484727582835,0.4995962564687877,0.5614371830423942,0,False,,,,
1766468924.636779,0.4384484727582835,0.4995962564687877,0.5614371830423942,0,False,,,,
1766468924.639534,0.4384484727582835,0.4995962564687877,0.5614371830423942,0,False,,,,
1766468924.642066,0.576186963373551,0.6901520668779066,0.7939050674438477,0,False,,,,
1766468924.789048,0.576186963373551,0.6901520668779066,0.7939050674438477,0,False,,,,
1766468924.793393,0.5790528941616782,0.6849372231745193,0.8,0,False,,,,
1766468924.7978299,0.5790528941616782,0.6849372231745193,0.8,0,False,,,,
1766468924.8023071,0.5790528941616782,0.6849372231745193,0.8,0,False,,,,
1766468924.805425,0.1618301865711314,0.09896957482142898,0.9154501855373383,0,False,,,,
1766468925.003416,0.1618301865711314,0.09896957482142898,0.9154501855373383,0,False,,,,
1766468925.00802,0.16162900131180566,0.10102200844103437,0.8543944358825684,0,False,,,,
1766468925.011349,0.34031424495829304,0.3549410284385244,0.4374346769885949,0,False,,,,
1766468925.013972,0.34031424495829304,0.3549410284385244,0.4374346769885949,0,False,,,,
1766468925.0184598,0.4873371521698486,0.21559764071667187,1.0,0,False,,,,
1766468925.166255,0.4873371521698486,0.21559764071667187,1.0,0,False,,,,
1766468925.172558,0.4873371521698486,0.21559764071667187,1.0,0,False,,,,
1766468925.1755142,0.4873371521698486,0.21559764071667187,1.0,0,False,,,,
1766468925.178286,0.1746785373201083,0.21821013571422487,0.8598462966599363,0,False,,,,
1766468925.1825569,0.32806827826811474,0.37062449167032807,0.5114364892376485,0,False,,,,
1766468925.4063418,0.32806827826811474,0.37062449167032807,0.5114364892376485,0,False,,,,
1766468925.411446,0.32806827826811474,0.37062449167032807,0.5114364892376485,0,False,,,,
1766468925.41479,0.33230816325528423,0.3599992551350272,0.5378230197142658,0,False,,,,
1766468925.417433,0.33230816325528423,0.3599992551350272,0.5378230197142658,0,False,,,,
1766468925.421943,0.17028652131775518,0.17035037369585881,0.9073650240898132,0,False,,,,
1766468925.6440551,0.17016217387465446,0.1707505448496247,0.9073650240898132,0,False,,,,
1766468925.648809,0.1622376063585834,0.160493126381813,0.9118458032608032,0,False,,,,
1766468925.6522439,0.1622376063585834,0.160493126381813,0.9118458032608032,0,False,,,,
1766468925.657342,0.1622376063585834,0.160493126381813,0.9118458032608032,0,False,,,,
1766468925.660585,0.4698149527618608,0.205117701014215,1.0,0,False,,,,
1766468925.882293,0.4877204740364851,0.21036159091922313,0.5590143550308916,0,False,,,,
1766468925.8880079,0.4877204740364851,0.21036159091922313,0.5590143550308916,0,False,,,,
1766468925.893165,0.4877204740364851,0.21036159091922313,0.5590143550308916,0,False,,,,
1766468925.896344,0.5012464115964658,0.22336376416840298,0.4368102576907395,0,False,,,,
1766468925.899116,0.21448029877301716,0.7117792815748417,0.39076250290836717,0,False,,,,
1766468926.0910232,0.21448029877301716,0.7117792815748417,0.39076250290836717,0,False,,,,
1766468926.095781,0.21448029877301716,0.7117792815748417,0.39076250290836717,0,False,,,,
1766468926.098351,0.21448029877301716,0.7117792815748417,0.39076250290836717,0,False,,,,
1766468926.100657,0.4931475491196311,0.20515534149072312,0.3436583841740576,0,False,,,,
1766468926.103352,0.19667922463283216,0.717575676089212,0.41531015184408404,0,False,,,,
1766468926.316635,0.1470971684283541,0.7450870740429859,0.35904412423318727,0,False,,,,
1766468926.322411,0.1470971684283541,0.7450870740429859,0.35904412423318727,0,False,,,,
1766468926.3281128,0.1470971684283541,0.7450870740429859,0.35904412423318727,0,False,,,,
1766468926.332236,0.48996195670110465,0.20526914900057225,0.3533617494297064,0,False,,,,
1766468926.3346481,0.33721254044514815,1.2451590836080118,0.03576229269844519,0,False,,,,
1766468926.509064,0.33721254044514815,1.2451590836080118,0.03576229269844519,0,False,,,,
1766468926.51392,0.33721254044514815,1.2451590836080118,0.03576229269844519,0,False,,,,
1766468926.517531,0.3504342130617393,1.2511998687247379,0.04932624644927588,0,False,,,,
1766468926.520564,0.3504342130617393,1.2511998687247379,0.04932624644927588,0,False,,,,
1766468926.52491,0.07346789804303064,0.24404574201575335,0.9248163674240513,0,False,,,,
1766468926.735178,0.07346789804303064,0.24404574201575335,0.9248163674240513,0,False,,,,
1766468926.7414432,0.32148078028121724,0.454490585192748,0.995,0,False,,,,
1766468926.747184,0.32148078028121724,0.454490585192748,0.995,0,False,,,,
1766468926.7500448,0.32148078028121724,0.454490585192748,0.995,0,False,,,,
1766468926.752534,0.37618514274094567,0.49413652183880274,0.9695742825729836,0,False,,,,
1766468926.913812,0.37618514274094567,0.49413652183880274,0.9695742825729836,0,False,,,,
1766468926.9186182,0.37618514274094567,0.49413652183880274,0.9695742825729836,0,False,,,,
1766468926.921857,0.3197201474322173,0.35665757474008886,0.8,0,False,,,,
1766468926.92435,0.3197201474322173,0.35665757474008886,0.8,0,False,,,,
1766468926.927166,0.1584169992851447,0.43682783650205514,0.5843548353699185,0,False,,,,
1766468927.095979,0.1584169992851447,0.43682783650205514,0.5843548353699185,0,False,,,,
1766468927.101208,0.1584169992851447,0.43682783650205514,0.5843548353699185,0,False,,,,
1766468927.104026,0.47245648543725133,0.20615012525883258,1.0,0,False,,,,
1766468927.107192,0.15904648410617578,0.4588593729353445,0.5233733392514295,0,False,,,,
1766468927.109523,0.13590895294352748,0.4384542301898564,0.5902103539937485,0,False,,,,
1766468927.2637382,0.13590895294352748,0.4384542301898564,0.5902103539937485,0,False,,,,
1766468927.269024,0.13590895294352748,0.4384542301898564,0.5902103539937485,0,False,,,,
1766468927.273677,0.47597335984551786,0.20880655078251453,1.0,0,False,,,,
1766468927.276714,0.47597335984551786,0.20880655078251453,1.0,0,False,,,,
1766468927.280871,0.4778496991383109,0.2074638847920185,1.0,0,False,,,,
1766468927.4870558,0.4778496991383109,0.2074638847920185,1.0,0,False,,,,
1766468927.4918551,0.4785504632218235,0.21022412798181,1.0,0,False,,,,
1766468927.4946492,0.4785504632218235,0.21022412798181,1.0,0,False,,,,
1766468927.49865,0.4785504632218235,0.21022412798181,1.0,0,False,,,,
1766468927.5011032,0.4745244843923868,0.21319203280038868,1.0,0,False,,,,
1766468931.721288,0.4745244843923868,0.21319203280038868,1.0,0,False,,,,
1766468931.726563,0.4745244843923868,0.21319203280038868,1.0,0,False,,,,
1766468931.730242,0.47466166425584816,0.21367168772860712,1.0,0,False,,,,
1766468931.733172,0.47466166425584816,0.21367168772860712,1.0,0,False,,,,
1766468931.737576,0.49634889560624196,0.604906092372272,0.8610221298910797,0,False,,,,
1766468931.9248462,0.49634889560624196,0.604906092372272,0.8610221298910797,0,False,,,,
1766468931.929832,0.4721392265086625,0.21167534202094362,1.0,0,False,,,,
1766468931.933105,0.4721392265086625,0.21167534202094362,1.0,0,False,,,,
1766468931.937116,0.4721392265086625,0.21167534202094362,1.0,0,False,,,,
1766468931.939987,0.2443842164510412,0.6763540665484797,0.5062572366198148,0,False,,,,
1766468932.112701,0.47109534187198837,0.20892049254599465,1.0,0,False,,,,
1766468932.117355,0.47109534187198837,0.20892049254599465,1.0,0,False,,,,
1766468932.122483,0.47109534187198837,0.20892049254599465,1.0,0,False,,,,
1766468932.125661,0.47109534187198837,0.20892049254599465,1.0,0,False,,,,
1766468932.1282701,0.4647112369914682,0.19971257561423528,1.0,0,False,,,,
1766468932.6423428,0.4647112369914682,0.19971257561423528,1.0,0,False,,,,
1766468932.6467352,0.4647112369914682,0.19971257561423528,1.0,0,False,,,,
1766468932.6494458,0.18215729734790184,0.46230726091611807,0.5470521516260864,0,False,,,,
1766468932.652321,0.18215729734790184,0.46230726091611807,0.5470521516260864,0,False,,,,
1766468932.654662,0.1348362563685379,0.503843078559359,0.5968841918983452,0,False,,,,
1766468932.825727,0.1348362563685379,0.503843078559359,0.5968841918983452,0,False,,,,
1766468932.83039,0.1348362563685379,0.503843078559359,0.5968841918983452,0,False,,,,
1766468932.833451,0.36633050592104677,0.4455635344636134,0.8,0,False,,,,
1766468932.83703,0.36633050592104677,0.4455635344636134,0.8,0,False,,,,
1766468932.839802,0.3803380684190018,0.4924277971637726,0.8556946814060211,0,False,,,,
1766468933.0444102,0.3803380684190018,0.4924277971637726,0.8556946814060211,0,False,,,,
1766468933.049611,0.3803380684190018,0.4924277971637726,0.8556946814060211,0,False,,,,
1766468933.0524101,0.2082003659946146,0.37840711584090514,0.32886090545730196,0,False,,,,
1766468933.0568671,0.2082350856652017,0.3927573533716455,0.31731656718866763,0,False,,,,
1766468933.0615108,0.30293917792003705,0.39227740564638447,0.8819129467010498,0,False,,,,
1766468933.28972,0.3036767081519513,0.38629850860337644,0.8593457043170929,0,False,,,,
1766468933.295968,0.3036767081519513,0.38629850860337644,0.8593457043170929,0,False,,,,
1766468933.301462,0.3036767081519513,0.38629850860337644,0.8593457043170929,0,False,,,,
1766468933.304408,0.1250003189548894,0.5272754583846094,0.5550147241129156,0,False,,,,
1766468933.307041,0.3358204830608641,0.41164821890779246,0.8,0,False,,,,
1766468933.4905732,0.3355209285714663,0.4116224950739775,0.8,0,False,,,,
1766468933.494947,0.3355209285714663,0.4116224950739775,0.8,0,False,,,,
1766468933.499083,0.3355209285714663,0.4116224950739775,0.8,0,False,,,,
1766468933.501556,0.3355209285714663,0.4116224950739775,0.8,0,False,,,,
1766468933.503834,0.12159847720935227,0.49330740322822986,0.5204969704402409,0,False,,,,
1766468933.665735,0.12159847720935227,0.49330740322822986,0.5204969704402409,0,False,,,,
1766468933.670295,0.12159847720935227,0.49330740322822986,0.5204969704402409,0,False,,,,
1766468933.6733341,0.1311815466538034,0.5132614771673052,0.4855969759005786,0,False,,,,
1766468933.6761642,0.1311815466538034,0.5132614771673052,0.4855969759005786,0,False,,,,
1766468933.680224,0.47100782850555534,0.20250141175984904,1.0,0,False,,,,
1766468933.876498,0.4707113916462,0.20249943967488537,1.0,0,False,,,,
1766468933.880495,0.4707113916462,0.20249943967488537,1.0,0,False,,,,
1766468933.88505,0.4707113916462,0.20249943967488537,1.0,0,False,,,,
1766468933.887591,0.4707113916462,0.20249943967488537,1.0,0,False,,,,
1766468933.890473,-0.013165955210103508,0.7431436769426919,0.32398819048121347,0,False,,,,
1766468934.099128,-0.013165955210103508,0.7431436769426919,0.32398819048121347,0,False,,,,
1766468934.104584,-0.013165955210103508,0.7431436769426919,0.32398819048121347,0,False,,,,
1766468934.1087391,0.1253148210366058,0.06303068406711898,0.995,0,False,,,,
1766468934.111706,0.1253148210366058,0.06303068406711898,0.995,0,False,,,,
1766468934.113817,0.12286153207414871,0.05969204037237641,0.9034208357334137,0,False,,,,
1766468934.300849,0.12286153207414871,0.05969204037237641,0.9034208357334137,0,False,,,,
1766468934.305068,0.12286153207414871,0.05969204037237641,0.9034208357334137,0,False,,,,
1766468934.307439,0.12286153207414871,0.05969204037237641,0.9034208357334137,0,False,,,,
1766468934.3108149,0.12220737048492816,0.0571220426293676,0.8556584417819977,0,False,,,,
1766468934.313845,-0.012842879669963381,0.7130214548631972,0.45528771250564765,0,False,,,,
1766468934.474721,-0.012842879669963381,0.7130214548631972,0.45528771250564765,0,False,,,,
1766468934.4795241,0.4680116609803203,0.20232353180402485,1.0,0,False,,,,
1766468934.4828732,0.4680116609803203,0.20232353180402485,1.0,0,False,,,,
1766468934.48834,0.4680116609803203,0.20232353180402485,1.0,0,False,,,,
1766468934.492744,0.08574043095651582,0.8142309606671644,0.3593592634096858,0,False,,,,
1766468934.679942,0.08574043095651582,0.8142309606671644,0.3593592634096858,0,False,,,,
1766468934.684458,0.08574043095651582,0.8142309606671644,0.3593592634096858,0,False,,,,
1766468934.687404,0.08574043095651582,0.8142309606671644,0.3593592634096858,0,False,,,,
1766468934.69002,0.08574043095651582,0.8142309606671644,0.3593592634096858,0,False,,,,
1766468934.692631,0.46762450034097897,0.1997605676915326,0.3350879398574131,0,False,,,,
1766468934.848041,0.4676039751273108,0.199759726100332,0.3470179263924542,0,False,,,,
1766468934.853119,0.4676039751273108,0.199759726100332,0.3470179263924542,0,False,,,,
1766468934.857733,0.4676039751273108,0.199759726100332,0.3470179263924542,0,False,,,,
1766468934.860495,0.4675473875992299,0.19976035112341972,0.33339406326680426,0,False,,,,
1766468934.8633442,0.36670606120479404,0.3902831399501019,0.9947448372840881,0,False,,,,
1766468935.056073,0.36670606120479404,0.3902831399501019,0.9947448372840881,0,False,,,,
1766468935.060437,0.36670606120479404,0.3902831399501019,0.9947448372840881,0,False,,,,
1766468935.063453,0.36670606120479404,0.3902831399501019,0.9947448372840881,0,False,,,,
1766468935.0667362,0.5263159366575758,0.5549903170258406,1.0,0,False,,,,
1766468935.069078,0.6736022788061702,0.7194764626940595,0.8,0,False,,,,
1766468935.215821,0.6773560081720824,0.6993008413047113,0.8,0,False,,,,
1766468935.220274,0.6773560081720824,0.6993008413047113,0.8,0,False,,,,
1766468935.224468,0.6773560081720824,0.6993008413047113,0.8,0,False,,,,
1766468935.22716,0.6773560081720824,0.6993008413047113,0.8,0,False,,,,
1766468935.229661,0.7076952031569127,0.7120540674469484,0.8,0,False,,,,
1766468935.3862221,0.7076952031569127,0.7120540674469484,0.8,0,False,,,,
1766468935.390531,0.7076952031569127,0.7120540674469484,0.8,0,False,,,,
1766468935.393489,0.7076952031569127,0.7120540674469484,0.8,0,False,,,,
1766468935.398345,0.7222966996653737,0.7002148248566846,0.8,0,False,,,,
1766468935.401103,0.6742134465637785,0.7101343427714879,0.8,0,False,,,,
1766468935.579009,0.6742134465637785,0.7101343427714879,0.8,0,False,,,,
1766468935.584276,0.4671306140883139,0.19954626021336108,1.0,0,False,,,,
1766468935.589655,0.4671306140883139,0.19954626021336108,1.0,0,False,,,,
1766468935.592253,0.4671306140883139,0.19954626021336108,1.0,0,False,,,,
1766468935.594947,0.5720376921532688,0.7805264070802306,0.995,0,False,,,,
1766468935.7404969,0.5720376921532688,0.7805264070802306,0.995,0,False,,,,
1766468935.744756,0.5720376921532688,0.7805264070802306,0.995,0,False,,,,
1766468935.7475379,0.5720376921532688,0.7805264070802306,0.995,0,False,,,,
1766468935.750497,0.42645694855689786,0.5497851769655895,0.5060742752057816,0,False,,,,
1766468935.754282,0.6068841319645596,0.8356629167677242,0.8,0,False,,,,
1766468935.954011,0.6155537816085566,0.84320168879339,0.8,0,False,,,,
1766468935.959073,0.6155537816085566,0.84320168879339,0.8,0,False,,,,
1766468935.964013,0.6155537816085566,0.84320168879339,0.8,0,False,,,,
1766468935.9666,0.6155537816085566,0.84320168879339,0.8,0,False,,,,
1766468935.970252,0.46727492750768906,0.19819999384359432,1.0,0,False,,,,
1766468936.1888509,0.5929433391669456,0.8596967282667994,0.8,0,False,,,,
1766468936.19348,0.5929433391669456,0.8596967282667994,0.8,0,False,,,,
1766468936.197711,0.5929433391669456,0.8596967282667994,0.8,0,False,,,,
1766468936.2009861,0.5981941452635224,0.8232896947069297,0.8,0,False,,,,
1766468936.203634,0.6223017313395272,0.809339522450678,0.8,0,False,,,,
1766468936.390023,0.6223017313395272,0.809339522450678,0.8,0,False,,,,
1766468936.3954618,0.6223017313395272,0.809339522450678,0.8,0,False,,,,
1766468936.399762,0.6223017313395272,0.809339522450678,0.8,0,False,,,,
1766468936.402092,0.6223017313395272,0.809339522450678,0.8,0,False,,,,
1766468936.404423,0.5858873063487471,0.8497675593136151,0.8,0,False,,,,
1766468936.5632372,0.5858873063487471,0.8497675593136151,0.8,0,False,,,,
1766468936.5680692,0.5858873063487471,0.8497675593136151,0.8,0,False,,,,
1766468936.570932,0.5858873063487471,0.8497675593136151,0.8,0,False,,,,
1766468936.574398,0.5872070772878369,0.8688825374102355,0.8,0,False,,,,
1766468936.576659,0.5800594863259112,0.8806568780336812,0.8,0,False,,,,
1766468936.744375,0.5800594863259112,0.8806568780336812,0.8,0,False,,,,
1766468936.74928,0.5800594863259112,0.8806568780336812,0.8,0,False,,,,
1766468936.751866,0.5800594863259112,0.8806568780336812,0.8,0,False,,,,
1766468936.7542279,0.5800594863259112,0.8806568780336812,0.8,0,False,,,,
1766468936.7584698,0.5854252677271713,0.8856822444232699,0.8,0,False,,,,
1766468936.962859,0.5854252677271713,0.8856822444232699,0.8,0,False,,,,
1766468936.9672189,0.5854252677271713,0.8856822444232699,0.8,0,False,,,,
1766468936.969889,0.5854252677271713,0.8856822444232699,0.8,0,False,,,,
1766468936.972439,0.4512754203839072,0.616960071067272,0.5715299732320777,0,False,,,,
1766468936.975413,0.46169720927036567,0.19712137543817088,1.0,0,False,,,,
1766468937.128543,0.35727577945537775,0.45769529648258134,0.42402816247981345,0,False,,,,
1766468937.132981,0.35727577945537775,0.45769529648258134,0.42402816247981345,0,False,,,,
1766468937.1374102,0.35727577945537775,0.45769529648258134,0.42402816247981345,0,False,,,,
1766468937.140082,0.46391098641148343,0.19995951394992895,1.0,0,False,,,,
1766468937.142823,0.46279853854802894,0.20112480371098584,1.0,0,False,,,,
1766468937.335904,0.46279853854802894,0.20112480371098584,1.0,0,False,,,,
1766468937.340003,0.46333348783534783,0.2011653326749835,1.0,0,False,,,,
1766468937.342748,0.46334625675392427,0.20122389393027718,1.0,0,False,,,,
1766468937.345248,0.46334625675392427,0.20122389393027718,1.0,0,False,,,,
1766468937.3495748,0.355769753208515,0.45675079728629797,0.4638139015015513,0,False,,,,
1766468937.516903,0.355769753208515,0.45675079728629797,0.4638139015015513,0,False,,,,
1766468937.5210319,0.355769753208515,0.45675079728629797,0.4638139015015513,0,False,,,,
1766468937.524257,0.4673547545308008,0.20474462486287737,1.0,0,False,,,,
1766468937.52784,0.4673547545308008,0.20474462486287737,1.0,0,False,,,,
1766468937.531859,0.4606021577252478,0.20200736588706136,1.0,0,False,,,,
1766468937.691572,0.45981460982798145,0.19960643690121693,1.0,0,False,,,,
1766468937.6961122,0.4117915016608829,0.6773637886559571,0.995,0,False,,,,
1766468937.7006552,0.4117915016608829,0.6773637886559571,0.995,0,False,,,,
1766468937.7045949,0.4117915016608829,0.6773637886559571,0.995,0,False,,,,
1766468937.707129,0.4324263563522736,0.5686680570602523,0.8913902640342712,0,False,,,,
1766468937.879936,0.4324263563522736,0.5686680570602523,0.8913902640342712,0,False,,,,
1766468937.8847558,0.4324263563522736,0.5686680570602523,0.8913902640342712,0,False,,,,
1766468937.889131,0.4324263563522736,0.5686680570602523,0.8913902640342712,0,False,,,,
1766468937.891834,0.4325437895920361,0.5683023018587993,0.8913902640342712,0,False,,,,
1766468937.895453,0.3148592003732126,0.4053005887006904,0.3972596430116044,0,False,,,,
1766468938.0738702,0.3148592003732126,0.4053005887006904,0.3972596430116044,0,False,,,,
1766468938.07838,0.46723956992255616,0.19953753001109797,1.0,0,False,,,,
1766468938.08199,0.46723956992255616,0.19953753001109797,1.0,0,False,,,,
1766468938.086221,0.46723956992255616,0.19953753001109797,1.0,0,False,,,,
1766468938.088872,0.4709741233142449,0.2066012087056115,1.0,0,False,,,,
1766468938.244097,0.4786568384288298,0.6145724839496933,0.8992010115079949,0,False,,,,
1766468938.248907,0.4799163518589772,0.6155653255848803,0.8992010115079949,0,False,,,,
1766468938.2539399,0.4799163518589772,0.6155653255848803,0.8992010115079949,0,False,,,,
1766468938.2569542,0.4799163518589772,0.6155653255848803,0.8992010115079949,0,False,,,,
1766468938.259425,0.4839228934221193,0.4600407423157056,0.8,0,False,,,,
1766468938.444851,0.4839228934221193,0.4600407423157056,0.8,0,False,,,,
1766468938.449114,0.36195841156661707,0.3980985747418311,0.5616559495304069,0,False,,,,
1766468938.4527192,0.36195841156661707,0.3980985747418311,0.5616559495304069,0,False,,,,
1766468938.45546,0.36195841156661707,0.3980985747418311,0.5616559495304069,0,False,,,,
1766468938.460348,0.45834396846428654,0.1881198321034908,0.5053262617855449,0,False,,,,
1766468938.60921,0.45834396846428654,0.1881198321034908,0.5053262617855449,0,False,,,,
1766468938.613663,0.45834396846428654,0.1881198321034908,0.5053262617855449,0,False,,,,
1766468938.618125,0.4554829250018296,0.18862974997831694,0.4503841414258126,0,False,,,,
1766468938.620694,0.4554829250018296,0.18862974997831694,0.4503841414258126,0,False,,,,
1766468938.623285,0.4069185090687718,0.36036376093911016,0.3164026878671837,0,False,,,,
1766468938.788827,0.4069185090687718,0.36036376093911016,0.3164026878671837,0,False,,,,
1766468938.793567,0.4069185090687718,0.36036376093911016,0.3164026878671837,0,False,,,,
1766468938.796393,0.4069185090687718,0.36036376093911016,0.3164026878671837,0,False,,,,
1766468938.798851,0.4069185090687718,0.36036376093911016,0.3164026878671837,0,False,,,,
1766468938.8015401,0.4158419680672113,0.3689874291812143,0.21354875531505357,0,False,,,,
1766468938.954151,0.4158419680672113,0.3689874291812143,0.21354875531505357,0,False,,,,
1766468938.9601002,0.4158419680672113,0.3689874291812143,0.21354875531505357,0,False,,,,
1766468938.962944,0.4158419680672113,0.3689874291812143,0.21354875531505357,0,False,,,,
1766468938.96525,0.4158419680672113,0.3689874291812143,0.21354875531505357,0,False,,,,
1766468938.969645,0.4670532864932634,0.19785518381052414,1.0,0,False,,,,
1766468939.2217689,0.4670532864932634,0.19785518381052414,1.0,0,False,,,,
1766468939.227225,0.4670532864932634,0.19785518381052414,1.0,0,False,,,,
1766468939.2297752,0.4670532864932634,0.19785518381052414,1.0,0,False,,,,
1766468939.2324228,0.4670532864932634,0.19785518381052414,1.0,0,False,,,,
1766468939.234821,0.46950344182567544,0.1989051310338915,1.0,0,False,,,,
1766468939.471679,0.384363182560378,0.5614384861048799,0.48320152555199314,0,False,,,,
1766468939.4762418,0.384363182560378,0.5614384861048799,0.48320152555199314,0,False,,,,
1766468939.4803798,0.384363182560378,0.5614384861048799,0.48320152555199314,0,False,,,,
1766468939.4831512,0.384363182560378,0.5614384861048799,0.48320152555199314,0,False,,,,
1766468939.485645,0.3840365198518814,0.5578379235673877,0.5702404268710639,0,False,,,,
1766468939.663857,0.3840365198518814,0.5578379235673877,0.5702404268710639,0,False,,,,
1766468939.66784,0.49358277586885,0.6864819437645464,0.8,0,False,,,,
1766468939.670764,0.38514298236983835,0.5504277760241973,0.5148493460651433,0,False,,,,
1766468939.673225,0.38514298236983835,0.5504277760241973,0.5148493460651433,0,False,,,,
1766468939.677705,0.4779200208936287,0.21500177330888415,1.0,0,False,,,,
1766468939.870067,0.4779200208936287,0.21500177330888415,1.0,0,False,,,,
1766468939.8747861,0.46045495328568153,0.720080941524109,0.8944355677952112,0,False,,,,
1766468939.877629,0.46045495328568153,0.720080941524109,0.8944355677952112,0,False,,,,
1766468939.8820102,0.46045495328568153,0.720080941524109,0.8944355677952112,0,False,,,,
1766468939.8845692,0.279323969997684,0.4427030162525665,0.5365766876883983,0,False,,,,
1766468940.083213,0.279323969997684,0.4427030162525665,0.5365766876883983,0,False,,,,
1766468940.087295,0.279323969997684,0.4427030162525665,0.5365766876883983,0,False,,,,
1766468940.090569,0.47183890154878344,0.20241448961707886,1.0,0,False,,,,
1766468940.094777,0.47183890154878344,0.20241448961707886,1.0,0,False,,,,
1766468940.099186,0.3063328379386284,0.5249638166707371,0.5436105956806495,0,False,,,,
1766468940.270356,0.3063328379386284,0.5249638166707371,0.5436105956806495,0,False,,,,
1766468940.27487,0.2892027611950508,0.46614623424686175,0.4356498053337751,0,False,,,,
1766468940.277847,0.2892027611950508,0.46614623424686175,0.4356498053337751,0,False,,,,
1766468940.2818172,0.2892027611950508,0.46614623424686175,0.4356498053337751,0,False,,,,
1766468940.28447,0.5529460787506753,0.4118508381921786,0.5236916686256241,0,False,,,,
1766468940.480457,0.5529460787506753,0.4118508381921786,0.5236916686256241,0,False,,,,
1766468940.485201,0.5529460787506753,0.4118508381921786,0.5236916686256241,0,False,,,,
1766468940.4877272,0.5529460787506753,0.4118508381921786,0.5236916686256241,0,False,,,,
1766468940.4903638,0.5529460787506753,0.4118508381921786,0.5236916686256241,0,False,,,,
1766468940.493718,0.5379209250604646,0.25120160424726123,0.515848585626111,0,False,,,,
1766468941.1174989,0.5379383768463643,0.2512187299488975,0.4925800999412352,0,False,,,,
1766468941.124723,0.5379383768463643,0.2512187299488975,0.4925800999412352,0,False,,,,
1766468941.127537,0.5379383768463643,0.2512187299488975,0.4925800999412352,0,False,,,,
1766468941.130764,0.5162211926936968,0.39223963203558987,0.5783355438748082,0,False,,,,
1766468941.13324,0.5395113411333188,0.2496071494700649,0.5351791629053243,0,False,,,,
1766468941.369577,0.5211515181660781,0.6452648079698021,0.7129852175712585,0,False,,,,
1766468941.376905,0.5211515181660781,0.6452648079698021,0.7129852175712585,0,False,,,,
1766468941.379642,0.5207432054931049,0.6419522291335948,0.7055587768554688,0,False,,,,
1766468941.382305,0.5400259706146089,0.2501891765267805,0.515838248144152,0,False,,,,
1766468941.3846521,0.4347843913282906,0.32117093229845484,0.4136261399830765,0,False,,,,
1766468941.907588,0.4347843913282906,0.32117093229845484,0.4136261399830765,0,False,,,,
1766468941.913032,0.4347843913282906,0.32117093229845484,0.4136261399830765,0,False,,,,
1766468941.9173179,0.5525496700964503,0.4142448312788142,0.571563378832351,0,False,,,,
1766468941.919949,0.5525496700964503,0.4142448312788142,0.571563378832351,0,False,,,,
1766468941.922102,0.5580672442182364,0.4176448914572092,0.4894780799059902,0,False,,,,
1766468942.153058,0.5810051383211905,0.41827766200412997,0.5081674212303999,0,False,,,,
1766468942.159181,0.5810051383211905,0.41827766200412997,0.5081674212303999,0,False,,,,
1766468942.163571,0.5810051383211905,0.41827766200412997,0.5081674212303999,0,False,,,,
1766468942.166475,0.5810051383211905,0.41827766200412997,0.5081674212303999,0,False,,,,
1766468942.169504,0.4055677526961211,0.4299622092398514,0.3685939455242103,0,False,,,,
1766468942.366882,0.4055677526961211,0.4299622092398514,0.3685939455242103,0,False,,,,
1766468942.372318,0.38360100928773694,0.48878274667431176,0.37823380808127843,0,False,,,,
1766468942.375005,0.38360100928773694,0.48878274667431176,0.37823380808127843,0,False,,,,
1766468942.379293,0.38360100928773694,0.48878274667431176,0.37823380808127843,0,False,,,,
1766468942.383348,0.3673376111987622,0.47346399748316703,0.35916599065194343,0,False,,,,
1766468942.5438988,0.3673376111987622,0.47346399748316703,0.35916599065194343,0,False,,,,
1766468942.549376,0.3673376111987622,0.47346399748316703,0.35916599065194343,0,False,,,,
1766468942.552751,0.36686923571098623,0.49076392312994266,0.27975413159750834,0,False,,,,
1766468942.55568,0.36686923571098623,0.49076392312994266,0.27975413159750834,0,False,,,,
1766468942.558309,0.5985449946080016,0.4310205562471442,0.5055863680452192,0,False,,,,
1766468942.744537,0.5985449946080016,0.4310205562471442,0.5055863680452192,0,False,,,,
1766468942.7495658,0.5985449946080016,0.4310205562471442,0.5055863680452192,0,False,,,,
1766468942.7523682,0.3735285350670755,0.5119146523467045,0.31672848012344085,0,False,,,,
1766468942.7547982,0.3735285350670755,0.5119146523467045,0.31672848012344085,0,False,,,,
1766468942.7572339,0.6077422974658381,0.42576135980286944,0.5140037232973387,0,False,,,,
1766468942.961535,0.6077422974658381,0.42576135980286944,0.5140037232973387,0,False,,,,
1766468942.965912,0.6077422974658381,0.42576135980286944,0.5140037232973387,0,False,,,,
1766468942.968384,0.6077422974658381,0.42576135980286944,0.5140037232973387,0,False,,,,
1766468942.97067,0.6077422974658381,0.42576135980286944,0.5140037232973387,0,False,,,,
1766468942.9728682,0.44477917065416434,0.4067537980688878,0.7160433497983768,0,False,,,,
1766468943.128865,0.44477917065416434,0.4067537980688878,0.7160433497983768,0,False,,,,
1766468943.13385,0.44477917065416434,0.4067537980688878,0.7160433497983768,0,False,,,,
1766468943.136805,0.44477917065416434,0.4067537980688878,0.7160433497983768,0,False,,,,
1766468943.139929,0.1396570064871046,0.6725179931726412,0.4506186139757916,0,False,,,,
1766468943.144214,0.17746162235932483,0.57153456885178,0.3580723849637928,0,False,,,,
1766468943.335805,0.17746162235932483,0.57153456885178,0.3580723849637928,0,False,,,,
1766468943.3413372,0.41095614353227433,0.47819917406713397,0.49604228525089683,0,False,,,,
1766468943.344064,0.41095614353227433,0.47819917406713397,0.49604228525089683,0,False,,,,
1766468943.348043,0.41095614353227433,0.47819917406713397,0.49604228525089683,0,False,,,,
1766468943.350559,0.3458382357194262,0.4472257504159529,0.5400395966329312,0,False,,,,
1766468943.512976,0.3458382357194262,0.4472257504159529,0.5400395966329312,0,False,,,,
1766468943.518914,0.3458382357194262,0.4472257504159529,0.5400395966329312,0,False,,,,
1766468943.5222552,0.3458382357194262,0.4472257504159529,0.5400395966329312,0,False,,,,
1766468943.5255082,0.35005238301693986,0.41703129201057987,0.45008103444424424,0,False,,,,
1766468943.5283132,0.4925081950224338,0.21264074989152104,0.99,0,False,,,,
1766468943.689127,0.4925081950224338,0.21264074989152104,0.99,0,False,,,,
1766468943.694164,0.4344649824765826,0.3509035557296526,0.9105639802755502,0,False,,,,
1766468943.697027,0.4344649824765826,0.3509035557296526,0.9105639802755502,0,False,,,,
1766468943.7014039,0.4344649824765826,0.3509035557296526,0.9105639802755502,0,False,,,,
1766468943.7042902,0.5255677590179676,0.4956697607918066,0.9096425543845396,0,False,,,,
1766468943.885847,0.5255677590179676,0.4956697607918066,0.9096425543845396,0,False,,,,
1766468943.8906062,0.5255677590179676,0.4956697607918066,0.9096425543845396,0,False,,,,
1766468943.893749,0.5391833997368287,0.5558732437492434,0.9024170935153961,0,False,,,,
1766468943.896428,0.5391833997368287,0.5558732437492434,0.9024170935153961,0,False,,,,
1766468943.901313,0.8889005419217918,0.28626759574312977,0.9240757822990417,0,False,,,,
1766468944.0863628,0.8889005419217918,0.28626759574312977,0.9240757822990417,0,False,,,,
1766468944.091349,0.886661500360886,0.28987382806949435,0.8665971755981445,0,False,,,,
1766468944.094269,0.886714744131891,0.28830718116587406,0.8871009945869446,0,False,,,,
1766468944.097491,0.886714744131891,0.28830718116587406,0.8871009945869446,0,False,,,,
1766468944.10192,0.875494467854342,0.2490215488949803,0.9266931712627411,0,False,,,,
1766468944.259253,0.8749150824020446,0.2389696831400242,0.912455677986145,0,False,,,,
1766468944.263903,0.8699818206027888,0.23742151343454276,0.8875342011451721,0,False,,,,
1766468944.268089,0.8699818206027888,0.23742151343454276,0.8875342011451721,0,False,,,,
1766468944.270473,0.8699818206027888,0.23742151343454276,0.8875342011451721,0,False,,,,
1766468944.2726772,0.691431546718746,0.6356241487285008,0.8822525143623352,0,False,,,,
1766468944.547321,0.691431546718746,0.6356241487285008,0.8822525143623352,0,False,,,,
1766468944.5531352,0.691431546718746,0.6356241487285008,0.8822525143623352,0,False,,,,
1766468944.557884,0.691431546718746,0.6356241487285008,0.8822525143623352,0,False,,,,
1766468944.560553,0.691431546718746,0.6356241487285008,0.8822525143623352,0,False,,,,
1766468944.562763,0.728030539143048,0.41294340562311016,0.8774113953113556,0,False,,,,
1766468944.741148,0.728030539143048,0.41294340562311016,0.8774113953113556,0,False,,,,
1766468944.7459571,0.728030539143048,0.41294340562311016,0.8774113953113556,0,False,,,,
1766468944.748873,0.7271681775565194,0.4195326016896508,0.8822897672653198,0,False,,,,
1766468944.751602,0.7271681775565194,0.4195326016896508,0.8822897672653198,0,False,,,,
1766468944.756358,0.877740250021635,0.14793399388928175,0.8919036686420441,0,False,,,,
1766468944.903907,0.877740250021635,0.14793399388928175,0.8919036686420441,0,False,,,,
1766468944.9095612,0.877740250021635,0.14793399388928175,0.8919036686420441,0,False,,,,
1766468944.912315,0.877740250021635,0.14793399388928175,0.8919036686420441,0,False,,,,
1766468944.914948,0.6931041244170729,0.7702061280093537,0.49632982428170613,0,False,,,,
1766468944.9172401,0.6804737306518499,0.7223407811609935,0.44724546302407187,0,False,,,,
1766468945.084016,0.6558860040582173,0.7648623665467162,0.5955777354119052,0,False,,,,
1766468945.0907578,0.6558860040582173,0.7648623665467162,0.5955777354119052,0,False,,,,
1766468945.095407,0.6558860040582173,0.7648623665467162,0.5955777354119052,0,False,,,,
1766468945.0984,0.685911806483453,0.7634408154523139,0.51787942742359,0,False,,,,
1766468945.1009438,0.6650250684528503,0.7537244199419589,0.5082738595162732,0,False,,,,
1766468945.293083,0.6650250684528503,0.7537244199419589,0.5082738595162732,0,False,,,,
1766468945.297248,0.6650250684528503,0.7537244199419589,0.5082738595162732,0,False,,,,
1766468945.300267,0.6622602770391239,0.7587306292230538,0.5653900234487368,0,False,,,,
1766468945.302716,0.6622602770391239,0.7587306292230538,0.5653900234487368,0,False,,,,
1766468945.304769,0.674569621031308,0.7807253634719434,0.531884564026917,0,False,,,,
1766468945.495182,0.674569621031308,0.7807253634719434,0.531884564026917,0,False,,,,
1766468945.5006652,0.6774626642803593,0.7661498822435279,0.44308907619484034,0,False,,,,
1766468945.50382,0.6774626642803593,0.7661498822435279,0.44308907619484034,0,False,,,,
1766468945.5084538,0.6774626642803593,0.7661498822435279,0.44308907619484034,0,False,,,,
1766468945.51145,0.5370306687814508,0.24699057975368666,0.5729854251901559,0,False,,,,
1766468945.699546,0.7483957245581829,1.1502513283786033,0.02329877653000145,0,False,,,,
1766468945.7057762,0.7483957245581829,1.1502513283786033,0.02329877653000145,0,False,,,,
1766468945.71128,0.7483957245581829,1.1502513283786033,0.02329877653000145,0,False,,,,
1766468945.715967,0.7483957245581829,1.1502513283786033,0.02329877653000145,0,False,,,,
1766468945.718577,0.7103719345026867,1.2147057335392495,0.043137179175750835,0,False,,,,
1766468945.9122,0.7103719345026867,1.2147057335392495,0.043137179175750835,0,False,,,,
1766468945.9182851,0.7103719345026867,1.2147057335392495,0.043137179175750835,0,False,,,,
1766468945.921365,0.48196082550658853,0.20684346812941734,0.3500963544932468,0,False,,,,
1766468945.923674,0.48196082550658853,0.20684346812941734,0.3500963544932468,0,False,,,,
1766468945.928045,0.729341164374547,1.2551481855728681,0.010264341723484123,0,False,,,,
1766468946.1070342,0.2953390455422228,0.4375293591727304,0.0,0,False,,,,
1766468946.1126132,0.2953390455422228,0.4375293591727304,0.0,0,False,,,,
1766468946.1168818,0.2953390455422228,0.4375293591727304,0.0,0,False,,,,
1766468946.12022,0.2953390455422228,0.4375293591727304,0.0,0,False,,,,
1766468946.122947,1.0837178313350146,0.2577046562535873,0.7785046667682523,0,False,,,,
1766468946.297579,1.0837178313350146,0.2577046562535873,0.7785046667682523,0,False,,,,
1766468946.3026292,0.2953390455422228,0.4375293591727304,0.0,0,False,,,,
1766468946.305814,0.2953390455422228,0.4375293591727304,0.0,0,False,,,,
1766468946.308182,0.2953390455422228,0.4375293591727304,0.0,0,False,,,,
1766468946.312513,0.48362333143186065,0.20620080602602164,0.4260949449224556,0,False,,,,
1766468946.491801,0.48362333143186065,0.20620080602602164,0.4260949449224556,0,False,,,,
1766468946.496756,0.48362333143186065,0.20620080602602164,0.4260949449224556,0,False,,,,
1766468946.499319,0.48362333143186065,0.20620080602602164,0.4260949449224556,0,False,,,,
1766468946.501834,0.47635408764875836,0.20118514041021407,0.3922360161717043,0,False,,,,
1766468946.5041149,0.8859095067594371,1.0213278047755934,0.03497383403017794,0,False,,,,
1766468946.8319721,0.8859095067594371,1.0213278047755934,0.03497383403017794,0,False,,,,
1766468946.836709,0.8859095067594371,1.0213278047755934,0.03497383403017794,0,False,,,,
1766468946.841318,0.8926566330420211,1.0131884971489562,0.048826360920088,0,False,,,,
1766468946.843595,0.8926566330420211,1.0131884971489562,0.048826360920088,0,False,,,,
1766468946.847546,0.8833692539335667,1.0268404270465405,0.034431402741319804,0,False,,,,
1766468947.038013,0.8833692539335667,1.0268404270465405,0.034431402741319804,0,False,,,,
1766468947.0429409,0.4731021155344757,0.20833407218292876,1.0,0,False,,,,
1766468947.046974,0.4731021155344757,0.20833407218292876,1.0,0,False,,,,
1766468947.051959,0.4731021155344757,0.20833407218292876,1.0,0,False,,,,
1766468947.05439,0.8627506811695685,1.1431379566885567,0.010688069604559336,0,False,,,,
1766468947.218036,0.8627506811695685,1.1431379566885567,0.010688069604559336,0,False,,,,
1766468947.223001,0.8627506811695685,1.1431379566885567,0.010688069604559336,0,False,,,,
1766468947.2257721,0.2953299921261035,0.43739981657440763,0.0,0,False,,,,
1766468947.22838,0.8612933516938213,1.0951162936980876,0.02492245483817866,0,False,,,,
1766468947.233334,0.7543537354514126,0.5125722219757568,0.7411435723304749,0,False,,,,
1766468947.41769,0.7233853851681765,0.5536731514334156,0.8,0,False,,,,
1766468947.422894,0.7233853851681765,0.5536731514334156,0.8,0,False,,,,
1766468947.425531,0.7233853851681765,0.5536731514334156,0.8,0,False,,,,
1766468947.428395,0.6981001003465913,0.5966542237032144,0.8,0,False,,,,
1766468947.431115,0.48235758516436233,0.21140065379990025,1.0,0,False,,,,
1766468948.035212,0.48235758516436233,0.21140065379990025,1.0,0,False,,,,
1766468948.041467,0.48235758516436233,0.21140065379990025,1.0,0,False,,,,
1766468948.04601,0.6124883027881365,0.6445888047798971,0.41404615851762966,0,False,,,,
1766468948.049119,0.4822720173797281,0.21108451947406426,1.0,0,False,,,,
1766468948.051743,0.5506163907473076,0.5635211105429906,0.5273640633117785,0,False,,,,
1766468948.237209,0.5506163907473076,0.5635211105429906,0.5273640633117785,0,False,,,,
1766468948.241895,0.5506163907473076,0.5635211105429906,0.5273640633117785,0,False,,,,
1766468948.244494,0.5506163907473076,0.5635211105429906,0.5273640633117785,0,False,,,,
1766468948.24733,0.5522484045276389,0.5702337947992403,0.4245099038309302,0,False,,,,
1766468948.2495658,0.5861550793621151,0.856419491489556,0.995,0,False,,,,
1766468948.425326,0.5861550793621151,0.856419491489556,0.995,0,False,,,,
1766468948.430484,0.4986954205084471,0.7779823947646567,1.0,0,False,,,,
1766468948.433665,0.4986954205084471,0.7779823947646567,1.0,0,False,,,,
1766468948.436178,0.4986954205084471,0.7779823947646567,1.0,0,False,,,,
1766468948.440999,0.4589800817607692,0.5584673095728508,0.86192187666893,0,False,,,,
1766468948.632093,0.5172805194075588,0.5821932708894723,0.910188227891922,0,False,,,,
1766468948.6372821,0.5172805194075588,0.5821932708894723,0.910188227891922,0,False,,,,
1766468948.643091,0.5172805194075588,0.5821932708894723,0.910188227891922,0,False,,,,
1766468948.647267,0.5172805194075588,0.5821932708894723,0.910188227891922,0,False,,,,
1766468948.649822,0.4355574677084964,0.44304476449214203,0.3348187479439745,0,False,,,,
1766468948.815754,0.4355574677084964,0.44304476449214203,0.3348187479439745,0,False,,,,
1766468948.820867,0.42398289465372263,0.448536654455566,0.3527226819653877,0,False,,,,
1766468948.8248,0.42398289465372263,0.448536654455566,0.3527226819653877,0,False,,,,
1766468948.829799,0.42398289465372263,0.448536654455566,0.3527226819653877,0,False,,,,
1766468948.833039,0.46990737311095143,0.19798194664045932,1.0,0,False,,,,
1766468949.019435,0.8748680074076883,0.6400475302346986,0.9078955054283142,0,False,,,,
1766468949.0240178,0.8748680074076883,0.6400475302346986,0.9078955054283142,0,False,,,,
1766468949.029151,0.8748680074076883,0.6400475302346986,0.9078955054283142,0,False,,,,
1766468949.0321028,0.8748680074076883,0.6400475302346986,0.9078955054283142,0,False,,,,
1766468949.034752,0.8796442852183874,0.643772827088505,0.8631789088249207,0,False,,,,
1766468949.192383,0.8796442852183874,0.643772827088505,0.8631789088249207,0,False,,,,
1766468949.198304,0.8796442852183874,0.643772827088505,0.8631789088249207,0,False,,,,
1766468949.201015,0.8796442852183874,0.643772827088505,0.8631789088249207,0,False,,,,
1766468949.2040682,0.6182042173054396,0.6857912245123269,0.41863875927281885,0,False,,,,
1766468949.206826,0.6456671906359783,0.7355090054840202,0.47664719370203057,0,False,,,,
1766468949.365369,0.6456671906359783,0.7355090054840202,0.47664719370203057,0,False,,,,
1766468949.370443,0.6302248858939825,0.7186523338336689,0.39229905146512073,0,False,,,,
1766468949.373813,0.6302248858939825,0.7186523338336689,0.39229905146512073,0,False,,,,
1766468949.376069,0.6302248858939825,0.7186523338336689,0.39229905146512073,0,False,,,,
1766468949.380256,0.8146045327503268,0.5607432437281449,0.995,0,False,,,,
1766468949.556511,0.8149393936837811,0.5505798051407845,0.8643860220909119,0,False,,,,
1766468949.562089,0.8149393936837811,0.5505798051407845,0.8643860220909119,0,False,,,,
1766468949.566398,0.8149393936837811,0.5505798051407845,0.8643860220909119,0,False,,,,
1766468949.569005,0.8149393936837811,0.5505798051407845,0.8643860220909119,0,False,,,,
1766468949.571195,0.5839582058588514,0.5863683003111301,0.4804157194862914,0,False,,,,
1766468949.7479942,0.5839582058588514,0.5863683003111301,0.4804157194862914,0,False,,,,
1766468949.752927,0.5839582058588514,0.5863683003111301,0.4804157194862914,0,False,,,,
1766468949.756166,0.5235205898781273,0.2451098949688406,0.38833797076479265,0,False,,,,
1766468949.7589068,0.5235205898781273,0.2451098949688406,0.38833797076479265,0,False,,,,
1766468949.76336,0.5764957116682825,0.5878187200168525,0.5864884972589259,0,False,,,,
1766468949.929125,0.5764957116682825,0.5878187200168525,0.5864884972589259,0,False,,,,
1766468949.934535,0.5764957116682825,0.5878187200168525,0.5864884972589259,0,False,,,,
1766468949.9374132,0.5802142563952595,0.5888539192122467,0.5344716239939994,0,False,,,,
1766468949.94013,0.5734006775483864,0.5452682897102138,0.4993225467652996,0,False,,,,
1766468949.944476,0.5807316067847506,0.5878261530718949,0.5098654745900775,0,False,,,,
1766468950.145157,0.5807316067847506,0.5878261530718949,0.5098654745900775,0,False,,,,
1766468950.1501381,0.5807316067847506,0.5878261530718949,0.5098654745900775,0,False,,,,
1766468950.152832,0.5807316067847506,0.5878261530718949,0.5098654745900775,0,False,,,,
1766468950.1552231,0.5807316067847506,0.5878261530718949,0.5098654745900775,0,False,,,,
1766468950.1582668,0.4739512759120112,0.20256825628469788,1.0,0,False,,,,
1766468950.396868,0.4739512759120112,0.20256825628469788,1.0,0,False,,,,
1766468950.401918,0.4739512759120112,0.20256825628469788,1.0,0,False,,,,
1766468950.405081,0.4738003842971327,0.2029258943120621,1.0,0,False,,,,
1766468950.408014,0.47389271646930353,0.2030368558986846,1.0,0,False,,,,
1766468950.410484,0.3288947978258207,0.5126458776917221,0.9764170944690704,0,False,,,,
1766468950.58813,0.3288947978258207,0.5126458776917221,0.9764170944690704,0,False,,,,
1766468950.593277,0.3572880183095888,0.6039361240884067,1.0,0,False,,,,
1766468950.596205,0.3382604702565549,0.5120120792009725,0.9611469507217407,0,False,,,,
1766468950.59841,0.3382604702565549,0.5120120792009725,0.9611469507217407,0,False,,,,
1766468950.601296,0.3396944804010442,0.499625707573947,0.9382456243038177,0,False,,,,
1766468950.7698581,0.3396944804010442,0.499625707573947,0.9382456243038177,0,False,,,,
1766468950.774094,0.3396944804010442,0.499625707573947,0.9382456243038177,0,False,,,,
1766468950.7771451,0.29369615772468993,0.4269466191319262,0.9635743498802185,0,False,,,,
1766468950.779659,0.2943738394785055,0.426579859147177,0.8566796481609344,0,False,,,,
1766468950.782521,0.2126279165455403,0.46696751397406455,0.24126803569599542,0,False,,,,
1766468950.971714,0.2126279165455403,0.46696751397406455,0.24126803569599542,0,False,,,,
1766468950.976179,0.2126279165455403,0.46696751397406455,0.24126803569599542,0,False,,,,
1766468950.9792142,0.4745409880345073,0.2036263744326915,1.0,0,False,,,,
1766468950.9833732,0.4745409880345073,0.2036263744326915,1.0,0,False,,,,
1766468950.988137,0.12993476257633593,0.5701519188291494,0.2237196817071534,0,False,,,,
1766468951.157629,0.12993476257633593,0.5701519188291494,0.2237196817071534,0,False,,,,
1766468951.162397,0.4719620045032906,0.19998782621725364,1.0,0,False,,,,
1766468951.166611,0.4719620045032906,0.19998782621725364,1.0,0,False,,,,
1766468951.1713269,0.4719620045032906,0.19998782621725364,1.0,0,False,,,,
1766468951.17413,0.14768822951767246,0.08021555763781218,0.9795768558979034,0,False,,,,
1766468951.3960478,0.14768822951767246,0.08021555763781218,0.9795768558979034,0,False,,,,
1766468951.4005601,0.1077201130874574,0.016418337693082874,0.9602722823619843,0,False,,,,
1766468951.40348,0.1077201130874574,0.016418337693082874,0.9602722823619843,0,False,,,,
1766468951.408371,0.1077201130874574,0.016418337693082874,0.9602722823619843,0,False,,,,
1766468951.4112608,0.47093051821400306,0.20284384624635943,1.0,0,False,,,,
1766468951.7884438,0.47093051821400306,0.20284384624635943,1.0,0,False,,,,
1766468951.793306,0.47093051821400306,0.20284384624635943,1.0,0,False,,,,
1766468951.7962549,0.47093051821400306,0.20284384624635943,1.0,0,False,,,,
1766468951.798912,0.4712365892332723,0.20266915729801527,1.0,0,False,,,,
1766468951.8015091,0.11847929483938131,0.029988728552017174,0.8923465609550476,0,False,,,,
1766468952.195595,0.11847929483938131,0.029988728552017174,0.8923465609550476,0,False,,,,
1766468952.200015,0.11847929483938131,0.029988728552017174,0.8923465609550476,0,False,,,,
1766468952.202917,0.11865847389198017,0.030242270897408274,0.9056861102581024,0,False,,,,
1766468952.20542,0.11865847389198017,0.030242270897408274,0.9056861102581024,0,False,,,,
1766468952.208479,0.11739015410638567,0.030231795798472905,0.8534401953220367,0,False,,,,
1766468952.3780942,0.11739015410638567,0.030231795798472905,0.8534401953220367,0,False,,,,
1766468952.382537,0.11739015410638567,0.030231795798472905,0.8534401953220367,0,False,,,,
1766468952.386967,0.11889583613729449,0.033517569871730046,0.9505111873149872,0,False,,,,
1766468952.389316,0.11889583613729449,0.033517569871730046,0.9505111873149872,0,False,,,,
1766468952.391992,0.11727662981787157,0.03062999235084185,0.9182016849517822,0,False,,,,
1766468952.653536,0.1165318635979217,0.030734494207625973,0.9480452239513397,0,False,,,,
1766468952.658379,0.11669543833420111,0.03102998409174751,0.9480452239513397,0,False,,,,
1766468952.6625202,0.11669543833420111,0.03102998409174751,0.9480452239513397,0,False,,,,
1766468952.665149,0.11669543833420111,0.03102998409174751,0.9480452239513397,0,False,,,,
1766468952.6674619,0.47089821097424356,0.20427101964271,1.0,0,False,,,,
1766468952.844928,0.47089821097424356,0.20427101964271,1.0,0,False,,,,
1766468952.8492448,0.47089821097424356,0.20427101964271,1.0,0,False,,,,
1766468952.8520489,0.47089821097424356,0.20427101964271,1.0,0,False,,,,
1766468952.8547132,0.47136511312553137,0.2028594957175326,1.0,0,False,,,,
1766468952.859034,-0.04427077508788848,0.8248305594273987,0.27978118560628923,0,False,,,,
1766468953.0712352,-0.043138623517365374,0.8198451129361235,0.2639792097680468,0,False,,,,
1766468953.076566,-0.043138623517365374,0.8198451129361235,0.2639792097680468,0,False,,,,
1766468953.08096,-0.043138623517365374,0.8198451129361235,0.2639792097680468,0,False,,,,
1766468953.083967,-0.043138623517365374,0.8198451129361235,0.2639792097680468,0,False,,,,
1766468953.086167,0.4752765438925053,0.20637151859771996,1.0,0,False,,,,
1766468953.263513,0.4752765438925053,0.20637151859771996,1.0,0,False,,,,
1766468953.269506,0.4752765438925053,0.20637151859771996,1.0,0,False,,,,
1766468953.2725382,0.4750107583016989,0.20582094922944338,1.0,0,False,,,,
1766468953.275383,0.474617324175994,0.20539556306294282,1.0,0,False,,,,
1766468953.27773,-0.043411458098613666,0.8626747579247732,0.2486429955525633,0,False,,,,
1766468953.481369,-0.043411458098613666,0.8626747579247732,0.2486429955525633,0,False,,,,
1766468953.485706,-0.043411458098613666,0.8626747579247732,0.2486429955525633,0,False,,,,
1766468953.4888399,-0.0460962327214248,0.8629655478363383,0.2315232201070414,0,False,,,,
1766468953.491426,-0.0460962327214248,0.8629655478363383,0.2315232201070414,0,False,,,,
1766468953.493758,-0.07928433158277412,0.7169523585507801,0.9155954122543335,0,False,,,,
1766468953.6815329,-0.07928433158277412,0.7169523585507801,0.9155954122543335,0,False,,,,
1766468953.6864882,-0.07928433158277412,0.7169523585507801,0.9155954122543335,0,False,,,,
1766468953.689547,-0.07865289839887177,0.7076037726149784,0.7692152857780457,0,False,,,,
1766468953.6921458,-0.07865289839887177,0.7076037726149784,0.7692152857780457,0,False,,,,
1766468953.6944,0.5286675700803923,0.2448825351312225,0.47730364688395654,0,False,,,,
1766468953.8781629,0.5286625529321813,0.24507316770756704,0.4204188521872187,0,False,,,,
1766468953.883948,0.5286625529321813,0.24507316770756704,0.4204188521872187,0,False,,,,
1766468953.889712,0.5286625529321813,0.24507316770756704,0.4204188521872187,0,False,,,,
1766468953.893705,0.12622655217732373,0.3156242930157904,0.4530414880217475,0,False,,,,
1766468953.89601,0.1514948395172478,1.0752839456156182,0.16989749184279285,0,False,,,,
1766468954.1194088,0.1514948395172478,1.0752839456156182,0.16989749184279285,0,False,,,,
1766468954.124989,0.18423844041232998,1.1157526411725858,0.15718437474871633,0,False,,,,
1766468954.127906,0.18423844041232998,1.1157526411725858,0.15718437474871633,0,False,,,,
1766468954.13059,0.18423844041232998,1.1157526411725858,0.15718437474871633,0,False,,,,
1766468954.135817,0.5224085544683266,0.25818202948812075,0.32563565209196155,0,False,,,,
1766468954.3388128,0.5224085544683266,0.25818202948812075,0.32563565209196155,0,False,,,,
1766468954.343458,0.5224085544683266,0.25818202948812075,0.32563565209196155,0,False,,,,
1766468954.346754,0.44478259258159997,0.19931279338864238,0.17896765288622377,0,False,,,,
1766468954.349491,0.44478259258159997,0.19931279338864238,0.17896765288622377,0,False,,,,
1766468954.353961,0.2669052858045676,0.47977033645013134,0.7724832892417908,0,False,,,,
1766468954.540576,0.2669052858045676,0.47977033645013134,0.7724832892417908,0,False,,,,
1766468954.545372,0.306306762992,0.5088277193476018,0.6,0,False,,,,
1766468954.548466,0.306306762992,0.5088277193476018,0.6,0,False,,,,
1766468954.55086,0.306306762992,0.5088277193476018,0.6,0,False,,,,
1766468954.5551958,0.5231597427933323,0.2618702620396727,0.301968211354391,0,False,,,,
1766468954.7591732,0.5231597427933323,0.2618702620396727,0.301968211354391,0,False,,,,
1766468954.763895,0.460240295266344,0.2084602116479496,0.17982336790988632,0,False,,,,
1766468954.766766,0.5232714997534839,0.26229651901827367,0.2941341578412888,0,False,,,,
1766468954.770599,0.5232714997534839,0.26229651901827367,0.2941341578412888,0,False,,,,
1766468954.776165,0.5231218643374695,0.25321654683594474,0.3661137696742133,0,False,,,,
1766468954.9597352,0.5231218643374695,0.25321654683594474,0.3661137696742133,0,False,,,,
1766468954.964513,0.3133252905150562,0.5036921238303649,0.5659553242312814,0,False,,,,
1766468954.968828,0.523163339550795,0.2533581583265756,0.35742443041499095,0,False,,,,
1766468954.97345,0.523163339550795,0.2533581583265756,0.35742443041499095,0,False,,,,
1766468954.976037,0.5409880564654813,0.2748442508313258,0.31668978305006146,0,False,,,,
1766468955.1248882,0.5409880564654813,0.2748442508313258,0.31668978305006146,0,False,,,,
1766468955.130238,0.5409880564654813,0.2748442508313258,0.31668978305006146,0,False,,,,
1766468955.133148,0.38115894105770937,0.5955862879512733,0.46999103651729063,0,False,,,,
1766468955.136128,0.38115894105770937,0.5955862879512733,0.46999103651729063,0,False,,,,
1766468955.138504,0.3691358310692248,0.6184503749186816,0.4859607403614045,0,False,,,,
1766468955.288934,0.3691358310692248,0.6184503749186816,0.4859607403614045,0,False,,,,
1766468955.293836,0.3691358310692248,0.6184503749186816,0.4859607403614045,0,False,,,,
1766468955.296603,0.3691358310692248,0.6184503749186816,0.4859607403614045,0,False,,,,
1766468955.298749,0.3691358310692248,0.6184503749186816,0.4859607403614045,0,False,,,,
1766468955.303416,0.3807474056865893,0.611718089549278,0.5123266138826776,0,False,,,,
1766468955.482045,0.3807474056865893,0.611718089549278,0.5123266138826776,0,False,,,,
1766468955.4872792,0.5022094685873224,0.21640613858065527,0.3473045547842172,0,False,,,,
1766468955.4903371,0.5022094685873224,0.21640613858065527,0.3473045547842172,0,False,,,,
1766468955.4960608,0.5022094685873224,0.21640613858065527,0.3473045547842172,0,False,,,,
1766468955.499372,0.35312409040864245,0.5659676164757482,0.4504992345387923,0,False,,,,
1766468955.8232121,0.35312409040864245,0.5659676164757482,0.4504992345387923,0,False,,,,
1766468955.8287868,0.35312409040864245,0.5659676164757482,0.4504992345387923,0,False,,,,
1766468955.8314471,0.35312409040864245,0.5659676164757482,0.4504992345387923,0,False,,,,
1766468955.833809,0.35312409040864245,0.5659676164757482,0.4504992345387923,0,False,,,,
1766468955.8372211,0.390444245114707,0.4570804287075263,0.49766528856301356,0,False,,,,
1766468956.0222778,0.4956095525550454,0.21947416805157105,1.0,0,False,,,,
1766468956.027617,0.4956095525550454,0.21947416805157105,1.0,0,False,,,,
1766468956.03363,0.4956095525550454,0.21947416805157105,1.0,0,False,,,,
1766468956.036515,0.4951962918233104,0.21832355502504708,1.0,0,False,,,,
1766468956.0393758,0.5699623149751435,0.599138893474516,0.8,0,False,,,,
1766468956.2272131,0.5699623149751435,0.599138893474516,0.8,0,False,,,,
1766468956.2324722,0.5699623149751435,0.599138893474516,0.8,0,False,,,,
1766468956.235209,0.5699623149751435,0.599138893474516,0.8,0,False,,,,
1766468956.238337,0.4208380412949714,0.555502330113353,0.568853163953164,0,False,,,,
1766468956.241476,0.5701865387666175,0.6158658519421787,0.8,0,False,,,,
1766468956.4367318,0.4230379829727847,0.5827456646348879,0.5355078217117415,0,False,,,,
1766468956.4417899,0.5706846954915333,0.6174189197877449,0.8,0,False,,,,
1766468956.446312,0.5706846954915333,0.6174189197877449,0.8,0,False,,,,
1766468956.450436,0.5706846954915333,0.6174189197877449,0.8,0,False,,,,
1766468956.452804,0.403712263820469,0.577128961346267,0.5405428822089757,0,False,,,,
1766468956.875892,0.5046911279490988,0.2298208941589116,1.0,0,False,,,,
1766468956.8813179,0.5046911279490988,0.2298208941589116,1.0,0,False,,,,
1766468956.88587,0.5046911279490988,0.2298208941589116,1.0,0,False,,,,
1766468956.88905,0.5046911279490988,0.2298208941589116,1.0,0,False,,,,
1766468956.891958,0.44125255870023555,0.4189575957163354,0.9537833333015442,0,False,,,,
1766468957.049093,0.44125255870023555,0.4189575957163354,0.9537833333015442,0,False,,,,
1766468957.053631,0.44125255870023555,0.4189575957163354,0.9537833333015442,0,False,,,,
1766468957.057143,0.5374743332972423,0.5792988890953913,0.9901781380176544,0,False,,,,
1766468957.0597131,0.5374743332972423,0.5792988890953913,0.9901781380176544,0,False,,,,
1766468957.063724,0.49553919307641064,0.21660671283540933,1.0,0,False,,,,
1766468957.2494779,0.49553919307641064,0.21660671283540933,1.0,0,False,,,,
1766468957.2541041,0.49553919307641064,0.21660671283540933,1.0,0,False,,,,
1766468957.257101,0.49553919307641064,0.21660671283540933,1.0,0,False,,,,
1766468957.259451,0.49553919307641064,0.21660671283540933,1.0,0,False,,,,
1766468957.262539,0.33371152417996086,0.4532531570283941,0.5381068941928285,0,False,,,,
1766468957.805482,0.33371152417996086,0.4532531570283941,0.5381068941928285,0,False,,,,
1766468957.809881,0.33371152417996086,0.4532531570283941,0.5381068941928285,0,False,,,,
1766468957.813198,0.5076853486124889,0.2336628482559857,1.0,0,False,,,,
1766468957.816184,0.5076853486124889,0.2336628482559857,1.0,0,False,,,,
1766468957.819238,0.3411764900927353,0.455571418369193,0.4465381395251676,0,False,,,,
1766468958.007191,0.3411764900927353,0.455571418369193,0.4465381395251676,0,False,,,,
1766468958.01157,0.32261691706086626,0.4256793513926893,0.41954108421358605,0,False,,,,
1766468958.016128,0.34004335441590666,0.4636146938647856,0.42867274372808467,0,False,,,,
1766468958.018566,0.34004335441590666,0.4636146938647856,0.42867274372808467,0,False,,,,
1766468958.0230558,0.39832291542649134,0.5572147922044566,0.4665239069507348,0,False,,,,
1766468958.185809,0.39832291542649134,0.5572147922044566,0.4665239069507348,0,False,,,,
1766468958.1911979,0.39832291542649134,0.5572147922044566,0.4665239069507348,0,False,,,,
1766468958.1937249,0.39832291542649134,0.5572147922044566,0.4665239069507348,0,False,,,,
1766468958.1961799,0.3644780529628423,0.5522171985466684,0.31379804664911487,0,False,,,,
1766468958.19926,0.46208942309933115,0.5083543146075603,0.8,0,False,,,,
1766468958.4130769,0.46208942309933115,0.5083543146075603,0.8,0,False,,,,
1766468958.4176261,0.337500887428134,0.4476918673297231,0.45335491026374186,0,False,,,,
1766468958.420497,0.337500887428134,0.4476918673297231,0.45335491026374186,0,False,,,,
1766468958.424733,0.337500887428134,0.4476918673297231,0.45335491026374186,0,False,,,,
1766468958.4295712,0.333081486773119,0.4393915363672092,0.46273266168690874,0,False,,,,
1766468958.595262,0.333081486773119,0.4393915363672092,0.46273266168690874,0,False,,,,
1766468958.600577,0.3328621233205885,0.43968963988988596,0.4918715102149028,0,False,,,,
1766468958.603619,0.3328621233205885,0.43968963988988596,0.4918715102149028,0,False,,,,
1766468958.6062348,0.3328621233205885,0.43968963988988596,0.4918715102149028,0,False,,,,
1766468958.610361,0.12390159911272174,0.5074074977600155,0.5855681662330475,0,False,,,,
1766468958.8002079,0.49634204518368163,0.2210151999292398,1.0,0,False,,,,
1766468958.805121,0.49634204518368163,0.2210151999292398,1.0,0,False,,,,
1766468958.810397,0.49634204518368163,0.2210151999292398,1.0,0,False,,,,
1766468958.8133702,0.49634204518368163,0.2210151999292398,1.0,0,False,,,,
1766468958.815966,0.06930290722045322,0.6287818250724099,0.47806153655808925,0,False,,,,
1766468959.017792,0.4971212968086781,0.22221967670208498,1.0,0,False,,,,
1766468959.0231528,0.4971212968086781,0.22221967670208498,1.0,0,False,,,,
1766468959.028946,0.4971212968086781,0.22221967670208498,1.0,0,False,,,,
1766468959.032117,0.4971212968086781,0.22221967670208498,1.0,0,False,,,,
1766468959.0343401,0.5035673989001481,0.22966806548190433,0.9809070229530334,0,False,,,,
1766468959.2093709,0.5035673989001481,0.22966806548190433,0.9809070229530334,0,False,,,,
1766468959.21545,0.5035673989001481,0.22966806548190433,0.9809070229530334,0,False,,,,
1766468959.220243,0.2739405487600505,0.3505880221980855,0.7964803755283356,0,False,,,,
1766468959.223491,0.2737026745431054,0.3495758169699008,0.7782696068286896,0,False,,,,
1766468959.2262678,0.301131024903469,0.33591783167767375,0.852782666683197,0,False,,,,
1766468959.408778,0.301131024903469,0.33591783167767375,0.852782666683197,0,False,,,,
1766468959.413016,0.301131024903469,0.33591783167767375,0.852782666683197,0,False,,,,
1766468959.415445,0.301131024903469,0.33591783167767375,0.852782666683197,0,False,,,,
1766468959.419838,0.07937536703084688,0.6336309808583732,0.5035568561014776,0,False,,,,
1766468959.422376,0.07834880174881347,0.732378927273848,0.4747085315405624,0,False,,,,
1766468959.5735738,0.06777079874579402,0.6300838539036462,0.5263157805302878,0,False,,,,
1766468959.578239,0.06777079874579402,0.6300838539036462,0.5263157805302878,0,False,,,,
1766468959.582489,0.06777079874579402,0.6300838539036462,0.5263157805302878,0,False,,,,
1766468959.585212,0.06777079874579402,0.6300838539036462,0.5263157805302878,0,False,,,,
1766468959.5879722,0.26158191376734513,0.2693115819075078,0.8625310361385345,0,False,,,,
1766468959.750228,0.26158191376734513,0.2693115819075078,0.8625310361385345,0,False,,,,
1766468959.7543979,0.26158191376734513,0.2693115819075078,0.8625310361385345,0,False,,,,
1766468959.75778,0.25880426725101974,0.289060866040713,0.8900806903839111,0,False,,,,
1766468959.760947,0.25880426725101974,0.289060866040713,0.8900806903839111,0,False,,,,
1766468959.763743,0.4992199487070083,0.22317191639398404,0.9369688034057617,0,False,,,,
1766468959.9474251,0.4992199487070083,0.22317191639398404,0.9369688034057617,0,False,,,,
1766468959.952002,0.4992199487070083,0.22317191639398404,0.9369688034057617,0,False,,,,
1766468959.9548092,0.4992199487070083,0.22317191639398404,0.9369688034057617,0,False,,,,
1766468959.9584079,0.49881391990597124,0.22272559696821248,0.8891134858131409,0,False,,,,
1766468959.961791,0.04298727298090075,0.40427628903295454,0.44824886610674297,0,False,,,,
1766468960.161431,0.03306013796363514,0.39622345892402655,0.5341660326437137,0,False,,,,
1766468960.166801,0.03306013796363514,0.39622345892402655,0.5341660326437137,0,False,,,,
1766468960.169792,0.03306013796363514,0.39622345892402655,0.5341660326437137,0,False,,,,
1766468960.1722062,0.03306013796363514,0.39622345892402655,0.5341660326437137,0,False,,,,
1766468960.174578,0.31232450985577326,0.11184860557495724,0.7525408148765564,0,False,,,,
1766468960.3568,0.31232450985577326,0.11184860557495724,0.7525408148765564,0,False,,,,
1766468960.362293,0.012545531165700119,0.4145473049433879,0.30585603781345416,0,False,,,,
1766468960.366362,0.012545531165700119,0.4145473049433879,0.30585603781345416,0,False,,,,
1766468960.371959,0.012545531165700119,0.4145473049433879,0.30585603781345416,0,False,,,,
1766468960.374646,-0.005876382736311925,0.4557787943075704,0.2431358548941891,0,False,,,,
1766468960.529804,-0.005876382736311925,0.4557787943075704,0.2431358548941891,0,False,,,,
1766468960.534004,-0.005876382736311925,0.4557787943075704,0.2431358548941891,0,False,,,,
1766468960.536582,-0.005876382736311925,0.4557787943075704,0.2431358548941891,0,False,,,,
1766468960.539474,-0.005876382736311925,0.4557787943075704,0.2431358548941891,0,False,,,,
1766468960.542101,0.01662171553157723,0.415966460844852,0.21388026729520823,0,False,,,,
1766468960.732158,0.5006677851537282,0.2222387507048783,0.9408271312713623,0,False,,,,
1766468960.7366688,0.5006677851537282,0.2222387507048783,0.9408271312713623,0,False,,,,
1766468960.7406561,0.5006677851537282,0.2222387507048783,0.9408271312713623,0,False,,,,
1766468960.7433448,0.5018047505838897,0.22325274940394269,0.9753589034080505,0,False,,,,
1766468960.748012,0.1502758465512684,0.06337889656943752,0.8519287705421448,0,False,,,,
1766468960.913963,0.5060362118909317,0.22809914721981794,1.0,0,False,,,,
1766468960.918769,0.5060362118909317,0.22809914721981794,1.0,0,False,,,,
1766468960.923254,0.5060362118909317,0.22809914721981794,1.0,0,False,,,,
1766468960.926114,0.5060362118909317,0.22809914721981794,1.0,0,False,,,,
1766468960.929479,-0.03665772951740056,0.8389669714374794,0.5129894082594726,0,False,,,,
1766468961.076993,-0.03665772951740056,0.8389669714374794,0.5129894082594726,0,False,,,,
1766468961.081221,-0.040357890977602826,0.8222457228304582,0.38007328367527804,0,False,,,,
1766468961.084212,-0.040357890977602826,0.8222457228304582,0.38007328367527804,0,False,,,,
1766468961.0888782,-0.040357890977602826,0.8222457228304582,0.38007328367527804,0,False,,,,
1766468961.0920498,-0.04682113279398168,0.8238512774816427,0.35914388770310524,0,False,,,,
1766468961.243687,-0.04682113279398168,0.8238512774816427,0.35914388770310524,0,False,,,,
1766468961.247943,0.5011550045428164,0.22598691218481115,0.9289157390594482,0,False,,,,
1766468961.250886,0.5011550045428164,0.22598691218481115,0.9289157390594482,0,False,,,,
1766468961.253209,0.5011550045428164,0.22598691218481115,0.9289157390594482,0,False,,,,
1766468961.2579598,0.05567830720590585,0.6256732300391399,0.16993486341029534,0,False,,,,
1766468961.43457,-0.04367421938612228,0.8103930965480379,0.43878906326771083,0,False,,,,
1766468961.4394,-0.04367421938612228,0.8103930965480379,0.43878906326771083,0,False,,,,
1766468961.443855,-0.04367421938612228,0.8103930965480379,0.43878906326771083,0,False,,,,
1766468961.4464252,-0.04367421938612228,0.8103930965480379,0.43878906326771083,0,False,,,,
1766468961.449213,0.31823084817823843,0.17949212240843881,0.8985460996627808,0,False,,,,
1766468961.633127,0.07210703878575586,0.5021713936191282,0.21348648124145056,0,False,,,,
1766468961.637846,0.07210703878575586,0.5021713936191282,0.21348648124145056,0,False,,,,
1766468961.6430452,0.07210703878575586,0.5021713936191282,0.21348648124145056,0,False,,,,
1766468961.648001,0.3209007839871547,0.1807856339022783,0.8150431215763092,0,False,,,,
1766468961.6506639,0.48506826736878744,0.3641957310301067,0.8959233154994047,0,False,,,,
1766468962.419344,0.48193706635394085,0.3618277958174396,0.796533725745518,0,False,,,,
1766468962.424191,0.5560889768409603,0.2691518519712037,0.2504495396258387,0,False,,,,
1766468962.4288142,0.5560889768409603,0.2691518519712037,0.2504495396258387,0,False,,,,
1766468962.431349,0.5560889768409603,0.2691518519712037,0.2504495396258387,0,False,,,,
1766468962.433984,0.48643794033620696,0.20962842409886862,0.4340791501709137,0,False,,,,
1766468962.6117508,0.48643794033620696,0.20962842409886862,0.4340791501709137,0,False,,,,
1766468962.61592,0.48643794033620696,0.20962842409886862,0.4340791501709137,0,False,,,,
1766468962.618628,0.48643794033620696,0.20962842409886862,0.4340791501709137,0,False,,,,
1766468962.621314,0.1547882784579989,0.3447713355192674,0.44048078537705576,0,False,,,,
1766468962.624171,0.48841706067838847,0.21057931588874446,0.3606101861209043,0,False,,,,
1766468962.778857,0.48841706067838847,0.21057931588874446,0.3606101861209043,0,False,,,,
1766468962.783477,0.48841706067838847,0.21057931588874446,0.3606101861209043,0,False,,,,
1766468962.786092,0.48841706067838847,0.21057931588874446,0.3606101861209043,0,False,,,,
1766468962.7889569,0.4886659741304011,0.21189557936024117,0.36418901533194087,0,False,,,,
1766468962.7920918,0.15163678777496017,0.3961446473000594,0.37383058309526834,0,False,,,,
1766468962.96559,0.15163678777496017,0.3961446473000594,0.37383058309526834,0,False,,,,
1766468962.970072,0.15163678777496017,0.3961446473000594,0.37383058309526834,0,False,,,,
1766468962.972898,0.49053125891691984,0.22616767099750246,0.9178065783434601,0,False,,,,
1766468962.9764311,0.49053125891691984,0.22616767099750246,0.9178065783434601,0,False,,,,
1766468962.9802492,0.1492966366139438,0.3892924218696565,0.34482357237989564,0,False,,,,
1766468963.1547961,0.4968010332894749,0.22829519500721085,0.8604972958564758,0,False,,,,
1766468963.15949,0.1461900782355408,0.39437735984021516,0.33171894493131887,0,False,,,,
1766468963.1638248,0.1461900782355408,0.39437735984021516,0.33171894493131887,0,False,,,,
1766468963.1661172,0.1461900782355408,0.39437735984021516,0.33171894493131887,0,False,,,,
1766468963.168309,0.40508624197617527,0.21548506119571642,0.9433114182949066,0,False,,,,
1766468963.323308,0.495831873271887,0.2254309660162248,0.8966228365898132,0,False,,,,
1766468963.328021,0.4075212148921044,0.2337505592478717,0.8317112028598785,0,False,,,,
1766468963.331934,0.4075212148921044,0.2337505592478717,0.8317112028598785,0,False,,,,
1766468963.336315,0.4075212148921044,0.2337505592478717,0.8317112028598785,0,False,,,,
1766468963.338971,0.5058687434746229,0.23191166206208635,1.0,0,False,,,,
1766468963.756609,0.5058687434746229,0.23191166206208635,1.0,0,False,,,,
1766468963.761483,0.4561174102640047,0.21813026442393912,0.7443571865558625,0,False,,,,
1766468963.765074,0.4561174102640047,0.21813026442393912,0.7443571865558625,0,False,,,,
1766468963.768854,0.4561174102640047,0.21813026442393912,0.7443571865558625,0,False,,,,
1766468963.7732139,0.014039757866316638,0.8979418362437589,0.38937896660840277,0,False,,,,
1766468964.078623,0.018061918478948245,0.969091720174338,0.23941333914648377,0,False,,,,
1766468964.083648,0.01565014265550202,0.9189903909380259,0.3298684748229596,0,False,,,,
1766468964.086996,0.01565014265550202,0.9189903909380259,0.3298684748229596,0,False,,,,
1766468964.092044,0.01565014265550202,0.9189903909380259,0.3298684748229596,0,False,,,,
1766468964.094673,0.19935805191835604,-9.128574623562535e-05,0.8003127574920654,0,False,,,,
1766468964.274223,0.19935805191835604,-9.128574623562535e-05,0.8003127574920654,0,False,,,,
1766468964.278164,0.19935805191835604,-9.128574623562535e-05,0.8003127574920654,0,False,,,,
1766468964.281642,0.19436872188381732,-0.0009656612658150987,0.9522542357444763,0,False,,,,
1766468964.285058,0.19436872188381732,-0.0009656612658150987,0.9522542357444763,0,False,,,,
1766468964.289205,0.19373361169700082,-0.006928291420785326,0.8217507302761078,0,False,,,,
1766468964.46685,0.19373361169700082,-0.006928291420785326,0.8217507302761078,0,False,,,,
1766468964.470884,0.19373361169700082,-0.006928291420785326,0.8217507302761078,0,False,,,,
1766468964.475223,0.19373361169700082,-0.006928291420785326,0.8217507302761078,0,False,,,,
1766468964.478233,0.19373361169700082,-0.006928291420785326,0.8217507302761078,0,False,,,,
1766468964.48173,0.19607827516691545,-1.2463196030765289e-05,0.9088352918624878,0,False,,,,
1766468964.6548228,0.19607827516691545,-1.2463196030765289e-05,0.9088352918624878,0,False,,,,
1766468964.659945,0.19607827516691545,-1.2463196030765289e-05,0.9088352918624878,0,False,,,,
1766468964.6630452,0.49929941515267673,0.22617135566481772,1.0,0,False,,,,
1766468964.6655428,0.19585559528720986,0.0014914370643457353,0.8625678718090057,0,False,,,,
1766468964.6680582,0.1984088954472878,9.016606545286798e-05,0.838272750377655,0,False,,,,
1766468964.880565,0.1984088954472878,9.016606545286798e-05,0.838272750377655,0,False,,,,
1766468964.885565,0.1979964048992458,-0.0025184669259135095,0.901963621377945,0,False,,,,
1766468964.889417,0.1979964048992458,-0.0025184669259135095,0.901963621377945,0,False,,,,
1766468964.903859,0.20039343041479882,-0.003170447532510945,0.8605354726314545,0,False,,,,
1766468964.9086778,0.3559285429530431,0.16926414476142504,0.8511613607406616,0,False,,,,
1766468965.0807092,0.3559285429530431,0.16926414476142504,0.8511613607406616,0,False,,,,
1766468965.0851898,0.3567001009643742,0.16782391853359047,0.869128555059433,0,False,,,,
1766468965.088066,0.3567001009643742,0.16782391853359047,0.869128555059433,0,False,,,,
1766468965.0926678,0.3567001009643742,0.16782391853359047,0.869128555059433,0,False,,,,
1766468965.095415,-0.055597772019462345,0.6272341352188622,0.29149683668592763,0,False,,,,
1766468965.273113,-0.055597772019462345,0.6272341352188622,0.29149683668592763,0,False,,,,
1766468965.2789671,-0.055597772019462345,0.6272341352188622,0.29149683668592763,0,False,,,,
1766468965.281652,-0.055597772019462345,0.6272341352188622,0.29149683668592763,0,False,,,,
1766468965.28404,-0.05590271254868151,0.6166203557212943,0.16663846004412733,0,False,,,,
1766468965.286175,-0.04687332462080871,0.59381731090525,0.44781876036964346,0,False,,,,
1766468965.435914,-0.055572774871779626,0.6777779589033773,0.2605697817173686,0,False,,,,
1766468965.440629,-0.055572774871779626,0.6777779589033773,0.2605697817173686,0,False,,,,
1766468965.445344,-0.055572774871779626,0.6777779589033773,0.2605697817173686,0,False,,,,
1766468965.447972,-0.055572774871779626,0.6777779589033773,0.2605697817173686,0,False,,,,
1766468965.4504142,0.4987191831622506,0.22610058378368225,1.0,0,False,,,,
1766468965.618114,0.4987191831622506,0.22610058378368225,1.0,0,False,,,,
1766468965.62307,-0.05003464814529801,0.6071200263533787,0.276074452956914,0,False,,,,
1766468965.62558,-0.05003464814529801,0.6071200263533787,0.276074452956914,0,False,,,,
1766468965.6297238,-0.05003464814529801,0.6071200263533787,0.276074452956914,0,False,,,,
1766468965.632849,0.28304633684402936,0.11692491258548776,0.9087316082220833,0,False,,,,
1766468965.792292,0.28304633684402936,0.11692491258548776,0.9087316082220833,0,False,,,,
1766468965.796373,0.28304633684402936,0.11692491258548776,0.9087316082220833,0,False,,,,
1766468965.800333,0.28304633684402936,0.11692491258548776,0.9087316082220833,0,False,,,,
1766468965.802884,0.28304633684402936,0.11692491258548776,0.9087316082220833,0,False,,,,
1766468965.805294,0.20384998758491935,0.08904943513412844,0.832333892583847,0,False,,,,
1766468965.992722,0.20384998758491935,0.08904943513412844,0.832333892583847,0,False,,,,
1766468965.998828,0.20384998758491935,0.08904943513412844,0.832333892583847,0,False,,,,
1766468966.0019531,0.20384998758491935,0.08904943513412844,0.832333892583847,0,False,,,,
1766468966.0047202,0.01591185343719905,0.5932173011357423,0.39344863716124995,0,False,,,,
1766468966.007366,-0.030899645284817902,0.7684101542570867,0.20563014380582761,0,False,,,,
1766468966.176963,0.48568354893364296,0.20043526582850735,0.23959641963728195,0,False,,,,
1766468966.182073,0.48568354893364296,0.20043526582850735,0.23959641963728195,0,False,,,,
1766468966.185215,0.48568354893364296,0.20043526582850735,0.23959641963728195,0,False,,,,
1766468966.188141,0.44856483133812264,0.1912315965458311,0.20906782583139563,0,False,,,,
1766468966.194459,0.12478504009846825,0.5171305885834125,0.2537348459766189,0,False,,,,
1766468966.362829,0.12478504009846825,0.5171305885834125,0.2537348459766189,0,False,,,,
1766468966.368733,0.12478504009846825,0.5171305885834125,0.2537348459766189,0,False,,,,
1766468966.372567,0.12058636135738614,0.5287951282439814,0.36872079090323245,0,False,,,,
1766468966.375467,0.12058636135738614,0.5287951282439814,0.36872079090323245,0,False,,,,
1766468966.378381,0.02249910234599577,0.5904259271603053,0.358951587202014,0,False,,,,
1766468966.543333,0.01580918247595946,0.5936477987738003,0.31947894764177054,0,False,,,,
1766468966.548893,0.01580918247595946,0.5936477987738003,0.31947894764177054,0,False,,,,
1766468966.553857,0.01580918247595946,0.5936477987738003,0.31947894764177054,0,False,,,,
1766468966.5572212,-0.028237869834876063,0.7373497402835753,0.3486095801375187,0,False,,,,
1766468966.5600178,0.16972258256209222,0.5491228489762432,0.54333450591397,0,False,,,,
1766468966.748558,0.16927496804149805,0.5416948431597826,0.5668717719260588,0,False,,,,
1766468966.753908,0.16927496804149805,0.5416948431597826,0.5668717719260588,0,False,,,,
1766468966.75701,0.16927496804149805,0.5416948431597826,0.5668717719260588,0,False,,,,
1766468966.759326,0.16531353028109036,0.5606848591890822,0.6,0,False,,,,
1766468966.76189,0.4656582627794383,0.18949257174145195,0.35996150474123373,0,False,,,,
1766468966.9729102,0.4656582627794383,0.18949257174145195,0.35996150474123373,0,False,,,,
1766468966.9779809,0.4582775252513426,0.19398181558671068,0.34132118611360535,0,False,,,,
1766468966.9807942,0.4582775252513426,0.19398181558671068,0.34132118611360535,0,False,,,,
1766468966.9850612,0.4582775252513426,0.19398181558671068,0.34132118611360535,0,False,,,,
1766468966.988134,0.5464957624502885,0.26291680374118476,0.4817042428019963,0,False,,,,
1766468967.164198,0.5464957624502885,0.26291680374118476,0.4817042428019963,0,False,,,,
1766468967.1688771,0.5464957624502885,0.26291680374118476,0.4817042428019963,0,False,,,,
1766468967.173099,0.5464957624502885,0.26291680374118476,0.4817042428019963,0,False,,,,
1766468967.178039,0.5468298007852785,0.26197687331498143,0.48205419032087826,0,False,,,,
1766468967.180667,-0.023123196810769287,0.543441220493555,0.3683742108404556,0,False,,,,
1766468967.395443,0.5481355473206156,0.2582004481672078,0.7159399220678808,0,False,,,,
1766468967.400357,0.5469825051958643,0.2609872076998898,0.5506242321864939,0,False,,,,
1766468967.4058628,0.5469825051958643,0.2609872076998898,0.5506242321864939,0,False,,,,
1766468967.409044,0.5469825051958643,0.2609872076998898,0.5506242321864939,0,False,,,,
1766468967.411716,0.5467183462117982,0.2608121162245517,0.5497189917676756,0,False,,,,
1766468967.599149,0.5467183462117982,0.2608121162245517,0.5497189917676756,0,False,,,,
1766468967.603512,0.5467183462117982,0.2608121162245517,0.5497189917676756,0,False,,,,
1766468967.60781,0.5467183462117982,0.2608121162245517,0.5497189917676756,0,False,,,,
1766468967.61038,0.5467183462117982,0.2608121162245517,0.5497189917676756,0,False,,,,
1766468967.613931,0.6364797041542387,0.41016013979518195,0.99,0,False,,,,
1766468967.774884,0.6364797041542387,0.41016013979518195,0.99,0,False,,,,
1766468967.779375,0.5979055628174812,0.3256262173315043,0.29072844952031535,0,False,,,,
1766468967.782552,0.5979055628174812,0.3256262173315043,0.29072844952031535,0,False,,,,
1766468967.785123,0.5979055628174812,0.3256262173315043,0.29072844952031535,0,False,,,,
1766468967.789432,0.014730183742372205,0.5108005157545441,0.262806777951966,0,False,,,,
1766468967.9724748,0.014730183742372205,0.5108005157545441,0.262806777951966,0,False,,,,
1766468967.9766872,0.014730183742372205,0.5108005157545441,0.262806777951966,0,False,,,,
1766468967.980308,-0.023666931258681422,0.577306298310173,0.2548839815339828,0,False,,,,
1766468967.982646,-0.023666931258681422,0.577306298310173,0.2548839815339828,0,False,,,,
1766468967.985237,0.31335704055384994,0.48700434983713403,0.5125510571582031,0,False,,,,
1766468968.1624131,0.31335704055384994,0.48700434983713403,0.5125510571582031,0,False,,,,
1766468968.167242,0.3109463369768467,0.49902675756168646,0.5401344391890347,0,False,,,,
1766468968.172339,0.30244364405572927,0.502642036491069,0.5673208607597608,0,False,,,,
1766468968.177084,0.30244364405572927,0.502642036491069,0.5673208607597608,0,False,,,,
1766468968.180209,0.6201637022405911,0.37784891252484165,0.1917130124283349,0,False,,,,
1766468968.350486,0.6117869022502039,0.3574997124964341,0.23154285618972065,0,False,,,,
1766468968.355102,0.29826975870178857,0.4974371225134666,0.6,0,False,,,,
1766468968.359446,0.29826975870178857,0.4974371225134666,0.6,0,False,,,,
1766468968.364085,0.29826975870178857,0.4974371225134666,0.6,0,False,,,,
1766468968.3668869,0.6036832768733743,0.3422553348947961,0.08164916994174946,0,False,,,,
1766468968.535085,0.2298687430436705,0.778187612324104,0.8162757533496352,0,False,,,,
1766468968.539597,0.2298687430436705,0.778187612324104,0.8162757533496352,0,False,,,,
1766468968.543953,0.2298687430436705,0.778187612324104,0.8162757533496352,0,False,,,,
1766468968.5465338,0.2298687430436705,0.778187612324104,0.8162757533496352,0,False,,,,
1766468968.550986,0.49130544175304935,0.215364795383566,1.0,0,False,,,,
1766468968.754106,0.10554351467533726,0.8521020584979978,0.3799058992185394,0,False,,,,
1766468968.758663,0.10554351467533726,0.8521020584979978,0.3799058992185394,0,False,,,,
1766468968.763387,0.10554351467533726,0.8521020584979978,0.3799058992185394,0,False,,,,
1766468968.765931,0.10554351467533726,0.8521020584979978,0.3799058992185394,0,False,,,,
1766468968.769047,0.08822701067274571,0.8535454412945203,0.4423280933344127,0,False,,,,
1766468968.93842,0.08638262195104085,0.8471892326172641,0.5489451290683137,0,False,,,,
1766468968.943711,0.08638262195104085,0.8471892326172641,0.5489451290683137,0,False,,,,
1766468968.948447,0.08638262195104085,0.8471892326172641,0.5489451290683137,0,False,,,,
1766468968.951516,0.09292040561886834,0.8671084997541476,0.4731373667462344,0,False,,,,
1766468968.954392,0.5034725894974788,0.22269152543507853,0.9374421834945679,0,False,,,,
1766468969.1143942,0.5034725894974788,0.22269152543507853,0.9374421834945679,0,False,,,,
1766468969.1185122,0.5031230721900255,0.22294370908631433,0.9252427816390991,0,False,,,,
1766468969.1210508,0.502944287040166,0.22310609456896646,0.9281946420669556,0,False,,,,
1766468969.124331,0.502944287040166,0.22310609456896646,0.9281946420669556,0,False,,,,
1766468969.1280031,0.5042921562236343,0.22375673581879663,0.8918665647506714,0,False,,,,
1766468969.291091,0.3110511340713868,0.2106458658078929,0.9412571442127228,0,False,,,,
1766468969.295935,0.3110511340713868,0.2106458658078929,0.9412571442127228,0,False,,,,
1766468969.298628,0.3110511340713868,0.2106458658078929,0.9412571442127228,0,False,,,,
1766468969.301121,0.3110511340713868,0.2106458658078929,0.9412571442127228,0,False,,,,
1766468969.304128,0.12659118794613416,0.3737484748052733,0.4542417504175771,0,False,,,,
1766468969.459606,0.12659118794613416,0.3737484748052733,0.4542417504175771,0,False,,,,
1766468969.464566,0.12659118794613416,0.3737484748052733,0.4542417504175771,0,False,,,,
1766468969.469391,0.12659118794613416,0.3737484748052733,0.4542417504175771,0,False,,,,
1766468969.473579,0.1486203096690935,0.3687713427915966,0.4749845101274934,0,False,,,,
1766468969.476552,0.3170189211924332,0.29779058412788084,0.8527877628803253,0,False,,,,
1766468969.663667,0.3170189211924332,0.29779058412788084,0.8527877628803253,0,False,,,,
1766468969.668146,0.3170189211924332,0.29779058412788084,0.8527877628803253,0,False,,,,
1766468969.670754,0.3170189211924332,0.29779058412788084,0.8527877628803253,0,False,,,,
1766468969.673435,0.3170189211924332,0.29779058412788084,0.8527877628803253,0,False,,,,
1766468969.677137,0.29432124274381877,0.2918598279538246,0.7129007290578454,0,False,,,,
1766468969.86902,0.29432124274381877,0.2918598279538246,0.7129007290578454,0,False,,,,
1766468969.873609,0.29432124274381877,0.2918598279538246,0.7129007290578454,0,False,,,,
1766468969.8762481,0.1086860606399362,0.4574631655843553,0.4820790877507774,0,False,,,,
1766468969.8787992,0.1086860606399362,0.4574631655843553,0.4820790877507774,0,False,,,,
1766468969.8831959,0.12080724078268976,0.42855787995532146,0.5016684287695927,0,False,,,,
1766468970.063382,0.12080724078268976,0.42855787995532146,0.5016684287695927,0,False,,,,
1766468970.068394,0.12080724078268976,0.42855787995532146,0.5016684287695927,0,False,,,,
1766468970.0713139,0.12080724078268976,0.42855787995532146,0.5016684287695927,0,False,,,,
1766468970.0742269,0.4976922853820813,0.22428237700764664,0.976004958152771,0,False,,,,
1766468970.077066,0.307822380364371,0.23139696969288193,0.8,0,False,,,,
1766468970.230784,0.307822380364371,0.23139696969288193,0.8,0,False,,,,
1766468970.235486,0.307822380364371,0.23139696969288193,0.8,0,False,,,,
1766468970.239796,0.307822380364371,0.23139696969288193,0.8,0,False,,,,
1766468970.242392,0.307822380364371,0.23139696969288193,0.8,0,False,,,,
1766468970.2454898,0.3215610449766656,0.18919975717012216,0.8884538780404094,0,False,,,,
1766468970.407239,0.3215610449766656,0.18919975717012216,0.8884538780404094,0,False,,,,
1766468970.411511,0.07393213389840403,0.4703308720991355,0.5863450993500878,0,False,,,,
1766468970.41677,0.07393213389840403,0.4703308720991355,0.5863450993500878,0,False,,,,
1766468970.42132,0.07393213389840403,0.4703308720991355,0.5863450993500878,0,False,,,,
1766468970.423924,-0.01544685677928106,0.7493449294743347,0.48897185523246905,0,False,,,,
1766468970.622483,-0.01544685677928106,0.7493449294743347,0.48897185523246905,0,False,,,,
1766468970.6268559,0.17832358932612827,0.08576127374080278,0.7304055869579316,0,False,,,,
1766468970.629644,0.1784350536105585,0.08498445978255009,0.8,0,False,,,,
1766468970.633054,0.1784350536105585,0.08498445978255009,0.8,0,False,,,,
1766468970.6384718,-0.015922576923363786,0.748890437041189,0.5933840963173499,0,False,,,,
1766468970.828897,-0.015922576923363786,0.748890437041189,0.5933840963173499,0,False,,,,
1766468970.8341901,0.4937663809006067,0.22746560636163404,0.9004948139190674,0,False,,,,
1766468970.837612,0.4937663809006067,0.22746560636163404,0.9004948139190674,0,False,,,,
1766468970.842793,0.4937663809006067,0.22746560636163404,0.9004948139190674,0,False,,,,
1766468970.847081,0.12050584796165564,0.0702970313740442,0.9325925600873852,0,False,,,,
1766468971.052591,0.12050584796165564,0.0702970313740442,0.9325925600873852,0,False,,,,
1766468971.058384,0.12050584796165564,0.0702970313740442,0.9325925600873852,0,False,,,,
1766468971.062656,-0.017331039260418103,0.7763513974705302,0.43621892829250697,0,False,,,,
1766468971.065813,-0.018368954876047193,0.7987991757955412,0.46266679041587166,0,False,,,,
1766468971.068675,-0.0182147324417782,0.7807233266021282,0.3932266281815218,0,False,,,,
1766468971.219085,-0.021080991673448058,0.8116149857043783,0.39775995695977223,0,False,,,,
1766468971.224473,-0.021080991673448058,0.8116149857043783,0.39775995695977223,0,False,,,,
1766468971.227273,-0.021080991673448058,0.8116149857043783,0.39775995695977223,0,False,,,,
1766468971.230114,-0.021080991673448058,0.8116149857043783,0.39775995695977223,0,False,,,,
1766468971.233074,-0.001473123162813117,0.8074067722381109,0.3522595402392974,0,False,,,,
1766468971.411233,-0.001473123162813117,0.8074067722381109,0.3522595402392974,0,False,,,,
1766468971.415512,0.5053980459345251,0.22569991468619321,0.9645015001296997,0,False,,,,
1766468971.418294,0.5053980459345251,0.22569991468619321,0.9645015001296997,0,False,,,,
1766468971.420827,0.5053980459345251,0.22569991468619321,0.9645015001296997,0,False,,,,
1766468971.4253922,0.48708261283723064,0.20550329981094506,0.502122312539073,0,False,,,,
1766468971.592114,0.48708261283723064,0.20550329981094506,0.502122312539073,0,False,,,,
1766468971.596407,0.48708261283723064,0.20550329981094506,0.502122312539073,0,False,,,,
1766468971.599311,0.4869868252890727,0.20544593920624665,0.5865416235906712,0,False,,,,
1766468971.604084,0.4869868252890727,0.20544593920624665,0.5865416235906712,0,False,,,,
1766468971.609,0.03379255707544813,0.7709353524559915,0.44189169080537666,0,False,,,,
1766468971.781431,0.03379255707544813,0.7709353524559915,0.44189169080537666,0,False,,,,
1766468971.788033,0.0338221546571531,0.771399084506439,0.4499693700909789,0,False,,,,
1766468971.7934,0.0338221546571531,0.771399084506439,0.4499693700909789,0,False,,,,
1766468971.79729,0.0338221546571531,0.771399084506439,0.4499693700909789,0,False,,,,
1766468971.799902,0.5299437194111859,0.2433457926807323,0.5601236809087771,0,False,,,,
1766468972.085322,0.5299437194111859,0.2433457926807323,0.5601236809087771,0,False,,,,
1766468972.091213,0.7933759485642339,1.1240768621661046,0.7949999999999999,0,False,,,,
1766468972.096333,0.7933759485642339,1.1240768621661046,0.7949999999999999,0,False,,,,
1766468972.0992482,0.7933759485642339,1.1240768621661046,0.7949999999999999,0,False,,,,
1766468972.102041,0.5121713107405108,0.8583111648281718,0.33769080021998543,0,False,,,,
1766468972.274293,0.5300971445877667,0.23656649266787078,0.6,0,False,,,,
1766468972.279617,0.5300971445877667,0.23656649266787078,0.6,0,False,,,,
1766468972.2840168,0.5300971445877667,0.23656649266787078,0.6,0,False,,,,
1766468972.287265,0.519729228467867,0.8124451055429772,0.38052365827413115,0,False,,,,
1766468972.289938,0.5578062284157972,0.7902212309547554,0.3428868614524217,0,False,,,,
1766468972.4455822,0.5578062284157972,0.7902212309547554,0.3428868614524217,0,False,,,,
1766468972.450436,0.5578062284157972,0.7902212309547554,0.3428868614524217,0,False,,,,
1766468972.453687,0.5578062284157972,0.7902212309547554,0.3428868614524217,0,False,,,,
1766468972.4572,0.5291877292577803,0.23451521226681027,0.3708659338670047,0,False,,,,
1766468972.459799,0.532034138877981,0.2385454357443607,0.5703777119881197,0,False,,,,
1766468972.6480541,0.532034138877981,0.2385454357443607,0.5703777119881197,0,False,,,,
1766468972.6526551,0.532034138877981,0.2385454357443607,0.5703777119881197,0,False,,,,
1766468972.655936,0.5284073767895549,0.23410110411897134,0.409665470303929,0,False,,,,
1766468972.6589582,0.5284073767895549,0.23410110411897134,0.409665470303929,0,False,,,,
1766468972.6617548,0.5545965636436803,0.2685858553416526,0.7067676186561584,0,False,,,,
1766468972.8481169,0.5545965636436803,0.2685858553416526,0.7067676186561584,0,False,,,,
1766468972.852735,0.5545965636436803,0.2685858553416526,0.7067676186561584,0,False,,,,
1766468972.857069,0.5345217942583915,0.24237998473136446,0.6,0,False,,,,
1766468972.860238,0.5345217942583915,0.24237998473136446,0.6,0,False,,,,
1766468972.865324,0.46978633005585974,0.1950018541937253,0.3064116364336905,0,False,,,,
1766468973.0562718,0.46978633005585974,0.1950018541937253,0.3064116364336905,0,False,,,,
1766468973.060874,-0.16729768188802357,0.059387613337527956,0.8081199966045842,0,False,,,,
1766468973.064231,-0.16729768188802357,0.059387613337527956,0.8081199966045842,0,False,,,,
1766468973.068556,-0.16729768188802357,0.059387613337527956,0.8081199966045842,0,False,,,,
1766468973.0711198,0.5510957881861482,0.25922735404074415,0.3398625779370368,0,False,,,,
1766468973.3006961,0.5510957881861482,0.25922735404074415,0.3398625779370368,0,False,,,,
1766468973.30552,0.5510957881861482,0.25922735404074415,0.3398625779370368,0,False,,,,
1766468973.308696,0.5510957881861482,0.25922735404074415,0.3398625779370368,0,False,,,,
1766468973.311448,0.7438293902536053,0.7941521601508927,0.99,0,False,,,,
1766468973.316177,0.46416230992131535,0.8414302193972251,0.8,0,False,,,,
1766468973.499966,0.47552165177618966,0.8480066741330697,0.8,0,False,,,,
1766468973.505217,0.47552165177618966,0.8480066741330697,0.8,0,False,,,,
1766468973.508379,0.47552165177618966,0.8480066741330697,0.8,0,False,,,,
1766468973.510985,0.4814608935205632,0.8749204179608183,0.8,0,False,,,,
1766468973.513879,0.4314745366034649,0.301229580946748,0.8784660995006561,0,False,,,,
1766468973.7037299,0.4314745366034649,0.301229580946748,0.8784660995006561,0,False,,,,
1766468973.70802,0.4314745366034649,0.301229580946748,0.8784660995006561,0,False,,,,
1766468973.71086,0.34691941700484896,0.6506960901051154,0.5033346549222926,0,False,,,,
1766468973.71381,0.34691941700484896,0.6506960901051154,0.5033346549222926,0,False,,,,
1766468973.716599,0.2253324006610664,0.28565101350375444,0.5853520926489804,0,False,,,,
1766468973.8883982,0.2253324006610664,0.28565101350375444,0.5853520926489804,0,False,,,,
1766468973.892711,0.2253324006610664,0.28565101350375444,0.5853520926489804,0,False,,,,
1766468973.895766,0.2419164521874742,0.27703275308715936,0.4805535749441483,0,False,,,,
1766468973.898238,0.2419164521874742,0.27703275308715936,0.4805535749441483,0,False,,,,
1766468973.900797,0.24770844727474978,0.2748908336118221,0.5604030216712768,0,False,,,,
1766468974.046453,0.24797343808631794,0.27431284108977194,0.5652591941981956,0,False,,,,
1766468974.0510788,0.24797343808631794,0.27431284108977194,0.5652591941981956,0,False,,,,
1766468974.0555038,0.24797343808631794,0.27431284108977194,0.5652591941981956,0,False,,,,
1766468974.057942,0.24797343808631794,0.27431284108977194,0.5652591941981956,0,False,,,,
1766468974.060162,0.23853415593228894,0.3435276790576629,0.48031722055021175,0,False,,,,
1766468974.2186172,0.23889681163675253,0.34949849878756367,0.4489097771181223,0,False,,,,
1766468974.2231848,0.23889681163675253,0.34949849878756367,0.4489097771181223,0,False,,,,
1766468974.227478,0.23889681163675253,0.34949849878756367,0.4489097771181223,0,False,,,,
1766468974.231837,0.5407131248484269,0.25947990475982285,0.8686912294428394,0,False,,,,
1766468974.235965,0.3850271158388133,0.3399288259997728,0.723455548286438,0,False,,,,
1766468974.422461,0.3850271158388133,0.3399288259997728,0.723455548286438,0,False,,,,
1766468974.427097,0.3850271158388133,0.3399288259997728,0.723455548286438,0,False,,,,
1766468974.429773,0.3850271158388133,0.3399288259997728,0.723455548286438,0,False,,,,
1766468974.432451,0.3712026594188675,0.32378159867426415,0.8288497341835057,0,False,,,,
1766468974.43506,0.5597591931234696,0.2735855509226479,0.7162425518035889,0,False,,,,
1766468974.596287,0.5597591931234696,0.2735855509226479,0.7162425518035889,0,False,,,,
1766468974.600936,0.32640227717285397,0.38480565941667244,0.7949999999999999,0,False,,,,
1766468974.603727,0.32640227717285397,0.38480565941667244,0.7949999999999999,0,False,,,,
1766468974.608159,0.32640227717285397,0.38480565941667244,0.7949999999999999,0,False,,,,
1766468974.610652,0.5272326510844404,0.23532242085439203,0.330652776115586,0,False,,,,
1766468974.797426,0.5272326510844404,0.23532242085439203,0.330652776115586,0,False,,,,
1766468974.8032892,0.5541474637880783,0.2617558912612026,0.2639144936884681,0,False,,,,
1766468974.808244,0.5541474637880783,0.2617558912612026,0.2639144936884681,0,False,,,,
1766468974.8108711,0.5541474637880783,0.2617558912612026,0.2639144936884681,0,False,,,,
1766468974.813438,0.48064825761791924,0.20765859798218333,1.0,0,False,,,,
1766468975.0157912,0.48064825761791924,0.20765859798218333,1.0,0,False,,,,
1766468975.020433,0.3440291355520376,0.36214465655531813,0.8916692198669383,0,False,,,,
1766468975.023972,0.3440291355520376,0.36214465655531813,0.8916692198669383,0,False,,,,
1766468975.028107,0.3440291355520376,0.36214465655531813,0.8916692198669383,0,False,,,,
1766468975.030858,0.4898599565636652,0.21063608630313868,1.0,0,False,,,,
1766468975.2138891,0.4898599565636652,0.21063608630313868,1.0,0,False,,,,
1766468975.218592,0.48984361494142936,0.21042117329580012,0.9823578000068665,0,False,,,,
1766468975.223132,0.48984361494142936,0.21042117329580012,0.9823578000068665,0,False,,,,
1766468975.228006,0.48984361494142936,0.21042117329580012,0.9823578000068665,0,False,,,,
1766468975.230932,0.48969034496720615,0.2103632090499764,1.0,0,False,,,,
1766468975.544727,0.48969034496720615,0.2103632090499764,1.0,0,False,,,,
1766468975.5508249,0.48969034496720615,0.2103632090499764,1.0,0,False,,,,
1766468975.555318,0.2612158586305451,0.12438513318078914,0.995,0,False,,,,
1766468975.557905,0.2612158586305451,0.12438513318078914,0.995,0,False,,,,
1766468975.560404,0.2268829129112988,0.15329004456140793,1.0,0,False,,,,
1766468975.761951,0.2268829129112988,0.15329004456140793,1.0,0,False,,,,
1766468975.766458,0.2268829129112988,0.15329004456140793,1.0,0,False,,,,
1766468975.769193,0.2268829129112988,0.15329004456140793,1.0,0,False,,,,
1766468975.771944,0.2258222658050594,0.1501842166816001,0.908051609992981,0,False,,,,
1766468975.776636,0.2059962612947087,0.13329931590287425,0.9877040684223175,0,False,,,,
1766468976.1205199,0.2059962612947087,0.13329931590287425,0.9877040684223175,0,False,,,,
1766468976.1252658,0.20438438853869734,0.12953870051717897,0.904168963432312,0,False,,,,
1766468976.12798,0.20438438853869734,0.12953870051717897,0.904168963432312,0,False,,,,
1766468976.132281,0.20438438853869734,0.12953870051717897,0.904168963432312,0,False,,,,
1766468976.134826,0.19968019841749635,0.16842352942847705,0.9078195989131927,0,False,,,,
1766468976.405647,0.19968019841749635,0.16842352942847705,0.9078195989131927,0,False,,,,
1766468976.411028,0.20003298895133798,0.16547256928146759,0.9287037551403046,0,False,,,,
1766468976.413932,0.20003298895133798,0.16547256928146759,0.9287037551403046,0,False,,,,
1766468976.4183779,0.20003298895133798,0.16547256928146759,0.9287037551403046,0,False,,,,
1766468976.420869,0.2020432118409956,0.14788193684194617,0.8726849555969238,0,False,,,,
1766468976.5833442,0.2020432118409956,0.14788193684194617,0.8726849555969238,0,False,,,,
1766468976.58737,0.2020432118409956,0.14788193684194617,0.8726849555969238,0,False,,,,
1766468976.589922,0.2020432118409956,0.14788193684194617,0.8726849555969238,0,False,,,,
1766468976.592067,0.2020432118409956,0.14788193684194617,0.8726849555969238,0,False,,,,
1766468976.5944471,0.03462075326084184,0.5566146689139603,0.41222127589358665,0,False,,,,
1766468976.7883918,0.03462075326084184,0.5566146689139603,0.41222127589358665,0,False,,,,
1766468976.792953,0.03462075326084184,0.5566146689139603,0.41222127589358665,0,False,,,,
1766468976.796055,0.04584982004855309,0.5445441296170259,0.334059462075049,0,False,,,,
1766468976.798673,0.04584982004855309,0.5445441296170259,0.334059462075049,0,False,,,,
1766468976.802613,0.03742678126084327,0.5548621573746733,0.4060968862042927,0,False,,,,
1766468976.9533849,0.03742678126084327,0.5548621573746733,0.4060968862042927,0,False,,,,
1766468976.957907,0.03742678126084327,0.5548621573746733,0.4060968862042927,0,False,,,,
1766468976.960486,0.03742678126084327,0.5548621573746733,0.4060968862042927,0,False,,,,
1766468976.965633,0.02994038279360902,0.5619504684858769,0.5573038800454919,0,False,,,,
1766468976.9679308,0.3017184443011944,0.4334108239051291,0.0,0,False,,,,
1766468977.126721,0.3017184443011944,0.4334108239051291,0.0,0,False,,,,
1766468977.13147,0.487796491057184,0.21119239526936995,1.0,0,False,,,,
1766468977.134565,0.487796491057184,0.21119239526936995,1.0,0,False,,,,
1766468977.139185,0.487796491057184,0.21119239526936995,1.0,0,False,,,,
1766468977.1416278,0.4740735065403717,0.20113361928118623,0.9875071048736572,0,False,,,,
1766468978.2111301,0.4740735065403717,0.20113361928118623,0.9875071048736572,0,False,,,,
1766468978.2152362,0.4740735065403717,0.20113361928118623,0.9875071048736572,0,False,,,,
1766468978.218281,0.30186526173628153,0.4333437144590814,0.0,0,False,,,,
1766468978.220806,0.30186526173628153,0.4333437144590814,0.0,0,False,,,,
1766468978.223298,0.30186526173628153,0.4333437144590814,0.0,0,False,,,,
1766468978.400928,0.30186526173628153,0.4333437144590814,0.0,0,False,,,,
1766468978.406524,0.30186526173628153,0.4333437144590814,0.0,0,False,,,,
1766468978.411346,0.30186526173628153,0.4333437144590814,0.0,0,False,,,,
1766468978.41409,0.30186526173628153,0.4333437144590814,0.0,0,False,,,,
1766468978.416385,0.19651927635761973,0.16588385306838704,0.9921301603317261,0,False,,,,
1766468978.6182332,0.1975491172032522,0.16826284162708893,0.9709393680095673,0,False,,,,
1766468978.6240902,0.198466917070555,0.17045674360837482,0.9462170302867889,0,False,,,,
1766468978.6291242,0.198466917070555,0.17045674360837482,0.9462170302867889,0,False,,,,
1766468978.631579,0.198466917070555,0.17045674360837482,0.9462170302867889,0,False,,,,
1766468978.633722,0.20594771937414363,0.17501470636542749,0.9675482511520386,0,False,,,,
1766468978.793778,0.20594771937414363,0.17501470636542749,0.9675482511520386,0,False,,,,
1766468978.798618,0.20594771937414363,0.17501470636542749,0.9675482511520386,0,False,,,,
1766468978.803384,0.2045172448116357,0.17416176340565204,0.967929482460022,0,False,,,,
1766468978.8062348,0.2045172448116357,0.17416176340565204,0.967929482460022,0,False,,,,
1766468978.808432,0.1923273906250859,0.13008611157258299,0.9754016101360321,0,False,,,,
1766468978.975945,0.1923273906250859,0.13008611157258299,0.9754016101360321,0,False,,,,
1766468978.981479,0.1923273906250859,0.13008611157258299,0.9754016101360321,0,False,,,,
1766468978.984425,0.1923273906250859,0.13008611157258299,0.9754016101360321,0,False,,,,
1766468978.9869828,0.1923273906250859,0.13008611157258299,0.9754016101360321,0,False,,,,
1766468978.9894369,0.1912197269654335,0.15076418066604047,1.0,0,False,,,,
1766468979.1616452,0.1912197269654335,0.15076418066604047,1.0,0,False,,,,
1766468979.166873,0.1912197269654335,0.15076418066604047,1.0,0,False,,,,
1766468979.1699562,0.1912197269654335,0.15076418066604047,1.0,0,False,,,,
1766468979.172369,0.1912197269654335,0.15076418066604047,1.0,0,False,,,,
1766468979.177408,0.19027973431540435,0.18097192282154428,0.9467269480228424,0,False,,,,
1766468979.332971,0.19027973431540435,0.18097192282154428,0.9467269480228424,0,False,,,,
1766468979.338196,0.19027973431540435,0.18097192282154428,0.9467269480228424,0,False,,,,
1766468979.3412118,0.19027973431540435,0.18097192282154428,0.9467269480228424,0,False,,,,
1766468979.344078,0.18792801404154683,0.17779924979953643,0.9533966183662415,0,False,,,,
1766468979.3465369,0.25734846328189687,0.6940883090376977,1.0,0,False,,,,
1766468979.5114932,0.25734846328189687,0.6940883090376977,1.0,0,False,,,,
1766468979.517921,0.25734846328189687,0.6940883090376977,1.0,0,False,,,,
1766468979.522772,0.25734846328189687,0.6940883090376977,1.0,0,False,,,,
1766468979.525776,0.345275145333025,0.7022549428915521,0.8481027483940125,0,False,,,,
1766468979.5284832,0.5365226567872594,0.6668980010654322,0.5364989150639432,0,False,,,,
1766468979.7374878,0.5365226567872594,0.6668980010654322,0.5364989150639432,0,False,,,,
1766468979.741577,0.5300934245690867,0.6627380775863854,0.5926437408644549,0,False,,,,
1766468979.744076,0.534275096241842,0.6641168403895277,0.5358881180073052,0,False,,,,
1766468979.746476,0.534275096241842,0.6641168403895277,0.5358881180073052,0,False,,,,
1766468979.750158,0.35208280170918205,0.7705091709905537,0.3827285635929097,0,False,,,,
1766468979.932477,0.35208280170918205,0.7705091709905537,0.3827285635929097,0,False,,,,
1766468979.937398,0.35208280170918205,0.7705091709905537,0.3827285635929097,0,False,,,,
1766468979.939994,0.35208280170918205,0.7705091709905537,0.3827285635929097,0,False,,,,
1766468979.943653,0.35492408140168485,0.7685136706624367,0.3829826232265802,0,False,,,,
1766468979.9464252,0.5342612463669757,0.25725246085448594,0.3643506367690465,0,False,,,,
1766468980.127519,0.5360219149579072,0.5516819500142517,0.5674622949871322,0,False,,,,
1766468980.132994,0.5360219149579072,0.5516819500142517,0.5674622949871322,0,False,,,,
1766468980.1377769,0.5360219149579072,0.5516819500142517,0.5674622949871322,0,False,,,,
1766468980.14239,0.5360219149579072,0.5516819500142517,0.5674622949871322,0,False,,,,
1766468980.14499,0.5257555301374424,0.24727144068405338,0.453820224022762,0,False,,,,
1766468980.291784,0.5257555301374424,0.24727144068405338,0.453820224022762,0,False,,,,
1766468980.2965848,0.525800798721186,0.24731810573192958,0.4591572328301009,0,False,,,,
1766468980.299638,0.525800798721186,0.24731810573192958,0.4591572328301009,0,False,,,,
1766468980.305216,0.525800798721186,0.24731810573192958,0.4591572328301009,0,False,,,,
1766468980.308527,0.5334824847564509,0.5615621031821396,0.6,0,False,,,,
1766468980.466805,0.5334824847564509,0.5615621031821396,0.6,0,False,,,,
1766468980.471812,0.5334824847564509,0.5615621031821396,0.6,0,False,,,,
1766468980.4764318,0.5334824847564509,0.5615621031821396,0.6,0,False,,,,
1766468980.479191,0.5372030222462757,0.5571001076287556,0.5378125656026492,0,False,,,,
1766468980.4820962,0.19149320340479337,0.20834429518108843,0.9301193058490753,0,False,,,,
1766468980.6548579,0.19149320340479337,0.20834429518108843,0.9301193058490753,0,False,,,,
1766468980.6596868,0.19149320340479337,0.20834429518108843,0.9301193058490753,0,False,,,,
1766468980.663404,0.19884519386011604,0.24817685328801975,0.9384170770645142,0,False,,,,
1766468980.666295,0.19884519386011604,0.24817685328801975,0.9384170770645142,0,False,,,,
1766468980.668996,0.290187109145154,0.5346800418825017,0.9418610632419586,0,False,,,,
1766468980.85785,0.290187109145154,0.5346800418825017,0.9418610632419586,0,False,,,,
1766468980.862582,0.290187109145154,0.5346800418825017,0.9418610632419586,0,False,,,,
1766468980.8655748,0.2929016674846732,0.5414454675551196,0.9665703177452087,0,False,,,,
1766468980.86847,0.29595297311112806,0.5533908249774936,0.9844829440116882,0,False,,,,
1766468980.871045,0.2899396145103009,0.5384494854307236,0.8539636135101318,0,False,,,,
1766468981.0356321,0.2906379571329868,0.5146436019356612,0.864605575799942,0,False,,,,
1766468981.0423172,0.2906379571329868,0.5146436019356612,0.864605575799942,0,False,,,,
1766468981.047355,0.2906379571329868,0.5146436019356612,0.864605575799942,0,False,,,,
1766468981.049912,-0.010567150361655297,0.6913982268899745,0.30341867357008917,0,False,,,,
1766468981.0522041,-0.01843659752314881,0.7450991687978867,0.2668679586939828,0,False,,,,
1766468981.2462668,-0.01843659752314881,0.7450991687978867,0.2668679586939828,0,False,,,,
1766468981.251196,-0.029958315675932035,0.7817081654804495,0.17710674127835344,0,False,,,,
1766468981.254827,-0.029958315675932035,0.7817081654804495,0.17710674127835344,0,False,,,,
1766468981.259692,-0.029958315675932035,0.7817081654804495,0.17710674127835344,0,False,,,,
1766468981.262495,-0.021439196272316163,0.7780550689730813,0.317547570079467,0,False,,,,
1766468981.4373848,-0.017507389592351697,0.7428715231865266,0.3191177592752773,0,False,,,,
1766468981.441872,-0.017507389592351697,0.7428715231865266,0.3191177592752773,0,False,,,,
1766468981.4463181,-0.017507389592351697,0.7428715231865266,0.3191177592752773,0,False,,,,
1766468981.448811,-0.017507389592351697,0.7428715231865266,0.3191177592752773,0,False,,,,
1766468981.453344,-0.018699208638983313,0.720126334417905,0.29366751316618916,0,False,,,,
1766468981.624084,-0.018699208638983313,0.720126334417905,0.29366751316618916,0,False,,,,
1766468981.6289542,-0.018699208638983313,0.720126334417905,0.29366751316618916,0,False,,,,
1766468981.631615,-0.018699208638983313,0.720126334417905,0.29366751316618916,0,False,,,,
1766468981.634366,-0.021597621660202203,0.756972773757839,0.30344947188266586,0,False,,,,
1766468981.6380749,0.443249677808988,0.18825559146051707,1.0,0,False,,,,
1766468981.815083,0.443249677808988,0.18825559146051707,1.0,0,False,,,,
1766468981.819495,0.4437275671613684,0.18831622954801897,1.0,0,False,,,,
1766468981.8220422,0.4437275671613684,0.18831622954801897,1.0,0,False,,,,
1766468981.82686,0.4437275671613684,0.18831622954801897,1.0,0,False,,,,
1766468981.8294091,0.4553236157354051,0.19749661313218503,0.29745852484038143,0,False,,,,
1766468981.99958,0.4553236157354051,0.19749661313218503,0.29745852484038143,0,False,,,,
1766468982.003773,0.4553236157354051,0.19749661313218503,0.29745852484038143,0,False,,,,
1766468982.00659,0.45769774470129043,0.18587053039553636,0.35591040096578475,0,False,,,,
1766468982.0102432,0.45769774470129043,0.18587053039553636,0.35591040096578475,0,False,,,,
1766468982.012568,0.0752988473618946,0.7372472259040508,0.43684208524789875,0,False,,,,
1766468982.17445,0.07526501281508864,0.7375632498515902,0.51861687967524,0,False,,,,
1766468982.1795268,0.07526501281508864,0.7375632498515902,0.51861687967524,0,False,,,,
1766468982.182751,0.07526501281508864,0.7375632498515902,0.51861687967524,0,False,,,,
1766468982.185152,0.07526501281508864,0.7375632498515902,0.51861687967524,0,False,,,,
1766468982.18808,0.5051812312058072,0.21832845431800862,0.26737293471633394,0,False,,,,
1766468982.381579,0.5051812312058072,0.21832845431800862,0.26737293471633394,0,False,,,,
1766468982.3862772,0.5051812312058072,0.21832845431800862,0.26737293471633394,0,False,,,,
1766468982.389546,0.5050419991261357,0.21823229612914286,0.24202335206675496,0,False,,,,
1766468982.393893,0.5049121089740194,0.21813780728719911,0.24913639337122792,0,False,,,,
1766468982.398391,0.5100319961074844,0.22318144444982957,0.29184079108928207,0,False,,,,
1766468982.552516,0.5100319961074844,0.22318144444982957,0.29184079108928207,0,False,,,,
1766468982.5569322,0.5100319961074844,0.22318144444982957,0.29184079108928207,0,False,,,,
1766468982.5603058,0.5098980581864752,0.22308052896837882,0.2840666550692839,0,False,,,,
1766468982.562956,0.5098980581864752,0.22308052896837882,0.2840666550692839,0,False,,,,
1766468982.567276,0.5086078502789153,0.22216713017049317,0.26266372334098637,0,False,,,,
1766468982.722317,0.5086078502789153,0.22216713017049317,0.26266372334098637,0,False,,,,
1766468982.726681,0.6336055531447261,0.9197095274528765,1.0,0,False,,,,
1766468982.729855,0.6336055531447261,0.9197095274528765,1.0,0,False,,,,
1766468982.7328691,0.6336055531447261,0.9197095274528765,1.0,0,False,,,,
1766468982.738401,0.582695675100841,0.8450073760517998,0.33434451140095756,0,False,,,,
1766468982.946846,0.582695675100841,0.8450073760517998,0.33434451140095756,0,False,,,,
1766468982.951436,0.582695675100841,0.8450073760517998,0.33434451140095756,0,False,,,,
1766468982.9545841,0.582695675100841,0.8450073760517998,0.33434451140095756,0,False,,,,
1766468982.95694,0.582695675100841,0.8450073760517998,0.33434451140095756,0,False,,,,
1766468982.959983,0.5271028813836136,0.2522718847014268,0.7452972531318665,0,False,,,,
1766468983.157268,0.5271028813836136,0.2522718847014268,0.7452972531318665,0,False,,,,
1766468983.161684,0.6025106218488047,0.9892602079422393,0.44442058238425547,0,False,,,,
1766468983.16554,0.6257300689779184,0.9463271565409233,0.2994568011790391,0,False,,,,
1766468983.169336,0.6257300689779184,0.9463271565409233,0.2994568011790391,0,False,,,,
1766468983.174463,0.4437244182136773,0.19351922736413119,0.39458281681052687,0,False,,,,
1766468983.324672,0.4437244182136773,0.19351922736413119,0.39458281681052687,0,False,,,,
1766468983.329149,0.6243014458959205,0.9497849921847442,0.33643189366659737,0,False,,,,
1766468983.334041,0.6243014458959205,0.9497849921847442,0.33643189366659737,0,False,,,,
1766468983.3389282,0.6243014458959205,0.9497849921847442,0.33643189366659737,0,False,,,,
1766468983.342159,0.622578402153349,0.9537892237402442,0.31180747475628956,0,False,,,,
1766468983.536062,0.622578402153349,0.9537892237402442,0.31180747475628956,0,False,,,,
1766468983.540572,0.622578402153349,0.9537892237402442,0.31180747475628956,0,False,,,,
1766468983.543284,0.622578402153349,0.9537892237402442,0.31180747475628956,0,False,,,,
1766468983.5458481,0.618770910782075,0.9351975875736678,0.3344034784489237,0,False,,,,
1766468983.5484002,0.541669213592627,0.26582857766731016,0.8238722085952759,0,False,,,,
1766468983.7645068,0.541485301482267,0.2659562339587851,0.7902452349662781,0,False,,,,
1766468983.7709398,0.541485301482267,0.2659562339587851,0.7902452349662781,0,False,,,,
1766468983.7753541,0.541485301482267,0.2659562339587851,0.7902452349662781,0,False,,,,
1766468983.777984,0.541485301482267,0.2659562339587851,0.7902452349662781,0,False,,,,
1766468983.7824142,0.4214007768406545,0.17787761475942787,0.3462162053297599,0,False,,,,
1766468983.944695,0.4214007768406545,0.17787761475942787,0.3462162053297599,0,False,,,,
1766468983.950957,0.6569215825370261,0.8009224141094464,1.0,0,False,,,,
1766468983.956197,0.6569215825370261,0.8009224141094464,1.0,0,False,,,,
1766468983.9593291,0.6569215825370261,0.8009224141094464,1.0,0,False,,,,
1766468983.961735,0.6385876433443627,0.7219763974267265,0.3406062788664373,0,False,,,,
1766468984.159063,0.6385876433443627,0.7219763974267265,0.3406062788664373,0,False,,,,
1766468984.163394,0.6385876433443627,0.7219763974267265,0.3406062788664373,0,False,,,,
1766468984.167048,0.6863575599853267,0.7495446747301405,0.3600520170003687,0,False,,,,
1766468984.1696079,0.6863575599853267,0.7495446747301405,0.3600520170003687,0,False,,,,
1766468984.172401,0.6305962411614001,0.8162484893985157,0.15850344965869304,0,False,,,,
1766468984.330854,0.6305962411614001,0.8162484893985157,0.15850344965869304,0,False,,,,
1766468984.335451,0.62370342525944,0.8075114021432731,0.21576443025751021,0,False,,,,
1766468984.338005,0.62370342525944,0.8075114021432731,0.21576443025751021,0,False,,,,
1766468984.342883,0.62370342525944,0.8075114021432731,0.21576443025751021,0,False,,,,
1766468984.345404,0.38317936491185833,0.4482053946335087,0.9034420318459788,0,False,,,,
1766468984.7611399,0.38317936491185833,0.4482053946335087,0.9034420318459788,0,False,,,,
1766468984.765537,0.38317936491185833,0.4482053946335087,0.9034420318459788,0,False,,,,
1766468984.768623,0.38317936491185833,0.4482053946335087,0.9034420318459788,0,False,,,,
1766468984.771661,0.3830096458542422,0.4554458285443703,0.8904847502708435,0,False,,,,
1766468984.773969,0.45895150196141155,0.20552512988954086,1.0,0,False,,,,
1766468985.063915,0.45895150196141155,0.20552512988954086,1.0,0,False,,,,
1766468985.068558,0.45895150196141155,0.20552512988954086,1.0,0,False,,,,
1766468985.071338,0.2041658378057786,0.2948259260110775,0.9562686488478356,0,False,,,,
1766468985.075638,0.2041658378057786,0.2948259260110775,0.9562686488478356,0,False,,,,
1766468985.080002,0.06179354879624697,0.5443408236378795,0.37738185378899863,0,False,,,,
1766468985.366436,0.06179354879624697,0.5443408236378795,0.37738185378899863,0,False,,,,
1766468985.371497,0.06269335996171588,0.551243205006975,0.3367233617444792,0,False,,,,
1766468985.375136,0.06269335996171588,0.551243205006975,0.3367233617444792,0,False,,,,
1766468985.379255,0.06269335996171588,0.551243205006975,0.3367233617444792,0,False,,,,
1766468985.3820102,0.45859634100197333,0.20143376525031031,1.0,0,False,,,,
1766468985.594949,0.45859634100197333,0.20143376525031031,1.0,0,False,,,,
1766468985.600134,0.45859634100197333,0.20143376525031031,1.0,0,False,,,,
1766468985.6029599,0.45859634100197333,0.20143376525031031,1.0,0,False,,,,
1766468985.605427,0.45846606382565824,0.2013345653627464,1.0,0,False,,,,
1766468985.6083982,0.47213514712702925,0.19383181210210298,0.5987875179158323,0,False,,,,
1766468985.8353438,0.47213514712702925,0.19383181210210298,0.5987875179158323,0,False,,,,
1766468985.839923,0.47213514712702925,0.19383181210210298,0.5987875179158323,0,False,,,,
1766468985.8432379,0.49896205666381743,0.21339293959120542,0.12035085282565013,0,False,,,,
1766468985.845711,0.49896205666381743,0.21339293959120542,0.12035085282565013,0,False,,,,
1766468985.848578,0.06622759440382371,0.6017363363951265,0.5370508034391523,0,False,,,,
1766468986.035723,0.06622759440382371,0.6017363363951265,0.5370508034391523,0,False,,,,
1766468986.0410628,0.06766312926262863,0.595684924399429,0.4271859145550618,0,False,,,,
1766468986.04463,0.04140647019591546,0.6764680598626888,0.46027503865756714,0,False,,,,
1766468986.0470662,0.04140647019591546,0.6764680598626888,0.46027503865756714,0,False,,,,
1766468986.05162,0.3132183870715073,0.29221926420936395,0.9557242237410666,0,False,,,,
1766468986.237183,0.3132183870715073,0.29221926420936395,0.9557242237410666,0,False,,,,
1766468986.242164,-0.012023703477904667,0.7347886254815387,0.4412615155387213,0,False,,,,
1766468986.246907,-0.012023703477904667,0.7347886254815387,0.4412615155387213,0,False,,,,
1766468986.2517362,-0.012023703477904667,0.7347886254815387,0.4412615155387213,0,False,,,,
1766468986.255125,0.2683190428067429,0.2364077056216003,0.8278822004795074,0,False,,,,
1766468986.400821,0.2683190428067429,0.2364077056216003,0.8278822004795074,0,False,,,,
1766468986.4063659,0.2683190428067429,0.2364077056216003,0.8278822004795074,0,False,,,,
1766468986.409194,0.31270898397788094,0.2816526965149728,0.9555708420276642,0,False,,,,
1766468986.4120488,0.311335509392587,0.28072463439880124,0.995,0,False,,,,
1766468986.415256,0.19912930889404162,0.28771970756706167,0.9764927923679352,0,False,,,,
1766468986.5918322,0.19912930889404162,0.28771970756706167,0.9764927923679352,0,False,,,,
1766468986.5969331,0.17668007761618446,0.26917764554745327,0.9161233305931091,0,False,,,,
1766468986.6001458,0.17668007761618446,0.26917764554745327,0.9161233305931091,0,False,,,,
1766468986.604936,0.17668007761618446,0.26917764554745327,0.9161233305931091,0,False,,,,
1766468986.609194,0.5130742443651222,0.22336809141741065,0.8332902789115906,0,False,,,,
1766468986.848581,0.5130742443651222,0.22336809141741065,0.8332902789115906,0,False,,,,
1766468986.854233,0.5130742443651222,0.22336809141741065,0.8332902789115906,0,False,,,,
1766468986.858978,0.5130742443651222,0.22336809141741065,0.8332902789115906,0,False,,,,
1766468986.862027,0.5133823134792064,0.22367453244333912,0.790228545665741,0,False,,,,
1766468986.8655841,0.07142053340923527,0.49623206284947474,0.3937849846997021,0,False,,,,
1766468987.040303,0.07142053340923527,0.49623206284947474,0.3937849846997021,0,False,,,,
1766468987.045147,0.5237934757089135,0.23320664023808169,0.9046574831008911,0,False,,,,
1766468987.0481658,0.004762957299460436,0.6347560656364446,0.46371991376456123,0,False,,,,
1766468987.050865,0.004762957299460436,0.6347560656364446,0.46371991376456123,0,False,,,,
1766468987.056372,0.06809534270150994,0.5176873905513195,0.37694306803169236,0,False,,,,
1766468987.259705,0.06809534270150994,0.5176873905513195,0.37694306803169236,0,False,,,,
1766468987.263826,0.06809534270150994,0.5176873905513195,0.37694306803169236,0,False,,,,
1766468987.2666612,0.5343635330167641,0.2436832152979055,0.825082540512085,0,False,,,,
1766468987.269213,0.5343635330167641,0.2436832152979055,0.825082540512085,0,False,,,,
1766468987.2721221,0.5418315510643965,0.25193597122273725,0.739270806312561,0,False,,,,
1766468987.422432,0.3652540216053854,0.17113355986784318,0.8721955120563507,0,False,,,,
1766468987.4279182,0.3652540216053854,0.17113355986784318,0.8721955120563507,0,False,,,,
1766468987.430836,0.3652540216053854,0.17113355986784318,0.8721955120563507,0,False,,,,
1766468987.43369,0.3434513348365952,0.15719452998541106,0.8897970020771027,0,False,,,,
1766468987.436403,0.5399219945200491,0.2502983947628745,0.6,0,False,,,,
1766468987.613324,0.5399219945200491,0.2502983947628745,0.6,0,False,,,,
1766468987.618643,0.5397804356121214,0.25117451275046665,0.6,0,False,,,,
1766468987.6212292,0.5397804356121214,0.25117451275046665,0.6,0,False,,,,
1766468987.625912,0.5397804356121214,0.25117451275046665,0.6,0,False,,,,
1766468987.630312,0.5496595398778832,0.26430815699814336,0.37398800140205585,0,False,,,,
1766468987.807586,0.5496595398778832,0.26430815699814336,0.37398800140205585,0,False,,,,
1766468987.812615,0.5496595398778832,0.26430815699814336,0.37398800140205585,0,False,,,,
1766468987.816007,0.5496595398778832,0.26430815699814336,0.37398800140205585,0,False,,,,
1766468987.818717,0.22824475009628017,0.3276866765064965,0.5074530447213474,0,False,,,,
1766468987.821142,0.5452790339861648,0.256685095677047,0.6,1,False,,,,
1766468988.107307,0.5452790339861648,0.256685095677047,0.6,1,False,,,,
1766468988.1138308,0.5452790339861648,0.256685095677047,0.6,1,False,,,,
1766468988.116866,0.23677062764767834,0.2955202288168486,0.4841773620839954,1,False,,,,
1766468988.120042,0.5453573271598781,0.2567561608308909,0.6,1,False,,,,
1766468988.124398,0.23808426648067438,0.307491747486615,0.436710634753453,1,False,,,,
1766468988.401587,0.23808426648067438,0.307491747486615,0.436710634753453,1,False,,,,
1766468988.406765,0.23148519904940992,0.3081224056088484,0.4693247394802681,1,False,,,,
1766468988.410966,0.23148519904940992,0.3081224056088484,0.4693247394802681,1,False,,,,
1766468988.4164438,0.23148519904940992,0.3081224056088484,0.4693247394802681,1,False,,,,
1766468988.4191082,0.5046992332094402,0.21594809147114846,0.3307387782390851,1,False,,,,
1766468989.121666,0.5046992332094402,0.21594809147114846,0.3307387782390851,1,False,,,,
1766468989.127789,0.4976689880991497,0.2097800693254781,0.3142861441428314,1,False,,,,
1766468989.1311228,0.4976689880991497,0.2097800693254781,0.3142861441428314,1,False,,,,
1766468989.135596,0.4976689880991497,0.2097800693254781,0.3142861441428314,1,False,,,,
1766468989.138495,0.23620806858098603,0.27297617705800836,0.4885652991007635,0,False,,,,
1766468989.320967,0.23620806858098603,0.27297617705800836,0.4885652991007635,0,False,,,,
1766468989.326619,0.4902404722075939,0.20529920165534998,0.3310841648700699,0,False,,,,
1766468989.331584,0.4902404722075939,0.20529920165534998,0.3310841648700699,0,False,,,,
1766468989.337562,0.4902404722075939,0.20529920165534998,0.3310841648700699,0,False,,,,
1766468989.340838,0.2449151087061495,0.24860345175768872,0.3845016513570578,0,False,,,,
1766468989.550682,0.2449151087061495,0.24860345175768872,0.3845016513570578,0,False,,,,
1766468989.5555332,0.2449151087061495,0.24860345175768872,0.3845016513570578,0,False,,,,
1766468989.558222,0.2449151087061495,0.24860345175768872,0.3845016513570578,0,False,,,,
1766468989.560898,0.2342253773888297,0.266853300926152,0.44211876479385775,0,False,,,,
1766468989.563454,0.23929119779861088,0.26697198745832784,0.34107525072473527,0,False,,,,
1766468989.793278,0.2502390660874171,0.235823496114287,0.3075782125053898,0,False,,,,
1766468989.7987578,0.5341826575300419,0.2440561158956953,0.594856427516709,0,False,,,,
1766468989.8036218,0.5341826575300419,0.2440561158956953,0.594856427516709,0,False,,,,
1766468989.8070452,0.5341826575300419,0.2440561158956953,0.594856427516709,0,False,,,,
1766468989.811307,0.41989675565583917,0.7578195415239574,0.4971888423399108,0,False,,,,
1766468990.202663,0.41989675565583917,0.7578195415239574,0.4971888423399108,0,False,,,,
1766468990.208137,0.41989675565583917,0.7578195415239574,0.4971888423399108,0,False,,,,
1766468990.211125,0.41989675565583917,0.7578195415239574,0.4971888423399108,0,False,,,,
1766468990.214059,0.4250623962663537,0.7115969698428294,0.39744988327482667,0,False,,,,
1766468990.216866,0.5492065947351871,0.5298925785898192,0.8979156017303467,0,False,,,,
1766468990.383189,0.5853270286939634,0.4817194923050079,0.8530486226081848,0,False,,,,
1766468990.389209,0.5853270286939634,0.4817194923050079,0.8530486226081848,0,False,,,,
1766468990.39386,0.5853270286939634,0.4817194923050079,0.8530486226081848,0,False,,,,
1766468990.3966248,0.5853270286939634,0.4817194923050079,0.8530486226081848,0,False,,,,
1766468990.3996081,0.5368420252572496,0.25143149341967486,0.43550561405991434,0,False,,,,
1766468990.6003551,0.5369264612435721,0.25146798318161867,0.4495478231482406,0,False,,,,
1766468990.605718,0.5369264612435721,0.25146798318161867,0.4495478231482406,0,False,,,,
1766468990.611161,0.5369264612435721,0.25146798318161867,0.4495478231482406,0,False,,,,
1766468990.614174,0.5369264612435721,0.25146798318161867,0.4495478231482406,0,False,,,,
1766468990.617634,0.5406466967285132,0.25625866952493614,0.42490507348642015,0,False,,,,
1766468990.773592,0.5406466967285132,0.25625866952493614,0.42490507348642015,0,False,,,,
1766468990.778452,0.5406466967285132,0.25625866952493614,0.42490507348642015,0,False,,,,
1766468990.783301,0.5213951412475814,0.30592743019884483,0.38661652646533173,0,False,,,,
1766468990.785911,0.5213951412475814,0.30592743019884483,0.38661652646533173,0,False,,,,
1766468990.788346,0.5411820929491297,0.25652696899965677,0.39164990134221117,0,False,,,,
1766468990.941522,0.5411820929491297,0.25652696899965677,0.39164990134221117,0,False,,,,
1766468990.946421,0.5411820929491297,0.25652696899965677,0.39164990134221117,0,False,,,,
1766468990.9500108,0.541389229422996,0.25659922087581033,0.4716900162230201,0,False,,,,
1766468990.9547231,0.541389229422996,0.25659922087581033,0.4716900162230201,0,False,,,,
1766468990.962125,0.7383259758561609,0.6105944613936977,0.3052211717878132,0,False,,,,
1766468991.1223528,0.7383259758561609,0.6105944613936977,0.3052211717878132,0,False,,,,
1766468991.127661,0.7383259758561609,0.6105944613936977,0.3052211717878132,0,False,,,,
1766468991.130757,0.7383259758561609,0.6105944613936977,0.3052211717878132,0,False,,,,
1766468991.133257,0.5406092833010883,0.2612954268085136,0.4335170147629053,0,False,,,,
1766468991.1361332,0.5387963540628714,0.2584923727830801,0.34803400432603426,0,False,,,,
1766468991.3062131,0.7335714949554577,0.6212717303577998,0.32206383700794555,0,False,,,,
1766468991.311852,0.7335714949554577,0.6212717303577998,0.32206383700794555,0,False,,,,
1766468991.3168871,0.7414919423113813,0.6261731943218313,0.1960580783875513,0,False,,,,
1766468991.320448,0.7215503531340495,0.6001833441353136,0.20531149754272995,0,False,,,,
1766468991.323545,0.7309728286175752,0.7339170909897947,0.35246214325048175,0,False,,,,
1766468991.525865,0.7789991595755902,0.78290502152687,0.3940182631159597,0,False,,,,
1766468991.531616,0.7789991595755902,0.78290502152687,0.3940182631159597,0,False,,,,
1766468991.5344498,0.7789991595755902,0.78290502152687,0.3940182631159597,0,False,,,,
1766468991.53703,0.7355043932319101,0.7153777099242035,0.30896443000393997,0,False,,,,
1766468991.539747,0.7801676477926317,1.004514671715152,0.08364895720136094,0,False,,,,
1766468991.718803,0.7801676477926317,1.004514671715152,0.08364895720136094,0,False,,,,
1766468991.726487,0.7292448013114482,0.7449866222042867,0.12405046689978146,0,False,,,,
1766468991.7316391,0.7292448013114482,0.7449866222042867,0.12405046689978146,0,False,,,,
1766468991.7348638,0.7292448013114482,0.7449866222042867,0.12405046689978146,0,False,,,,
1766468991.737171,0.4773315773935035,0.1968822704426676,0.2977354794400274,0,False,,,,
1766468991.925319,0.5993391224692948,0.49190926013575886,0.841926634311676,0,False,,,,
1766468991.9315531,0.5993391224692948,0.49190926013575886,0.841926634311676,0,False,,,,
1766468991.935668,0.5993391224692948,0.49190926013575886,0.841926634311676,0,False,,,,
1766468991.9380329,0.4815672052151025,0.199799502735995,0.29587438282178785,0,False,,,,
1766468991.9406211,0.513783733026564,0.23491249951699844,0.29680069994462954,0,False,,,,
1766468992.1046798,0.5681380071789783,0.3783767725725642,0.3967191987456059,0,False,,,,
1766468992.109982,0.5670917565508433,0.37292146140135785,0.36205964543964386,0,False,,,,
1766468992.114193,0.5670917565508433,0.37292146140135785,0.36205964543964386,0,False,,,,
1766468992.1186318,0.5670917565508433,0.37292146140135785,0.36205964543964386,0,False,,,,
1766468992.12172,0.6051689924501401,0.3908214624667652,0.3611870028409981,0,False,,,,
1766468992.28285,0.6051689924501401,0.3908214624667652,0.3611870028409981,0,False,,,,
1766468992.287575,0.6051689924501401,0.3908214624667652,0.3611870028409981,0,False,,,,
1766468992.290665,0.5710801574592153,0.37883173999087805,0.42405017856105204,0,False,,,,
1766468992.293153,0.5710801574592153,0.37883173999087805,0.42405017856105204,0,False,,,,
1766468992.2975109,0.5687177886713469,0.4787219696635312,0.31486369843557555,0,False,,,,
1766468992.466563,0.5687177886713469,0.4787219696635312,0.31486369843557555,0,False,,,,
1766468992.471304,0.5687177886713469,0.4787219696635312,0.31486369843557555,0,False,,,,
1766468992.474097,0.5687177886713469,0.4787219696635312,0.31486369843557555,0,False,,,,
1766468992.476594,0.5834227121342735,0.48855228963611474,0.2917192734485417,0,False,,,,
1766468992.479028,0.6724171077523795,0.08663149496826728,0.887575626373291,0,False,,,,
1766468992.732998,0.6724171077523795,0.08663149496826728,0.887575626373291,0,False,,,,
1766468992.739545,0.6724171077523795,0.08663149496826728,0.887575626373291,0,False,,,,
1766468992.74228,0.6724171077523795,0.08663149496826728,0.887575626373291,0,False,,,,
1766468992.744682,0.6724171077523795,0.08663149496826728,0.887575626373291,0,False,,,,
1766468992.7478058,0.6938393392997791,0.5096370414582414,0.23440039303215907,0,False,,,,
1766468992.9758441,0.6938393392997791,0.5096370414582414,0.23440039303215907,0,False,,,,
1766468992.980636,0.6913324191550257,0.5026138024738461,0.2694396210726539,0,False,,,,
1766468992.983249,0.6913324191550257,0.5026138024738461,0.2694396210726539,0,False,,,,
1766468992.987346,0.6913324191550257,0.5026138024738461,0.2694396210726539,0,False,,,,
1766468992.99009,0.7346356196877657,0.1538059884403723,0.8008310198783875,0,False,,,,
1766468993.186501,0.7346356196877657,0.1538059884403723,0.8008310198783875,0,False,,,,
1766468993.1908631,0.7346356196877657,0.1538059884403723,0.8008310198783875,0,False,,,,
1766468993.1937962,0.7346356196877657,0.1538059884403723,0.8008310198783875,0,False,,,,
1766468993.196183,0.7346356196877657,0.1538059884403723,0.8008310198783875,0,False,,,,
1766468993.198727,0.7148890075167428,0.13740404951648655,0.9794398844242096,0,False,,,,
1766468993.360565,0.7148890075167428,0.13740404951648655,0.9794398844242096,0,False,,,,
1766468993.364665,0.7165827087462568,0.13812374509736114,0.9786186516284943,0,False,,,,
1766468993.3676028,0.710773787345663,0.13811036155282264,0.9877528846263885,0,False,,,,
1766468993.372809,0.710773787345663,0.13811036155282264,0.9877528846263885,0,False,,,,
1766468993.387858,0.6309330063845102,0.374334422771216,0.2947700496784838,0,False,,,,
1766468993.5650718,0.6071728200934144,0.35159508647663007,0.4067408838139826,0,False,,,,
1766468993.569966,0.6071728200934144,0.35159508647663007,0.4067408838139826,0,False,,,,
1766468993.574605,0.6071728200934144,0.35159508647663007,0.4067408838139826,0,False,,,,
1766468993.577079,0.6071728200934144,0.35159508647663007,0.4067408838139826,0,False,,,,
1766468993.579766,0.5959905094251916,0.02451116366304329,0.9166419506072998,0,False,,,,
1766468993.85328,0.5858567681803326,0.01576488321877423,0.9021048843860626,0,False,,,,
1766468993.8591769,0.5858567681803326,0.01576488321877423,0.9021048843860626,0,False,,,,
1766468993.863671,0.5858567681803326,0.01576488321877423,0.9021048843860626,0,False,,,,
1766468993.867677,0.5999889801055927,0.40677053650462125,0.18273031607290816,0,False,,,,
1766468993.8711529,0.4963771395795879,0.45934373686975527,0.8708456754684448,0,False,,,,
1766468994.047276,0.4963771395795879,0.45934373686975527,0.8708456754684448,0,False,,,,
1766468994.053782,0.4792172916103653,0.522592598689479,0.7218747019767762,0,False,,,,
1766468994.059773,0.4792172916103653,0.522592598689479,0.7218747019767762,0,False,,,,
1766468994.062769,0.4792172916103653,0.522592598689479,0.7218747019767762,0,False,,,,
1766468994.065602,0.5112939912877932,0.5277816771395446,0.9436419558525085,0,False,,,,
1766468994.2250109,0.5112939912877932,0.5277816771395446,0.9436419558525085,0,False,,,,
1766468994.2298088,0.5112939912877932,0.5277816771395446,0.9436419558525085,0,False,,,,
1766468994.23282,0.5439935185051719,0.45591719634440653,0.9486419558525085,0,False,,,,
1766468994.235447,0.5703063593217598,0.4168202081442738,0.8821652829647064,0,False,,,,
1766468994.237996,0.563127064778348,0.4157629744337582,0.7780530154705048,0,False,,,,
1766468994.437578,0.5630970506470974,0.4126323992339649,0.8153814077377319,0,False,,,,
1766468994.4429572,0.5615454677923302,0.40886066127776366,0.8019997179508209,0,False,,,,
1766468994.447367,0.5615454677923302,0.40886066127776366,0.8019997179508209,0,False,,,,
1766468994.451714,0.5615454677923302,0.40886066127776366,0.8019997179508209,0,False,,,,
1766468994.4547148,0.5130034836632033,0.23134491461603823,0.8271872401237488,0,False,,,,
1766468994.6045141,0.40941101256484896,0.42345085188431586,0.3069058959188575,0,False,,,,
1766468994.609844,0.40941101256484896,0.42345085188431586,0.3069058959188575,0,False,,,,
1766468994.6146638,0.40941101256484896,0.42345085188431586,0.3069058959188575,0,False,,,,
1766468994.6174521,0.40941101256484896,0.42345085188431586,0.3069058959188575,0,False,,,,
1766468994.6201658,0.4195379133767195,0.42726417277831374,0.3391430087811316,0,False,,,,
1766468994.810176,0.4195379133767195,0.42726417277831374,0.3391430087811316,0,False,,,,
1766468994.8150039,0.4195379133767195,0.42726417277831374,0.3391430087811316,0,False,,,,
1766468994.819094,0.4195379133767195,0.42726417277831374,0.3391430087811316,0,False,,,,
1766468994.822786,0.41678518551767973,0.44137818051626754,0.3194271652698893,0,False,,,,
1766468994.8280902,0.5407060198537692,0.2570751252116168,0.7132793664932251,0,False,,,,
1766468994.981622,0.5407060198537692,0.2570751252116168,0.7132793664932251,0,False,,,,
1766468994.987864,0.5407060198537692,0.2570751252116168,0.7132793664932251,0,False,,,,
1766468994.991009,0.668243542202602,0.11788115351407791,0.8695734095573425,0,False,,,,
1766468994.99403,0.668243542202602,0.11788115351407791,0.8695734095573425,0,False,,,,
1766468994.998333,0.4725974877042445,0.2019822438992508,0.3951784722859794,0,False,,,,
1766468995.165649,0.4725974877042445,0.2019822438992508,0.3951784722859794,0,False,,,,
1766468995.171414,0.4725974877042445,0.2019822438992508,0.3951784722859794,0,False,,,,
1766468995.1749198,0.48087089734464616,0.19744492135946168,0.3232195341359312,0,False,,,,
1766468995.178923,0.48087089734464616,0.19744492135946168,0.3232195341359312,0,False,,,,
1766468995.18249,0.5757171890137578,0.296976211517323,0.1459246308741408,0,False,,,,
1766468995.348688,0.5757171890137578,0.296976211517323,0.1459246308741408,0,False,,,,
1766468995.352909,0.5757171890137578,0.296976211517323,0.1459246308741408,0,False,,,,
1766468995.355587,0.5757171890137578,0.296976211517323,0.1459246308741408,0,False,,,,
1766468995.3591821,0.5690860979261507,0.2901542936874817,0.2799616347865309,0,False,,,,
1766468995.362916,0.7992039955331451,1.0134395334859987,0.14422698489106536,0,False,,,,
1766468995.573569,0.8230241359288606,0.9043499439529676,0.1950230879647233,0,False,,,,
1766468995.58048,0.8230241359288606,0.9043499439529676,0.1950230879647233,0,False,,,,
1766468995.585314,0.8230241359288606,0.9043499439529676,0.1950230879647233,0,False,,,,
1766468995.588447,0.8230241359288606,0.9043499439529676,0.1950230879647233,0,False,,,,
1766468995.591342,0.7609077898676752,0.7934146392090513,0.2514468581779288,0,False,,,,
1766468996.019398,0.7609077898676752,0.7934146392090513,0.2514468581779288,0,False,,,,
1766468996.026319,0.7609077898676752,0.7934146392090513,0.2514468581779288,0,False,,,,
1766468996.029824,0.822330017767427,0.8030637011158512,0.18738351948168747,0,False,,,,
1766468996.036959,0.822330017767427,0.8030637011158512,0.18738351948168747,0,False,,,,
1766468996.0422258,0.2272735117140623,0.6808193907593418,0.47665281733593806,0,False,,,,
1766468996.5453901,0.5676149269946689,0.27855029303789813,0.583909967586729,0,False,,,,
1766468996.5542269,0.6247273067445012,0.27374261453532944,0.6674595057964325,0,False,,,,
1766468996.559446,0.6247273067445012,0.27374261453532944,0.6674595057964325,0,False,,,,
1766468996.562575,0.6247273067445012,0.27374261453532944,0.6674595057964325,0,False,,,,
1766468996.5656462,0.5680917363171517,0.27988198564499256,0.24057638054427413,1,False,,,,
