timestamp,gaze_x,gaze_y,gaze_confidence,num_faces,is_looking_at_face,face_bbox_left,face_bbox_top,face_bbox_width,face_bbox_height
1766732511.137662,0.4310653932228231,1.1156141863798328,0.8569916188716888,1,False,,,,
1766732511.8445709,0.4763942739249291,0.9257076070945399,0.5697418616272789,1,False,,,,
1766732511.851447,0.4763942739249291,0.9257076070945399,0.5697418616272789,1,False,,,,
1766732511.854381,0.4763942739249291,0.9257076070945399,0.5697418616272789,1,False,,,,
1766732511.857706,0.4518521357291413,1.081211890154694,0.7085084915161133,1,False,,,,
1766732511.861482,0.49742132050579163,0.9485470820571228,0.5300296734895137,1,False,,,,
1766732512.231439,0.4648443206436427,1.1786340614432134,0.8635962605476379,1,False,,,,
1766732512.2396748,0.4648443206436427,1.1786340614432134,0.8635962605476379,1,False,,,,
1766732512.245364,0.4648443206436427,1.1786340614432134,0.8635962605476379,1,False,,,,
1766732512.24826,0.4648443206436427,1.1786340614432134,0.8635962605476379,1,False,,,,
1766732512.250992,0.5257304249885235,1.017383346116627,0.28193869414514855,1,False,,,,
1766732512.606084,0.5257304249885235,1.017383346116627,0.28193869414514855,1,False,,,,
1766732512.612742,0.5257304249885235,1.017383346116627,0.28193869414514855,1,False,,,,
1766732512.617561,0.5257304249885235,1.017383346116627,0.28193869414514855,1,False,,,,
1766732512.6199522,0.5257304249885235,1.017383346116627,0.28193869414514855,1,False,,,,
1766732512.622379,0.48142084583240397,1.0016046310935365,0.30426720260275336,0,False,,,,
1766732512.824787,0.48142084583240397,1.0016046310935365,0.30426720260275336,0,False,,,,
1766732512.832077,0.5852590185910082,0.9853509979171475,1.0,0,False,,,,
1766732512.8346891,0.5852590185910082,0.9853509979171475,1.0,0,False,,,,
1766732512.837781,0.5852590185910082,0.9853509979171475,1.0,0,False,,,,
1766732512.844356,0.4972514199109582,1.0510668849938367,0.7485383749008179,0,False,,,,
1766732513.0613,0.4972514199109582,1.0510668849938367,0.7485383749008179,0,False,,,,
1766732513.067242,0.499903714125326,1.1730156037740973,0.9312656223773956,0,False,,,,
1766732513.070407,0.499903714125326,1.1730156037740973,0.9312656223773956,0,False,,,,
1766732513.07532,0.499903714125326,1.1730156037740973,0.9312656223773956,0,False,,,,
1766732513.0812101,0.5689286735057646,0.3401316233735807,1.0,1,False,,,,
1766732513.309325,0.5689286735057646,0.3401316233735807,1.0,1,False,,,,
1766732513.316651,0.5689286735057646,0.3401316233735807,1.0,1,False,,,,
1766732513.3195221,0.5689286735057646,0.3401316233735807,1.0,1,False,,,,
1766732513.3222249,0.5689286735057646,0.3401316233735807,1.0,1,False,,,,
1766732513.3247108,0.6364667194018254,0.27897761934680754,1.0,1,False,,,,
1766732513.639261,0.6368394022965089,0.274881493364336,1.0,1,False,,,,
1766732513.648675,0.6368394022965089,0.274881493364336,1.0,1,False,,,,
1766732513.6553469,0.6368394022965089,0.274881493364336,1.0,1,False,,,,
1766732513.6583722,0.6368394022965089,0.274881493364336,1.0,1,False,,,,
1766732513.66106,0.5490376763925244,0.3122649164889679,1.0,1,False,,,,
1766732514.021334,0.5490376763925244,0.3122649164889679,1.0,1,False,,,,
1766732514.026752,0.5490376763925244,0.3122649164889679,1.0,1,False,,,,
1766732514.029637,0.5490376763925244,0.3122649164889679,1.0,1,False,,,,
1766732514.0325718,0.5490376763925244,0.3122649164889679,1.0,1,False,,,,
1766732514.035029,0.5916159442876916,0.33513355924779153,1.0,1,False,,,,
1766732514.446084,0.5916159442876916,0.33513355924779153,1.0,1,False,,,,
1766732514.453702,0.5916159442876916,0.33513355924779153,1.0,1,False,,,,
1766732514.456566,0.5916159442876916,0.33513355924779153,1.0,1,False,,,,
1766732514.45949,0.5916159442876916,0.33513355924779153,1.0,1,False,,,,
1766732514.4624178,0.575359539784565,0.3117216410814956,1.0,1,False,,,,
1766732514.755466,0.575359539784565,0.3117216410814956,1.0,1,False,,,,
1766732514.7621608,0.575359539784565,0.3117216410814956,1.0,1,False,,,,
1766732514.765333,0.575359539784565,0.3117216410814956,1.0,1,False,,,,
1766732514.7705312,0.575359539784565,0.3117216410814956,1.0,1,False,,,,
1766732514.773487,0.5885080040646398,0.34797680402047904,1.0,1,False,,,,
1766732515.031529,0.5885080040646398,0.34797680402047904,1.0,1,False,,,,
1766732515.038485,0.5885080040646398,0.34797680402047904,1.0,1,False,,,,
1766732515.042766,0.587544328219177,0.343204377390391,1.0,1,False,,,,
1766732515.045897,0.587544328219177,0.343204377390391,1.0,1,False,,,,
1766732515.049311,0.5498203003886302,0.3251337668269809,1.0,1,False,,,,
1766732515.3217332,0.5498203003886302,0.3251337668269809,1.0,1,False,,,,
1766732515.328542,0.5498203003886302,0.3251337668269809,1.0,1,False,,,,
1766732515.332065,0.5498203003886302,0.3251337668269809,1.0,1,False,,,,
1766732515.335401,0.5498203003886302,0.3251337668269809,1.0,1,False,,,,
1766732515.338416,0.5153485093125878,0.39615083972569876,1.0,1,False,,,,
1766732515.6088908,0.5153485093125878,0.39615083972569876,1.0,1,False,,,,
1766732515.616231,0.5625323432594257,0.38276688722274543,1.0,1,False,,,,
1766732515.62155,0.5625323432594257,0.38276688722274543,1.0,1,False,,,,
1766732515.628213,0.5625323432594257,0.38276688722274543,1.0,1,False,,,,
1766732515.631726,0.553259089988439,0.42357309510992613,1.0,1,False,,,,
1766732515.914921,0.49330808374499335,0.5636942421338796,0.5965510989344824,1,True,0.4805886149406433,0.5017808675765991,0.08067426830530167,0.1589898020029068
1766732515.923688,0.49330808374499335,0.5636942421338796,0.5965510989344824,1,True,0.4805886149406433,0.5017808675765991,0.08067426830530167,0.1589898020029068
1766732515.931432,0.49330808374499335,0.5636942421338796,0.5965510989344824,1,True,0.4805886149406433,0.5017808675765991,0.08067426830530167,0.1589898020029068
1766732515.9345841,0.49330808374499335,0.5636942421338796,0.5965510989344824,1,True,0.4805886149406433,0.5017808675765991,0.08067426830530167,0.1589898020029068
1766732515.938027,0.5849019856840092,0.47334496437541485,1.0,1,False,,,,
1766732516.243776,0.5849019856840092,0.47334496437541485,1.0,1,False,,,,
1766732516.2515259,0.563120763040875,0.4467561019791013,1.0,1,False,,,,
1766732516.2580092,0.563120763040875,0.4467561019791013,1.0,1,False,,,,
1766732516.265339,0.563120763040875,0.4467561019791013,1.0,1,False,,,,
1766732516.268636,0.5290648704675116,0.42404496263381475,1.0,1,False,,,,
1766732516.5224488,0.5288172215258962,0.4269782923698465,1.0,1,False,,,,
1766732516.530091,0.5288172215258962,0.4269782923698465,1.0,1,False,,,,
1766732516.536981,0.5288172215258962,0.4269782923698465,1.0,1,False,,,,
1766732516.54032,0.5288172215258962,0.4269782923698465,1.0,1,False,,,,
1766732516.543614,0.552568540912074,0.4658949900326501,1.0,1,False,,,,
1766732516.813474,0.552568540912074,0.4658949900326501,1.0,1,False,,,,
1766732516.821932,0.5695080978328839,0.4853348225260279,1.0,1,False,,,,
1766732516.826085,0.5695080978328839,0.4853348225260279,1.0,1,False,,,,
1766732516.833164,0.5695080978328839,0.4853348225260279,1.0,1,False,,,,
1766732516.838576,0.5316117559158606,0.48171323055049864,1.0,1,False,,,,
1766732517.148988,0.5316117559158606,0.48171323055049864,1.0,1,False,,,,
1766732517.156728,0.5326097497546425,0.47801418832744924,1.0,1,False,,,,
1766732517.1601028,0.5326097497546425,0.47801418832744924,1.0,1,False,,,,
1766732517.167228,0.5326097497546425,0.47801418832744924,1.0,1,False,,,,
1766732517.1702669,0.5413779499795902,0.45240573063751444,1.0,1,False,,,,
1766732517.502017,0.5413779499795902,0.45240573063751444,1.0,1,False,,,,
1766732517.5093749,0.5413779499795902,0.45240573063751444,1.0,1,False,,,,
1766732517.5125241,0.5413779499795902,0.45240573063751444,1.0,1,False,,,,
1766732517.515583,0.5413779499795902,0.45240573063751444,1.0,1,False,,,,
1766732517.518562,0.5148883890928634,0.46270862906549737,1.0,1,False,,,,
1766732517.842399,0.5148883890928634,0.46270862906549737,1.0,1,False,,,,
1766732517.84831,0.5148883890928634,0.46270862906549737,1.0,1,False,,,,
1766732517.851841,0.5148883890928634,0.46270862906549737,1.0,1,False,,,,
1766732517.854638,0.5148883890928634,0.46270862906549737,1.0,1,False,,,,
1766732517.857897,0.5583191071686298,0.4795153862704503,1.0,1,False,,,,
1766732518.191732,0.5583191071686298,0.4795153862704503,1.0,1,False,,,,
1766732518.2002602,0.5438768527848857,0.46936360673247446,1.0,1,False,,,,
1766732518.207115,0.5438768527848857,0.46936360673247446,1.0,1,False,,,,
1766732518.210326,0.5438768527848857,0.46936360673247446,1.0,1,False,,,,
1766732518.213265,0.5599933509631048,0.45298353490355636,1.0,1,False,,,,
1766732518.489627,0.5599933509631048,0.45298353490355636,1.0,1,False,,,,
1766732518.496518,0.5585445387434529,0.45191302763467056,1.0,1,False,,,,
1766732518.49975,0.5585445387434529,0.45191302763467056,1.0,1,False,,,,
1766732518.506495,0.5585445387434529,0.45191302763467056,1.0,1,False,,,,
1766732518.509332,0.5412690198835871,0.47511791567015504,1.0,2,False,,,,
1766732518.895458,0.5412690198835871,0.47511791567015504,1.0,2,False,,,,
1766732518.902394,0.5166940222335279,0.4667021505268145,1.0,2,False,,,,
1766732518.9075358,0.5166940222335279,0.4667021505268145,1.0,2,False,,,,
1766732518.9149609,0.5166940222335279,0.4667021505268145,1.0,2,False,,,,
1766732518.91806,0.5085509710755477,1.0588545901768283,0.743737518787384,2,False,,,,
1766732519.3722959,0.5307524542630665,1.1527055431735624,0.8927790522575378,2,False,,,,
1766732519.381501,0.5307524542630665,1.1527055431735624,0.8927790522575378,2,False,,,,
1766732519.3869388,0.5307524542630665,1.1527055431735624,0.8927790522575378,2,False,,,,
1766732519.389847,0.5307524542630665,1.1527055431735624,0.8927790522575378,2,False,,,,
1766732519.392365,0.4605494485150894,1.1587221385589832,0.7122466564178467,2,False,,,,
1766732519.6984441,0.4605494485150894,1.1587221385589832,0.7122466564178467,2,False,,,,
1766732519.706701,0.4621548840532794,1.1528522816751998,0.7321130633354187,2,False,,,,
1766732519.709697,0.4621548840532794,1.1528522816751998,0.7321130633354187,2,False,,,,
1766732519.715714,0.4621548840532794,1.1528522816751998,0.7321130633354187,2,False,,,,
1766732519.718574,0.45030778270046606,1.0713901301161197,0.99,0,False,,,,
1766732519.953975,0.45030778270046606,1.0713901301161197,0.99,0,False,,,,
1766732519.962018,0.45030778270046606,1.0713901301161197,0.99,0,False,,,,
1766732519.964694,0.45030778270046606,1.0713901301161197,0.99,0,False,,,,
1766732519.967593,0.45030778270046606,1.0713901301161197,0.99,0,False,,,,
1766732519.9704971,0.43718365389474656,0.9851291620390347,0.7792073488235474,1,False,,,,
1766732520.280191,0.43718365389474656,0.9851291620390347,0.7792073488235474,1,False,,,,
1766732520.287159,0.43718365389474656,0.9851291620390347,0.7792073488235474,1,False,,,,
1766732520.292138,0.43718365389474656,0.9851291620390347,0.7792073488235474,1,False,,,,
1766732520.295041,0.43718365389474656,0.9851291620390347,0.7792073488235474,1,False,,,,
1766732520.297388,0.39527975980365515,1.0509507773563942,0.8957262635231018,0,False,,,,
1766732520.516033,0.39527975980365515,1.0509507773563942,0.8957262635231018,0,False,,,,
1766732520.5232818,0.39527975980365515,1.0509507773563942,0.8957262635231018,0,False,,,,
1766732520.5260081,0.39527975980365515,1.0509507773563942,0.8957262635231018,0,False,,,,
1766732520.528805,0.39527975980365515,1.0509507773563942,0.8957262635231018,0,False,,,,
1766732520.5313752,0.52923927654939,0.8653404998447658,0.572483130073679,0,False,,,,
1766732520.714696,0.52923927654939,0.8653404998447658,0.572483130073679,0,False,,,,
1766732520.72067,0.52923927654939,0.8653404998447658,0.572483130073679,0,False,,,,
1766732520.724042,0.52923927654939,0.8653404998447658,0.572483130073679,0,False,,,,
1766732520.7265012,0.52923927654939,0.8653404998447658,0.572483130073679,0,False,,,,
1766732520.730958,0.49970072980810387,1.0469225007810625,0.7783440351486206,0,False,,,,
1766732520.955936,0.49970072980810387,1.0469225007810625,0.7783440351486206,0,False,,,,
1766732520.96161,0.49970072980810387,1.0469225007810625,0.7783440351486206,0,False,,,,
1766732520.964523,0.49970072980810387,1.0469225007810625,0.7783440351486206,0,False,,,,
1766732520.966774,0.49970072980810387,1.0469225007810625,0.7783440351486206,0,False,,,,
1766732520.968978,0.4844504626070226,0.8839740804778599,0.5827525744061015,0,False,,,,
1766732521.164073,0.4844504626070226,0.8839740804778599,0.5827525744061015,0,False,,,,
1766732521.169512,0.4844504626070226,0.8839740804778599,0.5827525744061015,0,False,,,,
1766732521.173528,0.4423678131518427,1.064050386191904,0.8600959479808807,0,False,,,,
1766732521.176596,0.44869048383662724,1.066650499441993,0.7103230357170105,0,False,,,,
1766732521.18023,0.40567684562533424,1.0569369963237198,0.9062240719795227,1,False,,,,
1766732521.4240189,0.40567684562533424,1.0569369963237198,0.9062240719795227,1,False,,,,
1766732521.428908,0.40567684562533424,1.0569369963237198,0.9062240719795227,1,False,,,,
1766732521.431427,0.40567684562533424,1.0569369963237198,0.9062240719795227,1,False,,,,
1766732521.43397,0.40567684562533424,1.0569369963237198,0.9062240719795227,1,False,,,,
1766732521.436262,0.42495545415914293,1.0696986736432472,0.8266822695732117,1,False,,,,
1766732521.7063968,0.42495545415914293,1.0696986736432472,0.8266822695732117,1,False,,,,
1766732521.713038,0.4239472475358269,1.078631096196253,0.8286042213439941,1,False,,,,
1766732521.71604,0.4239472475358269,1.078631096196253,0.8286042213439941,1,False,,,,
1766732521.7215831,0.4239472475358269,1.078631096196253,0.8286042213439941,1,False,,,,
1766732521.724567,0.4885081720761054,0.9326375251054527,0.6,1,False,,,,
1766732522.077291,0.4885081720761054,0.9326375251054527,0.6,1,False,,,,
1766732522.0836968,0.48558516048021216,0.9191446600284839,0.6,1,False,,,,
1766732522.088043,0.48558516048021216,0.9191446600284839,0.6,1,False,,,,
1766732522.0934699,0.48558516048021216,0.9191446600284839,0.6,1,False,,,,
1766732522.0984142,0.4680374446936644,0.9354234261277695,0.32963780743216764,1,False,,,,
1766732522.4190562,0.40199081847196777,1.2461668524243654,0.74580317735672,1,False,,,,
1766732522.427375,0.40199081847196777,1.2461668524243654,0.74580317735672,1,False,,,,
1766732522.433123,0.40199081847196777,1.2461668524243654,0.74580317735672,1,False,,,,
1766732522.4360619,0.40199081847196777,1.2461668524243654,0.74580317735672,1,False,,,,
1766732522.438603,0.6171015241784047,0.4113779495424066,1.0,1,False,,,,
1766732522.771446,0.6171015241784047,0.4113779495424066,1.0,1,False,,,,
1766732522.780642,0.6180550652127363,0.40116724434292805,1.0,1,False,,,,
1766732522.783948,0.6167793257141978,0.3921572100442444,1.0,1,False,,,,
1766732522.786908,0.6167793257141978,0.3921572100442444,1.0,1,False,,,,
1766732522.790766,0.5582898482257249,0.47559859409304606,1.0,2,True,0.54677414894104,0.4634738862514496,0.08230094611644745,0.16043628752231598
1766732523.185584,0.5706466245671381,0.4948971459286905,1.0,2,True,0.54677414894104,0.4634738862514496,0.08230094611644745,0.16043628752231598
1766732523.193056,0.5559954689600732,0.48067418748267454,1.0,2,True,0.54677414894104,0.4634738862514496,0.08230094611644745,0.16043628752231598
1766732523.19988,0.5559954689600732,0.48067418748267454,1.0,2,True,0.54677414894104,0.4634738862514496,0.08230094611644745,0.16043628752231598
1766732523.2028081,0.5559954689600732,0.48067418748267454,1.0,2,True,0.54677414894104,0.4634738862514496,0.08230094611644745,0.16043628752231598
1766732523.2055502,0.5465842564186262,0.49563381090576075,1.0,2,False,,,,
1766732523.501792,0.5465842564186262,0.49563381090576075,1.0,2,False,,,,
1766732523.5085282,0.5465842564186262,0.49563381090576075,1.0,2,False,,,,
1766732523.511952,0.5465842564186262,0.49563381090576075,1.0,2,False,,,,
1766732523.514665,0.5465842564186262,0.49563381090576075,1.0,2,False,,,,
1766732523.517226,0.5497753485586092,0.5162416920383456,1.0,2,False,,,,
1766732523.916043,0.5497753485586092,0.5162416920383456,1.0,2,False,,,,
1766732523.924566,0.547976322992077,0.5140709766807294,1.0,2,False,,,,
1766732523.9307032,0.547976322992077,0.5140709766807294,1.0,2,False,,,,
1766732523.938282,0.547976322992077,0.5140709766807294,1.0,2,False,,,,
1766732523.941304,0.5257322426651555,0.5080797796074203,1.0,2,False,,,,
1766732524.4079008,0.5257322426651555,0.5080797796074203,1.0,2,False,,,,
1766732524.414573,0.5257322426651555,0.5080797796074203,1.0,2,False,,,,
1766732524.4180071,0.5257322426651555,0.5080797796074203,1.0,2,False,,,,
1766732524.4207518,0.5257322426651555,0.5080797796074203,1.0,2,False,,,,
1766732524.4238021,0.5378043440025762,0.4654591985466372,1.0,2,False,,,,
1766732524.830933,0.5380476192265625,0.4578829777006943,1.0,2,False,,,,
1766732524.8391612,0.5380476192265625,0.4578829777006943,1.0,2,False,,,,
1766732524.846924,0.5380476192265625,0.4578829777006943,1.0,2,False,,,,
1766732524.8501089,0.5380476192265625,0.4578829777006943,1.0,2,False,,,,
1766732524.856256,0.5799467765047097,0.4936585622434325,1.0,2,False,,,,
1766732525.175102,0.5799467765047097,0.4936585622434325,1.0,2,False,,,,
1766732525.1821399,0.5799467765047097,0.4936585622434325,1.0,2,False,,,,
1766732525.185455,0.5799467765047097,0.4936585622434325,1.0,2,False,,,,
1766732525.188319,0.5799467765047097,0.4936585622434325,1.0,2,False,,,,
1766732525.191169,0.5767418366912793,0.4800907668808394,1.0,2,False,,,,
1766732525.56905,0.5786021823667087,0.47923769212299216,1.0,2,False,,,,
1766732525.5773702,0.5786021823667087,0.47923769212299216,1.0,2,False,,,,
1766732525.5839942,0.5786021823667087,0.47923769212299216,1.0,2,False,,,,
1766732525.587326,0.5786021823667087,0.47923769212299216,1.0,2,False,,,,
1766732525.59032,0.5942713921042765,0.44849763074797766,0.9515198469161987,1,False,,,,
1766732525.879189,0.5942713921042765,0.44849763074797766,0.9515198469161987,1,False,,,,
1766732525.885633,0.5942713921042765,0.44849763074797766,0.9515198469161987,1,False,,,,
1766732525.888395,0.5942713921042765,0.44849763074797766,0.9515198469161987,1,False,,,,
1766732525.891375,0.5942713921042765,0.44849763074797766,0.9515198469161987,1,False,,,,
1766732525.8942358,0.5965499599545202,0.3702131158111617,1.0,1,False,,,,
1766732526.211284,0.5965499599545202,0.3702131158111617,1.0,1,False,,,,
1766732526.2189891,0.5965499599545202,0.3702131158111617,1.0,1,False,,,,
1766732526.222071,0.5965499599545202,0.3702131158111617,1.0,1,False,,,,
1766732526.225157,0.5965499599545202,0.3702131158111617,1.0,1,False,,,,
1766732526.227856,0.6425677735297288,0.38386372386661194,1.0,1,False,,,,
1766732526.506583,0.6314763351289197,0.42935585588890524,1.0,1,False,,,,
1766732526.514345,0.6314763351289197,0.42935585588890524,1.0,1,False,,,,
1766732526.520679,0.6314763351289197,0.42935585588890524,1.0,1,False,,,,
1766732526.5266402,0.6314763351289197,0.42935585588890524,1.0,1,False,,,,
1766732526.529557,0.5969902237056219,0.39413315146164574,1.0,2,False,,,,
1766732526.9818912,0.6033059925901757,0.42745557109162946,1.0,2,False,,,,
1766732526.990564,0.6033059925901757,0.42745557109162946,1.0,2,False,,,,
1766732526.9939148,0.6033059925901757,0.42745557109162946,1.0,2,False,,,,
1766732526.996502,0.6033059925901757,0.42745557109162946,1.0,2,False,,,,
1766732527.000083,0.5807741709111296,0.3853058461731337,1.0,2,False,,,,
1766732527.389382,0.5807741709111296,0.3853058461731337,1.0,2,False,,,,
1766732527.395759,0.5807741709111296,0.3853058461731337,1.0,2,False,,,,
1766732527.398804,0.5807741709111296,0.3853058461731337,1.0,2,False,,,,
1766732527.401557,0.5807741709111296,0.3853058461731337,1.0,2,False,,,,
1766732527.404323,0.6087983025386678,0.40407281895685165,1.0,2,False,,,,
1766732527.794524,0.6087983025386678,0.40407281895685165,1.0,2,False,,,,
1766732527.801229,0.6087983025386678,0.40407281895685165,1.0,2,False,,,,
1766732527.804527,0.6087983025386678,0.40407281895685165,1.0,2,False,,,,
1766732527.8073332,0.6087983025386678,0.40407281895685165,1.0,2,False,,,,
1766732527.8107898,0.5678861647069524,0.4084893372766578,1.0,2,False,,,,
1766732528.243979,0.5678861647069524,0.4084893372766578,1.0,2,False,,,,
1766732528.252064,0.5863438329279577,0.4159255373067592,1.0,2,False,,,,
1766732528.2561111,0.5863438329279577,0.4159255373067592,1.0,2,False,,,,
1766732528.263489,0.5863438329279577,0.4159255373067592,1.0,2,False,,,,
1766732528.2667022,0.6114461888360704,0.42679670911622636,1.0,2,False,,,,
1766732528.62494,0.6114461888360704,0.42679670911622636,1.0,2,False,,,,
1766732528.632032,0.6114461888360704,0.42679670911622636,1.0,2,False,,,,
1766732528.637347,0.6114461888360704,0.42679670911622636,1.0,2,False,,,,
1766732528.639955,0.6114461888360704,0.42679670911622636,1.0,2,False,,,,
1766732528.6426399,0.5067878311891881,1.0990629815466118,1.0,1,False,,,,
1766732528.954648,0.4746508964774736,0.9911250350424488,0.6,1,False,,,,
1766732528.962573,0.4746508964774736,0.9911250350424488,0.6,1,False,,,,
1766732528.968698,0.4746508964774736,0.9911250350424488,0.6,1,False,,,,
1766732528.971958,0.4746508964774736,0.9911250350424488,0.6,1,False,,,,
1766732528.974844,0.4220427074271494,1.1917324612849354,0.8882797658443451,2,False,,,,
1766732529.332552,0.4220427074271494,1.1917324612849354,0.8882797658443451,2,False,,,,
1766732529.338861,0.4220427074271494,1.1917324612849354,0.8882797658443451,2,False,,,,
1766732529.3418891,0.4220427074271494,1.1917324612849354,0.8882797658443451,2,False,,,,
1766732529.344289,0.4220427074271494,1.1917324612849354,0.8882797658443451,2,False,,,,
1766732529.349587,0.6020078518988291,0.48043314117267855,1.0,2,False,,,,
1766732529.85317,0.5970583053218699,0.505523910256714,1.0,2,False,,,,
1766732529.863368,0.5969588286058205,0.5154210818027009,1.0,2,False,,,,
1766732529.8713138,0.5969588286058205,0.5154210818027009,1.0,2,False,,,,
1766732529.87447,0.5969588286058205,0.5154210818027009,1.0,2,False,,,,
1766732529.877076,0.5490433055880566,0.44487341935933467,1.0,3,False,,,,
1766732530.4360151,0.5490433055880566,0.44487341935933467,1.0,3,False,,,,
1766732530.44459,0.5490433055880566,0.44487341935933467,1.0,3,False,,,,
1766732530.447477,0.5490433055880566,0.44487341935933467,1.0,3,False,,,,
1766732530.450615,0.5490433055880566,0.44487341935933467,1.0,3,False,,,,
1766732530.453761,0.5592916823071814,0.43078617264655983,0.9960298240184784,1,False,,,,
1766732530.8688278,0.5592916823071814,0.43078617264655983,0.9960298240184784,1,False,,,,
1766732530.874149,0.5592916823071814,0.43078617264655983,0.9960298240184784,1,False,,,,
1766732530.8768709,0.5592916823071814,0.43078617264655983,0.9960298240184784,1,False,,,,
1766732530.8800142,0.5592916823071814,0.43078617264655983,0.9960298240184784,1,False,,,,
1766732530.883296,0.5644032024954491,0.4444446433055844,1.0,2,False,,,,
1766732531.225374,0.5644032024954491,0.4444446433055844,1.0,2,False,,,,
1766732531.2333739,0.5801679080768729,0.4641385751227749,1.0,2,False,,,,
1766732531.237359,0.5801679080768729,0.4641385751227749,1.0,2,False,,,,
1766732531.2441962,0.5801679080768729,0.4641385751227749,1.0,2,False,,,,
1766732531.246973,0.5878740419417936,0.4706204761932622,1.0,2,False,,,,
1766732531.6502552,0.5878740419417936,0.4706204761932622,1.0,2,False,,,,
1766732531.6571798,0.5878740419417936,0.4706204761932622,1.0,2,False,,,,
1766732531.660458,0.5878740419417936,0.4706204761932622,1.0,2,False,,,,
1766732531.666671,0.5694234779513836,0.5441403816007585,1.0,2,True,0.5283058881759644,0.5477399826049805,0.07962016761302948,0.15354850888252258
1766732531.669725,0.5774202052182914,0.44085424244098914,1.0,2,False,,,,
1766732532.0476532,0.5774202052182914,0.44085424244098914,1.0,2,False,,,,
1766732532.05459,0.5774202052182914,0.44085424244098914,1.0,2,False,,,,
1766732532.0580091,0.5774202052182914,0.44085424244098914,1.0,2,False,,,,
1766732532.060756,0.5774202052182914,0.44085424244098914,1.0,2,False,,,,
1766732532.063589,0.5759196437201615,0.4003385604683447,1.0,3,False,,,,
1766732532.444183,0.5759196437201615,0.4003385604683447,1.0,3,False,,,,
1766732532.4516459,0.5759196437201615,0.4003385604683447,1.0,3,False,,,,
1766732532.4550679,0.5759196437201615,0.4003385604683447,1.0,3,False,,,,
1766732532.457908,0.5759196437201615,0.4003385604683447,1.0,3,False,,,,
1766732532.461113,0.5703306972516192,0.398694828421321,1.0,2,False,,,,
1766732532.8180149,0.5703306972516192,0.398694828421321,1.0,2,False,,,,
1766732532.8251321,0.5703306972516192,0.398694828421321,1.0,2,False,,,,
1766732532.828157,0.5703306972516192,0.398694828421321,1.0,2,False,,,,
1766732532.8308969,0.5703306972516192,0.398694828421321,1.0,2,False,,,,
1766732532.833884,0.5926870376800228,0.45323774939683914,1.0,2,False,,,,
1766732533.866152,0.5926870376800228,0.45323774939683914,1.0,2,False,,,,
1766732533.873384,0.5930193964622945,0.45322572057532473,1.0,2,False,,,,
1766732533.876514,0.593046549095813,0.4540841576619875,1.0,2,False,,,,
1766732533.880397,0.593046549095813,0.4540841576619875,1.0,2,False,,,,
1766732533.8869681,0.6013082591157048,0.41230212852290227,1.0,2,False,,,,
1766732534.3548548,0.6008648613546456,0.4350964836405157,1.0,2,False,,,,
1766732534.3634748,0.6008648613546456,0.4350964836405157,1.0,2,False,,,,
1766732534.369258,0.6008648613546456,0.4350964836405157,1.0,2,False,,,,
1766732534.372326,0.6008648613546456,0.4350964836405157,1.0,2,False,,,,
1766732534.375405,0.581256063380547,0.4415834713960649,1.0,2,False,,,,
1766732534.754935,0.581256063380547,0.4415834713960649,1.0,2,False,,,,
1766732534.762335,0.581256063380547,0.4415834713960649,1.0,2,False,,,,
1766732534.765762,0.581256063380547,0.4415834713960649,1.0,2,False,,,,
1766732534.769113,0.581256063380547,0.4415834713960649,1.0,2,False,,,,
1766732534.771959,0.6129787849259343,0.5728942236827347,0.24718634128761005,2,True,0.534298300743103,0.516106903553009,0.07772016525268555,0.1540425568819046
1766732535.117227,0.6926975090766082,0.6494011162277106,0.2628795926267664,2,False,,,,
1766732535.1254148,0.6926975090766082,0.6494011162277106,0.2628795926267664,2,False,,,,
1766732535.131784,0.6926975090766082,0.6494011162277106,0.2628795926267664,2,False,,,,
1766732535.134756,0.6926975090766082,0.6494011162277106,0.2628795926267664,2,False,,,,
1766732535.139897,0.46298636154005146,0.9511266339949607,0.7387914061546326,1,False,,,,
1766732535.4103732,0.46298636154005146,0.9511266339949607,0.7387914061546326,1,False,,,,
1766732535.417821,0.624864762522438,0.5658186490509228,0.23626542091863592,1,False,,,,
1766732535.420619,0.5121002289869853,1.0219590733199342,1.0,1,False,,,,
1766732535.4241831,0.5121002289869853,1.0219590733199342,1.0,1,False,,,,
1766732535.430214,0.43489321967173417,1.155593040364468,0.9305431842803955,1,False,,,,
1766732535.786062,0.42683452812177747,1.1602184157773614,0.8535861074924469,1,False,,,,
1766732535.792673,0.42683452812177747,1.1602184157773614,0.8535861074924469,1,False,,,,
1766732535.7983758,0.42683452812177747,1.1602184157773614,0.8535861074924469,1,False,,,,
1766732535.8012302,0.42683452812177747,1.1602184157773614,0.8535861074924469,1,False,,,,
1766732535.803709,0.49489413650453284,0.9004444543556834,0.44777281012566267,0,False,,,,
1766732536.007141,0.49489413650453284,0.9004444543556834,0.44777281012566267,0,False,,,,
1766732536.012319,0.49489413650453284,0.9004444543556834,0.44777281012566267,0,False,,,,
1766732536.015011,0.49489413650453284,0.9004444543556834,0.44777281012566267,0,False,,,,
1766732536.01773,0.49489413650453284,0.9004444543556834,0.44777281012566267,0,False,,,,
1766732536.020761,0.4031380587974704,1.1619062824817354,0.938059389591217,0,False,,,,
1766732536.2221599,0.4030140445823232,1.1662343269683644,0.9192536771297455,0,False,,,,
1766732536.229057,0.4030140445823232,1.1662343269683644,0.9192536771297455,0,False,,,,
1766732536.23473,0.4030140445823232,1.1662343269683644,0.9192536771297455,0,False,,,,
1766732536.237608,0.4030140445823232,1.1662343269683644,0.9192536771297455,0,False,,,,
1766732536.239845,0.5672023263865205,0.20647614393100766,0.995,0,False,,,,
1766732536.469863,0.5672023263865205,0.20647614393100766,0.995,0,False,,,,
1766732536.476769,0.5672023263865205,0.20647614393100766,0.995,0,False,,,,
1766732536.480047,0.5672023263865205,0.20647614393100766,0.995,0,False,,,,
1766732536.484926,0.5672023263865205,0.20647614393100766,0.995,0,False,,,,
1766732536.488259,0.6456864250429695,0.32432682157609105,1.0,1,False,,,,
1766732536.74687,0.6456864250429695,0.32432682157609105,1.0,1,False,,,,
1766732536.753602,0.6456864250429695,0.32432682157609105,1.0,1,False,,,,
1766732536.756657,0.58464742235219,0.24655584369994799,1.0,1,True,0.5074481964111328,0.07351519167423248,0.08583879470825195,0.18487633764743805
1766732536.7597,0.5593011225810177,0.25788713186177836,0.8,1,True,0.5074481964111328,0.07351519167423248,0.08583879470825195,0.18487633764743805
1766732536.762424,0.5922674225447969,0.3411136484741969,1.0,1,True,0.5162178874015808,0.3406127095222473,0.08592452853918076,0.17002181708812714
1766732537.0807629,0.5922674225447969,0.3411136484741969,1.0,1,True,0.5162178874015808,0.3406127095222473,0.08592452853918076,0.17002181708812714
1766732537.08994,0.5922674225447969,0.3411136484741969,1.0,1,True,0.5162178874015808,0.3406127095222473,0.08592452853918076,0.17002181708812714
1766732537.093098,0.590619620245113,0.3434291368387835,1.0,1,True,0.5162178874015808,0.3406127095222473,0.08592452853918076,0.17002181708812714
1766732537.095927,0.5442578825219739,0.31415155322343447,1.0,1,False,,,,
1766732537.099135,0.5961045816335407,0.4050840333277975,1.0,1,True,0.5171655416488647,0.4009566009044647,0.08468961715698242,0.168631449341774
1766732537.370163,0.5927995800367902,0.39810210576617466,1.0,1,True,0.5171655416488647,0.4009566009044647,0.08468961715698242,0.168631449341774
1766732537.378013,0.5927995800367902,0.39810210576617466,1.0,1,True,0.5171655416488647,0.4009566009044647,0.08468961715698242,0.168631449341774
1766732537.381071,0.5927995800367902,0.39810210576617466,1.0,1,True,0.5171655416488647,0.4009566009044647,0.08468961715698242,0.168631449341774
1766732537.383907,0.5927995800367902,0.39810210576617466,1.0,1,True,0.5171655416488647,0.4009566009044647,0.08468961715698242,0.168631449341774
1766732537.386826,0.5934980909086169,0.4474894342984015,0.5280419570166707,1,True,0.5282884836196899,0.29886507987976074,0.08513927459716797,0.16364382207393646
1766732537.692653,0.5934980909086169,0.4474894342984015,0.5280419570166707,1,True,0.5282884836196899,0.29886507987976074,0.08513927459716797,0.16364382207393646
1766732537.6995258,0.5445967193909239,0.6348860931904989,0.1694717420120692,1,False,,,,
1766732537.703851,0.5445967193909239,0.6348860931904989,0.1694717420120692,1,False,,,,
1766732537.710515,0.5445967193909239,0.6348860931904989,0.1694717420120692,1,False,,,,
1766732537.7133498,0.5385915685213348,0.6084104299361234,0.18787255442369108,2,False,,,,
1766732538.0945652,0.5385915685213348,0.6084104299361234,0.18787255442369108,2,False,,,,
1766732538.102256,0.5609241379049793,0.6389223224903781,0.2044577850187097,2,False,,,,
1766732538.108505,0.5609241379049793,0.6389223224903781,0.2044577850187097,2,False,,,,
1766732538.114316,0.5609241379049793,0.6389223224903781,0.2044577850187097,2,False,,,,
1766732538.1173298,0.5382146156410255,1.114346904087407,1.0,2,False,,,,
1766732538.4273438,0.5382146156410255,1.114346904087407,1.0,2,False,,,,
1766732538.4337192,0.5463773515482606,1.106504836616579,1.0,2,False,,,,
1766732538.437859,0.47547297550757117,1.2600783278910737,0.8847328111544326,2,False,,,,
1766732538.44167,0.47547297550757117,1.2600783278910737,0.8847328111544326,2,False,,,,
1766732538.448329,0.4615112210832775,1.3215737549219428,0.7268542051315308,2,False,,,,
1766732538.797051,0.4615112210832775,1.3215737549219428,0.7268542051315308,2,False,,,,
1766732538.804086,0.46129388279908834,1.3182323796219921,0.7320497035980225,2,False,,,,
1766732538.807478,0.46129388279908834,1.3182323796219921,0.7320497035980225,2,False,,,,
1766732538.81373,0.46129388279908834,1.3182323796219921,0.7320497035980225,2,False,,,,
1766732538.818774,0.6171044802421101,0.3695997996144249,1.0,1,False,,,,
1766732539.093073,0.6171044802421101,0.3695997996144249,1.0,1,False,,,,
1766732539.1013398,0.6145742113515984,0.38531161245202705,1.0,1,False,,,,
1766732539.105741,0.5809817914697578,0.34315171481423645,1.0,1,False,,,,
1766732539.108861,0.5809817914697578,0.34315171481423645,1.0,1,False,,,,
1766732539.116134,0.5645181298697669,0.3664453047388132,1.0,1,False,,,,
1766732539.4194822,0.5645181298697669,0.3664453047388132,1.0,1,False,,,,
1766732539.4264178,0.5645181298697669,0.3664453047388132,1.0,1,False,,,,
1766732539.429253,0.5645181298697669,0.3664453047388132,1.0,1,False,,,,
1766732539.4325829,0.5645181298697669,0.3664453047388132,1.0,1,False,,,,
1766732539.435154,0.5864547602961234,0.45088173105567586,1.0,1,False,,,,
1766732539.85296,0.5864547602961234,0.45088173105567586,1.0,1,False,,,,
1766732539.859195,0.5864547602961234,0.45088173105567586,1.0,1,False,,,,
1766732539.862253,0.5864547602961234,0.45088173105567586,1.0,1,False,,,,
1766732539.86506,0.5864547602961234,0.45088173105567586,1.0,1,False,,,,
1766732539.868275,0.5757393604286112,0.4301907435322587,1.0,1,False,,,,
1766732540.167934,0.5757393604286112,0.4301907435322587,1.0,1,False,,,,
1766732540.1758652,0.5771095528705633,0.4275876224721429,1.0,1,False,,,,
1766732540.178859,0.5771095528705633,0.4275876224721429,1.0,1,False,,,,
1766732540.181927,0.5771095528705633,0.4275876224721429,1.0,1,False,,,,
1766732540.189444,0.5546550279747556,0.4568884516903746,1.0,1,False,,,,
1766732540.587478,0.5546550279747556,0.4568884516903746,1.0,1,False,,,,
1766732540.595708,0.5546550279747556,0.4568884516903746,1.0,1,False,,,,
1766732540.602433,0.5546550279747556,0.4568884516903746,1.0,1,False,,,,
1766732540.608588,0.5553050122341727,0.4569096762094178,1.0,1,False,,,,
1766732540.6130571,0.5820380960746077,0.46706416037001885,1.0,1,False,,,,
1766732540.913708,0.5681203150741744,0.45265713484185655,1.0,1,False,,,,
1766732540.921768,0.5429609236463464,0.45404132500256933,1.0,1,False,,,,
1766732540.929187,0.5429609236463464,0.45404132500256933,1.0,1,False,,,,
1766732540.932713,0.5429609236463464,0.45404132500256933,1.0,1,False,,,,
1766732540.9354382,0.584075608822307,0.4825720066259195,1.0,1,False,,,,
1766732541.236355,0.584075608822307,0.4825720066259195,1.0,1,False,,,,
1766732541.243816,0.584075608822307,0.4825720066259195,1.0,1,False,,,,
1766732541.2471209,0.584075608822307,0.4825720066259195,1.0,1,False,,,,
1766732541.250507,0.5876770984976734,0.4797711834635301,1.0,1,False,,,,
1766732541.253571,0.578983641017894,0.45739145302174644,1.0,1,False,,,,
1766732541.5703318,0.578983641017894,0.45739145302174644,1.0,1,False,,,,
1766732541.5774632,0.578983641017894,0.45739145302174644,1.0,1,False,,,,
1766732541.580885,0.564903029086382,0.44437775759105147,1.0,1,False,,,,
1766732541.5850291,0.5635579329928064,0.4449607832844862,1.0,1,False,,,,
1766732541.5890508,0.591530963336135,0.4896401011072331,1.0,1,False,,,,
1766732541.826997,0.5957196852950443,0.4655684727475018,1.0,1,False,,,,
1766732541.835117,0.5957196852950443,0.4655684727475018,1.0,1,False,,,,
1766732541.8381991,0.5957196852950443,0.4655684727475018,1.0,1,False,,,,
1766732541.84092,0.5957196852950443,0.4655684727475018,1.0,1,False,,,,
1766732541.84382,0.577171024396479,0.4784217363935961,1.0,1,False,,,,
1766732542.1936588,0.5772594180993649,0.4779759491106762,1.0,1,False,,,,
1766732542.2009118,0.5772594180993649,0.4779759491106762,1.0,1,False,,,,
1766732542.206662,0.5772594180993649,0.4779759491106762,1.0,1,False,,,,
1766732542.2099688,0.5772594180993649,0.4779759491106762,1.0,1,False,,,,
1766732542.212663,0.5682717525360717,0.4591122430277119,1.0,2,False,,,,
1766732542.5557299,0.5784045083870462,0.4804816702122847,1.0,2,False,,,,
1766732542.563818,0.5784045083870462,0.4804816702122847,1.0,2,False,,,,
1766732542.5713658,0.5784045083870462,0.4804816702122847,1.0,2,False,,,,
1766732542.57433,0.5784045083870462,0.4804816702122847,1.0,2,False,,,,
1766732542.5769339,0.5797042346744369,0.4476193642334628,1.0,2,False,,,,
1766732543.072852,0.5797042346744369,0.4476193642334628,1.0,2,False,,,,
1766732543.079678,0.5797042346744369,0.4476193642334628,1.0,2,False,,,,
1766732543.083193,0.5797042346744369,0.4476193642334628,1.0,2,False,,,,
1766732543.086196,0.5797042346744369,0.4476193642334628,1.0,2,False,,,,
1766732543.093385,0.5863028763300676,0.42713950962296543,1.0,2,False,,,,
1766732543.449742,0.5863028763300676,0.42713950962296543,1.0,2,False,,,,
1766732543.457406,0.588089213336811,0.4242560060031053,1.0,2,False,,,,
1766732543.460955,0.5876684359456521,0.4231644596518107,1.0,2,False,,,,
1766732543.4649248,0.5876684359456521,0.4231644596518107,1.0,2,False,,,,
1766732543.472176,0.4959605775166702,1.1485855586162348,0.8604557812213898,1,False,,,,
1766732543.9769018,0.4959605775166702,1.1485855586162348,0.8604557812213898,1,False,,,,
1766732543.985195,0.4959605775166702,1.1485855586162348,0.8604557812213898,1,False,,,,
1766732543.987697,0.4959605775166702,1.1485855586162348,0.8604557812213898,1,False,,,,
1766732543.9901671,0.4959605775166702,1.1485855586162348,0.8604557812213898,1,False,,,,
1766732543.9928918,0.6189542072266259,0.5727583369334995,0.19580410092002232,2,False,,,,
1766732544.277528,0.6189542072266259,0.5727583369334995,0.19580410092002232,2,False,,,,
1766732544.2828622,0.6189542072266259,0.5727583369334995,0.19580410092002232,2,False,,,,
1766732544.285511,0.6189542072266259,0.5727583369334995,0.19580410092002232,2,False,,,,
1766732544.287646,0.6189542072266259,0.5727583369334995,0.19580410092002232,2,False,,,,
1766732544.290068,0.5139340724367509,0.9782141678953056,0.7131519913673401,2,False,,,,
1766732544.678252,0.5139340724367509,0.9782141678953056,0.7131519913673401,2,False,,,,
1766732544.6839209,0.5139340724367509,0.9782141678953056,0.7131519913673401,2,False,,,,
1766732544.686483,0.5139340724367509,0.9782141678953056,0.7131519913673401,2,False,,,,
1766732544.689023,0.5139340724367509,0.9782141678953056,0.7131519913673401,2,False,,,,
1766732544.6911948,0.5451671349287877,0.6838002524665708,0.21081474141373016,2,False,,,,
1766732545.0015209,0.5717557162404648,0.6382959670162002,0.19577955084570262,2,False,,,,
1766732545.008447,0.5532500580104175,0.5604887176368574,0.1834947093320983,2,False,,,,
1766732545.014478,0.5532500580104175,0.5604887176368574,0.1834947093320983,2,False,,,,
1766732545.019899,0.5532500580104175,0.5604887176368574,0.1834947093320983,2,False,,,,
1766732545.023008,0.5826718366744269,0.6332607199953078,0.2054862284821316,1,False,,,,
1766732545.286352,0.5826718366744269,0.6332607199953078,0.2054862284821316,1,False,,,,
1766732545.2929962,0.5826718366744269,0.6332607199953078,0.2054862284821316,1,False,,,,
1766732545.295678,0.5826718366744269,0.6332607199953078,0.2054862284821316,1,False,,,,
1766732545.298131,0.5826718366744269,0.6332607199953078,0.2054862284821316,1,False,,,,
1766732545.301006,0.59335340462415,0.3644328202436309,1.0,1,False,,,,
1766732545.616246,0.59335340462415,0.3644328202436309,1.0,1,False,,,,
1766732545.623497,0.59335340462415,0.3644328202436309,1.0,1,False,,,,
1766732545.626403,0.59335340462415,0.3644328202436309,1.0,1,False,,,,
1766732545.629499,0.59335340462415,0.3644328202436309,1.0,1,False,,,,
1766732545.6327062,0.584967408979915,0.4234176000833403,1.0,1,True,0.5063087940216064,0.2513211965560913,0.08248691260814667,0.17011091113090515
1766732545.926924,0.584967408979915,0.4234176000833403,1.0,1,True,0.5063087940216064,0.2513211965560913,0.08248691260814667,0.17011091113090515
1766732545.933764,0.584967408979915,0.4234176000833403,1.0,1,True,0.5063087940216064,0.2513211965560913,0.08248691260814667,0.17011091113090515
1766732545.937252,0.5666242820812017,0.4068124651899687,1.0,1,True,0.5063087940216064,0.2513211965560913,0.08248691260814667,0.17011091113090515
1766732545.941289,0.5679243539406511,0.4073995289625174,1.0,1,True,0.5063087940216064,0.2513211965560913,0.08248691260814667,0.17011091113090515
1766732545.9443672,0.6014219372285607,0.432152657622231,1.0,1,False,,,,
1766732546.192807,0.6014219372285607,0.432152657622231,1.0,1,False,,,,
1766732546.200167,0.6014219372285607,0.432152657622231,1.0,1,False,,,,
1766732546.20359,0.6014219372285607,0.432152657622231,1.0,1,False,,,,
1766732546.206997,0.6027743580369932,0.43022403539978027,1.0,1,False,,,,
1766732546.211933,0.5831093305131461,0.47476739196272066,1.0,2,True,0.5344929695129395,0.3164890706539154,0.0825253501534462,0.167402982711792
1766732546.5266979,0.5831093305131461,0.47476739196272066,1.0,2,True,0.5344929695129395,0.3164890706539154,0.0825253501534462,0.167402982711792
1766732546.533731,0.5831093305131461,0.47476739196272066,1.0,2,True,0.5344929695129395,0.3164890706539154,0.0825253501534462,0.167402982711792
1766732546.549533,0.5837561298827174,0.4804648988571627,1.0,2,True,0.5344929695129395,0.3164890706539154,0.0825253501534462,0.167402982711792
1766732546.556427,0.5837561298827174,0.4804648988571627,1.0,2,True,0.5344929695129395,0.3164890706539154,0.0825253501534462,0.167402982711792
1766732546.5592651,0.5960661267296474,0.4474313474966203,1.0,2,True,0.5376584529876709,0.3909876048564911,0.08517732471227646,0.15991578996181488
1766732546.991636,0.5960661267296474,0.4474313474966203,1.0,2,True,0.5376584529876709,0.3909876048564911,0.08517732471227646,0.15991578996181488
1766732546.998602,0.5960661267296474,0.4474313474966203,1.0,2,True,0.5376584529876709,0.3909876048564911,0.08517732471227646,0.15991578996181488
1766732547.002608,0.5960661267296474,0.4474313474966203,1.0,2,True,0.5376584529876709,0.3909876048564911,0.08517732471227646,0.15991578996181488
1766732547.005358,0.5960661267296474,0.4474313474966203,1.0,2,True,0.5376584529876709,0.3909876048564911,0.08517732471227646,0.15991578996181488
1766732547.0080159,0.505909133169957,0.48788728736554887,0.28000075264872826,2,False,,,,
1766732547.600287,0.505909133169957,0.48788728736554887,0.28000075264872826,2,False,,,,
1766732547.6076002,0.505909133169957,0.48788728736554887,0.28000075264872826,2,False,,,,
1766732547.610734,0.505909133169957,0.48788728736554887,0.28000075264872826,2,False,,,,
1766732547.613912,0.48920016057726423,0.5061261062625084,0.30115807756717644,2,False,,,,
1766732547.621483,0.6872654364535513,0.1865969874929152,0.20579358861508001,2,False,,,,
1766732548.12879,0.6872654364535513,0.1865969874929152,0.20579358861508001,2,False,,,,
1766732548.1354759,0.6872654364535513,0.1865969874929152,0.20579358861508001,2,False,,,,
1766732548.138572,0.6872654364535513,0.1865969874929152,0.20579358861508001,2,False,,,,
1766732548.141479,0.6872654364535513,0.1865969874929152,0.20579358861508001,2,False,,,,
1766732548.1441312,0.6782904743746829,0.2436693168863583,0.23396510828563136,2,False,,,,
1766732548.5126631,0.6782904743746829,0.2436693168863583,0.23396510828563136,2,False,,,,
1766732548.52078,0.6675906909338594,0.21632201714650479,0.20335019650259903,2,False,,,,
1766732548.524086,0.6675906909338594,0.21632201714650479,0.20335019650259903,2,False,,,,
1766732548.5309591,0.6675906909338594,0.21632201714650479,0.20335019650259903,2,False,,,,
1766732548.534301,0.5093052089516644,0.4554406170421992,0.38309498860050123,2,False,,,,
1766732548.895521,0.6570786572888047,0.33595754197318584,1.0,2,True,0.5817868113517761,0.3351311683654785,0.08342905342578888,0.16345520317554474
1766732548.901129,0.6570786572888047,0.33595754197318584,1.0,2,True,0.5817868113517761,0.3351311683654785,0.08342905342578888,0.16345520317554474
1766732548.907268,0.6570786572888047,0.33595754197318584,1.0,2,True,0.5817868113517761,0.3351311683654785,0.08342905342578888,0.16345520317554474
1766732548.9103858,0.6570786572888047,0.33595754197318584,1.0,2,True,0.5817868113517761,0.3351311683654785,0.08342905342578888,0.16345520317554474
1766732548.913049,0.5255780087513828,0.4518478242409657,0.4272503693243878,2,False,,,,
1766732549.197663,0.5255780087513828,0.4518478242409657,0.4272503693243878,2,False,,,,
1766732549.2052329,0.5255780087513828,0.4518478242409657,0.4272503693243878,2,False,,,,
1766732549.208299,0.5255780087513828,0.4518478242409657,0.4272503693243878,2,False,,,,
1766732549.211222,0.5255780087513828,0.4518478242409657,0.4272503693243878,2,False,,,,
1766732549.214402,0.5438487618629638,0.2965213397935371,0.8619303107261658,2,False,,,,
1766732549.481429,0.5438487618629638,0.2965213397935371,0.8619303107261658,2,False,,,,
1766732549.4883149,0.4120642258163977,0.6165081189750781,0.27406112275774985,2,False,,,,
1766732549.493262,0.41348012473328344,0.6369131578500611,0.21960633836699237,2,False,,,,
1766732549.499259,0.41348012473328344,0.6369131578500611,0.21960633836699237,2,False,,,,
1766732549.506271,0.6480724836579604,0.1879740417153387,0.9903335571289062,2,False,,,,
1766732549.916936,0.6480724836579604,0.1879740417153387,0.9903335571289062,2,False,,,,
1766732549.924045,0.67085398287131,0.27884867014751435,1.0,2,False,,,,
1766732549.927299,0.6706677042795928,0.2795236877038605,1.0,2,False,,,,
1766732549.930121,0.6706677042795928,0.2795236877038605,1.0,2,False,,,,
1766732549.934106,0.5606289036193894,0.9219273478392171,0.8375661699309553,2,False,,,,
1766732550.253186,0.5606289036193894,0.9219273478392171,0.8375661699309553,2,False,,,,
1766732550.26036,0.48691420212971714,0.9107992882465457,0.40558509769557727,2,False,,,,
1766732550.2630541,0.48718561378241143,0.9403145965768493,0.5871538593535797,2,False,,,,
1766732550.26704,0.48718561378241143,0.9403145965768493,0.5871538593535797,2,False,,,,
1766732550.273397,0.5438054487166404,1.1115259253054441,0.8691596686840057,2,False,,,,
1766732550.545076,0.5438054487166404,1.1115259253054441,0.8691596686840057,2,False,,,,
1766732550.551626,0.5438054487166404,1.1115259253054441,0.8691596686840057,2,False,,,,
1766732550.555132,0.5438054487166404,1.1115259253054441,0.8691596686840057,2,False,,,,
1766732550.557526,0.5438054487166404,1.1115259253054441,0.8691596686840057,2,False,,,,
1766732550.560008,0.46212520074469116,1.2100272902796205,0.8582368195056915,1,False,,,,
1766732550.790336,0.46212520074469116,1.2100272902796205,0.8582368195056915,1,False,,,,
1766732550.7976909,0.5034622830472223,1.2277777983141458,0.777607262134552,1,False,,,,
1766732550.8009632,0.47241596130930696,0.9662958972255882,0.5789537179736268,1,False,,,,
1766732550.803715,0.47241596130930696,0.9662958972255882,0.5789537179736268,1,False,,,,
1766732550.808543,0.5222043862954887,1.0672243102334396,0.99,1,False,,,,
1766732551.0335639,0.5057266853673916,1.2217468882264797,0.7368491888046265,1,False,,,,
1766732551.04141,0.5057266853673916,1.2217468882264797,0.7368491888046265,1,False,,,,
1766732551.0476649,0.5057266853673916,1.2217468882264797,0.7368491888046265,1,False,,,,
1766732551.049876,0.5057266853673916,1.2217468882264797,0.7368491888046265,1,False,,,,
1766732551.052331,0.5545368775886139,0.9710714023999328,0.9767032265663147,1,False,,,,
1766732551.4352489,0.5276998322010599,0.8342659661789685,0.46567297811869196,1,False,,,,
1766732551.441951,0.5276998322010599,0.8342659661789685,0.46567297811869196,1,False,,,,
1766732551.447794,0.5276998322010599,0.8342659661789685,0.46567297811869196,1,False,,,,
1766732551.450331,0.5276998322010599,0.8342659661789685,0.46567297811869196,1,False,,,,
1766732551.452505,0.5285050264119313,0.8779632339446697,0.5293004850415571,1,False,,,,
1766732551.831497,0.5285050264119313,0.8779632339446697,0.5293004850415571,1,False,,,,
1766732551.836828,0.5389237425552631,1.1488115211312226,0.858584076166153,1,False,,,,
1766732551.839617,0.5282561629912222,0.8791900871223016,0.5209291189216131,1,False,,,,
1766732551.84202,0.5282561629912222,0.8791900871223016,0.5209291189216131,1,False,,,,
1766732551.847883,0.5422026852546383,1.1516718030992457,0.7555084228515625,1,False,,,,
1766732552.182066,0.529728762070261,0.8945929189624682,0.5626776784885058,1,False,,,,
1766732552.187574,0.529728762070261,0.8945929189624682,0.5626776784885058,1,False,,,,
1766732552.1905339,0.529728762070261,0.8945929189624682,0.5626776784885058,1,False,,,,
1766732552.192829,0.529728762070261,0.8945929189624682,0.5626776784885058,1,False,,,,
1766732552.1948428,0.4882222135568795,0.4933857980565207,0.99,0,False,,,,
1766732552.3914208,0.4882222135568795,0.4933857980565207,0.99,0,False,,,,
1766732552.39827,0.4882222135568795,0.4933857980565207,0.99,0,False,,,,
1766732552.40151,0.4882222135568795,0.4933857980565207,0.99,0,False,,,,
1766732552.404236,0.42444161124681107,0.5897789468047067,0.3229462673929624,0,False,,,,
1766732552.407792,0.43840708921118055,0.4846354735200271,0.4524187753301331,1,False,,,,
1766732552.6956,0.43840708921118055,0.4846354735200271,0.4524187753301331,1,False,,,,
1766732552.700717,0.43840708921118055,0.4846354735200271,0.4524187753301331,1,False,,,,
1766732552.703467,0.43840708921118055,0.4846354735200271,0.4524187753301331,1,False,,,,
1766732552.706482,0.43840708921118055,0.4846354735200271,0.4524187753301331,1,False,,,,
1766732552.7094212,0.6139482767441292,0.3887337498451573,1.0,1,True,0.5474859476089478,0.2551470994949341,0.08722267299890518,0.17011260986328125
1766732553.91137,0.6139482767441292,0.3887337498451573,1.0,1,True,0.5474859476089478,0.2551470994949341,0.08722267299890518,0.17011260986328125
1766732553.9207911,0.592499965884614,0.34170619804424673,1.0,1,True,0.5474859476089478,0.2551470994949341,0.08722267299890518,0.17011260986328125
1766732553.927894,0.592499965884614,0.34170619804424673,1.0,1,True,0.5474859476089478,0.2551470994949341,0.08722267299890518,0.17011260986328125
1766732553.9311,0.592499965884614,0.34170619804424673,1.0,1,True,0.5474859476089478,0.2551470994949341,0.08722267299890518,0.17011260986328125
1766732553.934308,0.6030617125396945,0.33189359690055964,1.0,1,False,,,,
1766732554.2626402,0.6030617125396945,0.33189359690055964,1.0,1,False,,,,
1766732554.2701051,0.6030617125396945,0.33189359690055964,1.0,1,False,,,,
1766732554.273437,0.6030617125396945,0.33189359690055964,1.0,1,False,,,,
1766732554.2791,0.6030617125396945,0.33189359690055964,1.0,1,False,,,,
1766732554.282304,0.5849241446481266,0.29467414712653484,1.0,1,False,,,,
1766732554.5560908,0.5849241446481266,0.29467414712653484,1.0,1,False,,,,
1766732554.562793,0.5849241446481266,0.29467414712653484,1.0,1,False,,,,
1766732554.566476,0.5849241446481266,0.29467414712653484,1.0,1,False,,,,
1766732554.5692632,0.5849241446481266,0.29467414712653484,1.0,1,False,,,,
1766732554.572275,0.6217805266095532,0.3361057314317044,1.0,1,False,,,,
1766732554.812899,0.6217805266095532,0.3361057314317044,1.0,1,False,,,,
1766732554.8199492,0.6192675929610996,0.32548727220627205,1.0,1,False,,,,
1766732554.8231528,0.6192675929610996,0.32548727220627205,1.0,1,False,,,,
1766732554.8304791,0.6192675929610996,0.32548727220627205,1.0,1,False,,,,
1766732554.834003,0.6139521086125104,0.351665608915563,1.0,1,False,,,,
1766732555.082901,0.6139521086125104,0.351665608915563,1.0,1,False,,,,
1766732555.090604,0.6120230030019064,0.3546021903811921,1.0,1,False,,,,
1766732555.093976,0.6120230030019064,0.3546021903811921,1.0,1,False,,,,
1766732555.098806,0.6120230030019064,0.3546021903811921,1.0,1,False,,,,
1766732555.105999,0.5461239580590822,0.3316350093407159,1.0,1,False,,,,
1766732555.652025,0.5461239580590822,0.3316350093407159,1.0,1,False,,,,
1766732555.6601632,0.5896883501065587,0.33228437526628674,1.0,1,False,,,,
1766732555.664932,0.5896883501065587,0.33228437526628674,1.0,1,False,,,,
1766732555.672033,0.5896883501065587,0.33228437526628674,1.0,1,False,,,,
1766732555.6753101,0.5767237029692799,0.34051726840700314,1.0,1,False,,,,
1766732555.963047,0.5741820246000221,0.34712945064090683,1.0,1,False,,,,
1766732555.9706612,0.5741820246000221,0.34712945064090683,1.0,1,False,,,,
1766732555.976279,0.5741820246000221,0.34712945064090683,1.0,1,False,,,,
1766732555.979054,0.5741820246000221,0.34712945064090683,1.0,1,False,,,,
1766732555.982294,0.5959178424188092,0.3950755528791805,1.0,2,False,,,,
1766732556.304561,0.5959178424188092,0.3950755528791805,1.0,2,False,,,,
1766732556.311863,0.5959178424188092,0.3950755528791805,1.0,2,False,,,,
1766732556.315077,0.5959178424188092,0.3950755528791805,1.0,2,False,,,,
1766732556.317914,0.5959178424188092,0.3950755528791805,1.0,2,False,,,,
1766732556.320914,0.5471221956005311,0.39219708720156454,1.0,1,False,,,,
1766732556.665141,0.5777793246341246,0.39141937491716805,1.0,1,False,,,,
1766732556.6721878,0.5777793246341246,0.39141937491716805,1.0,1,False,,,,
1766732556.678306,0.5777793246341246,0.39141937491716805,1.0,1,False,,,,
1766732556.681408,0.5777793246341246,0.39141937491716805,1.0,1,False,,,,
1766732556.68724,0.579258742553618,0.401874723410399,1.0,1,False,,,,
1766732556.991256,0.579258742553618,0.401874723410399,1.0,1,False,,,,
1766732556.99891,0.58991785916975,0.41534723209657765,1.0,1,False,,,,
1766732557.0028732,0.58991785916975,0.41534723209657765,1.0,1,False,,,,
1766732557.00613,0.58991785916975,0.41534723209657765,1.0,1,False,,,,
1766732557.014095,0.5788171233553453,0.3938831907977014,1.0,1,False,,,,
1766732557.390688,0.5788171233553453,0.3938831907977014,1.0,1,False,,,,
1766732557.398092,0.5788171233553453,0.3938831907977014,1.0,1,False,,,,
1766732557.4015942,0.5487154931381186,0.39035769220382566,1.0,1,False,,,,
1766732557.405638,0.5800008288710856,0.39460604407342537,1.0,1,False,,,,
1766732557.408792,0.5955227297967057,0.4038219668503885,1.0,1,False,,,,
1766732557.7382112,0.5948442279269763,0.4059095587787618,1.0,1,False,,,,
1766732557.74483,0.5948442279269763,0.4059095587787618,1.0,1,False,,,,
1766732557.751538,0.5948442279269763,0.4059095587787618,1.0,1,False,,,,
1766732557.7544792,0.5948442279269763,0.4059095587787618,1.0,1,False,,,,
1766732557.757199,0.5195831548778594,0.37210891737046026,1.0,1,False,,,,
1766732558.064044,0.5195831548778594,0.37210891737046026,1.0,1,False,,,,
1766732558.0722308,0.565099912779617,0.3577532149347792,1.0,1,False,,,,
1766732558.076174,0.565099912779617,0.3577532149347792,1.0,1,False,,,,
1766732558.079799,0.565099912779617,0.3577532149347792,1.0,1,False,,,,
1766732558.087261,0.6050056606908241,0.3452146303527962,1.0,1,False,,,,
1766732558.463626,0.6050056606908241,0.3452146303527962,1.0,1,False,,,,
1766732558.471025,0.6050056606908241,0.3452146303527962,1.0,1,False,,,,
1766732558.474792,0.5758359114236283,0.32455722617933314,1.0,1,False,,,,
1766732558.48272,0.5758359114236283,0.32455722617933314,1.0,1,False,,,,
1766732558.490276,0.564213756565974,0.3184778197665805,1.0,1,False,,,,
1766732558.770593,0.564213756565974,0.3184778197665805,1.0,1,False,,,,
1766732558.778264,0.5541569980439269,0.3186876582478938,1.0,1,False,,,,
1766732558.781677,0.5541569980439269,0.3186876582478938,1.0,1,False,,,,
1766732558.7893949,0.5541569980439269,0.3186876582478938,1.0,1,False,,,,
1766732558.792767,0.5842891682395703,0.3423290112491377,1.0,1,False,,,,
1766732559.1590972,0.5842891682395703,0.3423290112491377,1.0,1,False,,,,
1766732559.166123,0.5842891682395703,0.3423290112491377,1.0,1,False,,,,
1766732559.169523,0.5842891682395703,0.3423290112491377,1.0,1,False,,,,
1766732559.172344,0.5842891682395703,0.3423290112491377,1.0,1,False,,,,
1766732559.174882,0.606587810351103,0.39739859120645094,1.0,1,False,,,,
1766732559.486809,0.5659270515094617,0.36781646502429854,1.0,1,False,,,,
1766732559.494516,0.5659270515094617,0.36781646502429854,1.0,1,False,,,,
1766732559.497664,0.5659270515094617,0.36781646502429854,1.0,1,False,,,,
1766732559.500881,0.5659270515094617,0.36781646502429854,1.0,1,False,,,,
1766732559.503551,0.5665918739278858,0.3705022074733426,1.0,1,False,,,,
1766732559.8542259,0.5901045616712598,0.38724144808643823,1.0,1,False,,,,
1766732559.862462,0.5901045616712598,0.38724144808643823,1.0,1,False,,,,
1766732559.86604,0.5901045616712598,0.38724144808643823,1.0,1,False,,,,
1766732559.868738,0.5901045616712598,0.38724144808643823,1.0,1,False,,,,
1766732559.871988,0.5897658564879509,0.3782508170640523,1.0,1,False,,,,
1766732560.198346,0.5897658564879509,0.3782508170640523,1.0,1,False,,,,
1766732560.204363,0.5897658564879509,0.3782508170640523,1.0,1,False,,,,
1766732560.210007,0.5897658564879509,0.3782508170640523,1.0,1,False,,,,
1766732560.212953,0.6017638180401395,0.4017814982151209,1.0,1,False,,,,
1766732560.215633,0.588485289333434,0.3679098603082821,1.0,1,False,,,,
1766732560.53346,0.588485289333434,0.3679098603082821,1.0,1,False,,,,
1766732560.539785,0.588485289333434,0.3679098603082821,1.0,1,False,,,,
1766732560.542885,0.588485289333434,0.3679098603082821,1.0,1,False,,,,
1766732560.5457568,0.588485289333434,0.3679098603082821,1.0,1,False,,,,
1766732560.54896,0.4634896589009422,0.554071211943758,0.46063821623376394,1,False,,,,
1766732560.872494,0.4634896589009422,0.554071211943758,0.46063821623376394,1,False,,,,
1766732560.8794198,0.4634896589009422,0.554071211943758,0.46063821623376394,1,False,,,,
1766732560.882745,0.4634896589009422,0.554071211943758,0.46063821623376394,1,False,,,,
1766732560.886436,0.5493745546580704,0.3399425710106656,1.0,1,False,,,,
1766732560.892596,0.6143782654408778,0.3611623774487478,1.0,1,False,,,,
1766732561.150082,0.6143782654408778,0.3611623774487478,1.0,1,False,,,,
1766732561.157949,0.5937898499675998,0.3275281374419987,1.0,1,False,,,,
1766732561.161598,0.5937898499675998,0.3275281374419987,1.0,1,False,,,,
1766732561.168627,0.5937898499675998,0.3275281374419987,1.0,1,False,,,,
1766732561.171733,0.565776338826796,0.3113855227976794,1.0,1,False,,,,
1766732561.473415,0.565776338826796,0.3113855227976794,1.0,1,False,,,,
1766732561.480382,0.565776338826796,0.3113855227976794,1.0,1,False,,,,
1766732561.483587,0.565776338826796,0.3113855227976794,1.0,1,False,,,,
1766732561.486364,0.565776338826796,0.3113855227976794,1.0,1,False,,,,
1766732561.489229,0.4840892274441292,0.9842234195924822,0.8305892732852342,1,False,,,,
1766732561.782314,0.4840892274441292,0.9842234195924822,0.8305892732852342,1,False,,,,
1766732561.7877078,0.4840892274441292,0.9842234195924822,0.8305892732852342,1,False,,,,
1766732561.791175,0.5537328718672883,1.0648439620883954,1.0,1,False,,,,
1766732561.7940962,0.5537328718672883,1.0648439620883954,1.0,1,False,,,,
1766732561.796672,0.5150448187898097,1.0477653625643257,1.0,1,False,,,,
1766732562.044336,0.5150448187898097,1.0477653625643257,1.0,1,False,,,,
1766732562.050383,0.5150448187898097,1.0477653625643257,1.0,1,False,,,,
1766732562.053359,0.5150448187898097,1.0477653625643257,1.0,1,False,,,,
1766732562.0559611,0.5150448187898097,1.0477653625643257,1.0,1,False,,,,
1766732562.058752,0.4255041471871895,1.1323448702775742,0.9142695963382721,0,False,,,,
1766732562.268357,0.4255041471871895,1.1323448702775742,0.9142695963382721,0,False,,,,
1766732562.275575,0.4255041471871895,1.1323448702775742,0.9142695963382721,0,False,,,,
1766732562.278548,0.4255041471871895,1.1323448702775742,0.9142695963382721,0,False,,,,
1766732562.283377,0.4255041471871895,1.1323448702775742,0.9142695963382721,0,False,,,,
1766732562.286052,0.3464454033429202,1.2309228664322094,0.8527385592460632,0,False,,,,
1766732562.489696,0.3464454033429202,1.2309228664322094,0.8527385592460632,0,False,,,,
1766732562.497192,0.30405080607275614,1.1679884866051866,0.8674242794513702,0,False,,,,
1766732562.499996,0.30405080607275614,1.1679884866051866,0.8674242794513702,0,False,,,,
1766732562.507008,0.30405080607275614,1.1679884866051866,0.8674242794513702,0,False,,,,
1766732562.509856,0.3174370685456543,1.136119777711607,0.8962940573692322,0,False,,,,
1766732562.702465,0.3174370685456543,1.136119777711607,0.8962940573692322,0,False,,,,
1766732562.709449,0.3174370685456543,1.136119777711607,0.8962940573692322,0,False,,,,
1766732562.712188,0.3174370685456543,1.136119777711607,0.8962940573692322,0,False,,,,
1766732562.714742,0.3174370685456543,1.136119777711607,0.8962940573692322,0,False,,,,
1766732562.717115,0.3661810503083459,1.1905974225494833,0.7329895496368408,0,False,,,,
1766732562.942841,0.3661810503083459,1.1905974225494833,0.7329895496368408,0,False,,,,
1766732562.94827,0.3661810503083459,1.1905974225494833,0.7329895496368408,0,False,,,,
1766732562.950721,0.3661810503083459,1.1905974225494833,0.7329895496368408,0,False,,,,
1766732562.953365,0.3661810503083459,1.1905974225494833,0.7329895496368408,0,False,,,,
1766732562.956286,0.3298563210891928,1.1427934957334673,0.8748884499073029,0,False,,,,
1766732563.173268,0.3298563210891928,1.1427934957334673,0.8748884499073029,0,False,,,,
1766732563.1787589,0.3298563210891928,1.1427934957334673,0.8748884499073029,0,False,,,,
1766732563.182029,0.3298563210891928,1.1427934957334673,0.8748884499073029,0,False,,,,
1766732563.184164,0.3298563210891928,1.1427934957334673,0.8748884499073029,0,False,,,,
1766732563.1866162,0.40217657127351636,1.200444936407394,0.99,0,False,,,,
1766732563.3768508,0.40217657127351636,1.200444936407394,0.99,0,False,,,,
1766732563.381799,0.40217657127351636,1.200444936407394,0.99,0,False,,,,
1766732563.386204,0.40217657127351636,1.200444936407394,0.99,0,False,,,,
1766732563.388427,0.40217657127351636,1.200444936407394,0.99,0,False,,,,
1766732563.3904488,0.46291496610750354,0.9789237886811567,0.3388278551569498,0,False,,,,
1766732563.5900512,0.46291496610750354,0.9789237886811567,0.3388278551569498,0,False,,,,
1766732563.595383,0.46291496610750354,0.9789237886811567,0.3388278551569498,0,False,,,,
1766732563.5983622,0.497828564413735,1.056116039867377,1.0,0,False,,,,
1766732563.60176,0.497828564413735,1.056116039867377,1.0,0,False,,,,
1766732563.6044312,0.46832315604676883,1.1561960790974397,0.8769650459289551,1,False,,,,
1766732563.920628,0.46832315604676883,1.1561960790974397,0.8769650459289551,1,False,,,,
1766732563.92707,0.46832315604676883,1.1561960790974397,0.8769650459289551,1,False,,,,
1766732563.9297512,0.46832315604676883,1.1561960790974397,0.8769650459289551,1,False,,,,
1766732563.9332638,0.4756631031411055,1.1179391180526304,0.8894484639167786,1,False,,,,
1766732563.939811,0.5683656861869818,1.0099597409129777,0.8934022784233093,0,False,,,,
1766732564.70519,0.5195611316602056,0.9338312577740115,0.7044614553451538,0,False,,,,
1766732564.713237,0.5191649997273476,0.9346144203918928,0.7045542001724243,0,False,,,,
1766732564.71838,0.5191649997273476,0.9346144203918928,0.7045542001724243,0,False,,,,
1766732564.72121,0.5191649997273476,0.9346144203918928,0.7045542001724243,0,False,,,,
1766732564.7235599,0.44080786255856585,0.9901339874397801,0.8597909808158875,0,False,,,,
1766732564.892556,0.44080786255856585,0.9901339874397801,0.8597909808158875,0,False,,,,
1766732564.897982,0.44080786255856585,0.9901339874397801,0.8597909808158875,0,False,,,,
1766732564.900992,0.44080786255856585,0.9901339874397801,0.8597909808158875,0,False,,,,
1766732564.903193,0.44080786255856585,0.9901339874397801,0.8597909808158875,0,False,,,,
1766732564.9061592,0.5215910803324382,0.943691806749683,1.0,0,False,,,,
1766732565.111191,0.5215910803324382,0.943691806749683,1.0,0,False,,,,
1766732565.116747,0.5215910803324382,0.943691806749683,1.0,0,False,,,,
1766732565.122012,0.5215910803324382,0.943691806749683,1.0,0,False,,,,
1766732565.124704,0.5215910803324382,0.943691806749683,1.0,0,False,,,,
1766732565.126915,0.416742948131816,1.0478213426455805,0.787867546081543,0,False,,,,
1766732565.328314,0.416742948131816,1.0478213426455805,0.787867546081543,0,False,,,,
1766732565.33349,0.416742948131816,1.0478213426455805,0.787867546081543,0,False,,,,
1766732565.336975,0.416742948131816,1.0478213426455805,0.787867546081543,0,False,,,,
1766732565.339881,0.416742948131816,1.0478213426455805,0.787867546081543,0,False,,,,
1766732565.34321,0.42254336314233426,1.0441178251816172,0.7778200507164001,0,False,,,,
1766732565.5562172,0.42254336314233426,1.0441178251816172,0.7778200507164001,0,False,,,,
1766732565.561144,0.42254336314233426,1.0441178251816172,0.7778200507164001,0,False,,,,
1766732565.563499,0.42254336314233426,1.0441178251816172,0.7778200507164001,0,False,,,,
1766732565.5681732,0.42254336314233426,1.0441178251816172,0.7778200507164001,0,False,,,,
1766732565.5707579,0.42294335268983707,1.0608242582053935,0.8882598876953125,0,False,,,,
1766732565.809621,0.41786762470324684,1.0495860419683392,0.7045481204986572,0,False,,,,
1766732565.81516,0.41786762470324684,1.0495860419683392,0.7045481204986572,0,False,,,,
1766732565.820066,0.41786762470324684,1.0495860419683392,0.7045481204986572,0,False,,,,
1766732565.8230999,0.41786762470324684,1.0495860419683392,0.7045481204986572,0,False,,,,
1766732565.825345,0.5607929519755113,0.9199873586396049,0.7892833232879639,0,False,,,,
1766732566.033856,0.5607929519755113,0.9199873586396049,0.7892833232879639,0,False,,,,
1766732566.0396512,0.5607929519755113,0.9199873586396049,0.7892833232879639,0,False,,,,
1766732566.042136,0.5607929519755113,0.9199873586396049,0.7892833232879639,0,False,,,,
1766732566.044715,0.4797976391724396,1.067043029711209,0.8547278046607971,0,False,,,,
1766732566.0470731,0.4927682226875153,1.0772762117035322,0.8844557702541351,0,False,,,,
1766732566.2694662,0.4927682226875153,1.0772762117035322,0.8844557702541351,0,False,,,,
1766732566.274954,0.4927682226875153,1.0772762117035322,0.8844557702541351,0,False,,,,
1766732566.277948,0.4927682226875153,1.0772762117035322,0.8844557702541351,0,False,,,,
1766732566.2807848,0.46825195249440377,1.0359425308932966,0.7338173985481262,0,False,,,,
1766732566.2834392,0.5202209584866188,1.0498027499092952,0.8539632558822632,0,False,,,,
1766732566.475702,0.5202209584866188,1.0498027499092952,0.8539632558822632,0,False,,,,
1766732566.4809809,0.4887860579740895,1.0049657534770022,0.7387915849685669,0,False,,,,
1766732566.4835289,0.48778392451013647,1.0067250501701295,0.7237997651100159,0,False,,,,
1766732566.485887,0.48778392451013647,1.0067250501701295,0.7237997651100159,0,False,,,,
1766732566.4893708,0.5493880065456661,0.7255094432109795,0.15163913304904283,0,False,,,,
1766732566.712447,0.5493880065456661,0.7255094432109795,0.15163913304904283,0,False,,,,
1766732566.7192042,0.47384422799748727,0.7986964061264671,0.13890171755264968,0,False,,,,
1766732566.724681,0.47384422799748727,0.7986964061264671,0.13890171755264968,0,False,,,,
1766732566.730535,0.47384422799748727,0.7986964061264671,0.13890171755264968,0,False,,,,
1766732566.733441,0.6499974511723053,0.23856422128622445,1.0,1,False,,,,
1766732567.099031,0.6499974511723053,0.23856422128622445,1.0,1,False,,,,
1766732567.107381,0.6499974511723053,0.23856422128622445,1.0,1,False,,,,
1766732567.110464,0.6499974511723053,0.23856422128622445,1.0,1,False,,,,
1766732567.113024,0.6499974511723053,0.23856422128622445,1.0,1,False,,,,
1766732567.115565,0.5535715968300087,0.2918459789070361,1.0,1,True,0.5290302038192749,0.2184828370809555,0.09295187145471573,0.19007508456707
1766732567.375267,0.5535715968300087,0.2918459789070361,1.0,1,True,0.5290302038192749,0.2184828370809555,0.09295187145471573,0.19007508456707
1766732567.383564,0.5535715968300087,0.2918459789070361,1.0,1,True,0.5290302038192749,0.2184828370809555,0.09295187145471573,0.19007508456707
1766732567.387504,0.5347301626533637,0.32792677887060795,1.0,1,True,0.5290302038192749,0.2184828370809555,0.09295187145471573,0.19007508456707
1766732567.391419,0.5347301626533637,0.32792677887060795,1.0,1,True,0.5290302038192749,0.2184828370809555,0.09295187145471573,0.19007508456707
1766732567.397202,0.5306149925791331,0.43433306917735104,1.0,1,False,,,,
1766732567.657088,0.5233712664166864,0.6838283791990839,0.9850173890590668,1,True,0.49661582708358765,0.5039016008377075,0.09639501571655273,0.17815619707107544
1766732567.66555,0.5233712664166864,0.6838283791990839,0.9850173890590668,1,True,0.49661582708358765,0.5039016008377075,0.09639501571655273,0.17815619707107544
1766732567.672284,0.5233712664166864,0.6838283791990839,0.9850173890590668,1,True,0.49661582708358765,0.5039016008377075,0.09639501571655273,0.17815619707107544
1766732567.675573,0.5233712664166864,0.6838283791990839,0.9850173890590668,1,True,0.49661582708358765,0.5039016008377075,0.09639501571655273,0.17815619707107544
1766732567.678881,0.5502965558197721,0.46276892661488045,1.0,1,False,,,,
1766732568.0408409,0.5502965558197721,0.46276892661488045,1.0,1,False,,,,
1766732568.0472808,0.5502965558197721,0.46276892661488045,1.0,1,False,,,,
1766732568.050206,0.5502965558197721,0.46276892661488045,1.0,1,False,,,,
1766732568.0529559,0.5502965558197721,0.46276892661488045,1.0,1,False,,,,
1766732568.0557,0.576152857370942,0.3947647857458769,1.0,1,False,,,,
1766732568.437105,0.576152857370942,0.3947647857458769,1.0,1,False,,,,
1766732568.443209,0.576152857370942,0.3947647857458769,1.0,1,False,,,,
1766732568.4461179,0.576152857370942,0.3947647857458769,1.0,1,False,,,,
1766732568.449344,0.576152857370942,0.3947647857458769,1.0,1,False,,,,
1766732568.451974,0.5796307356557093,0.4175762804858314,1.0,1,False,,,,
1766732568.733803,0.5796307356557093,0.4175762804858314,1.0,1,False,,,,
1766732568.741552,0.5796307356557093,0.4175762804858314,1.0,1,False,,,,
1766732568.744747,0.5796307356557093,0.4175762804858314,1.0,1,False,,,,
1766732568.747932,0.5796307356557093,0.4175762804858314,1.0,1,False,,,,
1766732568.751492,0.5568791605630676,0.3964358847318863,1.0,1,False,,,,
1766732569.019937,0.5568791605630676,0.3964358847318863,1.0,1,False,,,,
1766732569.026481,0.5568791605630676,0.3964358847318863,1.0,1,False,,,,
1766732569.029888,0.5840248744633848,0.4113599496493614,1.0,1,False,,,,
1766732569.0370219,0.5575302721042541,0.3958997082467043,1.0,1,False,,,,
1766732569.041095,0.5757591542623838,0.40832942574385633,1.0,2,False,,,,
1766732569.4505851,0.5757591542623838,0.40832942574385633,1.0,2,False,,,,
1766732569.456993,0.5757591542623838,0.40832942574385633,1.0,2,False,,,,
1766732569.460046,0.57519447368983,0.4089714154149082,1.0,2,False,,,,
1766732569.4631438,0.5425940295362963,0.40284317112068435,1.0,2,False,,,,
1766732569.466671,0.5625987352716356,0.40921751894662095,1.0,2,False,,,,
1766732569.807328,0.5625987352716356,0.40921751894662095,1.0,2,False,,,,
1766732569.814025,0.5625987352716356,0.40921751894662095,1.0,2,False,,,,
1766732569.817062,0.5625987352716356,0.40921751894662095,1.0,2,False,,,,
1766732569.8201149,0.5625987352716356,0.40921751894662095,1.0,2,False,,,,
1766732569.8227332,0.5762300463621022,0.4393410558270199,1.0,2,False,,,,
1766732570.1682692,0.5536719398137706,0.4144266313561743,1.0,2,False,,,,
1766732570.176627,0.5536719398137706,0.4144266313561743,1.0,2,False,,,,
1766732570.183876,0.5536719398137706,0.4144266313561743,1.0,2,False,,,,
1766732570.186947,0.5536719398137706,0.4144266313561743,1.0,2,False,,,,
1766732570.1899111,0.547986433384934,0.39685747610843125,1.0,2,False,,,,
1766732570.609133,0.547986433384934,0.39685747610843125,1.0,2,False,,,,
1766732570.61646,0.547986433384934,0.39685747610843125,1.0,2,False,,,,
1766732570.622887,0.547986433384934,0.39685747610843125,1.0,2,False,,,,
1766732570.6261492,0.547986433384934,0.39685747610843125,1.0,2,False,,,,
1766732570.629421,0.5931016544960471,0.4304502749406742,1.0,2,False,,,,
1766732571.0151832,0.5931016544960471,0.4304502749406742,1.0,2,False,,,,
1766732571.023513,0.5931016544960471,0.4304502749406742,1.0,2,False,,,,
1766732571.029231,0.5931016544960471,0.4304502749406742,1.0,2,False,,,,
1766732571.0326521,0.5931016544960471,0.4304502749406742,1.0,2,False,,,,
1766732571.035604,0.5544644675857476,0.42218035263406417,1.0,2,False,,,,
1766732571.399173,0.5544644675857476,0.42218035263406417,1.0,2,False,,,,
1766732571.40574,0.5738215928934032,0.43080516259397483,1.0,2,False,,,,
1766732571.4109812,0.5738215928934032,0.43080516259397483,1.0,2,False,,,,
1766732571.4175029,0.5738215928934032,0.43080516259397483,1.0,2,False,,,,
1766732571.420722,0.5794853977111172,0.41170463201147034,1.0,2,False,,,,
1766732571.720581,0.5794853977111172,0.41170463201147034,1.0,2,False,,,,
1766732571.727509,0.5794853977111172,0.41170463201147034,1.0,2,False,,,,
1766732571.7307441,0.5794853977111172,0.41170463201147034,1.0,2,False,,,,
1766732571.733491,0.5794853977111172,0.41170463201147034,1.0,2,False,,,,
1766732571.739097,0.5808601711246141,0.39256034447017263,1.0,2,False,,,,
1766732572.0893,0.5808601711246141,0.39256034447017263,1.0,2,False,,,,
1766732572.0962079,0.5808601711246141,0.39256034447017263,1.0,2,False,,,,
1766732572.099755,0.5808601711246141,0.39256034447017263,1.0,2,False,,,,
1766732572.1027021,0.5808601711246141,0.39256034447017263,1.0,2,False,,,,
1766732572.105932,0.5520971286294567,0.3624958549005558,0.9312320649623871,2,False,,,,
1766732572.520084,0.5707841962877259,0.35472097170875827,1.0,2,False,,,,
1766732572.5279438,0.5707841962877259,0.35472097170875827,1.0,2,False,,,,
1766732572.5313332,0.5707841962877259,0.35472097170875827,1.0,2,False,,,,
1766732572.5344682,0.5707841962877259,0.35472097170875827,1.0,2,False,,,,
1766732572.5372748,0.5500013261478195,0.347270049776901,1.0,2,False,,,,
1766732573.058174,0.5500013261478195,0.347270049776901,1.0,2,False,,,,
1766732573.0652668,0.5500013261478195,0.347270049776901,1.0,2,False,,,,
1766732573.068115,0.5500013261478195,0.347270049776901,1.0,2,False,,,,
1766732573.0712378,0.5500013261478195,0.347270049776901,1.0,2,False,,,,
1766732573.074123,0.5020466417974059,1.0823600217645415,0.8560996353626251,2,False,,,,
1766732573.495723,0.5020466417974059,1.0823600217645415,0.8560996353626251,2,False,,,,
1766732573.5042748,0.5020466417974059,1.0823600217645415,0.8560996353626251,2,False,,,,
1766732573.506996,0.5020466417974059,1.0823600217645415,0.8560996353626251,2,False,,,,
1766732573.50954,0.5020466417974059,1.0823600217645415,0.8560996353626251,2,False,,,,
1766732573.511918,0.47807838943542624,1.1673388802382074,0.8018085956573486,0,False,,,,
1766732573.694834,0.47807838943542624,1.1673388802382074,0.8018085956573486,0,False,,,,
1766732573.700439,0.47807838943542624,1.1673388802382074,0.8018085956573486,0,False,,,,
1766732573.70326,0.47807838943542624,1.1673388802382074,0.8018085956573486,0,False,,,,
1766732573.708058,0.47807838943542624,1.1673388802382074,0.8018085956573486,0,False,,,,
1766732573.710667,0.4324646685658413,1.0545454112184314,0.9298731088638306,0,False,,,,
1766732573.9060638,0.4324646685658413,1.0545454112184314,0.9298731088638306,0,False,,,,
1766732573.914162,0.4324646685658413,1.0545454112184314,0.9298731088638306,0,False,,,,
1766732573.917089,0.4324646685658413,1.0545454112184314,0.9298731088638306,0,False,,,,
1766732573.9200692,0.43447531340760703,1.0345619796617065,0.8865017890930176,0,False,,,,
1766732573.922567,0.4054674257306853,1.007765776857238,0.8767324388027191,0,False,,,,
1766732574.096709,0.4030125851077477,1.0067314835102665,0.9000760316848755,0,False,,,,
1766732574.104736,0.4030125851077477,1.0067314835102665,0.9000760316848755,0,False,,,,
1766732574.1093419,0.4030125851077477,1.0067314835102665,0.9000760316848755,0,False,,,,
1766732574.112344,0.4030125851077477,1.0067314835102665,0.9000760316848755,0,False,,,,
1766732574.115402,0.413194754141822,1.0156026029260121,0.9419814646244049,0,False,,,,
1766732574.3067992,0.413194754141822,1.0156026029260121,0.9419814646244049,0,False,,,,
1766732574.3135612,0.413194754141822,1.0156026029260121,0.9419814646244049,0,False,,,,
1766732574.316451,0.413194754141822,1.0156026029260121,0.9419814646244049,0,False,,,,
1766732574.319117,0.413194754141822,1.0156026029260121,0.9419814646244049,0,False,,,,
1766732574.322408,0.4093793206285426,0.5312652153693871,0.44465614111417195,0,False,,,,
1766732574.545743,0.4093793206285426,0.5312652153693871,0.44465614111417195,0,False,,,,
1766732574.553139,0.4093793206285426,0.5312652153693871,0.44465614111417195,0,False,,,,
1766732574.556229,0.6683377231008507,0.2769756766403917,1.0,0,False,,,,
1766732574.559295,0.42096223095578245,0.5382749110443696,0.39243777555228476,0,False,,,,
1766732574.5636659,0.594791531465171,0.25598842935069677,1.0,1,True,0.5305745005607605,0.127707839012146,0.08212737739086151,0.17734350264072418
1766732574.8952708,0.6358694819024862,0.3053048449806073,1.0,1,False,,,,
1766732574.905375,0.6358694819024862,0.3053048449806073,1.0,1,False,,,,
1766732574.9110951,0.6358694819024862,0.3053048449806073,1.0,1,False,,,,
1766732574.913911,0.6358694819024862,0.3053048449806073,1.0,1,False,,,,
1766732574.916466,0.6166045811407128,0.3869080507785547,1.0,2,True,0.5299289226531982,0.33717167377471924,0.0849025696516037,0.17713436484336853
1766732575.328405,0.61662583700315,0.38855081522231094,1.0,2,True,0.5299289226531982,0.33717167377471924,0.0849025696516037,0.17713436484336853
1766732575.336892,0.6161200792870692,0.39266748827770614,1.0,2,True,0.5299289226531982,0.33717167377471924,0.0849025696516037,0.17713436484336853
1766732575.344696,0.6161200792870692,0.39266748827770614,1.0,2,True,0.5299289226531982,0.33717167377471924,0.0849025696516037,0.17713436484336853
1766732575.3481119,0.6161200792870692,0.39266748827770614,1.0,2,True,0.5299289226531982,0.33717167377471924,0.0849025696516037,0.17713436484336853
1766732575.351029,0.6302640906258214,0.4389615817974598,1.0,2,False,,,,
1766732575.7331011,0.6297211103717262,0.43811210541097834,1.0,2,False,,,,
1766732575.7417011,0.6297211103717262,0.43811210541097834,1.0,2,False,,,,
1766732575.748538,0.6297211103717262,0.43811210541097834,1.0,2,False,,,,
1766732575.751859,0.6297211103717262,0.43811210541097834,1.0,2,False,,,,
1766732575.758234,0.6199830338126251,0.31540997167245877,1.0,2,False,,,,
1766732576.131952,0.6309598547263192,0.37798361158598903,1.0,2,False,,,,
1766732576.140563,0.6352970486394404,0.37394934206389585,1.0,2,False,,,,
1766732576.144812,0.6352970486394404,0.37394934206389585,1.0,2,False,,,,
1766732576.16186,0.6352970486394404,0.37394934206389585,1.0,2,False,,,,
1766732576.1659362,0.5120711346566098,1.2126713249206493,0.8449915328288884,2,False,,,,
1766732576.472065,0.5434488941784335,1.1547521319347398,0.8529508709907532,2,False,,,,
1766732576.48017,0.5434488941784335,1.1547521319347398,0.8529508709907532,2,False,,,,
1766732576.482752,0.5434488941784335,1.1547521319347398,0.8529508709907532,2,False,,,,
1766732576.485046,0.5434488941784335,1.1547521319347398,0.8529508709907532,2,False,,,,
1766732576.487297,0.5343348851596261,1.1073848942019813,0.7878504395484924,1,False,,,,
1766732576.847007,0.5343348851596261,1.1073848942019813,0.7878504395484924,1,False,,,,
1766732576.85249,0.5343348851596261,1.1073848942019813,0.7878504395484924,1,False,,,,
1766732576.8553212,0.5343348851596261,1.1073848942019813,0.7878504395484924,1,False,,,,
1766732576.8577359,0.5343348851596261,1.1073848942019813,0.7878504395484924,1,False,,,,
1766732576.8599858,0.48119781507551895,0.9111299202522468,0.5885800334457348,1,False,,,,
1766732577.168104,0.5342672675794375,1.0428336199520758,0.9994048476219177,1,False,,,,
1766732577.174901,0.5205780826586911,1.103612976495848,0.7921775579452515,1,False,,,,
1766732577.180991,0.5205780826586911,1.103612976495848,0.7921775579452515,1,False,,,,
1766732577.184167,0.5205780826586911,1.103612976495848,0.7921775579452515,1,False,,,,
1766732577.1865118,0.5285535354899664,0.932336543265393,0.597725750867079,1,False,,,,
1766732577.411943,0.560074589846282,1.0418394186035336,1.0,1,False,,,,
1766732577.419106,0.560074589846282,1.0418394186035336,1.0,1,False,,,,
1766732577.424743,0.560074589846282,1.0418394186035336,1.0,1,False,,,,
1766732577.429771,0.560074589846282,1.0418394186035336,1.0,1,False,,,,
1766732577.4324448,0.555181396255984,0.985717270907536,1.0,1,False,,,,
1766732577.733054,0.555181396255984,0.985717270907536,1.0,1,False,,,,
1766732577.740681,0.5477644849350382,1.0505478256804628,0.8242917060852051,1,False,,,,
1766732577.7457469,0.5327356380428555,1.0563457812970998,0.2946298013144875,1,False,,,,
1766732577.7488441,0.5327356380428555,1.0563457812970998,0.2946298013144875,1,False,,,,
1766732577.755062,0.436896819219336,1.0655257275568213,0.9213024079799652,1,False,,,,
1766732578.078022,0.5001838561367167,0.9383596874166998,1.0,1,False,,,,
1766732578.0854158,0.4392995483855319,1.0439045568948742,0.8989282548427582,1,False,,,,
1766732578.0913548,0.4392995483855319,1.0439045568948742,0.8989282548427582,1,False,,,,
1766732578.094062,0.4392995483855319,1.0439045568948742,0.8989282548427582,1,False,,,,
1766732578.096338,0.518629598456033,0.9102111876405622,0.4926144356060601,1,False,,,,
1766732578.441781,0.518629598456033,0.9102111876405622,0.4926144356060601,1,False,,,,
1766732578.448009,0.4654333704343516,1.0857157052228916,0.8571924567222595,1,False,,,,
1766732578.450784,0.4654333704343516,1.0857157052228916,0.8571924567222595,1,False,,,,
1766732578.457014,0.4654333704343516,1.0857157052228916,0.8571924567222595,1,False,,,,
1766732578.460156,0.4831185935660196,1.1420728358648287,0.8908858597278595,1,False,,,,
1766732578.756706,0.4831185935660196,1.1420728358648287,0.8908858597278595,1,False,,,,
1766732578.762314,0.4831185935660196,1.1420728358648287,0.8908858597278595,1,False,,,,
1766732578.7653499,0.4831185935660196,1.1420728358648287,0.8908858597278595,1,False,,,,
1766732578.768041,0.4831185935660196,1.1420728358648287,0.8908858597278595,1,False,,,,
1766732578.770477,0.4885842401282473,0.8033103638401631,0.586760131608396,2,False,,,,
1766732579.090185,0.4885842401282473,0.8033103638401631,0.586760131608396,2,False,,,,
1766732579.0963619,0.4885842401282473,0.8033103638401631,0.586760131608396,2,False,,,,
1766732579.101001,0.4885842401282473,0.8033103638401631,0.586760131608396,2,False,,,,
1766732579.103625,0.4885842401282473,0.8033103638401631,0.586760131608396,2,False,,,,
1766732579.106486,0.6439378153534437,0.32624003560920833,1.0,2,False,,,,
1766732579.449705,0.6268078070196385,0.2530382157917952,1.0,2,False,,,,
1766732579.4575639,0.6268078070196385,0.2530382157917952,1.0,2,False,,,,
1766732579.464633,0.6268078070196385,0.2530382157917952,1.0,2,False,,,,
1766732579.467721,0.6268078070196385,0.2530382157917952,1.0,2,False,,,,
1766732579.470711,0.6454683947526206,0.234923389408487,1.0,2,True,0.5554918050765991,0.14057520031929016,0.08621244132518768,0.17024417221546173
1766732579.8078148,0.6454683947526206,0.234923389408487,1.0,2,True,0.5554918050765991,0.14057520031929016,0.08621244132518768,0.17024417221546173
1766732579.816651,0.6436604180569305,0.2366663965718645,1.0,2,True,0.5554918050765991,0.14057520031929016,0.08621244132518768,0.17024417221546173
1766732579.820281,0.5731238591765659,0.18811101366938732,1.0,2,True,0.5554918050765991,0.14057520031929016,0.08621244132518768,0.17024417221546173
1766732579.8232262,0.5731238591765659,0.18811101366938732,1.0,2,True,0.5554918050765991,0.14057520031929016,0.08621244132518768,0.17024417221546173
1766732579.829,0.5779133350056415,0.36812983131310517,0.995,1,True,0.5199751853942871,0.2515789568424225,0.08552074432373047,0.1795012652873993
1766732580.121273,0.5742345604651338,0.3980735902318129,1.0,1,True,0.5199751853942871,0.2515789568424225,0.08552074432373047,0.1795012652873993
1766732580.129267,0.5902408978721092,0.4234415047574831,1.0,1,True,0.5199751853942871,0.2515789568424225,0.08552074432373047,0.1795012652873993
1766732580.136974,0.5902408978721092,0.4234415047574831,1.0,1,True,0.5199751853942871,0.2515789568424225,0.08552074432373047,0.1795012652873993
1766732580.140346,0.5902408978721092,0.4234415047574831,1.0,1,True,0.5199751853942871,0.2515789568424225,0.08552074432373047,0.1795012652873993
1766732580.143073,0.5990575815274737,0.41541738104633164,1.0,1,True,0.5059008598327637,0.2690933644771576,0.08680200576782227,0.1838901937007904
1766732580.38848,0.5988294716639697,0.41630510434638135,1.0,1,True,0.5059008598327637,0.2690933644771576,0.08680200576782227,0.1838901937007904
1766732580.396076,0.5979965686232122,0.4088728299256016,1.0,1,True,0.5059008598327637,0.2690933644771576,0.08680200576782227,0.1838901937007904
1766732580.403404,0.5979965686232122,0.4088728299256016,1.0,1,True,0.5059008598327637,0.2690933644771576,0.08680200576782227,0.1838901937007904
1766732580.4068968,0.5979965686232122,0.4088728299256016,1.0,1,True,0.5059008598327637,0.2690933644771576,0.08680200576782227,0.1838901937007904
1766732580.409777,0.5500839562019221,0.42808908964164094,0.995,1,True,0.5153547525405884,0.33832547068595886,0.08493995666503906,0.16984723508358002
1766732580.646019,0.5500839562019221,0.42808908964164094,0.995,1,True,0.5153547525405884,0.33832547068595886,0.08493995666503906,0.16984723508358002
1766732580.652274,0.5500839562019221,0.42808908964164094,0.995,1,True,0.5153547525405884,0.33832547068595886,0.08493995666503906,0.16984723508358002
1766732580.655385,0.5500839562019221,0.42808908964164094,0.995,1,True,0.5153547525405884,0.33832547068595886,0.08493995666503906,0.16984723508358002
1766732580.6591601,0.573424394742227,0.47420899694352714,1.0,1,True,0.5153547525405884,0.33832547068595886,0.08493995666503906,0.16984723508358002
1766732580.663142,0.6060558334485442,0.31565845195339226,1.0,1,False,,,,
1766732581.180026,0.6060558334485442,0.31565845195339226,1.0,1,False,,,,
1766732581.187482,0.6060558334485442,0.31565845195339226,1.0,1,False,,,,
1766732581.190871,0.6060558334485442,0.31565845195339226,1.0,1,False,,,,
1766732581.193834,0.5547621106796041,0.3008256697510867,1.0,1,False,,,,
1766732581.196495,0.6144891121939537,0.37831928211228893,1.0,1,True,0.5194490551948547,0.3933676481246948,0.09123668819665909,0.18185725808143616
1766732581.628778,0.5949814704975771,0.3438214836009914,1.0,1,False,,,,
1766732581.635565,0.5941433517296684,0.34317581646002804,1.0,1,False,,,,
1766732581.642221,0.5941433517296684,0.34317581646002804,1.0,1,False,,,,
1766732581.647926,0.5941433517296684,0.34317581646002804,1.0,1,False,,,,
1766732581.650841,0.6015507874879609,0.3563082873884649,1.0,1,False,,,,
1766732582.068186,0.6015507874879609,0.3563082873884649,1.0,1,False,,,,
1766732582.075297,0.6015507874879609,0.3563082873884649,1.0,1,False,,,,
1766732582.078732,0.6015507874879609,0.3563082873884649,1.0,1,False,,,,
1766732582.0817401,0.6015507874879609,0.3563082873884649,1.0,1,False,,,,
1766732582.084322,0.5583509942713708,0.339919072113955,1.0,1,False,,,,
1766732582.318329,0.5583509942713708,0.339919072113955,1.0,1,False,,,,
1766732582.325305,0.5583509942713708,0.339919072113955,1.0,1,False,,,,
1766732582.328799,0.557264269781777,0.3377073771935839,1.0,1,False,,,,
1766732582.331778,0.5975441176091725,0.34813775659573176,1.0,1,False,,,,
1766732582.336561,0.6089161874348578,0.3600330303308874,1.0,1,False,,,,
1766732582.602779,0.6195894893637754,0.39007499317910943,1.0,1,False,,,,
1766732582.611152,0.6195894893637754,0.39007499317910943,1.0,1,False,,,,
1766732582.618654,0.6195894893637754,0.39007499317910943,1.0,1,False,,,,
1766732582.621824,0.6195894893637754,0.39007499317910943,1.0,1,False,,,,
1766732582.624639,0.6014698084271715,0.365362471365583,1.0,1,False,,,,
1766732582.993734,0.6014698084271715,0.365362471365583,1.0,1,False,,,,
1766732583.000475,0.6008635937987432,0.36554690772587783,1.0,1,False,,,,
1766732583.003722,0.5667571691504636,0.34599433519101686,1.0,1,False,,,,
1766732583.006577,0.5667571691504636,0.34599433519101686,1.0,1,False,,,,
1766732583.013485,0.5995097301593939,0.3540070268193183,1.0,1,False,,,,
1766732583.343949,0.5989879477012999,0.3544254826801534,1.0,1,False,,,,
1766732583.351082,0.5989879477012999,0.3544254826801534,1.0,1,False,,,,
1766732583.3571799,0.5989879477012999,0.3544254826801534,1.0,1,False,,,,
1766732583.3604639,0.5989879477012999,0.3544254826801534,1.0,1,False,,,,
1766732583.363214,0.5583933846619397,0.35458712049451746,1.0,1,False,,,,
1766732583.71216,0.5583933846619397,0.35458712049451746,1.0,1,False,,,,
1766732583.719929,0.5583933846619397,0.35458712049451746,1.0,1,False,,,,
1766732583.7266781,0.5583933846619397,0.35458712049451746,1.0,1,False,,,,
1766732583.7305658,0.5583933846619397,0.35458712049451746,1.0,1,False,,,,
1766732583.7340338,0.6012794601500436,0.36230262962242454,1.0,1,False,,,,
1766732584.090501,0.6012794601500436,0.36230262962242454,1.0,1,False,,,,
1766732584.097566,0.6012794601500436,0.36230262962242454,1.0,1,False,,,,
1766732584.100675,0.6012794601500436,0.36230262962242454,1.0,1,False,,,,
1766732584.103599,0.6012794601500436,0.36230262962242454,1.0,1,False,,,,
1766732584.110187,0.5858886796427253,0.35430089406859444,1.0,1,False,,,,
1766732584.4226391,0.5858886796427253,0.35430089406859444,1.0,1,False,,,,
1766732584.429013,0.5858886796427253,0.35430089406859444,1.0,1,False,,,,
1766732584.432286,0.5858886796427253,0.35430089406859444,1.0,1,False,,,,
1766732584.4350588,0.5858886796427253,0.35430089406859444,1.0,1,False,,,,
1766732584.437631,0.5457087616244947,0.3472137283074057,1.0,1,False,,,,
1766732584.784718,0.5457087616244947,0.3472137283074057,1.0,1,False,,,,
1766732584.7922401,0.5457087616244947,0.3472137283074057,1.0,1,False,,,,
1766732584.7989042,0.5457087616244947,0.3472137283074057,1.0,1,False,,,,
1766732584.8022342,0.5457087616244947,0.3472137283074057,1.0,1,False,,,,
1766732584.805446,0.582997121039363,0.3364727277340036,1.0,1,False,,,,
1766732585.1030369,0.582997121039363,0.3364727277340036,1.0,1,False,,,,
1766732585.109296,0.582997121039363,0.3364727277340036,1.0,1,False,,,,
1766732585.113284,0.587664904656848,0.34190533868059014,1.0,1,False,,,,
1766732585.116487,0.6034306760631617,0.37054120361898457,1.0,1,False,,,,
1766732585.1198661,0.5874731271344943,0.3430356864902582,1.0,1,False,,,,
1766732585.448889,0.5903374113499952,0.33637593195971105,1.0,1,False,,,,
1766732585.456749,0.5483057184731812,0.3129549234587835,1.0,1,False,,,,
1766732585.464202,0.5483057184731812,0.3129549234587835,1.0,1,False,,,,
1766732585.4674711,0.5483057184731812,0.3129549234587835,1.0,1,False,,,,
1766732585.470398,0.621984152362127,0.30709636029763177,1.0,1,False,,,,
1766732585.817926,0.5036427748522149,0.7764753106282913,0.40446325470429695,1,False,,,,
1766732585.825511,0.5036427748522149,0.7764753106282913,0.40446325470429695,1,False,,,,
1766732585.8330061,0.5036427748522149,0.7764753106282913,0.40446325470429695,1,False,,,,
1766732585.837884,0.5036427748522149,0.7764753106282913,0.40446325470429695,1,False,,,,
1766732585.8406029,0.5385841689659816,1.098626917685351,0.8533232760429382,1,False,,,,
1766732586.139432,0.5385841689659816,1.098626917685351,0.8533232760429382,1,False,,,,
1766732586.146825,0.5385841689659816,1.098626917685351,0.8533232760429382,1,False,,,,
1766732586.1495109,0.5385841689659816,1.098626917685351,0.8533232760429382,1,False,,,,
1766732586.152309,0.5299221290310494,1.0641441962649127,0.8749091577529907,1,False,,,,
1766732586.15483,0.5232839101759588,1.043131357570887,0.8952516615390778,2,False,,,,
1766732586.453921,0.5238095394475446,1.0300744864329763,0.29617761126644626,2,False,,,,
1766732586.4605901,0.5238095394475446,1.0300744864329763,0.29617761126644626,2,False,,,,
1766732586.466613,0.5238095394475446,1.0300744864329763,0.29617761126644626,2,False,,,,
1766732586.4698932,0.5238095394475446,1.0300744864329763,0.29617761126644626,2,False,,,,
1766732586.472209,0.5084254968790181,1.0919724417647343,0.8562999963760376,1,False,,,,
1766732586.7350872,0.5084254968790181,1.0919724417647343,0.8562999963760376,1,False,,,,
1766732586.742099,0.5084254968790181,1.0919724417647343,0.8562999963760376,1,False,,,,
1766732586.744708,0.5084254968790181,1.0919724417647343,0.8562999963760376,1,False,,,,
1766732586.747201,0.5084254968790181,1.0919724417647343,0.8562999963760376,1,False,,,,
1766732586.74997,0.5155774245939891,1.0483970813479997,1.0,1,False,,,,
1766732587.082409,0.5155774245939891,1.0483970813479997,1.0,1,False,,,,
1766732587.089322,0.5171443734686949,1.0456912358977446,1.0,1,False,,,,
1766732587.093236,0.5171443734686949,1.0456912358977446,1.0,1,False,,,,
1766732587.09901,0.5171443734686949,1.0456912358977446,1.0,1,False,,,,
1766732587.1019928,0.5149006867538761,1.129816420848662,0.772113025188446,2,False,,,,
1766732587.4766562,0.5149006867538761,1.129816420848662,0.772113025188446,2,False,,,,
1766732587.4820569,0.5149006867538761,1.129816420848662,0.772113025188446,2,False,,,,
1766732587.487486,0.5149006867538761,1.129816420848662,0.772113025188446,2,False,,,,
1766732587.490052,0.5149006867538761,1.129816420848662,0.772113025188446,2,False,,,,
1766732587.492911,0.48547744751187755,0.879360194060829,0.6,1,False,,,,
1766732587.807628,0.48547744751187755,0.879360194060829,0.6,1,False,,,,
1766732587.8133938,0.48547744751187755,0.879360194060829,0.6,1,False,,,,
1766732587.8163662,0.48547744751187755,0.879360194060829,0.6,1,False,,,,
1766732587.819255,0.48547744751187755,0.879360194060829,0.6,1,False,,,,
1766732587.821877,0.3821234748143056,0.9509760243534673,0.7927056550979614,1,False,,,,
1766732588.122439,0.3821234748143056,0.9509760243534673,0.7927056550979614,1,False,,,,
1766732588.1294851,0.8644690986714345,0.7902836321284692,0.06489678564485517,1,False,,,,
1766732588.132332,0.8644690986714345,0.7902836321284692,0.06489678564485517,1,False,,,,
1766732588.134908,0.8644690986714345,0.7902836321284692,0.06489678564485517,1,False,,,,
1766732588.1400871,0.5878258053535931,0.29610159351379717,1.0,1,False,,,,
1766732588.438237,0.5878258053535931,0.29610159351379717,1.0,1,False,,,,
1766732588.446712,0.5878258053535931,0.29610159351379717,1.0,1,False,,,,
1766732588.449749,0.5878258053535931,0.29610159351379717,1.0,1,False,,,,
1766732588.452857,0.5878258053535931,0.29610159351379717,1.0,1,False,,,,
1766732588.455435,0.5843723847951992,0.33771915168822364,1.0,1,True,0.5292905569076538,0.18906597793102264,0.09361591190099716,0.18863576650619507
1766732588.705628,0.5843723847951992,0.33771915168822364,1.0,1,True,0.5292905569076538,0.18906597793102264,0.09361591190099716,0.18863576650619507
1766732588.7142131,0.5843723847951992,0.33771915168822364,1.0,1,True,0.5292905569076538,0.18906597793102264,0.09361591190099716,0.18863576650619507
1766732588.717227,0.5843723847951992,0.33771915168822364,1.0,1,True,0.5292905569076538,0.18906597793102264,0.09361591190099716,0.18863576650619507
1766732588.7201102,0.5843723847951992,0.33771915168822364,1.0,1,True,0.5292905569076538,0.18906597793102264,0.09361591190099716,0.18863576650619507
1766732588.722709,0.48969271960678346,0.5960856492129399,0.4753823378049296,1,False,,,,
1766732588.9755971,0.48969271960678346,0.5960856492129399,0.4753823378049296,1,False,,,,
1766732588.981698,0.48969271960678346,0.5960856492129399,0.4753823378049296,1,False,,,,
1766732588.9847481,0.48969271960678346,0.5960856492129399,0.4753823378049296,1,False,,,,
1766732588.987475,0.48969271960678346,0.5960856492129399,0.4753823378049296,1,False,,,,
1766732588.990228,0.6237150462073788,0.2942933259225946,1.0,1,False,,,,
1766732589.287744,0.6237150462073788,0.2942933259225946,1.0,1,False,,,,
1766732589.2952719,0.6237150462073788,0.2942933259225946,1.0,1,False,,,,
1766732589.298938,0.6237150462073788,0.2942933259225946,1.0,1,False,,,,
1766732589.303221,0.6217977661622357,0.2933993220153255,1.0,1,False,,,,
1766732589.3065531,0.4422478495349395,0.5038115538856521,0.40473153643945375,1,False,,,,
1766732589.590691,0.4422478495349395,0.5038115538856521,0.40473153643945375,1,False,,,,
1766732589.598326,0.4422478495349395,0.5038115538856521,0.40473153643945375,1,False,,,,
1766732589.601376,0.556189542177183,0.28060356333984793,0.9511943459510803,1,False,,,,
1766732589.6074991,0.556189542177183,0.28060356333984793,0.9511943459510803,1,False,,,,
1766732589.614283,0.6034450133751181,0.3566993733333612,1.0,1,False,,,,
1766732589.874537,0.5982636819069921,0.3747795175549329,1.0,1,False,,,,
1766732589.8828611,0.5982636819069921,0.3747795175549329,1.0,1,False,,,,
1766732589.889698,0.5982636819069921,0.3747795175549329,1.0,1,False,,,,
1766732589.8927732,0.5982636819069921,0.3747795175549329,1.0,1,False,,,,
1766732589.895684,0.5942907939854389,0.4412399740759153,1.0,1,False,,,,
1766732590.179841,0.5770680827821242,0.4237124605491047,1.0,1,False,,,,
1766732590.187228,0.5770680827821242,0.4237124605491047,1.0,1,False,,,,
1766732590.194319,0.5770680827821242,0.4237124605491047,1.0,1,False,,,,
1766732590.197508,0.5770680827821242,0.4237124605491047,1.0,1,False,,,,
1766732590.2002041,0.599250202039258,0.41712305335342137,1.0,1,False,,,,
1766732590.5800462,0.6002902002619963,0.4198999143922788,1.0,1,False,,,,
1766732590.587399,0.6002902002619963,0.4198999143922788,1.0,1,False,,,,
1766732590.590705,0.6002902002619963,0.4198999143922788,1.0,1,False,,,,
1766732590.593892,0.6002902002619963,0.4198999143922788,1.0,1,False,,,,
1766732590.59654,0.5774109815315602,0.3983145730842008,1.0,1,False,,,,
1766732590.9039612,0.5774109815315602,0.3983145730842008,1.0,1,False,,,,
1766732590.9117482,0.5780834977020022,0.39733463298810245,1.0,1,False,,,,
1766732590.9155998,0.5780834977020022,0.39733463298810245,1.0,1,False,,,,
1766732590.923193,0.5780834977020022,0.39733463298810245,1.0,1,False,,,,
1766732590.926485,0.5983651298785532,0.42525159514158783,1.0,1,False,,,,
1766732591.2239769,0.5983651298785532,0.42525159514158783,1.0,1,False,,,,
1766732591.230847,0.5983651298785532,0.42525159514158783,1.0,1,False,,,,
1766732591.236779,0.5983651298785532,0.42525159514158783,1.0,1,False,,,,
1766732591.239701,0.5983651298785532,0.42525159514158783,1.0,1,False,,,,
1766732591.242906,0.5355958473732767,0.4711719364780518,1.0,1,False,,,,
1766732591.5791621,0.5355958473732767,0.4711719364780518,1.0,1,False,,,,
1766732591.586693,0.5379649117782423,0.4842537120808066,1.0,1,False,,,,
1766732591.594529,0.5379649117782423,0.4842537120808066,1.0,1,False,,,,
1766732591.5976791,0.5379649117782423,0.4842537120808066,1.0,1,False,,,,
1766732591.600554,0.5424008992047636,0.49412105031427667,1.0,2,False,,,,
1766732591.958564,0.5424008992047636,0.49412105031427667,1.0,2,False,,,,
1766732591.965931,0.5424008992047636,0.49412105031427667,1.0,2,False,,,,
1766732591.968928,0.5424008992047636,0.49412105031427667,1.0,2,False,,,,
1766732591.9718778,0.5424008992047636,0.49412105031427667,1.0,2,False,,,,
1766732591.977889,0.5277970601294169,0.48738018267225547,1.0,2,False,,,,
1766732592.296683,0.5277970601294169,0.48738018267225547,1.0,2,False,,,,
1766732592.303793,0.5277970601294169,0.48738018267225547,1.0,2,False,,,,
1766732592.307036,0.5277970601294169,0.48738018267225547,1.0,2,False,,,,
1766732592.310164,0.5277970601294169,0.48738018267225547,1.0,2,False,,,,
1766732592.3131561,0.5927517895154042,0.4812139640773969,1.0,1,False,,,,
1766732592.612554,0.5927517895154042,0.4812139640773969,1.0,1,False,,,,
1766732592.619585,0.5920968896711167,0.4805795053438552,1.0,1,False,,,,
1766732592.6242611,0.5920968896711167,0.4805795053438552,1.0,1,False,,,,
1766732592.6310048,0.5920968896711167,0.4805795053438552,1.0,1,False,,,,
1766732592.63397,0.5300732660015254,0.4857031069907589,1.0,1,False,,,,
1766732593.027956,0.5547608978432599,0.475487103197893,1.0,1,False,,,,
1766732593.033986,0.5547608978432599,0.475487103197893,1.0,1,False,,,,
1766732593.040558,0.5547608978432599,0.475487103197893,1.0,1,False,,,,
1766732593.043956,0.5547608978432599,0.475487103197893,1.0,1,False,,,,
1766732593.046634,0.5366721235475856,0.4728755316565689,1.0,1,False,,,,
1766732593.359196,0.5422985317558371,0.48024697766992075,1.0,1,False,,,,
1766732593.3666801,0.5422985317558371,0.48024697766992075,1.0,1,False,,,,
1766732593.3740711,0.5422985317558371,0.48024697766992075,1.0,1,False,,,,
1766732593.377059,0.5422985317558371,0.48024697766992075,1.0,1,False,,,,
1766732593.379779,0.5359354409256434,0.46155781002519536,1.0,1,False,,,,
1766732593.6988301,0.5557273186104326,0.46199708653419935,1.0,1,False,,,,
1766732593.706243,0.5557273186104326,0.46199708653419935,1.0,1,False,,,,
1766732593.713217,0.5557273186104326,0.46199708653419935,1.0,1,False,,,,
1766732593.718967,0.5557273186104326,0.46199708653419935,1.0,1,False,,,,
1766732593.722367,0.49973019674965113,0.6881073080199607,0.1507423870885175,1,False,,,,
1766732593.961824,0.3945681165073887,1.0798939364804025,0.8839628815191614,1,False,,,,
1766732593.971092,0.3945681165073887,1.0798939364804025,0.8839628815191614,1,False,,,,
1766732593.977119,0.3945681165073887,1.0798939364804025,0.8839628815191614,1,False,,,,
1766732593.980309,0.3945681165073887,1.0798939364804025,0.8839628815191614,1,False,,,,
1766732593.982979,0.6028401191310522,0.5031982436470056,0.1932640482421761,1,False,,,,
1766732594.23922,0.6028401191310522,0.5031982436470056,0.1932640482421761,1,False,,,,
1766732594.2466922,0.6028401191310522,0.5031982436470056,0.1932640482421761,1,False,,,,
1766732594.249778,0.6028401191310522,0.5031982436470056,0.1932640482421761,1,False,,,,
1766732594.252413,0.6028401191310522,0.5031982436470056,0.1932640482421761,1,False,,,,
1766732594.254687,0.5068333347991165,1.0151103113370605,1.0,0,False,,,,
1766732594.465638,0.44477359175331205,1.0920418166344066,0.776293933391571,0,False,,,,
1766732594.47355,0.44477359175331205,1.0920418166344066,0.776293933391571,0,False,,,,
1766732594.478575,0.44477359175331205,1.0920418166344066,0.776293933391571,0,False,,,,
1766732594.481646,0.44477359175331205,1.0920418166344066,0.776293933391571,0,False,,,,
1766732594.484318,0.5858212750640344,0.5857586663553996,0.22926246541951723,0,False,,,,
1766732594.724409,0.5858212750640344,0.5857586663553996,0.22926246541951723,0,False,,,,
1766732594.7325618,0.4260886629106081,1.1548410914787837,0.8764371871948242,0,False,,,,
1766732594.7355158,0.4260886629106081,1.1548410914787837,0.8764371871948242,0,False,,,,
1766732594.740959,0.4260886629106081,1.1548410914787837,0.8764371871948242,0,False,,,,
1766732594.7437398,0.5959198496717537,0.580411498334885,0.26432153501670086,0,False,,,,
1766732595.045553,0.5959198496717537,0.580411498334885,0.26432153501670086,0,False,,,,
1766732595.051239,0.5959198496717537,0.580411498334885,0.26432153501670086,0,False,,,,
1766732595.056312,0.5959198496717537,0.580411498334885,0.26432153501670086,0,False,,,,
1766732595.058975,0.5959198496717537,0.580411498334885,0.26432153501670086,0,False,,,,
1766732595.0614662,0.44068425123275323,0.7502901591226729,0.19707460625094064,0,False,,,,
1766732595.315864,0.44068425123275323,0.7502901591226729,0.19707460625094064,0,False,,,,
1766732595.322326,0.44068425123275323,0.7502901591226729,0.19707460625094064,0,False,,,,
1766732595.3255749,0.44068425123275323,0.7502901591226729,0.19707460625094064,0,False,,,,
1766732595.328727,0.44068425123275323,0.7502901591226729,0.19707460625094064,0,False,,,,
1766732595.3313742,0.630842042226805,0.208737781385122,1.0,1,True,0.564102292060852,0.15264175832271576,0.08826198428869247,0.1873832643032074
1766732595.601604,0.6634171830386482,0.28931393197056876,1.0,1,False,,,,
1766732595.610464,0.6634171830386482,0.28931393197056876,1.0,1,False,,,,
1766732595.617598,0.6634171830386482,0.28931393197056876,1.0,1,False,,,,
1766732595.621089,0.6634171830386482,0.28931393197056876,1.0,1,False,,,,
1766732595.626428,0.6488551657685633,0.3176853020716123,1.0,1,True,0.5579477548599243,0.2757076621055603,0.08968973159790039,0.18596047163009644
1766732595.924972,0.6488551657685633,0.3176853020716123,1.0,1,True,0.5579477548599243,0.2757076621055603,0.08968973159790039,0.18596047163009644
1766732595.9321668,0.6488551657685633,0.3176853020716123,1.0,1,True,0.5579477548599243,0.2757076621055603,0.08968973159790039,0.18596047163009644
1766732595.93524,0.6488551657685633,0.3176853020716123,1.0,1,True,0.5579477548599243,0.2757076621055603,0.08968973159790039,0.18596047163009644
1766732595.9392362,0.6481406772055915,0.31792677192019825,1.0,1,True,0.5579477548599243,0.2757076621055603,0.08968973159790039,0.18596047163009644
1766732595.942419,0.6562566066453235,0.31492612718885293,1.0,1,False,,,,
1766732596.2260501,0.6562566066453235,0.31492612718885293,1.0,1,False,,,,
1766732596.232853,0.6562566066453235,0.31492612718885293,1.0,1,False,,,,
1766732596.235981,0.6587677008450212,0.31741382951020025,1.0,1,False,,,,
1766732596.2396271,0.6408725694058541,0.33541466258666697,1.0,1,True,0.5634230375289917,0.3086559772491455,0.08328942954540253,0.18284420669078827
1766732596.2438478,0.4636037593497854,1.0180682084296708,0.7862502336502075,1,False,,,,
1766732596.518751,0.4636037593497854,1.0180682084296708,0.7862502336502075,1,False,,,,
1766732596.524259,0.4636037593497854,1.0180682084296708,0.7862502336502075,1,False,,,,
1766732596.526788,0.4636037593497854,1.0180682084296708,0.7862502336502075,1,False,,,,
1766732596.529094,0.4636037593497854,1.0180682084296708,0.7862502336502075,1,False,,,,
1766732596.531622,0.4727538162091639,0.9453140949941091,0.7088684439659119,2,False,,,,
1766732596.918318,0.4727538162091639,0.9453140949941091,0.7088684439659119,2,False,,,,
1766732596.924586,0.4727538162091639,0.9453140949941091,0.7088684439659119,2,False,,,,
1766732596.927405,0.4727538162091639,0.9453140949941091,0.7088684439659119,2,False,,,,
1766732596.929708,0.4727538162091639,0.9453140949941091,0.7088684439659119,2,False,,,,
1766732596.932411,0.6165277218102077,0.372103281625342,0.884474630355835,1,False,,,,
1766732597.158765,0.6165277218102077,0.372103281625342,0.884474630355835,1,False,,,,
1766732597.1673548,0.6165277218102077,0.372103281625342,0.884474630355835,1,False,,,,
1766732597.1711519,0.6165277218102077,0.372103281625342,0.884474630355835,1,False,,,,
1766732597.176743,0.6682954956013767,0.3710265296232158,0.9858453273773193,1,False,,,,
1766732597.1809258,0.6215673727724523,0.4927948387776311,1.0,1,True,0.5785749554634094,0.2982903718948364,0.08780660480260849,0.18498848378658295
1766732597.487721,0.6215673727724523,0.4927948387776311,1.0,1,True,0.5785749554634094,0.2982903718948364,0.08780660480260849,0.18498848378658295
1766732597.495262,0.6215673727724523,0.4927948387776311,1.0,1,True,0.5785749554634094,0.2982903718948364,0.08780660480260849,0.18498848378658295
1766732597.4986072,0.6215673727724523,0.4927948387776311,1.0,1,True,0.5785749554634094,0.2982903718948364,0.08780660480260849,0.18498848378658295
1766732597.501225,0.6215673727724523,0.4927948387776311,1.0,1,True,0.5785749554634094,0.2982903718948364,0.08780660480260849,0.18498848378658295
1766732597.5040572,0.6188462653364705,0.3341119214928743,1.0,1,False,,,,
1766732597.84339,0.6188462653364705,0.3341119214928743,1.0,1,False,,,,
1766732597.852114,0.6129469558099565,0.3456131846181002,1.0,1,False,,,,
1766732597.858985,0.6129469558099565,0.3456131846181002,1.0,1,False,,,,
1766732597.862239,0.6129469558099565,0.3456131846181002,1.0,1,False,,,,
1766732597.865421,0.6234524529279732,0.37852828577451403,1.0,1,False,,,,
1766732598.122585,0.6234524529279732,0.37852828577451403,1.0,1,False,,,,
1766732598.12989,0.6234524529279732,0.37852828577451403,1.0,1,False,,,,
1766732598.133161,0.6234524529279732,0.37852828577451403,1.0,1,False,,,,
1766732598.1364899,0.6234524529279732,0.37852828577451403,1.0,1,False,,,,
1766732598.139162,0.6169746849611567,0.401498499877303,1.0,1,False,,,,
1766732598.786654,0.61779324679499,0.40056093298266826,1.0,1,False,,,,
1766732598.795338,0.61779324679499,0.40056093298266826,1.0,1,False,,,,
1766732598.8026571,0.61779324679499,0.40056093298266826,1.0,1,False,,,,
1766732598.805789,0.61779324679499,0.40056093298266826,1.0,1,False,,,,
1766732598.808416,0.5394376095904185,0.4761050401469096,1.0,1,False,,,,
1766732599.930367,0.5878673632352862,0.4410107113391024,1.0,1,False,,,,
1766732599.939084,0.5878673632352862,0.4410107113391024,1.0,1,False,,,,
1766732599.9449458,0.5878673632352862,0.4410107113391024,1.0,1,False,,,,
1766732599.947946,0.5878673632352862,0.4410107113391024,1.0,1,False,,,,
1766732599.950877,0.5816394493556737,0.4480323536114963,1.0,1,False,,,,
1766732600.406496,0.5816394493556737,0.4480323536114963,1.0,1,False,,,,
1766732600.41396,0.5816394493556737,0.4480323536114963,1.0,1,False,,,,
1766732600.417109,0.5816394493556737,0.4480323536114963,1.0,1,False,,,,
1766732600.420071,0.5816394493556737,0.4480323536114963,1.0,1,False,,,,
1766732600.42299,0.5962049454513236,0.45068107887916486,1.0,1,False,,,,
1766732600.8979268,0.5833160932690121,0.43367276804892496,1.0,1,False,,,,
1766732600.905605,0.5833160932690121,0.43367276804892496,1.0,1,False,,,,
1766732600.9132318,0.5833160932690121,0.43367276804892496,1.0,1,False,,,,
1766732600.916381,0.5833160932690121,0.43367276804892496,1.0,1,False,,,,
1766732600.922563,0.5685485224535912,0.428948921236052,1.0,2,False,,,,
1766732601.342884,0.5685485224535912,0.428948921236052,1.0,2,False,,,,
1766732601.3501,0.5685485224535912,0.428948921236052,1.0,2,False,,,,
1766732601.353697,0.5685485224535912,0.428948921236052,1.0,2,False,,,,
1766732601.3569999,0.5685485224535912,0.428948921236052,1.0,2,False,,,,
1766732601.359659,0.60544974424875,0.4721899784290905,1.0,2,False,,,,
1766732601.7456992,0.60544974424875,0.4721899784290905,1.0,2,False,,,,
1766732601.7522109,0.60544974424875,0.4721899784290905,1.0,2,False,,,,
1766732601.755397,0.60544974424875,0.4721899784290905,1.0,2,False,,,,
1766732601.758337,0.60544974424875,0.4721899784290905,1.0,2,False,,,,
1766732601.761303,0.5813266020582246,0.47702004447812685,1.0,2,False,,,,
1766732602.291301,0.5813266020582246,0.47702004447812685,1.0,2,False,,,,
1766732602.297299,0.5813266020582246,0.47702004447812685,1.0,2,False,,,,
1766732602.300411,0.5813266020582246,0.47702004447812685,1.0,2,False,,,,
1766732602.303367,0.5861638149667527,0.47425816463795134,1.0,2,False,,,,
1766732602.306908,0.5772453842136361,0.4835084197772943,1.0,2,False,,,,
1766732602.735894,0.5489575573764028,0.5025139215795497,1.0,2,False,,,,
1766732602.744256,0.5796199937733719,0.480336847180425,1.0,2,False,,,,
1766732602.7517078,0.5796199937733719,0.480336847180425,1.0,2,False,,,,
1766732602.754907,0.5796199937733719,0.480336847180425,1.0,2,False,,,,
1766732602.7577238,0.5472620391317374,0.5126947120825878,1.0,2,False,,,,
1766732603.1375291,0.5472620391317374,0.5126947120825878,1.0,2,False,,,,
1766732603.1448581,0.5504437142540124,0.5115398549346041,1.0,2,False,,,,
1766732603.152108,0.5504437142540124,0.5115398549346041,1.0,2,False,,,,
1766732603.157564,0.5504437142540124,0.5115398549346041,1.0,2,False,,,,
1766732603.160438,0.5691705593246728,0.48528176786199917,1.0,2,False,,,,
1766732603.620785,0.5691705593246728,0.48528176786199917,1.0,2,False,,,,
1766732603.627388,0.5691705593246728,0.48528176786199917,1.0,2,False,,,,
1766732603.630702,0.5691705593246728,0.48528176786199917,1.0,2,False,,,,
1766732603.633804,0.5691705593246728,0.48528176786199917,1.0,2,False,,,,
1766732603.636632,0.5808609348503058,0.48070070800174847,1.0,2,False,,,,
1766732604.093664,0.5808609348503058,0.48070070800174847,1.0,2,False,,,,
1766732604.1004648,0.5808609348503058,0.48070070800174847,1.0,2,False,,,,
1766732604.103662,0.5808609348503058,0.48070070800174847,1.0,2,False,,,,
1766732604.10671,0.5808609348503058,0.48070070800174847,1.0,2,False,,,,
1766732604.1096041,0.46271408771503,0.6758252033940313,0.348245111195902,2,False,,,,
1766732604.858935,0.46271408771503,0.6758252033940313,0.348245111195902,2,False,,,,
1766732604.866171,0.46271408771503,0.6758252033940313,0.348245111195902,2,False,,,,
1766732604.869365,0.46271408771503,0.6758252033940313,0.348245111195902,2,False,,,,
1766732604.872499,0.46271408771503,0.6758252033940313,0.348245111195902,2,False,,,,
1766732604.8752189,0.5208401733664186,1.1074334152619671,1.0,2,False,,,,
1766732605.2735538,0.5208401733664186,1.1074334152619671,1.0,2,False,,,,
1766732605.2822568,0.5208401733664186,1.1074334152619671,1.0,2,False,,,,
1766732605.285011,0.5811146653224513,0.5943647731567284,0.1803404024630022,2,True,0.5488821268081665,0.5226561427116394,0.09885311126708984,0.18181423842906952
1766732605.287821,0.5811146653224513,0.5943647731567284,0.1803404024630022,2,True,0.5488821268081665,0.5226561427116394,0.09885311126708984,0.18181423842906952
1766732605.29152,0.6375344256184052,0.624690794366584,0.21088711273602181,2,False,,,,
1766732605.677908,0.6375344256184052,0.624690794366584,0.21088711273602181,2,False,,,,
1766732605.68466,0.6375344256184052,0.624690794366584,0.21088711273602181,2,False,,,,
1766732605.690089,0.45383040922689355,0.8722884213133952,0.15477931105956247,2,False,,,,
1766732605.695303,0.45383040922689355,0.8722884213133952,0.15477931105956247,2,False,,,,
1766732605.701012,0.6500138894418072,0.31770277345313414,1.0,1,False,,,,
1766732606.006697,0.6500138894418072,0.31770277345313414,1.0,1,False,,,,
1766732606.0151181,0.6500138894418072,0.31770277345313414,1.0,1,False,,,,
1766732606.018239,0.6500138894418072,0.31770277345313414,1.0,1,False,,,,
1766732606.021732,0.5561452204920037,0.38354679366665845,1.0,1,False,,,,
1766732606.026322,0.5285163962917246,0.49399523671959344,1.0,1,False,,,,
1766732606.438018,0.5285163962917246,0.49399523671959344,1.0,1,False,,,,
1766732606.446204,0.5285163962917246,0.49399523671959344,1.0,1,False,,,,
1766732606.449394,0.5285163962917246,0.49399523671959344,1.0,1,False,,,,
1766732606.452283,0.5285163962917246,0.49399523671959344,1.0,1,False,,,,
1766732606.4581919,0.5082842906161341,0.5008347286752229,1.0,2,False,,,,
1766732606.90599,0.5082842906161341,0.5008347286752229,1.0,2,False,,,,
1766732606.9130461,0.5082842906161341,0.5008347286752229,1.0,2,False,,,,
1766732606.9166238,0.5082842906161341,0.5008347286752229,1.0,2,False,,,,
1766732606.919497,0.5082842906161341,0.5008347286752229,1.0,2,False,,,,
1766732606.922366,0.5495528502493433,0.478618525883837,1.0,2,False,,,,
1766732607.322783,0.5495528502493433,0.478618525883837,1.0,2,False,,,,
1766732607.329947,0.5473901930589424,0.4735889627510146,1.0,2,False,,,,
1766732607.33308,0.5473901930589424,0.4735889627510146,1.0,2,False,,,,
1766732607.336096,0.5473901930589424,0.4735889627510146,1.0,2,False,,,,
1766732607.34346,0.5270114766309266,0.5590521052019878,1.0,2,True,0.5285966396331787,0.5446365475654602,0.09636707603931427,0.19960497319698334
1766732608.202762,0.5522295325049013,0.5108364039694474,1.0,2,False,,,,
1766732608.20885,0.5522295325049013,0.5108364039694474,1.0,2,False,,,,
1766732608.216448,0.5522295325049013,0.5108364039694474,1.0,2,False,,,,
1766732608.2201118,0.5522295325049013,0.5108364039694474,1.0,2,False,,,,
1766732608.222833,0.5294250826810998,1.064667132300196,1.0,2,False,,,,
1766732609.48091,0.5294250826810998,1.064667132300196,1.0,2,False,,,,
1766732609.489537,0.5294250826810998,1.064667132300196,1.0,2,False,,,,
1766732609.492322,0.5294250826810998,1.064667132300196,1.0,2,False,,,,
1766732609.494977,0.5294250826810998,1.064667132300196,1.0,2,False,,,,
1766732609.4976902,0.6014437644220005,0.5014272056971374,1.0,2,False,,,,
1766732610.268648,0.6014437644220005,0.5014272056971374,1.0,2,False,,,,
1766732610.27886,0.6006886738896995,0.4719173614765708,1.0,2,False,,,,
1766732610.281974,0.6006886738896995,0.4719173614765708,1.0,2,False,,,,
1766732610.288001,0.6006886738896995,0.4719173614765708,1.0,2,False,,,,
1766732610.290957,0.5873573464758775,0.44176212603351783,1.0,2,False,,,,
1766732610.796542,0.5873573464758775,0.44176212603351783,1.0,2,False,,,,
1766732610.803749,0.5873573464758775,0.44176212603351783,1.0,2,False,,,,
1766732610.8067598,0.5873573464758775,0.44176212603351783,1.0,2,False,,,,
1766732610.809869,0.5873573464758775,0.44176212603351783,1.0,2,False,,,,
1766732610.8129432,0.5502686357892691,0.48593708691744986,1.0,2,False,,,,
1766732611.293219,0.5502686357892691,0.48593708691744986,1.0,2,False,,,,
1766732611.302163,0.5502686357892691,0.48593708691744986,1.0,2,False,,,,
1766732611.3098629,0.5502686357892691,0.48593708691744986,1.0,2,False,,,,
1766732611.313173,0.5502686357892691,0.48593708691744986,1.0,2,False,,,,
1766732611.31626,0.5362875203297083,0.47248577106867895,1.0,2,False,,,,
1766732611.701896,0.5362875203297083,0.47248577106867895,1.0,2,False,,,,
1766732611.709313,0.5362875203297083,0.47248577106867895,1.0,2,False,,,,
1766732611.71262,0.5362875203297083,0.47248577106867895,1.0,2,False,,,,
1766732611.715734,0.5362875203297083,0.47248577106867895,1.0,2,False,,,,
1766732611.7184389,0.5455117626394086,0.4690854455550335,1.0,2,False,,,,
1766732612.386275,0.5455117626394086,0.4690854455550335,1.0,2,False,,,,
1766732612.393829,0.5465274411052017,0.46629438262914114,1.0,2,False,,,,
1766732612.40096,0.5465274411052017,0.46629438262914114,1.0,2,False,,,,
1766732612.4040902,0.5465274411052017,0.46629438262914114,1.0,2,False,,,,
1766732612.407243,0.5929273501183292,0.4767402601880535,1.0,2,False,,,,
1766732612.8952692,0.5651585081346022,0.47404963922547605,1.0,2,False,,,,
1766732612.902503,0.5651585081346022,0.47404963922547605,1.0,2,False,,,,
1766732612.90922,0.5651585081346022,0.47404963922547605,1.0,2,False,,,,
1766732612.912062,0.5651585081346022,0.47404963922547605,1.0,2,False,,,,
1766732612.915016,0.5882104234918981,0.49322861649364036,1.0,2,False,,,,
1766732613.372604,0.5882104234918981,0.49322861649364036,1.0,2,False,,,,
1766732613.379485,0.5882104234918981,0.49322861649364036,1.0,2,False,,,,
1766732613.382842,0.5882104234918981,0.49322861649364036,1.0,2,False,,,,
1766732613.385473,0.5882104234918981,0.49322861649364036,1.0,2,False,,,,
1766732613.388266,0.5783964247726565,0.48002415267172516,1.0,3,False,,,,
1766732613.914909,0.5783964247726565,0.48002415267172516,1.0,3,False,,,,
1766732613.922215,0.5783964247726565,0.48002415267172516,1.0,3,False,,,,
1766732613.925388,0.5783964247726565,0.48002415267172516,1.0,3,False,,,,
1766732613.928279,0.5783964247726565,0.48002415267172516,1.0,3,False,,,,
1766732613.9352052,0.5753899645324416,0.4780801175995977,1.0,2,False,,,,
1766732614.410135,0.5753899645324416,0.4780801175995977,1.0,2,False,,,,
1766732614.418554,0.5753899645324416,0.4780801175995977,1.0,2,False,,,,
1766732614.421708,0.5753899645324416,0.4780801175995977,1.0,2,False,,,,
1766732614.4248152,0.5753899645324416,0.4780801175995977,1.0,2,False,,,,
1766732614.4283211,0.5717533539563983,1.0104137566999192,0.99,2,False,,,,
1766732614.943491,0.5088332672674211,0.9029175281923423,0.6,2,False,,,,
1766732614.9527109,0.5088332672674211,0.9029175281923423,0.6,2,False,,,,
1766732614.958564,0.5088332672674211,0.9029175281923423,0.6,2,False,,,,
1766732614.961451,0.5088332672674211,0.9029175281923423,0.6,2,False,,,,
1766732614.964073,0.4804043415110863,0.9396834005161553,0.5134919884954032,2,False,,,,
1766732615.381954,0.4804043415110863,0.9396834005161553,0.5134919884954032,2,False,,,,
1766732615.387512,0.4804043415110863,0.9396834005161553,0.5134919884954032,2,False,,,,
1766732615.390473,0.4804043415110863,0.9396834005161553,0.5134919884954032,2,False,,,,
1766732615.392891,0.4804043415110863,0.9396834005161553,0.5134919884954032,2,False,,,,
1766732615.395713,0.4477677327656583,1.0830111923205301,0.7169716954231262,1,False,,,,
1766732615.706997,0.4379168178395766,1.1053993229291457,0.8707604706287384,1,False,,,,
1766732615.714199,0.5029401447310853,0.9352547996733045,0.5857363993523578,1,False,,,,
1766732615.720203,0.5029401447310853,0.9352547996733045,0.5857363993523578,1,False,,,,
1766732615.7230139,0.5029401447310853,0.9352547996733045,0.5857363993523578,1,False,,,,
1766732615.725539,0.4605742487871328,0.6117315352315053,0.2959561232182963,1,False,,,,
1766732615.98578,0.4605742487871328,0.6117315352315053,0.2959561232182963,1,False,,,,
1766732615.994213,0.4605742487871328,0.6117315352315053,0.2959561232182963,1,False,,,,
1766732615.9973629,0.4605742487871328,0.6117315352315053,0.2959561232182963,1,False,,,,
1766732616.002891,0.4605742487871328,0.6117315352315053,0.2959561232182963,1,False,,,,
1766732616.005846,0.6531389670087724,0.2869293118671441,1.0,2,True,0.5687237977981567,0.18329229950904846,0.09181251376867294,0.18466372787952423
1766732616.371839,0.6531389670087724,0.2869293118671441,1.0,2,True,0.5687237977981567,0.18329229950904846,0.09181251376867294,0.18466372787952423
1766732616.380173,0.6516145897988365,0.28865346661564895,1.0,2,True,0.5687237977981567,0.18329229950904846,0.09181251376867294,0.18466372787952423
1766732616.383459,0.6516145897988365,0.28865346661564895,1.0,2,True,0.5687237977981567,0.18329229950904846,0.09181251376867294,0.18466372787952423
1766732616.391222,0.6516145897988365,0.28865346661564895,1.0,2,True,0.5687237977981567,0.18329229950904846,0.09181251376867294,0.18466372787952423
1766732616.39446,0.5377355459168152,0.3246503907927927,1.0,2,False,,,,
1766732616.8045938,0.5377355459168152,0.3246503907927927,1.0,2,False,,,,
1766732616.812213,0.6266366506654764,0.32401402388283707,1.0,2,True,0.5548527836799622,0.3182707130908966,0.09290885925292969,0.1868012249469757
1766732616.8170948,0.6267483281244222,0.3240873962456883,1.0,2,True,0.5548527836799622,0.3182707130908966,0.09290885925292969,0.1868012249469757
1766732616.820083,0.6267483281244222,0.3240873962456883,1.0,2,True,0.5548527836799622,0.3182707130908966,0.09290885925292969,0.1868012249469757
1766732616.823776,0.5430397755896731,0.2493804868252505,1.0,2,False,,,,
1766732617.18514,0.6400977963508575,0.25753038380649373,1.0,2,False,,,,
1766732617.194156,0.6400977963508575,0.25753038380649373,1.0,2,False,,,,
1766732617.2010958,0.6400977963508575,0.25753038380649373,1.0,2,False,,,,
1766732617.204535,0.6400977963508575,0.25753038380649373,1.0,2,False,,,,
1766732617.207296,0.5303671376788066,0.23227793842545397,1.0,2,False,,,,
1766732617.5817878,0.5303671376788066,0.23227793842545397,1.0,2,False,,,,
1766732617.589345,0.542411053286292,0.23068774984038698,0.9929929375648499,2,False,,,,
1766732617.59332,0.542411053286292,0.23068774984038698,0.9929929375648499,2,False,,,,
1766732617.600831,0.542411053286292,0.23068774984038698,0.9929929375648499,2,False,,,,
1766732617.603785,0.5498720526979127,0.25483155275387614,0.7647044385223001,1,False,,,,
1766732617.979779,0.5498720526979127,0.25483155275387614,0.7647044385223001,1,False,,,,
1766732617.987023,0.6324397654736655,0.4514189080415376,0.24908275085907186,1,True,0.5419396162033081,0.29055243730545044,0.10633516311645508,0.20419642329216003
1766732617.993192,0.6324397654736655,0.4514189080415376,0.24908275085907186,1,True,0.5419396162033081,0.29055243730545044,0.10633516311645508,0.20419642329216003
1766732618.000181,0.6324397654736655,0.4514189080415376,0.24908275085907186,1,True,0.5419396162033081,0.29055243730545044,0.10633516311645508,0.20419642329216003
1766732618.0029829,0.5386405871941743,1.0965735600152404,1.0,1,False,,,,
1766732618.319124,0.5386405871941743,1.0965735600152404,1.0,1,False,,,,
1766732618.3263612,0.5666964386704748,0.43039019356483976,0.20515011310573938,1,False,,,,
1766732618.3334138,0.5666964386704748,0.43039019356483976,0.20515011310573938,1,False,,,,
1766732618.3364632,0.5666964386704748,0.43039019356483976,0.20515011310573938,1,False,,,,
1766732618.3393018,0.39330656117504165,1.184429543675166,0.7836344838142395,1,False,,,,
1766732618.592674,0.48752899596358834,1.1184839399449638,1.0,1,False,,,,
1766732618.599045,0.48752899596358834,1.1184839399449638,1.0,1,False,,,,
1766732618.6048472,0.48752899596358834,1.1184839399449638,1.0,1,False,,,,
1766732618.6076732,0.48752899596358834,1.1184839399449638,1.0,1,False,,,,
1766732618.612824,0.48021988080395256,0.9917569844229336,0.547609901647081,1,False,,,,
1766732618.940704,0.48021988080395256,0.9917569844229336,0.547609901647081,1,False,,,,
1766732618.947437,0.48021988080395256,0.9917569844229336,0.547609901647081,1,False,,,,
1766732618.950502,0.48021988080395256,0.9917569844229336,0.547609901647081,1,False,,,,
1766732618.9531038,0.48021988080395256,0.9917569844229336,0.547609901647081,1,False,,,,
1766732618.955749,0.4038388689756287,1.256592154728778,0.7148332595825195,1,False,,,,
1766732619.1811461,0.4038388689756287,1.256592154728778,0.7148332595825195,1,False,,,,
1766732619.18743,0.4038388689756287,1.256592154728778,0.7148332595825195,1,False,,,,
1766732619.190654,0.4038388689756287,1.256592154728778,0.7148332595825195,1,False,,,,
1766732619.194454,0.5101829660270144,1.080983337537501,1.0,1,False,,,,
1766732619.196925,0.5067079407468147,0.980442068205386,0.6,1,False,,,,
1766732619.539941,0.5067079407468147,0.980442068205386,0.6,1,False,,,,
1766732619.544848,0.5067079407468147,0.980442068205386,0.6,1,False,,,,
1766732619.548008,0.5067079407468147,0.980442068205386,0.6,1,False,,,,
1766732619.550525,0.5067079407468147,0.980442068205386,0.6,1,False,,,,
1766732619.553201,0.4495332677919454,1.1952289603464428,0.4089135092891503,1,False,,,,
1766732619.956801,0.4495332677919454,1.1952289603464428,0.4089135092891503,1,False,,,,
1766732619.964204,0.46091520544770803,0.9286656510447655,0.41437948555106485,1,False,,,,
1766732619.967613,0.545504778257605,1.1039263572922309,0.30353844644158817,1,False,,,,
1766732619.9703732,0.545504778257605,1.1039263572922309,0.30353844644158817,1,False,,,,
1766732619.976851,0.5633244303541182,0.425623748050902,1.0,1,False,,,,
1766732620.3014889,0.49799944183538913,0.5131733692242452,1.0,1,False,,,,
1766732620.3104692,0.49799944183538913,0.5131733692242452,1.0,1,False,,,,
1766732620.317059,0.49799944183538913,0.5131733692242452,1.0,1,False,,,,
1766732620.323147,0.49799944183538913,0.5131733692242452,1.0,1,False,,,,
1766732620.32636,0.5343022581692635,0.6174225942673544,1.0,1,True,0.4929979741573334,0.531283974647522,0.10306739807128906,0.1996726095676422
1766732620.606866,0.5383949854526544,0.555354076221823,0.99,1,True,0.4929979741573334,0.531283974647522,0.10306739807128906,0.1996726095676422
1766732620.6146991,0.5383949854526544,0.555354076221823,0.99,1,True,0.4929979741573334,0.531283974647522,0.10306739807128906,0.1996726095676422
1766732620.621554,0.5383949854526544,0.555354076221823,0.99,1,True,0.4929979741573334,0.531283974647522,0.10306739807128906,0.1996726095676422
1766732620.624994,0.5383949854526544,0.555354076221823,0.99,1,True,0.4929979741573334,0.531283974647522,0.10306739807128906,0.1996726095676422
1766732620.627736,0.5523723997867168,0.6753409928749159,1.0,1,True,0.5038588047027588,0.573195219039917,0.1009584441781044,0.19507938623428345
1766732620.965884,0.5523723997867168,0.6753409928749159,1.0,1,True,0.5038588047027588,0.573195219039917,0.1009584441781044,0.19507938623428345
1766732620.9748511,0.5390443849724094,0.6479614972565898,0.8857491612434387,1,True,0.5038588047027588,0.573195219039917,0.1009584441781044,0.19507938623428345
1766732620.978755,0.5390443849724094,0.6479614972565898,0.8857491612434387,1,True,0.5038588047027588,0.573195219039917,0.1009584441781044,0.19507938623428345
1766732620.986176,0.5390443849724094,0.6479614972565898,0.8857491612434387,1,True,0.5038588047027588,0.573195219039917,0.1009584441781044,0.19507938623428345
1766732620.989137,0.5918594996505208,0.3927130837990924,1.0,2,False,,,,
1766732621.596075,0.5918594996505208,0.3927130837990924,1.0,2,False,,,,
1766732621.603765,0.5916861923183346,0.3930195982797089,1.0,2,False,,,,
1766732621.608238,0.591982869820232,0.3879060162451571,1.0,2,False,,,,
1766732621.61152,0.591982869820232,0.3879060162451571,1.0,2,False,,,,
1766732621.615362,0.5939244300833264,0.398597535831817,1.0,2,False,,,,
1766732622.120666,0.5939244300833264,0.398597535831817,1.0,2,False,,,,
1766732622.127615,0.5939244300833264,0.398597535831817,1.0,2,False,,,,
1766732622.131679,0.5939244300833264,0.398597535831817,1.0,2,False,,,,
1766732622.1347399,0.5939244300833264,0.398597535831817,1.0,2,False,,,,
1766732622.13754,0.6019518059352525,0.4061343406426464,1.0,2,False,,,,
1766732622.657769,0.6019518059352525,0.4061343406426464,1.0,2,False,,,,
1766732622.664782,0.6019518059352525,0.4061343406426464,1.0,2,False,,,,
1766732622.670657,0.6019518059352525,0.4061343406426464,1.0,2,False,,,,
1766732622.673471,0.6019518059352525,0.4061343406426464,1.0,2,False,,,,
1766732622.676935,0.5953040136404055,0.38619127654677476,1.0,2,False,,,,
1766732623.244322,0.5953040136404055,0.38619127654677476,1.0,2,False,,,,
1766732623.252767,0.5110369667049526,0.5675803999706411,0.4367964971761922,2,False,,,,
1766732623.257111,0.5110369667049526,0.5675803999706411,0.4367964971761922,2,False,,,,
1766732623.264225,0.5110369667049526,0.5675803999706411,0.4367964971761922,2,False,,,,
1766732623.267303,0.6051594272460796,0.3814085224251518,1.0,2,False,,,,
1766732623.6707032,0.6051594272460796,0.3814085224251518,1.0,2,False,,,,
1766732623.6772249,0.6051594272460796,0.3814085224251518,1.0,2,False,,,,
1766732623.680346,0.6023585365646976,0.38560715695221004,1.0,2,False,,,,
1766732623.683452,0.6023585365646976,0.38560715695221004,1.0,2,False,,,,
1766732623.689473,0.5423471162481246,0.42294673612641964,1.0,2,False,,,,
1766732624.1838348,0.5451006233949403,0.4220534584757363,1.0,2,False,,,,
1766732624.193321,0.546249993263703,0.4231428861958032,1.0,2,False,,,,
1766732624.200788,0.546249993263703,0.4231428861958032,1.0,2,False,,,,
1766732624.2038772,0.546249993263703,0.4231428861958032,1.0,2,False,,,,
1766732624.2069912,0.6087523519015188,0.4087693841411044,1.0,2,False,,,,
1766732624.579902,0.6087523519015188,0.4087693841411044,1.0,2,False,,,,
1766732624.587872,0.6099359635630214,0.4090709236212674,1.0,2,False,,,,
1766732624.591434,0.5690969778783697,0.42462340604308446,1.0,2,False,,,,
1766732624.594368,0.5690969778783697,0.42462340604308446,1.0,2,False,,,,
1766732624.601407,0.6180453212352928,0.44340327378300903,1.0,2,False,,,,
1766732625.039669,0.6180453212352928,0.44340327378300903,1.0,2,False,,,,
1766732625.0456371,0.6180453212352928,0.44340327378300903,1.0,2,False,,,,
1766732625.048779,0.6180453212352928,0.44340327378300903,1.0,2,False,,,,
1766732625.052296,0.6180453212352928,0.44340327378300903,1.0,2,False,,,,
1766732625.0552351,0.6144244476793445,0.454567428227326,1.0,2,False,,,,
1766732625.4877272,0.6144244476793445,0.454567428227326,1.0,2,False,,,,
1766732625.49555,0.6141687375356817,0.4517864689256139,1.0,2,False,,,,
1766732625.49881,0.6141687375356817,0.4517864689256139,1.0,2,False,,,,
1766732625.5060852,0.6141687375356817,0.4517864689256139,1.0,2,False,,,,
1766732625.509278,0.5891389103396126,0.43369284979872247,1.0,2,False,,,,
1766732626.002172,0.5886089127158267,0.437032419067205,1.0,2,False,,,,
1766732626.008654,0.5886089127158267,0.437032419067205,1.0,2,False,,,,
1766732626.015224,0.5886089127158267,0.437032419067205,1.0,2,False,,,,
1766732626.0207202,0.5886089127158267,0.437032419067205,1.0,2,False,,,,
1766732626.023833,0.5855618949627257,0.42671082391585746,1.0,2,False,,,,
1766732626.489933,0.5855618949627257,0.42671082391585746,1.0,2,False,,,,
1766732626.49629,0.5782250520413488,0.43266980470417526,1.0,2,False,,,,
1766732626.4994931,0.5782250520413488,0.43266980470417526,1.0,2,False,,,,
1766732626.502495,0.5782250520413488,0.43266980470417526,1.0,2,False,,,,
1766732626.509388,0.5742585969760367,0.4388206915123367,1.0,2,False,,,,
1766732627.023811,0.5742585969760367,0.4388206915123367,1.0,2,False,,,,
1766732627.0309289,0.6102302314021685,0.4155910978512516,1.0,2,False,,,,
1766732627.035348,0.5728253351593219,0.439963988290631,1.0,2,False,,,,
1766732627.039419,0.5728253351593219,0.439963988290631,1.0,2,False,,,,
1766732627.046317,0.5411941520392312,0.4762315322609987,1.0,2,False,,,,
1766732627.394142,0.5411941520392312,0.4762315322609987,1.0,2,False,,,,
1766732627.401412,0.5837725223106429,0.44704516992301013,1.0,2,False,,,,
1766732627.404546,0.5837725223106429,0.44704516992301013,1.0,2,False,,,,
1766732627.4082181,0.5837725223106429,0.44704516992301013,1.0,2,False,,,,
1766732627.4155672,0.6021049779284571,0.43701285494192543,1.0,2,False,,,,
1766732628.0504022,0.6021049779284571,0.43701285494192543,1.0,2,False,,,,
1766732628.05829,0.6021049779284571,0.43701285494192543,1.0,2,False,,,,
1766732628.061375,0.6021049779284571,0.43701285494192543,1.0,2,False,,,,
1766732628.064715,0.6021049779284571,0.43701285494192543,1.0,2,False,,,,
1766732628.067411,0.5597919449883203,0.3343193279540848,1.0,2,False,,,,
1766732628.473943,0.6263658618761037,0.3482085897429368,1.0,2,False,,,,
1766732628.4839191,0.6263658618761037,0.3482085897429368,1.0,2,False,,,,
1766732628.4896588,0.6263658618761037,0.3482085897429368,1.0,2,False,,,,
1766732628.4924679,0.6263658618761037,0.3482085897429368,1.0,2,False,,,,
1766732628.495169,0.4774568309960919,0.9848033900271749,0.7407094240188599,2,False,,,,
1766732628.945375,0.47971072528373415,0.9803191383121828,0.7769910097122192,2,False,,,,
1766732628.9556859,0.47971072528373415,0.9803191383121828,0.7769910097122192,2,False,,,,
1766732628.961268,0.47971072528373415,0.9803191383121828,0.7769910097122192,2,False,,,,
1766732628.964331,0.47971072528373415,0.9803191383121828,0.7769910097122192,2,False,,,,
1766732628.9671302,0.5734794554205151,0.894132958397496,1.0,0,False,,,,
1766732629.200005,0.5734794554205151,0.894132958397496,1.0,0,False,,,,
1766732629.205688,0.5734794554205151,0.894132958397496,1.0,0,False,,,,
1766732629.2085388,0.5734794554205151,0.894132958397496,1.0,0,False,,,,
1766732629.2110531,0.5234721130627229,0.9983826265488169,0.915306031703949,0,False,,,,
1766732629.2172742,0.5590232854838197,0.8762214789094688,1.0,0,False,,,,
1766732629.483824,0.48721735992962917,0.9345180905210321,0.7386864423751831,0,False,,,,
1766732629.4919648,0.48721735992962917,0.9345180905210321,0.7386864423751831,0,False,,,,
1766732629.497492,0.48721735992962917,0.9345180905210321,0.7386864423751831,0,False,,,,
1766732629.5004852,0.48721735992962917,0.9345180905210321,0.7386864423751831,0,False,,,,
1766732629.50291,0.46493832176789135,0.9521188140125835,0.822933554649353,0,False,,,,
1766732629.7603981,0.46493832176789135,0.9521188140125835,0.822933554649353,0,False,,,,
1766732629.766452,0.46493832176789135,0.9521188140125835,0.822933554649353,0,False,,,,
1766732629.768961,0.46493832176789135,0.9521188140125835,0.822933554649353,0,False,,,,
1766732629.7712781,0.46493832176789135,0.9521188140125835,0.822933554649353,0,False,,,,
1766732629.774077,0.47713015276117393,1.022727411283328,0.7588604092597961,0,False,,,,
1766732630.091143,0.47293154717671654,1.0200212458706575,0.7260724902153015,0,False,,,,
1766732630.097402,0.47293154717671654,1.0200212458706575,0.7260724902153015,0,False,,,,
1766732630.103368,0.47293154717671654,1.0200212458706575,0.7260724902153015,0,False,,,,
1766732630.106338,0.47293154717671654,1.0200212458706575,0.7260724902153015,0,False,,,,
1766732630.109098,0.5731688741880655,0.9309966101758358,1.0,0,False,,,,
1766732630.3650188,0.5731688741880655,0.9309966101758358,1.0,0,False,,,,
1766732630.3710752,0.5731688741880655,0.9309966101758358,1.0,0,False,,,,
1766732630.374193,0.5731688741880655,0.9309966101758358,1.0,0,False,,,,
1766732630.376841,0.5731688741880655,0.9309966101758358,1.0,0,False,,,,
1766732630.3798962,0.5113563834720705,0.9275345873323968,0.6,0,False,,,,
1766732630.5627189,0.5113563834720705,0.9275345873323968,0.6,0,False,,,,
1766732630.569084,0.5113563834720705,0.9275345873323968,0.6,0,False,,,,
1766732630.571887,0.5113563834720705,0.9275345873323968,0.6,0,False,,,,
1766732630.576912,0.5113563834720705,0.9275345873323968,0.6,0,False,,,,
1766732630.579902,0.5959648217215024,0.9984169678020237,0.10474470511348039,1,False,,,,
1766732630.914934,0.5959648217215024,0.9984169678020237,0.10474470511348039,1,False,,,,
1766732630.921433,0.5534528398694073,0.9128279057399217,0.19371374819191392,1,False,,,,
1766732630.925921,0.5534528398694073,0.9128279057399217,0.19371374819191392,1,False,,,,
1766732630.9329321,0.5534528398694073,0.9128279057399217,0.19371374819191392,1,False,,,,
1766732630.936018,0.5149343043011686,0.2929431400931486,1.0,1,False,,,,
1766732631.307164,0.5149343043011686,0.2929431400931486,1.0,1,False,,,,
1766732631.316104,0.5149343043011686,0.2929431400931486,1.0,1,False,,,,
1766732631.3190532,0.5149343043011686,0.2929431400931486,1.0,1,False,,,,
1766732631.3222358,0.5149343043011686,0.2929431400931486,1.0,1,False,,,,
1766732631.3251882,0.5081531170905987,0.3866684560370679,1.0,1,False,,,,
1766732631.610933,0.5081531170905987,0.3866684560370679,1.0,1,False,,,,
1766732631.6177468,0.5081531170905987,0.3866684560370679,1.0,1,False,,,,
1766732631.6209579,0.5081531170905987,0.3866684560370679,1.0,1,False,,,,
1766732631.62423,0.5995838705194788,0.3449218000567341,1.0,1,False,,,,
1766732631.6280031,0.458533812662421,0.3134311284565793,1.0,1,False,,,,
1766732632.060822,0.5113973187303755,0.3694511690251865,1.0,1,False,,,,
1766732632.06901,0.5113973187303755,0.3694511690251865,1.0,1,False,,,,
1766732632.076351,0.5113973187303755,0.3694511690251865,1.0,1,False,,,,
1766732632.079798,0.5113973187303755,0.3694511690251865,1.0,1,False,,,,
1766732632.082725,0.5134682338257691,0.3566031492792756,1.0,1,False,,,,
1766732632.400943,0.6050252348592663,0.3036688542761341,1.0,1,False,,,,
1766732632.4081962,0.6050252348592663,0.3036688542761341,1.0,1,False,,,,
1766732632.413661,0.6050252348592663,0.3036688542761341,1.0,1,False,,,,
1766732632.416403,0.6050252348592663,0.3036688542761341,1.0,1,False,,,,
1766732632.4194949,0.5305430470651531,0.48556155425190506,0.13042765143535281,1,True,0.518036961555481,0.45549139380455017,0.11290798336267471,0.21341721713542938
1766732632.805963,0.5305430470651531,0.48556155425190506,0.13042765143535281,1,True,0.518036961555481,0.45549139380455017,0.11290798336267471,0.21341721713542938
1766732632.813579,0.5305430470651531,0.48556155425190506,0.13042765143535281,1,True,0.518036961555481,0.45549139380455017,0.11290798336267471,0.21341721713542938
1766732632.816701,0.5305430470651531,0.48556155425190506,0.13042765143535281,1,True,0.518036961555481,0.45549139380455017,0.11290798336267471,0.21341721713542938
1766732632.819386,0.5305430470651531,0.48556155425190506,0.13042765143535281,1,True,0.518036961555481,0.45549139380455017,0.11290798336267471,0.21341721713542938
1766732632.8221262,0.5041712058010868,0.3589056130810083,1.0,1,False,,,,
1766732633.234405,0.5057904329449899,0.3612230692927102,1.0,1,False,,,,
1766732633.242804,0.5057904329449899,0.3612230692927102,1.0,1,False,,,,
1766732633.249745,0.5057904329449899,0.3612230692927102,1.0,1,False,,,,
1766732633.2532322,0.5057904329449899,0.3612230692927102,1.0,1,False,,,,
1766732633.259394,0.5570463348307239,0.29450606244786703,1.0,1,False,,,,
1766732633.6766431,0.6040098921958041,0.3165810428047282,1.0,1,False,,,,
1766732633.6852999,0.6040098921958041,0.3165810428047282,1.0,1,False,,,,
1766732633.692124,0.6040098921958041,0.3165810428047282,1.0,1,False,,,,
1766732633.6955981,0.6040098921958041,0.3165810428047282,1.0,1,False,,,,
1766732633.698674,0.6142456422884386,0.3453589104490822,1.0,2,False,,,,
1766732634.162529,0.6142456422884386,0.3453589104490822,1.0,2,False,,,,
1766732634.1700668,0.6142456422884386,0.3453589104490822,1.0,2,False,,,,
1766732634.1736472,0.5490055404497692,0.36937449269649547,1.0,2,False,,,,
1766732634.176627,0.5490055404497692,0.36937449269649547,1.0,2,False,,,,
1766732634.179874,0.5469051923269289,0.35970311344262784,1.0,2,False,,,,
1766732634.577402,0.617440033998218,0.3320211216388813,1.0,2,False,,,,
1766732634.583968,0.617440033998218,0.3320211216388813,1.0,2,False,,,,
1766732634.5908449,0.617440033998218,0.3320211216388813,1.0,2,False,,,,
1766732634.5940359,0.617440033998218,0.3320211216388813,1.0,2,False,,,,
1766732634.5970979,0.6149981796340971,0.27991268744189557,1.0,2,False,,,,
1766732634.961997,0.6149981796340971,0.27991268744189557,1.0,2,False,,,,
1766732634.9694989,0.6149981796340971,0.27991268744189557,1.0,2,False,,,,
1766732634.972872,0.6149981796340971,0.27991268744189557,1.0,2,False,,,,
1766732634.9762418,0.6150126984013067,0.2813892620904429,1.0,2,False,,,,
1766732634.981002,0.6054119725848925,0.3318919383377913,1.0,2,False,,,,
1766732635.4222422,0.6054119725848925,0.3318919383377913,1.0,2,False,,,,
1766732635.4305952,0.6054119725848925,0.3318919383377913,1.0,2,False,,,,
1766732635.433922,0.6054119725848925,0.3318919383377913,1.0,2,False,,,,
1766732635.4397361,0.6054119725848925,0.3318919383377913,1.0,2,False,,,,
1766732635.442664,0.6265025968836528,0.4285738281067535,0.6,2,False,,,,
1766732635.931445,0.6265025968836528,0.4285738281067535,0.6,2,False,,,,
1766732635.9389591,0.6265025968836528,0.4285738281067535,0.6,2,False,,,,
1766732635.941949,0.6265025968836528,0.4285738281067535,0.6,2,False,,,,
1766732635.945121,0.6265025968836528,0.4285738281067535,0.6,2,False,,,,
1766732635.948656,0.5444995922505891,0.49812989544063746,1.0,2,False,,,,
1766732636.498432,0.5444995922505891,0.49812989544063746,1.0,2,False,,,,
1766732636.5055292,0.5444995922505891,0.49812989544063746,1.0,2,False,,,,
1766732636.508747,0.5444995922505891,0.49812989544063746,1.0,2,False,,,,
1766732636.5119271,0.5444995922505891,0.49812989544063746,1.0,2,False,,,,
1766732636.514713,0.5928869989396034,0.47611081407635525,1.0,2,False,,,,
1766732636.961431,0.5911926392165412,0.47968276571021184,1.0,2,False,,,,
1766732636.970193,0.5911926392165412,0.47968276571021184,1.0,2,False,,,,
1766732636.973161,0.5911926392165412,0.47968276571021184,1.0,2,False,,,,
1766732636.976118,0.5911926392165412,0.47968276571021184,1.0,2,False,,,,
1766732636.9791949,0.5343501222245457,0.4803651365773237,1.0,2,False,,,,
1766732637.444691,0.5343501222245457,0.4803651365773237,1.0,2,False,,,,
1766732637.452514,0.5343501222245457,0.4803651365773237,1.0,2,False,,,,
1766732637.455745,0.5254495481385637,0.482249700306459,1.0,2,False,,,,
1766732637.458755,0.5254961537969234,0.4808508303600897,1.0,2,False,,,,
1766732637.461474,0.6078578202703119,0.4449662917378143,1.0,2,False,,,,
1766732637.9803588,0.6078578202703119,0.4449662917378143,1.0,2,False,,,,
1766732637.987723,0.6078578202703119,0.4449662917378143,1.0,2,False,,,,
1766732637.994076,0.5750521945101646,0.42510386090900854,1.0,2,False,,,,
1766732637.9969358,0.5750521945101646,0.42510386090900854,1.0,2,False,,,,
1766732638.000235,0.6318225877490267,0.4060499714531616,1.0,2,False,,,,
1766732638.50201,0.6324441505268485,0.40502657000921904,1.0,2,False,,,,
1766732638.510463,0.6324441505268485,0.40502657000921904,1.0,2,False,,,,
1766732638.5136042,0.6324441505268485,0.40502657000921904,1.0,2,False,,,,
1766732638.5164149,0.6324441505268485,0.40502657000921904,1.0,2,False,,,,
1766732638.5196989,0.4972756216053632,0.551873959655807,0.3810603264367309,2,False,,,,
1766732638.9878778,0.4972756216053632,0.551873959655807,0.3810603264367309,2,False,,,,
1766732638.9948952,0.509343269113028,0.5580514036642014,0.25588940248995384,2,False,,,,
1766732638.998154,0.5782539983208015,0.510483582960833,0.12054958909509084,2,True,0.5377960205078125,0.4175214469432831,0.08862876892089844,0.18154318630695343
1766732639.00093,0.5782539983208015,0.510483582960833,0.12054958909509084,2,True,0.5377960205078125,0.4175214469432831,0.08862876892089844,0.18154318630695343
1766732639.007843,0.5004300084996017,0.9083261837473856,0.7142552137374878,2,False,,,,
1766732639.482273,0.5004300084996017,0.9083261837473856,0.7142552137374878,2,False,,,,
1766732639.500486,0.5575073496340603,0.9471961295545963,1.0,2,False,,,,
1766732639.503181,0.5575073496340603,0.9471961295545963,1.0,2,False,,,,
1766732639.505714,0.5575073496340603,0.9471961295545963,1.0,2,False,,,,
1766732639.513271,0.5593932164489585,0.9420187614276148,1.0,0,False,,,,
1766732639.79903,0.45791427429425974,1.0434337876320643,0.9231153726577759,0,False,,,,
1766732639.8067222,0.5640247801236834,0.9374197439861858,1.0,0,False,,,,
1766732639.812969,0.5640247801236834,0.9374197439861858,1.0,0,False,,,,
1766732639.815656,0.5640247801236834,0.9374197439861858,1.0,0,False,,,,
1766732639.81847,0.5970482175057888,0.8085594262687645,1.0,0,False,,,,
1766732640.1217868,0.5970482175057888,0.8085594262687645,1.0,0,False,,,,
1766732640.126985,0.5970482175057888,0.8085594262687645,1.0,0,False,,,,
1766732640.129398,0.5970482175057888,0.8085594262687645,1.0,0,False,,,,
1766732640.131706,0.5970482175057888,0.8085594262687645,1.0,0,False,,,,
1766732640.134411,0.4870170893505663,0.9240028620045062,0.7067303657531738,0,False,,,,
1766732640.3939729,0.4870170893505663,0.9240028620045062,0.7067303657531738,0,False,,,,
1766732640.399861,0.4870170893505663,0.9240028620045062,0.7067303657531738,0,False,,,,
1766732640.4027698,0.4870170893505663,0.9240028620045062,0.7067303657531738,0,False,,,,
1766732640.405937,0.5588275381110861,0.8291863133603262,0.6,0,False,,,,
1766732640.408653,0.4618800857481096,0.8007129831785776,0.7931532859802246,0,False,,,,
1766732640.629447,0.4618800857481096,0.8007129831785776,0.7931532859802246,0,False,,,,
1766732640.6352599,0.4618800857481096,0.8007129831785776,0.7931532859802246,0,False,,,,
1766732640.637889,0.4618800857481096,0.8007129831785776,0.7931532859802246,0,False,,,,
1766732640.6437461,0.5674934851869733,0.8359683843021766,1.0,0,False,,,,
1766732640.646434,0.452332684369493,0.9478928162152793,0.7800449728965759,0,False,,,,
1766732640.890483,0.452332684369493,0.9478928162152793,0.7800449728965759,0,False,,,,
1766732640.89583,0.452332684369493,0.9478928162152793,0.7800449728965759,0,False,,,,
1766732640.8986292,0.452332684369493,0.9478928162152793,0.7800449728965759,0,False,,,,
1766732640.9010959,0.452332684369493,0.9478928162152793,0.7800449728965759,0,False,,,,
1766732640.9032419,0.37476943626191217,0.5550722643764658,0.3657952757946572,0,False,,,,
1766732641.122615,0.37476943626191217,0.5550722643764658,0.3657952757946572,0,False,,,,
1766732641.129073,0.37476943626191217,0.5550722643764658,0.3657952757946572,0,False,,,,
1766732641.1318111,0.37476943626191217,0.5550722643764658,0.3657952757946572,0,False,,,,
1766732641.13476,0.37476943626191217,0.5550722643764658,0.3657952757946572,0,False,,,,
1766732641.13763,0.5914087881940076,0.3403046104093488,0.1996682787845521,1,False,,,,
1766732641.418407,0.5914087881940076,0.3403046104093488,0.1996682787845521,1,False,,,,
1766732641.4264362,0.5914087881940076,0.3403046104093488,0.1996682787845521,1,False,,,,
1766732641.4291542,0.5914087881940076,0.3403046104093488,0.1996682787845521,1,False,,,,
1766732641.4320152,0.5914087881940076,0.3403046104093488,0.1996682787845521,1,False,,,,
1766732641.4346828,0.6285558343316687,0.3191502137134107,1.0,1,False,,,,
1766732641.765163,0.6285558343316687,0.3191502137134107,1.0,1,False,,,,
1766732641.7722518,0.6285558343316687,0.3191502137134107,1.0,1,False,,,,
1766732641.775585,0.5458223883016926,0.3320379804900153,1.0,1,True,0.5123609900474548,0.1474492847919464,0.09480591118335724,0.183815598487854
1766732641.779558,0.624628161740079,0.3204179678818273,1.0,1,False,,,,
1766732641.782645,0.6026288895716635,0.39704247287888195,1.0,1,True,0.5074948668479919,0.19219830632209778,0.09650564193725586,0.1926979124546051
1766732642.1761768,0.6026288895716635,0.39704247287888195,1.0,1,True,0.5074948668479919,0.19219830632209778,0.09650564193725586,0.1926979124546051
1766732642.183671,0.5599521867420371,0.40441511171911193,1.0,1,False,,,,
1766732642.1901178,0.5599521867420371,0.40441511171911193,1.0,1,False,,,,
1766732642.197119,0.5599521867420371,0.40441511171911193,1.0,1,False,,,,
1766732642.200395,0.5559088079989232,0.44286924804527317,1.0,1,True,0.5110360383987427,0.24221865832805634,0.10170068591833115,0.20022819936275482
1766732642.595396,0.5559088079989232,0.44286924804527317,1.0,1,True,0.5110360383987427,0.24221865832805634,0.10170068591833115,0.20022819936275482
1766732642.602689,0.5559088079989232,0.44286924804527317,1.0,1,True,0.5110360383987427,0.24221865832805634,0.10170068591833115,0.20022819936275482
1766732642.606024,0.5559088079989232,0.44286924804527317,1.0,1,True,0.5110360383987427,0.24221865832805634,0.10170068591833115,0.20022819936275482
1766732642.6089568,0.5559088079989232,0.44286924804527317,1.0,1,True,0.5110360383987427,0.24221865832805634,0.10170068591833115,0.20022819936275482
1766732642.6117911,0.6388272103356744,0.26143540651445796,1.0,1,False,,,,
1766732642.996165,0.6388272103356744,0.26143540651445796,1.0,1,False,,,,
1766732643.0033898,0.6388272103356744,0.26143540651445796,1.0,1,False,,,,
1766732643.0065112,0.6388272103356744,0.26143540651445796,1.0,1,False,,,,
1766732643.009372,0.6388272103356744,0.26143540651445796,1.0,1,False,,,,
1766732643.015396,0.5842694294468215,0.49797276120271716,1.0,1,True,0.5228276252746582,0.3883453905582428,0.11168422549962997,0.19938740134239197
1766732643.373701,0.5842694294468215,0.49797276120271716,1.0,1,True,0.5228276252746582,0.3883453905582428,0.11168422549962997,0.19938740134239197
1766732643.380811,0.5842694294468215,0.49797276120271716,1.0,1,True,0.5228276252746582,0.3883453905582428,0.11168422549962997,0.19938740134239197
1766732643.384277,0.5864848400797665,0.4957678723636274,1.0,1,True,0.5228276252746582,0.3883453905582428,0.11168422549962997,0.19938740134239197
1766732643.38837,0.587542388292067,0.4949560179003589,1.0,1,True,0.5228276252746582,0.3883453905582428,0.11168422549962997,0.19938740134239197
1766732643.391434,0.5864347613442729,0.49203912012494966,1.0,2,True,0.5270145535469055,0.3889027535915375,0.11617402732372284,0.2065795511007309
1766732643.735643,0.5864347613442729,0.49203912012494966,1.0,2,True,0.5270145535469055,0.3889027535915375,0.11617402732372284,0.2065795511007309
1766732643.743314,0.5864347613442729,0.49203912012494966,1.0,2,True,0.5270145535469055,0.3889027535915375,0.11617402732372284,0.2065795511007309
1766732643.746231,0.5864347613442729,0.49203912012494966,1.0,2,True,0.5270145535469055,0.3889027535915375,0.11617402732372284,0.2065795511007309
1766732643.7491462,0.5864347613442729,0.49203912012494966,1.0,2,True,0.5270145535469055,0.3889027535915375,0.11617402732372284,0.2065795511007309
1766732643.751937,0.4937532087450746,1.1100909527544383,0.47961663155936696,1,False,,,,
1766732643.988686,0.5210582192570097,1.0118928380073848,0.8456529863407176,1,False,,,,
1766732643.995693,0.5210582192570097,1.0118928380073848,0.8456529863407176,1,False,,,,
1766732644.0023339,0.5210582192570097,1.0118928380073848,0.8456529863407176,1,False,,,,
1766732644.00562,0.5210582192570097,1.0118928380073848,0.8456529863407176,1,False,,,,
1766732644.008317,0.5262503097044342,1.1595619061533644,0.2948072402076704,1,False,,,,
1766732644.284152,0.5262503097044342,1.1595619061533644,0.2948072402076704,1,False,,,,
1766732644.290446,0.5262503097044342,1.1595619061533644,0.2948072402076704,1,False,,,,
1766732644.293849,0.5536347242057192,1.0733537145175247,1.0,1,False,,,,
1766732644.2975302,0.5536347242057192,1.0733537145175247,1.0,1,False,,,,
1766732644.303351,0.5307994510500393,1.0604120871867804,0.7358999848365784,1,False,,,,
1766732644.6265442,0.5498502539603164,1.0603310288931205,1.0,1,False,,,,
1766732644.6336908,0.5498502539603164,1.0603310288931205,1.0,1,False,,,,
1766732644.6396768,0.5498502539603164,1.0603310288931205,1.0,1,False,,,,
1766732644.6448488,0.5498502539603164,1.0603310288931205,1.0,1,False,,,,
1766732644.647885,0.5275168096047387,1.059499679017806,0.7019276022911072,1,False,,,,
1766732644.884044,0.5275168096047387,1.059499679017806,0.7019276022911072,1,False,,,,
1766732644.890212,0.5275168096047387,1.059499679017806,0.7019276022911072,1,False,,,,
1766732644.893792,0.4651982586777924,1.2805897931932668,0.269112437295499,1,False,,,,
1766732644.898052,0.4651982586777924,1.2805897931932668,0.269112437295499,1,False,,,,
1766732644.901174,0.5420316219538589,0.23985489614419042,1.0,1,False,,,,
1766732645.1541052,0.5420316219538589,0.23985489614419042,1.0,1,False,,,,
1766732645.161607,0.5420316219538589,0.23985489614419042,1.0,1,False,,,,
1766732645.165045,0.5408621180841575,0.2549904100481212,1.0,1,False,,,,
1766732645.168062,0.5408621180841575,0.2549904100481212,1.0,1,False,,,,
1766732645.171536,0.6477642539100937,0.27081281811014113,1.0,2,True,0.560322642326355,0.2548857033252716,0.11179199069738388,0.20649363100528717
1766732645.572024,0.648004955897256,0.2737720668147765,1.0,2,True,0.560322642326355,0.2548857033252716,0.11179199069738388,0.20649363100528717
1766732645.579702,0.648004955897256,0.2737720668147765,1.0,2,True,0.560322642326355,0.2548857033252716,0.11179199069738388,0.20649363100528717
1766732645.5827,0.648004955897256,0.2737720668147765,1.0,2,True,0.560322642326355,0.2548857033252716,0.11179199069738388,0.20649363100528717
1766732645.585525,0.648004955897256,0.2737720668147765,1.0,2,True,0.560322642326355,0.2548857033252716,0.11179199069738388,0.20649363100528717
1766732645.588592,0.5642162994739814,1.004899072545627,1.0,2,False,,,,
1766732645.954356,0.5642162994739814,1.004899072545627,1.0,2,False,,,,
1766732645.962222,0.5642162994739814,1.004899072545627,1.0,2,False,,,,
1766732645.9651442,0.5642162994739814,1.004899072545627,1.0,2,False,,,,
1766732645.968414,0.4899423145474473,1.1209682605997582,0.8628462553024292,2,False,,,,
1766732645.970995,0.4918019617029675,0.9809344603829047,1.0,1,False,,,,
1766732646.255734,0.4918019617029675,0.9809344603829047,1.0,1,False,,,,
1766732646.262671,0.4918019617029675,0.9809344603829047,1.0,1,False,,,,
1766732646.2679622,0.41438667573342497,1.1478704929848027,0.7076124548912048,1,False,,,,
1766732646.2705579,0.492499330785619,0.9778898701840243,1.0,1,False,,,,
1766732646.273397,0.46695418437280223,1.0025521606306522,1.0,1,False,,,,
1766732646.540365,0.4879078681944448,1.0115987608018377,1.0,1,False,,,,
1766732646.547572,0.4879078681944448,1.0115987608018377,1.0,1,False,,,,
1766732646.5535328,0.4879078681944448,1.0115987608018377,1.0,1,False,,,,
1766732646.55608,0.4879078681944448,1.0115987608018377,1.0,1,False,,,,
1766732646.5586371,0.5243568458233472,1.006369300035368,1.0,1,False,,,,
1766732646.78562,0.5243568458233472,1.006369300035368,1.0,1,False,,,,
1766732646.7913752,0.5243568458233472,1.006369300035368,1.0,1,False,,,,
1766732646.7943628,0.5243568458233472,1.006369300035368,1.0,1,False,,,,
1766732646.7972019,0.5243568458233472,1.006369300035368,1.0,1,False,,,,
1766732646.802381,0.5782586906220771,0.5735329460356292,0.09826730602535894,1,False,,,,
1766732647.167061,0.5782586906220771,0.5735329460356292,0.09826730602535894,1,False,,,,
1766732647.17422,0.5584893476723715,0.5217577889245814,0.10477117033383126,1,False,,,,
1766732647.176926,0.5584893476723715,0.5217577889245814,0.10477117033383126,1,False,,,,
1766732647.179821,0.5584893476723715,0.5217577889245814,0.10477117033383126,1,False,,,,
1766732647.185803,0.5303377099387357,0.8501975911682195,0.13854335431924622,1,False,,,,
1766732647.572937,0.5303377099387357,0.8501975911682195,0.13854335431924622,1,False,,,,
1766732647.5819368,0.5182131092292457,0.8676360454809166,0.1261804902749829,1,False,,,,
1766732647.584886,0.5182131092292457,0.8676360454809166,0.1261804902749829,1,False,,,,
1766732647.591669,0.5182131092292457,0.8676360454809166,0.1261804902749829,1,False,,,,
1766732647.5950148,0.660080980875337,0.31393326572427904,1.0,2,True,0.5975667238235474,0.2837154269218445,0.11454591900110245,0.21596814692020416
1766732648.01805,0.5346015752339033,0.8588350597512697,0.11665477965854779,2,False,,,,
1766732648.023607,0.5346015752339033,0.8588350597512697,0.11665477965854779,2,False,,,,
1766732648.030176,0.5346015752339033,0.8588350597512697,0.11665477965854779,2,False,,,,
1766732648.033184,0.5346015752339033,0.8588350597512697,0.11665477965854779,2,False,,,,
1766732648.036129,0.43606546257385564,0.7650274116633131,1.0,2,False,,,,
1766732648.3191838,0.6489262127464999,0.38722277113393244,1.0,2,False,,,,
1766732648.326973,0.6489262127464999,0.38722277113393244,1.0,2,False,,,,
1766732648.333622,0.6489262127464999,0.38722277113393244,1.0,2,False,,,,
1766732648.337077,0.6489262127464999,0.38722277113393244,1.0,2,False,,,,
1766732648.340256,0.6099905279907577,0.3811106935809421,0.8041192889213562,2,False,,,,
1766732648.777067,0.6099905279907577,0.3811106935809421,0.8041192889213562,2,False,,,,
1766732648.784689,0.6531520558342685,0.43592538844648065,1.0,2,False,,,,
1766732648.78814,0.6531520558342685,0.43592538844648065,1.0,2,False,,,,
1766732648.794085,0.6531520558342685,0.43592538844648065,1.0,2,False,,,,
1766732648.797368,0.6097911906769269,0.47979797585273865,0.4519183238452101,2,False,,,,
1766732649.200366,0.6097911906769269,0.47979797585273865,0.4519183238452101,2,False,,,,
1766732649.208127,0.6097911906769269,0.47979797585273865,0.4519183238452101,2,False,,,,
1766732649.211036,0.6097911906769269,0.47979797585273865,0.4519183238452101,2,False,,,,
1766732649.213921,0.6097911906769269,0.47979797585273865,0.4519183238452101,2,False,,,,
1766732649.217375,0.5134401261914502,0.9860098517378748,0.8103848099708557,1,False,,,,
1766732649.525996,0.5130166406639054,0.9795178594464242,0.7655990719795227,1,False,,,,
1766732649.534778,0.5130166406639054,0.9795178594464242,0.7655990719795227,1,False,,,,
1766732649.539867,0.5130166406639054,0.9795178594464242,0.7655990719795227,1,False,,,,
1766732649.543114,0.5130166406639054,0.9795178594464242,0.7655990719795227,1,False,,,,
1766732649.545481,0.48020714958435634,1.0072713523803862,0.7495755553245544,0,False,,,,
1766732649.761578,0.48020714958435634,1.0072713523803862,0.7495755553245544,0,False,,,,
1766732649.769789,0.48020714958435634,1.0072713523803862,0.7495755553245544,0,False,,,,
1766732649.772236,0.48020714958435634,1.0072713523803862,0.7495755553245544,0,False,,,,
1766732649.775002,0.48020714958435634,1.0072713523803862,0.7495755553245544,0,False,,,,
1766732649.777696,0.5773004720839696,0.7975739031568743,1.0,0,False,,,,
1766732649.964447,0.5773004720839696,0.7975739031568743,1.0,0,False,,,,
1766732649.972403,0.5773004720839696,0.7975739031568743,1.0,0,False,,,,
1766732649.9750478,0.5773004720839696,0.7975739031568743,1.0,0,False,,,,
1766732649.977539,0.5773004720839696,0.7975739031568743,1.0,0,False,,,,
1766732649.980032,0.5341985296633254,0.891234748383136,0.9162886738777161,0,False,,,,
1766732650.163239,0.5053380691443946,0.8188951138393874,0.8374415040016174,0,False,,,,
1766732650.1690319,0.5053380691443946,0.8188951138393874,0.8374415040016174,0,False,,,,
1766732650.1734998,0.5053380691443946,0.8188951138393874,0.8374415040016174,0,False,,,,
1766732650.1761332,0.5053380691443946,0.8188951138393874,0.8374415040016174,0,False,,,,
1766732650.178879,0.5671629087695172,0.8901773398794794,1.0,0,False,,,,
1766732650.365911,0.5671629087695172,0.8901773398794794,1.0,0,False,,,,
1766732650.371685,0.5671629087695172,0.8901773398794794,1.0,0,False,,,,
1766732650.374223,0.5671629087695172,0.8901773398794794,1.0,0,False,,,,
1766732650.376553,0.5671629087695172,0.8901773398794794,1.0,0,False,,,,
1766732650.3788748,0.43301956169673594,1.0285811894895636,0.7959209680557251,0,False,,,,
1766732650.602855,0.43301956169673594,1.0285811894895636,0.7959209680557251,0,False,,,,
1766732650.6086679,0.43301956169673594,1.0285811894895636,0.7959209680557251,0,False,,,,
1766732650.6111948,0.43301956169673594,1.0285811894895636,0.7959209680557251,0,False,,,,
1766732650.614059,0.43301956169673594,1.0285811894895636,0.7959209680557251,0,False,,,,
1766732650.618596,0.4374070608900773,1.0647604663317936,0.8075437545776367,0,False,,,,
1766732650.819967,0.4374070608900773,1.0647604663317936,0.8075437545776367,0,False,,,,
1766732650.8257542,0.5471064936948843,0.9892423991875192,1.0,0,False,,,,
1766732650.828814,0.5471064936948843,0.9892423991875192,1.0,0,False,,,,
1766732650.831402,0.5471064936948843,0.9892423991875192,1.0,0,False,,,,
1766732650.837228,0.4492556862119491,1.073526207053152,0.7093179821968079,0,False,,,,
1766732651.031679,0.49217374586446627,0.9408609982715468,0.4539173952966313,0,False,,,,
1766732651.038244,0.49217374586446627,0.9408609982715468,0.4539173952966313,0,False,,,,
1766732651.043509,0.49217374586446627,0.9408609982715468,0.4539173952966313,0,False,,,,
1766732651.046219,0.49217374586446627,0.9408609982715468,0.4539173952966313,0,False,,,,
1766732651.048714,0.6682451320231155,0.20672096245720695,1.0,1,False,,,,
1766732651.328258,0.6447463218368759,0.26555483633807375,1.0,1,False,,,,
1766732651.334861,0.6447463218368759,0.26555483633807375,1.0,1,False,,,,
1766732651.33886,0.6447463218368759,0.26555483633807375,1.0,1,False,,,,
1766732651.345432,0.6447463218368759,0.26555483633807375,1.0,1,False,,,,
1766732651.348522,0.5361960276710425,0.33953099106239515,1.0,2,True,0.5166038274765015,0.2701423764228821,0.09254932403564453,0.1823170930147171
1766732651.7409658,0.5361960276710425,0.33953099106239515,1.0,2,True,0.5166038274765015,0.2701423764228821,0.09254932403564453,0.1823170930147171
1766732651.74855,0.5361960276710425,0.33953099106239515,1.0,2,True,0.5166038274765015,0.2701423764228821,0.09254932403564453,0.1823170930147171
1766732651.751402,0.5361960276710425,0.33953099106239515,1.0,2,True,0.5166038274765015,0.2701423764228821,0.09254932403564453,0.1823170930147171
1766732651.754267,0.5361960276710425,0.33953099106239515,1.0,2,True,0.5166038274765015,0.2701423764228821,0.09254932403564453,0.1823170930147171
1766732651.756895,0.6183540222282955,0.3317832300561695,1.0,2,True,0.5170097351074219,0.34774890542030334,0.09304704517126083,0.18690787255764008
1766732652.077045,0.6183540222282955,0.3317832300561695,1.0,2,True,0.5170097351074219,0.34774890542030334,0.09304704517126083,0.18690787255764008
1766732652.0841181,0.6183540222282955,0.3317832300561695,1.0,2,True,0.5170097351074219,0.34774890542030334,0.09304704517126083,0.18690787255764008
1766732652.087129,0.6183540222282955,0.3317832300561695,1.0,2,True,0.5170097351074219,0.34774890542030334,0.09304704517126083,0.18690787255764008
1766732652.0932832,0.6183540222282955,0.3317832300561695,1.0,2,True,0.5170097351074219,0.34774890542030334,0.09304704517126083,0.18690787255764008
1766732652.096479,0.6149499175450136,0.34250874442610213,1.0,2,False,,,,
1766732652.420319,0.6149499175450136,0.34250874442610213,1.0,2,False,,,,
1766732652.4276679,0.6149499175450136,0.34250874442610213,1.0,2,False,,,,
1766732652.4311821,0.6147583162789738,0.3446901010033272,1.0,2,False,,,,
1766732652.435573,0.533615551930385,0.3990367692278236,1.0,2,False,,,,
1766732652.439439,0.5487708561973551,0.5532504519320313,1.0,2,True,0.5189016461372375,0.44051387906074524,0.09515209496021271,0.1898311972618103
1766732652.9325628,0.5487708561973551,0.5532504519320313,1.0,2,True,0.5189016461372375,0.44051387906074524,0.09515209496021271,0.1898311972618103
1766732652.93992,0.5498034550067574,0.555204239472616,1.0,2,True,0.5189016461372375,0.44051387906074524,0.09515209496021271,0.1898311972618103
1766732652.9431832,0.5498034550067574,0.555204239472616,1.0,2,True,0.5189016461372375,0.44051387906074524,0.09515209496021271,0.1898311972618103
1766732652.950346,0.5498034550067574,0.555204239472616,1.0,2,True,0.5189016461372375,0.44051387906074524,0.09515209496021271,0.1898311972618103
1766732652.9534972,0.5486876180244065,0.5338187467236527,1.0,2,True,0.5181771516799927,0.43753305077552795,0.09585104137659073,0.18841823935508728
1766732654.16189,0.5486876180244065,0.5338187467236527,1.0,2,True,0.5181771516799927,0.43753305077552795,0.09585104137659073,0.18841823935508728
1766732654.169139,0.5486876180244065,0.5338187467236527,1.0,2,True,0.5181771516799927,0.43753305077552795,0.09585104137659073,0.18841823935508728
1766732654.172528,0.5486876180244065,0.5338187467236527,1.0,2,True,0.5181771516799927,0.43753305077552795,0.09585104137659073,0.18841823935508728
1766732654.175977,0.5749956417220682,0.5023703205939303,1.0,2,True,0.5181771516799927,0.43753305077552795,0.09585104137659073,0.18841823935508728
1766732654.178872,0.5803450246599746,0.5190362095672156,1.0,2,True,0.5243553519248962,0.4190294146537781,0.09491672366857529,0.1988152414560318
1766732654.457794,0.5803450246599746,0.5190362095672156,1.0,2,True,0.5243553519248962,0.4190294146537781,0.09491672366857529,0.1988152414560318
1766732654.4646552,0.5803450246599746,0.5190362095672156,1.0,2,True,0.5243553519248962,0.4190294146537781,0.09491672366857529,0.1988152414560318
1766732654.46777,0.5803450246599746,0.5190362095672156,1.0,2,True,0.5243553519248962,0.4190294146537781,0.09491672366857529,0.1988152414560318
1766732654.471224,0.5803450246599746,0.5190362095672156,1.0,2,True,0.5243553519248962,0.4190294146537781,0.09491672366857529,0.1988152414560318
1766732654.474255,0.5599101790699555,0.5255698195632496,1.0,2,True,0.5256392955780029,0.41719868779182434,0.09433545917272568,0.1986055225133896
1766732654.7530801,0.5599101790699555,0.5255698195632496,1.0,2,True,0.5256392955780029,0.41719868779182434,0.09433545917272568,0.1986055225133896
1766732654.761287,0.5599101790699555,0.5255698195632496,1.0,2,True,0.5256392955780029,0.41719868779182434,0.09433545917272568,0.1986055225133896
1766732654.767296,0.5599101790699555,0.5255698195632496,1.0,2,True,0.5256392955780029,0.41719868779182434,0.09433545917272568,0.1986055225133896
1766732654.770442,0.5599101790699555,0.5255698195632496,1.0,2,True,0.5256392955780029,0.41719868779182434,0.09433545917272568,0.1986055225133896
1766732654.773608,0.581662073255386,0.49227069289741043,1.0,2,True,0.528233528137207,0.4175955355167389,0.09440507739782333,0.19881188869476318
1766732655.184639,0.5813058010972646,0.4879043292880527,1.0,2,True,0.528233528137207,0.4175955355167389,0.09440507739782333,0.19881188869476318
1766732655.19235,0.5813058010972646,0.4879043292880527,1.0,2,True,0.528233528137207,0.4175955355167389,0.09440507739782333,0.19881188869476318
1766732655.199166,0.5813058010972646,0.4879043292880527,1.0,2,True,0.528233528137207,0.4175955355167389,0.09440507739782333,0.19881188869476318
1766732655.202504,0.5813058010972646,0.4879043292880527,1.0,2,True,0.528233528137207,0.4175955355167389,0.09440507739782333,0.19881188869476318
1766732655.2053351,0.5578322647509727,0.3613952050107414,1.0,2,False,,,,
1766732655.562356,0.5578322647509727,0.3613952050107414,1.0,2,False,,,,
1766732655.5698938,0.5578322647509727,0.3613952050107414,1.0,2,False,,,,
1766732655.572869,0.5578322647509727,0.3613952050107414,1.0,2,False,,,,
1766732655.5756211,0.5578322647509727,0.3613952050107414,1.0,2,False,,,,
1766732655.5817752,0.5782525029071837,0.4392110901038655,1.0,2,True,0.536190390586853,0.4120555520057678,0.09100379794836044,0.1973854899406433
1766732655.939936,0.5782525029071837,0.4392110901038655,1.0,2,True,0.536190390586853,0.4120555520057678,0.09100379794836044,0.1973854899406433
1766732655.9467578,0.5782525029071837,0.4392110901038655,1.0,2,True,0.536190390586853,0.4120555520057678,0.09100379794836044,0.1973854899406433
1766732655.949758,0.5782525029071837,0.4392110901038655,1.0,2,True,0.536190390586853,0.4120555520057678,0.09100379794836044,0.1973854899406433
1766732655.953133,0.5820820341126436,0.4367995021875315,1.0,2,True,0.536190390586853,0.4120555520057678,0.09100379794836044,0.1973854899406433
1766732655.958035,0.6264705533569256,0.373582362835164,1.0,2,True,0.5474820733070374,0.32506248354911804,0.09331522136926651,0.18378321826457977
1766732656.3550122,0.6282874448628916,0.36486089766922114,1.0,2,True,0.5474820733070374,0.32506248354911804,0.09331522136926651,0.18378321826457977
1766732656.362726,0.6282069852709578,0.36582080534465977,1.0,2,True,0.5474820733070374,0.32506248354911804,0.09331522136926651,0.18378321826457977
1766732656.369907,0.6282069852709578,0.36582080534465977,1.0,2,True,0.5474820733070374,0.32506248354911804,0.09331522136926651,0.18378321826457977
1766732656.3735218,0.6282069852709578,0.36582080534465977,1.0,2,True,0.5474820733070374,0.32506248354911804,0.09331522136926651,0.18378321826457977
1766732656.376129,0.5864329900453472,0.36974174381335345,0.8821259140968323,2,True,0.5354499220848083,0.313583105802536,0.09200048446655273,0.18038558959960938
1766732656.871527,0.5864329900453472,0.36974174381335345,0.8821259140968323,2,True,0.5354499220848083,0.313583105802536,0.09200048446655273,0.18038558959960938
1766732656.876933,0.5864329900453472,0.36974174381335345,0.8821259140968323,2,True,0.5354499220848083,0.313583105802536,0.09200048446655273,0.18038558959960938
1766732656.879765,0.5864329900453472,0.36974174381335345,0.8821259140968323,2,True,0.5354499220848083,0.313583105802536,0.09200048446655273,0.18038558959960938
1766732656.882396,0.5864329900453472,0.36974174381335345,0.8821259140968323,2,True,0.5354499220848083,0.313583105802536,0.09200048446655273,0.18038558959960938
1766732656.884958,0.5800031030018286,0.2913043984422605,0.845380961894989,2,True,0.5361998081207275,0.2296154797077179,0.09273357689380646,0.20043759047985077
1766732657.2840362,0.5800031030018286,0.2913043984422605,0.845380961894989,2,True,0.5361998081207275,0.2296154797077179,0.09273357689380646,0.20043759047985077
1766732657.29166,0.5798467949068709,0.2868131102281988,1.0,2,True,0.5361998081207275,0.2296154797077179,0.09273357689380646,0.20043759047985077
1766732657.295469,0.6487570358488323,0.30881522309485576,1.0,2,False,,,,
1766732657.298683,0.6487570358488323,0.30881522309485576,1.0,2,False,,,,
1766732657.305096,0.6374531076292405,0.35366123894414847,1.0,2,True,0.5385931730270386,0.16491301357746124,0.09159336239099503,0.19677132368087769
1766732657.673173,0.6374531076292405,0.35366123894414847,1.0,2,True,0.5385931730270386,0.16491301357746124,0.09159336239099503,0.19677132368087769
1766732657.6801229,0.6374531076292405,0.35366123894414847,1.0,2,True,0.5385931730270386,0.16491301357746124,0.09159336239099503,0.19677132368087769
1766732657.68336,0.6374531076292405,0.35366123894414847,1.0,2,True,0.5385931730270386,0.16491301357746124,0.09159336239099503,0.19677132368087769
1766732657.689121,0.6374531076292405,0.35366123894414847,1.0,2,True,0.5385931730270386,0.16491301357746124,0.09159336239099503,0.19677132368087769
1766732657.6921222,0.48084591856363773,0.5746034481788516,0.359283935814484,2,False,,,,
1766732658.0496361,0.48084591856363773,0.5746034481788516,0.359283935814484,2,False,,,,
1766732658.057091,0.48084591856363773,0.5746034481788516,0.359283935814484,2,False,,,,
1766732658.060462,0.48084591856363773,0.5746034481788516,0.359283935814484,2,False,,,,
1766732658.063484,0.6692624582072655,0.2417820437158984,1.0,2,False,,,,
1766732658.066677,0.6253913216927378,0.44184456409720196,0.6,2,True,0.5395702123641968,0.32420942187309265,0.09984388202428818,0.19957827031612396
1766732658.5915442,0.6253913216927378,0.44184456409720196,0.6,2,True,0.5395702123641968,0.32420942187309265,0.09984388202428818,0.19957827031612396
1766732658.5994198,0.5455156839109456,0.5051699443974376,0.99,2,True,0.5395702123641968,0.32420942187309265,0.09984388202428818,0.19957827031612396
1766732658.603373,0.6236812307883131,0.4247664117272978,1.0,2,True,0.5395702123641968,0.32420942187309265,0.09984388202428818,0.19957827031612396
1766732658.60639,0.6236812307883131,0.4247664117272978,1.0,2,True,0.5395702123641968,0.32420942187309265,0.09984388202428818,0.19957827031612396
1766732658.613268,0.6311611670668732,0.2931622187345432,1.0,2,False,,,,
1766732658.9756181,0.6316538030319618,0.2888615078380289,1.0,2,False,,,,
1766732658.983432,0.6316538030319618,0.2888615078380289,1.0,2,False,,,,
1766732658.9864268,0.6316538030319618,0.2888615078380289,1.0,2,False,,,,
1766732658.989293,0.6316538030319618,0.2888615078380289,1.0,2,False,,,,
1766732658.992065,0.547829489276654,0.3256233670739618,1.0,1,False,,,,
1766732659.240581,0.6372669770611962,0.2923513620539361,1.0,1,False,,,,
1766732659.247242,0.6372669770611962,0.2923513620539361,1.0,1,False,,,,
1766732659.253823,0.6372669770611962,0.2923513620539361,1.0,1,False,,,,
1766732659.256922,0.6372669770611962,0.2923513620539361,1.0,1,False,,,,
1766732659.260153,0.6375410570031563,0.3065704618972763,1.0,1,False,,,,
1766732659.4942741,0.6375410570031563,0.3065704618972763,1.0,1,False,,,,
1766732659.501695,0.6375410570031563,0.3065704618972763,1.0,1,False,,,,
1766732659.508395,0.5466390225233134,0.3324878496139987,1.0,1,False,,,,
1766732659.511693,0.5466390225233134,0.3324878496139987,1.0,1,False,,,,
1766732659.519414,0.6411551405277257,0.32852519159263405,1.0,1,False,,,,
1766732659.796997,0.6411551405277257,0.32852519159263405,1.0,1,False,,,,
1766732659.8041952,0.6411551405277257,0.32852519159263405,1.0,1,False,,,,
1766732659.807699,0.5222920867931766,0.33330408343745876,1.0,1,False,,,,
1766732659.811991,0.5324463927850573,0.33104065384940085,1.0,1,False,,,,
1766732659.815737,0.620360238785967,0.2862406864581575,1.0,1,False,,,,
1766732660.3609679,0.620360238785967,0.2862406864581575,1.0,1,False,,,,
1766732660.368234,0.620360238785967,0.2862406864581575,1.0,1,False,,,,
1766732660.3716621,0.620360238785967,0.2862406864581575,1.0,1,False,,,,
1766732660.3747342,0.6207172546058155,0.2871546154517539,1.0,1,False,,,,
1766732660.381238,0.6346858139275507,0.28542208579285067,1.0,1,False,,,,
1766732660.741226,0.6346858139275507,0.28542208579285067,1.0,1,False,,,,
1766732660.7500522,0.6345166889182924,0.28946053191306365,1.0,1,False,,,,
1766732660.756497,0.6345166889182924,0.28946053191306365,1.0,1,False,,,,
1766732660.759914,0.6345166889182924,0.28946053191306365,1.0,1,False,,,,
1766732660.7625248,0.6396856036122854,0.3154869578181825,1.0,1,False,,,,
1766732661.1224818,0.6396856036122854,0.3154869578181825,1.0,1,False,,,,
1766732661.129472,0.6396856036122854,0.3154869578181825,1.0,1,False,,,,
1766732661.132548,0.6396856036122854,0.3154869578181825,1.0,1,False,,,,
1766732661.135175,0.6396856036122854,0.3154869578181825,1.0,1,False,,,,
1766732661.1381571,0.5048096670541441,0.3572848246739423,1.0,1,False,,,,
1766732661.493031,0.5048096670541441,0.3572848246739423,1.0,1,False,,,,
1766732661.498654,0.5048096670541441,0.3572848246739423,1.0,1,False,,,,
1766732661.501365,0.5048096670541441,0.3572848246739423,1.0,1,False,,,,
1766732661.5039968,0.5048096670541441,0.3572848246739423,1.0,1,False,,,,
1766732661.5066628,0.5135589541510899,0.3564776076862758,1.0,1,False,,,,
1766732661.737342,0.5135589541510899,0.3564776076862758,1.0,1,False,,,,
1766732661.744412,0.5135589541510899,0.3564776076862758,1.0,1,False,,,,
1766732661.7481248,0.6125462493079972,0.2785745556221748,1.0,1,False,,,,
1766732661.751839,0.5406421830777285,0.34851133681602886,1.0,1,False,,,,
1766732661.754901,0.6425537112733772,0.34910203568799303,1.0,1,False,,,,
1766732662.041825,0.6425537112733772,0.34910203568799303,1.0,1,False,,,,
1766732662.048655,0.6425537112733772,0.34910203568799303,1.0,1,False,,,,
1766732662.052353,0.5902524312593226,0.3367954564264535,1.0,1,False,,,,
1766732662.0589561,0.5902524312593226,0.3367954564264535,1.0,1,False,,,,
1766732662.065835,0.5144062910764706,0.4665521385836151,0.4020623862347565,1,False,,,,
1766732662.365709,0.5144062910764706,0.4665521385836151,0.4020623862347565,1,False,,,,
1766732662.3721569,0.5144062910764706,0.4665521385836151,0.4020623862347565,1,False,,,,
1766732662.375531,0.5144062910764706,0.4665521385836151,0.4020623862347565,1,False,,,,
1766732662.378804,0.5144062910764706,0.4665521385836151,0.4020623862347565,1,False,,,,
1766732662.381473,0.6348558560653679,0.3771612343982489,0.9329342246055603,1,True,0.5360881090164185,0.3947117328643799,0.0937841385602951,0.18884532153606415
1766732662.662882,0.6424241765742367,0.5052892714437642,0.29208148903333575,1,False,,,,
1766732662.669675,0.6424241765742367,0.5052892714437642,0.29208148903333575,1,False,,,,
1766732662.676333,0.6424241765742367,0.5052892714437642,0.29208148903333575,1,False,,,,
1766732662.679463,0.6424241765742367,0.5052892714437642,0.29208148903333575,1,False,,,,
1766732662.682009,0.5805938446789408,0.9879973229507382,1.0,1,False,,,,
1766732662.998307,0.5805938446789408,0.9879973229507382,1.0,1,False,,,,
1766732663.005861,0.5805938446789408,0.9879973229507382,1.0,1,False,,,,
1766732663.0083551,0.5805938446789408,0.9879973229507382,1.0,1,False,,,,
1766732663.0111349,0.5805938446789408,0.9879973229507382,1.0,1,False,,,,
1766732663.01366,0.6042439185633098,0.9572621601682809,0.9991884827613831,0,False,,,,
1766732663.2034,0.6042439185633098,0.9572621601682809,0.9991884827613831,0,False,,,,
1766732663.2097769,0.6042439185633098,0.9572621601682809,0.9991884827613831,0,False,,,,
1766732663.2130601,0.6042439185633098,0.9572621601682809,0.9991884827613831,0,False,,,,
1766732663.21558,0.6042439185633098,0.9572621601682809,0.9991884827613831,0,False,,,,
1766732663.2180321,0.5298008531642561,1.0002367851089395,0.7501318454742432,0,False,,,,
1766732663.39193,0.5119137206226686,0.9405038687545111,0.417745136791893,0,False,,,,
1766732663.399271,0.5119137206226686,0.9405038687545111,0.417745136791893,0,False,,,,
1766732663.405108,0.5119137206226686,0.9405038687545111,0.417745136791893,0,False,,,,
1766732663.407629,0.5119137206226686,0.9405038687545111,0.417745136791893,0,False,,,,
1766732663.410221,0.5147607152592675,0.9628332936606986,0.401647834541052,0,False,,,,
1766732663.60081,0.5147607152592675,0.9628332936606986,0.401647834541052,0,False,,,,
1766732663.6078231,0.5147607152592675,0.9628332936606986,0.401647834541052,0,False,,,,
1766732663.610124,0.5147607152592675,0.9628332936606986,0.401647834541052,0,False,,,,
1766732663.612512,0.5147607152592675,0.9628332936606986,0.401647834541052,0,False,,,,
1766732663.6148171,0.553759128001168,0.9844857711424422,1.0,0,False,,,,
1766732663.7796428,0.553759128001168,0.9844857711424422,1.0,0,False,,,,
1766732663.7857358,0.553759128001168,0.9844857711424422,1.0,0,False,,,,
1766732663.788607,0.553759128001168,0.9844857711424422,1.0,0,False,,,,
1766732663.791569,0.48574916856357275,1.0715904600201076,0.7748823165893555,0,False,,,,
1766732663.79719,0.4659956933243653,1.0306357717331407,0.734537661075592,0,False,,,,
1766732664.017169,0.4659956933243653,1.0306357717331407,0.734537661075592,0,False,,,,
1766732664.027597,0.4659956933243653,1.0306357717331407,0.734537661075592,0,False,,,,
1766732664.0319948,0.4654389898806378,1.0293878718489606,0.7470882534980774,0,False,,,,
1766732664.0365179,0.4654389898806378,1.0293878718489606,0.7470882534980774,0,False,,,,
1766732664.04445,0.51908619483335,0.8933963150898581,0.4883404273151701,0,False,,,,
1766732664.263241,0.5740322284114687,0.9403154420924873,0.9791213870048523,0,False,,,,
1766732664.268605,0.450264531384801,1.053994242419967,0.7006166577339172,0,False,,,,
1766732664.272253,0.450264531384801,1.053994242419967,0.7006166577339172,0,False,,,,
1766732664.278083,0.450264531384801,1.053994242419967,0.7006166577339172,0,False,,,,
1766732664.280475,0.5238348658258559,0.9002547752977405,0.5119547765757153,0,False,,,,
1766732664.4590552,0.5238348658258559,0.9002547752977405,0.5119547765757153,0,False,,,,
1766732664.463903,0.5776410358646686,0.9381458038577395,0.998259961605072,0,False,,,,
1766732664.467699,0.5776410358646686,0.9381458038577395,0.998259961605072,0,False,,,,
1766732664.472791,0.5776410358646686,0.9381458038577395,0.998259961605072,0,False,,,,
1766732664.4759061,0.5774018038071518,0.9523069124712215,1.0,0,False,,,,
1766732664.679938,0.5774018038071518,0.9523069124712215,1.0,0,False,,,,
1766732664.684078,0.5774018038071518,0.9523069124712215,1.0,0,False,,,,
1766732664.686527,0.5774018038071518,0.9523069124712215,1.0,0,False,,,,
1766732664.6886919,0.5774018038071518,0.9523069124712215,1.0,0,False,,,,
1766732664.6906939,0.5768798575757784,0.947871782535171,1.0,0,False,,,,
1766732664.8763251,0.5768798575757784,0.947871782535171,1.0,0,False,,,,
1766732664.880976,0.5768798575757784,0.947871782535171,1.0,0,False,,,,
1766732664.884118,0.5768798575757784,0.947871782535171,1.0,0,False,,,,
1766732664.8883278,0.5768798575757784,0.947871782535171,1.0,0,False,,,,
1766732664.890762,0.5741094270130193,0.9389941513283718,1.0,0,False,,,,
1766732665.045866,0.5741094270130193,0.9389941513283718,1.0,0,False,,,,
1766732665.051223,0.5741094270130193,0.9389941513283718,1.0,0,False,,,,
1766732665.053705,0.5741094270130193,0.9389941513283718,1.0,0,False,,,,
1766732665.055768,0.5741094270130193,0.9389941513283718,1.0,0,False,,,,
1766732665.058327,0.4612559365124375,1.024096888104128,0.8063576817512512,0,False,,,,
1766732665.272914,0.4609316021894374,1.0248736339906028,0.7129861116409302,0,False,,,,
1766732665.27881,0.4609316021894374,1.0248736339906028,0.7129861116409302,0,False,,,,
1766732665.2834518,0.4609316021894374,1.0248736339906028,0.7129861116409302,0,False,,,,
1766732665.285877,0.4609316021894374,1.0248736339906028,0.7129861116409302,0,False,,,,
1766732665.288029,0.460550105057936,1.0298748784187264,0.7921032309532166,0,False,,,,
1766732665.516932,0.460550105057936,1.0298748784187264,0.7921032309532166,0,False,,,,
1766732665.5311449,0.460550105057936,1.0298748784187264,0.7921032309532166,0,False,,,,
1766732665.5339599,0.460550105057936,1.0298748784187264,0.7921032309532166,0,False,,,,
1766732665.536782,0.4617867279390035,1.0285312737827854,0.8004428744316101,0,False,,,,
1766732665.540674,0.4637807843309726,1.0330814747763775,0.7590813040733337,0,False,,,,
1766732665.7421062,0.4637807843309726,1.0330814747763775,0.7590813040733337,0,False,,,,
1766732665.747761,0.4637807843309726,1.0330814747763775,0.7590813040733337,0,False,,,,
1766732665.75028,0.4637807843309726,1.0330814747763775,0.7590813040733337,0,False,,,,
1766732665.753012,0.4637807843309726,1.0330814747763775,0.7590813040733337,0,False,,,,
1766732665.7553852,0.559164079856376,0.9072001290082268,0.9986386895179749,0,False,,,,
1766732665.966173,0.559164079856376,0.9072001290082268,0.9986386895179749,0,False,,,,
1766732665.971221,0.4605044954356977,0.9890442710857614,0.7599086761474609,0,False,,,,
1766732665.9764328,0.5610073995084973,0.9098148024028231,1.0,0,False,,,,
1766732665.9817321,0.5610073995084973,0.9098148024028231,1.0,0,False,,,,
1766732665.984328,0.45541826186832496,1.004958848312574,0.7868223190307617,0,False,,,,
1766732666.150105,0.45541826186832496,1.004958848312574,0.7868223190307617,0,False,,,,
1766732666.155094,0.45541826186832496,1.004958848312574,0.7868223190307617,0,False,,,,
1766732666.1574998,0.45541826186832496,1.004958848312574,0.7868223190307617,0,False,,,,
1766732666.1599271,0.45541826186832496,1.004958848312574,0.7868223190307617,0,False,,,,
1766732666.162467,0.4368425044484904,1.0024807777362976,0.7937206029891968,0,False,,,,
1766732666.364535,0.4368425044484904,1.0024807777362976,0.7937206029891968,0,False,,,,
1766732666.369688,0.4368425044484904,1.0024807777362976,0.7937206029891968,0,False,,,,
1766732666.372003,0.4368425044484904,1.0024807777362976,0.7937206029891968,0,False,,,,
1766732666.374398,0.5459506274321596,0.9140862680762486,1.0,0,False,,,,
1766732666.37873,0.5430853534295416,0.934774787201185,1.0,0,False,,,,
1766732666.592882,0.5430853534295416,0.934774787201185,1.0,0,False,,,,
1766732666.598443,0.5430853534295416,0.934774787201185,1.0,0,False,,,,
1766732666.600812,0.5430853534295416,0.934774787201185,1.0,0,False,,,,
1766732666.603149,0.5430853534295416,0.934774787201185,1.0,0,False,,,,
1766732666.60566,0.457647754525523,1.0177418234494935,0.8038125038146973,0,False,,,,
1766732666.8138182,0.46179487687235665,1.0097034317693214,0.8281608819961548,0,False,,,,
1766732666.8205912,0.46179487687235665,1.0097034317693214,0.8281608819961548,0,False,,,,
1766732666.8233469,0.46179487687235665,1.0097034317693214,0.8281608819961548,0,False,,,,
1766732666.826066,0.46179487687235665,1.0097034317693214,0.8281608819961548,0,False,,,,
1766732666.828659,0.5336455722649057,0.9254366501430134,1.0,0,False,,,,
1766732667.046294,0.5237932542987365,0.9224712647304131,1.0,0,False,,,,
1766732667.052275,0.5237932542987365,0.9224712647304131,1.0,0,False,,,,
1766732667.058364,0.5237932542987365,0.9224712647304131,1.0,0,False,,,,
1766732667.0612328,0.5237932542987365,0.9224712647304131,1.0,0,False,,,,
1766732667.063614,0.5207311328855604,0.9293133638971701,1.0,0,False,,,,
1766732667.2411141,0.5207311328855604,0.9293133638971701,1.0,0,False,,,,
1766732667.247394,0.517011381835309,0.9300025237119451,1.0,0,False,,,,
1766732667.250089,0.517011381835309,0.9300025237119451,1.0,0,False,,,,
1766732667.255511,0.517011381835309,0.9300025237119451,1.0,0,False,,,,
1766732667.257955,0.5238613612568223,0.9228678543066391,1.0,0,False,,,,
1766732667.4700742,0.5238613612568223,0.9228678543066391,1.0,0,False,,,,
1766732667.477011,0.5238613612568223,0.9228678543066391,1.0,0,False,,,,
1766732667.4800608,0.4538711867199553,0.9808513379028951,0.7432973980903625,0,False,,,,
1766732667.4851909,0.4538711867199553,0.9808513379028951,0.7432973980903625,0,False,,,,
1766732667.491783,0.4215658710233431,0.6036161751411501,0.37706845923857857,1,False,,,,
1766732667.729363,0.4215658710233431,0.6036161751411501,0.37706845923857857,1,False,,,,
1766732667.737171,0.4215658710233431,0.6036161751411501,0.37706845923857857,1,False,,,,
1766732667.739945,0.4215658710233431,0.6036161751411501,0.37706845923857857,1,False,,,,
1766732667.7425,0.4215658710233431,0.6036161751411501,0.37706845923857857,1,False,,,,
1766732667.7452319,0.5990633600909853,0.3382480796020292,1.0,1,False,,,,
1766732668.0392761,0.5990633600909853,0.3382480796020292,1.0,1,False,,,,
1766732668.046348,0.6046621910953754,0.32729917400221953,1.0,1,False,,,,
1766732668.0503402,0.6085681644394436,0.31495005597585723,1.0,1,False,,,,
1766732668.053546,0.6085681644394436,0.31495005597585723,1.0,1,False,,,,
1766732668.0595682,0.5362910763933864,0.43984724041171985,1.0,1,False,,,,
1766732668.297135,0.5362910763933864,0.43984724041171985,1.0,1,False,,,,
1766732668.303606,0.5362910763933864,0.43984724041171985,1.0,1,False,,,,
1766732668.306376,0.5362910763933864,0.43984724041171985,1.0,1,False,,,,
1766732668.309118,0.5362910763933864,0.43984724041171985,1.0,1,False,,,,
1766732668.312175,0.5560709021582355,0.5251469420204344,1.0,1,False,,,,
1766732668.58229,0.5247707244753012,0.5806808593151666,1.0,1,False,,,,
1766732668.5899699,0.554330648307412,0.5297992309625236,0.9808964133262634,1,False,,,,
1766732668.597419,0.554330648307412,0.5297992309625236,0.9808964133262634,1,False,,,,
1766732668.600399,0.554330648307412,0.5297992309625236,0.9808964133262634,1,False,,,,
1766732668.603464,0.21998408986966722,0.5492939333162742,0.8759551644325256,2,False,,,,
1766732668.930304,0.21998408986966722,0.5492939333162742,0.8759551644325256,2,False,,,,
1766732668.938098,0.21998408986966722,0.5492939333162742,0.8759551644325256,2,False,,,,
1766732668.942816,0.21998408986966722,0.5492939333162742,0.8759551644325256,2,False,,,,
1766732668.945747,0.21998408986966722,0.5492939333162742,0.8759551644325256,2,False,,,,
1766732668.9487638,0.2798425907171474,0.5807286236764173,0.909201443195343,2,False,,,,
1766732669.236802,0.2798425907171474,0.5807286236764173,0.909201443195343,2,False,,,,
1766732669.244043,0.2798425907171474,0.5807286236764173,0.909201443195343,2,False,,,,
1766732669.247189,0.2798425907171474,0.5807286236764173,0.909201443195343,2,False,,,,
1766732669.249683,0.2798425907171474,0.5807286236764173,0.909201443195343,2,False,,,,
1766732669.252235,0.19890604539426446,0.4669063630673249,0.14123494858869245,2,False,,,,
