timestamp,gaze_x,gaze_y,gaze_confidence,num_faces,is_looking_at_face,face_bbox_left,face_bbox_top,face_bbox_width,face_bbox_height
1766477828.877117,0.4480464466022379,0.25052699519430055,0.863128662109375,0,False,,,,
1766477829.3665879,0.463329420449929,0.2516871138387283,0.0,0,False,,,,
1766477829.376779,0.463329420449929,0.2516871138387283,0.0,0,False,,,,
1766477829.379647,0.463329420449929,0.2516871138387283,0.0,0,False,,,,
1766477829.3822458,0.463329420449929,0.2516871138387283,0.0,0,False,,,,
1766477829.3847082,0.4978674351152728,0.2255969447873416,0.8876498341560364,0,False,,,,
1766477829.7268212,0.4867442981385478,0.22669265531661964,0.8371755182743073,0,False,,,,
1766477829.735719,0.48628209251459636,0.22846775253060914,0.8610443472862244,0,False,,,,
1766477829.741452,0.48628209251459636,0.22846775253060914,0.8610443472862244,0,False,,,,
1766477829.74449,0.48628209251459636,0.22846775253060914,0.8610443472862244,0,False,,,,
1766477829.746947,0.11639028292442624,0.0010804203384299216,0.7359798034481388,1,False,,,,
1766477830.105493,0.11639028292442624,0.0010804203384299216,0.7359798034481388,1,False,,,,
1766477830.112094,0.11639028292442624,0.0010804203384299216,0.7359798034481388,1,False,,,,
1766477830.116725,0.11639028292442624,0.0010804203384299216,0.7359798034481388,1,False,,,,
1766477830.119169,0.11639028292442624,0.0010804203384299216,0.7359798034481388,1,False,,,,
1766477830.1214879,0.5457643278129416,-0.07521200540587203,0.9138607382774353,0,False,,,,
1766477830.464261,0.5457643278129416,-0.07521200540587203,0.9138607382774353,0,False,,,,
1766477830.4722931,0.5367355720076741,-0.10059992416088259,0.9304429292678833,0,False,,,,
1766477830.476578,0.5367355720076741,-0.10059992416088259,0.9304429292678833,0,False,,,,
1766477830.4817338,0.5367355720076741,-0.10059992416088259,0.9304429292678833,0,False,,,,
1766477830.484871,0.4789847164693125,0.25801978476969256,0.15519863786723312,0,False,,,,
1766477830.787424,0.4789847164693125,0.25801978476969256,0.15519863786723312,0,False,,,,
1766477830.793489,0.4789847164693125,0.25801978476969256,0.15519863786723312,0,False,,,,
1766477830.796434,0.4789847164693125,0.25801978476969256,0.15519863786723312,0,False,,,,
1766477830.800283,0.48067717654299164,0.2578700370858038,0.39898054088556323,0,False,,,,
1766477830.805195,0.4634951913847253,0.251401379798301,0.0,0,False,,,,
1766477831.1009479,0.5395433718943797,-0.16969176373908423,0.9137108325958252,0,False,,,,
1766477831.109961,0.5397307741443843,-0.16568831854873567,0.9038798809051514,0,False,,,,
1766477831.1166642,0.5397307741443843,-0.16568831854873567,0.9038798809051514,0,False,,,,
1766477831.119617,0.5397307741443843,-0.16568831854873567,0.9038798809051514,0,False,,,,
1766477831.1220942,0.5060459330481494,-0.1386857218483568,0.9333395957946777,1,False,,,,
1766477831.5814881,0.5060459330481494,-0.1386857218483568,0.9333395957946777,1,False,,,,
1766477831.5878139,0.5060459330481494,-0.1386857218483568,0.9333395957946777,1,False,,,,
1766477831.590608,0.5060459330481494,-0.1386857218483568,0.9333395957946777,1,False,,,,
1766477831.5931551,0.5060459330481494,-0.1386857218483568,0.9333395957946777,1,False,,,,
1766477831.595496,0.5049071538100665,-0.18279960354939018,0.9181249141693115,1,False,,,,
1766477831.891948,0.5049071538100665,-0.18279960354939018,0.9181249141693115,1,False,,,,
1766477831.896981,0.5049071538100665,-0.18279960354939018,0.9181249141693115,1,False,,,,
1766477831.899523,0.5049071538100665,-0.18279960354939018,0.9181249141693115,1,False,,,,
1766477831.902303,0.5049071538100665,-0.18279960354939018,0.9181249141693115,1,False,,,,
1766477831.905043,0.5187320786547629,-0.13941746038297786,0.9127129912376404,1,False,,,,
1766477832.199842,0.5187320786547629,-0.13941746038297786,0.9127129912376404,1,False,,,,
1766477832.2067,0.5192648553859947,-0.13950319604174322,0.9166920781135559,1,False,,,,
1766477832.209816,0.5192648553859947,-0.13950319604174322,0.9166920781135559,1,False,,,,
1766477832.213026,0.5192648553859947,-0.13950319604174322,0.9166920781135559,1,False,,,,
1766477832.219872,0.4634951913847253,0.251401379798301,0.0,1,False,,,,
1766477832.5829492,0.4634951913847253,0.251401379798301,0.0,1,False,,,,
1766477832.589875,0.4634951913847253,0.251401379798301,0.0,1,False,,,,
1766477832.5927072,0.4634951913847253,0.251401379798301,0.0,1,False,,,,
1766477832.597623,0.4634951913847253,0.251401379798301,0.0,1,False,,,,
1766477832.60021,0.5236788492513714,-0.1479247254630831,0.8726375699043274,1,False,,,,
1766477832.9359932,0.5236788492513714,-0.1479247254630831,0.8726375699043274,1,False,,,,
1766477832.942318,0.5236788492513714,-0.1479247254630831,0.8726375699043274,1,False,,,,
1766477832.945329,0.522238263029771,-0.14605085770169857,0.8682798743247986,1,False,,,,
1766477832.948029,0.4634951913847253,0.251401379798301,0.0,1,False,,,,
1766477832.950725,0.5227977796447841,-0.12601009784767836,0.8914838433265686,1,False,,,,
1766477833.238084,0.5227977796447841,-0.12601009784767836,0.8914838433265686,1,False,,,,
1766477833.244617,0.5227977796447841,-0.12601009784767836,0.8914838433265686,1,False,,,,
1766477833.247759,0.5228829665379731,-0.12387845634174921,0.899275004863739,1,False,,,,
1766477833.2504709,0.5228829665379731,-0.12387845634174921,0.899275004863739,1,False,,,,
1766477833.253288,0.5401654550114329,-0.10768523521427542,0.85566246509552,1,False,,,,
1766477833.586977,0.4634951913847253,0.251401379798301,0.0,1,False,,,,
1766477833.5936918,0.4634951913847253,0.251401379798301,0.0,1,False,,,,
1766477833.596616,0.4634951913847253,0.251401379798301,0.0,1,False,,,,
1766477833.599095,0.4634951913847253,0.251401379798301,0.0,1,False,,,,
1766477833.6022,0.5198544671994771,-0.11098249872186972,0.9072689414024353,1,False,,,,
1766477833.970921,0.5198544671994771,-0.11098249872186972,0.9072689414024353,1,False,,,,
1766477833.9768078,0.5198544671994771,-0.11098249872186972,0.9072689414024353,1,False,,,,
1766477833.979617,0.5198544671994771,-0.11098249872186972,0.9072689414024353,1,False,,,,
1766477833.983142,0.5208220525756948,-0.11286015832246332,0.8993075489997864,1,False,,,,
1766477833.9865549,0.525205001144085,-0.11915871665067446,0.8815435767173767,1,False,,,,
1766477834.2780879,0.525205001144085,-0.11915871665067446,0.8815435767173767,1,False,,,,
1766477834.285013,0.4634951783277847,0.2514013249242054,0.0,1,False,,,,
1766477834.2912378,0.4634951783277847,0.2514013249242054,0.0,1,False,,,,
1766477834.294315,0.4634951783277847,0.2514013249242054,0.0,1,False,,,,
1766477834.3008902,0.4634951783277847,0.2514013249242054,0.0,1,False,,,,
1766477834.6289952,0.4634951783277847,0.2514013249242054,0.0,1,False,,,,
1766477834.636459,0.4634951783277847,0.2514013249242054,0.0,1,False,,,,
1766477834.638881,0.4634951783277847,0.2514013249242054,0.0,1,False,,,,
1766477834.641133,0.4634951783277847,0.2514013249242054,0.0,1,False,,,,
1766477834.643664,0.5626772642181053,-0.08754199467703905,0.8841616761684418,0,False,,,,
1766477834.86515,0.5626772642181053,-0.08754199467703905,0.8841616761684418,0,False,,,,
1766477834.8726861,0.5626772642181053,-0.08754199467703905,0.8841616761684418,0,False,,,,
1766477834.875303,0.5626772642181053,-0.08754199467703905,0.8841616761684418,0,False,,,,
1766477834.8779001,0.5626772642181053,-0.08754199467703905,0.8841616761684418,0,False,,,,
1766477834.882674,0.46355302755274036,0.25132212564937984,0.0,0,False,,,,
1766477835.112491,0.46355302755274036,0.25132212564937984,0.0,0,False,,,,
1766477835.1195798,0.46355302755274036,0.25132212564937984,0.0,0,False,,,,
1766477835.122476,0.42467329463204495,0.554381467593847,0.6,0,False,,,,
1766477835.126503,0.42467329463204495,0.554381467593847,0.6,0,False,,,,
1766477835.129728,0.46355302755274036,0.25132212564937984,0.0,0,False,,,,
1766477835.610394,0.46355302755274036,0.25132212564937984,0.0,0,False,,,,
1766477835.616082,0.46355302755274036,0.25132212564937984,0.0,0,False,,,,
1766477835.6190789,0.46355302755274036,0.25132212564937984,0.0,0,False,,,,
1766477835.621428,0.46355302755274036,0.25132212564937984,0.0,0,False,,,,
1766477835.6238341,0.46355302755274036,0.25132212564937984,0.0,0,False,,,,
1766477835.840597,0.46355302755274036,0.25132212564937984,0.0,0,False,,,,
1766477835.84523,0.46355302755274036,0.25132212564937984,0.0,0,False,,,,
1766477835.847709,0.46355302755274036,0.25132212564937984,0.0,0,False,,,,
1766477835.850129,0.46355302755274036,0.25132212564937984,0.0,0,False,,,,
1766477835.852528,0.7566832280120225,0.5325862915269975,0.0,0,False,,,,
1766477836.0603049,0.7566832280120225,0.5325862915269975,0.0,0,False,,,,
1766477836.066904,0.46355302755274036,0.25132212564937984,0.0,0,False,,,,
1766477836.073591,0.46355302755274036,0.25132212564937984,0.0,0,False,,,,
1766477836.076328,0.46355302755274036,0.25132212564937984,0.0,0,False,,,,
1766477836.078773,0.46355302755274036,0.25132212564937984,0.0,0,False,,,,
1766477836.323349,0.46355302755274036,0.25132212564937984,0.0,0,False,,,,
1766477836.3304472,0.46355302755274036,0.25132212564937984,0.0,0,False,,,,
1766477836.333688,0.46355302755274036,0.25132212564937984,0.0,0,False,,,,
1766477836.339864,0.46355302755274036,0.25132212564937984,0.0,0,False,,,,
1766477836.345206,0.46355302755274036,0.25132212564937984,0.0,0,False,,,,
1766477836.57692,0.46355302755274036,0.25132212564937984,0.0,0,False,,,,
1766477836.584194,0.46355302755274036,0.25132212564937984,0.0,0,False,,,,
1766477836.5868008,0.46355302755274036,0.25132212564937984,0.0,0,False,,,,
1766477836.58934,0.46355302755274036,0.25132212564937984,0.0,0,False,,,,
1766477836.592012,0.44349225237088874,0.6860597484145519,0.7127436399459839,0,False,,,,
1766477836.813032,0.44349225237088874,0.6860597484145519,0.7127436399459839,0,False,,,,
1766477836.8185542,0.44349225237088874,0.6860597484145519,0.7127436399459839,0,False,,,,
1766477836.821635,0.44349225237088874,0.6860597484145519,0.7127436399459839,0,False,,,,
1766477836.8243,0.44349225237088874,0.6860597484145519,0.7127436399459839,0,False,,,,
1766477836.826668,0.6173685865508088,-0.20638300353967542,0.9032864570617676,0,False,,,,
1766477837.078638,0.6173685865508088,-0.20638300353967542,0.9032864570617676,0,False,,,,
1766477837.086368,0.6173685865508088,-0.20638300353967542,0.9032864570617676,0,False,,,,
1766477837.089246,0.6173685865508088,-0.20638300353967542,0.9032864570617676,0,False,,,,
1766477837.09185,0.6173685865508088,-0.20638300353967542,0.9032864570617676,0,False,,,,
1766477837.094362,-0.1489418106101076,0.48416182339539504,0.7982758283615112,1,False,,,,
1766477837.362456,-0.1489418106101076,0.48416182339539504,0.7982758283615112,1,False,,,,
1766477837.3705962,0.46358418267703827,0.25110100533847524,0.0,1,False,,,,
1766477837.3739572,0.46358418267703827,0.25110100533847524,0.0,1,False,,,,
1766477837.380963,0.46358418267703827,0.25110100533847524,0.0,1,False,,,,
1766477837.383611,0.9473526582878954,-0.30935635093732494,0.8218400776386261,1,False,,,,
1766477837.6230001,0.9473526582878954,-0.30935635093732494,0.8218400776386261,1,False,,,,
1766477837.629405,0.9473526582878954,-0.30935635093732494,0.8218400776386261,1,False,,,,
1766477837.635184,0.5486679455490383,-0.07041294115505758,0.9085099697113037,1,False,,,,
1766477837.6379662,0.5486679455490383,-0.07041294115505758,0.9085099697113037,1,False,,,,
1766477837.640861,0.46358418267703827,0.25110100533847524,0.0,1,False,,,,
1766477837.899792,0.46358418267703827,0.25110100533847524,0.0,1,False,,,,
1766477837.9070048,0.5276762918903886,-0.08015595529513742,0.9551288485527039,1,False,,,,
1766477837.914082,0.5276762918903886,-0.08015595529513742,0.9551288485527039,1,False,,,,
1766477837.916822,0.5276762918903886,-0.08015595529513742,0.9551288485527039,1,False,,,,
1766477837.919307,0.46358418267703827,0.25110100533847524,0.0,1,False,,,,
1766477838.1526358,0.46358418267703827,0.25110100533847524,0.0,1,False,,,,
1766477838.158566,0.46358418267703827,0.25110100533847524,0.0,1,False,,,,
1766477838.16153,0.46358418267703827,0.25110100533847524,0.0,1,False,,,,
1766477838.164059,0.46358418267703827,0.25110100533847524,0.0,1,False,,,,
1766477838.170017,0.5722382459293799,-0.02677500118145959,0.8697913289070129,1,False,,,,
1766477838.582419,0.5722382459293799,-0.02677500118145959,0.8697913289070129,1,False,,,,
1766477838.5895889,0.5722382459293799,-0.02677500118145959,0.8697913289070129,1,False,,,,
1766477838.592451,0.5722382459293799,-0.02677500118145959,0.8697913289070129,1,False,,,,
1766477838.595121,0.5722382459293799,-0.02677500118145959,0.8697913289070129,1,False,,,,
1766477838.597642,0.19342145738546548,1.5753532247451378,0.8356902003288269,1,False,,,,
1766477838.8692238,0.19342145738546548,1.5753532247451378,0.8356902003288269,1,False,,,,
1766477838.8756669,0.46358418267703827,0.25110100533847524,0.0,1,False,,,,
1766477838.878803,0.46358418267703827,0.25110100533847524,0.0,1,False,,,,
1766477838.885621,0.46358418267703827,0.25110100533847524,0.0,1,False,,,,
1766477838.888576,0.3876974317734105,0.6440097962106166,0.7881432175636292,1,False,,,,
1766477839.255421,0.3876974317734105,0.6440097962106166,0.7881432175636292,1,False,,,,
1766477839.260753,0.3876974317734105,0.6440097962106166,0.7881432175636292,1,False,,,,
1766477839.263298,0.3876974317734105,0.6440097962106166,0.7881432175636292,1,False,,,,
1766477839.2658792,0.3876974317734105,0.6440097962106166,0.7881432175636292,1,False,,,,
1766477839.268325,0.40850591557981747,0.6670092839516393,0.783363401889801,0,False,,,,
1766477839.4359229,0.40850591557981747,0.6670092839516393,0.783363401889801,0,False,,,,
1766477839.443609,0.40850591557981747,0.6670092839516393,0.783363401889801,0,False,,,,
1766477839.447114,0.7163298832610555,0.30207808279888926,0.7693896889686584,0,False,,,,
1766477839.450788,0.7163298832610555,0.30207808279888926,0.7693896889686584,0,False,,,,
1766477839.454106,0.38875117193124825,0.6197180003889058,0.7144538164138794,0,False,,,,
1766477839.636426,0.38875117193124825,0.6197180003889058,0.7144538164138794,0,False,,,,
1766477839.643491,0.38875117193124825,0.6197180003889058,0.7144538164138794,0,False,,,,
1766477839.646334,0.480094984879072,0.27446692863371225,0.2172298360243236,0,False,,,,
1766477839.65117,0.48209424347675983,0.2724099712469701,0.22433049912884148,0,False,,,,
1766477839.657143,0.48263365213042364,0.271836148751581,0.3231629046082594,0,False,,,,
1766477839.961053,0.48263365213042364,0.271836148751581,0.3231629046082594,0,False,,,,
1766477839.9673018,0.48263365213042364,0.271836148751581,0.3231629046082594,0,False,,,,
1766477839.970597,0.48263365213042364,0.271836148751581,0.3231629046082594,0,False,,,,
1766477839.973172,0.48263365213042364,0.271836148751581,0.3231629046082594,0,False,,,,
1766477839.975446,0.39821790131365287,0.5983911862086505,0.8919869661331177,0,False,,,,
1766477840.313196,0.39821790131365287,0.5983911862086505,0.8919869661331177,0,False,,,,
1766477840.318468,0.6584543394815057,0.1653517988102191,0.803266316652298,0,False,,,,
1766477840.3214982,0.46361981162994537,0.25110567657006877,0.0,0,False,,,,
1766477840.324469,0.46361981162994537,0.25110567657006877,0.0,0,False,,,,
1766477840.3302999,0.46361981162994537,0.25110567657006877,0.0,0,False,,,,
1766477840.525159,0.8805193094997531,0.22466602611328723,0.7989441454410553,0,False,,,,
1766477840.530918,0.8805193094997531,0.22466602611328723,0.7989441454410553,0,False,,,,
1766477840.5340302,0.8805193094997531,0.22466602611328723,0.7989441454410553,0,False,,,,
1766477840.536563,0.8805193094997531,0.22466602611328723,0.7989441454410553,0,False,,,,
1766477840.5390909,0.8608442667510372,0.08196163590578864,0.8395853042602539,0,False,,,,
1766477840.713058,0.8608442667510372,0.08196163590578864,0.8395853042602539,0,False,,,,
1766477840.7181299,0.861924384772696,0.08456333669546989,0.8350730538368225,0,False,,,,
1766477840.721496,0.8631407223941394,0.08831098598589326,0.8378417193889618,0,False,,,,
1766477840.724767,0.8631407223941394,0.08831098598589326,0.8378417193889618,0,False,,,,
1766477840.7299578,-0.1420472511807657,0.8202775174256841,0.788779162855135,0,False,,,,
1766477840.904778,-0.1420472511807657,0.8202775174256841,0.788779162855135,0,False,,,,
1766477840.910041,-0.1420472511807657,0.8202775174256841,0.788779162855135,0,False,,,,
1766477840.914728,-0.1420472511807657,0.8202775174256841,0.788779162855135,0,False,,,,
1766477840.9173949,-0.14214815729785898,0.8190846309467564,0.7734285230350362,0,False,,,,
1766477840.91986,0.46361981162994537,0.25110567657006877,0.0,0,False,,,,
1766477841.06997,0.46361981162994537,0.25110567657006877,0.0,0,False,,,,
1766477841.07532,0.46361981162994537,0.25110567657006877,0.0,0,False,,,,
1766477841.078211,0.46361981162994537,0.25110567657006877,0.0,0,False,,,,
1766477841.080929,0.46361981162994537,0.25110567657006877,0.0,0,False,,,,
1766477841.083384,0.5464777539816555,0.41394158338166775,0.12921966699781215,0,False,,,,
1766477841.2819688,0.5464777539816555,0.41394158338166775,0.12921966699781215,0,False,,,,
1766477841.288196,0.5464777539816555,0.41394158338166775,0.12921966699781215,0,False,,,,
1766477841.2910762,0.46361981162994537,0.25110567657006877,0.0,0,False,,,,
1766477841.294434,0.46361981162994537,0.25110567657006877,0.0,0,False,,,,
1766477841.299219,0.8024497953663238,0.33336263413184675,0.9431709349155426,0,False,,,,
1766477841.501211,0.8024497953663238,0.33336263413184675,0.9431709349155426,0,False,,,,
1766477841.5073001,0.8024497953663238,0.33336263413184675,0.9431709349155426,0,False,,,,
1766477841.510245,0.8024497953663238,0.33336263413184675,0.9431709349155426,0,False,,,,
1766477841.5128388,0.8024497953663238,0.33336263413184675,0.9431709349155426,0,False,,,,
1766477841.51523,0.01519114253805558,0.6233361139226292,0.9031095504760742,1,False,,,,
1766477841.72819,0.01519114253805558,0.6233361139226292,0.9031095504760742,1,False,,,,
1766477841.73745,0.01519114253805558,0.6233361139226292,0.9031095504760742,1,False,,,,
1766477841.7450209,0.01519114253805558,0.6233361139226292,0.9031095504760742,1,False,,,,
1766477841.747823,0.01519114253805558,0.6233361139226292,0.9031095504760742,1,False,,,,
1766477841.750475,0.0764382013385518,0.4973774148264968,0.9214239120483398,1,False,,,,
1766477841.976681,0.0764382013385518,0.4973774148264968,0.9214239120483398,1,False,,,,
1766477841.981986,0.0764382013385518,0.4973774148264968,0.9214239120483398,1,False,,,,
1766477841.985284,0.0764382013385518,0.4973774148264968,0.9214239120483398,1,False,,,,
1766477841.9880939,0.0764382013385518,0.4973774148264968,0.9214239120483398,1,False,,,,
1766477841.9914691,0.08512904526632763,0.43902941871679957,0.9883595108985901,1,False,,,,
1766477842.261145,0.08531618075849359,0.433138958033887,0.9716879725456238,1,False,,,,
1766477842.268289,0.08489349010417283,0.41632167301226275,0.9483782947063446,1,False,,,,
1766477842.272256,0.08489349010417283,0.41632167301226275,0.9483782947063446,1,False,,,,
1766477842.278482,0.08489349010417283,0.41632167301226275,0.9483782947063446,1,False,,,,
1766477842.281406,0.10271317952365724,0.3896373916712965,0.9379993081092834,1,False,,,,
1766477842.592649,0.10282420346438954,0.3886241474420491,0.9515372812747955,1,False,,,,
1766477842.599465,0.10189878298189373,0.38830737047484576,0.9701380431652069,1,False,,,,
1766477842.603621,0.10189878298189373,0.38830737047484576,0.9701380431652069,1,False,,,,
1766477842.609259,0.10189878298189373,0.38830737047484576,0.9701380431652069,1,False,,,,
1766477842.6120489,0.0827045626807263,0.3750004340132451,1.0,1,False,,,,
1766477842.836194,0.08288800553605302,0.37780580212817483,0.9065385162830353,1,False,,,,
1766477842.843483,0.08288800553605302,0.37780580212817483,0.9065385162830353,1,False,,,,
1766477842.8498821,0.08288800553605302,0.37780580212817483,0.9065385162830353,1,False,,,,
1766477842.852789,0.08288800553605302,0.37780580212817483,0.9065385162830353,1,False,,,,
1766477842.8552692,0.08725265744880692,0.36087595091822067,0.9296527802944183,1,False,,,,
1766477843.179871,0.08725265744880692,0.36087595091822067,0.9296527802944183,1,False,,,,
1766477843.1864169,0.08725265744880692,0.36087595091822067,0.9296527802944183,1,False,,,,
1766477843.189455,0.08725265744880692,0.36087595091822067,0.9296527802944183,1,False,,,,
1766477843.19217,0.08725265744880692,0.36087595091822067,0.9296527802944183,1,False,,,,
1766477843.195277,0.10972285872573409,0.31152613440602606,0.9614878594875336,1,False,,,,
1766477843.491848,0.10972285872573409,0.31152613440602606,0.9614878594875336,1,False,,,,
1766477843.4986722,0.10954057406783013,0.31636786326870325,0.957514762878418,1,False,,,,
1766477843.502624,0.10954057406783013,0.31636786326870325,0.957514762878418,1,False,,,,
1766477843.505707,0.10954057406783013,0.31636786326870325,0.957514762878418,1,False,,,,
1766477843.512704,0.10807221717441137,0.319290915447507,0.930554986000061,1,False,,,,
1766477843.793399,0.10807221717441137,0.319290915447507,0.930554986000061,1,False,,,,
1766477843.799422,0.10807221717441137,0.319290915447507,0.930554986000061,1,False,,,,
1766477843.803294,0.10912357426493635,0.3167445582751933,0.9486365020275116,1,False,,,,
1766477843.806069,0.10914472814224374,0.3169111181562323,0.9581208825111389,1,False,,,,
1766477843.809012,0.527153254644366,0.03632414572407583,0.29064822784028566,1,False,,,,
1766477844.0623949,0.527153254644366,0.03632414572407583,0.29064822784028566,1,False,,,,
1766477844.0691211,0.5166124573126619,0.06641647516859817,0.3711426086822493,1,False,,,,
1766477844.074978,0.46483462327714997,0.24803909076534025,0.0,1,True,0.4694368839263916,0.12413516640663147,0.08547620475292206,0.17030003666877747
1766477844.078261,0.46483462327714997,0.24803909076534025,0.0,1,True,0.4694368839263916,0.12413516640663147,0.08547620475292206,0.17030003666877747
1766477844.084605,0.4648912966098715,0.24785150027155844,0.0,1,False,,,,
1766477844.315468,0.4648912966098715,0.24785150027155844,0.0,1,False,,,,
1766477844.322013,0.4648912966098715,0.24785150027155844,0.0,1,False,,,,
1766477844.325095,0.4648912966098715,0.24785150027155844,0.0,1,False,,,,
1766477844.327862,0.4648912966098715,0.24785150027155844,0.0,1,False,,,,
1766477844.330218,0.5592352721833509,-0.014430540583248774,0.8232963681221008,1,False,,,,
1766477844.971266,0.5592352721833509,-0.014430540583248774,0.8232963681221008,1,False,,,,
1766477844.979979,0.5581199874102034,-0.007600275194749484,0.8004963994026184,1,False,,,,
1766477844.987062,0.5581199874102034,-0.007600275194749484,0.8004963994026184,1,False,,,,
1766477844.9899058,0.5581199874102034,-0.007600275194749484,0.8004963994026184,1,False,,,,
1766477844.99506,0.044327254291668616,0.5012951892684667,0.8813616931438446,1,False,,,,
1766477845.356638,0.044327254291668616,0.5012951892684667,0.8813616931438446,1,False,,,,
1766477845.362897,0.044327254291668616,0.5012951892684667,0.8813616931438446,1,False,,,,
1766477845.365856,0.044327254291668616,0.5012951892684667,0.8813616931438446,1,False,,,,
1766477845.368783,0.044327254291668616,0.5012951892684667,0.8813616931438446,1,False,,,,
1766477845.371255,0.04096890383897245,0.5369089262518804,0.8392055332660675,1,False,,,,
1766477845.722524,0.04096890383897245,0.5369089262518804,0.8392055332660675,1,False,,,,
1766477845.729035,0.04096890383897245,0.5369089262518804,0.8392055332660675,1,False,,,,
1766477845.732076,0.04096890383897245,0.5369089262518804,0.8392055332660675,1,False,,,,
1766477845.734905,0.04096890383897245,0.5369089262518804,0.8392055332660675,1,False,,,,
1766477845.737397,0.047701537176162566,0.47019367710672044,0.9287445247173309,1,False,,,,
1766477846.152908,0.04930361329560693,0.4644844529977651,0.9064778685569763,1,False,,,,
1766477846.159672,0.04930361329560693,0.4644844529977651,0.9064778685569763,1,False,,,,
1766477846.165457,0.04930361329560693,0.4644844529977651,0.9064778685569763,1,False,,,,
1766477846.168989,0.04930361329560693,0.4644844529977651,0.9064778685569763,1,False,,,,
1766477846.17172,0.048810354549966385,0.462325365113588,0.8854712247848511,1,False,,,,
1766477846.4649239,0.048810354549966385,0.462325365113588,0.8854712247848511,1,False,,,,
1766477846.4707992,0.048810354549966385,0.462325365113588,0.8854712247848511,1,False,,,,
1766477846.47397,0.048810354549966385,0.462325365113588,0.8854712247848511,1,False,,,,
1766477846.476727,0.048810354549966385,0.462325365113588,0.8854712247848511,1,False,,,,
1766477846.479419,0.04183903063543237,0.5080430179917576,0.8310143053531647,1,False,,,,
1766477846.781247,0.041691036074412935,0.5097360694451462,0.8214227259159088,1,False,,,,
1766477846.78764,0.03940938834898233,0.5397099619636123,0.8781189620494843,1,False,,,,
1766477846.790736,0.03940938834898233,0.5397099619636123,0.8781189620494843,1,False,,,,
1766477846.79625,0.03940938834898233,0.5397099619636123,0.8781189620494843,1,False,,,,
1766477846.798935,0.032004350151949,0.572584553565807,0.8915856182575226,1,False,,,,
1766477847.071661,0.032004350151949,0.572584553565807,0.8915856182575226,1,False,,,,
1766477847.077754,0.032004350151949,0.572584553565807,0.8915856182575226,1,False,,,,
1766477847.0807521,0.032004350151949,0.572584553565807,0.8915856182575226,1,False,,,,
1766477847.0833962,0.032004350151949,0.572584553565807,0.8915856182575226,1,False,,,,
1766477847.086231,0.014698342145625088,0.5559905319585154,0.8054845929145813,1,False,,,,
1766477847.38028,0.014698342145625088,0.5559905319585154,0.8054845929145813,1,False,,,,
1766477847.3864262,0.033212530813904094,0.540525513099822,0.8258560384445656,1,False,,,,
1766477847.3896399,0.032233902505383404,0.531352080935364,0.8566245095663496,1,False,,,,
1766477847.392632,0.032233902505383404,0.531352080935364,0.8566245095663496,1,False,,,,
1766477847.399841,0.40461267587443944,0.2484559704660405,0.9054179787635803,1,False,,,,
1766477847.617486,0.40461267587443944,0.2484559704660405,0.9054179787635803,1,False,,,,
1766477847.624706,0.4054732912428315,0.24587877027521376,0.7710410952568054,1,False,,,,
1766477847.628394,0.4054732912428315,0.24587877027521376,0.7710410952568054,1,False,,,,
1766477847.635679,0.4054732912428315,0.24587877027521376,0.7710410952568054,1,False,,,,
1766477847.638576,0.41283585083863905,0.22283216895413716,0.898986279964447,1,False,,,,
1766477847.884801,0.41283585083863905,0.22283216895413716,0.898986279964447,1,False,,,,
1766477847.891191,0.41344170908871947,0.2225880304562733,0.7783271074295044,1,False,,,,
1766477847.8947232,0.41344170908871947,0.2225880304562733,0.7783271074295044,1,False,,,,
1766477847.897992,0.41344170908871947,0.2225880304562733,0.7783271074295044,1,False,,,,
1766477847.9040372,0.4157151141105778,0.2632127778326203,0.25160035720705515,0,False,,,,
1766477848.1290329,0.7564721807588282,0.5323800377545304,0.0,0,False,,,,
1766477848.135711,0.7564721807588282,0.5323800377545304,0.0,0,False,,,,
1766477848.140631,0.7564721807588282,0.5323800377545304,0.0,0,False,,,,
1766477848.143266,0.7564721807588282,0.5323800377545304,0.0,0,False,,,,
1766477848.145986,0.4141966780922817,0.2564270468736183,0.23351127098495214,0,False,,,,
1766477848.5037692,0.4141966780922817,0.2564270468736183,0.23351127098495214,0,False,,,,
1766477848.5115252,0.4141966780922817,0.2564270468736183,0.23351127098495214,0,False,,,,
1766477848.514129,0.4141966780922817,0.2564270468736183,0.23351127098495214,0,False,,,,
1766477848.516553,0.4141966780922817,0.2564270468736183,0.23351127098495214,0,False,,,,
1766477848.5188081,0.4150110577075988,0.259845828192099,0.22953293734131042,0,False,,,,
1766477848.682772,0.4150110577075988,0.259845828192099,0.22953293734131042,0,False,,,,
1766477848.688669,0.4150110577075988,0.259845828192099,0.22953293734131042,0,False,,,,
1766477848.6918468,0.4150110577075988,0.259845828192099,0.22953293734131042,0,False,,,,
1766477848.6946182,0.7564721807588282,0.5323800377545304,0.0,0,False,,,,
1766477848.700011,0.7564721807588282,0.5323800377545304,0.0,0,False,,,,
1766477848.9220202,0.7564721807588282,0.5323800377545304,0.0,0,False,,,,
1766477848.927546,0.7564721807588282,0.5323800377545304,0.0,0,False,,,,
1766477848.930547,0.41331102631424255,0.258122864526393,0.21834414555620532,0,False,,,,
1766477848.934316,0.41331102631424255,0.258122864526393,0.21834414555620532,0,False,,,,
1766477848.937975,0.07975578009191082,0.9495931436376771,0.07961552311133545,0,False,,,,
1766477849.099062,0.14223465065913773,0.9017859515527366,0.06556075277379006,0,False,,,,
1766477849.106546,0.14223465065913773,0.9017859515527366,0.06556075277379006,0,False,,,,
1766477849.1119978,0.14223465065913773,0.9017859515527366,0.06556075277379006,0,False,,,,
1766477849.114558,0.14223465065913773,0.9017859515527366,0.06556075277379006,0,False,,,,
1766477849.1168718,0.39329129471767277,0.06725927411613719,0.1907019527702614,0,False,,,,
1766477849.30719,0.39329129471767277,0.06725927411613719,0.1907019527702614,0,False,,,,
1766477849.31234,0.39329129471767277,0.06725927411613719,0.1907019527702614,0,False,,,,
1766477849.314902,0.39329129471767277,0.06725927411613719,0.1907019527702614,0,False,,,,
1766477849.317423,0.39329129471767277,0.06725927411613719,0.1907019527702614,0,False,,,,
1766477849.3196201,0.673726628997136,-0.11054513630070395,0.1016669770033523,0,False,,,,
1766477849.472142,0.673726628997136,-0.11054513630070395,0.1016669770033523,0,False,,,,
1766477849.478675,0.673726628997136,-0.11054513630070395,0.1016669770033523,0,False,,,,
1766477849.484309,0.673726628997136,-0.11054513630070395,0.1016669770033523,0,False,,,,
1766477849.487085,0.673726628997136,-0.11054513630070395,0.1016669770033523,0,False,,,,
1766477849.4895139,0.4136434573403795,0.2577803052411115,0.26493231641193427,0,False,,,,
1766477849.677539,0.4136434573403795,0.2577803052411115,0.26493231641193427,0,False,,,,
1766477849.6832771,0.4136434573403795,0.2577803052411115,0.26493231641193427,0,False,,,,
1766477849.6860511,0.4136434573403795,0.2577803052411115,0.26493231641193427,0,False,,,,
1766477849.690942,0.4136434573403795,0.2577803052411115,0.26493231641193427,0,False,,,,
1766477849.693909,0.4142106178140704,0.25512395589466375,0.22776939965461174,0,False,,,,
1766477849.87681,0.4142106178140704,0.25512395589466375,0.22776939965461174,0,False,,,,
1766477849.8824399,0.4142106178140704,0.25512395589466375,0.22776939965461174,0,False,,,,
1766477849.88527,0.4142106178140704,0.25512395589466375,0.22776939965461174,0,False,,,,
1766477849.887799,0.4142106178140704,0.25512395589466375,0.22776939965461174,0,False,,,,
1766477849.890818,0.412977325324665,0.2579277630799226,0.23660991454334582,0,False,,,,
1766477850.062495,0.412977325324665,0.2579277630799226,0.23660991454334582,0,False,,,,
1766477850.068249,0.7564721807588282,0.5323800377545304,0.0,0,False,,,,
1766477850.07165,0.7564721807588282,0.5323800377545304,0.0,0,False,,,,
1766477850.078348,0.7564721807588282,0.5323800377545304,0.0,0,False,,,,
1766477850.081183,0.405900706464824,0.26175942030497035,0.12104117378280367,0,False,,,,
1766477851.43808,0.405900706464824,0.26175942030497035,0.12104117378280367,0,False,,,,
1766477851.446514,0.5461651129625017,-0.2442460783334066,0.8418470025062561,0,False,,,,
1766477851.449821,0.5461651129625017,-0.2442460783334066,0.8418470025062561,0,False,,,,
1766477851.456938,0.5461651129625017,-0.2442460783334066,0.8418470025062561,0,False,,,,
1766477851.460062,0.5349696338995832,-0.24174907884507602,0.8349123001098633,1,False,,,,
1766477851.774323,0.5349696338995832,-0.24174907884507602,0.8349123001098633,1,False,,,,
1766477851.781135,0.465053532387798,0.24718983939203332,0.0,1,False,,,,
1766477851.784517,0.465053532387798,0.24718983939203332,0.0,1,False,,,,
1766477851.7909079,0.465053532387798,0.24718983939203332,0.0,1,False,,,,
1766477851.79363,0.5209717512537224,-0.2478516262413435,0.8921979069709778,1,False,,,,
1766477852.3371232,0.5209717512537224,-0.2478516262413435,0.8921979069709778,1,False,,,,
1766477852.343756,0.5209717512537224,-0.2478516262413435,0.8921979069709778,1,False,,,,
1766477852.350191,0.465053532387798,0.24718983939203332,0.0,1,False,,,,
1766477852.353282,0.465053532387798,0.24718983939203332,0.0,1,False,,,,
1766477852.359463,0.465053532387798,0.24718983939203332,0.0,0,False,,,,
1766477852.550456,0.465053532387798,0.24718983939203332,0.0,0,False,,,,
1766477852.557601,0.465053532387798,0.24718983939203332,0.0,0,False,,,,
1766477852.563668,0.465053532387798,0.24718983939203332,0.0,0,False,,,,
1766477852.5669062,0.465053532387798,0.24718983939203332,0.0,0,False,,,,
1766477852.56954,0.3934967516816076,0.13132236120248908,0.16781440895129993,0,False,,,,
1766477852.7322261,0.3934967516816076,0.13132236120248908,0.16781440895129993,0,False,,,,
1766477852.739029,0.3934967516816076,0.13132236120248908,0.16781440895129993,0,False,,,,
1766477852.741885,0.3934967516816076,0.13132236120248908,0.16781440895129993,0,False,,,,
1766477852.744322,0.3934967516816076,0.13132236120248908,0.16781440895129993,0,False,,,,
1766477852.750017,0.4705357558040474,0.5016528587192352,0.2809138758371162,0,False,,,,
1766477852.953705,0.4025812416774436,0.21813866626295975,0.882219135761261,0,False,,,,
1766477852.960683,0.4025812416774436,0.21813866626295975,0.882219135761261,0,False,,,,
1766477852.9658802,0.4025812416774436,0.21813866626295975,0.882219135761261,0,False,,,,
1766477852.968815,0.4025812416774436,0.21813866626295975,0.882219135761261,0,False,,,,
1766477852.971141,0.538204108038822,0.42155309241467676,0.706838846206665,0,False,,,,
1766477853.154758,0.28760080523129716,-0.11604472556758161,0.767768383026123,0,False,,,,
1766477853.163352,0.28760080523129716,-0.11604472556758161,0.767768383026123,0,False,,,,
1766477853.1682491,0.28760080523129716,-0.11604472556758161,0.767768383026123,0,False,,,,
1766477853.171222,0.28760080523129716,-0.11604472556758161,0.767768383026123,0,False,,,,
1766477853.1738272,0.4067351854637393,0.5802234341560949,0.8609804511070251,0,False,,,,
1766477853.328277,0.4067351854637393,0.5802234341560949,0.8609804511070251,0,False,,,,
1766477853.332769,0.4067351854637393,0.5802234341560949,0.8609804511070251,0,False,,,,
1766477853.3350341,0.4067351854637393,0.5802234341560949,0.8609804511070251,0,False,,,,
1766477853.337425,0.4067351854637393,0.5802234341560949,0.8609804511070251,0,False,,,,
1766477853.340086,0.3948898378749245,0.585940810708124,0.7052772641181946,0,False,,,,
1766477853.531486,0.3948898378749245,0.585940810708124,0.7052772641181946,0,False,,,,
1766477853.536674,0.3948898378749245,0.585940810708124,0.7052772641181946,0,False,,,,
1766477853.539389,0.3948898378749245,0.585940810708124,0.7052772641181946,0,False,,,,
1766477853.542481,0.3948898378749245,0.585940810708124,0.7052772641181946,0,False,,,,
1766477853.545137,0.4048003110305645,0.5996641710383815,0.7888618111610413,0,False,,,,
1766477853.6999822,0.4048003110305645,0.5996641710383815,0.7888618111610413,0,False,,,,
1766477853.7048829,0.4048003110305645,0.5996641710383815,0.7888618111610413,0,False,,,,
1766477853.7075891,0.4048003110305645,0.5996641710383815,0.7888618111610413,0,False,,,,
1766477853.712095,0.4048003110305645,0.5996641710383815,0.7888618111610413,0,False,,,,
1766477853.714978,0.34887556308505907,0.09844235968213855,0.8409384191036224,0,False,,,,
1766477853.888072,0.34887556308505907,0.09844235968213855,0.8409384191036224,0,False,,,,
1766477853.8937259,0.3037293697928566,0.277761189933445,0.8688802719116211,0,False,,,,
1766477853.897631,0.3037293697928566,0.277761189933445,0.8688802719116211,0,False,,,,
1766477853.903195,0.3037293697928566,0.277761189933445,0.8688802719116211,0,False,,,,
1766477853.905938,0.46914396506572026,0.2879595650281015,0.3468827795484735,0,False,,,,
1766477854.34175,0.46914396506572026,0.2879595650281015,0.3468827795484735,0,False,,,,
1766477854.347181,0.46914396506572026,0.2879595650281015,0.3468827795484735,0,False,,,,
1766477854.350209,0.46914396506572026,0.2879595650281015,0.3468827795484735,0,False,,,,
1766477854.352905,0.46914396506572026,0.2879595650281015,0.3468827795484735,0,False,,,,
1766477854.355847,0.3149390101755206,0.5282810929309989,0.8688773214817047,0,False,,,,
1766477854.537178,0.3149390101755206,0.5282810929309989,0.8688773214817047,0,False,,,,
1766477854.542916,0.3149390101755206,0.5282810929309989,0.8688773214817047,0,False,,,,
1766477854.54564,0.3149390101755206,0.5282810929309989,0.8688773214817047,0,False,,,,
1766477854.548107,0.3149390101755206,0.5282810929309989,0.8688773214817047,0,False,,,,
1766477854.5503922,0.4721466800005598,0.2997049416236861,0.268317850836385,0,False,,,,
1766477854.719245,0.4721466800005598,0.2997049416236861,0.268317850836385,0,False,,,,
1766477854.725502,0.4728094040849082,0.29948036460980565,0.2564752234081405,0,False,,,,
1766477854.729589,0.47250584298237097,0.3004251584121199,0.2178328915600971,0,False,,,,
1766477854.73236,0.47250584298237097,0.3004251584121199,0.2178328915600971,0,False,,,,
1766477854.7386382,0.35538103676142174,0.6707985422403833,0.9403987526893616,0,False,,,,
1766477854.898035,0.34772914505008,0.6763686398755376,0.9151694178581238,0,False,,,,
1766477854.904029,0.34772914505008,0.6763686398755376,0.9151694178581238,0,False,,,,
1766477854.9084978,0.34772914505008,0.6763686398755376,0.9151694178581238,0,False,,,,
1766477854.910811,0.34772914505008,0.6763686398755376,0.9151694178581238,0,False,,,,
1766477854.913257,0.3853559656851657,0.4496964929648787,0.2964584474216685,0,False,,,,
1766477855.111827,0.3853559656851657,0.4496964929648787,0.2964584474216685,0,False,,,,
1766477855.117536,0.3853559656851657,0.4496964929648787,0.2964584474216685,0,False,,,,
1766477855.1201909,0.3853559656851657,0.4496964929648787,0.2964584474216685,0,False,,,,
1766477855.1228118,0.3853559656851657,0.4496964929648787,0.2964584474216685,0,False,,,,
1766477855.1259189,0.2793537255174421,0.2796384762966688,0.1634167488422413,0,False,,,,
1766477855.272918,0.2793537255174421,0.2796384762966688,0.1634167488422413,0,False,,,,
1766477855.279088,0.2793537255174421,0.2796384762966688,0.1634167488422413,0,False,,,,
1766477855.281677,0.2793537255174421,0.2796384762966688,0.1634167488422413,0,False,,,,
1766477855.285038,0.2793537255174421,0.2796384762966688,0.1634167488422413,0,False,,,,
1766477855.289539,0.5532087985848892,-0.12735962283327074,0.924506425857544,0,False,,,,
1766477855.4753358,0.5532087985848892,-0.12735962283327074,0.924506425857544,0,False,,,,
1766477855.481243,0.5532087985848892,-0.12735962283327074,0.924506425857544,0,False,,,,
1766477855.484025,0.5532087985848892,-0.12735962283327074,0.924506425857544,0,False,,,,
1766477855.487165,0.5532087985848892,-0.12735962283327074,0.924506425857544,0,False,,,,
1766477855.489554,0.5419419102184257,0.0281295783657598,0.9685168862342834,1,True,0.4874104857444763,0.020044855773448944,0.08760271221399307,0.16340181231498718
1766477855.83713,0.05119940207977196,0.6309619753692078,0.8503643877198377,1,False,,,,
1766477855.845719,0.05119940207977196,0.6309619753692078,0.8503643877198377,1,False,,,,
1766477855.852391,0.05119940207977196,0.6309619753692078,0.8503643877198377,1,False,,,,
1766477855.8551831,0.05119940207977196,0.6309619753692078,0.8503643877198377,1,False,,,,
1766477855.858272,0.4651265501383679,0.24705139292696743,0.0,1,False,,,,
1766477856.155236,0.4651265501383679,0.24705139292696743,0.0,1,False,,,,
1766477856.161491,0.4651265501383679,0.24705139292696743,0.0,1,False,,,,
1766477856.164271,0.4651265501383679,0.24705139292696743,0.0,1,False,,,,
1766477856.167233,0.4651265501383679,0.24705139292696743,0.0,1,False,,,,
1766477856.1698718,0.4955712248611498,0.042286518368189085,1.0,2,False,,,,
1766477856.4922109,0.4955712248611498,0.042286518368189085,1.0,2,False,,,,
1766477856.498789,0.4955712248611498,0.042286518368189085,1.0,2,False,,,,
1766477856.5025191,0.49449420089939994,0.04419162773710539,1.0,2,False,,,,
1766477856.5060182,0.49449420089939994,0.04419162773710539,1.0,2,False,,,,
1766477856.509374,0.5184234553641989,0.06622930269098481,0.9847976565361023,1,False,,,,
1766477856.798385,0.5184234553641989,0.06622930269098481,0.9847976565361023,1,False,,,,
1766477856.8069189,0.4651265501383679,0.24705139292696743,0.0,1,True,0.47127237915992737,0.19020181894302368,0.08242034912109375,0.16004197299480438
1766477856.810675,0.4651265501383679,0.24705139292696743,0.0,1,True,0.47127237915992737,0.19020181894302368,0.08242034912109375,0.16004197299480438
1766477856.816579,0.4651265501383679,0.24705139292696743,0.0,1,True,0.47127237915992737,0.19020181894302368,0.08242034912109375,0.16004197299480438
1766477856.819415,0.12235263974199925,0.5957006953365155,0.8513834972381389,1,False,,,,
1766477857.1114938,0.4651265501383679,0.24705139292696743,0.0,1,True,0.46858707070350647,0.1942826211452484,0.08250312507152557,0.1611231416463852
1766477857.1196601,0.4651265501383679,0.24705139292696743,0.0,1,True,0.46858707070350647,0.1942826211452484,0.08250312507152557,0.1611231416463852
1766477857.125851,0.4651265501383679,0.24705139292696743,0.0,1,True,0.46858707070350647,0.1942826211452484,0.08250312507152557,0.1611231416463852
1766477857.128901,0.4651265501383679,0.24705139292696743,0.0,1,True,0.46858707070350647,0.1942826211452484,0.08250312507152557,0.1611231416463852
1766477857.131381,0.4651265501383679,0.24705139292696743,0.0,1,True,0.4729277491569519,0.19592896103858948,0.08562536537647247,0.1767171174287796
1766477857.413696,0.4651265501383679,0.24705139292696743,0.0,1,True,0.4729277491569519,0.19592896103858948,0.08562536537647247,0.1767171174287796
1766477857.420653,0.4651265501383679,0.24705139292696743,0.0,1,True,0.4729277491569519,0.19592896103858948,0.08562536537647247,0.1767171174287796
1766477857.423525,0.4651265501383679,0.24705139292696743,0.0,1,True,0.4729277491569519,0.19592896103858948,0.08562536537647247,0.1767171174287796
1766477857.426124,0.4651265501383679,0.24705139292696743,0.0,1,True,0.4729277491569519,0.19592896103858948,0.08562536537647247,0.1767171174287796
1766477857.428758,0.49023795944763765,0.07238648414828097,1.0,1,False,,,,
1766477857.714401,0.4651265501383679,0.24705139292696743,0.0,1,True,0.4726041853427887,0.20604535937309265,0.08553991466760635,0.17471669614315033
1766477857.721178,0.4651265501383679,0.24705139292696743,0.0,1,True,0.4726041853427887,0.20604535937309265,0.08553991466760635,0.17471669614315033
1766477857.727336,0.4651265501383679,0.24705139292696743,0.0,1,True,0.4726041853427887,0.20604535937309265,0.08553991466760635,0.17471669614315033
1766477857.730264,0.4651265501383679,0.24705139292696743,0.0,1,True,0.4726041853427887,0.20604535937309265,0.08553991466760635,0.17471669614315033
1766477857.7327611,0.4651265501383679,0.24705139292696743,0.0,1,True,0.47328391671180725,0.2032119333744049,0.08681049197912216,0.1736913025379181
1766477858.235264,0.4651265501383679,0.24705139292696743,0.0,1,True,0.47328391671180725,0.2032119333744049,0.08681049197912216,0.1736913025379181
1766477858.242338,0.4651265501383679,0.24705139292696743,0.0,1,True,0.47328391671180725,0.2032119333744049,0.08681049197912216,0.1736913025379181
1766477858.2453198,0.4651265501383679,0.24705139292696743,0.0,1,True,0.47328391671180725,0.2032119333744049,0.08681049197912216,0.1736913025379181
1766477858.2481081,0.47996899845495716,0.07980906751211048,1.0,1,False,,,,
1766477858.2512152,0.46327628895333045,0.044768580936421776,1.0,1,False,,,,
1766477858.527275,0.46327628895333045,0.044768580936421776,1.0,1,False,,,,
1766477858.533549,0.46327628895333045,0.044768580936421776,1.0,1,False,,,,
1766477858.538836,0.46327628895333045,0.044768580936421776,1.0,1,False,,,,
1766477858.541781,0.46327628895333045,0.044768580936421776,1.0,1,False,,,,
1766477858.544794,0.46309325764176534,0.042470677284169644,1.0,1,False,,,,
1766477858.766902,0.46309325764176534,0.042470677284169644,1.0,1,False,,,,
1766477858.773089,0.46309325764176534,0.042470677284169644,1.0,1,False,,,,
1766477858.776097,0.46309325764176534,0.042470677284169644,1.0,1,False,,,,
1766477858.779001,0.46309325764176534,0.042470677284169644,1.0,1,False,,,,
1766477858.783051,0.4040119273712347,0.35103219819450193,0.27563952574827427,1,False,,,,
1766477859.360369,0.4040119273712347,0.35103219819450193,0.27563952574827427,1,False,,,,
1766477859.367498,0.4040119273712347,0.35103219819450193,0.27563952574827427,1,False,,,,
1766477859.3704681,0.4040119273712347,0.35103219819450193,0.27563952574827427,1,False,,,,
1766477859.372847,0.4040119273712347,0.35103219819450193,0.27563952574827427,1,False,,,,
1766477859.378193,0.4860439585749858,0.044576971614054495,1.0,1,False,,,,
1766477859.775573,0.4860439585749858,0.044576971614054495,1.0,1,False,,,,
1766477859.782352,0.4860439585749858,0.044576971614054495,1.0,1,False,,,,
1766477859.786753,0.48739177028393527,0.04171910130678169,1.0,1,False,,,,
1766477859.790995,0.48739177028393527,0.04171910130678169,1.0,1,False,,,,
1766477859.794251,0.4864086601978471,0.06055807831565796,1.0,1,False,,,,
1766477860.286171,0.4864086601978471,0.06055807831565796,1.0,1,False,,,,
1766477860.2926211,0.48419612600712564,0.061166338432809386,1.0,1,False,,,,
1766477860.296035,0.48419612600712564,0.061166338432809386,1.0,1,False,,,,
1766477860.303499,0.48419612600712564,0.061166338432809386,1.0,1,False,,,,
1766477860.30638,0.7566624704944722,0.5321035044597697,0.0,1,False,,,,
1766477860.6081998,0.7566624704944722,0.5321035044597697,0.0,1,False,,,,
1766477860.612861,0.7566624704944722,0.5321035044597697,0.0,1,False,,,,
1766477860.6156878,0.7566624704944722,0.5321035044597697,0.0,1,False,,,,
1766477860.618898,0.7566624704944722,0.5321035044597697,0.0,1,False,,,,
1766477860.62138,0.7566624704944722,0.5321035044597697,0.0,0,False,,,,
1766477860.7880168,0.7566624704944722,0.5321035044597697,0.0,0,False,,,,
1766477860.797166,0.44664173087811976,0.24884836010785516,0.3480593675931083,0,False,,,,
1766477860.8035252,0.44664173087811976,0.24884836010785516,0.3480593675931083,0,False,,,,
1766477860.80616,0.44664173087811976,0.24884836010785516,0.3480593675931083,0,False,,,,
1766477860.808325,0.3188384947066235,0.21019320029111188,0.7177438139915466,0,False,,,,
1766477861.004373,0.3188384947066235,0.21019320029111188,0.7177438139915466,0,False,,,,
1766477861.01279,0.3188384947066235,0.21019320029111188,0.7177438139915466,0,False,,,,
1766477861.015334,0.3188384947066235,0.21019320029111188,0.7177438139915466,0,False,,,,
1766477861.020098,0.3188384947066235,0.21019320029111188,0.7177438139915466,0,False,,,,
1766477861.022804,0.46510796795121767,0.24708132696539098,0.0,0,False,,,,
1766477861.515688,0.46510796795121767,0.24708132696539098,0.0,0,False,,,,
1766477861.52253,0.46510796795121767,0.24708132696539098,0.0,0,False,,,,
1766477861.525471,0.46510796795121767,0.24708132696539098,0.0,0,False,,,,
1766477861.529498,0.3527305574701256,0.5741150817609155,0.9113678932189941,0,False,,,,
1766477861.532553,0.32950702882665833,0.2755607065511594,0.9238472282886505,0,False,,,,
1766477861.8441129,0.32950702882665833,0.2755607065511594,0.9238472282886505,0,False,,,,
1766477861.849011,0.32950702882665833,0.2755607065511594,0.9238472282886505,0,False,,,,
1766477861.8515892,0.32950702882665833,0.2755607065511594,0.9238472282886505,0,False,,,,
1766477861.8541372,0.32950702882665833,0.2755607065511594,0.9238472282886505,0,False,,,,
1766477861.8567958,0.4196569995051133,0.27598396416114035,0.1206697277287277,0,False,,,,
1766477862.0742762,0.4179893481242124,0.2768555111778621,0.18118905747646138,0,False,,,,
1766477862.079836,0.4179893481242124,0.2768555111778621,0.18118905747646138,0,False,,,,
1766477862.082968,0.4179893481242124,0.2768555111778621,0.18118905747646138,0,False,,,,
1766477862.085727,0.4179893481242124,0.2768555111778621,0.18118905747646138,0,False,,,,
1766477862.088178,0.34940204605960296,0.6037553771958813,0.9492542147636414,0,False,,,,
1766477862.2473679,0.34940204605960296,0.6037553771958813,0.9492542147636414,0,False,,,,
1766477862.253164,0.34940204605960296,0.6037553771958813,0.9492542147636414,0,False,,,,
1766477862.255938,0.34940204605960296,0.6037553771958813,0.9492542147636414,0,False,,,,
1766477862.25828,0.34940204605960296,0.6037553771958813,0.9492542147636414,0,False,,,,
1766477862.2605171,0.386696305709385,0.16521677265192558,0.9272215366363525,0,False,,,,
1766477862.476114,0.386696305709385,0.16521677265192558,0.9272215366363525,0,False,,,,
1766477862.481397,0.386696305709385,0.16521677265192558,0.9272215366363525,0,False,,,,
1766477862.486232,0.386696305709385,0.16521677265192558,0.9272215366363525,0,False,,,,
1766477862.489025,0.386696305709385,0.16521677265192558,0.9272215366363525,0,False,,,,
1766477862.49178,0.41246017554469727,0.2646776576360206,0.12392945458513473,0,False,,,,
1766477862.645025,0.41246017554469727,0.2646776576360206,0.12392945458513473,0,False,,,,
1766477862.65009,0.41246017554469727,0.2646776576360206,0.12392945458513473,0,False,,,,
1766477862.653028,0.41246017554469727,0.2646776576360206,0.12392945458513473,0,False,,,,
1766477862.655253,0.41246017554469727,0.2646776576360206,0.12392945458513473,0,False,,,,
1766477862.657739,0.4140017094893372,0.2613933048184569,0.10987262802565277,0,False,,,,
1766477862.811203,0.4140017094893372,0.2613933048184569,0.10987262802565277,0,False,,,,
1766477862.81592,0.4140017094893372,0.2613933048184569,0.10987262802565277,0,False,,,,
1766477862.818757,0.4140017094893372,0.2613933048184569,0.10987262802565277,0,False,,,,
1766477862.8211951,0.4140017094893372,0.2613933048184569,0.10987262802565277,0,False,,,,
1766477862.825516,0.3775691581557202,0.07661282818543957,0.8951618883668784,0,False,,,,
1766477863.008659,0.3863670664453542,0.07574272969414197,0.9029255926473677,0,False,,,,
1766477863.014635,0.3863670664453542,0.07574272969414197,0.9029255926473677,0,False,,,,
1766477863.0284119,0.3863670664453542,0.07574272969414197,0.9029255926473677,0,False,,,,
1766477863.031043,0.3863670664453542,0.07574272969414197,0.9029255926473677,0,False,,,,
1766477863.033786,0.3907385659764443,0.1540300924291964,0.8572564721107483,0,False,,,,
1766477863.213078,0.38990997633211116,0.15427685971897842,0.8053267300128937,0,False,,,,
1766477863.219321,0.38990997633211116,0.15427685971897842,0.8053267300128937,0,False,,,,
1766477863.2244558,0.38990997633211116,0.15427685971897842,0.8053267300128937,0,False,,,,
1766477863.2270908,0.38990997633211116,0.15427685971897842,0.8053267300128937,0,False,,,,
1766477863.2293172,0.35981648555541834,0.29198690853889686,0.8037873804569244,0,False,,,,
1766477863.425142,0.35981648555541834,0.29198690853889686,0.8037873804569244,0,False,,,,
1766477863.42975,0.35981648555541834,0.29198690853889686,0.8037873804569244,0,False,,,,
1766477863.432503,0.35981648555541834,0.29198690853889686,0.8037873804569244,0,False,,,,
1766477863.435425,0.35981648555541834,0.29198690853889686,0.8037873804569244,0,False,,,,
1766477863.4388192,0.3898756968001097,0.5706135947712687,0.9309154748916626,0,False,,,,
1766477863.6388302,0.39067263374932615,0.5718108307455635,0.9391955733299255,0,False,,,,
1766477863.644649,0.39067263374932615,0.5718108307455635,0.9391955733299255,0,False,,,,
1766477863.649983,0.39067263374932615,0.5718108307455635,0.9391955733299255,0,False,,,,
1766477863.6527412,0.39067263374932615,0.5718108307455635,0.9391955733299255,0,False,,,,
1766477863.655188,0.34857699590282937,0.2904655253095758,0.822142100667413,0,False,,,,
1766477863.8982232,0.34857699590282937,0.2904655253095758,0.822142100667413,0,False,,,,
1766477863.902972,0.34857699590282937,0.2904655253095758,0.822142100667413,0,False,,,,
1766477863.905626,0.4650664002820468,0.24698404485860448,0.0,0,False,,,,
1766477863.911061,0.4650664002820468,0.24698404485860448,0.0,0,False,,,,
1766477863.9165142,0.46506642582421376,0.24698400850823599,0.0,0,False,,,,
1766477864.089867,0.46506642582421376,0.24698400850823599,0.0,0,False,,,,
1766477864.0946088,0.46506642582421376,0.24698400850823599,0.0,0,False,,,,
1766477864.0977988,0.46506642582421376,0.24698400850823599,0.0,0,False,,,,
1766477864.1006851,0.46506642582421376,0.24698400850823599,0.0,0,False,,,,
1766477864.1035671,0.46506642582421376,0.24698400850823599,0.0,0,False,,,,
1766477864.294431,0.46506642582421376,0.24698400850823599,0.0,0,False,,,,
1766477864.299536,0.46506642582421376,0.24698400850823599,0.0,0,False,,,,
1766477864.3020911,0.46506642582421376,0.24698400850823599,0.0,0,False,,,,
1766477864.304379,0.46506642582421376,0.24698400850823599,0.0,0,False,,,,
1766477864.3065522,0.5579937200388021,-0.04028106785632368,0.37773154603125353,0,False,,,,
1766477864.474768,0.5579937200388021,-0.04028106785632368,0.37773154603125353,0,False,,,,
1766477864.481066,0.46506642582421376,0.24698400850823599,0.0,0,False,,,,
1766477864.4844759,0.46506642582421376,0.24698400850823599,0.0,0,False,,,,
1766477864.4899268,0.46506642582421376,0.24698400850823599,0.0,0,False,,,,
1766477864.492755,0.5730733011171227,0.01416759189363248,0.28511935804719557,0,False,,,,
1766477864.688006,0.5730733011171227,0.01416759189363248,0.28511935804719557,0,False,,,,
1766477864.693797,0.5730733011171227,0.01416759189363248,0.28511935804719557,0,False,,,,
1766477864.69649,0.5730733011171227,0.01416759189363248,0.28511935804719557,0,False,,,,
1766477864.6989682,0.5730733011171227,0.01416759189363248,0.28511935804719557,0,False,,,,
1766477864.7016902,0.5672656959319895,-0.09593687048457111,0.93125319480896,0,False,,,,
1766477864.899039,0.5672656959319895,-0.09593687048457111,0.93125319480896,0,False,,,,
1766477864.9057002,0.5672656959319895,-0.09593687048457111,0.93125319480896,0,False,,,,
1766477864.9104939,0.5672656959319895,-0.09593687048457111,0.93125319480896,0,False,,,,
1766477864.913003,0.5648361542232625,-0.08944150690549302,0.9368571639060974,0,False,,,,
1766477864.916113,0.520813843019073,0.009079009444179387,1.0,1,False,,,,
1766477865.153667,0.520813843019073,0.009079009444179387,1.0,1,False,,,,
1766477865.161559,0.520813843019073,0.009079009444179387,1.0,1,False,,,,
1766477865.164186,0.520813843019073,0.009079009444179387,1.0,1,False,,,,
1766477865.1666272,0.520813843019073,0.009079009444179387,1.0,1,False,,,,
1766477865.169711,0.49090252142432317,0.015142619942284385,1.0,1,False,,,,
1766477865.5049222,0.49090252142432317,0.015142619942284385,1.0,1,False,,,,
1766477865.5122619,0.49090252142432317,0.015142619942284385,1.0,1,False,,,,
1766477865.515954,0.49090252142432317,0.015142619942284385,1.0,1,False,,,,
1766477865.51931,0.4901833251611428,0.014323501034802177,0.9838011264801025,1,False,,,,
1766477865.525342,0.42366031044570623,0.2746961619595437,0.12295450529630092,1,False,,,,
1766477865.7991848,0.42366031044570623,0.2746961619595437,0.12295450529630092,1,False,,,,
1766477865.8056371,0.42366031044570623,0.2746961619595437,0.12295450529630092,1,False,,,,
1766477865.808913,0.42366031044570623,0.2746961619595437,0.12295450529630092,1,False,,,,
1766477865.8117492,0.42366031044570623,0.2746961619595437,0.12295450529630092,1,False,,,,
1766477865.814142,0.41535287604697446,0.2857934283203637,0.18132661864220415,1,False,,,,
1766477866.110872,0.41535287604697446,0.2857934283203637,0.18132661864220415,1,False,,,,
1766477866.117265,0.41027137873432695,0.2795924435553683,0.3005397719766193,1,False,,,,
1766477866.12095,0.42940626160450723,0.28590934839951765,0.2631701196991645,1,False,,,,
1766477866.123805,0.42940626160450723,0.28590934839951765,0.2631701196991645,1,False,,,,
1766477866.1267252,0.48625612849539157,-0.016082092650977042,0.9627918601036072,1,False,,,,
1766477866.434023,0.48625612849539157,-0.016082092650977042,0.9627918601036072,1,False,,,,
1766477866.439587,0.48625612849539157,-0.016082092650977042,0.9627918601036072,1,False,,,,
1766477866.442663,0.48625612849539157,-0.016082092650977042,0.9627918601036072,1,False,,,,
1766477866.445191,0.48625612849539157,-0.016082092650977042,0.9627918601036072,1,False,,,,
1766477866.447781,0.42762629169028077,0.27016124134108677,0.24245127996176327,1,False,,,,
1766477866.695981,0.43020541894370296,0.26892415890561094,0.17349664396949707,1,False,,,,
1766477866.703506,0.43020541894370296,0.26892415890561094,0.17349664396949707,1,False,,,,
1766477866.709669,0.43020541894370296,0.26892415890561094,0.17349664396949707,1,False,,,,
1766477866.712749,0.43020541894370296,0.26892415890561094,0.17349664396949707,1,False,,,,
1766477866.71553,0.49079913570195854,-0.016561185682380186,0.958035945892334,1,False,,,,
1766477866.942056,0.49079913570195854,-0.016561185682380186,0.958035945892334,1,False,,,,
1766477866.948375,0.49079913570195854,-0.016561185682380186,0.958035945892334,1,False,,,,
1766477866.951458,0.49079913570195854,-0.016561185682380186,0.958035945892334,1,False,,,,
1766477866.957362,0.4914094848544299,-0.014733880887668693,0.9646226167678833,1,False,,,,
1766477866.9604428,0.47758790421098196,-0.02021750923388166,1.0,2,False,,,,
1766477867.268127,0.47758790421098196,-0.02021750923388166,1.0,2,False,,,,
1766477867.274702,0.47758790421098196,-0.02021750923388166,1.0,2,False,,,,
1766477867.277806,0.47758790421098196,-0.02021750923388166,1.0,2,False,,,,
1766477867.280599,0.47758790421098196,-0.02021750923388166,1.0,2,False,,,,
1766477867.283118,0.4850253616167838,-0.005180565509558699,1.0,1,False,,,,
1766477867.547225,0.4850253616167838,-0.005180565509558699,1.0,1,False,,,,
1766477867.553409,0.4850253616167838,-0.005180565509558699,1.0,1,False,,,,
1766477867.55651,0.4850253616167838,-0.005180565509558699,1.0,1,False,,,,
1766477867.559222,0.4850253616167838,-0.005180565509558699,1.0,1,False,,,,
1766477867.561994,0.4274802768648412,0.2702892483248598,0.30195197158252235,1,False,,,,
1766477867.818256,0.4274802768648412,0.2702892483248598,0.30195197158252235,1,False,,,,
1766477867.8247838,0.4274802768648412,0.2702892483248598,0.30195197158252235,1,False,,,,
1766477867.8278499,0.4274802768648412,0.2702892483248598,0.30195197158252235,1,False,,,,
1766477867.830553,0.4363631211251418,0.274064501889153,0.22409711860268047,1,False,,,,
1766477867.833625,0.48590821956624153,-0.0077407817516583766,1.0,1,False,,,,
1766477868.135266,0.4858022161449651,-0.007431791600172488,1.0,1,False,,,,
1766477868.1422021,0.4858022161449651,-0.007431791600172488,1.0,1,False,,,,
1766477868.147978,0.4858022161449651,-0.007431791600172488,1.0,1,False,,,,
1766477868.150665,0.4858022161449651,-0.007431791600172488,1.0,1,False,,,,
1766477868.153895,0.45463280660320293,-0.021778064192813806,1.0,1,False,,,,
1766477868.3763,0.45463280660320293,-0.021778064192813806,1.0,1,False,,,,
1766477868.3829172,0.45463280660320293,-0.021778064192813806,1.0,1,False,,,,
1766477868.388433,0.45463280660320293,-0.021778064192813806,1.0,1,False,,,,
1766477868.391157,0.45463280660320293,-0.021778064192813806,1.0,1,False,,,,
1766477868.393735,0.42883608182708965,0.2718720652829987,0.2858209750839636,1,False,,,,
1766477868.676098,0.42883608182708965,0.2718720652829987,0.2858209750839636,1,False,,,,
1766477868.682107,0.42883608182708965,0.2718720652829987,0.2858209750839636,1,False,,,,
1766477868.685052,0.42883608182708965,0.2718720652829987,0.2858209750839636,1,False,,,,
1766477868.6876318,0.42883608182708965,0.2718720652829987,0.2858209750839636,1,False,,,,
1766477868.690562,0.43423426795561815,0.28203022429308156,0.24636766948179864,1,False,,,,
1766477868.925034,0.43423426795561815,0.28203022429308156,0.24636766948179864,1,False,,,,
1766477868.931103,0.43423426795561815,0.28203022429308156,0.24636766948179864,1,False,,,,
1766477868.934797,0.4279656521267913,0.2712021051110589,0.3109583428288816,1,False,,,,
1766477868.937933,0.4279656521267913,0.2712021051110589,0.3109583428288816,1,False,,,,
1766477868.944083,0.5143501033565979,0.02908895432842118,0.9589546918869019,2,False,,,,
1766477869.299705,0.5143501033565979,0.02908895432842118,0.9589546918869019,2,False,,,,
1766477869.307322,0.5142806181387092,0.029927137374653356,0.9448735117912292,2,False,,,,
1766477869.3144362,0.5142806181387092,0.029927137374653356,0.9448735117912292,2,False,,,,
1766477869.3177369,0.5142806181387092,0.029927137374653356,0.9448735117912292,2,False,,,,
1766477869.3202481,0.42602446451394005,0.28220093107578204,0.44833622065744194,1,False,,,,
1766477869.540742,0.43434504368462423,0.2820332178208028,0.3286796795106646,1,False,,,,
1766477869.547012,0.43434504368462423,0.2820332178208028,0.3286796795106646,1,False,,,,
1766477869.553269,0.43434504368462423,0.2820332178208028,0.3286796795106646,1,False,,,,
1766477869.556288,0.43434504368462423,0.2820332178208028,0.3286796795106646,1,False,,,,
1766477869.558995,0.4838028683059223,-0.01421433736665878,0.9599237442016602,1,False,,,,
1766477869.777555,0.43542198862162634,0.2816577740162227,0.30331432578702666,1,False,,,,
1766477869.783168,0.43542198862162634,0.2816577740162227,0.30331432578702666,1,False,,,,
1766477869.789286,0.43542198862162634,0.2816577740162227,0.30331432578702666,1,False,,,,
1766477869.7921999,0.43542198862162634,0.2816577740162227,0.30331432578702666,1,False,,,,
1766477869.7946491,0.4793604217416362,-0.012614902858547383,1.0,1,False,,,,
1766477870.215193,0.4793604217416362,-0.012614902858547383,1.0,1,False,,,,
1766477870.2218702,0.4793604217416362,-0.012614902858547383,1.0,1,False,,,,
1766477870.224857,0.4793604217416362,-0.012614902858547383,1.0,1,False,,,,
1766477870.227404,0.4793604217416362,-0.012614902858547383,1.0,1,False,,,,
1766477870.23055,0.45813138050931207,-0.0314953276427028,0.9792014956474304,1,False,,,,
1766477870.522099,0.45813138050931207,-0.0314953276427028,0.9792014956474304,1,False,,,,
1766477870.5280561,0.45813138050931207,-0.0314953276427028,0.9792014956474304,1,False,,,,
1766477870.53089,0.45813138050931207,-0.0314953276427028,0.9792014956474304,1,False,,,,
1766477870.536125,0.45813138050931207,-0.0314953276427028,0.9792014956474304,1,False,,,,
1766477870.538941,0.4325963454962073,0.2866289151665765,0.21762572295261454,1,False,,,,
1766477870.756385,0.4325963454962073,0.2866289151665765,0.21762572295261454,1,False,,,,
1766477870.762742,0.4325963454962073,0.2866289151665765,0.21762572295261454,1,False,,,,
1766477870.765759,0.4325963454962073,0.2866289151665765,0.21762572295261454,1,False,,,,
1766477870.768367,0.4325963454962073,0.2866289151665765,0.21762572295261454,1,False,,,,
1766477870.770943,0.47869993294162494,-0.08132666649371134,0.9538192749023438,1,False,,,,
1766477871.012463,0.4796664303736661,-0.09279750627667993,0.9394723773002625,1,False,,,,
1766477871.019252,0.4796664303736661,-0.09279750627667993,0.9394723773002625,1,False,,,,
1766477871.025909,0.4796664303736661,-0.09279750627667993,0.9394723773002625,1,False,,,,
1766477871.028678,0.4796664303736661,-0.09279750627667993,0.9394723773002625,1,False,,,,
1766477871.031122,0.6371006401848958,-0.2678390381696394,0.07446575260826742,2,False,,,,
1766477871.4505038,0.6799224657905871,-0.19900170083320567,0.1874833121819508,2,False,,,,
1766477871.458817,0.6799224657905871,-0.19900170083320567,0.1874833121819508,2,False,,,,
1766477871.461517,0.6799224657905871,-0.19900170083320567,0.1874833121819508,2,False,,,,
1766477871.464094,0.6799224657905871,-0.19900170083320567,0.1874833121819508,2,False,,,,
1766477871.466526,0.44709862259437827,0.567038403190691,0.5712135256267526,0,False,,,,
1766477871.6223319,0.44709862259437827,0.567038403190691,0.5712135256267526,0,False,,,,
1766477871.6279209,0.44709862259437827,0.567038403190691,0.5712135256267526,0,False,,,,
1766477871.6307998,0.44709862259437827,0.567038403190691,0.5712135256267526,0,False,,,,
1766477871.633204,0.44709862259437827,0.567038403190691,0.5712135256267526,0,False,,,,
1766477871.6355572,0.4479972695406357,0.27712560847434164,0.2761918586365968,0,False,,,,
1766477871.7865129,0.4396109563725951,0.6042854314592834,0.7693620920181274,0,False,,,,
1766477871.7951381,0.4396109563725951,0.6042854314592834,0.7693620920181274,0,False,,,,
1766477871.7996218,0.4396109563725951,0.6042854314592834,0.7693620920181274,0,False,,,,
1766477871.8021839,0.4396109563725951,0.6042854314592834,0.7693620920181274,0,False,,,,
1766477871.804662,0.452987840209883,0.28720017975698986,0.1808872577015047,0,False,,,,
1766477871.964153,0.452987840209883,0.28720017975698986,0.1808872577015047,0,False,,,,
1766477871.969024,0.452987840209883,0.28720017975698986,0.1808872577015047,0,False,,,,
1766477871.9718232,0.452987840209883,0.28720017975698986,0.1808872577015047,0,False,,,,
1766477871.974659,0.452987840209883,0.28720017975698986,0.1808872577015047,0,False,,,,
1766477871.97698,0.4456432536545535,0.5809168230273446,0.9099407196044922,0,False,,,,
1766477872.127979,0.4456432536545535,0.5809168230273446,0.9099407196044922,0,False,,,,
1766477872.134048,0.4456432536545535,0.5809168230273446,0.9099407196044922,0,False,,,,
1766477872.136954,0.4456432536545535,0.5809168230273446,0.9099407196044922,0,False,,,,
1766477872.139318,0.4456432536545535,0.5809168230273446,0.9099407196044922,0,False,,,,
1766477872.143869,0.44460817809198366,0.294221299821665,0.1884076263989056,0,False,,,,
1766477872.303871,0.44460817809198366,0.294221299821665,0.1884076263989056,0,False,,,,
1766477872.3095129,0.44460817809198366,0.294221299821665,0.1884076263989056,0,False,,,,
1766477872.3121438,0.44460817809198366,0.294221299821665,0.1884076263989056,0,False,,,,
1766477872.3144588,0.44460817809198366,0.294221299821665,0.1884076263989056,0,False,,,,
1766477872.317216,0.45834666318449546,0.28780391001786654,0.27692606557789096,0,False,,,,
1766477872.4803488,0.45834666318449546,0.28780391001786654,0.27692606557789096,0,False,,,,
1766477872.48578,0.4567254874463579,0.28962725636811504,0.3490423911069752,0,False,,,,
1766477872.489246,0.4567254874463579,0.28962725636811504,0.3490423911069752,0,False,,,,
1766477872.492352,0.4567254874463579,0.28962725636811504,0.3490423911069752,0,False,,,,
1766477872.4979799,0.457411945331739,0.28881796142726635,0.4304852646895591,0,False,,,,
1766477872.649914,0.457411945331739,0.28881796142726635,0.4304852646895591,0,False,,,,
1766477872.6546948,0.3789575235611385,0.5892516165009206,0.9814484119415283,0,False,,,,
1766477872.658517,0.3789575235611385,0.5892516165009206,0.9814484119415283,0,False,,,,
1766477872.66198,0.3789575235611385,0.5892516165009206,0.9814484119415283,0,False,,,,
1766477872.6667929,0.4631127830791776,0.28815707270567437,0.4005504535982002,0,False,,,,
1766477872.847064,0.4631127830791776,0.28815707270567437,0.4005504535982002,0,False,,,,
1766477872.8524249,0.38424578222596883,0.5912926652588244,1.0,0,False,,,,
1766477872.8560472,0.46356609476335303,0.2923341242970672,0.5221570969837092,0,False,,,,
1766477872.858488,0.46356609476335303,0.2923341242970672,0.5221570969837092,0,False,,,,
1766477872.86169,0.46440524682847517,0.2929101060488557,0.5527088650333171,0,False,,,,
1766477873.423056,0.46440524682847517,0.2929101060488557,0.5527088650333171,0,False,,,,
1766477873.4291048,0.46536490156009575,0.2939428835555421,0.4856078114373916,0,False,,,,
1766477873.43314,0.46536490156009575,0.2939428835555421,0.4856078114373916,0,False,,,,
1766477873.438881,0.46536490156009575,0.2939428835555421,0.4856078114373916,0,False,,,,
1766477873.441556,0.4672108260219797,0.31585368217788556,0.2073747797680497,0,False,,,,
1766477873.707743,0.4672108260219797,0.31585368217788556,0.2073747797680497,0,False,,,,
1766477873.712548,0.4672108260219797,0.31585368217788556,0.2073747797680497,0,False,,,,
1766477873.715463,0.4672108260219797,0.31585368217788556,0.2073747797680497,0,False,,,,
1766477873.7185102,0.4672108260219797,0.31585368217788556,0.2073747797680497,0,False,,,,
1766477873.7208152,0.4725138719485045,0.3118369516161388,0.2898535715428376,0,False,,,,
1766477873.904522,0.4725138719485045,0.3118369516161388,0.2898535715428376,0,False,,,,
1766477873.909219,0.4725138719485045,0.3118369516161388,0.2898535715428376,0,False,,,,
1766477873.9120588,0.4725138719485045,0.3118369516161388,0.2898535715428376,0,False,,,,
1766477873.914357,0.4725138719485045,0.3118369516161388,0.2898535715428376,0,False,,,,
1766477873.916925,0.35638627186460614,0.19354675244026964,0.8339016437530518,0,False,,,,
1766477874.09498,0.469147264730851,0.31783810292338754,0.37038624717961044,0,False,,,,
1766477874.100501,0.469147264730851,0.31783810292338754,0.37038624717961044,0,False,,,,
1766477874.106102,0.469147264730851,0.31783810292338754,0.37038624717961044,0,False,,,,
1766477874.10901,0.469147264730851,0.31783810292338754,0.37038624717961044,0,False,,,,
1766477874.1113658,0.46906705271402116,0.298311184769085,0.2982584643272398,0,False,,,,
1766477874.278464,0.46906705271402116,0.298311184769085,0.2982584643272398,0,False,,,,
1766477874.2831428,0.46906705271402116,0.298311184769085,0.2982584643272398,0,False,,,,
1766477874.2860339,0.46906705271402116,0.298311184769085,0.2982584643272398,0,False,,,,
1766477874.288651,0.46906705271402116,0.298311184769085,0.2982584643272398,0,False,,,,
1766477874.29148,0.46902155039827553,0.29884976675262465,0.30931288413340285,0,False,,,,
1766477874.459678,0.46902155039827553,0.29884976675262465,0.30931288413340285,0,False,,,,
1766477874.465015,0.47166557860944086,0.3202423258243601,0.33372553382484615,0,False,,,,
1766477874.471298,0.47166557860944086,0.3202423258243601,0.33372553382484615,0,False,,,,
1766477874.4765399,0.47166557860944086,0.3202423258243601,0.33372553382484615,0,False,,,,
1766477874.4791958,0.7568384044231318,0.532447227723557,0.0,0,False,,,,
1766477874.66264,0.7568384044231318,0.532447227723557,0.0,0,False,,,,
1766477874.6685078,0.6916809192279144,0.5545326433668095,0.27609604584635583,0,False,,,,
1766477874.671329,0.6916809192279144,0.5545326433668095,0.27609604584635583,0,False,,,,
1766477874.677151,0.6916809192279144,0.5545326433668095,0.27609604584635583,0,False,,,,
1766477874.679905,0.7568384044231318,0.532447227723557,0.0,0,False,,,,
1766477874.862646,0.7568384044231318,0.532447227723557,0.0,0,False,,,,
1766477874.869122,0.47348904083758825,0.3247324404594807,0.4465389583360473,0,False,,,,
1766477874.8722649,0.47348904083758825,0.3247324404594807,0.4465389583360473,0,False,,,,
1766477874.878783,0.47348904083758825,0.3247324404594807,0.4465389583360473,0,False,,,,
1766477874.883435,0.4740678597515874,0.30605626850644185,0.21752889528689662,0,False,,,,
1766477875.047353,0.4740678597515874,0.30605626850644185,0.21752889528689662,0,False,,,,
1766477875.053154,0.4740678597515874,0.30605626850644185,0.21752889528689662,0,False,,,,
1766477875.0563571,0.4740678597515874,0.30605626850644185,0.21752889528689662,0,False,,,,
1766477875.058948,0.4740678597515874,0.30605626850644185,0.21752889528689662,0,False,,,,
1766477875.061611,0.47695048334683676,0.30640507562912855,0.3157676354425465,1,False,,,,
1766477875.356394,0.47695048334683676,0.30640507562912855,0.3157676354425465,1,False,,,,
1766477875.364428,0.47695048334683676,0.30640507562912855,0.3157676354425465,1,False,,,,
1766477875.36733,0.47695048334683676,0.30640507562912855,0.3157676354425465,1,False,,,,
1766477875.370278,0.5122160671623293,-0.06238241855797977,0.9539872407913208,1,False,,,,
1766477875.373915,0.4772225140264645,0.3033569589465117,0.27591164709777877,1,True,0.46902766823768616,0.11683474481105804,0.09985408931970596,0.18154434859752655
1766477875.6486442,0.4772225140264645,0.3033569589465117,0.27591164709777877,1,True,0.46902766823768616,0.11683474481105804,0.09985408931970596,0.18154434859752655
1766477875.6541061,0.4772225140264645,0.3033569589465117,0.27591164709777877,1,True,0.46902766823768616,0.11683474481105804,0.09985408931970596,0.18154434859752655
1766477875.656855,0.4772225140264645,0.3033569589465117,0.27591164709777877,1,True,0.46902766823768616,0.11683474481105804,0.09985408931970596,0.18154434859752655
1766477875.659564,0.4772225140264645,0.3033569589465117,0.27591164709777877,1,True,0.46902766823768616,0.11683474481105804,0.09985408931970596,0.18154434859752655
1766477875.6620748,0.41643464470369107,0.25009906299912954,0.2987168873372237,1,False,,,,
1766477875.937618,0.41978546555692586,0.2570241315948355,0.24648318626600949,1,False,,,,
1766477875.944726,0.41978546555692586,0.2570241315948355,0.24648318626600949,1,False,,,,
1766477875.951665,0.41978546555692586,0.2570241315948355,0.24648318626600949,1,False,,,,
1766477875.954815,0.41978546555692586,0.2570241315948355,0.24648318626600949,1,False,,,,
1766477875.95757,0.5038676495164969,-0.03406043171102868,0.975239634513855,1,False,,,,
1766477876.1844149,0.5038676495164969,-0.03406043171102868,0.975239634513855,1,False,,,,
1766477876.191346,0.5038676495164969,-0.03406043171102868,0.975239634513855,1,False,,,,
1766477876.194092,0.5038676495164969,-0.03406043171102868,0.975239634513855,1,False,,,,
1766477876.199382,0.5038676495164969,-0.03406043171102868,0.975239634513855,1,False,,,,
1766477876.201926,0.505352423088235,-0.03931394475407468,0.9667391180992126,1,False,,,,
1766477876.516198,0.505352423088235,-0.03931394475407468,0.9667391180992126,1,False,,,,
1766477876.522589,0.505352423088235,-0.03931394475407468,0.9667391180992126,1,False,,,,
1766477876.5255291,0.505352423088235,-0.03931394475407468,0.9667391180992126,1,False,,,,
1766477876.528239,0.505352423088235,-0.03931394475407468,0.9667391180992126,1,False,,,,
1766477876.530626,0.4133333255580525,0.2550605778870395,0.08594372983749245,1,False,,,,
1766477876.827053,0.4133333255580525,0.2550605778870395,0.08594372983749245,1,False,,,,
1766477876.8330398,0.4133333255580525,0.2550605778870395,0.08594372983749245,1,False,,,,
1766477876.835927,0.4133333255580525,0.2550605778870395,0.08594372983749245,1,False,,,,
1766477876.83855,0.4133333255580525,0.2550605778870395,0.08594372983749245,1,False,,,,
1766477876.841378,0.5200418842569356,0.05262958909928073,0.99,1,False,,,,
1766477877.153595,0.4080005254273538,0.25847227146197094,0.3109744767634781,1,False,,,,
1766477877.1600971,0.4080005254273538,0.25847227146197094,0.3109744767634781,1,False,,,,
1766477877.162969,0.4080005254273538,0.25847227146197094,0.3109744767634781,1,False,,,,
1766477877.165468,0.4080005254273538,0.25847227146197094,0.3109744767634781,1,False,,,,
1766477877.168706,0.4174449656445116,0.2585589699584676,0.37077922902017446,1,False,,,,
1766477877.515519,0.4925162087310693,-0.047386839039717854,0.9718149900436401,1,False,,,,
1766477877.5227761,0.4925162087310693,-0.047386839039717854,0.9718149900436401,1,False,,,,
1766477877.528481,0.4925162087310693,-0.047386839039717854,0.9718149900436401,1,False,,,,
1766477877.531293,0.4925162087310693,-0.047386839039717854,0.9718149900436401,1,False,,,,
1766477877.5346801,0.4160321982775913,0.25601227328758114,0.3629162759721623,1,False,,,,
1766477877.7798269,0.4160321982775913,0.25601227328758114,0.3629162759721623,1,False,,,,
1766477877.7876108,0.49339132452876244,-0.04413915951260461,1.0,1,False,,,,
1766477877.793448,0.49339132452876244,-0.04413915951260461,1.0,1,False,,,,
1766477877.7963939,0.49339132452876244,-0.04413915951260461,1.0,1,False,,,,
1766477877.79926,0.07916453356600953,0.3377305600982623,0.8962696564233454,1,False,,,,
1766477878.0612,0.07916453356600953,0.3377305600982623,0.8962696564233454,1,False,,,,
1766477878.06749,0.07916453356600953,0.3377305600982623,0.8962696564233454,1,False,,,,
1766477878.0703082,0.07916453356600953,0.3377305600982623,0.8962696564233454,1,False,,,,
1766477878.072939,0.07916453356600953,0.3377305600982623,0.8962696564233454,1,False,,,,
1766477878.07526,0.48134346622696844,-0.047796571256663256,1.0,1,False,,,,
1766477878.407382,0.48134346622696844,-0.047796571256663256,1.0,1,False,,,,
1766477878.413759,0.48134346622696844,-0.047796571256663256,1.0,1,False,,,,
1766477878.416663,0.4173216691500222,0.25613743415960777,0.4081312664789699,1,False,,,,
1766477878.4197838,0.48190155922655176,-0.04818146478722651,1.0,1,False,,,,
1766477878.4259992,0.4147732467445687,0.2617940345260058,0.3742607111671425,1,False,,,,
1766477878.645632,0.4147732467445687,0.2617940345260058,0.3742607111671425,1,False,,,,
1766477878.6524491,0.41684705977719305,0.2577473003577939,0.3585202656723712,1,False,,,,
1766477878.6555488,0.49885863151402765,-0.02250399850294471,0.99,1,False,,,,
1766477878.6583848,0.49885863151402765,-0.02250399850294471,0.99,1,False,,,,
1766477878.6614861,0.47489352945758867,-0.0335340136498441,1.0,1,False,,,,
1766477878.9254432,0.4729252061062594,-0.04227931683478503,1.0,1,False,,,,
1766477878.932717,0.4729252061062594,-0.04227931683478503,1.0,1,False,,,,
1766477878.939564,0.4729252061062594,-0.04227931683478503,1.0,1,False,,,,
1766477878.942399,0.4729252061062594,-0.04227931683478503,1.0,1,False,,,,
1766477878.944889,0.4785609654806158,-0.017009134370160384,1.0,1,False,,,,
1766477879.194672,0.41484692016097674,0.25545306747596985,0.3073230108867683,1,False,,,,
1766477879.200394,0.41484692016097674,0.25545306747596985,0.3073230108867683,1,False,,,,
1766477879.206816,0.41484692016097674,0.25545306747596985,0.3073230108867683,1,False,,,,
1766477879.209501,0.41484692016097674,0.25545306747596985,0.3073230108867683,1,False,,,,
1766477879.21197,0.4782681216379786,-0.05171351779366784,0.9837448596954346,1,False,,,,
1766477879.481591,0.4782681216379786,-0.05171351779366784,0.9837448596954346,1,False,,,,
1766477879.489402,0.4790229660178964,-0.04889434693256001,0.9872158169746399,1,False,,,,
1766477879.493088,0.49690264264846695,-0.03406482023429369,0.9635330274340492,1,False,,,,
1766477879.4961689,0.49690264264846695,-0.03406482023429369,0.9635330274340492,1,False,,,,
1766477879.503526,0.4994499289033262,-0.038015840299274295,0.9551454186439514,1,False,,,,
1766477879.752117,0.4994499289033262,-0.038015840299274295,0.9551454186439514,1,False,,,,
1766477879.758868,0.49946202696639597,-0.038231631818801404,0.9120267629623413,1,False,,,,
1766477879.762848,0.49946202696639597,-0.038231631818801404,0.9120267629623413,1,False,,,,
1766477879.76842,0.49946202696639597,-0.038231631818801404,0.9120267629623413,1,False,,,,
1766477879.77106,0.4172616052583121,0.2538765151104023,0.552391159312658,1,False,,,,
1766477880.146207,0.4172616052583121,0.2538765151104023,0.552391159312658,1,False,,,,
1766477880.1526568,0.4172616052583121,0.2538765151104023,0.552391159312658,1,False,,,,
1766477880.155689,0.4172616052583121,0.2538765151104023,0.552391159312658,1,False,,,,
1766477880.1585338,0.4172616052583121,0.2538765151104023,0.552391159312658,1,False,,,,
1766477880.161379,0.5060226517435749,-0.15222212387675094,0.8852220773696899,1,False,,,,
1766477880.396424,0.5262905433885433,-0.1274923628423592,0.8234601183955913,1,False,,,,
1766477880.403336,0.5262905433885433,-0.1274923628423592,0.8234601183955913,1,False,,,,
1766477880.409888,0.5262905433885433,-0.1274923628423592,0.8234601183955913,1,False,,,,
1766477880.413053,0.5262905433885433,-0.1274923628423592,0.8234601183955913,1,False,,,,
1766477880.4155772,0.02123032888827083,0.8474772755851168,0.06959897457930796,1,False,,,,
1766477880.64554,0.02123032888827083,0.8474772755851168,0.06959897457930796,1,False,,,,
1766477880.651847,0.02123032888827083,0.8474772755851168,0.06959897457930796,1,False,,,,
1766477880.654643,0.02123032888827083,0.8474772755851168,0.06959897457930796,1,False,,,,
1766477880.657113,0.02123032888827083,0.8474772755851168,0.06959897457930796,1,False,,,,
1766477880.659643,0.023280955535022053,0.949130117673352,0.05938452151454582,0,False,,,,
1766477880.861141,0.023280955535022053,0.949130117673352,0.05938452151454582,0,False,,,,
1766477880.8673081,-0.07068274634977448,1.1230309794266962,0.043364347109672435,0,False,,,,
1766477880.872101,-0.07068274634977448,1.1230309794266962,0.043364347109672435,0,False,,,,
1766477880.8789928,-0.07068274634977448,1.1230309794266962,0.043364347109672435,0,False,,,,
1766477880.881711,0.4173518326933238,0.2539311911806418,0.35617558606069455,0,False,,,,
1766477881.068005,-0.008041279358551812,1.2955661500117384,0.05454141632425419,0,False,,,,
1766477881.074652,-0.008041279358551812,1.2955661500117384,0.05454141632425419,0,False,,,,
1766477881.0797598,-0.008041279358551812,1.2955661500117384,0.05454141632425419,0,False,,,,
1766477881.082282,-0.008041279358551812,1.2955661500117384,0.05454141632425419,0,False,,,,
1766477881.084936,0.7565490062695088,0.5326050741106418,0.0,0,False,,,,
1766477881.252059,0.7565490062695088,0.5326050741106418,0.0,0,False,,,,
1766477881.258332,0.7565490062695088,0.5326050741106418,0.0,0,False,,,,
1766477881.261167,0.7565490062695088,0.5326050741106418,0.0,0,False,,,,
1766477881.263658,0.7565490062695088,0.5326050741106418,0.0,0,False,,,,
1766477881.266686,0.5446511226553147,-0.20027807234605777,0.817319393157959,1,False,,,,
1766477881.555934,0.5446511226553147,-0.20027807234605777,0.817319393157959,1,False,,,,
1766477881.562042,0.5446511226553147,-0.20027807234605777,0.817319393157959,1,False,,,,
1766477881.565383,0.41450189188453346,0.2541968891596337,0.276940274407383,1,False,,,,
1766477881.569178,0.5447674879016604,-0.20474237196819955,0.8028591275215149,1,False,,,,
1766477881.574846,0.4182772286838266,0.25682975329538915,0.2378123067963342,1,False,,,,
1766477881.797394,0.4182772286838266,0.25682975329538915,0.2378123067963342,1,False,,,,
1766477881.80439,0.52488216793196,-0.1796947984652142,0.8875566720962524,1,False,,,,
1766477881.808465,0.52488216793196,-0.1796947984652142,0.8875566720962524,1,False,,,,
1766477881.8147929,0.52488216793196,-0.1796947984652142,0.8875566720962524,1,False,,,,
1766477881.818391,0.38620984764447464,0.008064365655469197,0.10921918683364844,1,False,,,,
1766477882.196416,0.38620984764447464,0.008064365655469197,0.10921918683364844,1,False,,,,
1766477882.203278,0.38620984764447464,0.008064365655469197,0.10921918683364844,1,False,,,,
1766477882.206181,0.41723169668899074,0.2531581020659994,0.39786261326550204,1,False,,,,
1766477882.209173,0.41723169668899074,0.2531581020659994,0.39786261326550204,1,False,,,,
1766477882.2117639,0.4206961512698867,0.25130212488104564,0.2279134429614653,0,False,,,,
1766477882.3641229,0.4206961512698867,0.25130212488104564,0.2279134429614653,0,False,,,,
1766477882.3692749,0.4206961512698867,0.25130212488104564,0.2279134429614653,0,False,,,,
1766477882.371714,0.4206961512698867,0.25130212488104564,0.2279134429614653,0,False,,,,
1766477882.374493,0.4422608591082316,0.23670221274582692,0.7617026526560241,0,False,,,,
1766477882.377182,0.41419549976602277,0.25810706044640375,0.3366079577855728,0,False,,,,
1766477882.560834,0.41419549976602277,0.25810706044640375,0.3366079577855728,0,False,,,,
1766477882.568445,0.41419549976602277,0.25810706044640375,0.3366079577855728,0,False,,,,
1766477882.571148,0.41419549976602277,0.25810706044640375,0.3366079577855728,0,False,,,,
1766477882.573996,0.5699847836966837,0.47944969115217884,0.7186980843544006,0,False,,,,
1766477882.577814,0.402510416159034,0.2565296819309688,0.33219692353411034,0,False,,,,
1766477882.769461,0.402510416159034,0.2565296819309688,0.33219692353411034,0,False,,,,
1766477882.777171,0.40408968067823653,0.2588282878792857,0.3357182384807565,0,False,,,,
1766477882.7803788,0.40408968067823653,0.2588282878792857,0.3357182384807565,0,False,,,,
1766477882.785834,0.40408968067823653,0.2588282878792857,0.3357182384807565,0,False,,,,
1766477882.788142,0.40297124389958616,0.25655394480472626,0.4021156337529346,0,False,,,,
1766477883.0015721,0.40297124389958616,0.25655394480472626,0.4021156337529346,0,False,,,,
1766477883.007722,0.40297124389958616,0.25655394480472626,0.4021156337529346,0,False,,,,
1766477883.011039,0.4244462504488875,0.5397853064219645,0.9236732721328735,0,False,,,,
1766477883.0148559,0.4244462504488875,0.5397853064219645,0.9236732721328735,0,False,,,,
1766477883.0204952,0.4287070596286583,0.035659876188859796,0.8535893261432648,0,False,,,,
1766477883.210956,0.42904278873619567,0.0359156239698355,0.7640110552310944,0,False,,,,
1766477883.217609,0.42904278873619567,0.0359156239698355,0.7640110552310944,0,False,,,,
1766477883.222951,0.42904278873619567,0.0359156239698355,0.7640110552310944,0,False,,,,
1766477883.2257369,0.42904278873619567,0.0359156239698355,0.7640110552310944,0,False,,,,
1766477883.2287092,0.3649812032917555,0.1376090952330018,0.8823003172874451,0,False,,,,
1766477883.465208,0.3649812032917555,0.1376090952330018,0.8823003172874451,0,False,,,,
1766477883.4704251,0.3649812032917555,0.1376090952330018,0.8823003172874451,0,False,,,,
1766477883.473595,0.3649812032917555,0.1376090952330018,0.8823003172874451,0,False,,,,
1766477883.476537,0.3656789963007007,0.1373726943994824,0.8681707978248596,0,False,,,,
1766477883.4793081,0.4205636771294018,0.2513652985812308,0.3425249598525715,0,False,,,,
1766477883.6305668,0.4205636771294018,0.2513652985812308,0.3425249598525715,0,False,,,,
1766477883.63501,0.4205636771294018,0.2513652985812308,0.3425249598525715,0,False,,,,
1766477883.637523,0.4205636771294018,0.2513652985812308,0.3425249598525715,0,False,,,,
1766477883.64065,0.4205636771294018,0.2513652985812308,0.3425249598525715,0,False,,,,
1766477883.643144,0.3128450007017868,0.16121809481134985,0.8206002414226532,0,False,,,,
1766477883.838978,0.3128450007017868,0.16121809481134985,0.8206002414226532,0,False,,,,
1766477883.843683,0.3128450007017868,0.16121809481134985,0.8206002414226532,0,False,,,,
1766477883.8483598,0.3138032360508157,0.1575204077746214,0.8459534049034119,0,False,,,,
1766477883.851846,0.3138032360508157,0.1575204077746214,0.8459534049034119,0,False,,,,
1766477883.857687,0.4279374714408778,0.2553009752016939,0.22392638067336876,0,False,,,,
1766477884.057493,0.4279374714408778,0.2553009752016939,0.22392638067336876,0,False,,,,
1766477884.062784,0.4279374714408778,0.2553009752016939,0.22392638067336876,0,False,,,,
1766477884.0655649,0.4279374714408778,0.2553009752016939,0.22392638067336876,0,False,,,,
1766477884.067899,0.4279374714408778,0.2553009752016939,0.22392638067336876,0,False,,,,
1766477884.070127,0.43286206965572316,0.4984198150083795,0.9168338179588318,0,False,,,,
1766477884.334501,0.43286206965572316,0.4984198150083795,0.9168338179588318,0,False,,,,
1766477884.339463,0.43286206965572316,0.4984198150083795,0.9168338179588318,0,False,,,,
1766477884.342709,0.43286206965572316,0.4984198150083795,0.9168338179588318,0,False,,,,
1766477884.345547,0.43286206965572316,0.4984198150083795,0.9168338179588318,0,False,,,,
1766477884.350382,0.43304848953427433,0.529175441103991,0.8797297477722168,0,False,,,,
1766477884.611786,0.43304848953427433,0.529175441103991,0.8797297477722168,0,False,,,,
1766477884.617329,0.4343372824310897,0.539314763383217,0.8275586366653442,0,False,,,,
1766477884.620287,0.4542027298868493,0.4599161002792743,0.27431244498664686,0,False,,,,
1766477884.623109,0.4542027298868493,0.4599161002792743,0.27431244498664686,0,False,,,,
1766477884.627049,0.6280817188364948,0.31573902337943893,0.16491843948782245,0,False,,,,
1766477884.830652,0.6280817188364948,0.31573902337943893,0.16491843948782245,0,False,,,,
1766477884.836341,0.6280817188364948,0.31573902337943893,0.16491843948782245,0,False,,,,
1766477884.8388731,0.6280817188364948,0.31573902337943893,0.16491843948782245,0,False,,,,
1766477884.8414679,0.6280817188364948,0.31573902337943893,0.16491843948782245,0,False,,,,
1766477884.8439538,0.5650135980311404,-0.15697948454521815,0.8989154696464539,0,False,,,,
1766477884.994515,0.5650135980311404,-0.15697948454521815,0.8989154696464539,0,False,,,,
1766477884.999212,0.5650135980311404,-0.15697948454521815,0.8989154696464539,0,False,,,,
1766477885.0024,0.5650135980311404,-0.15697948454521815,0.8989154696464539,0,False,,,,
1766477885.0049012,0.5650135980311404,-0.15697948454521815,0.8989154696464539,0,False,,,,
1766477885.007242,0.5065047569747991,0.13642029849797455,1.0,0,False,,,,
1766477885.495411,0.10478036962803525,0.3819657509149237,0.8669839528304739,0,False,,,,
1766477885.5046039,0.10478036962803525,0.3819657509149237,0.8669839528304739,0,False,,,,
1766477885.5107882,0.10478036962803525,0.3819657509149237,0.8669839528304739,0,False,,,,
1766477885.513474,0.10478036962803525,0.3819657509149237,0.8669839528304739,0,False,,,,
1766477885.515784,0.4273744982656543,0.27169628764724085,0.30401256511195585,1,False,,,,
1766477885.864067,0.46515261128914426,0.3425262962771809,0.23431355041684265,1,False,,,,
1766477885.8716621,0.46515261128914426,0.3425262962771809,0.23431355041684265,1,False,,,,
1766477885.877589,0.46515261128914426,0.3425262962771809,0.23431355041684265,1,False,,,,
1766477885.883199,0.46515261128914426,0.3425262962771809,0.23431355041684265,1,False,,,,
1766477885.885778,0.4246130990355096,0.264346229540545,0.37420249888948826,1,False,,,,
1766477886.130351,0.4915606591020909,0.2089171302554289,1.0,1,True,0.4621438980102539,0.09328704327344894,0.08595743030309677,0.16090327501296997
1766477886.137729,0.4915606591020909,0.2089171302554289,1.0,1,True,0.4621438980102539,0.09328704327344894,0.08595743030309677,0.16090327501296997
1766477886.143639,0.4915606591020909,0.2089171302554289,1.0,1,True,0.4621438980102539,0.09328704327344894,0.08595743030309677,0.16090327501296997
1766477886.1464021,0.4915606591020909,0.2089171302554289,1.0,1,True,0.4621438980102539,0.09328704327344894,0.08595743030309677,0.16090327501296997
1766477886.148939,0.512809594164267,-0.076054250250293,0.933014988899231,1,False,,,,
1766477886.395635,0.4249662856028286,0.25827506520213894,0.2754855903074415,1,False,,,,
1766477886.402386,0.4249662856028286,0.25827506520213894,0.2754855903074415,1,False,,,,
1766477886.408573,0.4249662856028286,0.25827506520213894,0.2754855903074415,1,False,,,,
1766477886.411367,0.4249662856028286,0.25827506520213894,0.2754855903074415,1,False,,,,
1766477886.413755,0.4975774180417626,-0.06047809691829986,0.9824138879776001,1,False,,,,
1766477886.668836,0.4288155583691641,0.25284527827701897,0.20832160766271038,1,False,,,,
1766477886.675797,0.4288155583691641,0.25284527827701897,0.20832160766271038,1,False,,,,
1766477886.678585,0.4288155583691641,0.25284527827701897,0.20832160766271038,1,False,,,,
1766477886.6811252,0.4288155583691641,0.25284527827701897,0.20832160766271038,1,False,,,,
1766477886.6840792,0.4327927319428255,0.2563993365495286,0.23700244231389744,1,False,,,,
1766477886.952845,0.4327927319428255,0.2563993365495286,0.23700244231389744,1,False,,,,
1766477886.959382,0.4327927319428255,0.2563993365495286,0.23700244231389744,1,False,,,,
1766477886.962922,0.4864514652084675,-0.07232846183619723,0.9796183705329895,1,False,,,,
1766477886.966208,0.4864514652084675,-0.07232846183619723,0.9796183705329895,1,False,,,,
1766477886.9701529,0.43286521521687976,0.2546972107985216,0.19604776574259639,1,False,,,,
1766477887.2058449,0.5066177120071316,-0.052676250704213556,0.9400877356529236,1,False,,,,
1766477887.2122319,0.5066177120071316,-0.052676250704213556,0.9400877356529236,1,False,,,,
1766477887.217613,0.5066177120071316,-0.052676250704213556,0.9400877356529236,1,False,,,,
1766477887.220038,0.5066177120071316,-0.052676250704213556,0.9400877356529236,1,False,,,,
1766477887.222356,0.4319054830638488,0.2553962947174575,0.18354163446418933,1,False,,,,
1766477887.466466,0.49070850307391867,-0.06927476917346964,0.9411289095878601,1,False,,,,
1766477887.474777,0.49070850307391867,-0.06927476917346964,0.9411289095878601,1,False,,,,
1766477887.4808252,0.49070850307391867,-0.06927476917346964,0.9411289095878601,1,False,,,,
1766477887.483718,0.49070850307391867,-0.06927476917346964,0.9411289095878601,1,False,,,,
1766477887.486227,0.4348453694736829,0.2555988707531174,0.17751405660982475,1,False,,,,
1766477887.790633,0.4348453694736829,0.2555988707531174,0.17751405660982475,1,False,,,,
1766477887.796423,0.4348453694736829,0.2555988707531174,0.17751405660982475,1,False,,,,
1766477887.799459,0.4348453694736829,0.2555988707531174,0.17751405660982475,1,False,,,,
1766477887.802263,0.5133632300024491,-0.10587656051340022,0.8610785603523254,1,False,,,,
1766477887.809122,0.5069931242519745,-0.10292749468533913,0.8895386457443237,1,False,,,,
1766477888.1436758,0.5056537762615123,-0.10096693867052275,0.889630138874054,1,False,,,,
1766477888.150176,0.5056537762615123,-0.10096693867052275,0.889630138874054,1,False,,,,
1766477888.153059,0.5056537762615123,-0.10096693867052275,0.889630138874054,1,False,,,,
1766477888.155873,0.5056537762615123,-0.10096693867052275,0.889630138874054,1,False,,,,
1766477888.158753,0.4414896678787247,0.24118876409276746,0.1891397081454946,1,False,,,,
1766477888.401143,0.5287190884232886,-0.08784111352461488,0.9002083539962769,1,False,,,,
1766477888.4089348,0.5298581642717951,-0.08897368327766242,0.8717993497848511,1,False,,,,
1766477888.415387,0.5298581642717951,-0.08897368327766242,0.8717993497848511,1,False,,,,
1766477888.4182458,0.5298581642717951,-0.08897368327766242,0.8717993497848511,1,False,,,,
1766477888.420863,0.43792095635889117,0.2562649293371113,0.21803211581036092,1,False,,,,
1766477888.653056,0.43792095635889117,0.2562649293371113,0.21803211581036092,1,False,,,,
1766477888.6584818,0.43792095635889117,0.2562649293371113,0.21803211581036092,1,False,,,,
1766477888.661037,0.43792095635889117,0.2562649293371113,0.21803211581036092,1,False,,,,
1766477888.663706,0.43792095635889117,0.2562649293371113,0.21803211581036092,1,False,,,,
1766477888.66666,0.5056966203103013,-0.08916098660319838,0.9082909822463989,1,False,,,,
1766477888.972887,0.5077941752033241,-0.09211475698868798,0.8809189796447754,1,False,,,,
1766477888.980116,0.5081365374805143,-0.0946799462285115,0.9325762391090393,1,False,,,,
1766477888.9872398,0.5081365374805143,-0.0946799462285115,0.9325762391090393,1,False,,,,
1766477888.99014,0.5081365374805143,-0.0946799462285115,0.9325762391090393,1,False,,,,
1766477888.992652,0.44925534679385704,0.26407839030586866,0.4027967830156335,1,False,,,,
1766477889.363564,0.44925534679385704,0.26407839030586866,0.4027967830156335,1,False,,,,
1766477889.369835,0.44925534679385704,0.26407839030586866,0.4027967830156335,1,False,,,,
1766477889.373027,0.48832342243924726,0.3302661270862224,1.0,1,True,0.467078298330307,0.16979849338531494,0.10856218636035919,0.19169200956821442
1766477889.379145,0.446805572055015,0.2584643874916388,0.34152462107723763,1,False,,,,
1766477889.3854132,0.4927725323590101,0.22442023078906748,1.0,1,True,0.4658827781677246,0.15895169973373413,0.10858716815710068,0.1898634135723114
1766477889.628354,0.4927725323590101,0.22442023078906748,1.0,1,True,0.4658827781677246,0.15895169973373413,0.10858716815710068,0.1898634135723114
1766477889.634283,0.4927725323590101,0.22442023078906748,1.0,1,True,0.4658827781677246,0.15895169973373413,0.10858716815710068,0.1898634135723114
1766477889.637364,0.4927725323590101,0.22442023078906748,1.0,1,True,0.4658827781677246,0.15895169973373413,0.10858716815710068,0.1898634135723114
1766477889.6400168,0.4500451423426508,0.2579382181319243,0.3232988391719557,1,False,,,,
1766477889.6428852,0.02522409461765083,0.26967119954307217,0.8543935716152191,1,False,,,,
1766477889.980046,0.01243974173928981,0.18470518586432494,0.8673462867736816,1,False,,,,
1766477889.987112,0.01243974173928981,0.18470518586432494,0.8673462867736816,1,False,,,,
1766477889.9930382,0.01243974173928981,0.18470518586432494,0.8673462867736816,1,False,,,,
1766477889.996091,0.01243974173928981,0.18470518586432494,0.8673462867736816,1,False,,,,
1766477889.9987571,0.4319708223743695,0.2525985926238299,0.2837956140929964,1,False,,,,
1766477890.427784,0.4319708223743695,0.2525985926238299,0.2837956140929964,1,False,,,,
1766477890.433674,0.4319708223743695,0.2525985926238299,0.2837956140929964,1,False,,,,
1766477890.436661,0.4319708223743695,0.2525985926238299,0.2837956140929964,1,False,,,,
1766477890.4395971,0.4319708223743695,0.2525985926238299,0.2837956140929964,1,False,,,,
1766477890.442595,0.5016173047875341,-0.10615479940305983,0.9263473153114319,1,False,,,,
1766477890.702315,0.5016173047875341,-0.10615479940305983,0.9263473153114319,1,False,,,,
1766477890.708535,0.5016173047875341,-0.10615479940305983,0.9263473153114319,1,False,,,,
1766477890.711217,0.5016173047875341,-0.10615479940305983,0.9263473153114319,1,False,,,,
1766477890.713831,0.5016173047875341,-0.10615479940305983,0.9263473153114319,1,False,,,,
1766477890.7165,0.5030303219797256,-0.09519803183290265,0.9440092444419861,1,False,,,,
1766477890.950262,0.5031163894327096,-0.0936435015554713,0.9597349166870117,1,False,,,,
1766477890.9578571,0.5031163894327096,-0.0936435015554713,0.9597349166870117,1,False,,,,
1766477890.963073,0.5031163894327096,-0.0936435015554713,0.9597349166870117,1,False,,,,
1766477890.965538,0.5031163894327096,-0.0936435015554713,0.9597349166870117,1,False,,,,
1766477890.968002,0.4358287561309872,0.23909259654734916,0.1577302316357919,1,False,,,,
1766477891.264231,0.4358287561309872,0.23909259654734916,0.1577302316357919,1,False,,,,
1766477891.2709298,0.4358287561309872,0.23909259654734916,0.1577302316357919,1,False,,,,
1766477891.273843,0.4358287561309872,0.23909259654734916,0.1577302316357919,1,False,,,,
1766477891.276496,0.4358287561309872,0.23909259654734916,0.1577302316357919,1,False,,,,
1766477891.278935,0.5214208440843746,-0.056585453448763534,0.8955463767051697,1,False,,,,
1766477891.6159291,0.5214208440843746,-0.056585453448763534,0.8955463767051697,1,False,,,,
1766477891.621997,0.019922971383449985,-0.03337479379995112,0.8526218235492706,1,False,,,,
1766477891.6260118,0.020189730001494776,-0.03359606804570814,0.8491763174533844,1,False,,,,
1766477891.630485,0.020189730001494776,-0.03359606804570814,0.8491763174533844,1,False,,,,
1766477891.636363,0.4366383626881456,0.24210549365446588,0.05692293192690243,1,False,,,,
1766477891.897417,0.4366383626881456,0.24210549365446588,0.05692293192690243,1,False,,,,
1766477891.903832,0.4366383626881456,0.24210549365446588,0.05692293192690243,1,False,,,,
1766477891.906494,0.4366383626881456,0.24210549365446588,0.05692293192690243,1,False,,,,
1766477891.9090161,0.4366383626881456,0.24210549365446588,0.05692293192690243,1,False,,,,
1766477891.911614,0.5208854126112147,-0.06540441352507576,0.9001814126968384,1,False,,,,
1766477892.23297,0.5208854126112147,-0.06540441352507576,0.9001814126968384,1,False,,,,
1766477892.239648,0.5208854126112147,-0.06540441352507576,0.9001814126968384,1,False,,,,
1766477892.2429,0.5208854126112147,-0.06540441352507576,0.9001814126968384,1,False,,,,
1766477892.245503,0.5208854126112147,-0.06540441352507576,0.9001814126968384,1,False,,,,
1766477892.248035,0.5161737629954176,-0.06064092101719876,0.9033678770065308,1,False,,,,
1766477892.496547,0.4647701853068546,0.24672668706947964,0.0,1,True,0.46985578536987305,0.11722418665885925,0.0985659584403038,0.17953000962734222
1766477892.5096052,0.4647701853068546,0.24672668706947964,0.0,1,True,0.46985578536987305,0.11722418665885925,0.0985659584403038,0.17953000962734222
1766477892.5154939,0.4647701853068546,0.24672668706947964,0.0,1,True,0.46985578536987305,0.11722418665885925,0.0985659584403038,0.17953000962734222
1766477892.518261,0.4647701853068546,0.24672668706947964,0.0,1,True,0.46985578536987305,0.11722418665885925,0.0985659584403038,0.17953000962734222
1766477892.520854,0.4647701853068546,0.24672668706947964,0.0,1,True,0.46855467557907104,0.12057439982891083,0.0983966812491417,0.17954745888710022
1766477892.835976,0.4647701853068546,0.24672668706947964,0.0,1,True,0.46855467557907104,0.12057439982891083,0.0983966812491417,0.17954745888710022
1766477892.842592,0.4647701853068546,0.24672668706947964,0.0,1,True,0.46855467557907104,0.12057439982891083,0.0983966812491417,0.17954745888710022
1766477892.8453372,0.4647701853068546,0.24672668706947964,0.0,1,True,0.46855467557907104,0.12057439982891083,0.0983966812491417,0.17954745888710022
1766477892.847784,0.4647701853068546,0.24672668706947964,0.0,1,True,0.46855467557907104,0.12057439982891083,0.0983966812491417,0.17954745888710022
1766477892.850399,0.4647701853068546,0.24672668706947964,0.0,1,True,0.45636025071144104,0.10038299858570099,0.09505052864551544,0.1776796132326126
1766477893.2641768,0.4647701853068546,0.24672668706947964,0.0,1,True,0.45636025071144104,0.10038299858570099,0.09505052864551544,0.1776796132326126
1766477893.271727,0.4647701853068546,0.24672668706947964,0.0,1,True,0.45636025071144104,0.10038299858570099,0.09505052864551544,0.1776796132326126
1766477893.2775328,0.4647701853068546,0.24672668706947964,0.0,1,True,0.45636025071144104,0.10038299858570099,0.09505052864551544,0.1776796132326126
1766477893.28282,0.4647701853068546,0.24672668706947964,0.0,1,True,0.45636025071144104,0.10038299858570099,0.09505052864551544,0.1776796132326126
1766477893.285455,0.4647701853068546,0.24672668706947964,0.0,1,True,0.44154006242752075,0.09871546179056168,0.08917751163244247,0.1671029031276703
1766477893.5939982,0.4647701853068546,0.24672668706947964,0.0,1,True,0.44154006242752075,0.09871546179056168,0.08917751163244247,0.1671029031276703
1766477893.6017761,0.4903509600270445,-0.08352293106885944,0.9399032592773438,1,False,,,,
1766477893.605571,0.4903509600270445,-0.08352293106885944,0.9399032592773438,1,False,,,,
1766477893.6122482,0.4903509600270445,-0.08352293106885944,0.9399032592773438,1,False,,,,
1766477893.6154282,0.4991455625358829,-0.009258506913369269,0.978717565536499,1,False,,,,
1766477893.909497,0.4991455625358829,-0.009258506913369269,0.978717565536499,1,False,,,,
1766477893.915478,0.4991455625358829,-0.009258506913369269,0.978717565536499,1,False,,,,
1766477893.918289,0.4991455625358829,-0.009258506913369269,0.978717565536499,1,False,,,,
1766477893.920865,0.4991455625358829,-0.009258506913369269,0.978717565536499,1,False,,,,
1766477893.923615,0.5010666883631738,-0.004583521881818431,0.9656991362571716,1,False,,,,
1766477894.1707048,0.06032131148022728,0.16659249923924446,0.8411172330379486,1,False,,,,
1766477894.177943,0.06032131148022728,0.16659249923924446,0.8411172330379486,1,False,,,,
1766477894.1808221,0.06032131148022728,0.16659249923924446,0.8411172330379486,1,False,,,,
1766477894.183539,0.06032131148022728,0.16659249923924446,0.8411172330379486,1,False,,,,
1766477894.1860569,0.09312811876227967,0.5958725835348126,0.8488117754459381,1,False,,,,
1766477894.584327,0.09312811876227967,0.5958725835348126,0.8488117754459381,1,False,,,,
1766477894.590606,0.09312811876227967,0.5958725835348126,0.8488117754459381,1,False,,,,
1766477894.593494,0.09312811876227967,0.5958725835348126,0.8488117754459381,1,False,,,,
1766477894.596166,0.09312811876227967,0.5958725835348126,0.8488117754459381,1,False,,,,
1766477894.598848,0.46468621633707824,0.24672944846861689,0.0,1,True,0.4602663516998291,0.13040998578071594,0.08549375832080841,0.16026300191879272
1766477894.8230348,0.46468621633707824,0.24672944846861689,0.0,1,True,0.4602663516998291,0.13040998578071594,0.08549375832080841,0.16026300191879272
1766477894.829484,0.46468621633707824,0.24672944846861689,0.0,1,True,0.4602663516998291,0.13040998578071594,0.08549375832080841,0.16026300191879272
1766477894.834729,0.46468621633707824,0.24672944846861689,0.0,1,True,0.4602663516998291,0.13040998578071594,0.08549375832080841,0.16026300191879272
1766477894.8375921,0.48534900355555255,0.011983555021610859,1.0,1,False,,,,
1766477894.841238,0.07754304248104846,0.5191461577775629,0.876630038022995,1,False,,,,
1766477895.071085,0.07754304248104846,0.5191461577775629,0.876630038022995,1,False,,,,
1766477895.078413,0.5119823088329978,0.022755056319985978,0.949637770652771,1,False,,,,
1766477895.081555,0.5119823088329978,0.022755056319985978,0.949637770652771,1,False,,,,
1766477895.0886981,0.5119823088329978,0.022755056319985978,0.949637770652771,1,False,,,,
1766477895.09182,0.08795730370376535,0.45989423860111045,0.8701154291629791,1,False,,,,
1766477895.574621,0.08186262410460365,0.45631214043268176,0.8709644675254822,1,False,,,,
1766477895.582109,0.08186262410460365,0.45631214043268176,0.8709644675254822,1,False,,,,
1766477895.5900319,0.08186262410460365,0.45631214043268176,0.8709644675254822,1,False,,,,
1766477895.593051,0.08186262410460365,0.45631214043268176,0.8709644675254822,1,False,,,,
1766477895.598662,0.06663427120603123,0.445435092462771,0.9364510178565979,1,False,,,,
1766477895.84244,0.06602488397544973,0.4388949706635985,0.9172627329826355,1,False,,,,
1766477895.849605,0.06602488397544973,0.4388949706635985,0.9172627329826355,1,False,,,,
1766477895.857177,0.06602488397544973,0.4388949706635985,0.9172627329826355,1,False,,,,
1766477895.859885,0.06602488397544973,0.4388949706635985,0.9172627329826355,1,False,,,,
1766477895.8624902,0.01491666902594826,0.36383679966368754,0.8226563632488251,1,False,,,,
1766477896.120949,0.01491666902594826,0.36383679966368754,0.8226563632488251,1,False,,,,
1766477896.1272829,0.01491666902594826,0.36383679966368754,0.8226563632488251,1,False,,,,
1766477896.1301749,0.01491666902594826,0.36383679966368754,0.8226563632488251,1,False,,,,
1766477896.1325881,0.01491666902594826,0.36383679966368754,0.8226563632488251,1,False,,,,
1766477896.1350882,0.46468621633707824,0.24672944846861689,0.0,1,False,,,,
1766477896.5302029,0.46468621633707824,0.24672944846861689,0.0,1,False,,,,
1766477896.535243,0.46468621633707824,0.24672944846861689,0.0,1,False,,,,
1766477896.53768,0.46468621633707824,0.24672944846861689,0.0,1,False,,,,
1766477896.540085,0.46468621633707824,0.24672944846861689,0.0,1,False,,,,
1766477896.542675,0.5210548106303967,-0.21856698494474291,0.8744504099347805,1,False,,,,
1766477896.7687948,0.5210548106303967,-0.21856698494474291,0.8744504099347805,1,False,,,,
1766477896.775337,0.5210548106303967,-0.21856698494474291,0.8744504099347805,1,False,,,,
1766477896.778144,0.5210548106303967,-0.21856698494474291,0.8744504099347805,1,False,,,,
1766477896.780998,0.5226035448196434,-0.21373993596148777,0.8876060247421265,1,False,,,,
1766477896.7851672,0.46468621633707824,0.24672944846861689,0.0,1,False,,,,
1766477897.008082,0.46468621633707824,0.24672944846861689,0.0,1,False,,,,
1766477897.0140858,0.46468621633707824,0.24672944846861689,0.0,1,False,,,,
1766477897.017196,0.46468621633707824,0.24672944846861689,0.0,1,False,,,,
1766477897.024126,0.5081717080234985,-0.2281961797950014,0.8949719667434692,1,False,,,,
1766477897.0309079,0.46468621633707824,0.24672944846861689,0.0,0,False,,,,
1766477897.213212,0.46468621633707824,0.24672944846861689,0.0,0,False,,,,
1766477897.2205162,0.46468621633707824,0.24672944846861689,0.0,0,False,,,,
1766477897.2236319,0.46468621633707824,0.24672944846861689,0.0,0,False,,,,
1766477897.230664,0.46468621633707824,0.24672944846861689,0.0,0,False,,,,
1766477897.2335649,0.46468621633707824,0.24672944846861689,0.0,1,False,,,,
1766477897.6606011,0.48916056918640327,-0.25074373424855323,0.9363367557525635,1,False,,,,
1766477897.667391,0.48916056918640327,-0.25074373424855323,0.9363367557525635,1,False,,,,
1766477897.6730392,0.48916056918640327,-0.25074373424855323,0.9363367557525635,1,False,,,,
1766477897.6758559,0.48916056918640327,-0.25074373424855323,0.9363367557525635,1,False,,,,
1766477897.678421,0.439564817232809,-0.07037423232188877,0.04819109307165323,0,False,,,,
1766477897.8319502,0.439564817232809,-0.07037423232188877,0.04819109307165323,0,False,,,,
1766477897.838155,0.439564817232809,-0.07037423232188877,0.04819109307165323,0,False,,,,
1766477897.840853,0.439564817232809,-0.07037423232188877,0.04819109307165323,0,False,,,,
1766477897.8433988,0.439564817232809,-0.07037423232188877,0.04819109307165323,0,False,,,,
1766477897.846167,0.44128283561855747,0.25929714258954806,0.5251792178960683,0,False,,,,
1766477898.053455,0.44156512727041897,0.25835566552343625,0.5035418952278191,0,False,,,,
1766477898.0606358,0.44156512727041897,0.25835566552343625,0.5035418952278191,0,False,,,,
1766477898.067127,0.44156512727041897,0.25835566552343625,0.5035418952278191,0,False,,,,
1766477898.069924,0.44156512727041897,0.25835566552343625,0.5035418952278191,0,False,,,,
1766477898.072642,0.45610789831793186,0.045126245000946086,0.8047683067983007,0,False,,,,
1766477898.244543,0.45610789831793186,0.045126245000946086,0.8047683067983007,0,False,,,,
1766477898.252565,0.45551759240235745,0.04141283686771924,0.7348177560036993,0,False,,,,
1766477898.257896,0.43134253670357997,0.5314656725805459,0.764267086982727,0,False,,,,
1766477898.260778,0.43134253670357997,0.5314656725805459,0.764267086982727,0,False,,,,
1766477898.2664928,0.4454239525948749,0.13120436732211938,0.8653246760368347,0,False,,,,
1766477898.556194,0.4416179686920807,0.1223244712393311,0.8579837679862976,0,False,,,,
1766477898.5616682,0.4404989371000602,0.11675946131799664,0.8415297269821167,0,False,,,,
1766477898.565111,0.4404989371000602,0.11675946131799664,0.8415297269821167,0,False,,,,
1766477898.5714948,0.4404989371000602,0.11675946131799664,0.8415297269821167,0,False,,,,
1766477898.574385,0.44012314937927577,0.11778170333099525,0.8321125507354736,0,False,,,,
1766477898.780709,0.44012314937927577,0.11778170333099525,0.8321125507354736,0,False,,,,
1766477898.785397,0.44012314937927577,0.11778170333099525,0.8321125507354736,0,False,,,,
1766477898.788197,0.44012314937927577,0.11778170333099525,0.8321125507354736,0,False,,,,
1766477898.790747,0.44012314937927577,0.11778170333099525,0.8321125507354736,0,False,,,,
1766477898.7969291,0.42646690448894076,0.11576897855233836,0.8840908408164978,0,False,,,,
1766477898.966712,0.42646690448894076,0.11576897855233836,0.8840908408164978,0,False,,,,
1766477898.972369,0.42646690448894076,0.11576897855233836,0.8840908408164978,0,False,,,,
1766477898.9752378,0.42646690448894076,0.11576897855233836,0.8840908408164978,0,False,,,,
1766477898.977671,0.42646690448894076,0.11576897855233836,0.8840908408164978,0,False,,,,
1766477898.980074,0.3998347411364226,0.19456886777614313,0.8637416958808899,0,False,,,,
1766477899.295438,0.4042704776302948,0.20663556497865843,0.8652494251728058,0,False,,,,
1766477899.300981,0.4042704776302948,0.20663556497865843,0.8652494251728058,0,False,,,,
1766477899.3067641,0.4042704776302948,0.20663556497865843,0.8652494251728058,0,False,,,,
1766477899.309512,0.4042704776302948,0.20663556497865843,0.8652494251728058,0,False,,,,
1766477899.312024,0.41269535129886226,0.25044666800107496,0.8616425693035126,0,False,,,,
1766477899.471147,0.41269535129886226,0.25044666800107496,0.8616425693035126,0,False,,,,
1766477899.475657,0.41269535129886226,0.25044666800107496,0.8616425693035126,0,False,,,,
1766477899.477977,0.41269535129886226,0.25044666800107496,0.8616425693035126,0,False,,,,
1766477899.4802182,0.41269535129886226,0.25044666800107496,0.8616425693035126,0,False,,,,
1766477899.482324,0.4147269274661457,0.23519598704282396,0.8650904297828674,0,False,,,,
1766477899.6851861,0.4147269274661457,0.23519598704282396,0.8650904297828674,0,False,,,,
1766477899.690502,0.4147269274661457,0.23519598704282396,0.8650904297828674,0,False,,,,
1766477899.6930912,0.4147269274661457,0.23519598704282396,0.8650904297828674,0,False,,,,
1766477899.695657,0.4147269274661457,0.23519598704282396,0.8650904297828674,0,False,,,,
1766477899.698407,0.4108982563269728,0.226377042795866,0.8820834755897522,0,False,,,,
1766477899.8829582,0.4108982563269728,0.226377042795866,0.8820834755897522,0,False,,,,
1766477899.888386,0.4108982563269728,0.226377042795866,0.8820834755897522,0,False,,,,
1766477899.891094,0.4108982563269728,0.226377042795866,0.8820834755897522,0,False,,,,
1766477899.895735,0.41196927395052996,0.22572046362002962,0.8721323013305664,0,False,,,,
1766477899.898693,0.41555352443931265,0.2079689427661704,0.8752199411392212,0,False,,,,
1766477900.0951529,0.41555352443931265,0.2079689427661704,0.8752199411392212,0,False,,,,
1766477900.100978,0.38897066537096514,0.18978784331280418,0.809643841229116,0,False,,,,
1766477900.104177,0.38897066537096514,0.18978784331280418,0.809643841229116,0,False,,,,
1766477900.108462,0.38897066537096514,0.18978784331280418,0.809643841229116,0,False,,,,
1766477900.113224,0.3995982788870883,0.22636027186899932,0.8670074641704559,0,False,,,,
1766477900.623709,0.3995982788870883,0.22636027186899932,0.8670074641704559,0,False,,,,
1766477900.6286259,0.3995982788870883,0.22636027186899932,0.8670074641704559,0,False,,,,
1766477900.631331,0.3995982788870883,0.22636027186899932,0.8670074641704559,0,False,,,,
1766477900.6357388,0.4271643222669922,0.29413962223427925,0.28049504350064125,0,False,,,,
1766477900.6380959,0.37875027013131934,0.6037351599391937,0.9221667647361755,0,False,,,,
1766477900.844316,0.4224366665322181,0.30642086781978317,0.37810444045545993,0,False,,,,
1766477900.850274,0.4224366665322181,0.30642086781978317,0.37810444045545993,0,False,,,,
1766477900.853274,0.4224366665322181,0.30642086781978317,0.37810444045545993,0,False,,,,
1766477900.855874,0.4224366665322181,0.30642086781978317,0.37810444045545993,0,False,,,,
1766477900.858227,0.39725419133400147,0.22261927615438648,0.8363045752048492,0,False,,,,
1766477901.0172448,0.39725419133400147,0.22261927615438648,0.8363045752048492,0,False,,,,
1766477901.021916,0.39725419133400147,0.22261927615438648,0.8363045752048492,0,False,,,,
1766477901.024825,0.39725419133400147,0.22261927615438648,0.8363045752048492,0,False,,,,
1766477901.027387,0.39725419133400147,0.22261927615438648,0.8363045752048492,0,False,,,,
1766477901.0298162,0.7568583807350868,0.5329377653052363,0.0,0,False,,,,
1766477902.572892,0.7568583807350868,0.5329377653052363,0.0,0,False,,,,
1766477902.578911,0.413266969762739,0.25452724907786295,0.8183560371398926,0,False,,,,
1766477902.583633,0.413266969762739,0.25452724907786295,0.8183560371398926,0,False,,,,
1766477902.589173,0.413266969762739,0.25452724907786295,0.8183560371398926,0,False,,,,
1766477902.591962,0.4111733509751133,0.03560393087930913,0.8504614233970642,0,False,,,,
1766477902.7887628,0.4111733509751133,0.03560393087930913,0.8504614233970642,0,False,,,,
1766477902.793945,0.4111733509751133,0.03560393087930913,0.8504614233970642,0,False,,,,
1766477902.796971,0.4111733509751133,0.03560393087930913,0.8504614233970642,0,False,,,,
1766477902.799283,0.4111733509751133,0.03560393087930913,0.8504614233970642,0,False,,,,
1766477902.801696,0.40235431787604076,0.05087491816339329,0.78882697224617,0,False,,,,
1766477902.9765189,0.40235431787604076,0.05087491816339329,0.78882697224617,0,False,,,,
1766477902.9821792,0.40395071315665243,0.05092950270373531,0.7862169742584229,0,False,,,,
1766477902.986112,0.40583433442272954,0.0662617455338389,0.7987933456897736,0,False,,,,
1766477902.989158,0.40583433442272954,0.0662617455338389,0.7987933456897736,0,False,,,,
1766477902.9945111,0.756857626557661,0.532937223141874,0.0,0,False,,,,
1766477903.197741,0.756857626557661,0.532937223141874,0.0,0,False,,,,
1766477903.20309,0.756857626557661,0.532937223141874,0.0,0,False,,,,
1766477903.2059321,0.756857626557661,0.532937223141874,0.0,0,False,,,,
1766477903.208503,0.756857626557661,0.532937223141874,0.0,0,False,,,,
1766477903.210739,0.3936832181534511,0.36171033373083283,0.049716853721360546,0,False,,,,
1766477903.5718951,0.3936832181534511,0.36171033373083283,0.049716853721360546,0,False,,,,
1766477903.578434,0.3936832181534511,0.36171033373083283,0.049716853721360546,0,False,,,,
1766477903.5811079,0.3936832181534511,0.36171033373083283,0.049716853721360546,0,False,,,,
1766477903.584379,0.5457564715876537,-0.16782046112790505,0.9296427369117737,0,False,,,,
1766477903.587255,0.46469107600064075,0.2467646854677572,0.0,1,False,,,,
1766477903.895067,0.46469107600064075,0.2467646854677572,0.0,1,False,,,,
1766477903.9002528,0.46469107600064075,0.2467646854677572,0.0,1,False,,,,
1766477903.902893,0.46469107600064075,0.2467646854677572,0.0,1,False,,,,
1766477903.905359,0.46469107600064075,0.2467646854677572,0.0,1,False,,,,
1766477903.907883,0.5076760800408572,0.1598335980979836,1.0,1,True,0.4732779562473297,0.030756674706935883,0.08496789634227753,0.1613636463880539
1766477904.256062,0.5089171211813281,0.16794133641973996,1.0,1,True,0.4732779562473297,0.030756674706935883,0.08496789634227753,0.1613636463880539
1766477904.262954,0.5089171211813281,0.16794133641973996,1.0,1,True,0.4732779562473297,0.030756674706935883,0.08496789634227753,0.1613636463880539
1766477904.269118,0.5089171211813281,0.16794133641973996,1.0,1,True,0.4732779562473297,0.030756674706935883,0.08496789634227753,0.1613636463880539
1766477904.27223,0.5089171211813281,0.16794133641973996,1.0,1,True,0.4732779562473297,0.030756674706935883,0.08496789634227753,0.1613636463880539
1766477904.274563,0.5186877505904921,0.1471258213931128,1.0,1,True,0.47172823548316956,0.05329045280814171,0.08250617980957031,0.15644524991512299
1766477904.5734131,0.5186877505904921,0.1471258213931128,1.0,1,True,0.47172823548316956,0.05329045280814171,0.08250617980957031,0.15644524991512299
1766477904.579644,0.5186877505904921,0.1471258213931128,1.0,1,True,0.47172823548316956,0.05329045280814171,0.08250617980957031,0.15644524991512299
1766477904.582575,0.5186877505904921,0.1471258213931128,1.0,1,True,0.47172823548316956,0.05329045280814171,0.08250617980957031,0.15644524991512299
1766477904.587778,0.5176897980491673,0.14649489547180905,1.0,1,True,0.47172823548316956,0.05329045280814171,0.08250617980957031,0.15644524991512299
1766477904.591174,0.5002100822784624,0.1448406093501725,1.0,1,True,0.46514052152633667,0.05976356938481331,0.08325433731079102,0.15993022918701172
1766477905.0236108,0.4646155283989062,0.24682331497675813,0.0,1,False,,,,
1766477905.0309,0.4646155283989062,0.24682331497675813,0.0,1,False,,,,
1766477905.037278,0.4646155283989062,0.24682331497675813,0.0,1,False,,,,
1766477905.0404742,0.4646155283989062,0.24682331497675813,0.0,1,False,,,,
1766477905.043085,0.4646155283989062,0.24682331497675813,0.0,1,False,,,,
1766477905.354752,0.4646155283989062,0.24682331497675813,0.0,1,False,,,,
1766477905.361269,0.49524405020432277,0.20488185399365566,1.0,1,True,0.44765931367874146,0.06647932529449463,0.08636655658483505,0.16344214975833893
1766477905.3650072,0.4953472401210345,0.20467867813114804,1.0,1,True,0.44765931367874146,0.06647932529449463,0.08636655658483505,0.16344214975833893
1766477905.368723,0.4953472401210345,0.20467867813114804,1.0,1,True,0.44765931367874146,0.06647932529449463,0.08636655658483505,0.16344214975833893
1766477905.375745,0.5034320216574655,0.1933407665053556,1.0,1,True,0.45588499307632446,0.07081027328968048,0.08457708358764648,0.16288460791110992
1766477905.6763039,0.5034320216574655,0.1933407665053556,1.0,1,True,0.45588499307632446,0.07081027328968048,0.08457708358764648,0.16288460791110992
1766477905.6824992,0.5034320216574655,0.1933407665053556,1.0,1,True,0.45588499307632446,0.07081027328968048,0.08457708358764648,0.16288460791110992
1766477905.6856902,0.5034320216574655,0.1933407665053556,1.0,1,True,0.45588499307632446,0.07081027328968048,0.08457708358764648,0.16288460791110992
1766477905.688252,0.5034320216574655,0.1933407665053556,1.0,1,True,0.45588499307632446,0.07081027328968048,0.08457708358764648,0.16288460791110992
1766477905.6907651,0.4918915467790598,-0.05208361888071922,0.9132366180419922,1,False,,,,
1766477906.162378,0.4918915467790598,-0.05208361888071922,0.9132366180419922,1,False,,,,
1766477906.169271,0.4646155283989062,0.24682331497675813,0.0,1,True,0.4584788382053375,0.06651569157838821,0.08643198013305664,0.16919317841529846
1766477906.173197,0.4646155283989062,0.24682331497675813,0.0,1,True,0.4584788382053375,0.06651569157838821,0.08643198013305664,0.16919317841529846
1766477906.179379,0.4646155283989062,0.24682331497675813,0.0,1,True,0.4584788382053375,0.06651569157838821,0.08643198013305664,0.16919317841529846
1766477906.182252,0.4646155283989062,0.24682331497675813,0.0,1,True,0.45973214507102966,0.0918203592300415,0.08592529594898224,0.16531211137771606
1766477906.415426,0.4646155283989062,0.24682331497675813,0.0,1,True,0.45973214507102966,0.0918203592300415,0.08592529594898224,0.16531211137771606
1766477906.421311,0.4646155283989062,0.24682331497675813,0.0,1,True,0.45973214507102966,0.0918203592300415,0.08592529594898224,0.16531211137771606
1766477906.426683,0.4646155283989062,0.24682331497675813,0.0,1,True,0.45973214507102966,0.0918203592300415,0.08592529594898224,0.16531211137771606
1766477906.429332,0.4646155283989062,0.24682331497675813,0.0,1,True,0.45973214507102966,0.0918203592300415,0.08592529594898224,0.16531211137771606
1766477906.431988,0.4646155283989062,0.24682331497675813,0.0,1,True,0.46225762367248535,0.09498189389705658,0.08705892413854599,0.15861307084560394
1766477906.693262,0.4646155283989062,0.24682331497675813,0.0,1,True,0.46225762367248535,0.09498189389705658,0.08705892413854599,0.15861307084560394
1766477906.699699,0.4646155283989062,0.24682331497675813,0.0,1,True,0.46225762367248535,0.09498189389705658,0.08705892413854599,0.15861307084560394
1766477906.7032928,0.5123825384613264,-0.04889122115404265,0.9194749593734741,1,False,,,,
1766477906.706503,0.5123825384613264,-0.04889122115404265,0.9194749593734741,1,False,,,,
1766477906.710121,0.4966513469415018,-0.047518674386619386,0.9730492234230042,1,False,,,,
1766477906.9489532,0.4966513469415018,-0.047518674386619386,0.9730492234230042,1,False,,,,
1766477906.9549172,0.4966513469415018,-0.047518674386619386,0.9730492234230042,1,False,,,,
1766477906.9582322,0.4966513469415018,-0.047518674386619386,0.9730492234230042,1,False,,,,
1766477906.960706,0.4966513469415018,-0.047518674386619386,0.9730492234230042,1,False,,,,
1766477906.9665332,0.4646155283989062,0.24682331497675813,0.0,1,True,0.461936891078949,0.09982062131166458,0.08691835403442383,0.1589675098657608
1766477907.284578,0.4646155283989062,0.24682331497675813,0.0,1,True,0.461936891078949,0.09982062131166458,0.08691835403442383,0.1589675098657608
1766477907.2910342,0.4646155283989062,0.24682331497675813,0.0,1,True,0.461936891078949,0.09982062131166458,0.08691835403442383,0.1589675098657608
1766477907.293936,0.4646155283989062,0.24682331497675813,0.0,1,True,0.461936891078949,0.09982062131166458,0.08691835403442383,0.1589675098657608
1766477907.296864,0.4646155283989062,0.24682331497675813,0.0,1,True,0.461936891078949,0.09982062131166458,0.08691835403442383,0.1589675098657608
1766477907.299556,0.5031308073930029,-0.042882039490611756,0.9428836107254028,1,False,,,,
1766477907.520193,0.5031308073930029,-0.042882039490611756,0.9428836107254028,1,False,,,,
1766477907.5263622,0.5031308073930029,-0.042882039490611756,0.9428836107254028,1,False,,,,
1766477907.5293949,0.5031308073930029,-0.042882039490611756,0.9428836107254028,1,False,,,,
1766477907.532098,0.5031308073930029,-0.042882039490611756,0.9428836107254028,1,False,,,,
1766477907.535151,0.49194855331342435,-0.04321444385628026,0.9515142440795898,1,False,,,,
1766477907.790611,0.49194855331342435,-0.04321444385628026,0.9515142440795898,1,False,,,,
1766477907.796274,0.49194855331342435,-0.04321444385628026,0.9515142440795898,1,False,,,,
1766477907.799084,0.49194855331342435,-0.04321444385628026,0.9515142440795898,1,False,,,,
1766477907.801609,0.49194855331342435,-0.04321444385628026,0.9515142440795898,1,False,,,,
1766477907.804225,0.4646155283989062,0.24682331497675813,0.0,1,True,0.45293766260147095,0.10383053123950958,0.08531904220581055,0.15970690548419952
1766477908.128617,0.4646155283989062,0.24682331497675813,0.0,1,True,0.45293766260147095,0.10383053123950958,0.08531904220581055,0.15970690548419952
1766477908.1350882,0.4646155283989062,0.24682331497675813,0.0,1,True,0.45293766260147095,0.10383053123950958,0.08531904220581055,0.15970690548419952
1766477908.137847,0.4646155283989062,0.24682331497675813,0.0,1,True,0.45293766260147095,0.10383053123950958,0.08531904220581055,0.15970690548419952
1766477908.140479,0.4646155283989062,0.24682331497675813,0.0,1,True,0.45293766260147095,0.10383053123950958,0.08531904220581055,0.15970690548419952
1766477908.1432068,0.466383218138166,-0.06523216585876424,0.9729238748550415,1,False,,,,
1766477908.420574,0.466383218138166,-0.06523216585876424,0.9729238748550415,1,False,,,,
1766477908.4263601,0.466383218138166,-0.06523216585876424,0.9729238748550415,1,False,,,,
1766477908.428969,0.466383218138166,-0.06523216585876424,0.9729238748550415,1,False,,,,
1766477908.434203,0.466383218138166,-0.06523216585876424,0.9729238748550415,1,False,,,,
1766477908.436908,0.48008852087100784,-0.04506026004508601,0.9617877006530762,1,False,,,,
1766477908.7408352,0.48008852087100784,-0.04506026004508601,0.9617877006530762,1,False,,,,
1766477908.747044,0.4646155283989062,0.24682331497675813,0.0,1,True,0.4486905038356781,0.10179462283849716,0.0890875831246376,0.16714708507061005
1766477908.750381,0.4646155283989062,0.24682331497675813,0.0,1,True,0.4486905038356781,0.10179462283849716,0.0890875831246376,0.16714708507061005
1766477908.757566,0.4646155283989062,0.24682331497675813,0.0,1,True,0.4486905038356781,0.10179462283849716,0.0890875831246376,0.16714708507061005
1766477908.760617,0.4646155283989062,0.24682331497675813,0.0,1,True,0.4502480626106262,0.09916725009679794,0.08910980075597763,0.17042075097560883
1766477909.07213,0.4646155283989062,0.24682331497675813,0.0,1,True,0.4502480626106262,0.09916725009679794,0.08910980075597763,0.17042075097560883
1766477909.078592,0.4646155283989062,0.24682331497675813,0.0,1,True,0.4502480626106262,0.09916725009679794,0.08910980075597763,0.17042075097560883
1766477909.081794,0.4646155283989062,0.24682331497675813,0.0,1,True,0.4502480626106262,0.09916725009679794,0.08910980075597763,0.17042075097560883
1766477909.086284,0.4646155283989062,0.24682331497675813,0.0,1,True,0.4502480626106262,0.09916725009679794,0.08910980075597763,0.17042075097560883
1766477909.0924742,0.48116125091334155,-0.05143973861794193,0.9919359087944031,1,False,,,,
1766477909.4354439,0.48116125091334155,-0.05143973861794193,0.9919359087944031,1,False,,,,
1766477909.44138,0.48116125091334155,-0.05143973861794193,0.9919359087944031,1,False,,,,
1766477909.444515,0.48116125091334155,-0.05143973861794193,0.9919359087944031,1,False,,,,
1766477909.447155,0.48116125091334155,-0.05143973861794193,0.9919359087944031,1,False,,,,
1766477909.451209,0.5236807378677009,-0.03282145669808734,0.9293519258499146,1,False,,,,
1766477909.903567,0.5236807378677009,-0.03282145669808734,0.9293519258499146,1,False,,,,
1766477909.9093661,0.5236807378677009,-0.03282145669808734,0.9293519258499146,1,False,,,,
1766477909.912225,0.5236807378677009,-0.03282145669808734,0.9293519258499146,1,False,,,,
1766477909.915213,0.5236807378677009,-0.03282145669808734,0.9293519258499146,1,False,,,,
1766477909.918098,0.48505580112505253,-0.06307462092806748,0.9829834699630737,1,False,,,,
1766477910.198154,0.48505580112505253,-0.06307462092806748,0.9829834699630737,1,False,,,,
1766477910.2047381,0.48505580112505253,-0.06307462092806748,0.9829834699630737,1,False,,,,
1766477910.209922,0.48505580112505253,-0.06307462092806748,0.9829834699630737,1,False,,,,
1766477910.212468,0.48505580112505253,-0.06307462092806748,0.9829834699630737,1,False,,,,
1766477910.214991,0.49085358599382706,-0.07622531619431472,0.9478211402893066,1,False,,,,
1766477910.463614,0.49085358599382706,-0.07622531619431472,0.9478211402893066,1,False,,,,
1766477910.469803,0.49085358599382706,-0.07622531619431472,0.9478211402893066,1,False,,,,
1766477910.472725,0.49085358599382706,-0.07622531619431472,0.9478211402893066,1,False,,,,
1766477910.475426,0.49085358599382706,-0.07622531619431472,0.9478211402893066,1,False,,,,
1766477910.477987,0.4646155283989062,0.24682331497675813,0.0,1,True,0.46458274126052856,0.10389769077301025,0.08774767071008682,0.15346968173980713
1766477910.697418,0.4646155283989062,0.24682331497675813,0.0,1,True,0.46458274126052856,0.10389769077301025,0.08774767071008682,0.15346968173980713
1766477910.7038112,0.4646155283989062,0.24682331497675813,0.0,1,True,0.46458274126052856,0.10389769077301025,0.08774767071008682,0.15346968173980713
1766477910.7066932,0.4646155283989062,0.24682331497675813,0.0,1,True,0.46458274126052856,0.10389769077301025,0.08774767071008682,0.15346968173980713
1766477910.709516,0.4646155283989062,0.24682331497675813,0.0,1,True,0.46458274126052856,0.10389769077301025,0.08774767071008682,0.15346968173980713
1766477910.714786,0.008702380843452318,0.6177732044013314,0.1234566741410629,1,False,,,,
1766477910.947545,0.008702380843452318,0.6177732044013314,0.1234566741410629,1,False,,,,
1766477910.9549818,0.008702380843452318,0.6177732044013314,0.1234566741410629,1,False,,,,
1766477910.957865,0.14635860928528124,-0.13847485015267424,0.1257905288166526,1,False,,,,
1766477910.962163,0.14635860928528124,-0.13847485015267424,0.1257905288166526,1,False,,,,
1766477910.968075,0.4643840988506868,0.24675904403399274,0.0,0,False,,,,
1766477911.194635,0.4643840988506868,0.24675904403399274,0.0,0,False,,,,
1766477911.2036638,0.4643840988506868,0.24675904403399274,0.0,0,False,,,,
1766477911.210117,0.4643840988506868,0.24675904403399274,0.0,0,False,,,,
1766477911.213088,0.4643840988506868,0.24675904403399274,0.0,0,False,,,,
1766477911.215504,0.4643840988506868,0.24675904403399274,0.0,0,False,,,,
1766477911.39057,0.4643840988506868,0.24675904403399274,0.0,0,False,,,,
1766477911.3961432,0.4643840988506868,0.24675904403399274,0.0,0,False,,,,
1766477911.398913,0.4643840988506868,0.24675904403399274,0.0,0,False,,,,
1766477911.40621,0.4643840988506868,0.24675904403399274,0.0,0,False,,,,
1766477911.4088771,0.45760924473915604,0.10375907898493819,0.8501920652061254,0,False,,,,
1766477911.598677,0.4575490230166056,0.09548522143185356,0.8214325234329175,0,False,,,,
1766477911.604321,0.4575490230166056,0.09548522143185356,0.8214325234329175,0,False,,,,
1766477911.6094751,0.4575490230166056,0.09548522143185356,0.8214325234329175,0,False,,,,
1766477911.612195,0.4575490230166056,0.09548522143185356,0.8214325234329175,0,False,,,,
1766477911.6147819,0.3585356459790291,0.2957476787883334,0.901494950056076,0,False,,,,
1766477911.7733839,0.3585356459790291,0.2957476787883334,0.901494950056076,0,False,,,,
1766477911.778669,0.3585356459790291,0.2957476787883334,0.901494950056076,0,False,,,,
1766477911.7813098,0.3585356459790291,0.2957476787883334,0.901494950056076,0,False,,,,
1766477911.786324,0.3585356459790291,0.2957476787883334,0.901494950056076,0,False,,,,
1766477911.788852,0.34831273061363144,0.3110376293244692,0.8877601325511932,0,False,,,,
1766477911.981326,0.34831273061363144,0.3110376293244692,0.8877601325511932,0,False,,,,
1766477911.9874098,0.34831273061363144,0.3110376293244692,0.8877601325511932,0,False,,,,
1766477911.990177,0.34831273061363144,0.3110376293244692,0.8877601325511932,0,False,,,,
1766477911.9926531,0.34833806492315417,0.31328824634829466,0.8759454190731049,0,False,,,,
1766477911.995348,0.4492724667905927,0.24574163550336603,0.38701649360957463,0,False,,,,
1766477912.180705,0.4492724667905927,0.24574163550336603,0.38701649360957463,0,False,,,,
1766477912.185994,0.4492724667905927,0.24574163550336603,0.38701649360957463,0,False,,,,
1766477912.188889,0.4492724667905927,0.24574163550336603,0.38701649360957463,0,False,,,,
1766477912.191359,0.4492724667905927,0.24574163550336603,0.38701649360957463,0,False,,,,
1766477912.193565,0.3273921590206607,0.3603292495078406,0.8017571568489075,0,False,,,,
1766477912.370432,0.32821198281205977,0.3625464464721295,0.8323819041252136,0,False,,,,
1766477912.375742,0.32821198281205977,0.3625464464721295,0.8323819041252136,0,False,,,,
1766477912.378746,0.32821198281205977,0.3625464464721295,0.8323819041252136,0,False,,,,
1766477912.381116,0.32821198281205977,0.3625464464721295,0.8323819041252136,0,False,,,,
1766477912.383866,0.44724594188424566,0.25764730102490463,0.40621173230681196,0,False,,,,
1766477912.5695848,0.370415944021213,0.2930766151816456,0.8216442465782166,0,False,,,,
1766477912.5752141,0.370415944021213,0.2930766151816456,0.8216442465782166,0,False,,,,
1766477912.5800488,0.370415944021213,0.2930766151816456,0.8216442465782166,0,False,,,,
1766477912.5828018,0.370415944021213,0.2930766151816456,0.8216442465782166,0,False,,,,
1766477912.585074,0.42073779113339693,0.2836997649647435,0.09772776042710084,0,False,,,,
1766477912.784257,0.42073779113339693,0.2836997649647435,0.09772776042710084,0,False,,,,
1766477912.789452,0.42073779113339693,0.2836997649647435,0.09772776042710084,0,False,,,,
1766477912.794446,0.42073779113339693,0.2836997649647435,0.09772776042710084,0,False,,,,
1766477912.797277,0.4200563077867187,0.28214836620683914,0.07857033245671838,0,False,,,,
1766477912.800272,0.3850337496643831,0.22318575599498347,0.9839258197798839,0,False,,,,
1766477912.9739609,0.3850337496643831,0.22318575599498347,0.9839258197798839,0,False,,,,
1766477912.978902,0.3850337496643831,0.22318575599498347,0.9839258197798839,0,False,,,,
1766477912.981772,0.3850337496643831,0.22318575599498347,0.9839258197798839,0,False,,,,
1766477912.9844658,0.3850337496643831,0.22318575599498347,0.9839258197798839,0,False,,,,
1766477912.9870489,0.4097418282340177,0.3267131489426165,0.8078795236168357,0,False,,,,
1766477913.186993,0.4097418282340177,0.3267131489426165,0.8078795236168357,0,False,,,,
1766477913.192144,0.4097418282340177,0.3267131489426165,0.8078795236168357,0,False,,,,
1766477913.195194,0.4097418282340177,0.3267131489426165,0.8078795236168357,0,False,,,,
1766477913.1983,0.4097418282340177,0.3267131489426165,0.8078795236168357,0,False,,,,
1766477913.2045262,0.3498664989921477,0.5399230941702121,0.8809032440185547,0,False,,,,
1766477913.400059,0.32509033516443936,0.18399862051087357,0.9041795980930328,0,False,,,,
1766477913.405816,0.3130937917186318,0.19698281149624952,0.8461924493312836,0,False,,,,
1766477913.409954,0.3130937917186318,0.19698281149624952,0.8461924493312836,0,False,,,,
1766477913.4154508,0.3130937917186318,0.19698281149624952,0.8461924493312836,0,False,,,,
1766477913.418051,0.35422329415186626,0.49192251386824104,0.9729612469673157,0,False,,,,
1766477913.599094,0.35422329415186626,0.49192251386824104,0.9729612469673157,0,False,,,,
1766477913.604776,0.3361857750531726,0.2795700002758341,0.8185864323885734,0,False,,,,
1766477913.6088252,0.3361857750531726,0.2795700002758341,0.8185864323885734,0,False,,,,
1766477913.6143732,0.3361857750531726,0.2795700002758341,0.8185864323885734,0,False,,,,
1766477913.617298,0.3931394708332169,0.2601672806307741,0.3438714032404003,0,False,,,,
1766477913.7974021,0.3931394708332169,0.2601672806307741,0.3438714032404003,0,False,,,,
1766477913.802454,0.3931394708332169,0.2601672806307741,0.3438714032404003,0,False,,,,
1766477913.806018,0.3425351890652458,0.2979802675831289,0.897257148785358,0,False,,,,
1766477913.8088021,0.3425351890652458,0.2979802675831289,0.897257148785358,0,False,,,,
1766477913.811945,0.3541482323822466,0.5039506342794354,0.9826950430870056,0,False,,,,
1766477913.996894,0.3541482323822466,0.5039506342794354,0.9826950430870056,0,False,,,,
1766477914.002093,0.3541482323822466,0.5039506342794354,0.9826950430870056,0,False,,,,
1766477914.005283,0.4112443864368512,0.28294080789203335,0.2106850387901731,0,False,,,,
1766477914.007704,0.41105005309931447,0.2834784812009352,0.20870128262019677,0,False,,,,
1766477914.01123,0.372109273738041,0.5833476004841561,0.9592939019203186,0,False,,,,
1766477914.171958,0.37162060740174596,0.5858574338063096,1.0,0,False,,,,
1766477914.178016,0.3799433899113078,0.3580698666548878,0.8531974256038666,0,False,,,,
1766477914.1810749,0.3799433899113078,0.3580698666548878,0.8531974256038666,0,False,,,,
1766477914.1867268,0.3799433899113078,0.3580698666548878,0.8531974256038666,0,False,,,,
1766477914.1892202,0.37592821281100497,0.3625262020479738,0.8503187894821167,1,False,,,,
1766477914.552833,0.37592821281100497,0.3625262020479738,0.8503187894821167,1,False,,,,
1766477914.558506,0.37592821281100497,0.3625262020479738,0.8503187894821167,1,False,,,,
1766477914.561344,0.37592821281100497,0.3625262020479738,0.8503187894821167,1,False,,,,
1766477914.563581,0.37592821281100497,0.3625262020479738,0.8503187894821167,1,False,,,,
1766477914.565883,0.4177031555766778,0.27534127995245505,0.2269260603320091,0,False,,,,
1766477914.983973,0.4177031555766778,0.27534127995245505,0.2269260603320091,0,False,,,,
1766477914.990339,0.4177031555766778,0.27534127995245505,0.2269260603320091,0,False,,,,
1766477914.9931772,0.4177031555766778,0.27534127995245505,0.2269260603320091,0,False,,,,
1766477914.995879,0.4177031555766778,0.27534127995245505,0.2269260603320091,0,False,,,,
1766477914.9982002,0.47677758516561813,0.27562802361267535,0.0924632930782299,0,False,,,,
1766477915.457869,0.47677758516561813,0.27562802361267535,0.0924632930782299,0,False,,,,
1766477915.4657679,0.47677758516561813,0.27562802361267535,0.0924632930782299,0,False,,,,
1766477915.468301,0.47677758516561813,0.27562802361267535,0.0924632930782299,0,False,,,,
1766477915.47117,0.47677758516561813,0.27562802361267535,0.0924632930782299,0,False,,,,
1766477915.474546,0.5537055645642386,-0.03979948692250468,0.9816396428998204,1,False,,,,
1766477915.9683578,0.5537055645642386,-0.03979948692250468,0.9816396428998204,1,False,,,,
1766477915.975764,0.5537055645642386,-0.03979948692250468,0.9816396428998204,1,False,,,,
1766477915.9785879,0.5537055645642386,-0.03979948692250468,0.9816396428998204,1,False,,,,
1766477915.981579,0.537080891217932,-0.054026814935703715,0.9128087759017944,1,False,,,,
1766477915.9851751,0.4148486150882338,0.31882460516416233,0.4486962665112794,1,False,,,,
1766477916.32424,0.4689515879028945,0.6503739993430748,0.7731867432594299,1,False,,,,
1766477916.332594,0.4689515879028945,0.6503739993430748,0.7731867432594299,1,False,,,,
1766477916.337287,0.4689515879028945,0.6503739993430748,0.7731867432594299,1,False,,,,
1766477916.339829,0.4689515879028945,0.6503739993430748,0.7731867432594299,1,False,,,,
1766477916.342301,0.34666542144110923,0.4777739888002638,0.8128355443477631,0,False,,,,
1766477916.5256598,0.34666542144110923,0.4777739888002638,0.8128355443477631,0,False,,,,
1766477916.532921,0.34666542144110923,0.4777739888002638,0.8128355443477631,0,False,,,,
1766477916.5356731,0.34666542144110923,0.4777739888002638,0.8128355443477631,0,False,,,,
1766477916.5381749,0.34666542144110923,0.4777739888002638,0.8128355443477631,0,False,,,,
1766477916.540919,0.40739082265750826,0.3358083875881194,0.41917890092885024,0,False,,,,
1766477916.762445,0.40739082265750826,0.3358083875881194,0.41917890092885024,0,False,,,,
1766477916.769281,0.40739082265750826,0.3358083875881194,0.41917890092885024,0,False,,,,
1766477916.77192,0.40739082265750826,0.3358083875881194,0.41917890092885024,0,False,,,,
1766477916.774509,0.40739082265750826,0.3358083875881194,0.41917890092885024,0,False,,,,
1766477916.778913,0.4118316249681614,0.3323326234050379,0.3402165941180688,0,False,,,,
1766477916.96262,0.4118316249681614,0.3323326234050379,0.3402165941180688,0,False,,,,
1766477916.968875,0.4118316249681614,0.3323326234050379,0.3402165941180688,0,False,,,,
1766477916.97163,0.4118316249681614,0.3323326234050379,0.3402165941180688,0,False,,,,
1766477916.9739258,0.4118316249681614,0.3323326234050379,0.3402165941180688,0,False,,,,
1766477916.9761522,0.43085982601756656,0.46167771199287033,0.9143632054328918,0,False,,,,
1766477917.213873,0.43085982601756656,0.46167771199287033,0.9143632054328918,0,False,,,,
1766477917.2195342,0.4311849488945881,0.4605353293148847,0.9640606641769409,0,False,,,,
1766477917.2233448,0.29488429076136213,0.5137103972351603,0.8461748012832926,0,False,,,,
1766477917.226623,0.29488429076136213,0.5137103972351603,0.8461748012832926,0,False,,,,
1766477917.2312808,0.24198932489985947,0.3618091613959289,0.8303386270999908,0,False,,,,
1766477917.427094,0.24475293723421418,0.36121256929138035,0.8517181873321533,0,False,,,,
1766477917.432479,0.24475293723421418,0.36121256929138035,0.8517181873321533,0,False,,,,
1766477917.43749,0.24475293723421418,0.36121256929138035,0.8517181873321533,0,False,,,,
1766477917.440105,0.24475293723421418,0.36121256929138035,0.8517181873321533,0,False,,,,
1766477917.442477,0.2390314848031466,0.3698711891613542,0.99,0,False,,,,
1766477917.633556,0.4030426149361611,0.2896346878040461,0.2044020804903615,0,False,,,,
1766477917.6396601,0.4030426149361611,0.2896346878040461,0.2044020804903615,0,False,,,,
1766477917.644537,0.4030426149361611,0.2896346878040461,0.2044020804903615,0,False,,,,
1766477917.6472902,0.4030426149361611,0.2896346878040461,0.2044020804903615,0,False,,,,
1766477917.649694,0.3546421517512055,0.5515431071487158,0.9860779643058777,0,False,,,,
1766477918.338849,0.3546421517512055,0.5515431071487158,0.9860779643058777,0,False,,,,
1766477918.344,0.3546421517512055,0.5515431071487158,0.9860779643058777,0,False,,,,
1766477918.34673,0.3546421517512055,0.5515431071487158,0.9860779643058777,0,False,,,,
1766477918.351443,0.3546421517512055,0.5515431071487158,0.9860779643058777,0,False,,,,
1766477918.354187,0.44951626881042384,0.27843774805707144,0.980967549873512,0,False,,,,
1766477918.540102,0.44951626881042384,0.27843774805707144,0.980967549873512,0,False,,,,
1766477918.5454059,0.44951626881042384,0.27843774805707144,0.980967549873512,0,False,,,,
1766477918.548448,0.44951626881042384,0.27843774805707144,0.980967549873512,0,False,,,,
1766477918.551439,0.44951626881042384,0.27843774805707144,0.980967549873512,0,False,,,,
1766477918.553714,0.5402342407702033,0.2564161273166299,0.8475196361541748,0,False,,,,
1766477918.720565,0.5402342407702033,0.2564161273166299,0.8475196361541748,0,False,,,,
1766477918.72632,0.5402342407702033,0.2564161273166299,0.8475196361541748,0,False,,,,
1766477918.729528,0.506076018378192,0.2417162414977404,0.8672139942646027,0,False,,,,
1766477918.732536,0.49294563825727256,0.23522056962820348,0.8865949511528015,0,False,,,,
1766477918.7354639,0.4196046611373543,0.14435810037984909,0.9828788042068481,0,False,,,,
1766477918.9358132,0.41894075113222595,0.150956909839701,0.9582477807998657,0,False,,,,
1766477918.9420118,0.41894075113222595,0.150956909839701,0.9582477807998657,0,False,,,,
1766477918.945003,0.41894075113222595,0.150956909839701,0.9582477807998657,0,False,,,,
1766477918.947428,0.41894075113222595,0.150956909839701,0.9582477807998657,0,False,,,,
1766477918.949932,0.3404054433100391,0.35680794588089526,0.9523105025291443,0,False,,,,
1766477919.142734,0.3404054433100391,0.35680794588089526,0.9523105025291443,0,False,,,,
1766477919.147823,0.3404054433100391,0.35680794588089526,0.9523105025291443,0,False,,,,
1766477919.1507242,0.3404054433100391,0.35680794588089526,0.9523105025291443,0,False,,,,
1766477919.153122,0.3404054433100391,0.35680794588089526,0.9523105025291443,0,False,,,,
1766477919.155243,0.37053242585025414,0.4136718214986409,0.9647114276885986,0,False,,,,
1766477919.358318,0.37053242585025414,0.4136718214986409,0.9647114276885986,0,False,,,,
1766477919.3641212,0.37053242585025414,0.4136718214986409,0.9647114276885986,0,False,,,,
1766477919.3697011,0.3685573219607372,0.4116467136197639,1.0,0,False,,,,
1766477919.3726149,0.3685573219607372,0.4116467136197639,1.0,0,False,,,,
1766477919.378273,0.380356817741177,0.399381617099117,0.9852335155010223,0,False,,,,
1766477919.539228,0.3795002217461193,0.3967847504617912,0.9737218916416168,0,False,,,,
1766477919.545068,0.3795002217461193,0.3967847504617912,0.9737218916416168,0,False,,,,
1766477919.5498528,0.3795002217461193,0.3967847504617912,0.9737218916416168,0,False,,,,
1766477919.552719,0.3795002217461193,0.3967847504617912,0.9737218916416168,0,False,,,,
1766477919.555278,0.23151462790530167,0.4268001330169273,0.9051331877708435,0,False,,,,
1766477919.737142,0.21906852595066367,0.4394498351380547,0.8718410134315491,0,False,,,,
1766477919.742662,0.21884976802180506,0.441176727283192,0.8662711679935455,0,False,,,,
1766477919.748419,0.21884976802180506,0.441176727283192,0.8662711679935455,0,False,,,,
1766477919.751145,0.21884976802180506,0.441176727283192,0.8662711679935455,0,False,,,,
1766477919.7556238,0.21995840410671713,0.5829585506899351,0.8929625749588013,0,False,,,,
1766477919.94222,0.22948640642370344,0.5542799766106892,0.9395789504051208,0,False,,,,
1766477919.947606,0.22948640642370344,0.5542799766106892,0.9395789504051208,0,False,,,,
1766477919.952408,0.22948640642370344,0.5542799766106892,0.9395789504051208,0,False,,,,
1766477919.9551492,0.22948640642370344,0.5542799766106892,0.9395789504051208,0,False,,,,
1766477919.95758,0.2722501000439288,0.5512936360894076,0.7301039456281059,0,False,,,,
1766477920.179895,0.2722501000439288,0.5512936360894076,0.7301039456281059,0,False,,,,
1766477920.185208,0.2722501000439288,0.5512936360894076,0.7301039456281059,0,False,,,,
1766477920.188174,0.2722501000439288,0.5512936360894076,0.7301039456281059,0,False,,,,
1766477920.190627,0.2722501000439288,0.5512936360894076,0.7301039456281059,0,False,,,,
1766477920.193022,0.3977734665784205,0.5142690446077419,1.0,0,False,,,,
1766477920.383444,0.3977734665784205,0.5142690446077419,1.0,0,False,,,,
1766477920.387857,0.3977734665784205,0.5142690446077419,1.0,0,False,,,,
1766477920.390275,0.3977734665784205,0.5142690446077419,1.0,0,False,,,,
1766477920.3929548,0.3977734665784205,0.5142690446077419,1.0,0,False,,,,
1766477920.395273,0.4215633029412224,0.5449252491347192,0.28924306056562527,0,False,,,,
1766477920.576543,0.4128264955823996,0.3792328659844034,0.38190280188316267,0,False,,,,
1766477920.5835001,0.4128264955823996,0.3792328659844034,0.38190280188316267,0,False,,,,
1766477920.588757,0.4128264955823996,0.3792328659844034,0.38190280188316267,0,False,,,,
1766477920.591501,0.4128264955823996,0.3792328659844034,0.38190280188316267,0,False,,,,
1766477920.594223,0.434693413458018,0.258618288414433,0.14895254651844217,0,False,,,,
1766477920.750558,0.434693413458018,0.258618288414433,0.14895254651844217,0,False,,,,
1766477920.757226,0.434693413458018,0.258618288414433,0.14895254651844217,0,False,,,,
1766477920.7600372,0.434693413458018,0.258618288414433,0.14895254651844217,0,False,,,,
1766477920.764234,0.434693413458018,0.258618288414433,0.14895254651844217,0,False,,,,
1766477920.767381,0.4958325999689914,0.3495039942771512,0.99,1,False,,,,
1766477921.2319748,0.4958325999689914,0.3495039942771512,0.99,1,False,,,,
1766477921.240161,0.4958325999689914,0.3495039942771512,0.99,1,False,,,,
1766477921.2427971,0.4958325999689914,0.3495039942771512,0.99,1,False,,,,
1766477921.246327,0.38358712480900187,0.04001392663782788,0.8923634656944912,1,False,,,,
1766477921.250305,0.5057895054004042,0.0915632352654061,1.0,1,False,,,,
1766477921.519058,0.443002556126998,0.24367147952039303,0.5257525556436089,1,False,,,,
1766477921.5266151,0.443002556126998,0.24367147952039303,0.5257525556436089,1,False,,,,
1766477921.532989,0.443002556126998,0.24367147952039303,0.5257525556436089,1,False,,,,
1766477921.5358021,0.443002556126998,0.24367147952039303,0.5257525556436089,1,False,,,,
1766477921.538661,0.4431461880036315,0.2432694198252804,0.3959294219310036,1,False,,,,
1766477921.8408818,0.4431461880036315,0.2432694198252804,0.3959294219310036,1,False,,,,
1766477921.8474529,0.4437961414853094,0.24163601413481672,0.3769170766540759,1,False,,,,
1766477921.851559,0.4437961414853094,0.24163601413481672,0.3769170766540759,1,False,,,,
1766477921.858746,0.4437961414853094,0.24163601413481672,0.3769170766540759,1,False,,,,
1766477921.861485,0.5074673529624251,0.028201264291250472,1.0,1,False,,,,
1766477922.108314,0.5074673529624251,0.028201264291250472,1.0,1,False,,,,
1766477922.114801,0.5072336068977089,0.025462989217565846,1.0,1,False,,,,
1766477922.118388,0.5072336068977089,0.025462989217565846,1.0,1,False,,,,
1766477922.1249778,0.5072336068977089,0.025462989217565846,1.0,1,False,,,,
1766477922.127895,0.2632311397623282,1.4533892590739015,0.8924013162527316,1,False,,,,
1766477922.3900979,0.2632311397623282,1.4533892590739015,0.8924013162527316,1,False,,,,
1766477922.396524,0.2632311397623282,1.4533892590739015,0.8924013162527316,1,False,,,,
1766477922.401845,0.2632311397623282,1.4533892590739015,0.8924013162527316,1,False,,,,
1766477922.4048681,0.2632311397623282,1.4533892590739015,0.8924013162527316,1,False,,,,
1766477922.4076748,0.46349624245692433,0.2589956317160369,0.3528413507111778,2,True,0.45829740166664124,0.1867193877696991,0.09512405097484589,0.17787671089172363
1766477922.761007,0.46349624245692433,0.2589956317160369,0.3528413507111778,2,True,0.45829740166664124,0.1867193877696991,0.09512405097484589,0.17787671089172363
1766477922.767853,0.46349624245692433,0.2589956317160369,0.3528413507111778,2,True,0.45829740166664124,0.1867193877696991,0.09512405097484589,0.17787671089172363
1766477922.770798,0.46349624245692433,0.2589956317160369,0.3528413507111778,2,True,0.45829740166664124,0.1867193877696991,0.09512405097484589,0.17787671089172363
1766477922.773459,0.46349624245692433,0.2589956317160369,0.3528413507111778,2,True,0.45829740166664124,0.1867193877696991,0.09512405097484589,0.17787671089172363
1766477922.776108,0.7426553960911526,0.5232313417441573,0.1049671545570613,1,False,,,,
1766477923.034716,0.7426553960911526,0.5232313417441573,0.1049671545570613,1,False,,,,
1766477923.040989,0.7426553960911526,0.5232313417441573,0.1049671545570613,1,False,,,,
1766477923.043941,0.7426553960911526,0.5232313417441573,0.1049671545570613,1,False,,,,
1766477923.046675,0.7426553960911526,0.5232313417441573,0.1049671545570613,1,False,,,,
1766477923.051726,0.48263360165399993,0.011390397521385043,1.0,1,False,,,,
1766477923.361983,0.48263360165399993,0.011390397521385043,1.0,1,False,,,,
1766477923.3685818,0.48263360165399993,0.011390397521385043,1.0,1,False,,,,
1766477923.371427,0.48263360165399993,0.011390397521385043,1.0,1,False,,,,
1766477923.3739011,0.48263360165399993,0.011390397521385043,1.0,1,False,,,,
1766477923.376348,0.4877082770795404,0.37042687640257954,1.0,1,True,0.4462807774543762,0.23760418593883514,0.10807247459888458,0.20028457045555115
1766477923.600951,0.4877082770795404,0.37042687640257954,1.0,1,True,0.4462807774543762,0.23760418593883514,0.10807247459888458,0.20028457045555115
1766477923.607116,0.4877082770795404,0.37042687640257954,1.0,1,True,0.4462807774543762,0.23760418593883514,0.10807247459888458,0.20028457045555115
1766477923.60995,0.4877082770795404,0.37042687640257954,1.0,1,True,0.4462807774543762,0.23760418593883514,0.10807247459888458,0.20028457045555115
1766477923.61253,0.4877082770795404,0.37042687640257954,1.0,1,True,0.4462807774543762,0.23760418593883514,0.10807247459888458,0.20028457045555115
1766477923.615065,0.4742815938172177,0.2561746479641881,0.21256087207296837,1,True,0.44585785269737244,0.23762351274490356,0.10757007449865341,0.19836552441120148
1766477923.87203,0.4742815938172177,0.2561746479641881,0.21256087207296837,1,True,0.44585785269737244,0.23762351274490356,0.10757007449865341,0.19836552441120148
1766477923.877623,0.4742815938172177,0.2561746479641881,0.21256087207296837,1,True,0.44585785269737244,0.23762351274490356,0.10757007449865341,0.19836552441120148
1766477923.880397,0.4742815938172177,0.2561746479641881,0.21256087207296837,1,True,0.44585785269737244,0.23762351274490356,0.10757007449865341,0.19836552441120148
1766477923.8828192,0.4742815938172177,0.2561746479641881,0.21256087207296837,1,True,0.44585785269737244,0.23762351274490356,0.10757007449865341,0.19836552441120148
1766477923.8852632,0.47781890522508813,0.25026192797586,0.1923019791060164,1,True,0.44661545753479004,0.24366964399814606,0.10712356865406036,0.19983096420764923
1766477924.102984,0.47781890522508813,0.25026192797586,0.1923019791060164,1,True,0.44661545753479004,0.24366964399814606,0.10712356865406036,0.19983096420764923
1766477924.109407,0.47781890522508813,0.25026192797586,0.1923019791060164,1,True,0.44661545753479004,0.24366964399814606,0.10712356865406036,0.19983096420764923
1766477924.112486,0.47781890522508813,0.25026192797586,0.1923019791060164,1,True,0.44661545753479004,0.24366964399814606,0.10712356865406036,0.19983096420764923
1766477924.115354,0.47781890522508813,0.25026192797586,0.1923019791060164,1,True,0.44661545753479004,0.24366964399814606,0.10712356865406036,0.19983096420764923
1766477924.118405,0.4763208412540757,0.2491872935811642,0.3805883301095928,1,True,0.44664865732192993,0.2577642798423767,0.10629300773143768,0.1923121064901352
1766477924.583592,0.4763208412540757,0.2491872935811642,0.3805883301095928,1,True,0.44664865732192993,0.2577642798423767,0.10629300773143768,0.1923121064901352
1766477924.590009,0.4763208412540757,0.2491872935811642,0.3805883301095928,1,True,0.44664865732192993,0.2577642798423767,0.10629300773143768,0.1923121064901352
1766477924.5929852,0.4769933795166219,0.251613728729309,0.3919833181360036,1,True,0.44664865732192993,0.2577642798423767,0.10629300773143768,0.1923121064901352
1766477924.603009,0.4769933795166219,0.251613728729309,0.3919833181360036,1,True,0.44664865732192993,0.2577642798423767,0.10629300773143768,0.1923121064901352
1766477924.609459,0.47650715933902565,0.24932616338958646,0.4006872435584744,1,True,0.44992876052856445,0.23640993237495422,0.10631485283374786,0.1952955424785614
1766477924.847253,0.47650715933902565,0.24932616338958646,0.4006872435584744,1,True,0.44992876052856445,0.23640993237495422,0.10631485283374786,0.1952955424785614
1766477924.8530948,0.47650715933902565,0.24932616338958646,0.4006872435584744,1,True,0.44992876052856445,0.23640993237495422,0.10631485283374786,0.1952955424785614
1766477924.856289,0.47650715933902565,0.24932616338958646,0.4006872435584744,1,True,0.44992876052856445,0.23640993237495422,0.10631485283374786,0.1952955424785614
1766477924.859105,0.47650715933902565,0.24932616338958646,0.4006872435584744,1,True,0.44992876052856445,0.23640993237495422,0.10631485283374786,0.1952955424785614
1766477924.8627589,0.47627147405912523,0.23875335160913258,0.31219978172955826,1,True,0.4505741000175476,0.21354365348815918,0.10309477150440216,0.18819443881511688
1766477925.204142,0.47627147405912523,0.23875335160913258,0.31219978172955826,1,True,0.4505741000175476,0.21354365348815918,0.10309477150440216,0.18819443881511688
1766477925.211448,0.47627147405912523,0.23875335160913258,0.31219978172955826,1,True,0.4505741000175476,0.21354365348815918,0.10309477150440216,0.18819443881511688
1766477925.2175941,0.47627147405912523,0.23875335160913258,0.31219978172955826,1,True,0.4505741000175476,0.21354365348815918,0.10309477150440216,0.18819443881511688
1766477925.220457,0.47627147405912523,0.23875335160913258,0.31219978172955826,1,True,0.4505741000175476,0.21354365348815918,0.10309477150440216,0.18819443881511688
1766477925.223246,0.4355921215073149,0.24634382165203494,0.35594880644746,1,False,,,,
1766477925.45696,0.4355921215073149,0.24634382165203494,0.35594880644746,1,False,,,,
1766477925.463449,0.4890847658675176,-0.014424369815791538,0.9837849140167236,1,False,,,,
1766477925.466562,0.435363497009939,0.2461948582666862,0.35684237099782234,1,False,,,,
1766477925.4696052,0.435363497009939,0.2461948582666862,0.35684237099782234,1,False,,,,
1766477925.473043,0.4344759772381857,0.24688462044864767,0.41784519799800923,2,False,,,,
1766477925.795887,0.4344759772381857,0.24688462044864767,0.41784519799800923,2,False,,,,
1766477925.8026361,0.4861831950323453,-0.016887264356606257,1.0,2,False,,,,
1766477925.807616,0.4861831950323453,-0.016887264356606257,1.0,2,False,,,,
1766477925.814551,0.4861831950323453,-0.016887264356606257,1.0,2,False,,,,
1766477925.817759,0.4347154275747636,0.24857275815792612,0.4203641919321106,1,False,,,,
1766477926.04653,0.4347154275747636,0.24857275815792612,0.4203641919321106,1,False,,,,
1766477926.052841,0.4347154275747636,0.24857275815792612,0.4203641919321106,1,False,,,,
1766477926.0583072,0.4347154275747636,0.24857275815792612,0.4203641919321106,1,False,,,,
1766477926.061464,0.4347154275747636,0.24857275815792612,0.4203641919321106,1,False,,,,
1766477926.064151,0.47251185116102806,-0.03570144613338888,1.0,2,False,,,,
1766477926.431784,0.47251185116102806,-0.03570144613338888,1.0,2,False,,,,
1766477926.438593,0.4714377241562648,-0.03545586269185086,1.0,2,False,,,,
1766477926.443567,0.4714377241562648,-0.03545586269185086,1.0,2,False,,,,
1766477926.45053,0.4714377241562648,-0.03545586269185086,1.0,2,False,,,,
1766477926.45337,0.4342241350524092,0.2456950930999885,0.34078889649274413,1,False,,,,
1766477926.7456808,0.4342241350524092,0.2456950930999885,0.34078889649274413,1,False,,,,
1766477926.751965,0.4342241350524092,0.2456950930999885,0.34078889649274413,1,False,,,,
1766477926.754928,0.4342241350524092,0.2456950930999885,0.34078889649274413,1,False,,,,
1766477926.757517,0.4342241350524092,0.2456950930999885,0.34078889649274413,1,False,,,,
1766477926.762912,0.4262733911955934,0.2446827862827834,0.3302962008944339,1,False,,,,
1766477926.983401,0.4262733911955934,0.2446827862827834,0.3302962008944339,1,False,,,,
1766477926.990178,0.4262733911955934,0.2446827862827834,0.3302962008944339,1,False,,,,
1766477926.993102,0.4262733911955934,0.2446827862827834,0.3302962008944339,1,False,,,,
1766477926.995758,0.4262733911955934,0.2446827862827834,0.3302962008944339,1,False,,,,
1766477926.998234,0.4211833121419676,0.25039475441062753,0.23598766794581374,2,False,,,,
1766477927.2705579,0.4211833121419676,0.25039475441062753,0.23598766794581374,2,False,,,,
1766477927.2787058,0.4264740081794705,0.2558208544430016,0.2538240927578464,2,False,,,,
1766477927.285104,0.4264740081794705,0.2558208544430016,0.2538240927578464,2,False,,,,
1766477927.288034,0.4264740081794705,0.2558208544430016,0.2538240927578464,2,False,,,,
1766477927.290729,0.0979648741156772,0.2798323268956162,0.893641717782204,1,False,,,,
1766477927.65908,0.0979648741156772,0.2798323268956162,0.893641717782204,1,False,,,,
1766477927.6650398,0.0979648741156772,0.2798323268956162,0.893641717782204,1,False,,,,
1766477927.667753,0.0979648741156772,0.2798323268956162,0.893641717782204,1,False,,,,
1766477927.6701398,0.0979648741156772,0.2798323268956162,0.893641717782204,1,False,,,,
1766477927.6725419,0.47324973879916826,-0.001804002463587917,1.0,1,False,,,,
1766477927.980822,0.47586547900561593,0.0017092837163849017,1.0,1,False,,,,
1766477927.9888158,0.47586547900561593,0.0017092837163849017,1.0,1,False,,,,
1766477927.995274,0.47586547900561593,0.0017092837163849017,1.0,1,False,,,,
1766477927.9983401,0.47586547900561593,0.0017092837163849017,1.0,1,False,,,,
1766477928.00103,0.45975219609901413,0.22944950333951442,0.38449720241676566,1,True,0.4390341341495514,0.17870059609413147,0.09220542758703232,0.17173978686332703
1766477928.221917,0.45975219609901413,0.22944950333951442,0.38449720241676566,1,True,0.4390341341495514,0.17870059609413147,0.09220542758703232,0.17173978686332703
1766477928.228348,0.45975219609901413,0.22944950333951442,0.38449720241676566,1,True,0.4390341341495514,0.17870059609413147,0.09220542758703232,0.17173978686332703
1766477928.2312162,0.45975219609901413,0.22944950333951442,0.38449720241676566,1,True,0.4390341341495514,0.17870059609413147,0.09220542758703232,0.17173978686332703
1766477928.236632,0.45975219609901413,0.22944950333951442,0.38449720241676566,1,True,0.4390341341495514,0.17870059609413147,0.09220542758703232,0.17173978686332703
1766477928.239678,0.4654086381766248,0.22000637145386293,0.3563745500585564,2,True,0.43632206320762634,0.15635044872760773,0.0916299819946289,0.177695631980896
1766477928.504389,0.4654086381766248,0.22000637145386293,0.3563745500585564,2,True,0.43632206320762634,0.15635044872760773,0.0916299819946289,0.177695631980896
1766477928.510777,0.4654086381766248,0.22000637145386293,0.3563745500585564,2,True,0.43632206320762634,0.15635044872760773,0.0916299819946289,0.177695631980896
1766477928.513916,0.4401192954176366,-0.008124204221649833,1.0,2,False,,,,
1766477928.519329,0.4401192954176366,-0.008124204221649833,1.0,2,False,,,,
1766477928.5262132,0.4634880709598382,0.2252624979148523,0.35678751097597505,1,True,0.4388710856437683,0.15116174519062042,0.09085206687450409,0.16856935620307922
1766477928.737226,0.4634880709598382,0.2252624979148523,0.35678751097597505,1,True,0.4388710856437683,0.15116174519062042,0.09085206687450409,0.16856935620307922
1766477928.743843,0.4634880709598382,0.2252624979148523,0.35678751097597505,1,True,0.4388710856437683,0.15116174519062042,0.09085206687450409,0.16856935620307922
1766477928.7468412,0.4634880709598382,0.2252624979148523,0.35678751097597505,1,True,0.4388710856437683,0.15116174519062042,0.09085206687450409,0.16856935620307922
1766477928.749988,0.4653851943865785,0.22140369790786263,0.4079034419168896,1,True,0.4388710856437683,0.15116174519062042,0.09085206687450409,0.16856935620307922
1766477928.7532318,0.4572009050729918,0.006053907331903585,1.0,1,False,,,,
1766477929.097516,0.4572009050729918,0.006053907331903585,1.0,1,False,,,,
1766477929.104026,0.4572009050729918,0.006053907331903585,1.0,1,False,,,,
1766477929.1073868,0.4572009050729918,0.006053907331903585,1.0,1,False,,,,
1766477929.110118,0.4572009050729918,0.006053907331903585,1.0,1,False,,,,
1766477929.1132958,0.4680119278455955,0.21545918067368142,0.5462247108443371,1,True,0.4380572438240051,0.15411554276943207,0.09109239280223846,0.167033389210701
1766477929.380996,0.4680119278455955,0.21545918067368142,0.5462247108443371,1,True,0.4380572438240051,0.15411554276943207,0.09109239280223846,0.167033389210701
1766477929.389369,0.48595854303858116,0.018902454989214945,1.0,1,False,,,,
1766477929.3939981,0.48595854303858116,0.018902454989214945,1.0,1,False,,,,
1766477929.400386,0.48595854303858116,0.018902454989214945,1.0,1,False,,,,
1766477929.403467,0.47167983046294343,0.21227917734395085,0.3237332119992675,1,True,0.4412979483604431,0.16849929094314575,0.08695497363805771,0.1649138629436493
1766477929.6438248,0.47167983046294343,0.21227917734395085,0.3237332119992675,1,True,0.4412979483604431,0.16849929094314575,0.08695497363805771,0.1649138629436493
1766477929.649869,0.47167983046294343,0.21227917734395085,0.3237332119992675,1,True,0.4412979483604431,0.16849929094314575,0.08695497363805771,0.1649138629436493
1766477929.655713,0.47075417207523634,0.216745724006849,0.3465940999289059,1,True,0.4412979483604431,0.16849929094314575,0.08695497363805771,0.1649138629436493
1766477929.6586912,0.47075417207523634,0.216745724006849,0.3465940999289059,1,True,0.4412979483604431,0.16849929094314575,0.08695497363805771,0.1649138629436493
1766477929.665526,0.4421123918124442,0.0025091564433477043,1.0,2,False,,,,
1766477929.9337192,0.4421123918124442,0.0025091564433477043,1.0,2,False,,,,
1766477929.94011,0.4421123918124442,0.0025091564433477043,1.0,2,False,,,,
1766477929.9428349,0.4421123918124442,0.0025091564433477043,1.0,2,False,,,,
1766477929.945583,0.4421123918124442,0.0025091564433477043,1.0,2,False,,,,
1766477929.9488041,0.49639448466246794,-0.0238145948016264,0.9897424578666687,1,False,,,,
1766477930.529994,0.017166083567614353,0.4441933893549236,0.7677103161811829,1,False,,,,
1766477930.537656,0.017166083567614353,0.4441933893549236,0.7677103161811829,1,False,,,,
1766477930.543544,0.017166083567614353,0.4441933893549236,0.7677103161811829,1,False,,,,
1766477930.54638,0.017166083567614353,0.4441933893549236,0.7677103161811829,1,False,,,,
1766477930.5517719,0.4612489565783299,0.22874915716243727,0.5671002754927635,1,True,0.4122447967529297,0.11679068952798843,0.08049269020557404,0.15807901322841644
1766477930.8392918,0.4612489565783299,0.22874915716243727,0.5671002754927635,1,True,0.4122447967529297,0.11679068952798843,0.08049269020557404,0.15807901322841644
1766477930.845556,0.4612489565783299,0.22874915716243727,0.5671002754927635,1,True,0.4122447967529297,0.11679068952798843,0.08049269020557404,0.15807901322841644
1766477930.848316,0.4612489565783299,0.22874915716243727,0.5671002754927635,1,True,0.4122447967529297,0.11679068952798843,0.08049269020557404,0.15807901322841644
1766477930.850823,0.4612489565783299,0.22874915716243727,0.5671002754927635,1,True,0.4122447967529297,0.11679068952798843,0.08049269020557404,0.15807901322841644
1766477930.853133,0.46203221471424333,0.23126371286574565,0.40745961744122894,1,False,,,,
1766477931.140775,0.46203221471424333,0.23126371286574565,0.40745961744122894,1,False,,,,
1766477931.147348,0.46203221471424333,0.23126371286574565,0.40745961744122894,1,False,,,,
1766477931.150701,0.46203221471424333,0.23126371286574565,0.40745961744122894,1,False,,,,
1766477931.153406,0.46203221471424333,0.23126371286574565,0.40745961744122894,1,False,,,,
1766477931.155956,0.4615790935368994,0.23176435920766136,0.48261766360125385,1,False,,,,
1766477931.551389,0.4615790935368994,0.23176435920766136,0.48261766360125385,1,False,,,,
1766477931.556566,0.4615790935368994,0.23176435920766136,0.48261766360125385,1,False,,,,
1766477931.559586,0.4615790935368994,0.23176435920766136,0.48261766360125385,1,False,,,,
1766477931.562096,0.4615790935368994,0.23176435920766136,0.48261766360125385,1,False,,,,
1766477931.565253,0.4620296222960366,0.22498115528231677,0.43129516354514447,1,False,,,,
1766477931.901345,0.5565519038530388,-0.25088710691002736,0.8290905952453613,1,False,,,,
1766477931.909365,0.5565519038530388,-0.25088710691002736,0.8290905952453613,1,False,,,,
1766477931.9153879,0.5565519038530388,-0.25088710691002736,0.8290905952453613,1,False,,,,
1766477931.9182642,0.5565519038530388,-0.25088710691002736,0.8290905952453613,1,False,,,,
1766477931.920911,0.47321674026941835,0.23924957302931715,0.6,0,False,,,,
1766477932.473616,0.13071393207996412,-0.5065377549456125,0.9458749377212035,0,False,,,,
1766477932.481358,0.13071393207996412,-0.5065377549456125,0.9458749377212035,0,False,,,,
1766477932.486781,0.13071393207996412,-0.5065377549456125,0.9458749377212035,0,False,,,,
1766477932.4913511,0.13071393207996412,-0.5065377549456125,0.9458749377212035,0,False,,,,
1766477932.493921,0.4792148666964768,0.24471470549892327,0.5562318946892227,0,False,,,,
1766477932.662574,0.4792148666964768,0.24471470549892327,0.5562318946892227,0,False,,,,
1766477932.669767,2.4114949387983398,1.1867423406064725,0.6650682866573334,0,False,,,,
1766477932.672916,2.4114949387983398,1.1867423406064725,0.6650682866573334,0,False,,,,
1766477932.676206,2.4114949387983398,1.1867423406064725,0.6650682866573334,0,False,,,,
1766477932.682415,0.4786573331917536,0.2413968897075227,0.48411560789062397,0,False,,,,
1766477932.8538182,0.4786573331917536,0.2413968897075227,0.48411560789062397,0,False,,,,
1766477932.8609762,0.4786573331917536,0.2413968897075227,0.48411560789062397,0,False,,,,
1766477932.86362,0.4786573331917536,0.2413968897075227,0.48411560789062397,0,False,,,,
1766477932.8667898,0.4786573331917536,0.2413968897075227,0.48411560789062397,0,False,,,,
1766477932.8697028,0.43701084607863727,0.6602479303068696,0.7741519808769226,0,False,,,,
1766477933.029871,0.43701084607863727,0.6602479303068696,0.7741519808769226,0,False,,,,
1766477933.0372229,0.42751329361592677,0.6507150328125104,0.8035922646522522,0,False,,,,
1766477933.04126,0.42751329361592677,0.6507150328125104,0.8035922646522522,0,False,,,,
1766477933.044419,0.42751329361592677,0.6507150328125104,0.8035922646522522,0,False,,,,
1766477933.049613,0.4809964115018007,0.24639725979149651,0.3669272844655754,0,False,,,,
1766477933.21518,0.4809964115018007,0.24639725979149651,0.3669272844655754,0,False,,,,
1766477933.2209768,0.4809964115018007,0.24639725979149651,0.3669272844655754,0,False,,,,
1766477933.223796,0.4809964115018007,0.24639725979149651,0.3669272844655754,0,False,,,,
1766477933.226193,0.4809964115018007,0.24639725979149651,0.3669272844655754,0,False,,,,
1766477933.22867,0.48175691492072403,0.24284798864905743,0.37203540348890934,0,False,,,,
1766477933.404695,0.48175691492072403,0.24284798864905743,0.37203540348890934,0,False,,,,
1766477933.409896,0.41068942320224683,0.6392924606284374,0.8732572197914124,0,False,,,,
1766477933.415195,0.41068942320224683,0.6392924606284374,0.8732572197914124,0,False,,,,
1766477933.4212291,0.41068942320224683,0.6392924606284374,0.8732572197914124,0,False,,,,
1766477933.4241002,0.4150518123788,0.5162574381547116,0.9214523434638977,0,False,,,,
1766477933.618377,0.4150518123788,0.5162574381547116,0.9214523434638977,0,False,,,,
1766477933.622899,0.4150518123788,0.5162574381547116,0.9214523434638977,0,False,,,,
1766477933.625843,0.4150518123788,0.5162574381547116,0.9214523434638977,0,False,,,,
1766477933.6289039,0.4150518123788,0.5162574381547116,0.9214523434638977,0,False,,,,
1766477933.6311371,0.4845770808333495,0.2516600571763321,0.2881394006668961,0,False,,,,
1766477933.781953,0.48411826827796,0.2484460742537311,0.27891100350581133,0,False,,,,
1766477933.787991,0.48411826827796,0.2484460742537311,0.27891100350581133,0,False,,,,
1766477933.792591,0.48411826827796,0.2484460742537311,0.27891100350581133,0,False,,,,
1766477933.795458,0.48411826827796,0.2484460742537311,0.27891100350581133,0,False,,,,
1766477933.7998521,0.4850480966343893,0.2500333471471369,0.16038938653052212,0,False,,,,
1766477934.007712,0.4101538880758369,0.5376316577569614,0.8773061037063599,0,False,,,,
1766477934.013033,0.48485918571594955,0.2508185416627271,0.20702083524350806,0,False,,,,
1766477934.018386,0.48485918571594955,0.2508185416627271,0.20702083524350806,0,False,,,,
1766477934.0215611,0.48485918571594955,0.2508185416627271,0.20702083524350806,0,False,,,,
1766477934.0245702,0.48308970913099997,0.25437229492037305,0.20655064579532784,0,False,,,,
1766477934.19551,0.48308970913099997,0.25437229492037305,0.20655064579532784,0,False,,,,
1766477934.200593,0.48308970913099997,0.25437229492037305,0.20655064579532784,0,False,,,,
1766477934.203237,0.48308970913099997,0.25437229492037305,0.20655064579532784,0,False,,,,
1766477934.2064981,0.48308970913099997,0.25437229492037305,0.20655064579532784,0,False,,,,
1766477934.209137,0.48731804691373537,0.25997101395232036,0.023651818596630066,0,False,,,,
1766477934.4115489,0.36097923155126566,0.5200767375611721,1.0,0,False,,,,
1766477934.417082,0.4864835958466161,0.2528689001870339,0.028516105765122406,0,False,,,,
1766477934.420575,0.4864835958466161,0.2528689001870339,0.028516105765122406,0,False,,,,
1766477934.426079,0.4864835958466161,0.2528689001870339,0.028516105765122406,0,False,,,,
1766477934.4288268,0.4640541082163037,0.2459098898329235,0.0,0,False,,,,
1766477934.607351,0.4640541082163037,0.2459098898329235,0.0,0,False,,,,
1766477934.613187,0.35892905300073136,0.5581679024747089,0.9436100125312805,0,False,,,,
1766477934.616143,0.35892905300073136,0.5581679024747089,0.9436100125312805,0,False,,,,
1766477934.619689,0.35892905300073136,0.5581679024747089,0.9436100125312805,0,False,,,,
1766477934.625352,0.35640686261064625,0.054481301852650876,0.8978912234306335,0,False,,,,
1766477935.162643,0.35640686261064625,0.054481301852650876,0.8978912234306335,0,False,,,,
1766477935.1679611,0.35640686261064625,0.054481301852650876,0.8978912234306335,0,False,,,,
1766477935.1705961,0.35640686261064625,0.054481301852650876,0.8978912234306335,0,False,,,,
1766477935.175594,0.35640686261064625,0.054481301852650876,0.8978912234306335,0,False,,,,
1766477935.178071,0.3327092080203773,-0.01857156675942573,0.9084053933620453,0,False,,,,
1766477935.4531388,0.4640541082163037,0.2459098898329235,0.0,0,False,,,,
1766477935.4598122,0.4640541082163037,0.2459098898329235,0.0,0,False,,,,
1766477935.465903,0.4640541082163037,0.2459098898329235,0.0,0,False,,,,
1766477935.468752,0.4640541082163037,0.2459098898329235,0.0,0,False,,,,
1766477935.471183,0.399080425312216,0.5699663587175068,0.8798660039901733,0,False,,,,
1766477935.660318,0.399080425312216,0.5699663587175068,0.8798660039901733,0,False,,,,
1766477935.665334,0.399080425312216,0.5699663587175068,0.8798660039901733,0,False,,,,
1766477935.668428,0.399080425312216,0.5699663587175068,0.8798660039901733,0,False,,,,
1766477935.671036,0.399080425312216,0.5699663587175068,0.8798660039901733,0,False,,,,
1766477935.673367,0.8013622911567205,0.04585548038482101,0.99,0,False,,,,
1766477936.162524,0.4653331456110742,0.23420327299282118,0.42735952973517155,0,False,,,,
1766477936.169307,0.4653331456110742,0.23420327299282118,0.42735952973517155,0,False,,,,
1766477936.172375,0.4653331456110742,0.23420327299282118,0.42735952973517155,0,False,,,,
1766477936.174906,0.4653331456110742,0.23420327299282118,0.42735952973517155,0,False,,,,
1766477936.17717,0.4653832566816881,0.24042022415057052,0.38983444165522885,0,False,,,,
1766477936.3641448,0.4653832566816881,0.24042022415057052,0.38983444165522885,0,False,,,,
1766477936.369714,0.4653832566816881,0.24042022415057052,0.38983444165522885,0,False,,,,
1766477936.37241,0.4653832566816881,0.24042022415057052,0.38983444165522885,0,False,,,,
1766477936.374897,0.4653832566816881,0.24042022415057052,0.38983444165522885,0,False,,,,
1766477936.377229,0.3780320469865005,0.554414548716484,0.9274723529815674,0,False,,,,
1766477936.566446,0.3780320469865005,0.554414548716484,0.9274723529815674,0,False,,,,
1766477936.5711548,0.3780320469865005,0.554414548716484,0.9274723529815674,0,False,,,,
1766477936.57553,0.3780320469865005,0.554414548716484,0.9274723529815674,0,False,,,,
1766477936.578217,0.3780320469865005,0.554414548716484,0.9274723529815674,0,False,,,,
1766477936.58103,0.7562092604605717,0.5323373284097663,0.0,0,False,,,,
1766477936.754456,0.7562092604605717,0.5323373284097663,0.0,0,False,,,,
1766477936.7612648,0.46439981400260527,0.24427722873592927,0.26932209137449914,0,False,,,,
1766477936.765051,0.46439981400260527,0.24427722873592927,0.26932209137449914,0,False,,,,
1766477936.7705019,0.46439981400260527,0.24427722873592927,0.26932209137449914,0,False,,,,
1766477936.773359,0.4663892509457453,0.2375252301198909,0.4338806784735364,0,False,,,,
1766477936.929045,0.5715504358049251,0.16446608853356826,0.8629449009895325,0,False,,,,
1766477936.935806,0.5715504358049251,0.16446608853356826,0.8629449009895325,0,False,,,,
1766477936.941215,0.5715504358049251,0.16446608853356826,0.8629449009895325,0,False,,,,
1766477936.9439418,0.5715504358049251,0.16446608853356826,0.8629449009895325,0,False,,,,
1766477936.9483159,0.42513650699388156,0.19857347431856565,0.8526930229172951,1,False,,,,
1766477937.286117,0.42513650699388156,0.19857347431856565,0.8526930229172951,1,False,,,,
1766477937.294291,0.46827337656211776,0.23371386132497607,0.346292430256731,1,False,,,,
1766477937.297369,0.46827337656211776,0.23371386132497607,0.346292430256731,1,False,,,,
1766477937.3049269,0.46827337656211776,0.23371386132497607,0.346292430256731,1,False,,,,
1766477937.308085,0.11225628448472694,0.2645786484769882,0.863616406917572,1,False,,,,
1766477937.651126,0.11225628448472694,0.2645786484769882,0.863616406917572,1,False,,,,
1766477937.657671,0.11225628448472694,0.2645786484769882,0.863616406917572,1,False,,,,
1766477937.660518,0.11225628448472694,0.2645786484769882,0.863616406917572,1,False,,,,
1766477937.6632068,0.11225628448472694,0.2645786484769882,0.863616406917572,1,False,,,,
1766477937.666446,0.4653091280550906,0.24086457353682245,0.34268553425669296,1,False,,,,
1766477937.89094,0.4653091280550906,0.24086457353682245,0.34268553425669296,1,False,,,,
1766477937.896461,0.5461654141873722,-0.09624906304029879,0.9028384685516357,1,False,,,,
1766477937.899429,0.4614480367152112,0.23338590739958276,0.28389075702519645,1,False,,,,
1766477937.9019678,0.4614480367152112,0.23338590739958276,0.28389075702519645,1,False,,,,
1766477937.905356,0.46000460858632025,0.22945404520807267,0.4872622935897912,1,False,,,,
1766477938.313584,0.46000460858632025,0.22945404520807267,0.4872622935897912,1,False,,,,
1766477938.321515,0.46000460858632025,0.22945404520807267,0.4872622935897912,1,False,,,,
1766477938.324085,0.46000460858632025,0.22945404520807267,0.4872622935897912,1,False,,,,
1766477938.326294,0.46000460858632025,0.22945404520807267,0.4872622935897912,1,False,,,,
1766477938.3287308,0.46100873618444177,0.23315374189161586,0.6,0,False,,,,
1766477938.503712,0.46047773771138445,0.2319961524127977,0.5657839393339741,0,False,,,,
1766477938.509948,0.46047773771138445,0.2319961524127977,0.5657839393339741,0,False,,,,
1766477938.515101,0.46047773771138445,0.2319961524127977,0.5657839393339741,0,False,,,,
1766477938.5199099,0.46047773771138445,0.2319961524127977,0.5657839393339741,0,False,,,,
1766477938.522507,0.4575753320866526,0.23378118009046356,0.4366406443323952,0,False,,,,
1766477939.110208,0.45700074374059074,0.24207051734271856,0.43859625456360346,0,False,,,,
1766477939.119123,0.45700074374059074,0.24207051734271856,0.43859625456360346,0,False,,,,
1766477939.1241422,0.45700074374059074,0.24207051734271856,0.43859625456360346,0,False,,,,
1766477939.127121,0.45700074374059074,0.24207051734271856,0.43859625456360346,0,False,,,,
1766477939.1294332,0.45337903835679577,0.24150319793183472,0.5004465588849683,0,False,,,,
1766477939.471375,0.38061595061111503,0.6760372469240102,0.9956566691398621,0,False,,,,
1766477939.477747,0.5151405452519977,0.3419889769268054,0.8777868206344374,0,False,,,,
1766477939.483507,0.5151405452519977,0.3419889769268054,0.8777868206344374,0,False,,,,
1766477939.4861178,0.5151405452519977,0.3419889769268054,0.8777868206344374,0,False,,,,
1766477939.488807,0.5178509894379631,0.2386837900183476,0.8589243292808533,0,False,,,,
1766477939.7079492,0.5167810527343489,0.24303170831347998,0.8851001858711243,0,False,,,,
1766477939.7139142,0.43159265570911637,0.16208576591110202,0.6781572651426748,0,False,,,,
1766477939.719711,0.43159265570911637,0.16208576591110202,0.6781572651426748,0,False,,,,
1766477939.7226,0.43159265570911637,0.16208576591110202,0.6781572651426748,0,False,,,,
1766477939.725002,0.3499090710799811,0.7762472092470405,1.0,0,False,,,,
1766477939.9026198,0.3499090710799811,0.7762472092470405,1.0,0,False,,,,
1766477939.9079418,0.45266757899585575,0.2458664502820328,0.48519159743294843,0,False,,,,
1766477939.9107158,0.4525124533038409,0.24594249506651922,0.4669697193883686,0,False,,,,
1766477939.9143622,0.4525124533038409,0.24594249506651922,0.4669697193883686,0,False,,,,
1766477939.9200058,0.4509481396133622,0.24695437568384926,0.45310306902701003,0,False,,,,
1766477940.08439,0.4509481396133622,0.24695437568384926,0.45310306902701003,0,False,,,,
1766477940.0896509,0.4509481396133622,0.24695437568384926,0.45310306902701003,0,False,,,,
1766477940.09441,0.4509481396133622,0.24695437568384926,0.45310306902701003,0,False,,,,
1766477940.096728,0.4509481396133622,0.24695437568384926,0.45310306902701003,0,False,,,,
1766477940.09901,0.450351858070443,0.27609885223245234,0.8514990239767808,0,False,,,,
1766477940.250931,0.38118404459947614,0.15297252890452862,0.8143606976847583,0,False,,,,
1766477940.25717,0.38118404459947614,0.15297252890452862,0.8143606976847583,0,False,,,,
1766477940.26193,0.38118404459947614,0.15297252890452862,0.8143606976847583,0,False,,,,
1766477940.2644072,0.38118404459947614,0.15297252890452862,0.8143606976847583,0,False,,,,
1766477940.267532,0.44983704853981327,0.2501798497466654,0.4464367022153408,0,False,,,,
1766477940.421207,0.44983704853981327,0.2501798497466654,0.4464367022153408,0,False,,,,
1766477940.426379,0.44983704853981327,0.2501798497466654,0.4464367022153408,0,False,,,,
1766477940.429291,0.44983704853981327,0.2501798497466654,0.4464367022153408,0,False,,,,
1766477940.431781,0.44983704853981327,0.2501798497466654,0.4464367022153408,0,False,,,,
1766477940.4365618,0.38488956160795346,0.2615460003291401,0.2867455944176449,0,False,,,,
1766477940.6119318,0.3791968055848331,0.2659679140227549,0.2786368936699089,0,False,,,,
1766477940.617376,0.4075618404819356,0.5703777739554494,0.9789180755615234,0,False,,,,
1766477940.621129,0.4075618404819356,0.5703777739554494,0.9789180755615234,0,False,,,,
1766477940.626841,0.4075618404819356,0.5703777739554494,0.9789180755615234,0,False,,,,
1766477940.6295009,0.6071702459333277,-0.04843216083332602,0.5034864309544713,0,False,,,,
1766477941.279333,0.6082959634163887,-0.046460267873356775,0.49482512156151504,0,False,,,,
1766477941.2895648,0.6079937066731567,-0.04475566064216552,0.5065740184448145,0,False,,,,
1766477941.2957141,0.6079937066731567,-0.04475566064216552,0.5065740184448145,0,False,,,,
1766477941.298574,0.6079937066731567,-0.04475566064216552,0.5065740184448145,0,False,,,,
1766477941.301245,0.04533620485552703,0.513133449612498,0.16642755693524316,1,False,,,,
1766477941.5628622,0.04533620485552703,0.513133449612498,0.16642755693524316,1,False,,,,
1766477941.568631,0.04533620485552703,0.513133449612498,0.16642755693524316,1,False,,,,
1766477941.571299,0.04533620485552703,0.513133449612498,0.16642755693524316,1,False,,,,
1766477941.573772,0.04533620485552703,0.513133449612498,0.16642755693524316,1,False,,,,
1766477941.576133,0.46862309542959873,0.20877385652502634,0.1107015501867611,1,False,,,,
1766477941.791497,0.46959020936429396,0.2073302342703982,0.10292947478573926,1,False,,,,
1766477941.798599,0.46959020936429396,0.2073302342703982,0.10292947478573926,1,False,,,,
1766477941.8046038,0.46959020936429396,0.2073302342703982,0.10292947478573926,1,False,,,,
1766477941.80753,0.46959020936429396,0.2073302342703982,0.10292947478573926,1,False,,,,
1766477941.810294,0.5810000288353411,-0.13105965544787423,0.806587815284729,1,False,,,,
1766477942.199486,0.5810000288353411,-0.13105965544787423,0.806587815284729,1,False,,,,
1766477942.2055922,0.5810000288353411,-0.13105965544787423,0.806587815284729,1,False,,,,
1766477942.2087119,0.5810000288353411,-0.13105965544787423,0.806587815284729,1,False,,,,
1766477942.2142131,0.5810000288353411,-0.13105965544787423,0.806587815284729,1,False,,,,
1766477942.217529,0.5509686676165358,-0.5380793981760703,0.8076668365558799,1,False,,,,
1766477942.507457,0.5509686676165358,-0.5380793981760703,0.8076668365558799,1,False,,,,
1766477942.513663,0.5509686676165358,-0.5380793981760703,0.8076668365558799,1,False,,,,
1766477942.516664,0.5509686676165358,-0.5380793981760703,0.8076668365558799,1,False,,,,
1766477942.519258,0.4746439783809951,0.20209050982141274,0.01878230761453879,1,False,,,,
1766477942.522038,0.46384063835095013,0.24588039579374765,0.0,1,False,,,,
1766477942.824192,0.46384063835095013,0.24588039579374765,0.0,1,False,,,,
1766477942.831143,0.5672029095971718,-0.15672358159418853,0.8168008327484131,1,False,,,,
1766477942.8382,0.5672029095971718,-0.15672358159418853,0.8168008327484131,1,False,,,,
1766477942.8412669,0.5672029095971718,-0.15672358159418853,0.8168008327484131,1,False,,,,
1766477942.8438752,0.6124965012866286,-0.47729598480107294,0.7937580347061157,1,False,,,,
1766477943.0988748,0.46384063835095013,0.24588039579374765,0.0,1,False,,,,
1766477943.105845,0.46384063835095013,0.24588039579374765,0.0,1,False,,,,
1766477943.108686,0.46384063835095013,0.24588039579374765,0.0,1,False,,,,
1766477943.111186,0.46384063835095013,0.24588039579374765,0.0,1,False,,,,
1766477943.113576,0.6699230925977011,-0.6960324067587744,0.9260400784015655,1,False,,,,
1766477943.38372,0.6699230925977011,-0.6960324067587744,0.9260400784015655,1,False,,,,
1766477943.3898711,0.6699230925977011,-0.6960324067587744,0.9260400784015655,1,False,,,,
1766477943.392821,0.4768716397593985,0.24938559721709874,0.49524042847193517,1,False,,,,
1766477943.395848,0.5541030662897024,-0.14224957366602586,0.8704949617385864,1,False,,,,
1766477943.3986838,0.47697922085913025,0.2526714580595961,0.4803990700731196,1,False,,,,
1766477943.658132,0.47697922085913025,0.2526714580595961,0.4803990700731196,1,False,,,,
1766477943.665705,0.5403835884771178,-0.14249970622182673,0.8970804810523987,1,False,,,,
1766477943.671948,0.5403835884771178,-0.14249970622182673,0.8970804810523987,1,False,,,,
1766477943.6779652,0.5403835884771178,-0.14249970622182673,0.8970804810523987,1,False,,,,
1766477943.680835,0.543788478236275,-0.15212400182336316,0.8926324248313904,1,False,,,,
1766477943.9076748,0.543788478236275,-0.15212400182336316,0.8926324248313904,1,False,,,,
1766477943.913625,0.543788478236275,-0.15212400182336316,0.8926324248313904,1,False,,,,
1766477943.91659,0.543788478236275,-0.15212400182336316,0.8926324248313904,1,False,,,,
1766477943.9191291,0.543788478236275,-0.15212400182336316,0.8926324248313904,1,False,,,,
1766477943.921539,0.35346385753519804,-0.4053513179637447,0.7312970936298371,1,False,,,,
1766477944.454614,0.35346385753519804,-0.4053513179637447,0.7312970936298371,1,False,,,,
1766477944.461039,0.35346385753519804,-0.4053513179637447,0.7312970936298371,1,False,,,,
1766477944.4643252,0.48216178806257987,0.26415242685655005,0.5344524930384363,1,False,,,,
1766477944.4678211,0.4820362850665759,0.26626294181631516,0.4760371268601948,1,False,,,,
1766477944.4737868,0.48478227845230704,0.2678512241437927,0.440170846678216,1,False,,,,
1766477944.715371,0.48478227845230704,0.2678512241437927,0.440170846678216,1,False,,,,
1766477944.721233,0.48478227845230704,0.2678512241437927,0.440170846678216,1,False,,,,
1766477944.724022,0.48478227845230704,0.2678512241437927,0.440170846678216,1,False,,,,
1766477944.7266681,0.48478227845230704,0.2678512241437927,0.440170846678216,1,False,,,,
1766477944.729546,0.4864096872695335,0.2749650738778844,0.49374849940920407,1,False,,,,
1766477944.981101,0.4864096872695335,0.2749650738778844,0.49374849940920407,1,False,,,,
1766477944.9873412,0.4864096872695335,0.2749650738778844,0.49374849940920407,1,False,,,,
1766477944.990271,0.4864096872695335,0.2749650738778844,0.49374849940920407,1,False,,,,
1766477944.993387,0.4864096872695335,0.2749650738778844,0.49374849940920407,1,False,,,,
1766477944.9962041,0.5325271922402687,-0.16652781859546462,0.8850139379501343,1,False,,,,
1766477945.376564,0.5325271922402687,-0.16652781859546462,0.8850139379501343,1,False,,,,
1766477945.381977,0.5325271922402687,-0.16652781859546462,0.8850139379501343,1,False,,,,
1766477945.384608,0.5325271922402687,-0.16652781859546462,0.8850139379501343,1,False,,,,
1766477945.386914,0.5325271922402687,-0.16652781859546462,0.8850139379501343,1,False,,,,
1766477945.3895302,0.4872115557812588,0.2867013613310836,0.30641050801115793,1,False,,,,
1766477945.61455,0.4872115557812588,0.2867013613310836,0.30641050801115793,1,False,,,,
1766477945.620744,0.4872115557812588,0.2867013613310836,0.30641050801115793,1,False,,,,
1766477945.623749,0.4872115557812588,0.2867013613310836,0.30641050801115793,1,False,,,,
1766477945.626473,0.4872115557812588,0.2867013613310836,0.30641050801115793,1,False,,,,
1766477945.628961,0.006877794173101836,0.5223142003967858,0.8122008144855499,1,False,,,,
1766477945.847023,0.0038436289305126435,0.5696018922057873,0.8155080676078796,1,False,,,,
1766477945.855032,0.0038436289305126435,0.5696018922057873,0.8155080676078796,1,False,,,,
1766477945.860885,0.0038436289305126435,0.5696018922057873,0.8155080676078796,1,False,,,,
1766477945.8663821,0.0038436289305126435,0.5696018922057873,0.8155080676078796,1,False,,,,
1766477945.8689651,0.007109858648959655,0.5111041187984146,0.8553800284862518,1,False,,,,
1766477946.084437,0.007109858648959655,0.5111041187984146,0.8553800284862518,1,False,,,,
1766477946.090328,0.007109858648959655,0.5111041187984146,0.8553800284862518,1,False,,,,
1766477946.093312,0.007109858648959655,0.5111041187984146,0.8553800284862518,1,False,,,,
1766477946.095863,0.007109858648959655,0.5111041187984146,0.8553800284862518,1,False,,,,
1766477946.098433,-0.003802046870973985,0.5898175555581946,0.8151369094848633,1,False,,,,
1766477946.4066849,-0.003802046870973985,0.5898175555581946,0.8151369094848633,1,False,,,,
1766477946.413485,0.48547401300341153,0.29775096152357383,0.16715666310761063,1,False,,,,
1766477946.417553,0.48547401300341153,0.29775096152357383,0.16715666310761063,1,False,,,,
1766477946.423854,0.48547401300341153,0.29775096152357383,0.16715666310761063,1,False,,,,
1766477946.426825,0.47640025006842873,0.318487533084692,0.17178939031987894,1,False,,,,
1766477946.7183418,0.5393297383871953,-0.08124910441381328,0.8716483116149902,1,False,,,,
1766477946.725811,0.5393297383871953,-0.08124910441381328,0.8716483116149902,1,False,,,,
1766477946.72871,0.5393297383871953,-0.08124910441381328,0.8716483116149902,1,False,,,,
1766477946.731277,0.5393297383871953,-0.08124910441381328,0.8716483116149902,1,False,,,,
1766477946.73416,0.5230442491125522,-0.13708217289460523,0.8603811860084534,1,False,,,,
1766477947.029674,0.5230442491125522,-0.13708217289460523,0.8603811860084534,1,False,,,,
1766477947.0359302,0.5230442491125522,-0.13708217289460523,0.8603811860084534,1,False,,,,
1766477947.0390542,0.5230442491125522,-0.13708217289460523,0.8603811860084534,1,False,,,,
1766477947.041609,0.5230442491125522,-0.13708217289460523,0.8603811860084534,1,False,,,,
1766477947.044409,0.5435950751673898,-0.1280650523373188,0.8376321196556091,1,False,,,,
1766477947.3203561,0.5435950751673898,-0.1280650523373188,0.8376321196556091,1,False,,,,
1766477947.326588,0.5435950751673898,-0.1280650523373188,0.8376321196556091,1,False,,,,
1766477947.33169,0.5435950751673898,-0.1280650523373188,0.8376321196556091,1,False,,,,
1766477947.334372,0.5435950751673898,-0.1280650523373188,0.8376321196556091,1,False,,,,
1766477947.3374,0.5281868851342373,-0.09879847013330778,0.885098397731781,1,False,,,,
1766477947.629992,0.5281868851342373,-0.09879847013330778,0.885098397731781,1,False,,,,
1766477947.635953,0.5281868851342373,-0.09879847013330778,0.885098397731781,1,False,,,,
1766477947.63884,0.5281868851342373,-0.09879847013330778,0.885098397731781,1,False,,,,
1766477947.641645,0.5281868851342373,-0.09879847013330778,0.885098397731781,1,False,,,,
1766477947.644356,0.459738487423058,0.32303069585357314,0.16993419983539443,1,False,,,,
1766477947.866998,0.459738487423058,0.32303069585357314,0.16993419983539443,1,False,,,,
1766477947.872828,0.459738487423058,0.32303069585357314,0.16993419983539443,1,False,,,,
1766477947.875762,0.459738487423058,0.32303069585357314,0.16993419983539443,1,False,,,,
1766477947.878581,0.459738487423058,0.32303069585357314,0.16993419983539443,1,False,,,,
1766477947.884558,0.5341148649949641,-0.12359714185090298,0.8470965623855591,1,False,,,,
1766477948.245756,0.5341148649949641,-0.12359714185090298,0.8470965623855591,1,False,,,,
1766477948.2523289,0.5326331749681429,-0.12121415927448265,0.8639600872993469,1,False,,,,
1766477948.255935,0.46379453494429346,0.2458376246558177,0.0,1,False,,,,
1766477948.258819,0.46379453494429346,0.2458376246558177,0.0,1,False,,,,
1766477948.2648408,0.5290580190315436,-0.1337585022170229,0.8533915877342224,1,False,,,,
1766477948.4981601,0.5290580190315436,-0.1337585022170229,0.8533915877342224,1,False,,,,
1766477948.50502,0.5290580190315436,-0.1337585022170229,0.8533915877342224,1,False,,,,
1766477948.5078359,0.5290580190315436,-0.1337585022170229,0.8533915877342224,1,False,,,,
1766477948.510675,0.5290580190315436,-0.1337585022170229,0.8533915877342224,1,False,,,,
1766477948.5137799,0.05528304533644093,1.6166921778599914,0.7828798121019904,1,False,,,,
1766477948.732566,0.05528304533644093,1.6166921778599914,0.7828798121019904,1,False,,,,
1766477948.7379048,0.05528304533644093,1.6166921778599914,0.7828798121019904,1,False,,,,
1766477948.740603,0.05528304533644093,1.6166921778599914,0.7828798121019904,1,False,,,,
1766477948.743225,0.05528304533644093,1.6166921778599914,0.7828798121019904,1,False,,,,
1766477948.745743,0.46379453494429346,0.2458376246558177,0.0,1,False,,,,
1766477949.053168,0.46379453494429346,0.2458376246558177,0.0,1,False,,,,
1766477949.059723,0.46379453494429346,0.2458376246558177,0.0,1,False,,,,
1766477949.063243,0.46379453494429346,0.2458376246558177,0.0,1,False,,,,
1766477949.0707881,0.46379453494429346,0.2458376246558177,0.0,1,False,,,,
1766477949.073638,0.5129016737011842,-0.16090100158024723,0.8824496865272522,1,False,,,,
1766477949.282361,0.5129016737011842,-0.16090100158024723,0.8824496865272522,1,False,,,,
1766477949.2885911,0.5129016737011842,-0.16090100158024723,0.8824496865272522,1,False,,,,
1766477949.2916229,0.46379453494429346,0.2458376246558177,0.0,1,False,,,,
1766477949.297594,0.46379453494429346,0.2458376246558177,0.0,1,False,,,,
1766477949.301056,0.46379453494429346,0.2458376246558177,0.0,1,False,,,,
1766477949.523934,0.5563190778986534,-0.11322900539257175,0.8336533308029175,1,False,,,,
1766477949.5310562,0.46379453494429346,0.2458376246558177,0.0,1,False,,,,
1766477949.538561,0.46379453494429346,0.2458376246558177,0.0,1,False,,,,
1766477949.541282,0.46379453494429346,0.2458376246558177,0.0,1,False,,,,
1766477949.543791,0.8249284501042295,-1.570870989363435,0.8292555212974548,1,False,,,,
1766477949.770795,0.8249284501042295,-1.570870989363435,0.8292555212974548,1,False,,,,
1766477949.777245,0.8249284501042295,-1.570870989363435,0.8292555212974548,1,False,,,,
1766477949.7799308,0.8249284501042295,-1.570870989363435,0.8292555212974548,1,False,,,,
1766477949.7827368,0.8249284501042295,-1.570870989363435,0.8292555212974548,1,False,,,,
1766477949.785291,0.7561807582747319,0.5319089646906854,0.0,0,False,,,,
1766477949.967711,0.7561807582747319,0.5319089646906854,0.0,0,False,,,,
1766477949.974914,0.7561807582747319,0.5319089646906854,0.0,0,False,,,,
1766477949.977438,0.7561807582747319,0.5319089646906854,0.0,0,False,,,,
1766477949.9798982,0.7561807582747319,0.5319089646906854,0.0,0,False,,,,
1766477949.982504,31.237910109773612,50.284119516185505,0.7284001886844635,0,False,,,,
1766477950.194762,31.237910109773612,50.284119516185505,0.7284001886844635,0,False,,,,
1766477950.201447,0.47963488208343347,0.2666248709848358,0.5072530104149817,0,False,,,,
1766477950.2048352,0.47963488208343347,0.2666248709848358,0.5072530104149817,0,False,,,,
1766477950.211329,0.47963488208343347,0.2666248709848358,0.5072530104149817,0,False,,,,
1766477950.214675,0.4802824272684981,0.2679668002136255,0.4979009063196559,0,False,,,,
1766477950.383832,0.4802824272684981,0.2679668002136255,0.4979009063196559,0,False,,,,
1766477950.391061,0.4802824272684981,0.2679668002136255,0.4979009063196559,0,False,,,,
1766477950.396296,0.4803016141660764,0.26802145034180846,0.43394757164065895,0,False,,,,
1766477950.400343,0.4797468235446078,0.2658451002533586,0.4685065139504042,0,False,,,,
1766477950.40316,0.3895427486107181,0.4914340956071668,0.9081355333328247,0,False,,,,
1766477950.563713,0.3916255622108847,0.4911577441610424,0.7927818894386292,0,False,,,,
1766477950.570722,0.3927786197536952,0.48875102573176177,0.8965536952018738,0,False,,,,
1766477950.576642,0.3927786197536952,0.48875102573176177,0.8965536952018738,0,False,,,,
1766477950.5793312,0.3927786197536952,0.48875102573176177,0.8965536952018738,0,False,,,,
1766477950.581495,0.40460483945190173,0.49609212144030324,0.9710949659347534,0,False,,,,
1766477950.774522,0.40460483945190173,0.49609212144030324,0.9710949659347534,0,False,,,,
1766477950.780164,0.40460483945190173,0.49609212144030324,0.9710949659347534,0,False,,,,
1766477950.7829719,0.40460483945190173,0.49609212144030324,0.9710949659347534,0,False,,,,
1766477950.785462,0.40460483945190173,0.49609212144030324,0.9710949659347534,0,False,,,,
1766477950.7901409,0.48058357716921635,0.2679680078468236,0.42328463802318744,0,False,,,,
1766477950.966912,0.48026510579518655,0.27126194055376307,0.4482525622435712,0,False,,,,
1766477950.973223,0.48026510579518655,0.27126194055376307,0.4482525622435712,0,False,,,,
1766477950.978295,0.48026510579518655,0.27126194055376307,0.4482525622435712,0,False,,,,
1766477950.98122,0.48026510579518655,0.27126194055376307,0.4482525622435712,0,False,,,,
1766477950.983883,0.4803134894665554,0.2702966289186287,0.44232982182681757,0,False,,,,
1766477951.167535,0.4402126658179185,0.5429514803793362,0.9516431093215942,0,False,,,,
1766477951.1730182,0.4407986228700995,0.541736325889017,0.8942787647247314,0,False,,,,
1766477951.1792068,0.4407986228700995,0.541736325889017,0.8942787647247314,0,False,,,,
1766477951.182049,0.4407986228700995,0.541736325889017,0.8942787647247314,0,False,,,,
1766477951.18433,0.3360204796187527,0.5162904401687982,1.0,0,False,,,,
1766477951.352802,0.3360204796187527,0.5162904401687982,1.0,0,False,,,,
1766477951.357603,0.3360204796187527,0.5162904401687982,1.0,0,False,,,,
1766477951.3600378,0.3360204796187527,0.5162904401687982,1.0,0,False,,,,
1766477951.362546,0.3360204796187527,0.5162904401687982,1.0,0,False,,,,
1766477951.3651829,0.4803906260159071,0.26851868322772776,0.5392295045313794,0,False,,,,
1766477951.550831,0.4803906260159071,0.26851868322772776,0.5392295045313794,0,False,,,,
1766477951.5561721,0.4803906260159071,0.26851868322772776,0.5392295045313794,0,False,,,,
1766477951.5590148,0.4803906260159071,0.26851868322772776,0.5392295045313794,0,False,,,,
1766477951.561962,0.4803906260159071,0.26851868322772776,0.5392295045313794,0,False,,,,
1766477951.5643861,0.5467792041745229,0.6972965000598295,0.8134413335558126,0,False,,,,
1766477951.854193,0.5467792041745229,0.6972965000598295,0.8134413335558126,0,False,,,,
1766477951.858905,0.5467792041745229,0.6972965000598295,0.8134413335558126,0,False,,,,
1766477951.861519,0.5467792041745229,0.6972965000598295,0.8134413335558126,0,False,,,,
1766477951.874766,0.442777321550612,0.287510943980791,0.41366895980150387,0,False,,,,
1766477951.877429,0.3345710848516106,0.34276341730448157,0.16159646236144667,0,False,,,,
1766477952.089164,0.3345710848516106,0.34276341730448157,0.16159646236144667,0,False,,,,
1766477952.0954392,0.3345710848516106,0.34276341730448157,0.16159646236144667,0,False,,,,
1766477952.097986,0.3345710848516106,0.34276341730448157,0.16159646236144667,0,False,,,,
1766477952.1005929,0.3345710848516106,0.34276341730448157,0.16159646236144667,0,False,,,,
1766477952.1031291,0.5826522143028386,-0.04719628454897529,0.99,0,False,,,,
1766477952.284469,0.5826522143028386,-0.04719628454897529,0.99,0,False,,,,
1766477952.290962,0.5826522143028386,-0.04719628454897529,0.99,0,False,,,,
1766477952.293568,0.5826522143028386,-0.04719628454897529,0.99,0,False,,,,
1766477952.2960289,0.5826522143028386,-0.04719628454897529,0.99,0,False,,,,
1766477952.298562,0.39303188655549,0.28659379133508633,0.4263557767311294,1,False,,,,
1766477952.650889,0.39303188655549,0.28659379133508633,0.4263557767311294,1,False,,,,
1766477952.658606,0.39303188655549,0.28659379133508633,0.4263557767311294,1,False,,,,
1766477952.661634,0.39303188655549,0.28659379133508633,0.4263557767311294,1,False,,,,
1766477952.66453,0.39303188655549,0.28659379133508633,0.4263557767311294,1,False,,,,
1766477952.667697,0.5689110702488993,0.12046691082648209,0.4370553589888563,1,False,,,,
1766477952.921637,0.5689110702488993,0.12046691082648209,0.4370553589888563,1,False,,,,
1766477952.927943,0.5689110702488993,0.12046691082648209,0.4370553589888563,1,False,,,,
1766477952.9313211,0.5689110702488993,0.12046691082648209,0.4370553589888563,1,False,,,,
1766477952.934143,0.5689110702488993,0.12046691082648209,0.4370553589888563,1,False,,,,
1766477952.936569,0.47031414702695623,0.26544455800991784,0.5429218945930466,1,False,,,,
1766477953.187347,0.47031414702695623,0.26544455800991784,0.5429218945930466,1,False,,,,
1766477953.194227,0.47031414702695623,0.26544455800991784,0.5429218945930466,1,False,,,,
1766477953.199362,0.47031414702695623,0.26544455800991784,0.5429218945930466,1,False,,,,
1766477953.201904,0.47031414702695623,0.26544455800991784,0.5429218945930466,1,False,,,,
1766477953.20461,0.5364492852510694,0.0320897886972864,0.8820692300796509,1,False,,,,
1766477953.530268,0.5364492852510694,0.0320897886972864,0.8820692300796509,1,False,,,,
1766477953.5365682,0.5364492852510694,0.0320897886972864,0.8820692300796509,1,False,,,,
1766477953.539652,0.5364492852510694,0.0320897886972864,0.8820692300796509,1,False,,,,
1766477953.5422668,0.5364492852510694,0.0320897886972864,0.8820692300796509,1,False,,,,
1766477953.545106,0.46828918474574965,0.2713730394506957,0.4140966087710285,1,False,,,,
1766477954.007294,0.46828918474574965,0.2713730394506957,0.4140966087710285,1,False,,,,
1766477954.01374,0.46828918474574965,0.2713730394506957,0.4140966087710285,1,False,,,,
1766477954.018016,0.5152364280256008,0.014329077213453556,0.9723236560821533,1,False,,,,
1766477954.0209322,0.5152364280256008,0.014329077213453556,0.9723236560821533,1,False,,,,
1766477954.027445,0.5560449670457761,1.5008865345220999,0.8,1,False,,,,
1766477954.393566,0.5041352162400374,0.22658135524346412,0.989452064037323,1,True,0.47875314950942993,0.11347802728414536,0.08659706264734268,0.1697530299425125
1766477954.400427,0.5041352162400374,0.22658135524346412,0.989452064037323,1,True,0.47875314950942993,0.11347802728414536,0.08659706264734268,0.1697530299425125
1766477954.403404,0.5041352162400374,0.22658135524346412,0.989452064037323,1,True,0.47875314950942993,0.11347802728414536,0.08659706264734268,0.1697530299425125
1766477954.4060469,0.5041352162400374,0.22658135524346412,0.989452064037323,1,True,0.47875314950942993,0.11347802728414536,0.08659706264734268,0.1697530299425125
1766477954.408684,0.4703498135129759,0.26759199386886234,0.48372031981711083,1,False,,,,
1766477954.730071,0.4703498135129759,0.26759199386886234,0.48372031981711083,1,False,,,,
1766477954.736619,0.4703498135129759,0.26759199386886234,0.48372031981711083,1,False,,,,
1766477954.739316,0.4703498135129759,0.26759199386886234,0.48372031981711083,1,False,,,,
1766477954.741902,0.4703498135129759,0.26759199386886234,0.48372031981711083,1,False,,,,
1766477954.7450318,0.46910394857584164,0.2670352949820646,0.4532807602253861,1,False,,,,
1766477955.045346,0.46910394857584164,0.2670352949820646,0.4532807602253861,1,False,,,,
1766477955.0508091,0.46910394857584164,0.2670352949820646,0.4532807602253861,1,False,,,,
1766477955.0535018,0.46910394857584164,0.2670352949820646,0.4532807602253861,1,False,,,,
1766477955.0575502,0.5115147038466679,-0.006570650082186713,0.9035565257072449,1,False,,,,
1766477955.0616682,0.5166829310193044,0.005922200729107985,0.9404905438423157,1,False,,,,
1766477955.544201,0.5166829310193044,0.005922200729107985,0.9404905438423157,1,False,,,,
1766477955.550164,0.5166829310193044,0.005922200729107985,0.9404905438423157,1,False,,,,
1766477955.553324,0.5166829310193044,0.005922200729107985,0.9404905438423157,1,False,,,,
1766477955.556223,0.5163364756380046,0.007448092804344109,0.9398473501205444,1,False,,,,
1766477955.559094,0.5037743953350801,0.008458694202561179,0.992128849029541,2,False,,,,
1766477955.817537,0.5037743953350801,0.008458694202561179,0.992128849029541,2,False,,,,
1766477955.82385,0.5032076662497815,0.007320377276282097,0.9198580384254456,2,False,,,,
1766477955.827195,0.5036340537351724,0.007725299344161551,0.9821302890777588,2,False,,,,
1766477955.8331661,0.5036340537351724,0.007725299344161551,0.9821302890777588,2,False,,,,
1766477955.83988,0.4753715510841001,0.27672321117056686,0.36621111437448234,1,True,0.48196834325790405,0.1420307606458664,0.08197593688964844,0.15662528574466705
1766477956.069946,0.4753715510841001,0.27672321117056686,0.36621111437448234,1,True,0.48196834325790405,0.1420307606458664,0.08197593688964844,0.15662528574466705
1766477956.076392,0.4753715510841001,0.27672321117056686,0.36621111437448234,1,True,0.48196834325790405,0.1420307606458664,0.08197593688964844,0.15662528574466705
1766477956.0792,0.4753715510841001,0.27672321117056686,0.36621111437448234,1,True,0.48196834325790405,0.1420307606458664,0.08197593688964844,0.15662528574466705
1766477956.081588,0.4753715510841001,0.27672321117056686,0.36621111437448234,1,True,0.48196834325790405,0.1420307606458664,0.08197593688964844,0.15662528574466705
1766477956.0842319,0.4772367614865745,0.270178340243605,0.3805449790311022,1,True,0.482532262802124,0.1398201882839203,0.08356980979442596,0.1617598682641983
1766477956.415998,0.4772367614865745,0.270178340243605,0.3805449790311022,1,True,0.482532262802124,0.1398201882839203,0.08356980979442596,0.1617598682641983
1766477956.422067,0.4772367614865745,0.270178340243605,0.3805449790311022,1,True,0.482532262802124,0.1398201882839203,0.08356980979442596,0.1617598682641983
1766477956.425662,0.4772367614865745,0.270178340243605,0.3805449790311022,1,True,0.482532262802124,0.1398201882839203,0.08356980979442596,0.1617598682641983
1766477956.429328,0.5359379126650373,0.02307760257469027,0.929783284664154,1,False,,,,
1766477956.432252,0.47722176279131673,0.2709457542349796,0.4224706648281686,1,True,0.4803640842437744,0.13278944790363312,0.08832082897424698,0.17312224209308624
1766477956.794867,0.5428461347446559,0.03315897421263325,0.9370735287666321,1,False,,,,
1766477956.802052,0.47723305624873935,0.26227934522994756,0.3763054641080345,1,True,0.4803640842437744,0.13278944790363312,0.08832082897424698,0.17312224209308624
1766477956.809424,0.47723305624873935,0.26227934522994756,0.3763054641080345,1,True,0.4803640842437744,0.13278944790363312,0.08832082897424698,0.17312224209308624
1766477956.812264,0.47723305624873935,0.26227934522994756,0.3763054641080345,1,True,0.4803640842437744,0.13278944790363312,0.08832082897424698,0.17312224209308624
1766477956.815202,0.4774793200156952,0.2715515133876446,0.4011353914318339,1,True,0.47312769293785095,0.11831366270780563,0.0902131050825119,0.18040621280670166
1766477957.0942478,0.4774793200156952,0.2715515133876446,0.4011353914318339,1,True,0.47312769293785095,0.11831366270780563,0.0902131050825119,0.18040621280670166
1766477957.1011488,0.49606239050846657,0.0005913039872798009,0.9394513368606567,1,False,,,,
1766477957.1044102,0.49606239050846657,0.0005913039872798009,0.9394513368606567,1,False,,,,
1766477957.107462,0.49606239050846657,0.0005913039872798009,0.9394513368606567,1,False,,,,
1766477957.1146,0.8399177010379573,0.6207226425056529,0.16349706037076034,1,False,,,,
1766477957.343329,0.8399177010379573,0.6207226425056529,0.16349706037076034,1,False,,,,
1766477957.3502212,0.8399177010379573,0.6207226425056529,0.16349706037076034,1,False,,,,
1766477957.355548,0.8399177010379573,0.6207226425056529,0.16349706037076034,1,False,,,,
1766477957.358287,0.8399177010379573,0.6207226425056529,0.16349706037076034,1,False,,,,
1766477957.360909,0.5807258878082197,-0.001024929559678034,0.44476860558993264,1,False,,,,
1766477957.659721,0.5807258878082197,-0.001024929559678034,0.44476860558993264,1,False,,,,
1766477957.666116,0.5807258878082197,-0.001024929559678034,0.44476860558993264,1,False,,,,
1766477957.669234,0.5888347786878226,-0.024787374439853016,0.4091621700679473,1,False,,,,
1766477957.6722271,0.5888347786878226,-0.024787374439853016,0.4091621700679473,1,False,,,,
1766477957.67557,0.46360612802072787,0.24564070433781504,0.0,0,False,,,,
1766477957.8516622,0.46360612802072787,0.24564070433781504,0.0,0,False,,,,
1766477957.857961,0.46360612802072787,0.24564070433781504,0.0,0,False,,,,
1766477957.8610501,0.46360612802072787,0.24564070433781504,0.0,0,False,,,,
1766477957.8636029,0.46360612802072787,0.24564070433781504,0.0,0,False,,,,
1766477957.8686678,0.46360612802072787,0.24564070433781504,0.0,0,False,,,,
1766477958.062994,0.46360612802072787,0.24564070433781504,0.0,0,False,,,,
1766477958.070051,0.46360612802072787,0.24564070433781504,0.0,0,False,,,,
1766477958.073185,0.4630669966436208,0.1583215990319946,0.14743003681594,0,False,,,,
1766477958.076019,0.4630669966436208,0.1583215990319946,0.14743003681594,0,False,,,,
1766477958.078923,0.4210591944113749,0.5279104872304483,0.7688969373703003,0,False,,,,
1766477958.278101,0.4291139566685436,0.5323797566981788,0.8375520706176758,0,False,,,,
1766477958.286479,0.4291139566685436,0.5323797566981788,0.8375520706176758,0,False,,,,
1766477958.2889862,0.4291139566685436,0.5323797566981788,0.8375520706176758,0,False,,,,
1766477958.291584,0.4291139566685436,0.5323797566981788,0.8375520706176758,0,False,,,,
1766477958.293785,0.36948991567919853,0.059647772299713964,0.7937941109272059,0,False,,,,
1766477958.482805,0.36948991567919853,0.059647772299713964,0.7937941109272059,0,False,,,,
1766477958.487626,0.36948991567919853,0.059647772299713964,0.7937941109272059,0,False,,,,
1766477958.4902039,0.36948991567919853,0.059647772299713964,0.7937941109272059,0,False,,,,
1766477958.492637,0.36948991567919853,0.059647772299713964,0.7937941109272059,0,False,,,,
1766477958.4950762,0.3967029304367039,0.1447392392766078,0.814176818231487,0,False,,,,
1766477958.64693,0.463608921119251,0.2456490067149758,0.0,0,False,,,,
1766477958.653276,0.463608921119251,0.2456490067149758,0.0,0,False,,,,
1766477958.658389,0.463608921119251,0.2456490067149758,0.0,0,False,,,,
1766477958.661022,0.463608921119251,0.2456490067149758,0.0,0,False,,,,
1766477958.663432,0.41162496876820853,0.5547333234580349,0.9001150131225586,0,False,,,,
1766477958.848005,0.41162496876820853,0.5547333234580349,0.9001150131225586,0,False,,,,
1766477958.854177,0.41162496876820853,0.5547333234580349,0.9001150131225586,0,False,,,,
1766477958.856823,0.41162496876820853,0.5547333234580349,0.9001150131225586,0,False,,,,
1766477958.861217,0.41162496876820853,0.5547333234580349,0.9001150131225586,0,False,,,,
1766477958.863662,0.3821222697127285,0.5904464313746148,0.9577397108078003,0,False,,,,
1766477959.0467699,0.3821222697127285,0.5904464313746148,0.9577397108078003,0,False,,,,
1766477959.0531242,0.3821222697127285,0.5904464313746148,0.9577397108078003,0,False,,,,
1766477959.057784,0.3821222697127285,0.5904464313746148,0.9577397108078003,0,False,,,,
1766477959.0602748,0.3821222697127285,0.5904464313746148,0.9577397108078003,0,False,,,,
1766477959.062599,0.463608921119251,0.2456490067149758,0.0,0,False,,,,
1766477959.308466,0.37034970651959886,0.592412021928239,0.9955978989601135,0,False,,,,
1766477959.313813,0.3702191651582183,0.5933024980576289,1.0,0,False,,,,
1766477959.317617,0.3702191651582183,0.5933024980576289,1.0,0,False,,,,
1766477959.322089,0.3702191651582183,0.5933024980576289,1.0,0,False,,,,
1766477959.324685,0.4166093538936936,0.5512552226216342,0.9458040595054626,0,False,,,,
1766477959.5494568,0.4135151852966187,0.5541667620340419,0.9220739603042603,0,False,,,,
1766477959.554762,0.4135151852966187,0.5541667620340419,0.9220739603042603,0,False,,,,
1766477959.557908,0.4135151852966187,0.5541667620340419,0.9220739603042603,0,False,,,,
1766477959.560343,0.4135151852966187,0.5541667620340419,0.9220739603042603,0,False,,,,
1766477959.562664,0.4152012676391991,0.5618779275584054,0.9180724620819092,0,False,,,,
1766477959.730558,0.4152012676391991,0.5618779275584054,0.9180724620819092,0,False,,,,
1766477959.735502,0.4152012676391991,0.5618779275584054,0.9180724620819092,0,False,,,,
1766477959.738276,0.4152012676391991,0.5618779275584054,0.9180724620819092,0,False,,,,
1766477959.7408252,0.4152012676391991,0.5618779275584054,0.9180724620819092,0,False,,,,
1766477959.7432299,0.39025172787371337,0.5797776717787247,0.9792796969413757,0,False,,,,
1766477959.9374552,0.39025172787371337,0.5797776717787247,0.9792796969413757,0,False,,,,
1766477959.942556,0.39025172787371337,0.5797776717787247,0.9792796969413757,0,False,,,,
1766477959.947105,0.3918984029613257,0.578644132245322,0.9226179718971252,0,False,,,,
1766477959.950635,0.463608921119251,0.2456490067149758,0.0,0,False,,,,
1766477959.95468,0.4372227470109712,0.10053146627609832,0.8274744929490041,0,False,,,,
1766477960.1221051,0.43569380594918783,0.09680196635527283,0.8337897720766969,0,False,,,,
1766477960.127892,0.43569380594918783,0.09680196635527283,0.8337897720766969,0,False,,,,
1766477960.132888,0.43569380594918783,0.09680196635527283,0.8337897720766969,0,False,,,,
1766477960.135676,0.43569380594918783,0.09680196635527283,0.8337897720766969,0,False,,,,
1766477960.1378849,0.3945268314030843,0.6398234101436185,0.8492838144302368,0,False,,,,
1766477960.605736,0.3945268314030843,0.6398234101436185,0.8492838144302368,0,False,,,,
1766477960.611857,0.3945268314030843,0.6398234101436185,0.8492838144302368,0,False,,,,
1766477960.614938,0.3945268314030843,0.6398234101436185,0.8492838144302368,0,False,,,,
1766477960.617794,0.39662251141748883,0.6387024228307803,0.8316677808761597,0,False,,,,
1766477960.6236732,0.4071390552596187,0.43691145674875864,1.0,0,False,,,,
1766477960.788064,0.361130284423836,0.002423871544285916,0.9797471784115193,0,False,,,,
1766477960.7936451,0.361130284423836,0.002423871544285916,0.9797471784115193,0,False,,,,
1766477960.79874,0.361130284423836,0.002423871544285916,0.9797471784115193,0,False,,,,
1766477960.801546,0.361130284423836,0.002423871544285916,0.9797471784115193,0,False,,,,
1766477960.804179,0.6469612696664919,0.06562546952367554,0.4520362929531382,0,False,,,,
1766477960.9968,0.6469612696664919,0.06562546952367554,0.4520362929531382,0,False,,,,
1766477961.002146,0.6469612696664919,0.06562546952367554,0.4520362929531382,0,False,,,,
1766477961.005322,0.6469612696664919,0.06562546952367554,0.4520362929531382,0,False,,,,
1766477961.007679,0.6469612696664919,0.06562546952367554,0.4520362929531382,0,False,,,,
1766477961.0100281,0.6311618485970445,0.048283538665337855,0.4625826013561173,0,False,,,,
1766477961.1848261,0.6311618485970445,0.048283538665337855,0.4625826013561173,0,False,,,,
1766477961.189604,0.463608921119251,0.2456490067149758,0.0,0,False,,,,
1766477961.1925209,0.463608921119251,0.2456490067149758,0.0,0,False,,,,
1766477961.198295,0.463608921119251,0.2456490067149758,0.0,0,False,,,,
1766477961.201653,0.463608921119251,0.2456490067149758,0.0,0,False,,,,
1766477961.396265,0.463608921119251,0.2456490067149758,0.0,0,False,,,,
1766477961.402755,0.463608921119251,0.2456490067149758,0.0,0,False,,,,
1766477961.405498,0.463608921119251,0.2456490067149758,0.0,0,False,,,,
1766477961.407978,0.463608921119251,0.2456490067149758,0.0,0,False,,,,
1766477961.410754,0.5363412960288196,0.19872719187719068,0.584676691294009,1,False,,,,
1766477961.697144,0.5363412960288196,0.19872719187719068,0.584676691294009,1,False,,,,
1766477961.704866,0.5363412960288196,0.19872719187719068,0.584676691294009,1,False,,,,
1766477961.70769,0.5363412960288196,0.19872719187719068,0.584676691294009,1,False,,,,
1766477961.7131279,0.5363412960288196,0.19872719187719068,0.584676691294009,1,False,,,,
1766477961.716492,0.4808629124402823,0.24020829448159198,0.48856013313751023,1,True,0.4631224274635315,0.06023267284035683,0.08902530372142792,0.1813431680202484
1766477961.965989,0.4808629124402823,0.24020829448159198,0.48856013313751023,1,True,0.4631224274635315,0.06023267284035683,0.08902530372142792,0.1813431680202484
1766477961.972469,0.4808629124402823,0.24020829448159198,0.48856013313751023,1,True,0.4631224274635315,0.06023267284035683,0.08902530372142792,0.1813431680202484
1766477961.975553,0.4808629124402823,0.24020829448159198,0.48856013313751023,1,True,0.4631224274635315,0.06023267284035683,0.08902530372142792,0.1813431680202484
1766477961.9782348,0.4808629124402823,0.24020829448159198,0.48856013313751023,1,True,0.4631224274635315,0.06023267284035683,0.08902530372142792,0.1813431680202484
1766477961.981576,0.5056986517097032,0.0125886253115437,0.9716642498970032,1,False,,,,
1766477962.371933,0.5056986517097032,0.0125886253115437,0.9716642498970032,1,False,,,,
1766477962.37841,0.5056986517097032,0.0125886253115437,0.9716642498970032,1,False,,,,
1766477962.381206,0.5056986517097032,0.0125886253115437,0.9716642498970032,1,False,,,,
1766477962.384175,0.5056986517097032,0.0125886253115437,0.9716642498970032,1,False,,,,
1766477962.386847,0.41548390834853083,0.25264969424203554,0.38554931840630646,1,False,,,,
1766477962.694083,0.41548390834853083,0.25264969424203554,0.38554931840630646,1,False,,,,
1766477962.7016141,0.41534603581587104,0.25077824047805986,0.41272077769985244,1,False,,,,
1766477962.704947,0.41534603581587104,0.25077824047805986,0.41272077769985244,1,False,,,,
1766477962.711215,0.41534603581587104,0.25077824047805986,0.41272077769985244,1,False,,,,
1766477962.7143161,0.48872281518123595,-0.029903091112348346,1.0,1,False,,,,
1766477962.938025,0.48872281518123595,-0.029903091112348346,1.0,1,False,,,,
1766477962.944391,0.48872281518123595,-0.029903091112348346,1.0,1,False,,,,
1766477962.9473128,0.48872281518123595,-0.029903091112348346,1.0,1,False,,,,
1766477962.950285,0.48872281518123595,-0.029903091112348346,1.0,1,False,,,,
1766477962.953311,0.4042124404642914,0.24883595080650367,0.3532862885513501,1,False,,,,
1766477963.1825778,0.4042124404642914,0.24883595080650367,0.3532862885513501,1,False,,,,
1766477963.188778,0.4042124404642914,0.24883595080650367,0.3532862885513501,1,False,,,,
1766477963.1940858,0.4042124404642914,0.24883595080650367,0.3532862885513501,1,False,,,,
1766477963.19704,0.40259178519048755,0.24640684269801216,0.3815729769646075,1,False,,,,
1766477963.201099,0.005458043402614532,-0.12216423705423107,0.9812620532512665,2,False,,,,
1766477963.6046221,0.46355911475082595,0.24560230744624512,0.0,2,True,0.4407903552055359,0.10048580169677734,0.08546952903270721,0.16583356261253357
1766477963.612053,0.46355911475082595,0.24560230744624512,0.0,2,True,0.4407903552055359,0.10048580169677734,0.08546952903270721,0.16583356261253357
1766477963.618054,0.46355911475082595,0.24560230744624512,0.0,2,True,0.4407903552055359,0.10048580169677734,0.08546952903270721,0.16583356261253357
1766477963.620855,0.46355911475082595,0.24560230744624512,0.0,2,True,0.4407903552055359,0.10048580169677734,0.08546952903270721,0.16583356261253357
1766477963.623272,0.46653781662084004,-0.09935984743353332,1.0,1,False,,,,
1766477963.9110332,0.46653781662084004,-0.09935984743353332,1.0,1,False,,,,
1766477963.917245,0.46653781662084004,-0.09935984743353332,1.0,1,False,,,,
1766477963.920049,0.46653781662084004,-0.09935984743353332,1.0,1,False,,,,
1766477963.922571,0.46653781662084004,-0.09935984743353332,1.0,1,False,,,,
1766477963.927787,0.4634563944814353,0.24558224191251032,0.0,1,True,0.41391468048095703,0.08069013059139252,0.08832740783691406,0.16631333529949188
1766477964.391514,0.4634563944814353,0.24558224191251032,0.0,1,True,0.41391468048095703,0.08069013059139252,0.08832740783691406,0.16631333529949188
1766477964.397811,0.4634563944814353,0.24558224191251032,0.0,1,True,0.41391468048095703,0.08069013059139252,0.08832740783691406,0.16631333529949188
1766477964.401076,0.4634563944814353,0.24558224191251032,0.0,1,True,0.41391468048095703,0.08069013059139252,0.08832740783691406,0.16631333529949188
1766477964.4037418,0.49168096248414894,-0.05510284531859733,0.9561623930931091,1,False,,,,
1766477964.407563,0.4634563944814353,0.24558224191251032,0.0,1,True,0.41142264008522034,0.08644502609968185,0.0884157195687294,0.16386209428310394
1766477964.648704,0.4634563944814353,0.24558224191251032,0.0,1,True,0.41142264008522034,0.08644502609968185,0.0884157195687294,0.16386209428310394
1766477964.6555011,0.4634563944814353,0.24558224191251032,0.0,1,True,0.41142264008522034,0.08644502609968185,0.0884157195687294,0.16386209428310394
1766477964.65858,0.4634563944814353,0.24558224191251032,0.0,1,True,0.41142264008522034,0.08644502609968185,0.0884157195687294,0.16386209428310394
1766477964.661185,0.4634563944814353,0.24558224191251032,0.0,1,True,0.41142264008522034,0.08644502609968185,0.0884157195687294,0.16386209428310394
1766477964.663573,0.4594363026087923,-0.07418532134757272,1.0,1,False,,,,
1766477964.930357,0.4594363026087923,-0.07418532134757272,1.0,1,False,,,,
1766477964.935456,0.4594363026087923,-0.07418532134757272,1.0,1,False,,,,
1766477964.938006,0.4594363026087923,-0.07418532134757272,1.0,1,False,,,,
1766477964.941267,0.46718589121786425,-0.06761484776573834,0.9686630964279175,1,False,,,,
1766477964.944642,0.45575740885598687,-0.06030990534643199,1.0,1,False,,,,
1766477965.178001,0.45944595154307777,0.21576734248176954,0.1284571338340682,1,True,0.42022234201431274,0.07711096853017807,0.08646412193775177,0.1687711924314499
1766477965.1850939,0.45944595154307777,0.21576734248176954,0.1284571338340682,1,True,0.42022234201431274,0.07711096853017807,0.08646412193775177,0.1687711924314499
1766477965.191264,0.45944595154307777,0.21576734248176954,0.1284571338340682,1,True,0.42022234201431274,0.07711096853017807,0.08646412193775177,0.1687711924314499
1766477965.1944902,0.45944595154307777,0.21576734248176954,0.1284571338340682,1,True,0.42022234201431274,0.07711096853017807,0.08646412193775177,0.1687711924314499
1766477965.197185,0.45672087709831216,-0.08543753273395183,1.0,1,False,,,,
1766477965.4921181,0.45672087709831216,-0.08543753273395183,1.0,1,False,,,,
1766477965.498323,0.45672087709831216,-0.08543753273395183,1.0,1,False,,,,
1766477965.5014431,0.45672087709831216,-0.08543753273395183,1.0,1,False,,,,
1766477965.506805,0.46661819933361953,0.20844120773091934,0.04249017075417439,1,True,0.4267135560512543,0.07060487568378448,0.08542947471141815,0.168354794383049
1766477965.509866,0.46119381019466343,0.20985285373316198,0.08749412389550525,1,True,0.4305173456668854,0.026269277557730675,0.08723678439855576,0.17515407502651215
1766477965.739959,0.46119381019466343,0.20985285373316198,0.08749412389550525,1,True,0.4305173456668854,0.026269277557730675,0.08723678439855576,0.17515407502651215
1766477965.7478578,0.4615966141114967,0.20915816982648305,0.09254260899374032,1,True,0.4305173456668854,0.026269277557730675,0.08723678439855576,0.17515407502651215
1766477965.75152,0.4615966141114967,0.20915816982648305,0.09254260899374032,1,True,0.4305173456668854,0.026269277557730675,0.08723678439855576,0.17515407502651215
1766477965.757899,0.4615966141114967,0.20915816982648305,0.09254260899374032,1,True,0.4305173456668854,0.026269277557730675,0.08723678439855576,0.17515407502651215
1766477965.7608802,0.39216306899246867,0.5366043178877885,0.7713718414306641,0,False,,,,
1766477965.983288,0.46154560365900676,0.22555896178218404,0.49510923105383897,0,False,,,,
1766477965.990497,0.46154560365900676,0.22555896178218404,0.49510923105383897,0,False,,,,
1766477965.995718,0.46154560365900676,0.22555896178218404,0.49510923105383897,0,False,,,,
1766477965.9984279,0.46154560365900676,0.22555896178218404,0.49510923105383897,0,False,,,,
1766477966.000643,0.2906340176445384,0.021262898606322467,0.7531861364841461,0,False,,,,
1766477966.169306,0.2906340176445384,0.021262898606322467,0.7531861364841461,0,False,,,,
1766477966.17677,0.2906340176445384,0.021262898606322467,0.7531861364841461,0,False,,,,
1766477966.180214,0.46054115920496275,0.21764639682719222,0.44539821142043184,0,False,,,,
1766477966.183864,0.4601823240559293,0.21645994646409794,0.4089073451093534,0,False,,,,
1766477966.1868072,0.30495900275527477,0.07314102383244991,0.8566350936889648,0,False,,,,
1766477966.363371,0.30495900275527477,0.07314102383244991,0.8566350936889648,0,False,,,,
1766477966.368787,0.30495900275527477,0.07314102383244991,0.8566350936889648,0,False,,,,
1766477966.371742,0.30495900275527477,0.07314102383244991,0.8566350936889648,0,False,,,,
1766477966.374075,0.30495900275527477,0.07314102383244991,0.8566350936889648,0,False,,,,
1766477966.3764322,0.3044699492591573,-0.006921072247351834,0.8614005148410797,0,False,,,,
1766477966.536136,0.3044699492591573,-0.006921072247351834,0.8614005148410797,0,False,,,,
1766477966.5423539,0.3044699492591573,-0.006921072247351834,0.8614005148410797,0,False,,,,
1766477966.547325,0.30435923596037184,-0.0075203570878270565,0.8438833951950073,0,False,,,,
1766477966.550072,0.46101300971228254,0.21746086975286483,0.3907488247804172,0,False,,,,
1766477966.5540638,0.3010810213259333,-0.009550982083849968,0.8946714401245117,0,False,,,,
1766477966.740681,0.3010810213259333,-0.009550982083849968,0.8946714401245117,0,False,,,,
1766477966.745894,0.3010810213259333,-0.009550982083849968,0.8946714401245117,0,False,,,,
1766477966.7496471,0.4583645760311814,0.21812689101543858,0.4407621381786391,0,False,,,,
1766477966.752341,0.4583645760311814,0.21812689101543858,0.4407621381786391,0,False,,,,
1766477966.755,0.46575401985259113,0.22312842919951548,0.41639341911279737,0,False,,,,
1766477966.938504,0.46575401985259113,0.22312842919951548,0.41639341911279737,0,False,,,,
1766477966.9437099,0.46575401985259113,0.22312842919951548,0.41639341911279737,0,False,,,,
1766477966.946581,0.46575401985259113,0.22312842919951548,0.41639341911279737,0,False,,,,
1766477966.949515,0.46575401985259113,0.22312842919951548,0.41639341911279737,0,False,,,,
1766477966.954656,0.4622354009599726,0.22772481762829289,0.35434094774075836,0,False,,,,
1766477967.119364,0.3500322017582832,0.06664161619244535,0.9129863132377412,0,False,,,,
1766477967.124927,0.3500322017582832,0.06664161619244535,0.9129863132377412,0,False,,,,
1766477967.130235,0.3500322017582832,0.06664161619244535,0.9129863132377412,0,False,,,,
1766477967.1331918,0.3500322017582832,0.06664161619244535,0.9129863132377412,0,False,,,,
1766477967.135674,0.37869680443646486,-0.023664475762465775,0.8638564050197601,0,False,,,,
1766477967.342133,0.37869680443646486,-0.023664475762465775,0.8638564050197601,0,False,,,,
1766477967.3473642,0.37869680443646486,-0.023664475762465775,0.8638564050197601,0,False,,,,
1766477967.350859,0.37869680443646486,-0.023664475762465775,0.8638564050197601,0,False,,,,
1766477967.354605,0.380412514143831,-0.022902694846017146,0.8286347797526723,0,False,,,,
1766477967.357165,0.46355821938189334,0.23082889877828083,0.2761211618014612,0,False,,,,
1766477967.513571,0.46355821938189334,0.23082889877828083,0.2761211618014612,0,False,,,,
1766477967.518631,0.46355821938189334,0.23082889877828083,0.2761211618014612,0,False,,,,
1766477967.521301,0.3767908100541843,-0.049191051097080996,0.8929093182086945,0,False,,,,
1766477967.524061,0.3767908100541843,-0.049191051097080996,0.8929093182086945,0,False,,,,
1766477967.5267708,0.4193466940650702,-0.07256409683768328,0.8126541957827355,0,False,,,,
1766477967.6930969,0.46115188856798317,0.22681343562622214,0.24824714097936074,0,False,,,,
1766477967.698665,0.46115188856798317,0.22681343562622214,0.24824714097936074,0,False,,,,
1766477967.7019598,0.46115188856798317,0.22681343562622214,0.24824714097936074,0,False,,,,
1766477967.704332,0.46115188856798317,0.22681343562622214,0.24824714097936074,0,False,,,,
1766477967.706775,0.41732078781665133,-0.07151124449757829,0.7817839791988083,0,False,,,,
1766477967.8666298,0.41732078781665133,-0.07151124449757829,0.7817839791988083,0,False,,,,
1766477967.871615,0.41732078781665133,-0.07151124449757829,0.7817839791988083,0,False,,,,
1766477967.8744,0.41732078781665133,-0.07151124449757829,0.7817839791988083,0,False,,,,
1766477967.879164,0.41732078781665133,-0.07151124449757829,0.7817839791988083,0,False,,,,
1766477967.8818371,0.4408262588951645,0.5358297483576783,0.9512037634849548,0,False,,,,
1766477968.0396612,0.4408262588951645,0.5358297483576783,0.9512037634849548,0,False,,,,
1766477968.0446348,0.4408262588951645,0.5358297483576783,0.9512037634849548,0,False,,,,
1766477968.047329,0.4408262588951645,0.5358297483576783,0.9512037634849548,0,False,,,,
1766477968.0500321,0.4408262588951645,0.5358297483576783,0.9512037634849548,0,False,,,,
1766477968.052385,0.39454780080896074,0.49683345340752316,0.48842277833310627,0,False,,,,
1766477968.203254,0.39454780080896074,0.49683345340752316,0.48842277833310627,0,False,,,,
1766477968.208274,0.39454780080896074,0.49683345340752316,0.48842277833310627,0,False,,,,
1766477968.2110112,0.39454780080896074,0.49683345340752316,0.48842277833310627,0,False,,,,
1766477968.213374,0.39454780080896074,0.49683345340752316,0.48842277833310627,0,False,,,,
1766477968.21575,0.46304153168463735,0.23238406144487522,0.4271856356077996,0,False,,,,
1766477968.369746,0.46304153168463735,0.23238406144487522,0.4271856356077996,0,False,,,,
1766477968.3751721,0.46304153168463735,0.23238406144487522,0.4271856356077996,0,False,,,,
1766477968.3779159,0.46304153168463735,0.23238406144487522,0.4271856356077996,0,False,,,,
1766477968.38065,0.46304153168463735,0.23238406144487522,0.4271856356077996,0,False,,,,
1766477968.383101,0.34093466863955496,0.5186442658872573,0.9700603485107422,0,False,,,,
1766477968.533856,0.34093466863955496,0.5186442658872573,0.9700603485107422,0,False,,,,
1766477968.5390432,0.34093466863955496,0.5186442658872573,0.9700603485107422,0,False,,,,
1766477968.541528,0.34093466863955496,0.5186442658872573,0.9700603485107422,0,False,,,,
1766477968.544063,0.34093466863955496,0.5186442658872573,0.9700603485107422,0,False,,,,
1766477968.5463722,0.3957082823060686,0.02511328764758458,0.9217983065052477,0,False,,,,
1766477968.7023869,0.3957082823060686,0.02511328764758458,0.9217983065052477,0,False,,,,
1766477968.7075021,0.3957082823060686,0.02511328764758458,0.9217983065052477,0,False,,,,
1766477968.7124,0.3957082823060686,0.02511328764758458,0.9217983065052477,0,False,,,,
1766477968.7146392,0.3957082823060686,0.02511328764758458,0.9217983065052477,0,False,,,,
1766477968.716882,0.46636498225580664,0.23881894489983713,0.42288756476200967,0,False,,,,
1766477968.89771,0.4666651349181775,0.24032740729773772,0.3631207628896082,0,False,,,,
1766477968.904077,0.4666651349181775,0.24032740729773772,0.3631207628896082,0,False,,,,
1766477968.90895,0.4666651349181775,0.24032740729773772,0.3631207628896082,0,False,,,,
1766477968.9116921,0.4666651349181775,0.24032740729773772,0.3631207628896082,0,False,,,,
1766477968.9139671,0.4666562419650459,0.24034222774024339,0.3466816869094861,0,False,,,,
1766477969.08748,0.4666562419650459,0.24034222774024339,0.3466816869094861,0,False,,,,
1766477969.0921578,0.4666562419650459,0.24034222774024339,0.3466816869094861,0,False,,,,
1766477969.094985,0.466936457663724,0.24178985684595222,0.3901998381537985,0,False,,,,
1766477969.097502,0.35781511549094774,0.5095971467544864,0.9228768944740295,0,False,,,,
1766477969.1046898,0.46755886866818736,0.24174238207980658,0.3650686125536912,0,False,,,,
1766477969.302351,0.4678572998540943,0.2433442829234933,0.37340704890047316,0,False,,,,
1766477969.308181,0.4678572998540943,0.2433442829234933,0.37340704890047316,0,False,,,,
1766477969.310883,0.4678572998540943,0.2433442829234933,0.37340704890047316,0,False,,,,
1766477969.313192,0.4678572998540943,0.2433442829234933,0.37340704890047316,0,False,,,,
1766477969.315797,0.38266086671967026,-0.03226617520598096,0.826824277639389,0,False,,,,
1766477969.509624,0.38266086671967026,-0.03226617520598096,0.826824277639389,0,False,,,,
1766477969.5143402,0.38266086671967026,-0.03226617520598096,0.826824277639389,0,False,,,,
1766477969.516907,0.38266086671967026,-0.03226617520598096,0.826824277639389,0,False,,,,
1766477969.5192719,0.38266086671967026,-0.03226617520598096,0.826824277639389,0,False,,,,
1766477969.5216131,0.41596080532653834,0.5298833169000516,0.9684945344924927,0,False,,,,
1766477969.709862,0.41596080532653834,0.5298833169000516,0.9684945344924927,0,False,,,,
1766477969.71492,0.41596080532653834,0.5298833169000516,0.9684945344924927,0,False,,,,
1766477969.717324,0.41596080532653834,0.5298833169000516,0.9684945344924927,0,False,,,,
1766477969.720007,0.41596080532653834,0.5298833169000516,0.9684945344924927,0,False,,,,
1766477969.7222762,0.4123098456860547,-0.071219968373742,0.8201484560216019,0,False,,,,
1766477970.1361752,0.46810768703957883,0.24467933346827397,0.4629234742199737,0,False,,,,
1766477970.142367,0.46810768703957883,0.24467933346827397,0.4629234742199737,0,False,,,,
1766477970.1472168,0.46810768703957883,0.24467933346827397,0.4629234742199737,0,False,,,,
1766477970.150151,0.46810768703957883,0.24467933346827397,0.4629234742199737,0,False,,,,
1766477970.1524081,0.38109866909601775,-0.08454438535623598,0.8592669004244697,0,False,,,,
1766477970.439172,0.45607101353401847,0.5383290450229332,0.9004569053649902,0,False,,,,
1766477970.4450612,0.45607101353401847,0.5383290450229332,0.9004569053649902,0,False,,,,
1766477970.450558,0.45607101353401847,0.5383290450229332,0.9004569053649902,0,False,,,,
1766477970.455588,0.45607101353401847,0.5383290450229332,0.9004569053649902,0,False,,,,
1766477970.458379,0.3689991433992593,-0.07070034992453933,0.868399262468321,0,False,,,,
1766477970.659797,0.3689991433992593,-0.07070034992453933,0.868399262468321,0,False,,,,
1766477970.664905,0.3689991433992593,-0.07070034992453933,0.868399262468321,0,False,,,,
1766477970.667728,0.4674380605857341,0.2442423099584735,0.38039685117322314,0,False,,,,
1766477970.670914,0.36329254655996895,-0.07139662328191365,0.8444196339217978,0,False,,,,
1766477970.6744478,0.4568502982288189,0.5339917496250971,0.9047884941101074,0,False,,,,
1766477970.868907,0.4568502982288189,0.5339917496250971,0.9047884941101074,0,False,,,,
1766477970.8742101,0.36217364394106,-0.046422854711028805,0.8576463003121971,0,False,,,,
1766477970.8773792,0.36217364394106,-0.046422854711028805,0.8576463003121971,0,False,,,,
1766477970.883096,0.36217364394106,-0.046422854711028805,0.8576463003121971,0,False,,,,
1766477970.8861618,0.3656087835077964,-0.056738561224364936,0.7894545495510101,0,False,,,,
1766477971.058347,0.3656087835077964,-0.056738561224364936,0.7894545495510101,0,False,,,,
1766477971.062997,0.3656087835077964,-0.056738561224364936,0.7894545495510101,0,False,,,,
1766477971.066047,0.3656087835077964,-0.056738561224364936,0.7894545495510101,0,False,,,,
1766477971.069385,0.3656087835077964,-0.056738561224364936,0.7894545495510101,0,False,,,,
1766477971.0723488,0.7166106583270967,1.3162023912033556,0.04423168014499077,0,False,,,,
1766477971.251272,0.7166106583270967,1.3162023912033556,0.04423168014499077,0,False,,,,
1766477971.25714,0.7166106583270967,1.3162023912033556,0.04423168014499077,0,False,,,,
1766477971.259876,0.7166106583270967,1.3162023912033556,0.04423168014499077,0,False,,,,
1766477971.262395,0.7166106583270967,1.3162023912033556,0.04423168014499077,0,False,,,,
1766477971.2647018,0.40950210530160147,0.24256972943955568,0.2166377842238319,0,False,,,,
1766477971.437003,0.40950210530160147,0.24256972943955568,0.2166377842238319,0,False,,,,
1766477971.4435709,0.4126914334351614,0.24360561100122713,0.2981808854519464,0,False,,,,
1766477971.448813,0.4126914334351614,0.24360561100122713,0.2981808854519464,0,False,,,,
1766477971.455085,0.4126914334351614,0.24360561100122713,0.2981808854519464,0,False,,,,
1766477971.457986,0.40659094056442946,0.2385599891893866,0.19241445220929046,1,False,,,,
1766477971.742879,0.5520628948023868,-0.03668310229457861,0.8338673710823059,1,False,,,,
1766477971.751584,0.8041769980670533,0.5627395400601533,0.8621287701335407,1,False,,,,
1766477971.758776,0.8041769980670533,0.5627395400601533,0.8621287701335407,1,False,,,,
1766477971.7617128,0.8041769980670533,0.5627395400601533,0.8621287701335407,1,False,,,,
1766477971.764182,0.5508399174982289,0.06884810113915263,0.5071530951500031,1,False,,,,
1766477972.003531,0.5508399174982289,0.06884810113915263,0.5071530951500031,1,False,,,,
1766477972.0106812,0.3993136351271745,0.24510945618390223,0.3967758329330198,1,False,,,,
1766477972.014556,0.40772750748572656,0.22817607164635656,0.22424681864134863,1,False,,,,
1766477972.018744,0.40772750748572656,0.22817607164635656,0.22424681864134863,1,False,,,,
1766477972.024469,0.3985284929542835,0.24544741373527335,0.19889209832473867,1,False,,,,
1766477972.314601,0.3983573031875824,0.24379749366797487,0.22095717126602196,1,False,,,,
1766477972.322172,0.3983573031875824,0.24379749366797487,0.22095717126602196,1,False,,,,
1766477972.328386,0.3983573031875824,0.24379749366797487,0.22095717126602196,1,False,,,,
1766477972.331459,0.3983573031875824,0.24379749366797487,0.22095717126602196,1,False,,,,
1766477972.334017,0.4962394530983573,-0.03742577828617066,1.0,1,False,,,,
1766477972.62336,0.4962394530983573,-0.03742577828617066,1.0,1,False,,,,
1766477972.629621,0.4962394530983573,-0.03742577828617066,1.0,1,False,,,,
1766477972.632386,0.4962394530983573,-0.03742577828617066,1.0,1,False,,,,
1766477972.635326,0.4962394530983573,-0.03742577828617066,1.0,1,False,,,,
1766477972.63798,0.46585046159591964,-0.07053177401886468,1.0,1,False,,,,
1766477972.904334,0.46585046159591964,-0.07053177401886468,1.0,1,False,,,,
1766477972.909757,0.46585046159591964,-0.07053177401886468,1.0,1,False,,,,
1766477972.912558,0.46585046159591964,-0.07053177401886468,1.0,1,False,,,,
1766477972.915626,0.46558801463452354,-0.07078716497406279,0.9657820463180542,1,False,,,,
1766477972.9192991,0.46815489920546993,-0.06604953413376524,1.0,1,False,,,,
1766477973.137326,0.46815489920546993,-0.06604953413376524,1.0,1,False,,,,
1766477973.1433349,0.46815489920546993,-0.06604953413376524,1.0,1,False,,,,
1766477973.146274,0.46815489920546993,-0.06604953413376524,1.0,1,False,,,,
1766477973.1491861,0.467191015069573,-0.06852417190953508,1.0,1,False,,,,
1766477973.1522849,0.3888903409714417,0.2486475547269481,0.10281187841198315,1,True,0.3934619724750519,0.0900556743144989,0.0903940424323082,0.17051756381988525
1766477973.407867,0.3888903409714417,0.2486475547269481,0.10281187841198315,1,True,0.3934619724750519,0.0900556743144989,0.0903940424323082,0.17051756381988525
1766477973.413829,0.3888903409714417,0.2486475547269481,0.10281187841198315,1,True,0.3934619724750519,0.0900556743144989,0.0903940424323082,0.17051756381988525
1766477973.418047,0.4678075750073744,-0.09070650664596203,1.0,1,False,,,,
1766477973.425913,0.4678075750073744,-0.09070650664596203,1.0,1,False,,,,
1766477973.43204,0.4660847149891265,-0.10295883728663568,1.0,2,False,,,,
1766477973.737391,0.4660847149891265,-0.10295883728663568,1.0,2,False,,,,
1766477973.743208,0.4660847149891265,-0.10295883728663568,1.0,2,False,,,,
1766477973.746048,0.4660847149891265,-0.10295883728663568,1.0,2,False,,,,
1766477973.748608,0.4660847149891265,-0.10295883728663568,1.0,2,False,,,,
1766477973.751183,0.46082600979510646,-0.1044541745683536,1.0,1,False,,,,
1766477974.355885,0.463368009849883,0.2455755487088387,0.0,1,True,0.39443439245224,0.08731678873300552,0.08966903388500214,0.16791896522045135
1766477974.363327,0.463368009849883,0.2455755487088387,0.0,1,True,0.39443439245224,0.08731678873300552,0.08966903388500214,0.16791896522045135
1766477974.370326,0.463368009849883,0.2455755487088387,0.0,1,True,0.39443439245224,0.08731678873300552,0.08966903388500214,0.16791896522045135
1766477974.3733902,0.463368009849883,0.2455755487088387,0.0,1,True,0.39443439245224,0.08731678873300552,0.08966903388500214,0.16791896522045135
1766477974.375927,0.463368009849883,0.2455755487088387,0.0,1,True,0.3957638144493103,0.09246953576803207,0.08625449985265732,0.16500592231750488
1766477974.635689,0.463368009849883,0.2455755487088387,0.0,1,True,0.3957638144493103,0.09246953576803207,0.08625449985265732,0.16500592231750488
1766477974.641821,0.463368009849883,0.2455755487088387,0.0,1,True,0.3957638144493103,0.09246953576803207,0.08625449985265732,0.16500592231750488
1766477974.644793,0.463368009849883,0.2455755487088387,0.0,1,True,0.3957638144493103,0.09246953576803207,0.08625449985265732,0.16500592231750488
1766477974.647406,0.463368009849883,0.2455755487088387,0.0,1,True,0.3957638144493103,0.09246953576803207,0.08625449985265732,0.16500592231750488
1766477974.650493,0.4567400514854455,-0.10460191447647071,1.0,1,False,,,,
1766477974.869601,0.4567400514854455,-0.10460191447647071,1.0,1,False,,,,
1766477974.875434,0.4567400514854455,-0.10460191447647071,1.0,1,False,,,,
1766477974.878582,0.4567400514854455,-0.10460191447647071,1.0,1,False,,,,
1766477974.881254,0.4567400514854455,-0.10460191447647071,1.0,1,False,,,,
1766477974.884214,0.030655780638443007,-0.16394822360145267,0.867106973232032,1,False,,,,
1766477975.105511,0.030655780638443007,-0.16394822360145267,0.867106973232032,1,False,,,,
1766477975.111305,0.030655780638443007,-0.16394822360145267,0.867106973232032,1,False,,,,
1766477975.11681,0.030655780638443007,-0.16394822360145267,0.867106973232032,1,False,,,,
1766477975.11963,0.030655780638443007,-0.16394822360145267,0.867106973232032,1,False,,,,
1766477975.1222882,0.463368009849883,0.2455755487088387,0.0,1,True,0.39412134885787964,0.05966165289282799,0.0887289047241211,0.17318318784236908
1766477975.480223,0.463368009849883,0.2455755487088387,0.0,1,True,0.39412134885787964,0.05966165289282799,0.0887289047241211,0.17318318784236908
1766477975.4864361,0.463368009849883,0.2455755487088387,0.0,1,True,0.39412134885787964,0.05966165289282799,0.0887289047241211,0.17318318784236908
1766477975.4893372,0.463368009849883,0.2455755487088387,0.0,1,True,0.39412134885787964,0.05966165289282799,0.0887289047241211,0.17318318784236908
1766477975.491908,0.463368009849883,0.2455755487088387,0.0,1,True,0.39412134885787964,0.05966165289282799,0.0887289047241211,0.17318318784236908
1766477975.4947772,0.4363094848601617,-0.10847608774908912,0.9833618402481079,1,False,,,,
1766477975.791845,0.4363094848601617,-0.10847608774908912,0.9833618402481079,1,False,,,,
1766477975.7984571,0.43265589212125677,-0.095344984287135,1.0,1,False,,,,
1766477975.801451,0.43265589212125677,-0.095344984287135,1.0,1,False,,,,
1766477975.807803,0.43265589212125677,-0.095344984287135,1.0,1,False,,,,
1766477975.8131,0.463368009849883,0.2455755487088387,0.0,1,False,,,,
1766477976.041684,0.463368009849883,0.2455755487088387,0.0,1,False,,,,
1766477976.04827,0.463368009849883,0.2455755487088387,0.0,1,False,,,,
1766477976.051192,0.463368009849883,0.2455755487088387,0.0,1,False,,,,
1766477976.054003,0.463368009849883,0.2455755487088387,0.0,1,False,,,,
1766477976.0567,0.463368009849883,0.2455755487088387,0.0,1,True,0.3960166573524475,0.06990699470043182,0.08412043750286102,0.16917699575424194
1766477976.381485,0.463368009849883,0.2455755487088387,0.0,1,True,0.3960166573524475,0.06990699470043182,0.08412043750286102,0.16917699575424194
1766477976.388056,0.463368009849883,0.2455755487088387,0.0,1,True,0.3960166573524475,0.06990699470043182,0.08412043750286102,0.16917699575424194
1766477976.3910668,0.463368009849883,0.2455755487088387,0.0,1,True,0.3960166573524475,0.06990699470043182,0.08412043750286102,0.16917699575424194
1766477976.393665,0.463368009849883,0.2455755487088387,0.0,1,True,0.3960166573524475,0.06990699470043182,0.08412043750286102,0.16917699575424194
1766477976.396193,0.463368009849883,0.2455755487088387,0.0,1,True,0.39486297965049744,0.08738838136196136,0.0858226791024208,0.16601763665676117
1766477976.646307,0.463368009849883,0.2455755487088387,0.0,1,True,0.39486297965049744,0.08738838136196136,0.0858226791024208,0.16601763665676117
1766477976.6518662,0.463368009849883,0.2455755487088387,0.0,1,True,0.39486297965049744,0.08738838136196136,0.0858226791024208,0.16601763665676117
1766477976.654597,0.463368009849883,0.2455755487088387,0.0,1,True,0.39486297965049744,0.08738838136196136,0.0858226791024208,0.16601763665676117
1766477976.65728,0.463368009849883,0.2455755487088387,0.0,1,True,0.39486297965049744,0.08738838136196136,0.0858226791024208,0.16601763665676117
1766477976.659782,0.463368009849883,0.2455755487088387,0.0,1,True,0.39573585987091064,0.08513914793729782,0.08416769653558731,0.16264532506465912
1766477976.91791,0.463368009849883,0.2455755487088387,0.0,1,True,0.39573585987091064,0.08513914793729782,0.08416769653558731,0.16264532506465912
1766477976.923997,0.463368009849883,0.2455755487088387,0.0,1,True,0.39573585987091064,0.08513914793729782,0.08416769653558731,0.16264532506465912
1766477976.927076,0.463368009849883,0.2455755487088387,0.0,1,True,0.39573585987091064,0.08513914793729782,0.08416769653558731,0.16264532506465912
1766477976.9296901,0.463368009849883,0.2455755487088387,0.0,1,True,0.39573585987091064,0.08513914793729782,0.08416769653558731,0.16264532506465912
1766477976.9324532,0.4982665060728116,-0.06418905603377545,0.9242811799049377,1,False,,,,
1766477977.328969,0.4982665060728116,-0.06418905603377545,0.9242811799049377,1,False,,,,
1766477977.3352761,0.4982665060728116,-0.06418905603377545,0.9242811799049377,1,False,,,,
1766477977.338214,0.4982665060728116,-0.06418905603377545,0.9242811799049377,1,False,,,,
1766477977.344316,0.463368009849883,0.2455755487088387,0.0,1,True,0.3982545733451843,0.06269434094429016,0.08632850646972656,0.17062267661094666
1766477977.347703,0.463368009849883,0.2455755487088387,0.0,1,False,,,,
1766477977.6347609,0.463368009849883,0.2455755487088387,0.0,1,False,,,,
1766477977.6411579,0.463368009849883,0.2455755487088387,0.0,1,False,,,,
1766477977.646013,0.463368009849883,0.2455755487088387,0.0,1,False,,,,
1766477977.653197,0.463368009849883,0.2455755487088387,0.0,1,False,,,,
1766477977.656188,0.489127321232821,-0.11110781070649023,0.9326648712158203,1,False,,,,
1766477977.91855,0.489127321232821,-0.11110781070649023,0.9326648712158203,1,False,,,,
1766477977.924612,0.489127321232821,-0.11110781070649023,0.9326648712158203,1,False,,,,
1766477977.927559,0.489127321232821,-0.11110781070649023,0.9326648712158203,1,False,,,,
1766477977.93024,0.489127321232821,-0.11110781070649023,0.9326648712158203,1,False,,,,
1766477977.933134,0.4950159497938233,-0.15001665805621123,0.9216664433479309,1,False,,,,
1766477978.154655,0.4950159497938233,-0.15001665805621123,0.9216664433479309,1,False,,,,
1766477978.161335,0.4950159497938233,-0.15001665805621123,0.9216664433479309,1,False,,,,
1766477978.1642308,0.4950159497938233,-0.15001665805621123,0.9216664433479309,1,False,,,,
1766477978.167027,0.4950159497938233,-0.15001665805621123,0.9216664433479309,1,False,,,,
1766477978.169591,0.4588644600060495,-0.15328227548031093,0.9750227332115173,1,False,,,,
1766477978.415599,0.463368009849883,0.2455755487088387,0.0,1,False,,,,
1766477978.42209,0.463368009849883,0.2455755487088387,0.0,1,False,,,,
1766477978.428241,0.463368009849883,0.2455755487088387,0.0,1,False,,,,
1766477978.431006,0.463368009849883,0.2455755487088387,0.0,1,False,,,,
1766477978.4334211,0.463368009849883,0.2455755487088387,0.0,1,False,,,,
1766477978.708239,0.463368009849883,0.2455755487088387,0.0,1,False,,,,
1766477978.7155252,0.463368009849883,0.2455755487088387,0.0,1,False,,,,
1766477978.722114,0.463368009849883,0.2455755487088387,0.0,1,False,,,,
1766477978.727875,0.463368009849883,0.2455755487088387,0.0,1,False,,,,
1766477978.730892,0.527899369030908,-0.1662247383548754,0.8601926472111767,1,False,,,,
1766477979.023266,0.527899369030908,-0.1662247383548754,0.8601926472111767,1,False,,,,
1766477979.0299861,0.527899369030908,-0.1662247383548754,0.8601926472111767,1,False,,,,
1766477979.035771,0.527899369030908,-0.1662247383548754,0.8601926472111767,1,False,,,,
1766477979.0388942,0.527899369030908,-0.1662247383548754,0.8601926472111767,1,False,,,,
1766477979.041528,0.45854240018260145,0.19248492100987402,0.8742474546531169,1,False,,,,
1766477979.267838,0.45854240018260145,0.19248492100987402,0.8742474546531169,1,False,,,,
1766477979.275123,0.45854240018260145,0.19248492100987402,0.8742474546531169,1,False,,,,
1766477979.2778938,0.45854240018260145,0.19248492100987402,0.8742474546531169,1,False,,,,
1766477979.280341,0.45854240018260145,0.19248492100987402,0.8742474546531169,1,False,,,,
1766477979.285386,0.463368009849883,0.2455755487088387,0.0,0,False,,,,
1766477979.436861,0.463368009849883,0.2455755487088387,0.0,0,False,,,,
1766477979.443352,0.463368009849883,0.2455755487088387,0.0,0,False,,,,
1766477979.446069,0.463368009849883,0.2455755487088387,0.0,0,False,,,,
1766477979.450072,0.463368009849883,0.2455755487088387,0.0,0,False,,,,
1766477979.452682,0.4268319669295648,0.5503011016262658,0.742777407169342,0,False,,,,
1766477979.6587899,0.42686044757996033,0.5473882031051529,0.7421931028366089,0,False,,,,
1766477979.665365,0.42686044757996033,0.5473882031051529,0.7421931028366089,0,False,,,,
1766477979.672522,0.42686044757996033,0.5473882031051529,0.7421931028366089,0,False,,,,
1766477979.6753469,0.42686044757996033,0.5473882031051529,0.7421931028366089,0,False,,,,
1766477979.677891,0.4386092519423853,0.5485389899174687,0.8256949186325073,0,False,,,,
1766477979.8514519,0.41136606836763673,0.4494601084102623,0.9086123108863831,0,False,,,,
1766477979.857089,0.4067079241696955,0.44129031365918414,0.9578091502189636,0,False,,,,
1766477979.860404,0.4067079241696955,0.44129031365918414,0.9578091502189636,0,False,,,,
1766477979.866157,0.4067079241696955,0.44129031365918414,0.9578091502189636,0,False,,,,
1766477979.869591,0.463368009849883,0.2455755487088387,0.0,0,False,,,,
1766477980.0393221,0.463368009849883,0.2455755487088387,0.0,0,False,,,,
1766477980.043972,0.463368009849883,0.2455755487088387,0.0,0,False,,,,
1766477980.046659,0.463368009849883,0.2455755487088387,0.0,0,False,,,,
1766477980.04949,0.463368009849883,0.2455755487088387,0.0,0,False,,,,
1766477980.052765,0.3418093778518004,0.05193028113704101,0.8344575100220591,0,False,,,,
1766477980.2904792,0.463368009849883,0.2455755487088387,0.0,0,False,,,,
1766477980.296232,0.463368009849883,0.2455755487088387,0.0,0,False,,,,
1766477980.3013902,0.463368009849883,0.2455755487088387,0.0,0,False,,,,
1766477980.306387,0.463368009849883,0.2455755487088387,0.0,0,False,,,,
1766477980.309231,0.463368009849883,0.2455755487088387,0.0,0,False,,,,
1766477980.5221498,0.463368009849883,0.2455755487088387,0.0,0,False,,,,
1766477980.5278468,0.40221533597965153,0.4537421205590023,0.8531873226165771,0,False,,,,
1766477980.5309172,0.40221533597965153,0.4537421205590023,0.8531873226165771,0,False,,,,
1766477980.536195,0.40221533597965153,0.4537421205590023,0.8531873226165771,0,False,,,,
1766477980.538893,0.463368009849883,0.2455755487088387,0.0,0,False,,,,
1766477980.695931,0.463368009849883,0.2455755487088387,0.0,0,False,,,,
1766477980.70069,0.463368009849883,0.2455755487088387,0.0,0,False,,,,
1766477980.703448,0.463368009849883,0.2455755487088387,0.0,0,False,,,,
1766477980.7059011,0.463368009849883,0.2455755487088387,0.0,0,False,,,,
1766477980.708241,0.463368009849883,0.2455755487088387,0.0,0,False,,,,
1766477980.968905,0.463368009849883,0.2455755487088387,0.0,0,False,,,,
1766477980.974057,0.463368009849883,0.2455755487088387,0.0,0,False,,,,
1766477980.976921,0.463368009849883,0.2455755487088387,0.0,0,False,,,,
1766477980.979424,0.463368009849883,0.2455755487088387,0.0,0,False,,,,
1766477980.9818082,0.463368009849883,0.2455755487088387,0.0,0,False,,,,
1766477981.162787,0.43509685763889194,0.46661004773472026,0.9071439504623413,0,False,,,,
1766477981.168996,0.43509685763889194,0.46661004773472026,0.9071439504623413,0,False,,,,
1766477981.174007,0.43509685763889194,0.46661004773472026,0.9071439504623413,0,False,,,,
1766477981.176768,0.43509685763889194,0.46661004773472026,0.9071439504623413,0,False,,,,
1766477981.1793559,0.463368009849883,0.2455755487088387,0.0,0,False,,,,
1766477981.378536,0.463368009849883,0.2455755487088387,0.0,0,False,,,,
1766477981.383241,0.463368009849883,0.2455755487088387,0.0,0,False,,,,
1766477981.3878348,0.463368009849883,0.2455755487088387,0.0,0,False,,,,
1766477981.390337,0.463368009849883,0.2455755487088387,0.0,0,False,,,,
1766477981.393782,0.43863397683927074,0.5229549960127474,0.9375478029251099,0,False,,,,
1766477981.5588312,0.44045247559835204,0.5271871591700443,0.8917536735534668,0,False,,,,
1766477981.564699,0.463368009849883,0.2455755487088387,0.0,0,False,,,,
1766477981.570872,0.463368009849883,0.2455755487088387,0.0,0,False,,,,
1766477981.573955,0.463368009849883,0.2455755487088387,0.0,0,False,,,,
1766477981.5761979,0.463368009849883,0.2455755487088387,0.0,0,False,,,,
1766477981.748659,0.463368009849883,0.2455755487088387,0.0,0,False,,,,
1766477981.7622888,0.463368009849883,0.2455755487088387,0.0,0,False,,,,
1766477981.7661052,0.463368009849883,0.2455755487088387,0.0,0,False,,,,
1766477981.7715971,0.463368009849883,0.2455755487088387,0.0,0,False,,,,
1766477981.775914,0.527428863952035,-0.1870584322649782,0.9176445007324219,0,False,,,,
1766477981.945556,0.527428863952035,-0.1870584322649782,0.9176445007324219,0,False,,,,
1766477981.951851,0.527428863952035,-0.1870584322649782,0.9176445007324219,0,False,,,,
1766477981.954835,0.527428863952035,-0.1870584322649782,0.9176445007324219,0,False,,,,
1766477981.957437,0.527428863952035,-0.1870584322649782,0.9176445007324219,0,False,,,,
1766477981.959958,0.5234949287299914,-0.20009707064610538,1.0,0,False,,,,
1766477982.111874,0.5234949287299914,-0.20009707064610538,1.0,0,False,,,,
1766477982.1176782,0.5234949287299914,-0.20009707064610538,1.0,0,False,,,,
1766477982.120862,0.5234949287299914,-0.20009707064610538,1.0,0,False,,,,
1766477982.1235042,0.5234949287299914,-0.20009707064610538,1.0,0,False,,,,
1766477982.1258821,0.5782021128242512,0.0396141069162953,0.3769160236104662,1,False,,,,
1766477982.3413918,0.5782021128242512,0.0396141069162953,0.3769160236104662,1,False,,,,
1766477982.346688,0.5782021128242512,0.0396141069162953,0.3769160236104662,1,False,,,,
1766477982.349709,0.5782021128242512,0.0396141069162953,0.3769160236104662,1,False,,,,
1766477982.352263,0.5782021128242512,0.0396141069162953,0.3769160236104662,1,False,,,,
1766477982.3550458,0.463368009849883,0.2455755487088387,0.0,1,True,0.45927947759628296,0.06040365248918533,0.08991966396570206,0.18706335127353668
1766477982.615031,0.463368009849883,0.2455755487088387,0.0,1,True,0.45927947759628296,0.06040365248918533,0.08991966396570206,0.18706335127353668
1766477982.621265,0.463368009849883,0.2455755487088387,0.0,1,True,0.45927947759628296,0.06040365248918533,0.08991966396570206,0.18706335127353668
1766477982.624038,0.463368009849883,0.2455755487088387,0.0,1,True,0.45927947759628296,0.06040365248918533,0.08991966396570206,0.18706335127353668
1766477982.6268868,0.463368009849883,0.2455755487088387,0.0,1,True,0.45927947759628296,0.06040365248918533,0.08991966396570206,0.18706335127353668
1766477982.629696,0.463368009849883,0.2455755487088387,0.0,1,True,0.46428805589675903,0.12029921263456345,0.08957815170288086,0.17500032484531403
1766477982.9117599,0.463368009849883,0.2455755487088387,0.0,1,True,0.46428805589675903,0.12029921263456345,0.08957815170288086,0.17500032484531403
1766477982.917724,0.463368009849883,0.2455755487088387,0.0,1,True,0.46428805589675903,0.12029921263456345,0.08957815170288086,0.17500032484531403
1766477982.920596,0.463368009849883,0.2455755487088387,0.0,1,True,0.46428805589675903,0.12029921263456345,0.08957815170288086,0.17500032484531403
1766477982.925906,0.463368009849883,0.2455755487088387,0.0,1,True,0.46428805589675903,0.12029921263456345,0.08957815170288086,0.17500032484531403
1766477982.92851,0.463368009849883,0.2455755487088387,0.0,1,True,0.46893247961997986,0.12889446318149567,0.0916416198015213,0.17430360615253448
1766477983.2180438,0.463368009849883,0.2455755487088387,0.0,1,True,0.46893247961997986,0.12889446318149567,0.0916416198015213,0.17430360615253448
1766477983.2245,0.463368009849883,0.2455755487088387,0.0,1,True,0.46893247961997986,0.12889446318149567,0.0916416198015213,0.17430360615253448
1766477983.227822,0.463368009849883,0.2455755487088387,0.0,1,True,0.46893247961997986,0.12889446318149567,0.0916416198015213,0.17430360615253448
1766477983.2303061,0.463368009849883,0.2455755487088387,0.0,1,True,0.46893247961997986,0.12889446318149567,0.0916416198015213,0.17430360615253448
1766477983.233883,0.463368009849883,0.2455755487088387,0.0,1,True,0.46685218811035156,0.12062691897153854,0.09543313831090927,0.17570656538009644
1766477983.573073,0.4911318150787018,-0.06993247585972906,0.928286612033844,1,False,,,,
1766477983.580506,0.4911318150787018,-0.06993247585972906,0.928286612033844,1,False,,,,
1766477983.586922,0.4911318150787018,-0.06993247585972906,0.928286612033844,1,False,,,,
1766477983.5899541,0.4911318150787018,-0.06993247585972906,0.928286612033844,1,False,,,,
1766477983.59251,0.49866977929189976,-0.09548396223166788,0.9319614768028259,1,False,,,,
1766477983.891031,0.49866977929189976,-0.09548396223166788,0.9319614768028259,1,False,,,,
1766477983.8974452,0.49866977929189976,-0.09548396223166788,0.9319614768028259,1,False,,,,
1766477983.900361,0.49866977929189976,-0.09548396223166788,0.9319614768028259,1,False,,,,
1766477983.9029498,0.49866977929189976,-0.09548396223166788,0.9319614768028259,1,False,,,,
1766477983.905447,0.49328537839422426,-0.10555168281284844,0.9259123206138611,1,False,,,,
1766477984.189536,0.49328537839422426,-0.10555168281284844,0.9259123206138611,1,False,,,,
1766477984.195745,0.49328537839422426,-0.10555168281284844,0.9259123206138611,1,False,,,,
1766477984.198512,0.49328537839422426,-0.10555168281284844,0.9259123206138611,1,False,,,,
1766477984.201348,0.49328537839422426,-0.10555168281284844,0.9259123206138611,1,False,,,,
1766477984.203806,0.46339132053242527,0.2456189950817479,0.0,1,True,0.4467436373233795,0.13443802297115326,0.1060522049665451,0.19561809301376343
1766477984.448298,0.4847518511828074,-0.11327651967892072,0.9720869660377502,1,False,,,,
1766477984.454973,0.4847518511828074,-0.11327651967892072,0.9720869660377502,1,False,,,,
1766477984.460153,0.4847518511828074,-0.11327651967892072,0.9720869660377502,1,False,,,,
1766477984.4627829,0.4847518511828074,-0.11327651967892072,0.9720869660377502,1,False,,,,
1766477984.465387,0.4796274109917256,-0.12656669949231003,0.9741392731666565,1,False,,,,
1766477984.7281868,0.4796274109917256,-0.12656669949231003,0.9741392731666565,1,False,,,,
1766477984.734723,0.4796274109917256,-0.12656669949231003,0.9741392731666565,1,False,,,,
1766477984.7377331,0.4796274109917256,-0.12656669949231003,0.9741392731666565,1,False,,,,
1766477984.74043,0.4796274109917256,-0.12656669949231003,0.9741392731666565,1,False,,,,
1766477984.743041,0.46339132053242527,0.2456189950817479,0.0,1,True,0.42732787132263184,0.10085220634937286,0.09950189292430878,0.1804993450641632
1766477985.0431628,0.46339132053242527,0.2456189950817479,0.0,1,True,0.42732787132263184,0.10085220634937286,0.09950189292430878,0.1804993450641632
1766477985.0500858,0.46339132053242527,0.2456189950817479,0.0,1,True,0.42732787132263184,0.10085220634937286,0.09950189292430878,0.1804993450641632
1766477985.0575979,0.46339132053242527,0.2456189950817479,0.0,1,True,0.42732787132263184,0.10085220634937286,0.09950189292430878,0.1804993450641632
1766477985.060479,0.46339132053242527,0.2456189950817479,0.0,1,True,0.42732787132263184,0.10085220634937286,0.09950189292430878,0.1804993450641632
1766477985.065783,0.46339132053242527,0.2456189950817479,0.0,1,True,0.4158113896846771,0.08206932991743088,0.09099750220775604,0.1747165024280548
1766477985.306539,0.46339132053242527,0.2456189950817479,0.0,1,True,0.4158113896846771,0.08206932991743088,0.09099750220775604,0.1747165024280548
1766477985.312578,0.46339132053242527,0.2456189950817479,0.0,1,True,0.4158113896846771,0.08206932991743088,0.09099750220775604,0.1747165024280548
1766477985.316162,0.46339132053242527,0.2456189950817479,0.0,1,True,0.4158113896846771,0.08206932991743088,0.09099750220775604,0.1747165024280548
1766477985.3196642,0.47759773527090726,-0.11555303377504322,0.9687637686729431,1,False,,,,
1766477985.322453,0.4619265210355724,-0.13495464430937099,1.0,1,False,,,,
1766477985.6236138,0.46419710321253305,-0.13904964023403532,0.9933791756629944,1,False,,,,
1766477985.6304152,0.46419710321253305,-0.13904964023403532,0.9933791756629944,1,False,,,,
1766477985.63345,0.46419710321253305,-0.13904964023403532,0.9933791756629944,1,False,,,,
1766477985.6360471,0.46419710321253305,-0.13904964023403532,0.9933791756629944,1,False,,,,
1766477985.638753,0.45002412261546815,-0.12949335099085602,0.99,1,False,,,,
1766477985.8892548,0.46339132053242527,0.2456189950817479,0.0,1,True,0.40553268790245056,0.06207415089011192,0.08928632736206055,0.1710934042930603
1766477985.895392,0.46339132053242527,0.2456189950817479,0.0,1,True,0.40553268790245056,0.06207415089011192,0.08928632736206055,0.1710934042930603
1766477985.901461,0.46339132053242527,0.2456189950817479,0.0,1,True,0.40553268790245056,0.06207415089011192,0.08928632736206055,0.1710934042930603
1766477985.904364,0.46339132053242527,0.2456189950817479,0.0,1,True,0.40553268790245056,0.06207415089011192,0.08928632736206055,0.1710934042930603
1766477985.9068549,0.48760071771348823,-0.05282455525200391,0.9275845289230347,1,False,,,,
1766477986.158987,0.09996648421587158,-0.0847020898849371,0.8696963321339768,1,False,,,,
1766477986.1658251,0.09996648421587158,-0.0847020898849371,0.8696963321339768,1,False,,,,
1766477986.171621,0.09996648421587158,-0.0847020898849371,0.8696963321339768,1,False,,,,
1766477986.174762,0.09996648421587158,-0.0847020898849371,0.8696963321339768,1,False,,,,
1766477986.177283,0.47412247987991185,-0.10819112274037579,0.9987772107124329,1,False,,,,
1766477986.410509,0.47412247987991185,-0.10819112274037579,0.9987772107124329,1,False,,,,
1766477986.416115,0.47412247987991185,-0.10819112274037579,0.9987772107124329,1,False,,,,
1766477986.41919,0.46339132053242527,0.2456189950817479,0.0,1,True,0.40286117792129517,0.06284936517477036,0.08894090354442596,0.17686918377876282
1766477986.42515,0.4738355030586209,-0.10871994348094982,1.0,1,False,,,,
1766477986.431946,0.4473276080632057,-0.1417996814587985,1.0,1,False,,,,
1766477986.664057,0.4473276080632057,-0.1417996814587985,1.0,1,False,,,,
1766477986.670872,0.4473276080632057,-0.1417996814587985,1.0,1,False,,,,
1766477986.673756,0.4473276080632057,-0.1417996814587985,1.0,1,False,,,,
1766477986.6764119,0.4473276080632057,-0.1417996814587985,1.0,1,False,,,,
1766477986.679049,0.46908404305162066,-0.11952184354164519,1.0,1,False,,,,
1766477986.888702,0.46855826354046703,-0.1218088639957624,1.0,1,False,,,,
1766477986.8953862,0.46855826354046703,-0.1218088639957624,1.0,1,False,,,,
1766477986.9023948,0.46855826354046703,-0.1218088639957624,1.0,1,False,,,,
1766477986.9056032,0.46855826354046703,-0.1218088639957624,1.0,1,False,,,,
1766477986.908256,0.46339132053242527,0.2456189950817479,0.0,1,True,0.41424283385276794,0.08765178173780441,0.08603944629430771,0.16226348280906677
1766477987.2593951,0.46339132053242527,0.2456189950817479,0.0,1,True,0.41424283385276794,0.08765178173780441,0.08603944629430771,0.16226348280906677
1766477987.266002,0.46339132053242527,0.2456189950817479,0.0,1,True,0.41424283385276794,0.08765178173780441,0.08603944629430771,0.16226348280906677
1766477987.272686,0.46339132053242527,0.2456189950817479,0.0,1,True,0.41424283385276794,0.08765178173780441,0.08603944629430771,0.16226348280906677
1766477987.275627,0.46339132053242527,0.2456189950817479,0.0,1,True,0.41424283385276794,0.08765178173780441,0.08603944629430771,0.16226348280906677
1766477987.278347,0.46339132053242527,0.2456189950817479,0.0,1,True,0.4146009385585785,0.09312521666288376,0.08698902279138565,0.16360658407211304
1766477987.5329752,0.46339132053242527,0.2456189950817479,0.0,1,True,0.4146009385585785,0.09312521666288376,0.08698902279138565,0.16360658407211304
1766477987.539241,0.46339132053242527,0.2456189950817479,0.0,1,True,0.4146009385585785,0.09312521666288376,0.08698902279138565,0.16360658407211304
1766477987.5422301,0.46339132053242527,0.2456189950817479,0.0,1,True,0.4146009385585785,0.09312521666288376,0.08698902279138565,0.16360658407211304
1766477987.545439,0.46339132053242527,0.2456189950817479,0.0,1,True,0.4146009385585785,0.09312521666288376,0.08698902279138565,0.16360658407211304
1766477987.548085,0.46339132053242527,0.2456189950817479,0.0,1,True,0.4147520661354065,0.09877879172563553,0.08854742348194122,0.16468937695026398
1766477987.842992,0.46339132053242527,0.2456189950817479,0.0,1,True,0.4147520661354065,0.09877879172563553,0.08854742348194122,0.16468937695026398
1766477987.848764,0.46339132053242527,0.2456189950817479,0.0,1,True,0.4147520661354065,0.09877879172563553,0.08854742348194122,0.16468937695026398
1766477987.853955,0.46339132053242527,0.2456189950817479,0.0,1,True,0.4147520661354065,0.09877879172563553,0.08854742348194122,0.16468937695026398
1766477987.8574588,0.46339132053242527,0.2456189950817479,0.0,1,True,0.4147520661354065,0.09877879172563553,0.08854742348194122,0.16468937695026398
1766477987.860773,0.43619317033892224,-0.12623695556199732,0.9884176254272461,1,False,,,,
1766477988.101929,0.46339132053242527,0.2456189950817479,0.0,1,True,0.4145285487174988,0.10089799761772156,0.09276027977466583,0.16730141639709473
1766477988.109091,0.46339132053242527,0.2456189950817479,0.0,1,True,0.4145285487174988,0.10089799761772156,0.09276027977466583,0.16730141639709473
1766477988.1147,0.46339132053242527,0.2456189950817479,0.0,1,True,0.4145285487174988,0.10089799761772156,0.09276027977466583,0.16730141639709473
1766477988.117665,0.46339132053242527,0.2456189950817479,0.0,1,True,0.4145285487174988,0.10089799761772156,0.09276027977466583,0.16730141639709473
1766477988.120461,0.46339132053242527,0.2456189950817479,0.0,1,True,0.41326990723609924,0.10508984327316284,0.09161033481359482,0.16540983319282532
1766477988.365845,0.46339132053242527,0.2456189950817479,0.0,1,True,0.41326990723609924,0.10508984327316284,0.09161033481359482,0.16540983319282532
1766477988.373153,0.46339132053242527,0.2456189950817479,0.0,1,True,0.41326990723609924,0.10508984327316284,0.09161033481359482,0.16540983319282532
1766477988.3792078,0.46339132053242527,0.2456189950817479,0.0,1,True,0.41326990723609924,0.10508984327316284,0.09161033481359482,0.16540983319282532
1766477988.382185,0.46339132053242527,0.2456189950817479,0.0,1,True,0.41326990723609924,0.10508984327316284,0.09161033481359482,0.16540983319282532
1766477988.387468,0.46596880426950255,-0.10378959088786055,0.9950631856918335,1,False,,,,
1766477988.6739829,0.46596880426950255,-0.10378959088786055,0.9950631856918335,1,False,,,,
1766477988.6801522,0.46596880426950255,-0.10378959088786055,0.9950631856918335,1,False,,,,
1766477988.683115,0.46596880426950255,-0.10378959088786055,0.9950631856918335,1,False,,,,
1766477988.685826,0.46596880426950255,-0.10378959088786055,0.9950631856918335,1,False,,,,
1766477988.6882172,0.4630584799796439,-0.11042338182842903,0.9733055830001831,1,False,,,,
1766477988.9530969,0.4630584799796439,-0.11042338182842903,0.9733055830001831,1,False,,,,
1766477988.959955,0.4630584799796439,-0.11042338182842903,0.9733055830001831,1,False,,,,
1766477988.9630249,0.4630584799796439,-0.11042338182842903,0.9733055830001831,1,False,,,,
1766477988.965568,0.4630584799796439,-0.11042338182842903,0.9733055830001831,1,False,,,,
1766477988.968458,0.48689929086551553,-0.08171611835861547,0.9609148502349854,1,False,,,,
1766477989.3076851,0.46339132053242527,0.2456189950817479,0.0,1,True,0.4001166820526123,0.07220003008842468,0.08888883888721466,0.17935237288475037
1766477989.313333,0.46339132053242527,0.2456189950817479,0.0,1,True,0.4001166820526123,0.07220003008842468,0.08888883888721466,0.17935237288475037
1766477989.319925,0.46339132053242527,0.2456189950817479,0.0,1,True,0.4001166820526123,0.07220003008842468,0.08888883888721466,0.17935237288475037
1766477989.3226619,0.46339132053242527,0.2456189950817479,0.0,1,True,0.4001166820526123,0.07220003008842468,0.08888883888721466,0.17935237288475037
1766477989.325284,0.46339132053242527,0.2456189950817479,0.0,1,False,,,,
1766477989.612662,0.46339132053242527,0.2456189950817479,0.0,1,False,,,,
1766477989.619367,0.46339132053242527,0.2456189950817479,0.0,1,False,,,,
1766477989.6221938,0.46339132053242527,0.2456189950817479,0.0,1,False,,,,
1766477989.6248739,0.46339132053242527,0.2456189950817479,0.0,1,False,,,,
1766477989.6273549,0.4773231904767702,-0.07942991449036163,0.9355397820472717,1,False,,,,
1766477989.8751302,0.46339132053242527,0.2456189950817479,0.0,1,True,0.4078480303287506,0.06484498083591461,0.07812128216028214,0.17072872817516327
1766477989.8819761,0.46339132053242527,0.2456189950817479,0.0,1,True,0.4078480303287506,0.06484498083591461,0.07812128216028214,0.17072872817516327
1766477989.8877912,0.46339132053242527,0.2456189950817479,0.0,1,True,0.4078480303287506,0.06484498083591461,0.07812128216028214,0.17072872817516327
1766477989.8931782,0.46339132053242527,0.2456189950817479,0.0,1,True,0.4078480303287506,0.06484498083591461,0.07812128216028214,0.17072872817516327
1766477989.895612,0.46339132053242527,0.2456189950817479,0.0,1,True,0.4115847647190094,0.07809944450855255,0.08447094261646271,0.15886221826076508
1766477990.32811,0.46339132053242527,0.2456189950817479,0.0,1,True,0.4115847647190094,0.07809944450855255,0.08447094261646271,0.15886221826076508
1766477990.3344908,0.46339132053242527,0.2456189950817479,0.0,1,True,0.4115847647190094,0.07809944450855255,0.08447094261646271,0.15886221826076508
1766477990.337614,0.46339132053242527,0.2456189950817479,0.0,1,True,0.4115847647190094,0.07809944450855255,0.08447094261646271,0.15886221826076508
1766477990.340744,0.46339132053242527,0.2456189950817479,0.0,1,True,0.4115847647190094,0.07809944450855255,0.08447094261646271,0.15886221826076508
1766477990.344486,0.4402288764947836,-0.11176222702295835,1.0,1,False,,,,
1766477990.589569,0.4402288764947836,-0.11176222702295835,1.0,1,False,,,,
1766477990.595628,0.4402288764947836,-0.11176222702295835,1.0,1,False,,,,
1766477990.598763,0.4402288764947836,-0.11176222702295835,1.0,1,False,,,,
1766477990.601451,0.4402288764947836,-0.11176222702295835,1.0,1,False,,,,
1766477990.604297,0.46817677148119136,-0.15697578484788255,0.9354867935180664,1,False,,,,
1766477990.8989692,0.46817677148119136,-0.15697578484788255,0.9354867935180664,1,False,,,,
1766477990.904958,0.46817677148119136,-0.15697578484788255,0.9354867935180664,1,False,,,,
1766477990.907616,0.46817677148119136,-0.15697578484788255,0.9354867935180664,1,False,,,,
1766477990.910571,0.46339132053242527,0.2456189950817479,0.0,1,True,0.43328508734703064,0.06415824592113495,0.0891939178109169,0.18080995976924896
1766477990.913522,0.46339132053242527,0.2456189950817479,0.0,1,True,0.4417276382446289,0.0693187266588211,0.09210643917322159,0.1743864268064499
1766477991.134463,0.46339132053242527,0.2456189950817479,0.0,1,True,0.4417276382446289,0.0693187266588211,0.09210643917322159,0.1743864268064499
1766477991.140665,0.46339132053242527,0.2456189950817479,0.0,1,True,0.4417276382446289,0.0693187266588211,0.09210643917322159,0.1743864268064499
1766477991.144095,0.46339132053242527,0.2456189950817479,0.0,1,True,0.4417276382446289,0.0693187266588211,0.09210643917322159,0.1743864268064499
1766477991.146962,0.46339132053242527,0.2456189950817479,0.0,1,True,0.4417276382446289,0.0693187266588211,0.09210643917322159,0.1743864268064499
1766477991.150155,0.46339132053242527,0.2456189950817479,0.0,1,True,0.4358961582183838,0.06866463273763657,0.09931878745555878,0.18670789897441864
1766477991.460453,0.46339132053242527,0.2456189950817479,0.0,1,True,0.4358961582183838,0.06866463273763657,0.09931878745555878,0.18670789897441864
1766477991.4670348,0.46339132053242527,0.2456189950817479,0.0,1,True,0.4358961582183838,0.06866463273763657,0.09931878745555878,0.18670789897441864
1766477991.472374,0.46339132053242527,0.2456189950817479,0.0,1,True,0.4358961582183838,0.06866463273763657,0.09931878745555878,0.18670789897441864
1766477991.4749749,0.46339132053242527,0.2456189950817479,0.0,1,True,0.4358961582183838,0.06866463273763657,0.09931878745555878,0.18670789897441864
1766477991.477299,0.46339132053242527,0.2456189950817479,0.0,1,True,0.4302600920200348,0.05191465839743614,0.0992194190621376,0.18887709081172943
1766477991.705992,0.46339132053242527,0.2456189950817479,0.0,1,True,0.4302600920200348,0.05191465839743614,0.0992194190621376,0.18887709081172943
1766477991.712194,0.46339132053242527,0.2456189950817479,0.0,1,True,0.4302600920200348,0.05191465839743614,0.0992194190621376,0.18887709081172943
1766477991.715063,0.43823883754143467,-0.10042744023654637,1.0,1,False,,,,
1766477991.718111,0.46339132053242527,0.2456189950817479,0.0,1,True,0.4302600920200348,0.05191465839743614,0.0992194190621376,0.18887709081172943
1766477991.720851,0.4414323592485349,-0.11052859182856567,1.0,1,False,,,,
1766477991.954293,0.4414323592485349,-0.11052859182856567,1.0,1,False,,,,
1766477991.961601,0.4414323592485349,-0.11052859182856567,1.0,1,False,,,,
1766477991.9646752,0.4414323592485349,-0.11052859182856567,1.0,1,False,,,,
1766477991.967689,0.4414323592485349,-0.11052859182856567,1.0,1,False,,,,
1766477991.9726899,0.46339132053242527,0.2456189950817479,0.0,1,False,,,,
1766477992.2664351,0.46339132053242527,0.2456189950817479,0.0,1,False,,,,
1766477992.2736452,0.46339132053242527,0.2456189950817479,0.0,1,False,,,,
1766477992.276212,0.46339132053242527,0.2456189950817479,0.0,1,False,,,,
1766477992.278553,0.46339132053242527,0.2456189950817479,0.0,1,False,,,,
1766477992.281051,0.4491740232569013,-0.1690498541432417,0.8611911454597818,0,False,,,,
1766477992.448523,0.4491740232569013,-0.1690498541432417,0.8611911454597818,0,False,,,,
1766477992.454581,0.4475592888029025,-0.16907482896149806,0.7287184298038483,0,False,,,,
1766477992.457518,0.4475592888029025,-0.16907482896149806,0.7287184298038483,0,False,,,,
1766477992.463815,0.4475592888029025,-0.16907482896149806,0.7287184298038483,0,False,,,,
1766477992.467041,0.40867263990981,0.5115768265932841,0.8610745072364807,0,False,,,,
1766477992.637971,0.40867263990981,0.5115768265932841,0.8610745072364807,0,False,,,,
1766477992.642823,0.40867263990981,0.5115768265932841,0.8610745072364807,0,False,,,,
1766477992.645391,0.40867263990981,0.5115768265932841,0.8610745072364807,0,False,,,,
1766477992.6484008,0.40867263990981,0.5115768265932841,0.8610745072364807,0,False,,,,
1766477992.651188,0.39632535307919337,0.5069631510823643,0.8755993843078613,0,False,,,,
1766477992.8683698,0.39632535307919337,0.5069631510823643,0.8755993843078613,0,False,,,,
1766477992.8747709,0.39632535307919337,0.5069631510823643,0.8755993843078613,0,False,,,,
1766477992.877475,0.39632535307919337,0.5069631510823643,0.8755993843078613,0,False,,,,
1766477992.880049,0.39632535307919337,0.5069631510823643,0.8755993843078613,0,False,,,,
1766477992.883126,0.4447396847208373,0.520850958989803,0.9513673782348633,0,False,,,,
1766477993.0662558,0.4447396847208373,0.520850958989803,0.9513673782348633,0,False,,,,
1766477993.071091,0.4447396847208373,0.520850958989803,0.9513673782348633,0,False,,,,
1766477993.0736341,0.4447396847208373,0.520850958989803,0.9513673782348633,0,False,,,,
1766477993.0781682,0.4447396847208373,0.520850958989803,0.9513673782348633,0,False,,,,
1766477993.0806332,0.43718729763033315,0.5015142136770387,0.9196063876152039,0,False,,,,
1766477993.319294,0.43718729763033315,0.5015142136770387,0.9196063876152039,0,False,,,,
1766477993.324662,0.46339132053242527,0.2456189950817479,0.0,0,False,,,,
1766477993.327461,0.46339132053242527,0.2456189950817479,0.0,0,False,,,,
1766477993.330105,0.46339132053242527,0.2456189950817479,0.0,0,False,,,,
1766477993.336433,0.44018132581919805,0.5044588851943845,0.8282338380813599,0,False,,,,
1766477993.511549,0.44018132581919805,0.5044588851943845,0.8282338380813599,0,False,,,,
1766477993.516605,0.44018132581919805,0.5044588851943845,0.8282338380813599,0,False,,,,
1766477993.519186,0.44018132581919805,0.5044588851943845,0.8282338380813599,0,False,,,,
1766477993.522059,0.44018132581919805,0.5044588851943845,0.8282338380813599,0,False,,,,
1766477993.524713,0.446319228770306,0.5068845285158579,0.9600737690925598,0,False,,,,
1766477993.692652,0.44546038813144967,0.5090547403908537,0.9085203409194946,0,False,,,,
1766477993.699185,0.44546038813144967,0.5090547403908537,0.9085203409194946,0,False,,,,
1766477993.7044082,0.44546038813144967,0.5090547403908537,0.9085203409194946,0,False,,,,
1766477993.707247,0.44546038813144967,0.5090547403908537,0.9085203409194946,0,False,,,,
1766477993.7099211,0.4146828500120103,0.49313456776991016,0.7323001027107239,0,False,,,,
1766477993.8683898,0.4146828500120103,0.49313456776991016,0.7323001027107239,0,False,,,,
1766477993.8730922,0.4146828500120103,0.49313456776991016,0.7323001027107239,0,False,,,,
1766477993.876266,0.4146828500120103,0.49313456776991016,0.7323001027107239,0,False,,,,
1766477993.8787909,0.4146828500120103,0.49313456776991016,0.7323001027107239,0,False,,,,
1766477993.881251,0.09230673774525489,0.9381658629490334,0.15223009096470635,0,False,,,,
1766477994.068008,0.09230673774525489,0.9381658629490334,0.15223009096470635,0,False,,,,
1766477994.0732942,0.09230673774525489,0.9381658629490334,0.15223009096470635,0,False,,,,
1766477994.0785081,0.09230673774525489,0.9381658629490334,0.15223009096470635,0,False,,,,
1766477994.0810502,0.09230673774525489,0.9381658629490334,0.15223009096470635,0,False,,,,
1766477994.083648,0.46339132053242527,0.2456189950817479,0.0,0,False,,,,
1766477994.2527192,0.46339132053242527,0.2456189950817479,0.0,0,False,,,,
1766477994.258083,0.46339132053242527,0.2456189950817479,0.0,0,False,,,,
1766477994.260848,0.46339132053242527,0.2456189950817479,0.0,0,False,,,,
1766477994.263436,0.46339132053242527,0.2456189950817479,0.0,0,False,,,,
1766477994.267308,0.4067491334099384,0.5271674094241706,0.8446759581565857,0,False,,,,
1766477994.4348779,0.40455530239712323,0.5273620196027973,0.7824469804763794,0,False,,,,
1766477994.440435,0.40455530239712323,0.5273620196027973,0.7824469804763794,0,False,,,,
1766477994.443409,0.40455530239712323,0.5273620196027973,0.7824469804763794,0,False,,,,
1766477994.445714,0.40455530239712323,0.5273620196027973,0.7824469804763794,0,False,,,,
1766477994.450531,0.40670400502946996,0.5024826348553598,0.8886843919754028,0,False,,,,
1766477994.636245,0.40670400502946996,0.5024826348553598,0.8886843919754028,0,False,,,,
1766477994.641072,0.40670400502946996,0.5024826348553598,0.8886843919754028,0,False,,,,
1766477994.6436,0.40670400502946996,0.5024826348553598,0.8886843919754028,0,False,,,,
1766477994.646048,0.40670400502946996,0.5024826348553598,0.8886843919754028,0,False,,,,
1766477994.6484978,0.3847084859985484,0.47964337327219275,0.9567356109619141,0,False,,,,
1766477994.806493,0.3847084859985484,0.47964337327219275,0.9567356109619141,0,False,,,,
1766477994.81109,0.3847084859985484,0.47964337327219275,0.9567356109619141,0,False,,,,
1766477994.814044,0.3847084859985484,0.47964337327219275,0.9567356109619141,0,False,,,,
1766477994.816917,0.3847084859985484,0.47964337327219275,0.9567356109619141,0,False,,,,
1766477994.819278,0.46339132053242527,0.2456189950817479,0.0,0,False,,,,
1766477994.972586,0.46339132053242527,0.2456189950817479,0.0,0,False,,,,
1766477994.9771142,0.46339132053242527,0.2456189950817479,0.0,0,False,,,,
1766477994.9795358,0.46339132053242527,0.2456189950817479,0.0,0,False,,,,
1766477994.9818199,0.46339132053242527,0.2456189950817479,0.0,0,False,,,,
1766477994.983973,0.46339132053242527,0.2456189950817479,0.0,0,False,,,,
1766477995.141377,0.46339132053242527,0.2456189950817479,0.0,0,False,,,,
1766477995.146463,0.46339132053242527,0.2456189950817479,0.0,0,False,,,,
1766477995.149096,0.46339132053242527,0.2456189950817479,0.0,0,False,,,,
1766477995.1517088,0.46339132053242527,0.2456189950817479,0.0,0,False,,,,
1766477995.1541069,0.46339132053242527,0.2456189950817479,0.0,0,False,,,,
1766477995.312974,0.46339132053242527,0.2456189950817479,0.0,0,False,,,,
1766477995.317614,0.46339132053242527,0.2456189950817479,0.0,0,False,,,,
1766477995.32023,0.46339132053242527,0.2456189950817479,0.0,0,False,,,,
1766477995.3250408,0.46339132053242527,0.2456189950817479,0.0,0,False,,,,
1766477995.3275268,0.40890223901533657,0.5269978193813973,0.9283584356307983,0,False,,,,
1766477995.650569,0.40890223901533657,0.5269978193813973,0.9283584356307983,0,False,,,,
1766477995.6556659,0.40890223901533657,0.5269978193813973,0.9283584356307983,0,False,,,,
1766477995.658615,0.40890223901533657,0.5269978193813973,0.9283584356307983,0,False,,,,
1766477995.661011,0.40890223901533657,0.5269978193813973,0.9283584356307983,0,False,,,,
1766477995.6641622,0.46339132053242527,0.2456189950817479,0.0,0,False,,,,
1766477995.852576,0.46339132053242527,0.2456189950817479,0.0,0,False,,,,
1766477995.857911,0.46339132053242527,0.2456189950817479,0.0,0,False,,,,
1766477995.860726,0.46339132053242527,0.2456189950817479,0.0,0,False,,,,
1766477995.8632362,0.46339132053242527,0.2456189950817479,0.0,0,False,,,,
1766477995.8660648,0.46339132053242527,0.2456189950817479,0.0,0,False,,,,
1766477996.334729,0.46339132053242527,0.2456189950817479,0.0,0,False,,,,
1766477996.341537,0.6066604002640718,0.06808958016072875,0.8878641128540039,0,False,,,,
1766477996.344362,0.6066604002640718,0.06808958016072875,0.8878641128540039,0,False,,,,
1766477996.3483899,0.6066604002640718,0.06808958016072875,0.8878641128540039,0,False,,,,
1766477996.3542259,0.4333133698781916,0.24287750795431673,0.3416203560094059,1,False,,,,
1766477996.84371,0.5029449895718392,-0.040039511862080435,0.931021511554718,1,False,,,,
1766477996.8531451,0.5029449895718392,-0.040039511862080435,0.931021511554718,1,False,,,,
1766477996.859225,0.5029449895718392,-0.040039511862080435,0.931021511554718,1,False,,,,
1766477996.86207,0.5029449895718392,-0.040039511862080435,0.931021511554718,1,False,,,,
1766477996.8646579,0.43127948915345593,0.23995963536504894,0.4280130219399258,2,False,,,,
1766477997.2964952,0.43127948915345593,0.23995963536504894,0.4280130219399258,2,False,,,,
1766477997.3035939,0.43127948915345593,0.23995963536504894,0.4280130219399258,2,False,,,,
1766477997.3090281,0.43127948915345593,0.23995963536504894,0.4280130219399258,2,False,,,,
1766477997.3115652,0.47394614623571013,-0.06108146879312448,1.0,2,False,,,,
1766477997.3151,0.46247569048072856,-0.08093266079942785,1.0,1,False,,,,
1766477997.6858659,0.4270865458314906,0.23180902502955258,0.4776392492172079,1,True,0.4255088269710541,0.13268700242042542,0.10891227424144745,0.20236171782016754
1766477997.693485,0.4270865458314906,0.23180902502955258,0.4776392492172079,1,True,0.4255088269710541,0.13268700242042542,0.10891227424144745,0.20236171782016754
1766477997.699805,0.4270865458314906,0.23180902502955258,0.4776392492172079,1,True,0.4255088269710541,0.13268700242042542,0.10891227424144745,0.20236171782016754
1766477997.702751,0.4270865458314906,0.23180902502955258,0.4776392492172079,1,True,0.4255088269710541,0.13268700242042542,0.10891227424144745,0.20236171782016754
1766477997.7050838,0.46531476957970863,-0.10602031112427057,0.9999200701713562,1,False,,,,
1766477998.0599492,0.46531476957970863,-0.10602031112427057,0.9999200701713562,1,False,,,,
1766477998.066305,0.46531476957970863,-0.10602031112427057,0.9999200701713562,1,False,,,,
1766477998.069441,0.46531476957970863,-0.10602031112427057,0.9999200701713562,1,False,,,,
1766477998.072196,0.46531476957970863,-0.10602031112427057,0.9999200701713562,1,False,,,,
1766477998.077324,0.4466353968919236,0.2579594126140148,0.46996079084447034,1,True,0.4106665551662445,0.13688482344150543,0.10554637759923935,0.19252607226371765
1766477998.4239202,0.4466353968919236,0.2579594126140148,0.46996079084447034,1,True,0.4106665551662445,0.13688482344150543,0.10554637759923935,0.19252607226371765
1766477998.430486,0.4466353968919236,0.2579594126140148,0.46996079084447034,1,True,0.4106665551662445,0.13688482344150543,0.10554637759923935,0.19252607226371765
1766477998.4332922,0.4466353968919236,0.2579594126140148,0.46996079084447034,1,True,0.4106665551662445,0.13688482344150543,0.10554637759923935,0.19252607226371765
1766477998.436079,0.4466353968919236,0.2579594126140148,0.46996079084447034,1,True,0.4106665551662445,0.13688482344150543,0.10554637759923935,0.19252607226371765
1766477998.4386292,0.4346475458259924,0.2663186853003755,0.41398739051406563,1,True,0.4118794798851013,0.14299376308918,0.1062006950378418,0.1979525238275528
1766477998.828885,0.4346475458259924,0.2663186853003755,0.41398739051406563,1,True,0.4118794798851013,0.14299376308918,0.1062006950378418,0.1979525238275528
1766477998.8354208,0.4346475458259924,0.2663186853003755,0.41398739051406563,1,True,0.4118794798851013,0.14299376308918,0.1062006950378418,0.1979525238275528
1766477998.838322,0.4346475458259924,0.2663186853003755,0.41398739051406563,1,True,0.4118794798851013,0.14299376308918,0.1062006950378418,0.1979525238275528
1766477998.8408651,0.4346475458259924,0.2663186853003755,0.41398739051406563,1,True,0.4118794798851013,0.14299376308918,0.1062006950378418,0.1979525238275528
1766477998.843594,0.49907626043145836,0.07589746968953237,0.07194546608417587,1,False,,,,
1766477999.327947,0.49907626043145836,0.07589746968953237,0.07194546608417587,1,False,,,,
1766477999.333706,0.49907626043145836,0.07589746968953237,0.07194546608417587,1,False,,,,
1766477999.336737,0.49907626043145836,0.07589746968953237,0.07194546608417587,1,False,,,,
1766477999.339264,0.49907626043145836,0.07589746968953237,0.07194546608417587,1,False,,,,
1766477999.341635,0.4313138810737038,0.24158055730638783,0.23779965689023322,1,True,0.4178691506385803,0.12065315246582031,0.10827989876270294,0.19216503202915192
1766477999.7418308,0.4313138810737038,0.24158055730638783,0.23779965689023322,1,True,0.4178691506385803,0.12065315246582031,0.10827989876270294,0.19216503202915192
1766477999.747927,0.4313138810737038,0.24158055730638783,0.23779965689023322,1,True,0.4178691506385803,0.12065315246582031,0.10827989876270294,0.19216503202915192
1766477999.751115,0.4313138810737038,0.24158055730638783,0.23779965689023322,1,True,0.4178691506385803,0.12065315246582031,0.10827989876270294,0.19216503202915192
1766477999.753962,0.4313138810737038,0.24158055730638783,0.23779965689023322,1,True,0.4178691506385803,0.12065315246582031,0.10827989876270294,0.19216503202915192
1766477999.7575521,0.47827294023844624,-0.10871620400085713,0.9968307614326477,1,False,,,,
1766478000.160942,0.4397641536925039,0.25744480723065133,0.19451350254873884,1,True,0.4204334318637848,0.13376706838607788,0.10765285789966583,0.18981069326400757
1766478000.1680388,0.4397641536925039,0.25744480723065133,0.19451350254873884,1,True,0.4204334318637848,0.13376706838607788,0.10765285789966583,0.18981069326400757
1766478000.174886,0.4397641536925039,0.25744480723065133,0.19451350254873884,1,True,0.4204334318637848,0.13376706838607788,0.10765285789966583,0.18981069326400757
1766478000.1802628,0.4397641536925039,0.25744480723065133,0.19451350254873884,1,True,0.4204334318637848,0.13376706838607788,0.10765285789966583,0.18981069326400757
1766478000.1830552,0.4325799707018292,0.26212096718952727,0.2688508932223161,1,True,0.42278045415878296,0.14039088785648346,0.10740061104297638,0.19158899784088135
1766478000.5147111,0.4325799707018292,0.26212096718952727,0.2688508932223161,1,True,0.42278045415878296,0.14039088785648346,0.10740061104297638,0.19158899784088135
1766478000.5211148,0.4325799707018292,0.26212096718952727,0.2688508932223161,1,True,0.42278045415878296,0.14039088785648346,0.10740061104297638,0.19158899784088135
1766478000.5242848,0.4325799707018292,0.26212096718952727,0.2688508932223161,1,True,0.42278045415878296,0.14039088785648346,0.10740061104297638,0.19158899784088135
1766478000.527067,0.4800976971671352,-0.12365293635144181,1.0,1,False,,,,
1766478000.5298939,0.4455051281733648,0.26057536135578574,0.46931817281341487,1,True,0.4180164337158203,0.1484747976064682,0.1089773178100586,0.19879651069641113
1766478000.838084,0.4455051281733648,0.26057536135578574,0.46931817281341487,1,True,0.4180164337158203,0.1484747976064682,0.1089773178100586,0.19879651069641113
1766478000.844678,0.4455051281733648,0.26057536135578574,0.46931817281341487,1,True,0.4180164337158203,0.1484747976064682,0.1089773178100586,0.19879651069641113
1766478000.8475351,0.4455051281733648,0.26057536135578574,0.46931817281341487,1,True,0.4180164337158203,0.1484747976064682,0.1089773178100586,0.19879651069641113
1766478000.850365,0.4455051281733648,0.26057536135578574,0.46931817281341487,1,True,0.4180164337158203,0.1484747976064682,0.1089773178100586,0.19879651069641113
1766478000.8534029,0.44613456755359915,0.2690197785110344,0.4223251320697096,1,True,0.4190405309200287,0.15409545600414276,0.10477056354284286,0.19065696001052856
1766478001.275123,0.44613456755359915,0.2690197785110344,0.4223251320697096,1,True,0.4190405309200287,0.15409545600414276,0.10477056354284286,0.19065696001052856
1766478001.2814112,0.44613456755359915,0.2690197785110344,0.4223251320697096,1,True,0.4190405309200287,0.15409545600414276,0.10477056354284286,0.19065696001052856
1766478001.284501,0.44613456755359915,0.2690197785110344,0.4223251320697096,1,True,0.4190405309200287,0.15409545600414276,0.10477056354284286,0.19065696001052856
1766478001.28713,0.44613456755359915,0.2690197785110344,0.4223251320697096,1,True,0.4190405309200287,0.15409545600414276,0.10477056354284286,0.19065696001052856
1766478001.289858,0.4844100117378353,-0.10461461824424578,0.9451771974563599,2,False,,,,
1766478001.654963,0.4844100117378353,-0.10461461824424578,0.9451771974563599,2,False,,,,
1766478001.661171,0.4844100117378353,-0.10461461824424578,0.9451771974563599,2,False,,,,
1766478001.6642199,0.4844100117378353,-0.10461461824424578,0.9451771974563599,2,False,,,,
1766478001.6682959,0.4485058150548837,0.27928248266005706,0.31666693155270464,2,True,0.4152882695198059,0.14995092153549194,0.1078786849975586,0.19795599579811096
1766478001.6723058,0.46550451899669004,-0.13547232517031293,0.9708221554756165,2,False,,,,
1766478002.086813,0.46550451899669004,-0.13547232517031293,0.9708221554756165,2,False,,,,
1766478002.093365,0.46550451899669004,-0.13547232517031293,0.9708221554756165,2,False,,,,
1766478002.099185,0.46550451899669004,-0.13547232517031293,0.9708221554756165,2,False,,,,
1766478002.1019268,0.46550451899669004,-0.13547232517031293,0.9708221554756165,2,False,,,,
1766478002.1050282,0.46744250559104505,-0.14220129595372843,0.985609233379364,1,False,,,,
1766478002.379219,0.46744250559104505,-0.14220129595372843,0.985609233379364,1,False,,,,
1766478002.386013,0.46744250559104505,-0.14220129595372843,0.985609233379364,1,False,,,,
1766478002.392355,0.46744250559104505,-0.14220129595372843,0.985609233379364,1,False,,,,
1766478002.3951712,0.46744250559104505,-0.14220129595372843,0.985609233379364,1,False,,,,
1766478002.3984709,0.46808004357188276,-0.15630970108588382,0.9584258794784546,1,False,,,,
1766478002.699859,0.46808004357188276,-0.15630970108588382,0.9584258794784546,1,False,,,,
1766478002.706164,0.4827871400947175,-0.13788680353994964,0.9508442878723145,1,False,,,,
1766478002.709323,0.4827871400947175,-0.13788680353994964,0.9508442878723145,1,False,,,,
1766478002.715969,0.4827871400947175,-0.13788680353994964,0.9508442878723145,1,False,,,,
1766478002.721247,0.46344410989307266,0.24564877478813008,0.0,1,False,,,,
1766478002.9857779,0.46344410989307266,0.24564877478813008,0.0,1,False,,,,
1766478002.992054,0.46344410989307266,0.24564877478813008,0.0,1,False,,,,
1766478002.99506,0.46344410989307266,0.24564877478813008,0.0,1,False,,,,
1766478002.9976802,0.46344410989307266,0.24564877478813008,0.0,1,False,,,,
1766478003.000005,0.4684724123618615,-0.15558050854791317,0.9504565596580505,1,False,,,,
1766478003.3331861,0.4684724123618615,-0.15558050854791317,0.9504565596580505,1,False,,,,
1766478003.339316,0.4684724123618615,-0.15558050854791317,0.9504565596580505,1,False,,,,
1766478003.342633,0.4684928273750626,-0.15533170825053588,0.9672282338142395,1,False,,,,
1766478003.3457222,0.46727444150412634,-0.15389935452769343,0.9663860201835632,1,False,,,,
1766478003.349727,0.46344410989307266,0.24564877478813008,0.0,1,False,,,,
1766478003.925256,0.46344410989307266,0.24564877478813008,0.0,1,False,,,,
1766478003.93092,0.46344410989307266,0.24564877478813008,0.0,1,False,,,,
1766478003.9338481,0.46344410989307266,0.24564877478813008,0.0,1,False,,,,
1766478003.936207,0.46344410989307266,0.24564877478813008,0.0,1,False,,,,
1766478003.938881,0.4634440311181094,0.2456487715868425,0.0,1,False,,,,
1766478004.457925,0.4634440311181094,0.2456487715868425,0.0,1,False,,,,
1766478004.464406,0.4634440311181094,0.2456487715868425,0.0,1,False,,,,
1766478004.467437,0.4634440311181094,0.2456487715868425,0.0,1,False,,,,
1766478004.4700139,0.4634440311181094,0.2456487715868425,0.0,1,False,,,,
1766478004.472407,0.4634440311181094,0.2456487715868425,0.0,1,False,,,,
1766478004.8606458,0.4634440311181094,0.2456487715868425,0.0,1,False,,,,
1766478004.8676531,0.4634440311181094,0.2456487715868425,0.0,1,False,,,,
1766478004.87041,0.4634440311181094,0.2456487715868425,0.0,1,False,,,,
1766478004.875479,0.4634440311181094,0.2456487715868425,0.0,1,False,,,,
1766478004.878442,0.4634440311181094,0.2456487715868425,0.0,1,False,,,,
1766478005.303645,0.4634440311181094,0.2456487715868425,0.0,1,False,,,,
1766478005.310677,0.4634440311181094,0.2456487715868425,0.0,1,False,,,,
1766478005.3133461,0.4634440311181094,0.2456487715868425,0.0,1,False,,,,
1766478005.316997,0.4634440311181094,0.2456487715868425,0.0,1,False,,,,
1766478005.3197608,0.3819171336597841,0.14829647234607435,0.7361260950565338,0,False,,,,
1766478005.553292,0.3819171336597841,0.14829647234607435,0.7361260950565338,0,False,,,,
1766478005.5600908,0.4497981321194877,0.34567485531099784,0.05484924657507115,0,False,,,,
1766478005.563156,0.4497981321194877,0.34567485531099784,0.05484924657507115,0,False,,,,
1766478005.569291,0.4497981321194877,0.34567485531099784,0.05484924657507115,0,False,,,,
1766478005.5725079,0.4175909938689365,0.4931861896317308,0.7458371520042419,0,False,,,,
1766478005.8338869,0.4175909938689365,0.4931861896317308,0.7458371520042419,0,False,,,,
1766478005.8417358,0.4175909938689365,0.4931861896317308,0.7458371520042419,0,False,,,,
1766478005.8443,0.4175909938689365,0.4931861896317308,0.7458371520042419,0,False,,,,
1766478005.846784,0.4175909938689365,0.4931861896317308,0.7458371520042419,0,False,,,,
1766478005.8491578,0.39821313602712366,0.5464691510821595,0.954628050327301,0,False,,,,
1766478006.370242,0.39821313602712366,0.5464691510821595,0.954628050327301,0,False,,,,
1766478006.377527,0.39821313602712366,0.5464691510821595,0.954628050327301,0,False,,,,
1766478006.38032,0.39821313602712366,0.5464691510821595,0.954628050327301,0,False,,,,
1766478006.383181,0.39821313602712366,0.5464691510821595,0.954628050327301,0,False,,,,
1766478006.385632,0.40862416702230464,0.5307483320658533,0.8999948501586914,0,False,,,,
1766478006.7116091,0.40862416702230464,0.5307483320658533,0.8999948501586914,0,False,,,,
1766478006.716618,0.40862416702230464,0.5307483320658533,0.8999948501586914,0,False,,,,
1766478006.721107,0.40862416702230464,0.5307483320658533,0.8999948501586914,0,False,,,,
1766478006.723698,0.40862416702230464,0.5307483320658533,0.8999948501586914,0,False,,,,
1766478006.726135,0.4086385205952781,0.5246985546817377,0.8825669884681702,0,False,,,,
1766478007.054949,0.4086385205952781,0.5246985546817377,0.8825669884681702,0,False,,,,
1766478007.059572,0.4086385205952781,0.5246985546817377,0.8825669884681702,0,False,,,,
1766478007.0627332,0.4634440311181094,0.2456487715868425,0.0,0,False,,,,
1766478007.065971,0.407818103126659,0.5243994048030851,0.9158706068992615,0,False,,,,
1766478007.0683289,0.41168329556984595,0.46030702308157956,0.9390007257461548,0,False,,,,
1766478007.3292952,0.41168329556984595,0.46030702308157956,0.9390007257461548,0,False,,,,
1766478007.334616,0.4634440311181094,0.2456487715868425,0.0,0,False,,,,
1766478007.3375518,0.4634440311181094,0.2456487715868425,0.0,0,False,,,,
1766478007.3437061,0.4634440311181094,0.2456487715868425,0.0,0,False,,,,
1766478007.3482702,0.4634440311181094,0.2456487715868425,0.0,0,False,,,,
1766478007.6689548,0.2895603012431123,0.7459438287956507,0.8207474946975708,0,False,,,,
1766478007.675488,0.2895603012431123,0.7459438287956507,0.8207474946975708,0,False,,,,
1766478007.680367,0.2895603012431123,0.7459438287956507,0.8207474946975708,0,False,,,,
1766478007.683085,0.2895603012431123,0.7459438287956507,0.8207474946975708,0,False,,,,
1766478007.685793,0.4182832517882954,0.4850863113603132,0.8889594674110413,0,False,,,,
1766478007.971731,0.4634440311181094,0.2456487715868425,0.0,0,False,,,,
1766478007.9772532,0.4634440311181094,0.2456487715868425,0.0,0,False,,,,
1766478007.9826088,0.4634440311181094,0.2456487715868425,0.0,0,False,,,,
1766478007.9852202,0.4634440311181094,0.2456487715868425,0.0,0,False,,,,
1766478007.9876301,0.30769423788845274,0.720371265196964,0.8010548055171967,0,False,,,,
1766478008.301367,0.30769423788845274,0.720371265196964,0.8010548055171967,0,False,,,,
1766478008.3060842,0.3092397615553785,0.7212590059012539,0.8277298212051392,0,False,,,,
1766478008.3089468,0.3092397615553785,0.7212590059012539,0.8277298212051392,0,False,,,,
1766478008.3146,0.3092397615553785,0.7212590059012539,0.8277298212051392,0,False,,,,
1766478008.3176792,0.3104701916830028,0.7380885941790849,0.8040302693843842,0,False,,,,
1766478008.5471292,0.3104701916830028,0.7380885941790849,0.8040302693843842,0,False,,,,
1766478008.552266,0.3104701916830028,0.7380885941790849,0.8040302693843842,0,False,,,,
1766478008.555319,0.3104701916830028,0.7380885941790849,0.8040302693843842,0,False,,,,
1766478008.557893,0.3104701916830028,0.7380885941790849,0.8040302693843842,0,False,,,,
1766478008.560256,0.4634440311181094,0.2456487715868425,0.0,0,False,,,,
1766478008.803038,0.31362595133555055,0.7380920415413705,0.8479825854301453,0,False,,,,
1766478008.809119,0.31241041732643515,0.7408531233511556,0.8103649914264679,0,False,,,,
1766478008.81469,0.31241041732643515,0.7408531233511556,0.8103649914264679,0,False,,,,
1766478008.819368,0.31241041732643515,0.7408531233511556,0.8103649914264679,0,False,,,,
1766478008.821881,0.31499689843327977,0.7386830196702117,0.8685439229011536,0,False,,,,
1766478009.042652,0.4634440311181094,0.2456487715868425,0.0,0,False,,,,
1766478009.0487459,0.4634440311181094,0.2456487715868425,0.0,0,False,,,,
1766478009.0538082,0.4634440311181094,0.2456487715868425,0.0,0,False,,,,
1766478009.056598,0.4634440311181094,0.2456487715868425,0.0,0,False,,,,
1766478009.05901,0.32601458764703084,0.7495885009899713,0.8015774190425873,0,False,,,,
1766478009.266311,0.32601458764703084,0.7495885009899713,0.8015774190425873,0,False,,,,
1766478009.270972,0.32601458764703084,0.7495885009899713,0.8015774190425873,0,False,,,,
1766478009.273783,0.32601458764703084,0.7495885009899713,0.8015774190425873,0,False,,,,
1766478009.276875,0.32733755983104434,0.7328688915034124,0.9089861810207367,0,False,,,,
1766478009.28032,0.4634440311181094,0.2456487715868425,0.0,0,False,,,,
1766478009.487482,0.4634440311181094,0.2456487715868425,0.0,0,False,,,,
1766478009.492938,0.4634440311181094,0.2456487715868425,0.0,0,False,,,,
1766478009.495533,0.4634440311181094,0.2456487715868425,0.0,0,False,,,,
1766478009.498035,0.4634440311181094,0.2456487715868425,0.0,0,False,,,,
1766478009.501088,0.4634440311181094,0.2456487715868425,0.0,0,False,,,,
1766478009.7481952,0.30030576219793037,0.6589815149155523,0.7036330412717696,0,False,,,,
1766478009.754236,0.30030576219793037,0.6589815149155523,0.7036330412717696,0,False,,,,
1766478009.7597299,0.30030576219793037,0.6589815149155523,0.7036330412717696,0,False,,,,
1766478009.762572,0.30030576219793037,0.6589815149155523,0.7036330412717696,0,False,,,,
1766478009.7650619,0.4333076580068953,0.544418616628219,0.8488243222236633,0,False,,,,
1766478009.98344,0.4333076580068953,0.544418616628219,0.8488243222236633,0,False,,,,
1766478009.988998,0.4333076580068953,0.544418616628219,0.8488243222236633,0,False,,,,
1766478009.993978,0.4333076580068953,0.544418616628219,0.8488243222236633,0,False,,,,
1766478009.996264,0.4333076580068953,0.544418616628219,0.8488243222236633,0,False,,,,
1766478009.998976,0.43294572239027185,0.6311629482731674,0.8197358846664429,0,False,,,,
1766478010.210185,0.4315769303626584,0.6302147330248548,0.8125836849212646,0,False,,,,
1766478010.216827,0.4634440311181094,0.2456487715868425,0.0,0,False,,,,
1766478010.223039,0.4634440311181094,0.2456487715868425,0.0,0,False,,,,
1766478010.2259898,0.4634440311181094,0.2456487715868425,0.0,0,False,,,,
1766478010.22853,0.38466838580523255,0.6571398308474433,0.8602272868156433,0,False,,,,
1766478010.689906,0.38466838580523255,0.6571398308474433,0.8602272868156433,0,False,,,,
1766478010.69617,0.38466838580523255,0.6571398308474433,0.8602272868156433,0,False,,,,
1766478010.69897,0.38466838580523255,0.6571398308474433,0.8602272868156433,0,False,,,,
1766478010.701567,0.38466838580523255,0.6571398308474433,0.8602272868156433,0,False,,,,
1766478010.7062469,0.38647842194464027,0.7263142496099276,0.7845934629440308,0,False,,,,
1766478010.90732,0.38647842194464027,0.7263142496099276,0.7845934629440308,0,False,,,,
1766478010.912629,0.38647842194464027,0.7263142496099276,0.7845934629440308,0,False,,,,
1766478010.917147,0.34685253037689434,0.7235557988533486,0.9612193354100462,0,False,,,,
1766478010.9205818,0.34685253037689434,0.7235557988533486,0.9612193354100462,0,False,,,,
1766478010.924624,0.4634440311181094,0.2456487715868425,0.0,0,False,,,,
1766478011.166698,0.4634440311181094,0.2456487715868425,0.0,0,False,,,,
1766478011.172131,0.4634440311181094,0.2456487715868425,0.0,0,False,,,,
1766478011.175083,0.4634440311181094,0.2456487715868425,0.0,0,False,,,,
1766478011.177432,0.4634440311181094,0.2456487715868425,0.0,0,False,,,,
1766478011.180285,0.4634440311181094,0.2456487715868425,0.0,0,False,,,,
1766478011.395301,0.4634440311181094,0.2456487715868425,0.0,0,False,,,,
1766478011.40005,0.4634440311181094,0.2456487715868425,0.0,0,False,,,,
1766478011.402642,0.4634440311181094,0.2456487715868425,0.0,0,False,,,,
1766478011.405053,0.4634440311181094,0.2456487715868425,0.0,0,False,,,,
1766478011.407507,0.3662553462091965,0.4764050115703711,0.27544452726265767,0,False,,,,
