timestamp,gaze_x,gaze_y,gaze_confidence,num_faces,is_looking_at_face,face_bbox_left,face_bbox_top,face_bbox_width,face_bbox_height
1766729940.768793,0.2580882349087349,0.4430531307754919,0.9733821749687195,1,False,,,,
1766729941.6483881,0.30180183454996784,0.5206094615927018,0.99585822224617,1,False,,,,
1766729941.655097,0.30180183454996784,0.5206094615927018,0.99585822224617,1,False,,,,
1766729941.658459,0.30180183454996784,0.5206094615927018,0.99585822224617,1,False,,,,
1766729941.660992,0.30180183454996784,0.5206094615927018,0.99585822224617,1,False,,,,
1766729941.6644008,0.37827542034606376,0.8697867060373615,0.9874281585216522,1,False,,,,
1766729942.209419,0.370832429240039,0.8728930036508372,1.0,1,False,,,,
1766729942.216098,0.370832429240039,0.8728930036508372,1.0,1,False,,,,
1766729942.222038,0.370832429240039,0.8728930036508372,1.0,1,False,,,,
1766729942.224942,0.370832429240039,0.8728930036508372,1.0,1,False,,,,
1766729942.227605,0.34404984678422124,0.7717270201388892,0.9832387268543243,1,False,,,,
1766729942.642633,0.34404984678422124,0.7717270201388892,0.9832387268543243,1,False,,,,
1766729942.650134,0.34404984678422124,0.7717270201388892,0.9832387268543243,1,False,,,,
1766729942.655104,0.34404984678422124,0.7717270201388892,0.9832387268543243,1,False,,,,
1766729942.657871,0.34404984678422124,0.7717270201388892,0.9832387268543243,1,False,,,,
1766729942.660405,0.4187865854728912,0.7788294103038507,1.0,2,False,,,,
1766729943.222273,0.4187865854728912,0.7788294103038507,1.0,2,False,,,,
1766729943.228616,0.4187865854728912,0.7788294103038507,1.0,2,False,,,,
1766729943.231703,0.4187865854728912,0.7788294103038507,1.0,2,False,,,,
1766729943.234293,0.4187865854728912,0.7788294103038507,1.0,2,False,,,,
1766729943.236993,0.4434086273597245,0.8139671752231712,0.9624921083450317,1,False,,,,
1766729943.703068,0.4434086273597245,0.8139671752231712,0.9624921083450317,1,False,,,,
1766729943.709144,0.43861602484974826,0.8143971484299148,0.9802978932857513,1,False,,,,
1766729943.712647,0.43861602484974826,0.8143971484299148,0.9802978932857513,1,False,,,,
1766729943.716924,0.43861602484974826,0.8143971484299148,0.9802978932857513,1,False,,,,
1766729943.722543,0.4042689220404737,0.796110215829602,0.9057735800743103,1,False,,,,
1766729944.092078,0.4042689220404737,0.796110215829602,0.9057735800743103,1,False,,,,
1766729944.098579,0.4042689220404737,0.796110215829602,0.9057735800743103,1,False,,,,
1766729944.101481,0.4042689220404737,0.796110215829602,0.9057735800743103,1,False,,,,
1766729944.104018,0.4042689220404737,0.796110215829602,0.9057735800743103,1,False,,,,
1766729944.106544,0.4075365654430906,0.7687542496718802,0.9140585958957672,1,False,,,,
1766729944.531899,0.4075365654430906,0.7687542496718802,0.9140585958957672,1,False,,,,
1766729944.537751,0.4075365654430906,0.7687542496718802,0.9140585958957672,1,False,,,,
1766729944.54124,0.4075365654430906,0.7687542496718802,0.9140585958957672,1,False,,,,
1766729944.544188,0.4075365654430906,0.7687542496718802,0.9140585958957672,1,False,,,,
1766729944.547582,0.3673112297358915,0.8852622333907393,0.888183975618277,1,False,,,,
1766729944.895512,0.3673112297358915,0.8852622333907393,0.888183975618277,1,False,,,,
1766729944.9008682,0.3673112297358915,0.8852622333907393,0.888183975618277,1,False,,,,
1766729944.9037051,0.3673112297358915,0.8852622333907393,0.888183975618277,1,False,,,,
1766729944.906473,0.3673112297358915,0.8852622333907393,0.888183975618277,1,False,,,,
1766729944.9090571,0.4087404220279084,0.7001033845590858,0.4115927149274427,1,False,,,,
1766729945.375204,0.4087404220279084,0.7001033845590858,0.4115927149274427,1,False,,,,
1766729945.3809621,0.4087404220279084,0.7001033845590858,0.4115927149274427,1,False,,,,
1766729945.384177,0.4956346194331733,0.44428525366757987,1.0,1,False,,,,
1766729945.387915,0.4956346194331733,0.44428525366757987,1.0,1,False,,,,
1766729945.391517,0.31463684104765033,0.587821637610399,0.9051508009433746,1,False,,,,
1766729946.0976052,0.31463684104765033,0.587821637610399,0.9051508009433746,1,False,,,,
1766729946.1033878,0.31463684104765033,0.587821637610399,0.9051508009433746,1,False,,,,
1766729946.106112,0.31463684104765033,0.587821637610399,0.9051508009433746,1,False,,,,
1766729946.11154,0.31463684104765033,0.587821637610399,0.9051508009433746,1,False,,,,
1766729946.114062,0.3938168007864348,0.9034016421069944,0.9123004078865051,1,False,,,,
1766729946.4173272,0.3938168007864348,0.9034016421069944,0.9123004078865051,1,False,,,,
1766729946.423279,0.38158820926913484,0.9039599867754577,0.9034998416900635,1,False,,,,
1766729946.42726,0.376685752196854,0.9108474474089857,0.9146767854690552,1,False,,,,
1766729946.430607,0.376685752196854,0.9108474474089857,0.9146767854690552,1,False,,,,
1766729946.4379861,0.346196749605015,0.6615675242751506,0.8921588659286499,1,False,,,,
1766729946.758687,0.33720545450198947,0.6435039964432789,0.8697862029075623,1,False,,,,
1766729946.765131,0.5938977867515287,0.4880476252974044,0.16405525853726974,1,False,,,,
1766729946.771517,0.5938977867515287,0.4880476252974044,0.16405525853726974,1,False,,,,
1766729946.774486,0.5938977867515287,0.4880476252974044,0.16405525853726974,1,False,,,,
1766729946.7771342,0.4104392319283964,0.9184450471428957,0.8737279176712036,1,False,,,,
1766729947.2199218,0.4104392319283964,0.9184450471428957,0.8737279176712036,1,False,,,,
1766729947.226542,0.5975154604213445,0.43168988536665887,0.15268065574672268,1,False,,,,
1766729947.229673,0.5249395727938495,0.43008489868976074,1.0,1,False,,,,
1766729947.232408,0.5249395727938495,0.43008489868976074,1.0,1,False,,,,
1766729947.239257,0.40174494449197784,0.9460596433210939,0.8750309764550588,1,False,,,,
1766729947.5825841,0.40174494449197784,0.9460596433210939,0.8750309764550588,1,False,,,,
1766729947.588614,0.40174494449197784,0.9460596433210939,0.8750309764550588,1,False,,,,
1766729947.591598,0.40174494449197784,0.9460596433210939,0.8750309764550588,1,False,,,,
1766729947.594527,0.4068888427426094,0.9453411307328252,0.8626768290996552,1,False,,,,
1766729947.597377,0.32100227786005014,0.8027525061473209,0.0,1,False,,,,
1766729948.039229,0.32100227786005014,0.8027525061473209,0.0,1,False,,,,
1766729948.045554,0.32100227786005014,0.8027525061473209,0.0,1,False,,,,
1766729948.0498738,0.32100227786005014,0.8027525061473209,0.0,1,False,,,,
1766729948.052049,0.32100227786005014,0.8027525061473209,0.0,1,False,,,,
1766729948.0545862,0.54499137153482,0.5830471300451585,0.11662787669231875,1,False,,,,
1766729948.32879,0.54499137153482,0.5830471300451585,0.11662787669231875,1,False,,,,
1766729948.336076,0.5822691059811083,0.5136524220390837,0.2263738669220497,1,False,,,,
1766729948.3393211,0.5822691059811083,0.5136524220390837,0.2263738669220497,1,False,,,,
1766729948.345129,0.5822691059811083,0.5136524220390837,0.2263738669220497,1,False,,,,
1766729948.348614,0.5515260462630143,0.5459626477104833,0.22555136303357176,0,False,,,,
1766729948.543165,0.5515260462630143,0.5459626477104833,0.22555136303357176,0,False,,,,
1766729948.549803,0.5515260462630143,0.5459626477104833,0.22555136303357176,0,False,,,,
1766729948.5523489,0.5515260462630143,0.5459626477104833,0.22555136303357176,0,False,,,,
1766729948.554857,0.5515260462630143,0.5459626477104833,0.22555136303357176,0,False,,,,
1766729948.559113,0.36320699747064494,0.26582674886931534,0.8471121788024902,0,False,,,,
1766729948.74091,0.3619960381239927,0.26789623329716183,0.8559814691543579,0,False,,,,
1766729948.748565,0.3619960381239927,0.26789623329716183,0.8559814691543579,0,False,,,,
1766729948.7538009,0.3619960381239927,0.26789623329716183,0.8559814691543579,0,False,,,,
1766729948.756445,0.3619960381239927,0.26789623329716183,0.8559814691543579,0,False,,,,
1766729948.7588422,0.3552986104457297,0.22478864544221233,0.9267546832561493,0,False,,,,
1766729948.969346,0.3552986104457297,0.22478864544221233,0.9267546832561493,0,False,,,,
1766729948.97528,0.35914805698641916,0.2519110447301749,0.9180404841899872,0,False,,,,
1766729948.978367,0.35914805698641916,0.2519110447301749,0.9180404841899872,0,False,,,,
1766729948.984811,0.35914805698641916,0.2519110447301749,0.9180404841899872,0,False,,,,
1766729948.987533,0.3440293112225404,0.19185602742321406,0.9267283976078033,0,False,,,,
1766729949.206217,0.3468635788833492,0.2117563156478912,0.9482887387275696,0,False,,,,
1766729949.210921,0.3468635788833492,0.2117563156478912,0.9482887387275696,0,False,,,,
1766729949.216702,0.3468635788833492,0.2117563156478912,0.9482887387275696,0,False,,,,
1766729949.219368,0.3468635788833492,0.2117563156478912,0.9482887387275696,0,False,,,,
1766729949.221824,0.33589714240865565,0.21460620952385523,0.9582506120204926,0,False,,,,
1766729949.4344761,0.33589714240865565,0.21460620952385523,0.9582506120204926,0,False,,,,
1766729949.439307,0.33406543213811657,0.21338404381598475,0.9724782109260559,0,False,,,,
1766729949.442875,0.31957581501627497,0.18115641352549983,0.9553637456893921,0,False,,,,
1766729949.44636,0.31957581501627497,0.18115641352549983,0.9553637456893921,0,False,,,,
1766729949.4499578,0.4040406762578783,0.20472103939242392,1.0,0,False,,,,
1766729949.666985,0.4040406762578783,0.20472103939242392,1.0,0,False,,,,
1766729949.6720278,0.4040406762578783,0.20472103939242392,1.0,0,False,,,,
1766729949.675502,0.40549792672667523,0.20152040026950202,1.0,0,False,,,,
1766729949.6801531,0.4063872672073991,0.20303194547706171,1.0,0,False,,,,
1766729949.683258,0.43092749758688714,0.929674051996418,0.5565800903115007,0,False,,,,
1766729949.86483,0.43092749758688714,0.929674051996418,0.5565800903115007,0,False,,,,
1766729949.870152,0.43092749758688714,0.929674051996418,0.5565800903115007,0,False,,,,
1766729949.873031,0.43092749758688714,0.929674051996418,0.5565800903115007,0,False,,,,
1766729949.875545,0.39024296321505947,0.16804781152515147,0.9039406180381775,0,False,,,,
1766729949.878695,0.37436615477014124,0.19686520297984078,0.8753427863121033,0,False,,,,
1766729950.077774,0.3723028991596883,0.19696320605588846,0.8531176447868347,0,False,,,,
1766729950.083454,0.3723028991596883,0.19696320605588846,0.8531176447868347,0,False,,,,
1766729950.0882182,0.3723028991596883,0.19696320605588846,0.8531176447868347,0,False,,,,
1766729950.090898,0.3723028991596883,0.19696320605588846,0.8531176447868347,0,False,,,,
1766729950.093317,0.44810217790787565,0.02892321507613249,0.8979947519302368,0,False,,,,
1766729950.255203,0.44810217790787565,0.02892321507613249,0.8979947519302368,0,False,,,,
1766729950.259819,0.44810217790787565,0.02892321507613249,0.8979947519302368,0,False,,,,
1766729950.262312,0.44810217790787565,0.02892321507613249,0.8979947519302368,0,False,,,,
1766729950.264856,0.44810217790787565,0.02892321507613249,0.8979947519302368,0,False,,,,
1766729950.267977,0.37865893079415375,0.2759793982934966,0.9546070396900177,0,False,,,,
1766729950.4423192,0.373162398094126,0.2653200669534366,0.9287365078926086,0,False,,,,
1766729950.4474602,0.3743375178489611,0.2714688709899582,0.9371184408664703,0,False,,,,
1766729950.451773,0.3743375178489611,0.2714688709899582,0.9371184408664703,0,False,,,,
1766729950.457099,0.3743375178489611,0.2714688709899582,0.9371184408664703,0,False,,,,
1766729950.4595442,0.3528616804157151,0.21745779721408487,0.995,0,False,,,,
1766729950.667329,0.3528616804157151,0.21745779721408487,0.995,0,False,,,,
1766729950.67211,0.3528616804157151,0.21745779721408487,0.995,0,False,,,,
1766729950.676596,0.3528616804157151,0.21745779721408487,0.995,0,False,,,,
1766729950.6794932,0.3670072304964516,0.2155266807947157,0.9847062230110168,0,False,,,,
1766729950.6823602,0.390920301474725,0.21991205183249463,1.0,0,False,,,,
1766729950.900961,0.390920301474725,0.21991205183249463,1.0,0,False,,,,
1766729950.905808,0.390920301474725,0.21991205183249463,1.0,0,False,,,,
1766729950.9087849,0.390920301474725,0.21991205183249463,1.0,0,False,,,,
1766729950.9118478,0.390920301474725,0.21991205183249463,1.0,0,False,,,,
1766729950.914603,0.38213109703409515,0.21688297378495636,1.0,0,False,,,,
1766729951.085262,0.3725534447469365,0.21277105385499773,0.9904732704162598,0,False,,,,
1766729951.091403,0.3725534447469365,0.21277105385499773,0.9904732704162598,0,False,,,,
1766729951.0964758,0.3725534447469365,0.21277105385499773,0.9904732704162598,0,False,,,,
1766729951.099029,0.3725534447469365,0.21277105385499773,0.9904732704162598,0,False,,,,
1766729951.1034229,0.3836442391794137,0.21106190867602614,0.9594889879226685,0,False,,,,
1766729951.292033,0.3836442391794137,0.21106190867602614,0.9594889879226685,0,False,,,,
1766729951.29698,0.3836442391794137,0.21106190867602614,0.9594889879226685,0,False,,,,
1766729951.299767,0.3836442391794137,0.21106190867602614,0.9594889879226685,0,False,,,,
1766729951.302067,0.3836442391794137,0.21106190867602614,0.9594889879226685,0,False,,,,
1766729951.3045871,0.39325420336888206,0.22071568820293108,1.0,0,False,,,,
1766729951.474498,0.39325420336888206,0.22071568820293108,1.0,0,False,,,,
1766729951.4791522,0.39325420336888206,0.22071568820293108,1.0,0,False,,,,
1766729951.481981,0.388962597308115,0.22030705433346176,1.0,0,False,,,,
1766729951.4845178,0.38927982817976226,0.2220604489609792,0.9561658799648285,0,False,,,,
1766729951.487175,0.43606884306480687,0.3072846739257955,0.978868842124939,0,False,,,,
1766729951.6930969,0.43606884306480687,0.3072846739257955,0.978868842124939,0,False,,,,
1766729951.69774,0.43606884306480687,0.3072846739257955,0.978868842124939,0,False,,,,
1766729951.7003908,0.43606884306480687,0.3072846739257955,0.978868842124939,0,False,,,,
1766729951.702821,0.43606884306480687,0.3072846739257955,0.978868842124939,0,False,,,,
1766729951.704803,0.4032838081120804,0.3233536568735089,0.9992056787014008,0,False,,,,
1766729951.894042,0.3992445084643419,0.32440972416059943,1.0,0,False,,,,
1766729951.9009972,0.3992445084643419,0.32440972416059943,1.0,0,False,,,,
1766729951.905521,0.3992445084643419,0.32440972416059943,1.0,0,False,,,,
1766729951.908075,0.3992445084643419,0.32440972416059943,1.0,0,False,,,,
1766729951.910729,0.5051676818976175,0.8997899174612803,0.16650376390078062,1,False,,,,
1766729952.232895,0.5051676818976175,0.8997899174612803,0.16650376390078062,1,False,,,,
1766729952.2389498,0.5051676818976175,0.8997899174612803,0.16650376390078062,1,False,,,,
1766729952.242286,0.5051676818976175,0.8997899174612803,0.16650376390078062,1,False,,,,
1766729952.246188,0.5051676818976175,0.8997899174612803,0.16650376390078062,1,False,,,,
1766729952.248878,0.5337093949791007,0.7001867447741772,1.0,1,False,,,,
1766729952.559999,0.5343282647672977,0.688418113048937,1.0,1,False,,,,
1766729952.5690129,0.5343282647672977,0.688418113048937,1.0,1,False,,,,
1766729952.5751219,0.5343282647672977,0.688418113048937,1.0,1,False,,,,
1766729952.57791,0.5343282647672977,0.688418113048937,1.0,1,False,,,,
1766729952.58081,0.5431519523670922,0.6798618762338801,1.0,3,False,,,,
1766729953.056851,0.5431519523670922,0.6798618762338801,1.0,3,False,,,,
1766729953.065181,0.5455127989995904,0.6831452133705906,1.0,3,False,,,,
1766729953.069269,0.5455127989995904,0.6831452133705906,1.0,3,False,,,,
1766729953.0752692,0.5455127989995904,0.6831452133705906,1.0,3,False,,,,
1766729953.07803,0.5481915509971934,0.6965205586361762,1.0,2,False,,,,
1766729953.364026,0.5472881006451952,0.7029018669850691,1.0,2,False,,,,
1766729953.371149,0.5472881006451952,0.7029018669850691,1.0,2,False,,,,
1766729953.374101,0.5472881006451952,0.7029018669850691,1.0,2,False,,,,
1766729953.376734,0.5472881006451952,0.7029018669850691,1.0,2,False,,,,
1766729953.379401,0.5485750683288504,0.681834241622295,1.0,2,False,,,,
1766729953.698482,0.5502886029432997,0.6785829927504802,1.0,2,False,,,,
1766729953.705879,0.5502886029432997,0.6785829927504802,1.0,2,False,,,,
1766729953.711733,0.5502886029432997,0.6785829927504802,1.0,2,False,,,,
1766729953.714805,0.5502886029432997,0.6785829927504802,1.0,2,False,,,,
1766729953.7175272,0.4833955520688681,0.6550392747815419,1.0,2,False,,,,
1766729954.1866298,0.4833955520688681,0.6550392747815419,1.0,2,False,,,,
1766729954.1926742,0.4833955520688681,0.6550392747815419,1.0,2,False,,,,
1766729954.198272,0.4811537912666409,0.6529556563921545,0.982159286737442,2,False,,,,
1766729954.20112,0.4855088586635504,0.646848477252589,1.0,2,False,,,,
1766729954.2038279,0.5539702065470549,0.6907419914021146,1.0,2,False,,,,
1766729954.588435,0.5539702065470549,0.6907419914021146,1.0,2,False,,,,
1766729954.5950458,0.5539702065470549,0.6907419914021146,1.0,2,False,,,,
1766729954.598103,0.5512936939222481,0.6909731325527589,1.0,2,False,,,,
1766729954.6011038,0.5434078232633146,0.7056833857903152,0.9900867938995361,2,False,,,,
1766729954.603709,0.544521473759651,0.6874070767035627,1.0,2,False,,,,
1766729955.104602,0.5166415090856772,0.7136662920797658,0.9890384078025818,2,False,,,,
1766729955.113059,0.5166415090856772,0.7136662920797658,0.9890384078025818,2,False,,,,
1766729955.118884,0.5166415090856772,0.7136662920797658,0.9890384078025818,2,False,,,,
1766729955.121989,0.5166415090856772,0.7136662920797658,0.9890384078025818,2,False,,,,
1766729955.1271858,0.5498563712342847,0.6816836780440396,1.0,2,False,,,,
1766729955.450722,0.5498563712342847,0.6816836780440396,1.0,2,False,,,,
1766729955.457234,0.5498563712342847,0.6816836780440396,1.0,2,False,,,,
1766729955.4601002,0.5498563712342847,0.6816836780440396,1.0,2,False,,,,
1766729955.4627578,0.5498563712342847,0.6816836780440396,1.0,2,False,,,,
1766729955.465121,0.5606119183778088,0.6624161532023229,0.9613844752311707,2,False,,,,
1766729955.920276,0.5606119183778088,0.6624161532023229,0.9613844752311707,2,False,,,,
1766729955.926752,0.5606119183778088,0.6624161532023229,0.9613844752311707,2,False,,,,
1766729955.929923,0.5606119183778088,0.6624161532023229,0.9613844752311707,2,False,,,,
1766729955.9322581,0.5606119183778088,0.6624161532023229,0.9613844752311707,2,False,,,,
1766729955.9345589,0.5553532131823743,0.7100210646418952,0.9940184652805328,2,False,,,,
1766729956.331715,0.5553532131823743,0.7100210646418952,0.9940184652805328,2,False,,,,
1766729956.336844,0.5553532131823743,0.7100210646418952,0.9940184652805328,2,False,,,,
1766729956.339554,0.5553532131823743,0.7100210646418952,0.9940184652805328,2,False,,,,
1766729956.342732,0.552655140773321,0.7095826702260596,0.9772923588752747,2,False,,,,
1766729956.345278,0.5448963064274928,0.7088111547456561,1.0,2,False,,,,
1766729956.668627,0.5448963064274928,0.7088111547456561,1.0,2,False,,,,
1766729956.6746938,0.5448963064274928,0.7088111547456561,1.0,2,False,,,,
1766729956.678435,0.5485183401935503,0.7017882113839298,0.9956631362438202,2,False,,,,
1766729956.68138,0.554764313085859,0.6776595504042336,1.0,2,False,,,,
1766729956.683985,0.5426268098789319,0.7406540759362242,0.9834724962711334,2,False,,,,
1766729957.049864,0.54257113265771,0.7179030961388616,0.9443982839584351,2,False,,,,
1766729957.056403,0.54257113265771,0.7179030961388616,0.9443982839584351,2,False,,,,
1766729957.0630999,0.54257113265771,0.7179030961388616,0.9443982839584351,2,False,,,,
1766729957.068164,0.54257113265771,0.7179030961388616,0.9443982839584351,2,False,,,,
1766729957.0707042,0.5397475075178397,0.7289797651285838,1.0,2,False,,,,
1766729957.4565141,0.5397475075178397,0.7289797651285838,1.0,2,False,,,,
1766729957.462444,0.5397475075178397,0.7289797651285838,1.0,2,False,,,,
1766729957.465247,0.5397475075178397,0.7289797651285838,1.0,2,False,,,,
1766729957.467722,0.5397475075178397,0.7289797651285838,1.0,2,False,,,,
1766729957.4707332,0.5455641778512554,0.721527151316203,1.0,2,False,,,,
1766729957.86565,0.5455641778512554,0.721527151316203,1.0,2,False,,,,
1766729957.871647,0.5455641778512554,0.721527151316203,1.0,2,False,,,,
1766729957.874641,0.5455641778512554,0.721527151316203,1.0,2,False,,,,
1766729957.877113,0.5455641778512554,0.721527151316203,1.0,2,False,,,,
1766729957.879754,0.5453100025206508,0.736720757718959,0.9735896587371826,2,False,,,,
1766729958.279205,0.5453100025206508,0.736720757718959,0.9735896587371826,2,False,,,,
1766729958.285284,0.5453100025206508,0.736720757718959,0.9735896587371826,2,False,,,,
1766729958.288235,0.5462196725750326,0.7378247391115409,1.0,2,False,,,,
1766729958.290946,0.5473368244066841,0.7328307654733619,1.0,2,False,,,,
1766729958.29534,0.539116388344044,0.7526584711276872,0.9705253541469574,2,False,,,,
1766729958.638164,0.539116388344044,0.7526584711276872,0.9705253541469574,2,False,,,,
1766729958.6440818,0.539116388344044,0.7526584711276872,0.9705253541469574,2,False,,,,
1766729958.6473138,0.539116388344044,0.7526584711276872,0.9705253541469574,2,False,,,,
1766729958.6502762,0.539116388344044,0.7526584711276872,0.9705253541469574,2,False,,,,
1766729958.652601,0.5368752695824743,0.7594481440408039,0.934197723865509,2,False,,,,
1766729959.098527,0.5327474843939987,0.7708494947935269,0.9297899007797241,2,False,,,,
1766729959.105718,0.5327474843939987,0.7708494947935269,0.9297899007797241,2,False,,,,
1766729959.110829,0.5327474843939987,0.7708494947935269,0.9297899007797241,2,False,,,,
1766729959.113423,0.5327474843939987,0.7708494947935269,0.9297899007797241,2,False,,,,
1766729959.11608,0.5934896525607047,0.5706233992740022,0.16909906205789854,2,False,,,,
1766729959.5126731,0.5934896525607047,0.5706233992740022,0.16909906205789854,2,False,,,,
1766729959.5199602,0.5934896525607047,0.5706233992740022,0.16909906205789854,2,False,,,,
1766729959.522859,0.5934896525607047,0.5706233992740022,0.16909906205789854,2,False,,,,
1766729959.525644,0.552689491212412,0.5399237137990442,0.1633504562805514,2,False,,,,
1766729959.529443,0.3744955337952415,0.33524718259263153,0.9066597521305084,1,False,,,,
1766729959.914573,0.3744955337952415,0.33524718259263153,0.9066597521305084,1,False,,,,
1766729959.921514,0.3744955337952415,0.33524718259263153,0.9066597521305084,1,False,,,,
1766729959.9242811,0.3744955337952415,0.33524718259263153,0.9066597521305084,1,False,,,,
1766729959.9267159,0.377796649980885,0.3338996381468078,0.9162102341651917,1,False,,,,
1766729959.9315,0.4353422482099714,0.3138495140835491,0.9356318712234497,1,False,,,,
1766729960.325085,0.4353422482099714,0.3138495140835491,0.9356318712234497,1,False,,,,
1766729960.3318348,0.4356753790362588,0.3120567444585103,0.9421068131923676,1,False,,,,
1766729960.334792,0.4347726043927672,0.31320839520588883,0.9741882383823395,1,False,,,,
1766729960.337846,0.4347726043927672,0.31320839520588883,0.9741882383823395,1,False,,,,
1766729960.343673,0.42160227360334285,0.2950417949546267,1.0,1,False,,,,
1766729960.610934,0.42160227360334285,0.2950417949546267,1.0,1,False,,,,
1766729960.615972,0.42160227360334285,0.2950417949546267,1.0,1,False,,,,
1766729960.618803,0.42160227360334285,0.2950417949546267,1.0,1,False,,,,
1766729960.620994,0.42160227360334285,0.2950417949546267,1.0,1,False,,,,
1766729960.623337,0.39782059392020336,0.3161798110827414,0.8683903217315674,1,False,,,,
1766729961.0445828,0.39782059392020336,0.3161798110827414,0.8683903217315674,1,False,,,,
1766729961.049518,0.39782059392020336,0.3161798110827414,0.8683903217315674,1,False,,,,
1766729961.052214,0.39782059392020336,0.3161798110827414,0.8683903217315674,1,False,,,,
1766729961.054664,0.39782059392020336,0.3161798110827414,0.8683903217315674,1,False,,,,
1766729961.056582,0.3971107286472673,0.31578620763240095,0.8628628849983215,2,False,,,,
1766729961.4150631,0.3971107286472673,0.31578620763240095,0.8628628849983215,2,False,,,,
1766729961.420005,0.3971107286472673,0.31578620763240095,0.8628628849983215,2,False,,,,
1766729961.4228978,0.3971107286472673,0.31578620763240095,0.8628628849983215,2,False,,,,
1766729961.425515,0.3971107286472673,0.31578620763240095,0.8628628849983215,2,False,,,,
1766729961.427722,0.4361383946060348,0.5510504165617807,0.2316945520353236,2,False,,,,
1766729961.7450812,0.5153968554595642,0.8678070191807511,0.13618171474754132,2,False,,,,
1766729961.7527769,0.5153968554595642,0.8678070191807511,0.13618171474754132,2,False,,,,
1766729961.7584472,0.5153968554595642,0.8678070191807511,0.13618171474754132,2,False,,,,
1766729961.762802,0.5153968554595642,0.8678070191807511,0.13618171474754132,2,False,,,,
1766729961.765391,0.5051347853407224,0.6899568216861938,1.0,2,False,,,,
1766729962.066022,0.5051347853407224,0.6899568216861938,1.0,2,False,,,,
1766729962.074608,0.5005141043954228,0.6906254777834251,1.0,2,False,,,,
1766729962.078243,0.5005141043954228,0.6906254777834251,1.0,2,False,,,,
1766729962.084977,0.5005141043954228,0.6906254777834251,1.0,2,False,,,,
1766729962.0877922,0.5009438856347399,0.7237703580626231,1.0,2,False,,,,
1766729962.373017,0.5009438856347399,0.7237703580626231,1.0,2,False,,,,
1766729962.380202,0.5049955086483922,0.7181810525067397,1.0,2,False,,,,
1766729962.383808,0.5049955086483922,0.7181810525067397,1.0,2,False,,,,
1766729962.3906162,0.5049955086483922,0.7181810525067397,1.0,2,False,,,,
1766729962.3936472,0.5040913925561632,0.7055708490027754,1.0,2,False,,,,
1766729962.746785,0.5019559398116572,0.7120374846097925,1.0,2,False,,,,
1766729962.753868,0.5019559398116572,0.7120374846097925,1.0,2,False,,,,
1766729962.7598898,0.5019559398116572,0.7120374846097925,1.0,2,False,,,,
1766729962.7627861,0.5019559398116572,0.7120374846097925,1.0,2,False,,,,
1766729962.765505,0.502660170093498,0.7087151262345454,1.0,2,False,,,,
1766729963.0898821,0.502660170093498,0.7087151262345454,1.0,2,False,,,,
1766729963.096512,0.502660170093498,0.7087151262345454,1.0,2,False,,,,
1766729963.099478,0.502660170093498,0.7087151262345454,1.0,2,False,,,,
1766729963.102127,0.502660170093498,0.7087151262345454,1.0,2,False,,,,
1766729963.104705,0.5005207112447863,0.7206932321381739,1.0,2,False,,,,
1766729963.558055,0.5005207112447863,0.7206932321381739,1.0,2,False,,,,
1766729963.564373,0.5005207112447863,0.7206932321381739,1.0,2,False,,,,
1766729963.5696871,0.5005207112447863,0.7206932321381739,1.0,2,False,,,,
1766729963.5722969,0.5005207112447863,0.7206932321381739,1.0,2,False,,,,
1766729963.574917,0.48813845440514764,0.6987507532240781,1.0,2,False,,,,
1766729963.9088252,0.48813845440514764,0.6987507532240781,1.0,2,False,,,,
1766729963.91496,0.4876563771083903,0.6960710205407923,1.0,2,False,,,,
1766729963.919349,0.48960497512728185,0.698785147136921,1.0,2,False,,,,
1766729963.9228742,0.48960497512728185,0.698785147136921,1.0,2,False,,,,
1766729963.930042,0.4905487213274796,0.6929549802956237,1.0,2,False,,,,
1766729964.3205152,0.49214264730230717,0.6913410374834985,1.0,2,False,,,,
1766729964.327521,0.49214264730230717,0.6913410374834985,1.0,2,False,,,,
1766729964.334213,0.49214264730230717,0.6913410374834985,1.0,2,False,,,,
1766729964.3373172,0.49214264730230717,0.6913410374834985,1.0,2,False,,,,
1766729964.3422499,0.5031325653711782,0.6941799225570048,1.0,2,False,,,,
1766729964.665397,0.5031325653711782,0.6941799225570048,1.0,2,False,,,,
1766729964.671649,0.5031325653711782,0.6941799225570048,1.0,2,False,,,,
1766729964.6774778,0.5031325653711782,0.6941799225570048,1.0,2,False,,,,
1766729964.680296,0.5031325653711782,0.6941799225570048,1.0,2,False,,,,
1766729964.683372,0.49772984462834147,0.7006529998784546,1.0,2,False,,,,
1766729965.035373,0.49772984462834147,0.7006529998784546,1.0,2,False,,,,
1766729965.041099,0.49772984462834147,0.7006529998784546,1.0,2,False,,,,
1766729965.043819,0.49772984462834147,0.7006529998784546,1.0,2,False,,,,
1766729965.046308,0.49772984462834147,0.7006529998784546,1.0,2,False,,,,
1766729965.0486941,0.5123935375978698,0.711577032190306,1.0,2,False,,,,
1766729965.460619,0.5157740444331967,0.7087461552991733,1.0,2,False,,,,
1766729965.4660969,0.5157740444331967,0.7087461552991733,1.0,2,False,,,,
1766729965.473042,0.5157740444331967,0.7087461552991733,1.0,2,False,,,,
1766729965.476403,0.5157740444331967,0.7087461552991733,1.0,2,False,,,,
1766729965.4790158,0.5077193825992949,0.7088045329381146,1.0,2,False,,,,
1766729965.8538198,0.5077193825992949,0.7088045329381146,1.0,2,False,,,,
1766729965.860565,0.5099684017097481,0.7124249051715128,1.0,2,False,,,,
1766729965.8640351,0.5099684017097481,0.7124249051715128,1.0,2,False,,,,
1766729965.8676832,0.5099684017097481,0.7124249051715128,1.0,2,False,,,,
1766729965.874256,0.5166117270669156,0.7540930453322856,0.9946234822273254,2,False,,,,
1766729966.2667189,0.515373948180581,0.7539402530763122,1.0,2,False,,,,
1766729966.273626,0.515373948180581,0.7539402530763122,1.0,2,False,,,,
1766729966.279849,0.515373948180581,0.7539402530763122,1.0,2,False,,,,
1766729966.285161,0.515373948180581,0.7539402530763122,1.0,2,False,,,,
1766729966.287856,0.5997527154019715,0.5482370419129992,0.24961219101131693,2,False,,,,
1766729966.684546,0.5997527154019715,0.5482370419129992,0.24961219101131693,2,False,,,,
1766729966.691904,0.5997527154019715,0.5482370419129992,0.24961219101131693,2,False,,,,
1766729966.694664,0.5997527154019715,0.5482370419129992,0.24961219101131693,2,False,,,,
1766729966.697196,0.5997527154019715,0.5482370419129992,0.24961219101131693,2,False,,,,
1766729966.70012,0.3729874283117055,0.33233484824057125,0.8693849742412567,2,False,,,,
1766729967.019443,0.3729874283117055,0.33233484824057125,0.8693849742412567,2,False,,,,
1766729967.026813,0.3729874283117055,0.33233484824057125,0.8693849742412567,2,False,,,,
1766729967.029307,0.3729874283117055,0.33233484824057125,0.8693849742412567,2,False,,,,
1766729967.032154,0.36892711988691074,0.321998732477225,0.8852954506874084,2,False,,,,
1766729967.034973,0.412904014332159,0.32704780566090363,1.0,2,False,,,,
1766729967.391087,0.412904014332159,0.32704780566090363,1.0,2,False,,,,
1766729967.397523,0.41304873887102544,0.32723709284870317,1.0,2,False,,,,
1766729967.400318,0.41657624230334916,0.32597414490307275,1.0,2,False,,,,
1766729967.403092,0.41657624230334916,0.32597414490307275,1.0,2,False,,,,
1766729967.406518,0.4173084454375875,0.3318485486850654,0.9721799492835999,2,False,,,,
1766729967.7177029,0.4173084454375875,0.3318485486850654,0.9721799492835999,2,False,,,,
1766729967.7223601,0.4173084454375875,0.3318485486850654,0.9721799492835999,2,False,,,,
1766729967.7250528,0.4173084454375875,0.3318485486850654,0.9721799492835999,2,False,,,,
1766729967.727702,0.4173084454375875,0.3318485486850654,0.9721799492835999,2,False,,,,
1766729967.7299058,0.40403802963415,0.3302384417955184,1.0,2,False,,,,
1766729968.1090372,0.4094783866146742,0.3275454155291708,0.9971514046192169,2,False,,,,
1766729968.115715,0.4094783866146742,0.3275454155291708,0.9971514046192169,2,False,,,,
1766729968.120394,0.4094783866146742,0.3275454155291708,0.9971514046192169,2,False,,,,
1766729968.122853,0.4094783866146742,0.3275454155291708,0.9971514046192169,2,False,,,,
1766729968.124983,0.41431479890890516,0.33258915937204236,0.9777478575706482,2,False,,,,
1766729968.518077,0.41431479890890516,0.33258915937204236,0.9777478575706482,2,False,,,,
1766729968.522966,0.41431479890890516,0.33258915937204236,0.9777478575706482,2,False,,,,
1766729968.52582,0.41431479890890516,0.33258915937204236,0.9777478575706482,2,False,,,,
1766729968.527977,0.41431479890890516,0.33258915937204236,0.9777478575706482,2,False,,,,
1766729968.530123,0.40973652842609865,0.3315166247047354,0.9683247804641724,2,False,,,,
1766729969.029833,0.40973652842609865,0.3315166247047354,0.9683247804641724,2,False,,,,
1766729969.035056,0.40973652842609865,0.3315166247047354,0.9683247804641724,2,False,,,,
1766729969.037656,0.40973652842609865,0.3315166247047354,0.9683247804641724,2,False,,,,
1766729969.0402062,0.40973652842609865,0.3315166247047354,0.9683247804641724,2,False,,,,
1766729969.04527,0.4204379135488214,0.32637668053761026,1.0,2,False,,,,
1766729969.439518,0.4204379135488214,0.32637668053761026,1.0,2,False,,,,
1766729969.444406,0.4204379135488214,0.32637668053761026,1.0,2,False,,,,
1766729969.447314,0.4196573795917386,0.3265934794775629,0.9766865968704224,2,False,,,,
1766729969.45001,0.42213499336411564,0.32546051162799483,1.0,2,False,,,,
1766729969.453197,0.43046570984990745,0.33024135925249376,0.95655158162117,2,False,,,,
1766729969.802907,0.43046570984990745,0.33024135925249376,0.95655158162117,2,False,,,,
1766729969.809149,0.43046570984990745,0.33024135925249376,0.95655158162117,2,False,,,,
1766729969.811948,0.43046570984990745,0.33024135925249376,0.95655158162117,2,False,,,,
1766729969.8144798,0.4307362462084293,0.32990199125806074,0.9861362278461456,2,False,,,,
1766729969.81713,0.4295837613150518,0.33246635440411576,0.9250952303409576,2,False,,,,
1766729970.2601678,0.4295837613150518,0.33246635440411576,0.9250952303409576,2,False,,,,
1766729970.265286,0.4295837613150518,0.33246635440411576,0.9250952303409576,2,False,,,,
1766729970.269803,0.4295837613150518,0.33246635440411576,0.9250952303409576,2,False,,,,
1766729970.2723331,0.4295837613150518,0.33246635440411576,0.9250952303409576,2,False,,,,
1766729970.27511,0.42606101562399434,0.331102890056472,0.9440279901027679,2,False,,,,
1766729970.613747,0.42606101562399434,0.331102890056472,0.9440279901027679,2,False,,,,
1766729970.6191602,0.4279593560183074,0.3296403956194148,0.9250233769416809,2,False,,,,
1766729970.62202,0.43012202049174686,0.328909258808211,0.9366965591907501,2,False,,,,
1766729970.624716,0.43012202049174686,0.328909258808211,0.9366965591907501,2,False,,,,
1766729970.629885,0.41317045473419656,0.33442612283932815,1.0,2,False,,,,
1766729971.075522,0.41317045473419656,0.33442612283932815,1.0,2,False,,,,
1766729971.080419,0.41317045473419656,0.33442612283932815,1.0,2,False,,,,
1766729971.0832262,0.41317045473419656,0.33442612283932815,1.0,2,False,,,,
1766729971.088109,0.4133145744065335,0.3331333926887159,1.0,2,False,,,,
1766729971.091535,0.5029645150631004,0.7479866796241983,1.0,2,False,,,,
1766729971.467649,0.5029645150631004,0.7479866796241983,1.0,2,False,,,,
1766729971.474841,0.5029645150631004,0.7479866796241983,1.0,2,False,,,,
1766729971.477977,0.5029645150631004,0.7479866796241983,1.0,2,False,,,,
1766729971.480701,0.5029645150631004,0.7479866796241983,1.0,2,False,,,,
1766729971.483127,0.49631693480766204,0.6314216797278593,1.0,2,False,,,,
1766729971.897225,0.49632212617029614,0.6348131168400571,1.0,2,False,,,,
1766729971.906541,0.49632212617029614,0.6348131168400571,1.0,2,False,,,,
1766729971.9125628,0.49632212617029614,0.6348131168400571,1.0,2,False,,,,
1766729971.915402,0.49632212617029614,0.6348131168400571,1.0,2,False,,,,
1766729971.9177442,0.5160988378372334,0.6469402757618443,1.0,2,True,0.47671565413475037,0.5130689740180969,0.06684255599975586,0.13974998891353607
1766729972.409594,0.5160988378372334,0.6469402757618443,1.0,2,True,0.47671565413475037,0.5130689740180969,0.06684255599975586,0.13974998891353607
1766729972.4159548,0.5160988378372334,0.6469402757618443,1.0,2,True,0.47671565413475037,0.5130689740180969,0.06684255599975586,0.13974998891353607
1766729972.418844,0.5160988378372334,0.6469402757618443,1.0,2,True,0.47671565413475037,0.5130689740180969,0.06684255599975586,0.13974998891353607
1766729972.4218829,0.5160988378372334,0.6469402757618443,1.0,2,True,0.47671565413475037,0.5130689740180969,0.06684255599975586,0.13974998891353607
1766729972.4243,0.5189030654084783,0.6376898781242077,1.0,2,True,0.4682576656341553,0.5178702473640442,0.06779317557811737,0.13583509624004364
1766729972.832742,0.5182146039829135,0.641006281799598,1.0,2,True,0.4682576656341553,0.5178702473640442,0.06779317557811737,0.13583509624004364
1766729972.839231,0.5182146039829135,0.641006281799598,1.0,2,True,0.4682576656341553,0.5178702473640442,0.06779317557811737,0.13583509624004364
1766729972.8466449,0.5182146039829135,0.641006281799598,1.0,2,True,0.4682576656341553,0.5178702473640442,0.06779317557811737,0.13583509624004364
1766729972.849801,0.5182146039829135,0.641006281799598,1.0,2,True,0.4682576656341553,0.5178702473640442,0.06779317557811737,0.13583509624004364
1766729972.852145,0.5190879956748629,0.6549971192777234,1.0,2,True,0.46873316168785095,0.5172078609466553,0.06784401088953018,0.13738200068473816
1766729973.342832,0.5190879956748629,0.6549971192777234,1.0,2,True,0.46873316168785095,0.5172078609466553,0.06784401088953018,0.13738200068473816
1766729973.3489048,0.5190879956748629,0.6549971192777234,1.0,2,True,0.46873316168785095,0.5172078609466553,0.06784401088953018,0.13738200068473816
1766729973.3537421,0.5190879956748629,0.6549971192777234,1.0,2,True,0.46873316168785095,0.5172078609466553,0.06784401088953018,0.13738200068473816
1766729973.356444,0.5190879956748629,0.6549971192777234,1.0,2,True,0.46873316168785095,0.5172078609466553,0.06784401088953018,0.13738200068473816
1766729973.359168,0.5150285294022304,0.6801602086010743,1.0,2,False,,,,
1766729973.715729,0.5150285294022304,0.6801602086010743,1.0,2,False,,,,
1766729973.721864,0.5150285294022304,0.6801602086010743,1.0,2,False,,,,
1766729973.724633,0.5150285294022304,0.6801602086010743,1.0,2,False,,,,
1766729973.727376,0.5150285294022304,0.6801602086010743,1.0,2,False,,,,
1766729973.730324,0.5113146708957256,0.6839953126920142,1.0,2,False,,,,
1766729974.258163,0.5113146708957256,0.6839953126920142,1.0,2,False,,,,
1766729974.26426,0.5113146708957256,0.6839953126920142,1.0,2,False,,,,
1766729974.267102,0.5113146708957256,0.6839953126920142,1.0,2,False,,,,
1766729974.2700548,0.5113146708957256,0.6839953126920142,1.0,2,False,,,,
1766729974.2758179,0.5104285965944138,0.7117193786277323,1.0,2,False,,,,
1766729974.638689,0.507295034172813,0.7137110267818636,1.0,2,False,,,,
1766729974.645998,0.5128825909673757,0.7108171697429638,1.0,2,False,,,,
1766729974.652568,0.5128825909673757,0.7108171697429638,1.0,2,False,,,,
1766729974.655616,0.5128825909673757,0.7108171697429638,1.0,2,False,,,,
1766729974.658617,0.49608448820934986,0.6895006825157972,1.0,2,False,,,,
1766729975.0733151,0.49608448820934986,0.6895006825157972,1.0,2,False,,,,
1766729975.0796878,0.4985516370565821,0.6907438890980109,1.0,2,False,,,,
1766729975.082748,0.4985516370565821,0.6907438890980109,1.0,2,False,,,,
1766729975.089352,0.4985516370565821,0.6907438890980109,1.0,2,False,,,,
1766729975.0923672,0.49923095036619475,0.7271579675387653,1.0,2,False,,,,
1766729975.5241568,0.49923095036619475,0.7271579675387653,1.0,2,False,,,,
1766729975.5294561,0.49923095036619475,0.7271579675387653,1.0,2,False,,,,
1766729975.532317,0.49923095036619475,0.7271579675387653,1.0,2,False,,,,
1766729975.534577,0.49923095036619475,0.7271579675387653,1.0,2,False,,,,
1766729975.53702,0.5031966994152449,0.6921072248789027,1.0,2,False,,,,
1766729975.99378,0.5031966994152449,0.6921072248789027,1.0,2,False,,,,
1766729975.9998348,0.5031966994152449,0.6921072248789027,1.0,2,False,,,,
1766729976.002559,0.5031966994152449,0.6921072248789027,1.0,2,False,,,,
1766729976.005429,0.5031966994152449,0.6921072248789027,1.0,2,False,,,,
1766729976.008231,0.464273906022417,0.7051346789513444,1.0,2,False,,,,
1766729976.4016588,0.464273906022417,0.7051346789513444,1.0,2,False,,,,
1766729976.407785,0.464273906022417,0.7051346789513444,1.0,2,False,,,,
1766729976.410787,0.464273906022417,0.7051346789513444,1.0,2,False,,,,
1766729976.415914,0.464273906022417,0.7051346789513444,1.0,2,False,,,,
1766729976.4192839,0.5108812227866247,0.7106445156790979,0.988137423992157,2,False,,,,
1766729976.916348,0.5108812227866247,0.7106445156790979,0.988137423992157,2,False,,,,
1766729976.9223769,0.5095103082266393,0.7102249565677526,1.0,2,False,,,,
1766729976.925727,0.5096115015646757,0.7092561540139916,1.0,2,False,,,,
1766729976.9302359,0.5096115015646757,0.7092561540139916,1.0,2,False,,,,
1766729976.936998,0.50968596638139,0.7060037312451847,1.0,2,False,,,,
1766729977.431319,0.50968596638139,0.7060037312451847,1.0,2,False,,,,
1766729977.437334,0.50968596638139,0.7060037312451847,1.0,2,False,,,,
1766729977.4401238,0.50968596638139,0.7060037312451847,1.0,2,False,,,,
1766729977.442755,0.50968596638139,0.7060037312451847,1.0,2,False,,,,
1766729977.4454699,0.5213152288363609,0.6983937825222983,1.0,2,False,,,,
1766729977.9411101,0.5213152288363609,0.6983937825222983,1.0,2,False,,,,
1766729977.946953,0.5213152288363609,0.6983937825222983,1.0,2,False,,,,
1766729977.949901,0.5213152288363609,0.6983937825222983,1.0,2,False,,,,
1766729977.9530728,0.5213152288363609,0.6983937825222983,1.0,2,False,,,,
1766729977.956486,0.51473745617441,0.7305248128466015,0.9933913350105286,2,False,,,,
1766729978.351233,0.51473745617441,0.7305248128466015,0.9933913350105286,2,False,,,,
1766729978.357024,0.51473745617441,0.7305248128466015,0.9933913350105286,2,False,,,,
1766729978.359829,0.51473745617441,0.7305248128466015,0.9933913350105286,2,False,,,,
1766729978.3627799,0.5146478038995739,0.7318434630017735,0.937830239534378,2,False,,,,
1766729978.367415,0.5008252896235036,0.6776911418436325,1.0,2,False,,,,
1766729978.7494762,0.5008252896235036,0.6776911418436325,1.0,2,False,,,,
1766729978.755432,0.5008252896235036,0.6776911418436325,1.0,2,False,,,,
1766729978.760637,0.5008252896235036,0.6776911418436325,1.0,2,False,,,,
1766729978.764139,0.49982088983875395,0.6804402966588382,0.9815037250518799,2,False,,,,
1766729978.766722,0.506578776192877,0.7167105576272157,0.9577763974666595,2,False,,,,
1766729979.377719,0.506578776192877,0.7167105576272157,0.9577763974666595,2,False,,,,
1766729979.383975,0.506578776192877,0.7167105576272157,0.9577763974666595,2,False,,,,
1766729979.386813,0.506578776192877,0.7167105576272157,0.9577763974666595,2,False,,,,
1766729979.389782,0.506578776192877,0.7167105576272157,0.9577763974666595,2,False,,,,
1766729979.393298,0.6175943485952045,0.5035495653426127,0.2271817761213667,2,False,,,,
1766729980.095348,0.6175943485952045,0.5035495653426127,0.2271817761213667,2,False,,,,
1766729980.103455,0.6175943485952045,0.5035495653426127,0.2271817761213667,2,False,,,,
1766729980.106189,0.6175943485952045,0.5035495653426127,0.2271817761213667,2,False,,,,
1766729980.108808,0.31495760280943447,0.4952956089653242,0.7480745054551162,2,False,,,,
1766729980.114013,0.4347556408194575,0.33979114181891035,0.9996042251586914,2,False,,,,
1766729980.5158222,0.43458814257322187,0.34138216697847656,0.9047127068042755,2,False,,,,
1766729980.5239198,0.43458814257322187,0.34138216697847656,0.9047127068042755,2,False,,,,
1766729980.5266619,0.43458814257322187,0.34138216697847656,0.9047127068042755,2,False,,,,
1766729980.529126,0.43458814257322187,0.34138216697847656,0.9047127068042755,2,False,,,,
1766729980.5315,0.45005248946873716,0.3097438132808463,1.0,2,False,,,,
1766729981.016578,-1.0909287233912195,1.2732076345268473,0.995,2,False,,,,
1766729981.023527,-1.0909287233912195,1.2732076345268473,0.995,2,False,,,,
1766729981.029069,-1.0909287233912195,1.2732076345268473,0.995,2,False,,,,
1766729981.0318542,-1.0909287233912195,1.2732076345268473,0.995,2,False,,,,
1766729981.034293,0.41446845565104284,0.34504735749550597,0.9885992109775543,2,False,,,,
1766729981.425069,0.41446845565104284,0.34504735749550597,0.9885992109775543,2,False,,,,
1766729981.4295418,0.41446845565104284,0.34504735749550597,0.9885992109775543,2,False,,,,
1766729981.431956,0.41446845565104284,0.34504735749550597,0.9885992109775543,2,False,,,,
1766729981.4341109,0.41446845565104284,0.34504735749550597,0.9885992109775543,2,False,,,,
1766729981.43627,0.4717546336278514,0.37373664204444357,1.0,2,False,,,,
1766729981.733929,0.4717546336278514,0.37373664204444357,1.0,2,False,,,,
1766729981.7389598,0.4717546336278514,0.37373664204444357,1.0,2,False,,,,
1766729981.7414348,0.4717546336278514,0.37373664204444357,1.0,2,False,,,,
1766729981.743752,0.4717546336278514,0.37373664204444357,1.0,2,False,,,,
1766729981.7464,0.4631249517834358,0.3736405088473882,1.0,2,False,,,,
1766729982.247018,0.4631249517834358,0.3736405088473882,1.0,2,False,,,,
1766729982.2524219,0.46303065273825716,0.37417016476551823,1.0,2,False,,,,
1766729982.255168,0.44922596303248563,0.3632574131626314,1.0,2,False,,,,
1766729982.260261,0.44922596303248563,0.3632574131626314,1.0,2,False,,,,
1766729982.266506,0.47003049213465875,0.3928522854263139,0.995,2,False,,,,
1766729982.657616,0.46303243057745747,0.41331052576220684,1.0,2,False,,,,
1766729982.6637042,0.46303243057745747,0.41331052576220684,1.0,2,False,,,,
1766729982.6686778,0.46303243057745747,0.41331052576220684,1.0,2,False,,,,
1766729982.6710532,0.46303243057745747,0.41331052576220684,1.0,2,False,,,,
1766729982.673316,0.46872668066684914,0.3129517786755929,0.9766031205654144,2,False,,,,
1766729983.166452,0.46872668066684914,0.3129517786755929,0.9766031205654144,2,False,,,,
1766729983.171746,0.46872668066684914,0.3129517786755929,0.9766031205654144,2,False,,,,
1766729983.174597,0.46872668066684914,0.3129517786755929,0.9766031205654144,2,False,,,,
1766729983.177192,0.46872668066684914,0.3129517786755929,0.9766031205654144,2,False,,,,
1766729983.17935,0.45829791376091,0.31763519762169934,0.9988748133182526,2,False,,,,
1766729983.5661929,0.45758376844617266,0.3179954015870863,0.9823701679706573,2,False,,,,
1766729983.5722518,0.45758376844617266,0.3179954015870863,0.9823701679706573,2,False,,,,
1766729983.574888,0.45758376844617266,0.3179954015870863,0.9823701679706573,2,False,,,,
1766729983.577091,0.45758376844617266,0.3179954015870863,0.9823701679706573,2,False,,,,
1766729983.579763,0.45270971943758564,0.45916618641772966,0.9917307198047638,2,False,,,,
1766729983.951366,0.45270971943758564,0.45916618641772966,0.9917307198047638,2,False,,,,
1766729983.956616,0.45270971943758564,0.45916618641772966,0.9917307198047638,2,False,,,,
1766729983.9596741,0.45270971943758564,0.45916618641772966,0.9917307198047638,2,False,,,,
1766729983.962145,0.45299955417515847,0.4600563152531303,0.8958011567592621,2,False,,,,
1766729983.9674199,1.084273580771303,0.05598378049863917,0.8955149352550507,2,False,,,,
1766729984.2960482,1.084273580771303,0.05598378049863917,0.8955149352550507,2,False,,,,
1766729984.301538,0.9452544637218668,0.05242611770799732,0.9071963679790497,2,False,,,,
1766729984.308068,0.9452544637218668,0.05242611770799732,0.9071963679790497,2,False,,,,
1766729984.3134232,0.9452544637218668,0.05242611770799732,0.9071963679790497,2,False,,,,
1766729984.316038,0.33551285657748275,0.3783717367503572,0.8924427032470703,2,False,,,,
1766729984.74621,0.33551285657748275,0.3783717367503572,0.8924427032470703,2,False,,,,
1766729984.7516181,0.33551285657748275,0.3783717367503572,0.8924427032470703,2,False,,,,
1766729984.7542841,0.33551285657748275,0.3783717367503572,0.8924427032470703,2,False,,,,
1766729984.756841,0.33551285657748275,0.3783717367503572,0.8924427032470703,2,False,,,,
1766729984.759682,0.5457969686864406,0.5884058655893614,1.0,2,False,,,,
1766729985.114605,0.5457969686864406,0.5884058655893614,1.0,2,False,,,,
1766729985.121115,0.5457969686864406,0.5884058655893614,1.0,2,False,,,,
1766729985.12382,0.5457969686864406,0.5884058655893614,1.0,2,False,,,,
1766729985.1264389,0.5457969686864406,0.5884058655893614,1.0,2,False,,,,
1766729985.1312351,0.5570948811301301,0.6399675235103469,1.0,2,False,,,,
1766729985.4791849,0.5570948811301301,0.6399675235103469,1.0,2,False,,,,
1766729985.4874182,0.5570948811301301,0.6399675235103469,1.0,2,False,,,,
1766729985.490138,0.5570948811301301,0.6399675235103469,1.0,2,False,,,,
1766729985.4928231,0.5570948811301301,0.6399675235103469,1.0,2,False,,,,
1766729985.495806,0.5707132801089002,0.6351478816111075,1.0,2,False,,,,
1766729985.8033102,0.5707132801089002,0.6351478816111075,1.0,2,False,,,,
1766729985.8108108,0.5701658910268075,0.6340260511310523,1.0,2,False,,,,
1766729985.8145092,0.5701658910268075,0.6340260511310523,1.0,2,False,,,,
1766729985.821114,0.5701658910268075,0.6340260511310523,1.0,2,False,,,,
1766729985.824159,0.571862514613224,0.5831347628958177,1.0,2,False,,,,
1766729986.3429928,0.5733748437507656,0.5878435881561114,1.0,2,False,,,,
1766729986.348577,0.5741313587429939,0.5984147629311835,1.0,2,False,,,,
1766729986.352111,0.5741313587429939,0.5984147629311835,1.0,2,False,,,,
1766729986.359154,0.5741313587429939,0.5984147629311835,1.0,2,False,,,,
1766729986.3619342,0.5680303660522263,0.5933908625793026,1.0,2,False,,,,
1766729986.686211,0.5702433732930461,0.6071719832341985,1.0,2,False,,,,
1766729986.693386,0.5702433732930461,0.6071719832341985,1.0,2,False,,,,
1766729986.699651,0.5702433732930461,0.6071719832341985,1.0,2,False,,,,
1766729986.702341,0.5702433732930461,0.6071719832341985,1.0,2,False,,,,
1766729986.705085,0.5679096566941675,0.5873453943149544,1.0,2,False,,,,
1766729987.060881,0.5679096566941675,0.5873453943149544,1.0,2,False,,,,
1766729987.066896,0.5679096566941675,0.5873453943149544,1.0,2,False,,,,
1766729987.0697842,0.5679096566941675,0.5873453943149544,1.0,2,False,,,,
1766729987.0748851,0.5679096566941675,0.5873453943149544,1.0,2,False,,,,
1766729987.077523,0.5680606460832955,0.5939264061116191,1.0,2,False,,,,
1766729987.4710999,0.5680606460832955,0.5939264061116191,1.0,2,False,,,,
1766729987.477108,0.5680606460832955,0.5939264061116191,1.0,2,False,,,,
1766729987.4808042,0.5680606460832955,0.5939264061116191,1.0,2,False,,,,
1766729987.484288,0.5676179609894989,0.597885808922114,1.0,2,False,,,,
1766729987.487006,0.5705199632161894,0.5979334127759144,1.0,2,False,,,,
1766729987.979504,0.5705199632161894,0.5979334127759144,1.0,2,False,,,,
1766729987.9855528,0.570865159984221,0.6036146901012398,1.0,2,False,,,,
1766729987.988545,0.570865159984221,0.6036146901012398,1.0,2,False,,,,
1766729987.991911,0.570865159984221,0.6036146901012398,1.0,2,False,,,,
1766729987.998776,0.5717015455002571,0.6459446756150069,0.9638852179050446,2,False,,,,
1766729988.480478,0.5717015455002571,0.6459446756150069,0.9638852179050446,2,False,,,,
1766729988.486511,0.5717015455002571,0.6459446756150069,0.9638852179050446,2,False,,,,
1766729988.489488,0.5691443759677821,0.6463869928565199,0.8812323212623596,2,False,,,,
1766729988.4925041,0.5691443759677821,0.6463869928565199,0.8812323212623596,2,False,,,,
1766729988.496052,0.5698453415045771,0.6356069574260368,0.9975989162921906,2,False,,,,
1766729988.8025641,0.5698453415045771,0.6356069574260368,0.9975989162921906,2,False,,,,
1766729988.808383,0.5698453415045771,0.6356069574260368,0.9975989162921906,2,False,,,,
1766729988.8112798,0.5698453415045771,0.6356069574260368,0.9975989162921906,2,False,,,,
1766729988.813828,0.5698453415045771,0.6356069574260368,0.9975989162921906,2,False,,,,
1766729988.816347,0.5591563541640234,0.5637162570193297,1.0,2,False,,,,
1766729989.214178,0.5591563541640234,0.5637162570193297,1.0,2,False,,,,
1766729989.220052,0.5591563541640234,0.5637162570193297,1.0,2,False,,,,
1766729989.225975,0.5628688969667214,0.6602298159142781,0.9731657207012177,2,False,,,,
1766729989.228767,0.5628688969667214,0.6602298159142781,0.9731657207012177,2,False,,,,
1766729989.232416,0.5688283378194682,0.6278374534893809,0.9258156716823578,2,False,,,,
1766729989.538646,0.5688171136419357,0.6299753986575749,0.9784428477287292,2,False,,,,
1766729989.544773,0.5688171136419357,0.6299753986575749,0.9784428477287292,2,False,,,,
1766729989.548053,0.5688171136419357,0.6299753986575749,0.9784428477287292,2,False,,,,
1766729989.550454,0.5688171136419357,0.6299753986575749,0.9784428477287292,2,False,,,,
1766729989.55299,0.5773124477212636,0.6231319324617434,1.0,2,False,,,,
1766729990.031039,0.5720164850511296,0.6262878217924404,1.0,2,False,,,,
1766729990.037934,0.5720164850511296,0.6262878217924404,1.0,2,False,,,,
1766729990.044418,0.5720164850511296,0.6262878217924404,1.0,2,False,,,,
1766729990.047374,0.5720164850511296,0.6262878217924404,1.0,2,False,,,,
1766729990.052544,0.5434845635870658,0.528809090596787,0.5102151347956582,2,True,0.47294721007347107,0.40180861949920654,0.06479272991418839,0.12885433435440063
1766729990.480221,0.5434845635870658,0.528809090596787,0.5102151347956582,2,True,0.47294721007347107,0.40180861949920654,0.06479272991418839,0.12885433435440063
1766729990.4860969,0.5434845635870658,0.528809090596787,0.5102151347956582,2,True,0.47294721007347107,0.40180861949920654,0.06479272991418839,0.12885433435440063
1766729990.488872,0.5434845635870658,0.528809090596787,0.5102151347956582,2,True,0.47294721007347107,0.40180861949920654,0.06479272991418839,0.12885433435440063
1766729990.492002,0.5434845635870658,0.528809090596787,0.5102151347956582,2,True,0.47294721007347107,0.40180861949920654,0.06479272991418839,0.12885433435440063
1766729990.495125,0.33173798504408414,0.7890654484232692,1.0,2,False,,,,
1766729990.951318,0.33173798504408414,0.7890654484232692,1.0,2,False,,,,
1766729990.957178,0.33173798504408414,0.7890654484232692,1.0,2,False,,,,
1766729990.960372,0.33173798504408414,0.7890654484232692,1.0,2,False,,,,
1766729990.962856,0.33173798504408414,0.7890654484232692,1.0,2,False,,,,
1766729990.965549,0.5754556298416198,0.6045529001670142,0.9541849195957184,2,False,,,,
1766729991.46502,0.5754556298416198,0.6045529001670142,0.9541849195957184,2,False,,,,
1766729991.4707599,0.5754556298416198,0.6045529001670142,0.9541849195957184,2,False,,,,
1766729991.4742022,0.5767713312877998,0.6072169133450622,0.9714518487453461,2,False,,,,
1766729991.477897,0.5737517377950756,0.5983278961565944,0.9076142907142639,2,False,,,,
1766729991.4818408,0.578140003122819,0.6241277560052392,0.9661425054073334,2,False,,,,
1766729991.8833878,0.5747363887287006,0.6063194563265759,0.9658119976520538,2,False,,,,
1766729991.889354,0.5747363887287006,0.6063194563265759,0.9658119976520538,2,False,,,,
1766729991.892243,0.5747363887287006,0.6063194563265759,0.9658119976520538,2,False,,,,
1766729991.89494,0.5747363887287006,0.6063194563265759,0.9658119976520538,2,False,,,,
1766729991.897699,0.5746883169857969,0.6437745023498483,0.9528323113918304,2,False,,,,
1766729992.3912451,0.5746883169857969,0.6437745023498483,0.9528323113918304,2,False,,,,
1766729992.397505,0.5746883169857969,0.6437745023498483,0.9528323113918304,2,False,,,,
1766729992.40027,0.5746883169857969,0.6437745023498483,0.9528323113918304,2,False,,,,
1766729992.405379,0.5746883169857969,0.6437745023498483,0.9528323113918304,2,False,,,,
1766729992.408017,0.574050008595082,0.649463973706063,0.8961837589740753,2,False,,,,
1766729992.6886559,0.574050008595082,0.649463973706063,0.8961837589740753,2,False,,,,
1766729992.694308,0.574050008595082,0.649463973706063,0.8961837589740753,2,False,,,,
1766729992.6972349,0.574050008595082,0.649463973706063,0.8961837589740753,2,False,,,,
1766729992.700098,0.574050008595082,0.649463973706063,0.8961837589740753,2,False,,,,
1766729992.702998,0.5662467692812228,0.618342702097089,0.9562880098819733,2,False,,,,
1766729993.1072729,0.5662467692812228,0.618342702097089,0.9562880098819733,2,False,,,,
1766729993.113638,0.5630610181237808,0.6217424397963472,0.9516337513923645,2,False,,,,
1766729993.116707,0.5665040108640698,0.6286485842332814,1.0,2,False,,,,
1766729993.119618,0.5665040108640698,0.6286485842332814,1.0,2,False,,,,
1766729993.126258,0.569402153082264,0.6126232009359224,0.9918599724769592,2,False,,,,
1766729993.493058,0.569402153082264,0.6126232009359224,0.9918599724769592,2,False,,,,
1766729993.499168,0.569402153082264,0.6126232009359224,0.9918599724769592,2,False,,,,
1766729993.502175,0.569402153082264,0.6126232009359224,0.9918599724769592,2,False,,,,
1766729993.504925,0.569402153082264,0.6126232009359224,0.9918599724769592,2,False,,,,
1766729993.507649,0.568569977162415,0.5415274462624198,0.9719661474227905,2,False,,,,
1766729994.0277078,0.568569977162415,0.5415274462624198,0.9719661474227905,2,False,,,,
1766729994.033652,0.568569977162415,0.5415274462624198,0.9719661474227905,2,False,,,,
1766729994.0365162,0.568569977162415,0.5415274462624198,0.9719661474227905,2,False,,,,
1766729994.0391822,0.568569977162415,0.5415274462624198,0.9719661474227905,2,False,,,,
1766729994.0421739,0.5724206879754701,0.5393696374188365,0.9120867848396301,2,False,,,,
1766729994.434575,0.5724206879754701,0.5393696374188365,0.9120867848396301,2,False,,,,
1766729994.440554,0.5724206879754701,0.5393696374188365,0.9120867848396301,2,False,,,,
1766729994.4456341,0.5724206879754701,0.5393696374188365,0.9120867848396301,2,False,,,,
1766729994.448417,0.5724206879754701,0.5393696374188365,0.9120867848396301,2,False,,,,
1766729994.450856,0.6173683296749954,0.5209979837520845,0.21020346834233658,2,False,,,,
1766729995.0519302,0.6173683296749954,0.5209979837520845,0.21020346834233658,2,False,,,,
1766729995.059533,0.6076913459922194,0.5227487606129865,0.21894687557963466,2,False,,,,
1766729995.062526,0.6076913459922194,0.5227487606129865,0.21894687557963466,2,False,,,,
1766729995.0655732,0.6076913459922194,0.5227487606129865,0.21894687557963466,2,False,,,,
1766729995.0722811,0.4308094618152148,0.3572745661826211,0.957594185026099,2,False,,,,
1766729995.470794,0.4308094618152148,0.3572745661826211,0.957594185026099,2,False,,,,
1766729995.478455,0.4308094618152148,0.3572745661826211,0.957594185026099,2,False,,,,
1766729995.481195,0.4308094618152148,0.3572745661826211,0.957594185026099,2,False,,,,
1766729995.483561,0.4308094618152148,0.3572745661826211,0.957594185026099,2,False,,,,
1766729995.488273,0.3887105826180635,0.37489802496051516,1.0,2,False,,,,
1766729995.874162,0.3887105826180635,0.37489802496051516,1.0,2,False,,,,
1766729995.880822,0.3887105826180635,0.37489802496051516,1.0,2,False,,,,
1766729995.8835032,0.3887105826180635,0.37489802496051516,1.0,2,False,,,,
1766729995.886313,0.3887105826180635,0.37489802496051516,1.0,2,False,,,,
1766729995.888795,0.10897416508506512,0.5063517372895991,1.0,2,False,,,,
1766729996.379671,0.10897416508506512,0.5063517372895991,1.0,2,False,,,,
1766729996.3859332,0.10897416508506512,0.5063517372895991,1.0,2,False,,,,
1766729996.388879,0.10897416508506512,0.5063517372895991,1.0,2,False,,,,
1766729996.3918238,0.10897416508506512,0.5063517372895991,1.0,2,False,,,,
1766729996.394321,0.19760710196247983,0.4574275779600112,0.9773352444171906,2,False,,,,
1766729996.676825,0.19760710196247983,0.4574275779600112,0.9773352444171906,2,False,,,,
1766729996.681588,0.19760710196247983,0.4574275779600112,0.9773352444171906,2,False,,,,
1766729996.68442,0.19760710196247983,0.4574275779600112,0.9773352444171906,2,False,,,,
1766729996.686859,0.19760710196247983,0.4574275779600112,0.9773352444171906,2,False,,,,
1766729996.689346,0.13841825065892474,0.4977429318732036,1.0,2,False,,,,
1766729997.100458,0.13841825065892474,0.4977429318732036,1.0,2,False,,,,
1766729997.1062012,0.19868127678974382,0.4588347685216885,0.9942914843559265,2,False,,,,
1766729997.109761,0.19868127678974382,0.4588347685216885,0.9942914843559265,2,False,,,,
1766729997.1156611,0.19868127678974382,0.4588347685216885,0.9942914843559265,2,False,,,,
1766729997.118331,0.1731698422845409,0.48301712630756777,1.0,2,False,,,,
1766729997.580651,0.1731698422845409,0.48301712630756777,1.0,2,False,,,,
1766729997.585897,0.1731698422845409,0.48301712630756777,1.0,2,False,,,,
1766729997.588382,0.1731698422845409,0.48301712630756777,1.0,2,False,,,,
1766729997.593411,0.1731698422845409,0.48301712630756777,1.0,2,False,,,,
1766729997.5965261,0.37752641616903454,0.37423583485324463,1.0,2,False,,,,
1766729998.019042,0.37752641616903454,0.37423583485324463,1.0,2,False,,,,
1766729998.024503,0.37752641616903454,0.37423583485324463,1.0,2,False,,,,
1766729998.027339,0.37752641616903454,0.37423583485324463,1.0,2,False,,,,
1766729998.029866,0.37752641616903454,0.37423583485324463,1.0,2,False,,,,
1766729998.032012,0.33649711867595605,0.38403822193721293,1.0,2,False,,,,
1766729998.427402,0.33649711867595605,0.38403822193721293,1.0,2,False,,,,
1766729998.4323971,0.33649711867595605,0.38403822193721293,1.0,2,False,,,,
1766729998.435165,0.33649711867595605,0.38403822193721293,1.0,2,False,,,,
1766729998.437404,0.33649711867595605,0.38403822193721293,1.0,2,False,,,,
1766729998.439649,0.3169950251939931,0.36950315756903374,1.0,2,False,,,,
1766729998.738077,0.3169950251939931,0.36950315756903374,1.0,2,False,,,,
1766729998.742885,0.3169950251939931,0.36950315756903374,1.0,2,False,,,,
1766729998.7456708,0.3169950251939931,0.36950315756903374,1.0,2,False,,,,
1766729998.7483,0.31558205990646554,0.36934390327998745,1.0,2,False,,,,
1766729998.7521422,0.46555199227931154,0.3978946181149101,0.995,2,False,,,,
1766729999.046728,0.4594266912255002,0.397216946899158,1.0,2,False,,,,
1766729999.052275,0.4262499330922016,0.3684025290670667,0.995,2,False,,,,
1766729999.056724,0.4262499330922016,0.3684025290670667,0.995,2,False,,,,
1766729999.0617962,0.4262499330922016,0.3684025290670667,0.995,2,False,,,,
1766729999.0642729,0.36592082350003813,0.37014049521321923,1.0,2,False,,,,
1766729999.456504,0.36592082350003813,0.37014049521321923,1.0,2,False,,,,
1766729999.461716,0.36592082350003813,0.37014049521321923,1.0,2,False,,,,
1766729999.466452,0.36592082350003813,0.37014049521321923,1.0,2,False,,,,
1766729999.468856,0.36592082350003813,0.37014049521321923,1.0,2,False,,,,
1766729999.471336,0.388998289445622,0.3656563893644079,1.0,2,False,,,,
1766729999.8636549,0.388998289445622,0.3656563893644079,1.0,2,False,,,,
1766729999.868792,0.388998289445622,0.3656563893644079,1.0,2,False,,,,
1766729999.8715022,0.388998289445622,0.3656563893644079,1.0,2,False,,,,
1766729999.873709,0.388998289445622,0.3656563893644079,1.0,2,False,,,,
1766729999.876157,0.3349037479082374,0.38435182997733075,0.9390103816986084,2,False,,,,
1766730000.273963,0.3349037479082374,0.38435182997733075,0.9390103816986084,2,False,,,,
1766730000.278781,0.3349037479082374,0.38435182997733075,0.9390103816986084,2,False,,,,
1766730000.281706,0.3349037479082374,0.38435182997733075,0.9390103816986084,2,False,,,,
1766730000.2840698,0.3349037479082374,0.38435182997733075,0.9390103816986084,2,False,,,,
1766730000.289153,0.24209694873063556,0.439773531291642,0.9521506726741791,2,False,,,,
1766730000.7326238,0.24209694873063556,0.439773531291642,0.9521506726741791,2,False,,,,
1766730000.737859,0.24209694873063556,0.439773531291642,0.9521506726741791,2,False,,,,
1766730000.740698,0.24209694873063556,0.439773531291642,0.9521506726741791,2,False,,,,
1766730000.7435782,0.24209694873063556,0.439773531291642,0.9521506726741791,2,False,,,,
1766730000.745881,0.20517961542508703,0.46000427856301485,1.0,2,False,,,,
1766730001.091789,0.20504122649490206,0.4619703290262849,0.982068657875061,2,False,,,,
1766730001.096975,0.21400757433186945,0.45651437179510546,0.9874501526355743,2,False,,,,
1766730001.103235,0.21400757433186945,0.45651437179510546,0.9874501526355743,2,False,,,,
1766730001.105983,0.21400757433186945,0.45651437179510546,0.9874501526355743,2,False,,,,
1766730001.1084201,0.20427108771889374,0.4647711041606335,1.0,2,False,,,,
1766730001.508099,0.20427108771889374,0.4647711041606335,1.0,2,False,,,,
1766730001.512605,0.20427108771889374,0.4647711041606335,1.0,2,False,,,,
1766730001.5150878,0.20427108771889374,0.4647711041606335,1.0,2,False,,,,
1766730001.517407,0.20427108771889374,0.4647711041606335,1.0,2,False,,,,
1766730001.519808,0.27203716928012317,0.4245325176696588,0.9639301300048828,2,False,,,,
1766730001.9149172,0.27203716928012317,0.4245325176696588,0.9639301300048828,2,False,,,,
1766730001.9199092,0.27203716928012317,0.4245325176696588,0.9639301300048828,2,False,,,,
1766730001.9225621,0.27203716928012317,0.4245325176696588,0.9639301300048828,2,False,,,,
1766730001.925119,0.27203716928012317,0.4245325176696588,0.9639301300048828,2,False,,,,
1766730001.928468,0.3006203654867147,0.4079459057420358,0.9937902987003326,2,False,,,,
1766730002.326029,0.3006203654867147,0.4079459057420358,0.9937902987003326,2,False,,,,
1766730002.331077,0.3022057653517273,0.4071545701471817,1.0,2,False,,,,
1766730002.334471,0.2937620816146783,0.4114139039400686,0.9746796488761902,2,False,,,,
1766730002.341172,0.2937620816146783,0.4114139039400686,0.9746796488761902,2,False,,,,
1766730002.346258,0.27419497570647544,0.41809130871529776,0.9950746893882751,2,False,,,,
1766730002.6473641,0.27419497570647544,0.41809130871529776,0.9950746893882751,2,False,,,,
1766730002.652274,0.27419497570647544,0.41809130871529776,0.9950746893882751,2,False,,,,
1766730002.655452,0.27419497570647544,0.41809130871529776,0.9950746893882751,2,False,,,,
1766730002.657908,0.27419497570647544,0.41809130871529776,0.9950746893882751,2,False,,,,
1766730002.660316,0.5506250591702223,0.5249240804799493,1.0,2,False,,,,
1766730003.14167,0.5409851876965243,0.5032253233321491,1.0,2,False,,,,
1766730003.1507468,0.5409851876965243,0.5032253233321491,1.0,2,False,,,,
1766730003.156471,0.5409851876965243,0.5032253233321491,1.0,2,False,,,,
1766730003.159101,0.5409851876965243,0.5032253233321491,1.0,2,False,,,,
1766730003.161775,0.5435495914438591,0.4775634998270175,1.0,2,False,,,,
1766730003.555645,0.5435495914438591,0.4775634998270175,1.0,2,False,,,,
1766730003.561877,0.5435495914438591,0.4775634998270175,1.0,2,False,,,,
1766730003.5648289,0.5435495914438591,0.4775634998270175,1.0,2,False,,,,
1766730003.5677462,0.5435495914438591,0.4775634998270175,1.0,2,False,,,,
1766730003.570328,0.5423283092390968,0.48609297564172427,1.0,2,False,,,,
1766730003.961728,0.5423283092390968,0.48609297564172427,1.0,2,False,,,,
1766730003.9677598,0.5423283092390968,0.48609297564172427,1.0,2,False,,,,
1766730003.9705431,0.5423283092390968,0.48609297564172427,1.0,2,False,,,,
1766730003.9730308,0.5446576689873075,0.4898487370252429,1.0,2,False,,,,
1766730003.975615,0.5222582926742347,0.44257990210567866,0.9842131733894348,2,False,,,,
1766730004.479535,0.5226423861683431,0.4444770389389948,0.9387223422527313,2,False,,,,
1766730004.4866078,0.5226423861683431,0.4444770389389948,0.9387223422527313,2,False,,,,
1766730004.492256,0.5226423861683431,0.4444770389389948,0.9387223422527313,2,False,,,,
1766730004.4950001,0.5226423861683431,0.4444770389389948,0.9387223422527313,2,False,,,,
1766730004.497206,0.4921396049447342,0.4072447640725152,0.9959253668785095,2,True,0.4460500180721283,0.3388940691947937,0.06581201404333115,0.13121455907821655
1766730004.794989,0.4921396049447342,0.4072447640725152,0.9959253668785095,2,True,0.4460500180721283,0.3388940691947937,0.06581201404333115,0.13121455907821655
1766730004.800714,0.4921396049447342,0.4072447640725152,0.9959253668785095,2,True,0.4460500180721283,0.3388940691947937,0.06581201404333115,0.13121455907821655
1766730004.80367,0.4921396049447342,0.4072447640725152,0.9959253668785095,2,True,0.4460500180721283,0.3388940691947937,0.06581201404333115,0.13121455907821655
1766730004.806463,0.4921396049447342,0.4072447640725152,0.9959253668785095,2,True,0.4460500180721283,0.3388940691947937,0.06581201404333115,0.13121455907821655
1766730004.8094232,0.5605034612439944,0.48700517248599673,0.4798302538074217,2,False,,,,
1766730005.190144,0.5605034612439944,0.48700517248599673,0.4798302538074217,2,False,,,,
1766730005.196487,0.5605034612439944,0.48700517248599673,0.4798302538074217,2,False,,,,
1766730005.1995678,0.5605034612439944,0.48700517248599673,0.4798302538074217,2,False,,,,
1766730005.202124,0.5605034612439944,0.48700517248599673,0.4798302538074217,2,False,,,,
1766730005.207198,0.4485053988165779,0.3862549322017257,0.9134354591369629,2,True,0.4497550129890442,0.3440282940864563,0.06899509578943253,0.14076682925224304
1766730005.52217,0.5037525292987556,0.4204477291546749,0.9688601493835449,2,True,0.4497550129890442,0.3440282940864563,0.06899509578943253,0.14076682925224304
1766730005.529464,0.5037525292987556,0.4204477291546749,0.9688601493835449,2,True,0.4497550129890442,0.3440282940864563,0.06899509578943253,0.14076682925224304
1766730005.5353549,0.5037525292987556,0.4204477291546749,0.9688601493835449,2,True,0.4497550129890442,0.3440282940864563,0.06899509578943253,0.14076682925224304
1766730005.538059,0.5037525292987556,0.4204477291546749,0.9688601493835449,2,True,0.4497550129890442,0.3440282940864563,0.06899509578943253,0.14076682925224304
1766730005.540704,0.4866888841054152,0.40677400817826737,0.9638437628746033,2,True,0.44822949171066284,0.3378184139728546,0.07061605155467987,0.14043934643268585
1766730006.0082948,0.4866888841054152,0.40677400817826737,0.9638437628746033,2,True,0.44822949171066284,0.3378184139728546,0.07061605155467987,0.14043934643268585
1766730006.014286,0.4866888841054152,0.40677400817826737,0.9638437628746033,2,True,0.44822949171066284,0.3378184139728546,0.07061605155467987,0.14043934643268585
1766730006.018013,0.5028387516667966,0.41857843365978553,0.9748297333717346,2,True,0.44822949171066284,0.3378184139728546,0.07061605155467987,0.14043934643268585
1766730006.021363,0.5028387516667966,0.41857843365978553,0.9748297333717346,2,True,0.44822949171066284,0.3378184139728546,0.07061605155467987,0.14043934643268585
1766730006.024584,0.487012897232577,0.40385393814023085,1.0,2,True,0.44765910506248474,0.33941251039505005,0.06920347362756729,0.13890787959098816
1766730006.504967,0.487012897232577,0.40385393814023085,1.0,2,True,0.44765910506248474,0.33941251039505005,0.06920347362756729,0.13890787959098816
1766730006.510221,0.487012897232577,0.40385393814023085,1.0,2,True,0.44765910506248474,0.33941251039505005,0.06920347362756729,0.13890787959098816
1766730006.513265,0.487012897232577,0.40385393814023085,1.0,2,True,0.44765910506248474,0.33941251039505005,0.06920347362756729,0.13890787959098816
1766730006.515671,0.487012897232577,0.40385393814023085,1.0,2,True,0.44765910506248474,0.33941251039505005,0.06920347362756729,0.13890787959098816
1766730006.5185149,0.5002745184994354,0.41720091533329084,0.9376519024372101,2,True,0.44537535309791565,0.3358120024204254,0.06911544501781464,0.13857600092887878
1766730006.931511,0.5002745184994354,0.41720091533329084,0.9376519024372101,2,True,0.44537535309791565,0.3358120024204254,0.06911544501781464,0.13857600092887878
1766730006.938057,0.5002745184994354,0.41720091533329084,0.9376519024372101,2,True,0.44537535309791565,0.3358120024204254,0.06911544501781464,0.13857600092887878
1766730006.943264,0.5002745184994354,0.41720091533329084,0.9376519024372101,2,True,0.44537535309791565,0.3358120024204254,0.06911544501781464,0.13857600092887878
1766730006.9461288,0.5002745184994354,0.41720091533329084,0.9376519024372101,2,True,0.44537535309791565,0.3358120024204254,0.06911544501781464,0.13857600092887878
1766730006.949446,0.5126940127326731,0.4293113068344909,0.8953095078468323,2,True,0.44594764709472656,0.3395546078681946,0.06769990921020508,0.13661761581897736
1766730007.339461,0.5126940127326731,0.4293113068344909,0.8953095078468323,2,True,0.44594764709472656,0.3395546078681946,0.06769990921020508,0.13661761581897736
1766730007.3450701,0.5126940127326731,0.4293113068344909,0.8953095078468323,2,True,0.44594764709472656,0.3395546078681946,0.06769990921020508,0.13661761581897736
1766730007.3478022,0.5126940127326731,0.4293113068344909,0.8953095078468323,2,True,0.44594764709472656,0.3395546078681946,0.06769990921020508,0.13661761581897736
1766730007.352819,0.5126940127326731,0.4293113068344909,0.8953095078468323,2,True,0.44594764709472656,0.3395546078681946,0.06769990921020508,0.13661761581897736
1766730007.355362,0.5364493558311961,0.37597749849455964,1.0,2,False,,,,
1766730007.738335,0.5364493558311961,0.37597749849455964,1.0,2,False,,,,
1766730007.743938,0.5364493558311961,0.37597749849455964,1.0,2,False,,,,
1766730007.7472079,0.5364493558311961,0.37597749849455964,1.0,2,False,,,,
1766730007.749769,0.5364493558311961,0.37597749849455964,1.0,2,False,,,,
1766730007.752086,0.4920927706706363,0.4149385318787947,0.9412464797496796,2,True,0.446322500705719,0.3331110179424286,0.06868191063404083,0.13675986230373383
1766730008.1613178,0.4920927706706363,0.4149385318787947,0.9412464797496796,2,True,0.446322500705719,0.3331110179424286,0.06868191063404083,0.13675986230373383
1766730008.167232,0.507717051842124,0.42684801656386906,0.9566289186477661,2,True,0.446322500705719,0.3331110179424286,0.06868191063404083,0.13675986230373383
1766730008.170639,0.507717051842124,0.42684801656386906,0.9566289186477661,2,True,0.446322500705719,0.3331110179424286,0.06868191063404083,0.13675986230373383
1766730008.176588,0.507717051842124,0.42684801656386906,0.9566289186477661,2,True,0.446322500705719,0.3331110179424286,0.06868191063404083,0.13675986230373383
1766730008.179816,0.5416007516698296,0.37867172880692124,1.0,2,False,,,,
1766730008.593406,0.5416007516698296,0.37867172880692124,1.0,2,False,,,,
1766730008.5999308,0.5587155060247935,0.6174234344253036,0.505002843880932,2,False,,,,
1766730008.603297,0.5643571272019295,0.621429914630306,0.4900437277480693,2,False,,,,
1766730008.606046,0.5643571272019295,0.621429914630306,0.4900437277480693,2,False,,,,
1766730008.6128051,0.5101538355209634,0.4209782604788621,0.9389128684997559,2,True,0.45054560899734497,0.31934815645217896,0.06752605736255646,0.13463787734508514
1766730009.0808342,0.5101538355209634,0.4209782604788621,0.9389128684997559,2,True,0.45054560899734497,0.31934815645217896,0.06752605736255646,0.13463787734508514
1766730009.086594,0.5101538355209634,0.4209782604788621,0.9389128684997559,2,True,0.45054560899734497,0.31934815645217896,0.06752605736255646,0.13463787734508514
1766730009.089335,0.5101538355209634,0.4209782604788621,0.9389128684997559,2,True,0.45054560899734497,0.31934815645217896,0.06752605736255646,0.13463787734508514
1766730009.091896,0.5101538355209634,0.4209782604788621,0.9389128684997559,2,True,0.45054560899734497,0.31934815645217896,0.06752605736255646,0.13463787734508514
1766730009.09434,0.5472051630801235,0.3864330797095946,1.0,2,False,,,,
1766730009.491977,0.5472051630801235,0.3864330797095946,1.0,2,False,,,,
1766730009.497921,0.5472051630801235,0.3864330797095946,1.0,2,False,,,,
1766730009.50369,0.5481654036179345,0.3865755936115086,0.9793788194656372,2,False,,,,
1766730009.507128,0.5566575705369411,0.6112889816615392,0.4712005214465064,2,False,,,,
1766730009.509781,0.5894364001901822,0.5465982689917274,0.9523081183433533,2,False,,,,
1766730010.007188,0.5290979452472542,0.43778172437501695,0.9034526348114014,2,False,,,,
1766730010.0141299,0.5290979452472542,0.43778172437501695,0.9034526348114014,2,False,,,,
1766730010.019899,0.5290979452472542,0.43778172437501695,0.9034526348114014,2,False,,,,
1766730010.022811,0.5290979452472542,0.43778172437501695,0.9034526348114014,2,False,,,,
1766730010.02529,0.5451016721175997,0.38973157932057323,1.0,2,False,,,,
1766730010.496908,0.5451016721175997,0.38973157932057323,1.0,2,False,,,,
1766730010.50266,0.5451016721175997,0.38973157932057323,1.0,2,False,,,,
1766730010.5054212,0.5451016721175997,0.38973157932057323,1.0,2,False,,,,
1766730010.508099,0.5613528773682016,0.5816955209164163,0.5056542770175664,2,False,,,,
1766730010.514074,0.5451145130297819,0.39140059247414793,1.0,2,False,,,,
1766730010.84567,0.5551352039293813,0.6173961947929185,0.5192454656511747,2,False,,,,
1766730010.8521369,0.5551352039293813,0.6173961947929185,0.5192454656511747,2,False,,,,
1766730010.859176,0.5551352039293813,0.6173961947929185,0.5192454656511747,2,False,,,,
1766730010.861939,0.5551352039293813,0.6173961947929185,0.5192454656511747,2,False,,,,
1766730010.864324,0.5624515803372355,0.40285626755337944,1.0,2,False,,,,
1766730011.436699,0.5624515803372355,0.40285626755337944,1.0,2,False,,,,
1766730011.442421,0.5624515803372355,0.40285626755337944,1.0,2,False,,,,
1766730011.445178,0.5624515803372355,0.40285626755337944,1.0,2,False,,,,
1766730011.4482381,0.5752176665771213,0.5751787239426438,0.492428746695301,2,False,,,,
1766730011.451206,0.5282675382187866,0.43349650597896994,0.8914977610111237,2,False,,,,
1766730011.747902,0.5282967678353732,0.4341929257440075,0.8914977610111237,2,False,,,,
1766730011.753976,0.5288406990836357,0.43343514895654,0.8822749257087708,2,False,,,,
1766730011.75708,0.5288406990836357,0.43343514895654,0.8822749257087708,2,False,,,,
1766730011.76377,0.5288406990836357,0.43343514895654,0.8822749257087708,2,False,,,,
1766730011.766477,0.5363546802454678,0.44690642874720443,0.9387884859376349,2,False,,,,
1766730012.1572301,0.5090146668926173,0.42244513323708377,0.9137673676013947,2,True,0.4468132555484772,0.3146861493587494,0.06057920306921005,0.12207836657762527
1766730012.1634061,0.5090146668926173,0.42244513323708377,0.9137673676013947,2,True,0.4468132555484772,0.3146861493587494,0.06057920306921005,0.12207836657762527
1766730012.1693618,0.5090146668926173,0.42244513323708377,0.9137673676013947,2,True,0.4468132555484772,0.3146861493587494,0.06057920306921005,0.12207836657762527
1766730012.171983,0.5090146668926173,0.42244513323708377,0.9137673676013947,2,True,0.4468132555484772,0.3146861493587494,0.06057920306921005,0.12207836657762527
1766730012.17452,0.5657845805730466,0.5921983817919324,0.43919361361277454,2,False,,,,
1766730012.570592,0.5657845805730466,0.5921983817919324,0.43919361361277454,2,False,,,,
1766730012.576232,0.5657845805730466,0.5921983817919324,0.43919361361277454,2,False,,,,
1766730012.579353,0.5657845805730466,0.5921983817919324,0.43919361361277454,2,False,,,,
1766730012.585152,0.5661581597560781,0.5925510300681693,0.47250283898537077,2,False,,,,
1766730012.5893528,0.5189644165569615,0.424207926954961,0.9831879436969757,2,False,,,,
1766730012.969836,0.5189644165569615,0.424207926954961,0.9831879436969757,2,False,,,,
1766730012.975307,0.5189644165569615,0.424207926954961,0.9831879436969757,2,False,,,,
1766730012.977976,0.5189644165569615,0.424207926954961,0.9831879436969757,2,False,,,,
1766730012.980385,0.5189644165569615,0.424207926954961,0.9831879436969757,2,False,,,,
1766730012.983402,0.5165797951195751,0.4230580179922745,0.8841996192932129,2,False,,,,
1766730013.3818429,0.5165797951195751,0.4230580179922745,0.8841996192932129,2,False,,,,
1766730013.387854,0.5165797951195751,0.4230580179922745,0.8841996192932129,2,False,,,,
1766730013.3908072,0.5165797951195751,0.4230580179922745,0.8841996192932129,2,False,,,,
1766730013.393899,0.5266325503303528,0.43101222520834637,0.9211721420288086,2,False,,,,
1766730013.397106,0.557604223963328,0.4094296162804961,0.9594037532806396,2,False,,,,
1766730013.77718,0.557604223963328,0.4094296162804961,0.9594037532806396,2,False,,,,
1766730013.783041,0.557604223963328,0.4094296162804961,0.9594037532806396,2,False,,,,
1766730013.7859352,0.557604223963328,0.4094296162804961,0.9594037532806396,2,False,,,,
1766730013.788398,0.557604223963328,0.4094296162804961,0.9594037532806396,2,False,,,,
1766730013.790797,0.5411736705153224,0.45254525689572134,0.9708024263381958,2,False,,,,
1766730014.306674,0.5411736705153224,0.45254525689572134,0.9708024263381958,2,False,,,,
1766730014.3126059,0.5411736705153224,0.45254525689572134,0.9708024263381958,2,False,,,,
1766730014.315663,0.5411736705153224,0.45254525689572134,0.9708024263381958,2,False,,,,
1766730014.318048,0.5411736705153224,0.45254525689572134,0.9708024263381958,2,False,,,,
1766730014.320333,0.3236636180506033,0.4721320097173439,0.8175066113471985,2,False,,,,
1766730014.644955,0.3236636180506033,0.4721320097173439,0.8175066113471985,2,False,,,,
1766730014.651402,0.3236636180506033,0.4721320097173439,0.8175066113471985,2,False,,,,
1766730014.656495,0.3236636180506033,0.4721320097173439,0.8175066113471985,2,False,,,,
1766730014.6590762,0.3236636180506033,0.4721320097173439,0.8175066113471985,2,False,,,,
1766730014.6618629,0.4126224426421786,0.3757948432411107,1.0,2,False,,,,
1766730015.021306,0.4126224426421786,0.3757948432411107,1.0,2,False,,,,
1766730015.0281768,0.4126224426421786,0.3757948432411107,1.0,2,False,,,,
1766730015.030839,0.4126224426421786,0.3757948432411107,1.0,2,False,,,,
1766730015.033579,0.411214184799544,0.3756437755076276,0.98457071185112,2,False,,,,
1766730015.036247,0.34420254873193556,0.38794526861272915,1.0,2,False,,,,
1766730015.431923,0.34420254873193556,0.38794526861272915,1.0,2,False,,,,
1766730015.439415,0.3541880212183199,0.3890498090855421,1.0,2,False,,,,
1766730015.4425879,0.3541880212183199,0.3890498090855421,1.0,2,False,,,,
1766730015.445751,0.3541880212183199,0.3890498090855421,1.0,2,False,,,,
1766730015.451484,0.3905151434414022,0.3741814657237166,1.0,2,False,,,,
1766730015.75739,0.3905151434414022,0.3741814657237166,1.0,2,False,,,,
1766730015.7627468,0.3905151434414022,0.3741814657237166,1.0,2,False,,,,
1766730015.7656078,0.3905151434414022,0.3741814657237166,1.0,2,False,,,,
1766730015.768422,0.3877011404302923,0.3746456494958068,1.0,2,False,,,,
1766730015.7709708,0.42740745509704137,0.36729835237605857,0.97188401222229,2,False,,,,
1766730016.2516422,0.42740745509704137,0.36729835237605857,0.97188401222229,2,False,,,,
1766730016.2584572,0.42740745509704137,0.36729835237605857,0.97188401222229,2,False,,,,
1766730016.261118,0.42740745509704137,0.36729835237605857,0.97188401222229,2,False,,,,
1766730016.263294,0.42740745509704137,0.36729835237605857,0.97188401222229,2,False,,,,
1766730016.265527,0.3894703936443919,0.37655633199529936,1.0,2,False,,,,
1766730016.558561,0.3894703936443919,0.37655633199529936,1.0,2,False,,,,
1766730016.563434,0.3894703936443919,0.37655633199529936,1.0,2,False,,,,
1766730016.565813,0.3894703936443919,0.37655633199529936,1.0,2,False,,,,
1766730016.568214,0.3894703936443919,0.37655633199529936,1.0,2,False,,,,
1766730016.57057,0.2933133629212554,0.4001081545724192,1.0,2,False,,,,
1766730016.965589,0.2933133629212554,0.4001081545724192,1.0,2,False,,,,
1766730016.9713259,0.2933133629212554,0.4001081545724192,1.0,2,False,,,,
1766730016.974101,0.2933133629212554,0.4001081545724192,1.0,2,False,,,,
1766730016.976516,0.2822703497422473,0.4044411808788294,1.0,2,False,,,,
1766730016.979146,0.3839743366357141,0.06389522135932302,0.9567641177216919,2,False,,,,
1766730017.3760939,0.33722552588323096,0.5239247225174835,0.41926061623775085,2,False,,,,
1766730017.382765,0.4316383002465617,0.9940657559444748,0.2929258336344085,2,False,,,,
1766730017.389576,0.4316383002465617,0.9940657559444748,0.2929258336344085,2,False,,,,
1766730017.3944,0.4316383002465617,0.9940657559444748,0.2929258336344085,2,False,,,,
1766730017.397079,0.3911986672291537,0.36956324032713894,0.9858658015727997,2,False,,,,
1766730017.730177,0.3911986672291537,0.36956324032713894,0.9858658015727997,2,False,,,,
1766730017.7353039,0.3911986672291537,0.36956324032713894,0.9858658015727997,2,False,,,,
1766730017.737922,0.3911986672291537,0.36956324032713894,0.9858658015727997,2,False,,,,
1766730017.740157,0.3911986672291537,0.36956324032713894,0.9858658015727997,2,False,,,,
1766730017.742883,0.3656398990429292,0.37401598768260036,1.0,2,False,,,,
1766730018.092353,0.3656398990429292,0.37401598768260036,1.0,2,False,,,,
1766730018.0976908,0.3656398990429292,0.37401598768260036,1.0,2,False,,,,
1766730018.100629,0.3656398990429292,0.37401598768260036,1.0,2,False,,,,
1766730018.102886,0.3656398990429292,0.37401598768260036,1.0,2,False,,,,
1766730018.1052,0.4072512927333368,0.36766279743679875,0.9823184609413147,2,False,,,,
1766730018.513824,0.4072512927333368,0.36766279743679875,0.9823184609413147,2,False,,,,
1766730018.520826,0.40905287478830105,0.3672161402359939,0.9550333321094513,2,False,,,,
1766730018.523802,0.40905287478830105,0.3672161402359939,0.9550333321094513,2,False,,,,
1766730018.530493,0.40905287478830105,0.3672161402359939,0.9550333321094513,2,False,,,,
1766730018.533205,0.18096631417879555,0.4513482103719466,1.0,2,False,,,,
1766730018.8332632,0.18096631417879555,0.4513482103719466,1.0,2,False,,,,
1766730018.8385751,0.18096631417879555,0.4513482103719466,1.0,2,False,,,,
1766730018.841198,0.18096631417879555,0.4513482103719466,1.0,2,False,,,,
1766730018.8435671,0.18096631417879555,0.4513482103719466,1.0,2,False,,,,
1766730018.845803,0.20370828067864707,0.48146311685521104,1.0,2,False,,,,
1766730019.130215,0.20370828067864707,0.48146311685521104,1.0,2,False,,,,
1766730019.135423,0.20370828067864707,0.48146311685521104,1.0,2,False,,,,
1766730019.1403909,0.20370828067864707,0.48146311685521104,1.0,2,False,,,,
1766730019.142617,0.20370828067864707,0.48146311685521104,1.0,2,False,,,,
1766730019.1449862,0.4613958729370641,0.36550304784743926,1.0,2,False,,,,
1766730019.566887,0.4613958729370641,0.36550304784743926,1.0,2,False,,,,
1766730019.57262,0.4613958729370641,0.36550304784743926,1.0,2,False,,,,
1766730019.5755332,0.4613958729370641,0.36550304784743926,1.0,2,False,,,,
1766730019.577754,0.4613958729370641,0.36550304784743926,1.0,2,False,,,,
1766730019.5798929,0.39216176445456774,0.37650343968027933,1.0,2,False,,,,
1766730019.937848,0.39216176445456774,0.37650343968027933,1.0,2,False,,,,
1766730019.9430358,0.39216176445456774,0.37650343968027933,1.0,2,False,,,,
1766730019.946027,0.39216176445456774,0.37650343968027933,1.0,2,False,,,,
1766730019.9487119,0.39216176445456774,0.37650343968027933,1.0,2,False,,,,
1766730019.9535518,0.415250379592434,0.37243237794392337,1.0,2,False,,,,
1766730020.345269,0.415250379592434,0.37243237794392337,1.0,2,False,,,,
1766730020.35071,0.415250379592434,0.37243237794392337,1.0,2,False,,,,
1766730020.353367,0.415250379592434,0.37243237794392337,1.0,2,False,,,,
1766730020.355572,0.415250379592434,0.37243237794392337,1.0,2,False,,,,
1766730020.357874,0.3327088486196258,0.3894331438162906,0.9532341361045837,2,False,,,,
1766730020.7658508,0.32355039091379856,0.39281923840948896,0.9576682150363922,2,False,,,,
1766730020.7716632,0.3304779544182276,0.390622264526613,0.9680161774158478,2,False,,,,
1766730020.777285,0.3304779544182276,0.390622264526613,0.9680161774158478,2,False,,,,
1766730020.780247,0.3304779544182276,0.390622264526613,0.9680161774158478,2,False,,,,
1766730020.783017,0.3963292685977543,0.37273763289665696,0.974971354007721,2,False,,,,
1766730021.16659,0.3521457399617619,0.3827231965972241,0.988818883895874,2,False,,,,
1766730021.172183,0.3521457399617619,0.3827231965972241,0.988818883895874,2,False,,,,
1766730021.1786938,0.3521457399617619,0.3827231965972241,0.988818883895874,2,False,,,,
1766730021.181472,0.3521457399617619,0.3827231965972241,0.988818883895874,2,False,,,,
1766730021.183924,0.5410685666891749,0.5304433470997488,1.0,2,False,,,,
1766730021.8808541,0.5410685666891749,0.5304433470997488,1.0,2,False,,,,
1766730021.887412,0.5410685666891749,0.5304433470997488,1.0,2,False,,,,
1766730021.890305,0.5410685666891749,0.5304433470997488,1.0,2,False,,,,
1766730021.8931122,0.5410685666891749,0.5304433470997488,1.0,2,False,,,,
1766730021.895482,0.5453594560031749,0.5058406355013373,1.0,2,True,0.4858352243900299,0.44297972321510315,0.0699930191040039,0.1386614888906479
1766730022.496902,0.5453594560031749,0.5058406355013373,1.0,2,True,0.4858352243900299,0.44297972321510315,0.0699930191040039,0.1386614888906479
1766730022.5047538,0.5474641047191373,0.5055092545268531,1.0,2,True,0.4858352243900299,0.44297972321510315,0.0699930191040039,0.1386614888906479
1766730022.508225,0.547651327303757,0.5044736963762398,1.0,2,True,0.4858352243900299,0.44297972321510315,0.0699930191040039,0.1386614888906479
1766730022.5148,0.547651327303757,0.5044736963762398,1.0,2,True,0.4858352243900299,0.44297972321510315,0.0699930191040039,0.1386614888906479
1766730022.520813,0.555206227957598,0.5265105948792699,1.0,2,False,,,,
1766730022.8185558,0.5549215075168624,0.5258255515452946,1.0,2,False,,,,
1766730022.825409,0.5549215075168624,0.5258255515452946,1.0,2,False,,,,
1766730022.82834,0.5549215075168624,0.5258255515452946,1.0,2,False,,,,
1766730022.830671,0.5549215075168624,0.5258255515452946,1.0,2,False,,,,
1766730022.833044,0.5427141915222055,0.4935344533242104,1.0,2,True,0.474886029958725,0.4622996747493744,0.07103738933801651,0.14026573300361633
1766730023.2166138,0.5431549725107836,0.4956960283751013,1.0,2,True,0.474886029958725,0.4622996747493744,0.07103738933801651,0.14026573300361633
1766730023.2238011,0.5431549725107836,0.4956960283751013,1.0,2,True,0.474886029958725,0.4622996747493744,0.07103738933801651,0.14026573300361633
1766730023.2269518,0.5431549725107836,0.4956960283751013,1.0,2,True,0.474886029958725,0.4622996747493744,0.07103738933801651,0.14026573300361633
1766730023.229701,0.5431549725107836,0.4956960283751013,1.0,2,True,0.474886029958725,0.4622996747493744,0.07103738933801651,0.14026573300361633
1766730023.232357,0.5427692844226626,0.48994768726255944,1.0,2,True,0.4794539511203766,0.4627861976623535,0.07123241573572159,0.1428261697292328
1766730023.523592,0.5428791382080964,0.4871847543926091,1.0,2,True,0.4794539511203766,0.4627861976623535,0.07123241573572159,0.1428261697292328
1766730023.529597,0.5428791382080964,0.4871847543926091,1.0,2,True,0.4794539511203766,0.4627861976623535,0.07123241573572159,0.1428261697292328
1766730023.532446,0.5428791382080964,0.4871847543926091,1.0,2,True,0.4794539511203766,0.4627861976623535,0.07123241573572159,0.1428261697292328
1766730023.534902,0.5428791382080964,0.4871847543926091,1.0,2,True,0.4794539511203766,0.4627861976623535,0.07123241573572159,0.1428261697292328
1766730023.53739,0.5422790423904826,0.49480658420999035,1.0,2,True,0.47998160123825073,0.4466429054737091,0.070421501994133,0.1447058767080307
1766730023.929674,0.5422790423904826,0.49480658420999035,1.0,2,True,0.47998160123825073,0.4466429054737091,0.070421501994133,0.1447058767080307
1766730023.935829,0.5422790423904826,0.49480658420999035,1.0,2,True,0.47998160123825073,0.4466429054737091,0.070421501994133,0.1447058767080307
1766730023.939044,0.5422790423904826,0.49480658420999035,1.0,2,True,0.47998160123825073,0.4466429054737091,0.070421501994133,0.1447058767080307
1766730023.942122,0.5422790423904826,0.49480658420999035,1.0,2,True,0.47998160123825073,0.4466429054737091,0.070421501994133,0.1447058767080307
1766730023.94478,0.5497721024023025,0.5052099126763793,1.0,2,True,0.482643187046051,0.447176069021225,0.06999101489782333,0.13948029279708862
1766730024.338193,0.5497721024023025,0.5052099126763793,1.0,2,True,0.482643187046051,0.447176069021225,0.06999101489782333,0.13948029279708862
1766730024.344141,0.5497721024023025,0.5052099126763793,1.0,2,True,0.482643187046051,0.447176069021225,0.06999101489782333,0.13948029279708862
1766730024.3494458,0.5496011500748249,0.5054351068912885,1.0,2,True,0.482643187046051,0.447176069021225,0.06999101489782333,0.13948029279708862
1766730024.352437,0.5490021202704358,0.5043367846525715,1.0,2,True,0.482643187046051,0.447176069021225,0.06999101489782333,0.13948029279708862
1766730024.355458,0.5584553418987053,0.5413247251278922,1.0,2,True,0.4846700131893158,0.4320565164089203,0.07351084053516388,0.14636823534965515
1766730024.6739352,0.5584553418987053,0.5413247251278922,1.0,2,True,0.4846700131893158,0.4320565164089203,0.07351084053516388,0.14636823534965515
1766730024.679877,0.5584553418987053,0.5413247251278922,1.0,2,True,0.4846700131893158,0.4320565164089203,0.07351084053516388,0.14636823534965515
1766730024.682952,0.5584553418987053,0.5413247251278922,1.0,2,True,0.4846700131893158,0.4320565164089203,0.07351084053516388,0.14636823534965515
1766730024.686538,0.551651699062391,0.5290823006389541,0.9797089993953705,2,True,0.4846700131893158,0.4320565164089203,0.07351084053516388,0.14636823534965515
1766730024.689604,0.5466347488689269,0.5306062847694711,1.0,2,True,0.48799094557762146,0.4195014536380768,0.07120094448328018,0.14339841902256012
1766730025.057508,0.5512228173687405,0.5397480547601209,1.0,2,True,0.48799094557762146,0.4195014536380768,0.07120094448328018,0.14339841902256012
1766730025.064358,0.5512228173687405,0.5397480547601209,1.0,2,True,0.48799094557762146,0.4195014536380768,0.07120094448328018,0.14339841902256012
1766730025.0701408,0.5512228173687405,0.5397480547601209,1.0,2,True,0.48799094557762146,0.4195014536380768,0.07120094448328018,0.14339841902256012
1766730025.0732632,0.5512228173687405,0.5397480547601209,1.0,2,True,0.48799094557762146,0.4195014536380768,0.07120094448328018,0.14339841902256012
1766730025.078505,0.5627633095806086,0.533481084641232,1.0,2,True,0.49124398827552795,0.4144066572189331,0.06872053444385529,0.13559392094612122
1766730025.519414,0.5627633095806086,0.533481084641232,1.0,2,True,0.49124398827552795,0.4144066572189331,0.06872053444385529,0.13559392094612122
1766730025.5266418,0.5627775494658507,0.5398222165206141,1.0,2,True,0.49124398827552795,0.4144066572189331,0.06872053444385529,0.13559392094612122
1766730025.5303848,0.5627775494658507,0.5398222165206141,1.0,2,True,0.49124398827552795,0.4144066572189331,0.06872053444385529,0.13559392094612122
1766730025.537,0.5627775494658507,0.5398222165206141,1.0,2,True,0.49124398827552795,0.4144066572189331,0.06872053444385529,0.13559392094612122
1766730025.539985,0.5498468976050953,0.5374140417114213,0.9575605392456055,2,True,0.48830437660217285,0.4097692370414734,0.06685581058263779,0.13779233396053314
1766730025.874938,0.5498468976050953,0.5374140417114213,0.9575605392456055,2,True,0.48830437660217285,0.4097692370414734,0.06685581058263779,0.13779233396053314
1766730025.880718,0.5498468976050953,0.5374140417114213,0.9575605392456055,2,True,0.48830437660217285,0.4097692370414734,0.06685581058263779,0.13779233396053314
1766730025.883592,0.5498468976050953,0.5374140417114213,0.9575605392456055,2,True,0.48830437660217285,0.4097692370414734,0.06685581058263779,0.13779233396053314
1766730025.886192,0.5498468976050953,0.5374140417114213,0.9575605392456055,2,True,0.48830437660217285,0.4097692370414734,0.06685581058263779,0.13779233396053314
1766730025.8887548,0.5540567775728212,0.4582125128055381,1.0,2,True,0.4882606565952301,0.4077211022377014,0.06720638275146484,0.13408711552619934
1766730026.288787,0.5540567775728212,0.4582125128055381,1.0,2,True,0.4882606565952301,0.4077211022377014,0.06720638275146484,0.13408711552619934
1766730026.294228,0.5524424784358015,0.4595665077631754,1.0,2,True,0.4882606565952301,0.4077211022377014,0.06720638275146484,0.13408711552619934
1766730026.297981,0.5524424784358015,0.4595665077631754,1.0,2,True,0.4882606565952301,0.4077211022377014,0.06720638275146484,0.13408711552619934
1766730026.3014138,0.5524424784358015,0.4595665077631754,1.0,2,True,0.4882606565952301,0.4077211022377014,0.06720638275146484,0.13408711552619934
1766730026.3082361,0.5526406991205041,0.5328856559932532,0.9203300774097443,2,True,0.48847585916519165,0.40747639536857605,0.06639375537633896,0.13857091963291168
1766730026.720553,0.5526406991205041,0.5328856559932532,0.9203300774097443,2,True,0.48847585916519165,0.40747639536857605,0.06639375537633896,0.13857091963291168
1766730026.726413,0.5526406991205041,0.5328856559932532,0.9203300774097443,2,True,0.48847585916519165,0.40747639536857605,0.06639375537633896,0.13857091963291168
1766730026.729743,0.5512429522857973,0.5257577913264416,1.0,2,True,0.48847585916519165,0.40747639536857605,0.06639375537633896,0.13857091963291168
1766730026.733366,0.5532694222547285,0.530507136671896,0.958218902349472,2,True,0.48847585916519165,0.40747639536857605,0.06639375537633896,0.13857091963291168
1766730026.736584,0.5371477049099455,0.556861998216622,0.5731046351100756,2,False,,,,
1766730027.1100621,0.5371477049099455,0.556861998216622,0.5731046351100756,2,False,,,,
1766730027.116021,0.5371477049099455,0.556861998216622,0.5731046351100756,2,False,,,,
1766730027.1189692,0.5371477049099455,0.556861998216622,0.5731046351100756,2,False,,,,
1766730027.124306,0.5371477049099455,0.556861998216622,0.5731046351100756,2,False,,,,
1766730027.126849,0.5615752139471122,0.5192117988203202,0.9926676154136658,2,False,,,,
1766730027.513789,0.5615752139471122,0.5192117988203202,0.9926676154136658,2,False,,,,
1766730027.520145,0.5615752139471122,0.5192117988203202,0.9926676154136658,2,False,,,,
1766730027.5230029,0.5615752139471122,0.5192117988203202,0.9926676154136658,2,False,,,,
1766730027.525718,0.5615752139471122,0.5192117988203202,0.9926676154136658,2,False,,,,
1766730027.52813,0.565560108995667,0.6626023519824205,1.0,2,False,,,,
1766730027.925011,0.565560108995667,0.6626023519824205,1.0,2,False,,,,
1766730027.9310331,0.565560108995667,0.6626023519824205,1.0,2,False,,,,
1766730027.934773,0.57510677494557,0.5788764347652549,0.9468210935592651,2,False,,,,
1766730027.93823,0.57510677494557,0.5788764347652549,0.9468210935592651,2,False,,,,
1766730027.9411469,0.572030087699253,0.5726356638994109,0.9613022804260254,2,False,,,,
1766730028.441028,0.5474754001093797,0.4884463268945247,0.8777263760566711,2,True,0.48507118225097656,0.39840224385261536,0.0661499947309494,0.13494059443473816
1766730028.448653,0.5474754001093797,0.4884463268945247,0.8777263760566711,2,True,0.48507118225097656,0.39840224385261536,0.0661499947309494,0.13494059443473816
1766730028.454402,0.5474754001093797,0.4884463268945247,0.8777263760566711,2,True,0.48507118225097656,0.39840224385261536,0.0661499947309494,0.13494059443473816
1766730028.4571478,0.5474754001093797,0.4884463268945247,0.8777263760566711,2,True,0.48507118225097656,0.39840224385261536,0.0661499947309494,0.13494059443473816
1766730028.4601228,0.576561975811056,0.6247065921156627,0.9868060836033965,2,False,,,,
1766730028.7468202,0.576561975811056,0.6247065921156627,0.9868060836033965,2,False,,,,
1766730028.7534149,0.576561975811056,0.6247065921156627,0.9868060836033965,2,False,,,,
1766730028.756345,0.576561975811056,0.6247065921156627,0.9868060836033965,2,False,,,,
1766730028.759118,0.576561975811056,0.6247065921156627,0.9868060836033965,2,False,,,,
1766730028.7617412,0.5764491809307115,0.5777135505592051,0.9991209208965302,2,False,,,,
1766730029.1363242,0.5764491809307115,0.5777135505592051,0.9991209208965302,2,False,,,,
1766730029.142323,0.5724466521269176,0.5597062311790109,0.9259224534034729,2,False,,,,
1766730029.1480489,0.5724466521269176,0.5597062311790109,0.9259224534034729,2,False,,,,
1766730029.155262,0.5724466521269176,0.5597062311790109,0.9259224534034729,2,False,,,,
1766730029.1582,0.5727639324240025,0.5955808153659479,0.9321552515029907,2,False,,,,
1766730029.552827,0.568666577403681,0.5980271230102332,1.0,2,False,,,,
1766730029.5604448,0.568666577403681,0.5980271230102332,1.0,2,False,,,,
1766730029.5659251,0.568666577403681,0.5980271230102332,1.0,2,False,,,,
1766730029.56897,0.568666577403681,0.5980271230102332,1.0,2,False,,,,
1766730029.571564,0.41366431737996096,0.37811067854323377,0.8175663352012634,2,False,,,,
1766730030.179945,0.41366431737996096,0.37811067854323377,0.8175663352012634,2,False,,,,
1766730030.1883771,0.4379564548563749,0.3808395987319151,0.8527754545211792,2,False,,,,
1766730030.19211,0.4379564548563749,0.3808395987319151,0.8527754545211792,2,False,,,,
1766730030.19747,0.4379564548563749,0.3808395987319151,0.8527754545211792,2,False,,,,
1766730030.202516,0.4580941325020181,0.3538195265290286,0.9993700385093689,2,False,,,,
1766730030.52431,0.4580941325020181,0.3538195265290286,0.9993700385093689,2,False,,,,
1766730030.531441,0.4580941325020181,0.3538195265290286,0.9993700385093689,2,False,,,,
1766730030.5340228,0.4580941325020181,0.3538195265290286,0.9993700385093689,2,False,,,,
1766730030.536386,0.4580941325020181,0.3538195265290286,0.9993700385093689,2,False,,,,
1766730030.5385642,0.4467077778353272,0.35959405424547985,0.9979349076747894,2,False,,,,
1766730031.199239,0.4467077778353272,0.35959405424547985,0.9979349076747894,2,False,,,,
1766730031.205589,0.4467077778353272,0.35959405424547985,0.9979349076747894,2,False,,,,
1766730031.2084532,0.4467077778353272,0.35959405424547985,0.9979349076747894,2,False,,,,
1766730031.211266,0.4467077778353272,0.35959405424547985,0.9979349076747894,2,False,,,,
1766730031.213961,0.1656347236661318,0.4302837268161699,0.9981645345687866,2,False,,,,
1766730031.560053,0.1477343310929394,0.43893318677966553,0.9907993376255035,2,False,,,,
1766730031.5657449,0.1477343310929394,0.43893318677966553,0.9907993376255035,2,False,,,,
1766730031.571127,0.1477343310929394,0.43893318677966553,0.9907993376255035,2,False,,,,
1766730031.573827,0.1477343310929394,0.43893318677966553,0.9907993376255035,2,False,,,,
1766730031.576538,0.31310803973020346,0.3984258153644644,0.9532035291194916,2,False,,,,
1766730032.0184162,0.31310803973020346,0.3984258153644644,0.9532035291194916,2,False,,,,
1766730032.024134,0.3098400766411566,0.3999246781555683,0.9855659902095795,2,False,,,,
1766730032.026919,0.3098400766411566,0.3999246781555683,0.9855659902095795,2,False,,,,
1766730032.02975,0.3098400766411566,0.3999246781555683,0.9855659902095795,2,False,,,,
1766730032.035438,0.23472756640386,0.44094090130728114,0.8,2,False,,,,
1766730032.434921,0.23472756640386,0.44094090130728114,0.8,2,False,,,,
1766730032.44172,0.23472756640386,0.44094090130728114,0.8,2,False,,,,
1766730032.444457,0.23472756640386,0.44094090130728114,0.8,2,False,,,,
1766730032.449057,0.23472756640386,0.44094090130728114,0.8,2,False,,,,
1766730032.451801,0.2621914865409607,0.43150752869865894,1.0,2,False,,,,
1766730032.810592,0.2621914865409607,0.43150752869865894,1.0,2,False,,,,
1766730032.816833,0.2621914865409607,0.43150752869865894,1.0,2,False,,,,
1766730032.819581,0.2621914865409607,0.43150752869865894,1.0,2,False,,,,
1766730032.822625,0.2621914865409607,0.43150752869865894,1.0,2,False,,,,
1766730032.825108,0.13021274285620138,0.502431804800003,0.9969755113124847,2,False,,,,
1766730033.2476501,0.13021274285620138,0.502431804800003,0.9969755113124847,2,False,,,,
1766730033.2526321,0.13021274285620138,0.502431804800003,0.9969755113124847,2,False,,,,
1766730033.255425,0.13021274285620138,0.502431804800003,0.9969755113124847,2,False,,,,
1766730033.257913,0.13021274285620138,0.502431804800003,0.9969755113124847,2,False,,,,
1766730033.2608,0.2677788099597393,0.42155462070479266,0.9975180923938751,2,False,,,,
1766730033.611504,0.2677788099597393,0.42155462070479266,0.9975180923938751,2,False,,,,
1766730033.6167722,0.2677788099597393,0.42155462070479266,0.9975180923938751,2,False,,,,
1766730033.619345,0.2677788099597393,0.42155462070479266,0.9975180923938751,2,False,,,,
1766730033.621902,0.2677788099597393,0.42155462070479266,0.9975180923938751,2,False,,,,
1766730033.6251688,0.3414792995637189,0.48594466765428646,0.8171314299106598,2,False,,,,
1766730034.070892,0.45423806876548944,0.8328699461980347,0.5500192808262353,2,False,,,,
1766730034.077109,0.45423806876548944,0.8328699461980347,0.5500192808262353,2,False,,,,
1766730034.083078,0.45423806876548944,0.8328699461980347,0.5500192808262353,2,False,,,,
1766730034.085818,0.45423806876548944,0.8328699461980347,0.5500192808262353,2,False,,,,
1766730034.088035,0.465043277088869,0.8336298645342045,0.5008904420867275,1,False,,,,
1766730034.380867,0.465043277088869,0.8336298645342045,0.5008904420867275,1,False,,,,
1766730034.3857129,0.465043277088869,0.8336298645342045,0.5008904420867275,1,False,,,,
1766730034.390283,0.465043277088869,0.8336298645342045,0.5008904420867275,1,False,,,,
1766730034.392927,0.465043277088869,0.8336298645342045,0.5008904420867275,1,False,,,,
1766730034.395238,0.04225816482571583,0.5390262698780295,0.8,0,False,,,,
1766730034.6145,0.04225816482571583,0.5390262698780295,0.8,0,False,,,,
1766730034.619155,0.04225816482571583,0.5390262698780295,0.8,0,False,,,,
1766730034.622355,0.04225816482571583,0.5390262698780295,0.8,0,False,,,,
1766730034.624993,0.04225816482571583,0.5390262698780295,0.8,0,False,,,,
1766730034.627274,0.45548066430428974,0.4099835051989751,0.8944172263145447,0,False,,,,
1766730034.879979,0.4034211312957276,0.37289144060846646,0.9121138155460358,0,False,,,,
1766730034.886375,0.4034211312957276,0.37289144060846646,0.9121138155460358,0,False,,,,
1766730034.891178,0.4034211312957276,0.37289144060846646,0.9121138155460358,0,False,,,,
1766730034.893715,0.4034211312957276,0.37289144060846646,0.9121138155460358,0,False,,,,
1766730034.8982332,0.531605256257639,0.8549401243813404,0.4055436315356584,1,False,,,,
1766730035.194308,0.531605256257639,0.8549401243813404,0.4055436315356584,1,False,,,,
1766730035.19956,0.531605256257639,0.8549401243813404,0.4055436315356584,1,False,,,,
1766730035.202293,0.531605256257639,0.8549401243813404,0.4055436315356584,1,False,,,,
1766730035.20479,0.2990634764936063,0.4462373545810012,0.32124735353241846,1,False,,,,
1766730035.2078001,0.4038083935073903,0.3727579171970745,0.894560307264328,1,False,,,,
1766730035.4498298,0.4038083935073903,0.3727579171970745,0.894560307264328,1,False,,,,
1766730035.455586,0.4038083935073903,0.3727579171970745,0.894560307264328,1,False,,,,
1766730035.458069,0.4038083935073903,0.3727579171970745,0.894560307264328,1,False,,,,
1766730035.460188,0.4038083935073903,0.3727579171970745,0.894560307264328,1,False,,,,
1766730035.4624581,0.3115625232175312,0.3879982098978879,0.9460591971874237,1,False,,,,
1766730035.7092962,0.3139907228796354,0.3868652302459319,0.9480924904346466,1,False,,,,
1766730035.714794,0.3075326697899427,0.38751450367908813,0.95906662940979,1,False,,,,
1766730035.720184,0.3075326697899427,0.38751450367908813,0.95906662940979,1,False,,,,
1766730035.72276,0.3075326697899427,0.38751450367908813,0.95906662940979,1,False,,,,
1766730035.7250812,0.3802779872740644,0.37420807480301677,0.9858347177505493,1,False,,,,
1766730036.1203551,0.40409872802095154,0.3718606116265022,0.9434485733509064,1,False,,,,
1766730036.1265438,0.40409872802095154,0.3718606116265022,0.9434485733509064,1,False,,,,
1766730036.131288,0.40409872802095154,0.3718606116265022,0.9434485733509064,1,False,,,,
1766730036.133858,0.40409872802095154,0.3718606116265022,0.9434485733509064,1,False,,,,
1766730036.1362078,0.6803334786172713,0.06264983619720221,0.9287417483329773,1,False,,,,
1766730036.528666,0.6803334786172713,0.06264983619720221,0.9287417483329773,1,False,,,,
1766730036.5339851,0.6803334786172713,0.06264983619720221,0.9287417483329773,1,False,,,,
1766730036.536511,0.6803334786172713,0.06264983619720221,0.9287417483329773,1,False,,,,
1766730036.5409012,0.6803334786172713,0.06264983619720221,0.9287417483329773,1,False,,,,
1766730036.543496,0.5013665481818669,0.3960307181145811,0.9851065278053284,0,False,,,,
1766730036.801497,0.5013665481818669,0.3960307181145811,0.9851065278053284,0,False,,,,
1766730036.80742,0.5013665481818669,0.3960307181145811,0.9851065278053284,0,False,,,,
1766730036.810327,0.5013665481818669,0.3960307181145811,0.9851065278053284,0,False,,,,
1766730036.812962,0.4959099009392583,0.4014752661176001,1.0,0,False,,,,
1766730036.8154979,0.5115724657595496,0.7530398643520193,0.47213083414795937,0,False,,,,
1766730037.062786,0.5115724657595496,0.7530398643520193,0.47213083414795937,0,False,,,,
1766730037.0694342,0.5115724657595496,0.7530398643520193,0.47213083414795937,0,False,,,,
1766730037.072264,0.5115724657595496,0.7530398643520193,0.47213083414795937,0,False,,,,
1766730037.0747468,0.5115724657595496,0.7530398643520193,0.47213083414795937,0,False,,,,
1766730037.077023,0.4119900191240987,0.39186457682051423,0.8696840107440948,0,False,,,,
1766730037.448524,0.4119900191240987,0.39186457682051423,0.8696840107440948,0,False,,,,
1766730037.4558048,0.4205147696263751,0.4023684868463935,0.9319765567779541,0,False,,,,
1766730037.458459,0.4205147696263751,0.4023684868463935,0.9319765567779541,0,False,,,,
1766730037.461309,0.4205147696263751,0.4023684868463935,0.9319765567779541,0,False,,,,
1766730037.4675121,0.5407451941509498,0.7152112766582283,0.3298577398377875,1,False,,,,
1766730037.717097,0.5407451941509498,0.7152112766582283,0.3298577398377875,1,False,,,,
1766730037.7238379,0.42161923015353586,0.37242400469834314,0.8897808194160461,1,False,,,,
1766730037.72727,0.42161923015353586,0.37242400469834314,0.8897808194160461,1,False,,,,
1766730037.7335858,0.42161923015353586,0.37242400469834314,0.8897808194160461,1,False,,,,
1766730037.7359092,0.49382948659108206,0.3617597280159929,0.9435696601867676,1,False,,,,
1766730038.064458,0.49382948659108206,0.3617597280159929,0.9435696601867676,1,False,,,,
1766730038.071028,0.49382948659108206,0.3617597280159929,0.9435696601867676,1,False,,,,
1766730038.0752242,0.49382948659108206,0.3617597280159929,0.9435696601867676,1,False,,,,
1766730038.0774531,0.49382948659108206,0.3617597280159929,0.9435696601867676,1,False,,,,
1766730038.079815,0.48423331054809593,0.36931397716972014,0.9343757331371307,0,False,,,,
1766730038.369526,0.48423331054809593,0.36931397716972014,0.9343757331371307,0,False,,,,
1766730038.376401,0.48423331054809593,0.36931397716972014,0.9343757331371307,0,False,,,,
1766730038.378989,0.48423331054809593,0.36931397716972014,0.9343757331371307,0,False,,,,
1766730038.381459,0.48423331054809593,0.36931397716972014,0.9343757331371307,0,False,,,,
1766730038.3836951,0.4843353374394733,0.36633368157831936,1.0,0,False,,,,
1766730038.574723,0.4843353374394733,0.36633368157831936,1.0,0,False,,,,
1766730038.579731,0.4843353374394733,0.36633368157831936,1.0,0,False,,,,
1766730038.582725,0.4843353374394733,0.36633368157831936,1.0,0,False,,,,
1766730038.5849779,0.4843353374394733,0.36633368157831936,1.0,0,False,,,,
1766730038.589122,0.4699576682386959,0.3630912207434518,1.0,0,False,,,,
1766730038.797351,0.4647592778363026,0.36054150846361344,0.9477394223213196,0,False,,,,
1766730038.803147,0.4647592778363026,0.36054150846361344,0.9477394223213196,0,False,,,,
1766730038.808127,0.4647592778363026,0.36054150846361344,0.9477394223213196,0,False,,,,
1766730038.810625,0.4647592778363026,0.36054150846361344,0.9477394223213196,0,False,,,,
1766730038.812974,0.4998411212774811,0.3737120364378761,0.988487184047699,0,False,,,,
1766730039.032663,0.49805030471644934,0.37319249077126104,0.9817779362201691,0,False,,,,
1766730039.038249,0.49805030471644934,0.37319249077126104,0.9817779362201691,0,False,,,,
1766730039.042909,0.49805030471644934,0.37319249077126104,0.9817779362201691,0,False,,,,
1766730039.045216,0.49805030471644934,0.37319249077126104,0.9817779362201691,0,False,,,,
1766730039.047534,0.49563527149807396,0.3715477875923333,0.9474466145038605,0,False,,,,
1766730039.2370949,0.49519240604559156,0.3726506783300121,0.9660433828830719,0,False,,,,
1766730039.242683,0.49519240604559156,0.3726506783300121,0.9660433828830719,0,False,,,,
1766730039.247643,0.49519240604559156,0.3726506783300121,0.9660433828830719,0,False,,,,
1766730039.250101,0.49519240604559156,0.3726506783300121,0.9660433828830719,0,False,,,,
1766730039.2521799,0.4516470258689022,0.3744925134322794,0.9881754069104093,0,False,,,,
1766730039.440919,0.4516470258689022,0.3744925134322794,0.9881754069104093,0,False,,,,
1766730039.4457622,0.4516470258689022,0.3744925134322794,0.9881754069104093,0,False,,,,
1766730039.448147,0.4516470258689022,0.3744925134322794,0.9881754069104093,0,False,,,,
1766730039.4504,0.4516470258689022,0.3744925134322794,0.9881754069104093,0,False,,,,
1766730039.452824,0.45184686994604284,0.3828714107194038,0.9889023005962372,0,False,,,,
1766730039.641292,0.45184686994604284,0.3828714107194038,0.9889023005962372,0,False,,,,
1766730039.646624,0.45184686994604284,0.3828714107194038,0.9889023005962372,0,False,,,,
1766730039.64924,0.45184686994604284,0.3828714107194038,0.9889023005962372,0,False,,,,
1766730039.653418,0.45184686994604284,0.3828714107194038,0.9889023005962372,0,False,,,,
1766730039.6555579,0.44865767106749566,0.3649421681382037,0.9742485582828522,0,False,,,,
1766730039.909344,0.44865767106749566,0.3649421681382037,0.9742485582828522,0,False,,,,
1766730039.9141319,0.44865767106749566,0.3649421681382037,0.9742485582828522,0,False,,,,
1766730039.916489,0.44865767106749566,0.3649421681382037,0.9742485582828522,0,False,,,,
1766730039.918734,0.44865767106749566,0.3649421681382037,0.9742485582828522,0,False,,,,
1766730039.921094,0.45935160795557534,0.3746713329984259,0.9035893380641937,0,False,,,,
1766730040.1591418,0.45935160795557534,0.3746713329984259,0.9035893380641937,0,False,,,,
1766730040.1640608,0.45935160795557534,0.3746713329984259,0.9035893380641937,0,False,,,,
1766730040.167466,0.4617492608721303,0.3768833089315289,0.9109296500682831,0,False,,,,
1766730040.171675,0.4617492608721303,0.3768833089315289,0.9109296500682831,0,False,,,,
1766730040.17676,0.47452931180368757,0.36958817752253625,0.9719537496566772,0,False,,,,
1766730040.3960042,0.47452931180368757,0.36958817752253625,0.9719537496566772,0,False,,,,
1766730040.400762,0.4725710372257856,0.3668370184822016,0.9906691610813141,0,False,,,,
1766730040.403805,0.4683171154288778,0.3628466085975772,1.0,0,False,,,,
1766730040.407142,0.4683171154288778,0.3628466085975772,1.0,0,False,,,,
1766730040.41087,0.47654930053816197,0.37491721049216475,0.9475739598274231,0,False,,,,
1766730040.6255202,0.47654930053816197,0.37491721049216475,0.9475739598274231,0,False,,,,
1766730040.6307771,0.47654930053816197,0.37491721049216475,0.9475739598274231,0,False,,,,
1766730040.633214,0.47654930053816197,0.37491721049216475,0.9475739598274231,0,False,,,,
1766730040.6362948,0.47654930053816197,0.37491721049216475,0.9475739598274231,0,False,,,,
1766730040.639269,0.5087147915038436,0.42169415871812554,1.0,0,False,,,,
1766730040.832093,0.5087147915038436,0.42169415871812554,1.0,0,False,,,,
1766730040.837502,0.5093446405081711,0.42426101113848635,1.0,0,False,,,,
1766730040.841738,0.5110994410964238,0.42750312952054403,1.0,0,False,,,,
1766730040.844379,0.5110994410964238,0.42750312952054403,1.0,0,False,,,,
1766730040.849865,0.5242599602626219,0.4615701846854996,0.995,0,False,,,,
1766730041.072,0.5280066080978856,0.4839451863074937,1.0,0,False,,,,
1766730041.077451,0.5280066080978856,0.4839451863074937,1.0,0,False,,,,
1766730041.082648,0.5280066080978856,0.4839451863074937,1.0,0,False,,,,
1766730041.085057,0.5280066080978856,0.4839451863074937,1.0,0,False,,,,
1766730041.087544,0.1788991722416092,0.4019755820973001,1.0,0,False,,,,
1766730041.3109639,0.2547162302834251,0.3711770846422615,1.0,0,False,,,,
1766730041.317548,0.2547162302834251,0.3711770846422615,1.0,0,False,,,,
1766730041.322309,0.2547162302834251,0.3711770846422615,1.0,0,False,,,,
1766730041.324951,0.2547162302834251,0.3711770846422615,1.0,0,False,,,,
1766730041.328927,0.501416369707256,0.4085650024748605,1.0,0,False,,,,
1766730041.530966,0.501416369707256,0.4085650024748605,1.0,0,False,,,,
1766730041.53694,0.501416369707256,0.4085650024748605,1.0,0,False,,,,
1766730041.539916,0.501416369707256,0.4085650024748605,1.0,0,False,,,,
1766730041.542942,0.5059849589178806,0.4123336221596594,1.0,0,False,,,,
1766730041.545495,0.49539226567119704,0.38614867340933956,1.0,0,False,,,,
1766730041.752079,0.49539226567119704,0.38614867340933956,1.0,0,False,,,,
1766730041.757548,0.49539226567119704,0.38614867340933956,1.0,0,False,,,,
1766730041.760194,0.49539226567119704,0.38614867340933956,1.0,0,False,,,,
1766730041.7625332,0.49539226567119704,0.38614867340933956,1.0,0,False,,,,
1766730041.7647831,0.5005290862819454,0.39029041380051654,1.0,0,False,,,,
1766730041.976058,0.5005290862819454,0.39029041380051654,1.0,0,False,,,,
1766730041.980623,0.5028057640830067,0.3950370995426904,1.0,0,False,,,,
1766730041.985311,0.5028057640830067,0.3950370995426904,1.0,0,False,,,,
1766730041.990422,0.5028057640830067,0.3950370995426904,1.0,0,False,,,,
1766730041.993176,0.513922926144221,0.40286416086670196,1.0,0,False,,,,
1766730042.208427,0.5140842585738603,0.4027835059058923,1.0,0,False,,,,
1766730042.213526,0.5214808023731362,0.4070357727193563,1.0,0,False,,,,
1766730042.216856,0.5214808023731362,0.4070357727193563,1.0,0,False,,,,
1766730042.222341,0.5214808023731362,0.4070357727193563,1.0,0,False,,,,
1766730042.22526,0.4465444813604161,0.36625137808142183,1.0,0,False,,,,
1766730042.4013782,0.4465444813604161,0.36625137808142183,1.0,0,False,,,,
1766730042.406276,0.4465444813604161,0.36625137808142183,1.0,0,False,,,,
1766730042.40879,0.4465444813604161,0.36625137808142183,1.0,0,False,,,,
1766730042.4132211,0.4515502893600746,0.3677953298866943,0.9673722982406616,0,False,,,,
1766730042.415831,0.4624324856221443,0.36805373299838107,0.9826812446117401,0,False,,,,
1766730042.638342,0.4624324856221443,0.36805373299838107,0.9826812446117401,0,False,,,,
1766730042.644672,0.4632664739178769,0.36843203965757065,0.9826812446117401,0,False,,,,
1766730042.6472719,0.46247662046655186,0.3694265053531345,0.9806506037712097,0,False,,,,
1766730042.651277,0.46247662046655186,0.3694265053531345,0.9806506037712097,0,False,,,,
1766730042.6567192,0.46881902323094904,0.3698246125549085,0.9931154251098633,0,False,,,,
1766730042.823159,0.46881902323094904,0.3698246125549085,0.9931154251098633,0,False,,,,
1766730042.8288362,0.46881902323094904,0.3698246125549085,0.9931154251098633,0,False,,,,
1766730042.8314939,0.46881902323094904,0.3698246125549085,0.9931154251098633,0,False,,,,
1766730042.8337631,0.46881902323094904,0.3698246125549085,0.9931154251098633,0,False,,,,
1766730042.835882,0.4775515886019056,0.3721315646476435,1.0,0,False,,,,
1766730043.098037,0.4775515886019056,0.3721315646476435,1.0,0,False,,,,
1766730043.1032262,0.4775515886019056,0.3721315646476435,1.0,0,False,,,,
1766730043.10581,0.4775515886019056,0.3721315646476435,1.0,0,False,,,,
1766730043.108314,0.4775515886019056,0.3721315646476435,1.0,0,False,,,,
1766730043.1105962,0.47229920624512356,0.36866956807445017,1.0,0,False,,,,
1766730043.318954,0.4731563900204021,0.3698582440759607,1.0,0,False,,,,
1766730043.32439,0.4731563900204021,0.3698582440759607,1.0,0,False,,,,
1766730043.3300009,0.4731563900204021,0.3698582440759607,1.0,0,False,,,,
1766730043.33301,0.4731563900204021,0.3698582440759607,1.0,0,False,,,,
1766730043.3351092,0.46011138483490777,0.36370197807802074,0.9913690388202667,0,False,,,,
1766730044.4107,0.46011138483490777,0.36370197807802074,0.9913690388202667,0,False,,,,
1766730044.4156659,0.46011138483490777,0.36370197807802074,0.9913690388202667,0,False,,,,
1766730044.419696,0.46011138483490777,0.36370197807802074,0.9913690388202667,0,False,,,,
1766730044.4220538,0.46313955556493697,0.36477247148489456,1.0,0,False,,,,
1766730044.424621,0.4704211074865068,0.368446310771148,0.9876415431499481,0,False,,,,
1766730044.600832,0.4704211074865068,0.368446310771148,0.9876415431499481,0,False,,,,
1766730044.605482,0.4704211074865068,0.368446310771148,0.9876415431499481,0,False,,,,
1766730044.60813,0.4704211074865068,0.368446310771148,0.9876415431499481,0,False,,,,
1766730044.6105359,0.4704211074865068,0.368446310771148,0.9876415431499481,0,False,,,,
1766730044.612926,0.40972949473215864,0.3552778798801792,1.0,0,False,,,,
1766730044.786397,0.40972949473215864,0.3552778798801792,1.0,0,False,,,,
1766730044.792214,0.30876260806207806,0.3641801388053274,1.0,0,False,,,,
1766730044.795396,0.30876260806207806,0.3641801388053274,1.0,0,False,,,,
1766730044.80051,0.30876260806207806,0.3641801388053274,1.0,0,False,,,,
1766730044.804846,0.41992877183506233,0.35961902717641003,1.0,0,False,,,,
1766730045.008724,0.41992877183506233,0.35961902717641003,1.0,0,False,,,,
1766730045.0134132,0.41992877183506233,0.35961902717641003,1.0,0,False,,,,
1766730045.0161579,0.41992877183506233,0.35961902717641003,1.0,0,False,,,,
1766730045.0186088,0.41992877183506233,0.35961902717641003,1.0,0,False,,,,
1766730045.020968,0.4338242267102853,0.3630474804664442,1.0,0,False,,,,
1766730045.196716,0.4398495739126346,0.36595579087630736,1.0,0,False,,,,
1766730045.201779,0.4398495739126346,0.36595579087630736,1.0,0,False,,,,
1766730045.2071118,0.4398495739126346,0.36595579087630736,1.0,0,False,,,,
1766730045.209965,0.4398495739126346,0.36595579087630736,1.0,0,False,,,,
1766730045.2125142,0.38710779291255715,0.353624731531864,1.0,0,False,,,,
1766730045.4000828,0.4136653869195378,0.3584864613919274,0.9982621073722839,0,False,,,,
1766730045.4055731,0.4136653869195378,0.3584864613919274,0.9982621073722839,0,False,,,,
1766730045.410063,0.4136653869195378,0.3584864613919274,0.9982621073722839,0,False,,,,
1766730045.412545,0.4136653869195378,0.3584864613919274,0.9982621073722839,0,False,,,,
1766730045.414824,0.412006153260719,0.357605294343064,1.0,0,False,,,,
1766730045.584306,0.412006153260719,0.357605294343064,1.0,0,False,,,,
1766730045.5886562,0.412006153260719,0.357605294343064,1.0,0,False,,,,
1766730045.591136,0.412006153260719,0.357605294343064,1.0,0,False,,,,
1766730045.5941188,0.41463566665825136,0.3586746148575708,1.0,0,False,,,,
1766730045.596566,0.38909115362126834,0.3547746674008362,1.0,0,False,,,,
1766730045.774035,0.38909115362126834,0.3547746674008362,1.0,0,False,,,,
1766730045.778313,0.38909115362126834,0.3547746674008362,1.0,0,False,,,,
1766730045.780638,0.38909115362126834,0.3547746674008362,1.0,0,False,,,,
1766730045.784831,0.38909115362126834,0.3547746674008362,1.0,0,False,,,,
1766730045.7871108,0.4273663314143382,0.3612793673209642,1.0,0,False,,,,
1766730045.977087,0.4273663314143382,0.3612793673209642,1.0,0,False,,,,
1766730045.981728,0.4273663314143382,0.3612793673209642,1.0,0,False,,,,
1766730045.984393,0.4273663314143382,0.3612793673209642,1.0,0,False,,,,
1766730045.98658,0.4273663314143382,0.3612793673209642,1.0,0,False,,,,
1766730045.988707,0.42839478175143714,0.3609461160543652,0.9904828667640686,0,False,,,,
1766730046.190091,0.42839478175143714,0.3609461160543652,0.9904828667640686,0,False,,,,
1766730046.19432,0.42839478175143714,0.3609461160543652,0.9904828667640686,0,False,,,,
1766730046.197013,0.42280639211051,0.3594811480082517,1.0,0,False,,,,
1766730046.199359,0.40647455609052996,0.3568426464698796,0.9979490637779236,0,False,,,,
1766730046.20268,0.3742945765105099,0.34645588882470335,1.0,0,False,,,,
1766730052.0909839,0.3742945765105099,0.34645588882470335,1.0,0,False,,,,
1766730052.096986,0.41428187224175367,0.3580313426068765,1.0,0,False,,,,
1766730052.099939,0.4091333555283276,0.3556018869389719,1.0,0,False,,,,
1766730052.103549,0.4091333555283276,0.3556018869389719,1.0,0,False,,,,
1766730052.109351,0.392586913000715,0.34993677100983434,1.0,0,False,,,,
1766730052.282809,0.392586913000715,0.34993677100983434,1.0,0,False,,,,
1766730052.288386,0.392586913000715,0.34993677100983434,1.0,0,False,,,,
1766730052.290942,0.392586913000715,0.34993677100983434,1.0,0,False,,,,
1766730052.293136,0.392586913000715,0.34993677100983434,1.0,0,False,,,,
1766730052.295655,0.4131400597453217,0.35757348491793584,1.0,0,False,,,,
1766730052.457223,0.4131400597453217,0.35757348491793584,1.0,0,False,,,,
1766730052.462819,0.4131400597453217,0.35757348491793584,1.0,0,False,,,,
1766730052.46728,0.4124288453436784,0.3571158091552722,1.0,0,False,,,,
1766730052.4708962,0.4124288453436784,0.3571158091552722,1.0,0,False,,,,
1766730052.474057,0.3988235662354275,0.35261278367634297,1.0,1,False,,,,
1766730052.71053,0.3988235662354275,0.35261278367634297,1.0,1,False,,,,
1766730052.716349,0.3988235662354275,0.35261278367634297,1.0,1,False,,,,
1766730052.7188532,0.3988235662354275,0.35261278367634297,1.0,1,False,,,,
1766730052.721206,0.3988235662354275,0.35261278367634297,1.0,1,False,,,,
1766730052.7236779,0.43402266196286393,0.35986196428313666,1.0,0,False,,,,
1766730052.932317,0.4378356399622782,0.36100291899055725,1.0,0,False,,,,
1766730052.938229,0.4405837973836569,0.36281497907136673,1.0,0,False,,,,
1766730052.941781,0.4405837973836569,0.36281497907136673,1.0,0,False,,,,
1766730052.947872,0.4405837973836569,0.36281497907136673,1.0,0,False,,,,
1766730052.952116,0.5490070922236288,0.8274020745427151,0.42717672357239733,1,False,,,,
1766730053.175947,0.28714067710387237,0.49758639681234407,0.8758505818139014,1,False,,,,
1766730053.183429,0.28714067710387237,0.49758639681234407,0.8758505818139014,1,False,,,,
1766730053.188371,0.28714067710387237,0.49758639681234407,0.8758505818139014,1,False,,,,
1766730053.191106,0.28714067710387237,0.49758639681234407,0.8758505818139014,1,False,,,,
1766730053.194464,0.5248852330420982,0.5763065400776164,1.0,1,False,,,,
1766730053.522635,0.5248852330420982,0.5763065400776164,1.0,1,False,,,,
1766730053.530838,0.5248852330420982,0.5763065400776164,1.0,1,False,,,,
1766730053.5333781,0.5248852330420982,0.5763065400776164,1.0,1,False,,,,
1766730053.53584,0.5248852330420982,0.5763065400776164,1.0,1,False,,,,
1766730053.538762,0.5439910573397866,0.5678508126391885,1.0,2,True,0.5095166563987732,0.5601699948310852,0.07306595146656036,0.1454778015613556
1766730054.140949,0.5450886483697303,0.5670750297394161,1.0,2,True,0.5095166563987732,0.5601699948310852,0.07306595146656036,0.1454778015613556
1766730054.1468081,0.5478073481465366,0.5615835248973553,1.0,2,True,0.5095166563987732,0.5601699948310852,0.07306595146656036,0.1454778015613556
1766730054.1501892,0.5478073481465366,0.5615835248973553,1.0,2,True,0.5095166563987732,0.5601699948310852,0.07306595146656036,0.1454778015613556
1766730054.1574569,0.5478073481465366,0.5615835248973553,1.0,2,True,0.5095166563987732,0.5601699948310852,0.07306595146656036,0.1454778015613556
1766730054.1606772,0.5501347955395455,0.5602686409792601,1.0,2,False,,,,
1766730054.5269172,0.5501347955395455,0.5602686409792601,1.0,2,False,,,,
1766730054.5331042,0.5501347955395455,0.5602686409792601,1.0,2,False,,,,
1766730054.536073,0.5501347955395455,0.5602686409792601,1.0,2,False,,,,
1766730054.5388129,0.5501347955395455,0.5602686409792601,1.0,2,False,,,,
1766730054.5415082,0.5534854085541018,0.5836383029853935,1.0,1,False,,,,
1766730054.78922,0.5534854085541018,0.5836383029853935,1.0,1,False,,,,
1766730054.7955048,0.5534854085541018,0.5836383029853935,1.0,1,False,,,,
1766730054.7984982,0.5534854085541018,0.5836383029853935,1.0,1,False,,,,
1766730054.804075,0.5534854085541018,0.5836383029853935,1.0,1,False,,,,
1766730054.806626,0.5668063520137662,0.5714103477024195,1.0,2,False,,,,
1766730055.161869,0.5668063520137662,0.5714103477024195,1.0,2,False,,,,
1766730055.167773,0.5668063520137662,0.5714103477024195,1.0,2,False,,,,
1766730055.1708748,0.5668063520137662,0.5714103477024195,1.0,2,False,,,,
1766730055.173447,0.5668063520137662,0.5714103477024195,1.0,2,False,,,,
1766730055.1759691,0.5647197297743307,0.5914527319045461,1.0,1,False,,,,
1766730055.437175,0.5647197297743307,0.5914527319045461,1.0,1,False,,,,
1766730055.443253,0.5647197297743307,0.5914527319045461,1.0,1,False,,,,
1766730055.44674,0.5641434240226264,0.5943770889163713,1.0,1,False,,,,
1766730055.449641,0.564592568364266,0.5947255325399157,1.0,1,False,,,,
1766730055.4529338,0.5695710090989569,0.6042690350779913,1.0,2,False,,,,
1766730055.80797,0.5695710090989569,0.6042690350779913,1.0,2,False,,,,
1766730055.814369,0.5695710090989569,0.6042690350779913,1.0,2,False,,,,
1766730055.817492,0.5702374766710988,0.6048481052835841,1.0,2,False,,,,
1766730055.820833,0.5704360284192649,0.603969603731585,1.0,2,False,,,,
1766730055.824298,0.5105819517457272,0.6039603456621284,1.0,1,True,0.45038920640945435,0.5417323708534241,0.07779493182897568,0.14640876650810242
1766730056.0923562,0.5105819517457272,0.6039603456621284,1.0,1,True,0.45038920640945435,0.5417323708534241,0.07779493182897568,0.14640876650810242
1766730056.0997,0.5105819517457272,0.6039603456621284,1.0,1,True,0.45038920640945435,0.5417323708534241,0.07779493182897568,0.14640876650810242
1766730056.105897,0.5105819517457272,0.6039603456621284,1.0,1,True,0.45038920640945435,0.5417323708534241,0.07779493182897568,0.14640876650810242
1766730056.108777,0.5105819517457272,0.6039603456621284,1.0,1,True,0.45038920640945435,0.5417323708534241,0.07779493182897568,0.14640876650810242
1766730056.111336,0.5645298689803221,0.5805569394057852,1.0,2,False,,,,
1766730056.425557,0.5645298689803221,0.5805569394057852,1.0,2,False,,,,
1766730056.432933,0.5645298689803221,0.5805569394057852,1.0,2,False,,,,
1766730056.438196,0.5645298689803221,0.5805569394057852,1.0,2,False,,,,
1766730056.4408672,0.5645298689803221,0.5805569394057852,1.0,2,False,,,,
1766730056.443834,0.5681269432997851,0.5961923965664349,1.0,2,False,,,,
1766730056.8018408,0.5681269432997851,0.5961923965664349,1.0,2,False,,,,
1766730056.8079748,0.5681269432997851,0.5961923965664349,1.0,2,False,,,,
1766730056.810679,0.5681269432997851,0.5961923965664349,1.0,2,False,,,,
1766730056.813045,0.5681269432997851,0.5961923965664349,1.0,2,False,,,,
1766730056.8156989,0.5709039248818503,0.5513270854875436,1.0,1,False,,,,
1766730057.2155678,0.5709039248818503,0.5513270854875436,1.0,1,False,,,,
1766730057.221924,0.5717212229007861,0.5580057212318428,1.0,1,False,,,,
1766730057.225365,0.5742687031263305,0.568694936278857,1.0,1,False,,,,
1766730057.228492,0.5742687031263305,0.568694936278857,1.0,1,False,,,,
1766730057.234313,0.5748374138523136,0.571604184910187,1.0,2,False,,,,
1766730057.5672908,0.5748374138523136,0.571604184910187,1.0,2,False,,,,
1766730057.5732548,0.5748374138523136,0.571604184910187,1.0,2,False,,,,
1766730057.5762858,0.5748374138523136,0.571604184910187,1.0,2,False,,,,
1766730057.578932,0.5748374138523136,0.571604184910187,1.0,2,False,,,,
1766730057.582308,0.5719620748152574,0.5331006856565359,1.0,1,False,,,,
1766730057.866784,0.5717817711002574,0.5321081157685597,1.0,1,False,,,,
1766730057.874103,0.5717817711002574,0.5321081157685597,1.0,1,False,,,,
1766730057.8799832,0.5717817711002574,0.5321081157685597,1.0,1,False,,,,
1766730057.882706,0.5717817711002574,0.5321081157685597,1.0,1,False,,,,
1766730057.885157,0.574359769955995,0.5457636114069422,1.0,2,False,,,,
1766730058.2352362,0.5733373577281851,0.5400029085364229,1.0,2,False,,,,
1766730058.240719,0.5733373577281851,0.5400029085364229,1.0,2,False,,,,
1766730058.246897,0.5733373577281851,0.5400029085364229,1.0,2,False,,,,
1766730058.249994,0.5733373577281851,0.5400029085364229,1.0,2,False,,,,
1766730058.253102,0.5713488737498195,0.5464569256056616,1.0,2,False,,,,
1766730058.538059,0.5713488737498195,0.5464569256056616,1.0,2,False,,,,
1766730058.544445,0.5713488737498195,0.5464569256056616,1.0,2,False,,,,
1766730058.547307,0.5713488737498195,0.5464569256056616,1.0,2,False,,,,
1766730058.55008,0.5713488737498195,0.5464569256056616,1.0,2,False,,,,
1766730058.552756,0.5676992708076212,0.5235876923637607,1.0,2,False,,,,
1766730058.951604,0.5676992708076212,0.5235876923637607,1.0,2,False,,,,
1766730058.957406,0.5676992708076212,0.5235876923637607,1.0,2,False,,,,
1766730058.960476,0.5676992708076212,0.5235876923637607,1.0,2,False,,,,
1766730058.966251,0.5699772424471162,0.5286590159074104,1.0,2,False,,,,
1766730058.969224,0.5691940472241834,0.5301869904070101,1.0,2,False,,,,
1766730059.363153,0.5691940472241834,0.5301869904070101,1.0,2,False,,,,
1766730059.369971,0.5696765128178805,0.5326911235653261,1.0,2,False,,,,
1766730059.3735812,0.5688111394736961,0.5331566128536385,1.0,2,False,,,,
1766730059.3763142,0.5688111394736961,0.5331566128536385,1.0,2,False,,,,
1766730059.3827531,0.5706531733987804,0.5295523384605852,1.0,1,False,,,,
1766730059.6805491,0.5706531733987804,0.5295523384605852,1.0,1,False,,,,
1766730059.686371,0.5706531733987804,0.5295523384605852,1.0,1,False,,,,
1766730059.689378,0.5706531733987804,0.5295523384605852,1.0,1,False,,,,
1766730059.691798,0.5706531733987804,0.5295523384605852,1.0,1,False,,,,
1766730059.6945522,0.5676908835489362,0.5158256600154891,1.0,1,False,,,,
1766730060.286538,0.5676908835489362,0.5158256600154891,1.0,1,False,,,,
1766730060.2927759,0.5676908835489362,0.5158256600154891,1.0,1,False,,,,
1766730060.2955148,0.5676908835489362,0.5158256600154891,1.0,1,False,,,,
1766730060.298128,0.5676908835489362,0.5158256600154891,1.0,1,False,,,,
1766730060.300906,0.5767982128226393,0.5568722980642695,1.0,2,False,,,,
1766730060.700782,0.5767982128226393,0.5568722980642695,1.0,2,False,,,,
1766730060.7070332,0.5767982128226393,0.5568722980642695,1.0,2,False,,,,
1766730060.7108638,0.5746444012085868,0.5527937024238974,1.0,2,False,,,,
1766730060.714369,0.5746444012085868,0.5527937024238974,1.0,2,False,,,,
1766730060.718166,0.5759440795463773,0.5577874528256549,1.0,2,False,,,,
1766730061.10569,0.5759440795463773,0.5577874528256549,1.0,2,False,,,,
1766730061.1119208,0.5762498256500262,0.5499173846396312,1.0,2,False,,,,
1766730061.117384,0.5762498256500262,0.5499173846396312,1.0,2,False,,,,
1766730061.1240451,0.5762498256500262,0.5499173846396312,1.0,2,False,,,,
1766730061.1273239,0.5718483466887738,0.543893574514023,1.0,2,False,,,,
1766730061.512735,0.5660382295658931,0.5213962693707185,1.0,2,False,,,,
1766730061.519845,0.5416121821214918,0.4678876955189838,1.0,2,False,,,,
1766730061.5238411,0.5416121821214918,0.4678876955189838,1.0,2,False,,,,
1766730061.530089,0.5416121821214918,0.4678876955189838,1.0,2,False,,,,
1766730061.532819,0.5689045426167537,0.5625400574689118,1.0,3,False,,,,
1766730062.027841,0.5689045426167537,0.5625400574689118,1.0,3,False,,,,
1766730062.034954,0.5689045426167537,0.5625400574689118,1.0,3,False,,,,
1766730062.0378351,0.5689045426167537,0.5625400574689118,1.0,3,False,,,,
1766730062.040257,0.5689045426167537,0.5625400574689118,1.0,3,False,,,,
1766730062.045362,0.5451939822940098,0.7073231277483089,1.0,2,False,,,,
1766730062.432437,0.5451939822940098,0.7073231277483089,1.0,2,False,,,,
1766730062.4385338,0.5451939822940098,0.7073231277483089,1.0,2,False,,,,
1766730062.4414709,0.5451939822940098,0.7073231277483089,1.0,2,False,,,,
1766730062.443905,0.5451939822940098,0.7073231277483089,1.0,2,False,,,,
1766730062.446547,0.5700761457147124,0.5683019940120241,0.9832713901996613,3,False,,,,
1766730062.7943628,0.5700761457147124,0.5683019940120241,0.9832713901996613,3,False,,,,
1766730062.800607,0.5700761457147124,0.5683019940120241,0.9832713901996613,3,False,,,,
1766730062.80362,0.5700761457147124,0.5683019940120241,0.9832713901996613,3,False,,,,
1766730062.806157,0.5700761457147124,0.5683019940120241,0.9832713901996613,3,False,,,,
1766730062.808628,0.5649026121578713,0.5594221164385161,0.9617055654525757,2,False,,,,
1766730063.256567,0.5723334540177574,0.6092125124075722,0.9493921101093292,2,False,,,,
1766730063.262028,0.5723334540177574,0.6092125124075722,0.9493921101093292,2,False,,,,
1766730063.2689228,0.5723334540177574,0.6092125124075722,0.9493921101093292,2,False,,,,
1766730063.271925,0.5723334540177574,0.6092125124075722,0.9493921101093292,2,False,,,,
1766730063.274615,0.5918213763067434,0.5879570212187076,0.19036275569387542,2,False,,,,
1766730063.6229918,0.5918213763067434,0.5879570212187076,0.19036275569387542,2,False,,,,
1766730063.630956,0.534908425213466,0.5658895280583002,0.22876565201496823,2,False,,,,
1766730063.637407,0.534908425213466,0.5658895280583002,0.22876565201496823,2,False,,,,
1766730063.640477,0.534908425213466,0.5658895280583002,0.22876565201496823,2,False,,,,
1766730063.6432629,0.45268149727854656,0.3711527699632319,0.9182051122188568,2,False,,,,
1766730064.0696142,0.45268149727854656,0.3711527699632319,0.9182051122188568,2,False,,,,
1766730064.076576,0.45268149727854656,0.3711527699632319,0.9182051122188568,2,False,,,,
1766730064.079129,0.45268149727854656,0.3711527699632319,0.9182051122188568,2,False,,,,
1766730064.083735,0.45268149727854656,0.3711527699632319,0.9182051122188568,2,False,,,,
1766730064.0865479,0.48088302582276266,0.3774448839978557,0.9710165560245514,2,False,,,,
1766730064.481607,0.48088302582276266,0.3774448839978557,0.9710165560245514,2,False,,,,
1766730064.488638,0.48088302582276266,0.3774448839978557,0.9710165560245514,2,False,,,,
1766730064.491223,0.48088302582276266,0.3774448839978557,0.9710165560245514,2,False,,,,
1766730064.4939039,0.4820215215783171,0.3765492145506666,0.9938665330410004,2,False,,,,
1766730064.497907,0.4375291828887312,0.3666283972217863,1.0,2,False,,,,
1766730064.82453,0.4375291828887312,0.3666283972217863,1.0,2,False,,,,
1766730064.82954,0.4327717104723285,0.36613157642004823,1.0,2,False,,,,
1766730064.8339012,0.43381574011982665,0.36606131209505044,1.0,2,False,,,,
1766730064.837645,0.43381574011982665,0.36606131209505044,1.0,2,False,,,,
1766730064.8436038,0.5180987859572197,0.46484363878729007,1.0,1,False,,,,
1766730065.166663,0.5305733083050632,0.4937517329586829,1.0,1,False,,,,
1766730065.17521,0.5305733083050632,0.4937517329586829,1.0,1,False,,,,
1766730065.180623,0.5305733083050632,0.4937517329586829,1.0,1,False,,,,
1766730065.183616,0.5305733083050632,0.4937517329586829,1.0,1,False,,,,
1766730065.186125,0.5443549621539323,0.5032998925521851,1.0,2,True,0.47372525930404663,0.3904849886894226,0.06842079013586044,0.14422594010829926
1766730065.5391302,0.5472780814599778,0.5128739123673303,1.0,2,True,0.47372525930404663,0.3904849886894226,0.06842079013586044,0.14422594010829926
1766730065.548278,0.5472780814599778,0.5128739123673303,1.0,2,True,0.47372525930404663,0.3904849886894226,0.06842079013586044,0.14422594010829926
1766730065.553887,0.5472780814599778,0.5128739123673303,1.0,2,True,0.47372525930404663,0.3904849886894226,0.06842079013586044,0.14422594010829926
1766730065.556701,0.5472780814599778,0.5128739123673303,1.0,2,True,0.47372525930404663,0.3904849886894226,0.06842079013586044,0.14422594010829926
1766730065.559199,0.5757900745298455,0.5426787068962808,1.0,2,False,,,,
1766730065.9127638,0.5757900745298455,0.5426787068962808,1.0,2,False,,,,
1766730065.919116,0.5757900745298455,0.5426787068962808,1.0,2,False,,,,
1766730065.924457,0.5757900745298455,0.5426787068962808,1.0,2,False,,,,
1766730065.926813,0.5757900745298455,0.5426787068962808,1.0,2,False,,,,
1766730065.9295518,0.3768532311192288,0.3688426921885942,1.0,2,False,,,,
1766730066.323033,0.3768532311192288,0.3688426921885942,1.0,2,False,,,,
1766730066.330536,0.3768532311192288,0.3688426921885942,1.0,2,False,,,,
1766730066.333128,0.3768532311192288,0.3688426921885942,1.0,2,False,,,,
1766730066.335674,0.3768532311192288,0.3688426921885942,1.0,2,False,,,,
1766730066.338026,0.42596199398615153,0.36358760212416463,0.9973826110363007,2,False,,,,
1766730066.691937,0.42596199398615153,0.36358760212416463,0.9973826110363007,2,False,,,,
1766730066.698411,0.42596199398615153,0.36358760212416463,0.9973826110363007,2,False,,,,
1766730066.701225,0.42596199398615153,0.36358760212416463,0.9973826110363007,2,False,,,,
1766730066.703536,0.42596199398615153,0.36358760212416463,0.9973826110363007,2,False,,,,
1766730066.709456,0.41217646852494694,0.3644655676681303,0.9748128354549408,2,False,,,,
1766730067.041756,0.4148544539956597,0.3641761304897404,0.9807240068912506,2,False,,,,
1766730067.047599,0.4229672072347167,0.36342163167672825,1.0,2,False,,,,
1766730067.053878,0.4229672072347167,0.36342163167672825,1.0,2,False,,,,
1766730067.05665,0.4229672072347167,0.36342163167672825,1.0,2,False,,,,
1766730067.059048,0.4018758513735056,0.3656732225163004,0.9809533059597015,2,False,,,,
1766730067.4549801,0.40103820744036545,0.3657622567494918,0.9809533059597015,2,False,,,,
1766730067.4603572,0.40103820744036545,0.3657622567494918,0.9809533059597015,2,False,,,,
1766730067.463077,0.40103820744036545,0.3657622567494918,0.9809533059597015,2,False,,,,
1766730067.465466,0.40103820744036545,0.3657622567494918,0.9809533059597015,2,False,,,,
1766730067.467874,0.40534614440991357,0.3679383298213186,1.0,2,False,,,,
1766730067.757379,0.40534614440991357,0.3679383298213186,1.0,2,False,,,,
1766730067.7618759,0.40534614440991357,0.3679383298213186,1.0,2,False,,,,
1766730067.764472,0.40534614440991357,0.3679383298213186,1.0,2,False,,,,
1766730067.766585,0.40534614440991357,0.3679383298213186,1.0,2,False,,,,
1766730067.768807,0.37797989926583836,0.37039475505115316,1.0,2,False,,,,
1766730068.3717818,0.37797989926583836,0.37039475505115316,1.0,2,False,,,,
1766730068.377266,0.37797989926583836,0.37039475505115316,1.0,2,False,,,,
1766730068.38023,0.37665135598073396,0.3705044056170692,0.9961448311805725,2,False,,,,
1766730068.382997,0.36509228164105123,0.3724255069754844,1.0,2,False,,,,
1766730068.385777,0.378681239582916,0.370295111825399,1.0,2,False,,,,
1766730068.722323,0.39822498505502046,0.3662477546406684,1.0,2,False,,,,
1766730068.7286038,0.39822498505502046,0.3662477546406684,1.0,2,False,,,,
1766730068.7338471,0.39822498505502046,0.3662477546406684,1.0,2,False,,,,
1766730068.738394,0.39822498505502046,0.3662477546406684,1.0,2,False,,,,
1766730068.740778,0.33901325718394004,0.3703717975324262,1.0,2,False,,,,
1766730069.196279,0.33901325718394004,0.3703717975324262,1.0,2,False,,,,
1766730069.201816,0.33901325718394004,0.3703717975324262,1.0,2,False,,,,
1766730069.204469,0.33901325718394004,0.3703717975324262,1.0,2,False,,,,
1766730069.206768,0.33901325718394004,0.3703717975324262,1.0,2,False,,,,
1766730069.209624,0.48622785195049706,0.456828701992849,1.0,2,False,,,,
1766730069.551574,0.48622785195049706,0.456828701992849,1.0,2,False,,,,
1766730069.559065,0.5073283597479681,0.4818772284605285,1.0,2,False,,,,
1766730069.563004,0.5073283597479681,0.4818772284605285,1.0,2,False,,,,
1766730069.568675,0.5073283597479681,0.4818772284605285,1.0,2,False,,,,
1766730069.571836,0.545163203142728,0.5386053029338181,1.0,2,True,0.5050210356712341,0.40618225932121277,0.06774167716503143,0.13785502314567566
1766730069.918059,0.545163203142728,0.5386053029338181,1.0,2,True,0.5050210356712341,0.40618225932121277,0.06774167716503143,0.13785502314567566
1766730069.926235,0.5428490076172657,0.5280156979904737,1.0,2,True,0.5050210356712341,0.40618225932121277,0.06774167716503143,0.13785502314567566
1766730069.9294379,0.5411607845819709,0.5241197814651374,1.0,2,True,0.5050210356712341,0.40618225932121277,0.06774167716503143,0.13785502314567566
1766730069.932106,0.5411607845819709,0.5241197814651374,1.0,2,True,0.5050210356712341,0.40618225932121277,0.06774167716503143,0.13785502314567566
1766730069.938813,0.5398806827573626,0.5083012177084739,1.0,2,True,0.4798593521118164,0.45963841676712036,0.06965198367834091,0.14819051325321198
1766730070.319224,0.5398806827573626,0.5083012177084739,1.0,2,True,0.4798593521118164,0.45963841676712036,0.06965198367834091,0.14819051325321198
1766730070.325459,0.5400294536831327,0.5091057132806003,1.0,2,True,0.4798593521118164,0.45963841676712036,0.06965198367834091,0.14819051325321198
1766730070.3285189,0.53940278485491,0.508236430010172,1.0,2,True,0.4798593521118164,0.45963841676712036,0.06965198367834091,0.14819051325321198
1766730070.331691,0.53940278485491,0.508236430010172,1.0,2,True,0.4798593521118164,0.45963841676712036,0.06965198367834091,0.14819051325321198
1766730070.3385658,0.5500625770978106,0.5224661002263408,1.0,2,True,0.48646092414855957,0.4723890423774719,0.06966952979564667,0.14366421103477478
1766730070.637716,0.5500625770978106,0.5224661002263408,1.0,2,True,0.48646092414855957,0.4723890423774719,0.06966952979564667,0.14366421103477478
1766730070.6436129,0.5500625770978106,0.5224661002263408,1.0,2,True,0.48646092414855957,0.4723890423774719,0.06966952979564667,0.14366421103477478
1766730070.649188,0.5500625770978106,0.5224661002263408,1.0,2,True,0.48646092414855957,0.4723890423774719,0.06966952979564667,0.14366421103477478
1766730070.651808,0.5500625770978106,0.5224661002263408,1.0,2,True,0.48646092414855957,0.4723890423774719,0.06966952979564667,0.14366421103477478
1766730070.6544352,0.5603481398409542,0.5280538222692589,1.0,2,True,0.48512110114097595,0.47291165590286255,0.069427490234375,0.1440424621105194
1766730071.038155,0.5603481398409542,0.5280538222692589,1.0,2,True,0.48512110114097595,0.47291165590286255,0.069427490234375,0.1440424621105194
1766730071.045027,0.5603481398409542,0.5280538222692589,1.0,2,True,0.48512110114097595,0.47291165590286255,0.069427490234375,0.1440424621105194
1766730071.0485601,0.5603481398409542,0.5280538222692589,1.0,2,True,0.48512110114097595,0.47291165590286255,0.069427490234375,0.1440424621105194
1766730071.051008,0.5603481398409542,0.5280538222692589,1.0,2,True,0.48512110114097595,0.47291165590286255,0.069427490234375,0.1440424621105194
1766730071.053688,0.5639969813623724,0.54635249885338,1.0,2,False,,,,
1766730071.413661,0.5639969813623724,0.54635249885338,1.0,2,False,,,,
1766730071.419393,0.5639969813623724,0.54635249885338,1.0,2,False,,,,
1766730071.422274,0.5639969813623724,0.54635249885338,1.0,2,False,,,,
1766730071.424899,0.5639969813623724,0.54635249885338,1.0,2,False,,,,
1766730071.430887,0.5561322308355359,0.536930619701331,1.0,2,True,0.48188790678977966,0.4462156593799591,0.07108774036169052,0.1530592143535614
1766730071.715373,0.5561322308355359,0.536930619701331,1.0,2,True,0.48188790678977966,0.4462156593799591,0.07108774036169052,0.1530592143535614
1766730071.721668,0.5561322308355359,0.536930619701331,1.0,2,True,0.48188790678977966,0.4462156593799591,0.07108774036169052,0.1530592143535614
1766730071.724515,0.5561322308355359,0.536930619701331,1.0,2,True,0.48188790678977966,0.4462156593799591,0.07108774036169052,0.1530592143535614
1766730071.727201,0.5561322308355359,0.536930619701331,1.0,2,True,0.48188790678977966,0.4462156593799591,0.07108774036169052,0.1530592143535614
1766730071.730208,0.5570665845851911,0.5262140047187539,1.0,2,True,0.48207226395606995,0.4302659034729004,0.07002019882202148,0.15001119673252106
1766730072.162008,0.5570665845851911,0.5262140047187539,1.0,2,True,0.48207226395606995,0.4302659034729004,0.07002019882202148,0.15001119673252106
1766730072.168112,0.5564856128754457,0.5259243593866363,1.0,2,True,0.48207226395606995,0.4302659034729004,0.07002019882202148,0.15001119673252106
1766730072.171416,0.5582434067655728,0.5489732270936595,1.0,2,True,0.48207226395606995,0.4302659034729004,0.07002019882202148,0.15001119673252106
1766730072.175311,0.5582434067655728,0.5489732270936595,1.0,2,True,0.48207226395606995,0.4302659034729004,0.07002019882202148,0.15001119673252106
1766730072.179637,0.5634516661683431,0.5439364434372398,1.0,2,False,,,,
1766730072.552494,0.5634516661683431,0.5439364434372398,1.0,2,False,,,,
1766730072.557633,0.5634516661683431,0.5439364434372398,1.0,2,False,,,,
1766730072.560197,0.5634516661683431,0.5439364434372398,1.0,2,False,,,,
1766730072.562736,0.5634516661683431,0.5439364434372398,1.0,2,False,,,,
1766730072.565205,0.5639748440170178,0.5531389599630989,1.0,2,False,,,,
1766730072.847116,0.5639748440170178,0.5531389599630989,1.0,2,False,,,,
1766730072.853704,0.5639748440170178,0.5531389599630989,1.0,2,False,,,,
1766730072.856927,0.5639748440170178,0.5531389599630989,1.0,2,False,,,,
1766730072.859515,0.5639748440170178,0.5531389599630989,1.0,2,False,,,,
1766730072.8620741,0.532161702036756,0.46858189740949996,1.0,2,True,0.4823220372200012,0.43006354570388794,0.06908588111400604,0.14036153256893158
1766730073.290242,0.532161702036756,0.46858189740949996,1.0,2,True,0.4823220372200012,0.43006354570388794,0.06908588111400604,0.14036153256893158
1766730073.296011,0.532161702036756,0.46858189740949996,1.0,2,True,0.4823220372200012,0.43006354570388794,0.06908588111400604,0.14036153256893158
1766730073.2990131,0.532161702036756,0.46858189740949996,1.0,2,True,0.4823220372200012,0.43006354570388794,0.06908588111400604,0.14036153256893158
1766730073.30442,0.532161702036756,0.46858189740949996,1.0,2,True,0.4823220372200012,0.43006354570388794,0.06908588111400604,0.14036153256893158
1766730073.3073359,0.5494597903396922,0.5346845462558264,1.0,2,True,0.48077255487442017,0.431206077337265,0.06967592239379883,0.14566616714000702
1766730073.6495192,0.5494597903396922,0.5346845462558264,1.0,2,True,0.48077255487442017,0.431206077337265,0.06967592239379883,0.14566616714000702
1766730073.656366,0.5494597903396922,0.5346845462558264,1.0,2,True,0.48077255487442017,0.431206077337265,0.06967592239379883,0.14566616714000702
1766730073.659572,0.5494597903396922,0.5346845462558264,1.0,2,True,0.48077255487442017,0.431206077337265,0.06967592239379883,0.14566616714000702
1766730073.662057,0.5494597903396922,0.5346845462558264,1.0,2,True,0.48077255487442017,0.431206077337265,0.06967592239379883,0.14566616714000702
1766730073.664809,0.5566105091882473,0.46113764712386995,1.0,2,False,,,,
1766730074.107218,0.5566105091882473,0.46113764712386995,1.0,2,False,,,,
1766730074.114105,0.5640002055614545,0.6018621038667913,0.995,2,False,,,,
1766730074.117429,0.5640002055614545,0.6018621038667913,0.995,2,False,,,,
1766730074.120642,0.5640002055614545,0.6018621038667913,0.995,2,False,,,,
1766730074.127895,0.5577480487267584,0.5258236022538881,1.0,2,False,,,,
1766730074.5204082,0.5555366774602095,0.523800841096913,0.9992936253547668,2,True,0.479154109954834,0.43933406472206116,0.07132425159215927,0.14424172043800354
1766730074.527654,0.5555366774602095,0.523800841096913,0.9992936253547668,2,True,0.479154109954834,0.43933406472206116,0.07132425159215927,0.14424172043800354
1766730074.530381,0.5555366774602095,0.523800841096913,0.9992936253547668,2,True,0.479154109954834,0.43933406472206116,0.07132425159215927,0.14424172043800354
1766730074.532955,0.5555366774602095,0.523800841096913,0.9992936253547668,2,True,0.479154109954834,0.43933406472206116,0.07132425159215927,0.14424172043800354
1766730074.535936,0.561148318531909,0.545489687123225,1.0,2,True,0.4859357476234436,0.42398741841316223,0.0696253776550293,0.14881786704063416
1766730074.9293928,0.561148318531909,0.545489687123225,1.0,2,True,0.4859357476234436,0.42398741841316223,0.0696253776550293,0.14881786704063416
1766730074.935798,0.561148318531909,0.545489687123225,1.0,2,True,0.4859357476234436,0.42398741841316223,0.0696253776550293,0.14881786704063416
1766730074.938784,0.561148318531909,0.545489687123225,1.0,2,True,0.4859357476234436,0.42398741841316223,0.0696253776550293,0.14881786704063416
1766730074.941438,0.561148318531909,0.545489687123225,1.0,2,True,0.4859357476234436,0.42398741841316223,0.0696253776550293,0.14881786704063416
1766730074.943968,0.4963245559321076,0.6065324994635463,0.2020446219778632,2,False,,,,
1766730075.347601,0.4963245559321076,0.6065324994635463,0.2020446219778632,2,False,,,,
1766730075.354965,0.46169768756396545,0.52975161978265,0.11648808906972252,2,False,,,,
1766730075.3618429,0.46169768756396545,0.52975161978265,0.11648808906972252,2,False,,,,
1766730075.3678458,0.46169768756396545,0.52975161978265,0.11648808906972252,2,False,,,,
1766730075.370406,0.6221900773585712,0.4663689672896636,0.3148403285948277,1,False,,,,
1766730075.63827,0.6221900773585712,0.4663689672896636,0.3148403285948277,1,False,,,,
1766730075.644615,0.6221900773585712,0.4663689672896636,0.3148403285948277,1,False,,,,
1766730075.6473641,0.6221900773585712,0.4663689672896636,0.3148403285948277,1,False,,,,
1766730075.6502972,0.6221900773585712,0.4663689672896636,0.3148403285948277,1,False,,,,
1766730075.6529942,0.626088401139401,0.5041322439654486,0.36246034864157733,2,False,,,,
1766730076.053376,0.626088401139401,0.5041322439654486,0.36246034864157733,2,False,,,,
1766730076.059631,0.6158308234869176,0.5171322709331194,0.3769031044471329,2,False,,,,
1766730076.0632808,0.6158308234869176,0.5171322709331194,0.3769031044471329,2,False,,,,
1766730076.069918,0.6158308234869176,0.5171322709331194,0.3769031044471329,2,False,,,,
1766730076.075,0.5737196616437966,0.3699396029562769,1.0,2,True,0.4997139871120453,0.28012949228286743,0.07016601413488388,0.14132580161094666
1766730076.464277,0.6393837575450825,0.5212254732686828,0.321324387785486,2,False,,,,
1766730076.4706628,0.6393837575450825,0.5212254732686828,0.321324387785486,2,False,,,,
1766730076.4737952,0.6393837575450825,0.5212254732686828,0.321324387785486,2,False,,,,
1766730076.476156,0.6393837575450825,0.5212254732686828,0.321324387785486,2,False,,,,
1766730076.4786718,0.6121249434294308,0.48562475563630114,0.35860223674439295,2,False,,,,
1766730076.785841,0.6121249434294308,0.48562475563630114,0.35860223674439295,2,False,,,,
1766730076.791837,0.6121249434294308,0.48562475563630114,0.35860223674439295,2,False,,,,
1766730076.795059,0.6236557812739636,0.43727783666165276,0.3308727324097687,2,False,,,,
1766730076.7977479,0.6236557812739636,0.43727783666165276,0.3308727324097687,2,False,,,,
1766730076.800829,0.5887705604615012,0.5678175549297012,0.4835380686041807,2,False,,,,
1766730077.287751,0.5887705604615012,0.5678175549297012,0.4835380686041807,2,False,,,,
1766730077.293288,0.5887705604615012,0.5678175549297012,0.4835380686041807,2,False,,,,
1766730077.296043,0.5648708970867278,0.38067575548491894,1.0,2,True,0.5009435415267944,0.3162507712841034,0.0694575309753418,0.13746677339076996
1766730077.299005,0.5647808765680349,0.3822539093131603,1.0,2,True,0.5009435415267944,0.3162507712841034,0.0694575309753418,0.13746677339076996
1766730077.3023071,0.5737950109699202,0.5519208258465006,0.48101574526149804,2,False,,,,
1766730077.591522,0.5737950109699202,0.5519208258465006,0.48101574526149804,2,False,,,,
1766730077.598109,0.5865136997590282,0.37918009484148385,1.0,2,False,,,,
1766730077.602027,0.5865136997590282,0.37918009484148385,1.0,2,False,,,,
1766730077.6051772,0.5865136997590282,0.37918009484148385,1.0,2,False,,,,
1766730077.611146,0.6346762150052798,0.4854956900495775,0.19395064397024345,2,False,,,,
1766730077.965408,0.2754658138476798,0.41538695124558034,0.722342312335968,2,False,,,,
1766730077.9742038,0.6226490087524097,0.4953861614754418,0.21110120221860612,2,False,,,,
1766730077.979842,0.6226490087524097,0.4953861614754418,0.21110120221860612,2,False,,,,
1766730077.98493,0.6226490087524097,0.4953861614754418,0.21110120221860612,2,False,,,,
1766730077.987634,0.3404039861770843,0.38146565570107005,0.9495382606983185,2,False,,,,
1766730078.409287,0.3404039861770843,0.38146565570107005,0.9495382606983185,2,False,,,,
1766730078.415721,0.3404039861770843,0.38146565570107005,0.9495382606983185,2,False,,,,
1766730078.418823,0.3404039861770843,0.38146565570107005,0.9495382606983185,2,False,,,,
1766730078.421298,0.3404039861770843,0.38146565570107005,0.9495382606983185,2,False,,,,
1766730078.424017,0.3130591929919248,0.4430284824064743,1.0,2,False,,,,
1766730078.74278,0.3122689094314689,0.43886231789490127,1.0,2,False,,,,
1766730078.750517,0.3122689094314689,0.43886231789490127,1.0,2,False,,,,
1766730078.755706,0.3122689094314689,0.43886231789490127,1.0,2,False,,,,
1766730078.758285,0.3122689094314689,0.43886231789490127,1.0,2,False,,,,
1766730078.760504,0.3301222940357387,0.3881453701865538,0.9800789952278137,2,False,,,,
1766730079.331945,0.3301222940357387,0.3881453701865538,0.9800789952278137,2,False,,,,
1766730079.3381891,0.3301222940357387,0.3881453701865538,0.9800789952278137,2,False,,,,
1766730079.341331,0.3637422658790399,0.3791523954085282,0.9719996452331543,2,False,,,,
1766730079.344814,0.3759716325052623,0.37566767529161493,0.9796020686626434,2,False,,,,
1766730079.347232,0.38811958178243194,0.3720487521062361,0.984332799911499,2,False,,,,
1766730082.6932921,0.3710492709952097,0.37397776379629244,0.9898887872695923,2,False,,,,
1766730082.700211,0.3710492709952097,0.37397776379629244,0.9898887872695923,2,False,,,,
1766730082.706444,0.3710492709952097,0.37397776379629244,0.9898887872695923,2,False,,,,
1766730082.709245,0.3710492709952097,0.37397776379629244,0.9898887872695923,2,False,,,,
1766730082.711645,0.3654446360045208,0.37359361257837354,0.9734936356544495,2,False,,,,
1766730083.0184362,0.3654446360045208,0.37359361257837354,0.9734936356544495,2,False,,,,
1766730083.0239081,0.3654446360045208,0.37359361257837354,0.9734936356544495,2,False,,,,
1766730083.031965,0.35319223817049916,0.3762929072000434,0.9780544936656952,2,False,,,,
1766730083.038506,0.35319223817049916,0.3762929072000434,0.9780544936656952,2,False,,,,
1766730083.041388,0.28600894224514456,0.39698490284883814,0.9531984925270081,2,False,,,,
1766730083.358548,0.28600894224514456,0.39698490284883814,0.9531984925270081,2,False,,,,
1766730083.3636532,0.27970167626446824,0.3995479195883451,0.9245857894420624,2,False,,,,
1766730083.366581,0.27970167626446824,0.3995479195883451,0.9245857894420624,2,False,,,,
1766730083.372968,0.27970167626446824,0.3995479195883451,0.9245857894420624,2,False,,,,
1766730083.3758368,0.22841779250967872,0.4188257402422315,1.0,2,False,,,,
1766730083.6745129,0.22841779250967872,0.4188257402422315,1.0,2,False,,,,
1766730083.679722,0.22841779250967872,0.4188257402422315,1.0,2,False,,,,
1766730083.682466,0.22841779250967872,0.4188257402422315,1.0,2,False,,,,
1766730083.685903,0.22841779250967872,0.4188257402422315,1.0,2,False,,,,
1766730083.6906502,0.37248515648470654,0.37552264832069004,0.9700531661510468,2,False,,,,
1766730084.040761,0.363911041561349,0.37661197887437137,0.9708185195922852,2,False,,,,
1766730084.047421,0.363911041561349,0.37661197887437137,0.9708185195922852,2,False,,,,
1766730084.0523782,0.363911041561349,0.37661197887437137,0.9708185195922852,2,False,,,,
1766730084.0554209,0.363911041561349,0.37661197887437137,0.9708185195922852,2,False,,,,
1766730084.0582058,0.36882664545999777,0.37416703655189965,0.9659561812877655,2,False,,,,
1766730084.4466078,0.36882664545999777,0.37416703655189965,0.9659561812877655,2,False,,,,
1766730084.452047,0.36882664545999777,0.37416703655189965,0.9659561812877655,2,False,,,,
1766730084.454626,0.36882664545999777,0.37416703655189965,0.9659561812877655,2,False,,,,
1766730084.457085,0.36882664545999777,0.37416703655189965,0.9659561812877655,2,False,,,,
1766730084.459928,0.36046404179369457,0.3737676187899627,0.9777641892433167,3,False,,,,
1766730085.6590762,0.36046404179369457,0.3737676187899627,0.9777641892433167,3,False,,,,
1766730085.664862,0.36046404179369457,0.3737676187899627,0.9777641892433167,3,False,,,,
1766730085.66769,0.36046404179369457,0.3737676187899627,0.9777641892433167,3,False,,,,
1766730085.670155,0.36046404179369457,0.3737676187899627,0.9777641892433167,3,False,,,,
1766730085.6726809,0.2717909244311081,0.5233158324126403,0.22987467891883742,2,False,,,,
1766730086.088948,0.2717909244311081,0.5233158324126403,0.22987467891883742,2,False,,,,
1766730086.096111,0.2717909244311081,0.5233158324126403,0.22987467891883742,2,False,,,,
1766730086.098666,0.2717909244311081,0.5233158324126403,0.22987467891883742,2,False,,,,
1766730086.101374,0.2717909244311081,0.5233158324126403,0.22987467891883742,2,False,,,,
1766730086.103876,0.5336178767650578,0.5112325678902419,1.0,2,False,,,,
1766730086.495233,0.5336178767650578,0.5112325678902419,1.0,2,False,,,,
1766730086.502455,0.5336178767650578,0.5112325678902419,1.0,2,False,,,,
1766730086.5052311,0.5336178767650578,0.5112325678902419,1.0,2,False,,,,
1766730086.510875,0.5335728288872269,0.5168250497325733,1.0,2,False,,,,
1766730086.514724,0.5294514182842007,0.47943837507312503,1.0,2,False,,,,
1766730086.949328,0.5299688375984271,0.48085322864737523,1.0,2,False,,,,
1766730086.956156,0.5299688375984271,0.48085322864737523,1.0,2,False,,,,
1766730086.9625258,0.5299688375984271,0.48085322864737523,1.0,2,False,,,,
1766730086.965387,0.5299688375984271,0.48085322864737523,1.0,2,False,,,,
1766730086.968297,0.542251133095071,0.4942653019816331,1.0,2,True,0.4732999801635742,0.49857795238494873,0.07040023803710938,0.13979831337928772
1766730087.25884,0.542251133095071,0.4942653019816331,1.0,2,True,0.4732999801635742,0.49857795238494873,0.07040023803710938,0.13979831337928772
1766730087.265152,0.542251133095071,0.4942653019816331,1.0,2,True,0.4732999801635742,0.49857795238494873,0.07040023803710938,0.13979831337928772
1766730087.268302,0.542251133095071,0.4942653019816331,1.0,2,True,0.4732999801635742,0.49857795238494873,0.07040023803710938,0.13979831337928772
1766730087.2708092,0.542251133095071,0.4942653019816331,1.0,2,True,0.4732999801635742,0.49857795238494873,0.07040023803710938,0.13979831337928772
1766730087.273343,0.5472092685494035,0.5088453419869112,1.0,2,True,0.4728735089302063,0.5028531551361084,0.07196245342493057,0.1408143788576126
1766730087.584575,0.548379288616669,0.5115427970369508,1.0,2,True,0.4728735089302063,0.5028531551361084,0.07196245342493057,0.1408143788576126
1766730087.591574,0.5481085383740883,0.5113233952983137,1.0,2,True,0.4728735089302063,0.5028531551361084,0.07196245342493057,0.1408143788576126
1766730087.5963352,0.5481085383740883,0.5113233952983137,1.0,2,True,0.4728735089302063,0.5028531551361084,0.07196245342493057,0.1408143788576126
1766730087.601984,0.5481085383740883,0.5113233952983137,1.0,2,True,0.4728735089302063,0.5028531551361084,0.07196245342493057,0.1408143788576126
1766730087.604906,0.5530133162330195,0.5119776998533059,1.0,2,True,0.4771805703639984,0.5002632737159729,0.07343397289514542,0.1413552165031433
1766730088.0320299,0.5530133162330195,0.5119776998533059,1.0,2,True,0.4771805703639984,0.5002632737159729,0.07343397289514542,0.1413552165031433
1766730088.037622,0.5530133162330195,0.5119776998533059,1.0,2,True,0.4771805703639984,0.5002632737159729,0.07343397289514542,0.1413552165031433
1766730088.040833,0.5530133162330195,0.5119776998533059,1.0,2,True,0.4771805703639984,0.5002632737159729,0.07343397289514542,0.1413552165031433
1766730088.04337,0.5530133162330195,0.5119776998533059,1.0,2,True,0.4771805703639984,0.5002632737159729,0.07343397289514542,0.1413552165031433
1766730088.0456991,0.5531010012152622,0.5235649827894727,1.0,2,True,0.4744839668273926,0.5024260878562927,0.07327337563037872,0.13729654252529144
1766730088.543437,0.5531010012152622,0.5235649827894727,1.0,2,True,0.4744839668273926,0.5024260878562927,0.07327337563037872,0.13729654252529144
1766730088.549106,0.5531010012152622,0.5235649827894727,1.0,2,True,0.4744839668273926,0.5024260878562927,0.07327337563037872,0.13729654252529144
1766730088.554355,0.5531010012152622,0.5235649827894727,1.0,2,True,0.4744839668273926,0.5024260878562927,0.07327337563037872,0.13729654252529144
1766730088.557715,0.554407467228889,0.5261535850227509,1.0,2,True,0.4744839668273926,0.5024260878562927,0.07327337563037872,0.13729654252529144
1766730088.560468,0.5533270404173234,0.5240193162582752,1.0,2,True,0.4747704863548279,0.5015674233436584,0.07578210532665253,0.14186875522136688
1766730088.961271,0.5524797468178755,0.5234358883240444,1.0,2,True,0.4747704863548279,0.5015674233436584,0.07578210532665253,0.14186875522136688
1766730088.968416,0.5524797468178755,0.5234358883240444,1.0,2,True,0.4747704863548279,0.5015674233436584,0.07578210532665253,0.14186875522136688
1766730088.974078,0.5524797468178755,0.5234358883240444,1.0,2,True,0.4747704863548279,0.5015674233436584,0.07578210532665253,0.14186875522136688
1766730088.97695,0.5524797468178755,0.5234358883240444,1.0,2,True,0.4747704863548279,0.5015674233436584,0.07578210532665253,0.14186875522136688
1766730088.979554,0.5579943230039264,0.54212081149589,1.0,2,True,0.4817918837070465,0.5012561082839966,0.07358932495117188,0.1410810649394989
1766730089.2629828,0.5551547004131578,0.5263531302718095,1.0,2,True,0.4817918837070465,0.5012561082839966,0.07358932495117188,0.1410810649394989
1766730089.270262,0.5551547004131578,0.5263531302718095,1.0,2,True,0.4817918837070465,0.5012561082839966,0.07358932495117188,0.1410810649394989
1766730089.276146,0.5551547004131578,0.5263531302718095,1.0,2,True,0.4817918837070465,0.5012561082839966,0.07358932495117188,0.1410810649394989
1766730089.278783,0.5551547004131578,0.5263531302718095,1.0,2,True,0.4817918837070465,0.5012561082839966,0.07358932495117188,0.1410810649394989
1766730089.28427,0.5528463142941542,0.4874021828236772,1.0,1,True,0.4787832200527191,0.49576300382614136,0.07379169762134552,0.14284087717533112
1766730089.5616179,0.5000429365209426,0.5851212873444281,0.22148259798302816,1,True,0.4787832200527191,0.49576300382614136,0.07379169762134552,0.14284087717533112
1766730089.56898,0.5000429365209426,0.5851212873444281,0.22148259798302816,1,True,0.4787832200527191,0.49576300382614136,0.07379169762134552,0.14284087717533112
1766730089.576622,0.5000429365209426,0.5851212873444281,0.22148259798302816,1,True,0.4787832200527191,0.49576300382614136,0.07379169762134552,0.14284087717533112
1766730089.579335,0.5000429365209426,0.5851212873444281,0.22148259798302816,1,True,0.4787832200527191,0.49576300382614136,0.07379169762134552,0.14284087717533112
1766730089.5818539,0.5572449371492618,0.5715234726713517,1.0,2,True,0.48377737402915955,0.49461013078689575,0.07381248474121094,0.14021305739879608
1766730091.414957,0.5572449371492618,0.5715234726713517,1.0,2,True,0.48377737402915955,0.49461013078689575,0.07381248474121094,0.14021305739879608
1766730091.42138,0.5572449371492618,0.5715234726713517,1.0,2,True,0.48377737402915955,0.49461013078689575,0.07381248474121094,0.14021305739879608
1766730091.4272041,0.5572449371492618,0.5715234726713517,1.0,2,True,0.48377737402915955,0.49461013078689575,0.07381248474121094,0.14021305739879608
1766730091.430284,0.5572449371492618,0.5715234726713517,1.0,2,True,0.48377737402915955,0.49461013078689575,0.07381248474121094,0.14021305739879608
1766730091.433689,0.5643388681782172,0.5766361802507207,1.0,2,False,,,,
1766730091.741984,0.5627817461088581,0.5839651393343485,1.0,2,False,,,,
1766730091.747908,0.5627817461088581,0.5839651393343485,1.0,2,False,,,,
1766730091.754227,0.5627817461088581,0.5839651393343485,1.0,2,False,,,,
1766730091.757092,0.5627817461088581,0.5839651393343485,1.0,2,False,,,,
1766730091.7598772,0.5636703556794402,0.579026253556572,1.0,2,False,,,,
1766730092.2383978,0.5636703556794402,0.579026253556572,1.0,2,False,,,,
1766730092.245151,0.56265785910134,0.5776658238127629,1.0,2,False,,,,
1766730092.249303,0.56265785910134,0.5776658238127629,1.0,2,False,,,,
1766730092.2565892,0.56265785910134,0.5776658238127629,1.0,2,False,,,,
1766730092.259527,0.5497617660712735,0.5911936539337912,1.0,2,False,,,,
1766730092.580102,0.5496138144292357,0.5864165492517049,1.0,2,False,,,,
1766730092.586455,0.5496138144292357,0.5864165492517049,1.0,2,False,,,,
1766730092.593287,0.5496138144292357,0.5864165492517049,1.0,2,False,,,,
1766730092.598742,0.5496138144292357,0.5864165492517049,1.0,2,False,,,,
1766730092.601755,0.5481286429809942,0.6261145764350241,1.0,2,False,,,,
1766730093.05483,0.5481286429809942,0.6261145764350241,1.0,2,False,,,,
1766730093.0612102,0.5481286429809942,0.6261145764350241,1.0,2,False,,,,
1766730093.06422,0.5481286429809942,0.6261145764350241,1.0,2,False,,,,
1766730093.066895,0.5481286429809942,0.6261145764350241,1.0,2,False,,,,
1766730093.069466,0.5533326935074069,0.6306992015545155,1.0,2,False,,,,
1766730093.3596852,0.5533326935074069,0.6306992015545155,1.0,2,False,,,,
1766730093.3658628,0.5533326935074069,0.6306992015545155,1.0,2,False,,,,
1766730093.368902,0.5533326935074069,0.6306992015545155,1.0,2,False,,,,
1766730093.3715572,0.5533326935074069,0.6306992015545155,1.0,2,False,,,,
1766730093.3742101,0.5545836809794682,0.6084242134831677,0.9669780135154724,2,False,,,,
1766730093.732067,0.5545836809794682,0.6084242134831677,0.9669780135154724,2,False,,,,
1766730093.737973,0.5545836809794682,0.6084242134831677,0.9669780135154724,2,False,,,,
1766730093.741317,0.5545836809794682,0.6084242134831677,0.9669780135154724,2,False,,,,
1766730093.743785,0.5545836809794682,0.6084242134831677,0.9669780135154724,2,False,,,,
1766730093.746593,0.6071703567052268,0.5454927198843537,0.19745285275967878,2,False,,,,
1766730094.1779132,0.6071703567052268,0.5454927198843537,0.19745285275967878,2,False,,,,
1766730094.185243,0.6509178705757547,0.5366646855224803,0.24344881573074753,2,False,,,,
1766730094.189248,0.6509178705757547,0.5366646855224803,0.24344881573074753,2,False,,,,
1766730094.1962292,0.6509178705757547,0.5366646855224803,0.24344881573074753,2,False,,,,
1766730094.199031,0.4818877099450153,0.4126781381812388,0.9898697137832642,2,False,,,,
1766730094.565303,0.4818877099450153,0.4126781381812388,0.9898697137832642,2,False,,,,
1766730094.572675,0.4818877099450153,0.4126781381812388,0.9898697137832642,2,False,,,,
1766730094.57743,0.4818877099450153,0.4126781381812388,0.9898697137832642,2,False,,,,
1766730094.5801852,0.4818877099450153,0.4126781381812388,0.9898697137832642,2,False,,,,
1766730094.582645,0.4618990662639801,0.38523814280710733,1.0,2,False,,,,
1766730094.8626492,0.4618990662639801,0.38523814280710733,1.0,2,False,,,,
1766730094.8692758,0.4618990662639801,0.38523814280710733,1.0,2,False,,,,
1766730094.871979,0.4618990662639801,0.38523814280710733,1.0,2,False,,,,
1766730094.874492,0.4618990662639801,0.38523814280710733,1.0,2,False,,,,
1766730094.8772,0.4736186307620282,0.3934306263749805,1.0,2,False,,,,
1766730095.50637,0.4736186307620282,0.3934306263749805,1.0,2,False,,,,
1766730095.5124428,0.4736186307620282,0.3934306263749805,1.0,2,False,,,,
1766730095.515218,0.4736186307620282,0.3934306263749805,1.0,2,False,,,,
1766730095.517637,0.4736186307620282,0.3934306263749805,1.0,2,False,,,,
1766730095.5225768,0.4664824504953227,0.386647807022351,1.0,2,False,,,,
1766730095.800873,0.46514970799313016,0.38529232451239537,1.0,2,False,,,,
1766730095.807882,0.46514970799313016,0.38529232451239537,1.0,2,False,,,,
1766730095.810551,0.46514970799313016,0.38529232451239537,1.0,2,False,,,,
1766730095.8131719,0.46514970799313016,0.38529232451239537,1.0,2,False,,,,
1766730095.815281,0.47962194968942146,0.4050469564598238,0.8243030309677124,2,False,,,,
1766730096.227681,0.47962194968942146,0.4050469564598238,0.8243030309677124,2,False,,,,
1766730096.234265,0.4850175635540507,0.389954454505416,0.8248037695884705,2,False,,,,
1766730096.237634,0.4850175635540507,0.389954454505416,0.8248037695884705,2,False,,,,
1766730096.2436328,0.4850175635540507,0.389954454505416,0.8248037695884705,2,False,,,,
1766730096.2468858,0.43569865641740646,0.37627263878721995,1.0,1,False,,,,
1766730097.261413,0.43569865641740646,0.37627263878721995,1.0,1,False,,,,
1766730097.266176,0.43569865641740646,0.37627263878721995,1.0,1,False,,,,
1766730097.269069,0.43048666917232864,0.37328602591380644,1.0,1,False,,,,
1766730097.272157,0.42354921818719926,0.36965846020127247,1.0,1,False,,,,
1766730097.274928,0.46125107125967696,0.3815045376636339,0.9937137365341187,1,False,,,,
1766730097.8604832,0.46125107125967696,0.3815045376636339,0.9937137365341187,1,False,,,,
1766730097.8657842,0.46125107125967696,0.3815045376636339,0.9937137365341187,1,False,,,,
1766730097.868601,0.4630202169534117,0.38259556638930925,1.0,1,False,,,,
1766730097.871514,0.4647258610542039,0.38320461005444284,1.0,1,False,,,,
1766730097.874124,0.47153095639393267,0.3901062850880065,1.0,2,False,,,,
1766730098.274026,0.4708838535241676,0.3890397532354456,0.9893584251403809,2,False,,,,
1766730098.2809012,0.4708838535241676,0.3890397532354456,0.9893584251403809,2,False,,,,
1766730098.286558,0.4708838535241676,0.3890397532354456,0.9893584251403809,2,False,,,,
1766730098.290926,0.4708838535241676,0.3890397532354456,0.9893584251403809,2,False,,,,
1766730098.293429,0.6009336774235203,0.3728764155298263,1.0,2,False,,,,
1766730098.824876,0.6009336774235203,0.3728764155298263,1.0,2,False,,,,
1766730098.83165,0.6009336774235203,0.3728764155298263,1.0,2,False,,,,
1766730098.834444,0.6009336774235203,0.3728764155298263,1.0,2,False,,,,
1766730098.8369548,0.6009336774235203,0.3728764155298263,1.0,2,False,,,,
1766730098.839631,0.5406852331238616,0.5738712765789682,1.0,2,False,,,,
1766730099.3963609,0.5406852331238616,0.5738712765789682,1.0,2,False,,,,
1766730099.404238,0.5406852331238616,0.5738712765789682,1.0,2,False,,,,
1766730099.406806,0.5406852331238616,0.5738712765789682,1.0,2,False,,,,
1766730099.4096022,0.5406852331238616,0.5738712765789682,1.0,2,False,,,,
1766730099.412719,0.553827061060626,0.5952606243300913,1.0,2,False,,,,
1766730099.795537,0.553827061060626,0.5952606243300913,1.0,2,False,,,,
1766730099.8022609,0.553827061060626,0.5952606243300913,1.0,2,False,,,,
1766730099.805187,0.553827061060626,0.5952606243300913,1.0,2,False,,,,
1766730099.808042,0.553827061060626,0.5952606243300913,1.0,2,False,,,,
1766730099.8104699,0.5448963780888378,0.5957966978739297,0.9659033119678497,2,False,,,,
1766730100.323124,0.5442387247865422,0.5899548166353389,0.9899337291717529,2,False,,,,
1766730100.3301718,0.5442387247865422,0.5899548166353389,0.9899337291717529,2,False,,,,
1766730100.335875,0.5442387247865422,0.5899548166353389,0.9899337291717529,2,False,,,,
1766730100.33894,0.5442387247865422,0.5899548166353389,0.9899337291717529,2,False,,,,
1766730100.3414779,0.5474009601498564,0.5915468635843614,0.8983020782470703,2,False,,,,
1766730100.775946,0.5474009601498564,0.5915468635843614,0.8983020782470703,2,False,,,,
1766730100.781678,0.5474009601498564,0.5915468635843614,0.8983020782470703,2,False,,,,
1766730100.7873569,0.5453344994192906,0.5769855283692805,0.975823163986206,2,False,,,,
1766730100.792618,0.5453344994192906,0.5769855283692805,0.975823163986206,2,False,,,,
1766730100.799732,0.5315289301384198,0.5066122348289754,0.8666079044342041,2,True,0.5048009157180786,0.38079264760017395,0.06737127155065536,0.13444162905216217
1766730101.244681,0.5315289301384198,0.5066122348289754,0.8666079044342041,2,True,0.5048009157180786,0.38079264760017395,0.06737127155065536,0.13444162905216217
1766730101.251004,0.5315289301384198,0.5066122348289754,0.8666079044342041,2,True,0.5048009157180786,0.38079264760017395,0.06737127155065536,0.13444162905216217
1766730101.254154,0.5315289301384198,0.5066122348289754,0.8666079044342041,2,True,0.5048009157180786,0.38079264760017395,0.06737127155065536,0.13444162905216217
1766730101.256852,0.5319277244439242,0.5120507693796494,0.9021214544773102,2,True,0.5048009157180786,0.38079264760017395,0.06737127155065536,0.13444162905216217
1766730101.2602189,0.588587128745006,0.5307816619310163,0.44282297044599567,2,False,,,,
1766730101.762645,0.5891737210062453,0.5306361983765584,0.4339994253474921,2,False,,,,
1766730101.770154,0.5891737210062453,0.5306361983765584,0.4339994253474921,2,False,,,,
1766730101.7761369,0.5891737210062453,0.5306361983765584,0.4339994253474921,2,False,,,,
1766730101.778739,0.5891737210062453,0.5306361983765584,0.4339994253474921,2,False,,,,
1766730101.783772,0.46305819742246274,0.3930161681852299,0.9051496872614206,2,False,,,,
1766730102.268068,0.4444298301516058,0.3765597215351867,0.9101294577121735,2,False,,,,
1766730102.2755919,0.4444298301516058,0.3765597215351867,0.9101294577121735,2,False,,,,
1766730102.278591,0.4444298301516058,0.3765597215351867,0.9101294577121735,2,False,,,,
1766730102.281117,0.4444298301516058,0.3765597215351867,0.9101294577121735,2,False,,,,
1766730102.283724,0.4493106555963182,0.3965332418973546,1.0,2,False,,,,
1766730102.743994,0.4493106555963182,0.3965332418973546,1.0,2,False,,,,
1766730102.751512,0.4493106555963182,0.3965332418973546,1.0,2,False,,,,
1766730102.754024,0.4493106555963182,0.3965332418973546,1.0,2,False,,,,
1766730102.756334,0.4493106555963182,0.3965332418973546,1.0,2,False,,,,
1766730102.7587688,0.46635564538073676,0.3893606424847469,1.0,2,False,,,,
1766730103.185884,0.46635564538073676,0.3893606424847469,1.0,2,False,,,,
1766730103.1907132,0.46635564538073676,0.3893606424847469,1.0,2,False,,,,
1766730103.19337,0.46635564538073676,0.3893606424847469,1.0,2,False,,,,
1766730103.196351,0.46635564538073676,0.3893606424847469,1.0,2,False,,,,
1766730103.198634,0.4279482314211195,0.37402613180816124,1.0,2,False,,,,
1766730103.7199628,0.4279482314211195,0.37402613180816124,1.0,2,False,,,,
1766730103.725159,0.4279482314211195,0.37402613180816124,1.0,2,False,,,,
1766730103.728704,0.4279482314211195,0.37402613180816124,1.0,2,False,,,,
1766730103.73138,0.4279482314211195,0.37402613180816124,1.0,2,False,,,,
1766730103.733793,0.5354380250330111,0.528033232514948,1.0,2,False,,,,
1766730104.314837,0.5354380250330111,0.528033232514948,1.0,2,False,,,,
1766730104.3214772,0.5354380250330111,0.528033232514948,1.0,2,False,,,,
1766730104.324511,0.5354380250330111,0.528033232514948,1.0,2,False,,,,
1766730104.329427,0.5354380250330111,0.528033232514948,1.0,2,False,,,,
1766730104.332147,0.5490811952697298,0.5003734451667012,0.9748304486274719,2,False,,,,
1766730106.834361,0.5490811952697298,0.5003734451667012,0.9748304486274719,2,False,,,,
1766730106.842119,0.5490811952697298,0.5003734451667012,0.9748304486274719,2,False,,,,
1766730106.845162,0.5490811952697298,0.5003734451667012,0.9748304486274719,2,False,,,,
1766730106.84759,0.5490811952697298,0.5003734451667012,0.9748304486274719,2,False,,,,
1766730106.8501382,0.5435620098134529,0.49512383110872293,0.9612407684326172,2,True,0.475951611995697,0.38032400608062744,0.07175817340612411,0.1430702656507492
1766730107.388644,0.5461934388671066,0.49771063355902956,0.9683231711387634,2,True,0.475951611995697,0.38032400608062744,0.07175817340612411,0.1430702656507492
1766730107.3955011,0.538113459293206,0.4881851910794621,0.9001830518245697,2,True,0.475951611995697,0.38032400608062744,0.07175817340612411,0.1430702656507492
1766730107.402082,0.538113459293206,0.4881851910794621,0.9001830518245697,2,True,0.475951611995697,0.38032400608062744,0.07175817340612411,0.1430702656507492
1766730107.404921,0.538113459293206,0.4881851910794621,0.9001830518245697,2,True,0.475951611995697,0.38032400608062744,0.07175817340612411,0.1430702656507492
1766730107.407754,0.548286761629974,0.5120858904008423,0.9285631477832794,2,True,0.47841668128967285,0.3849562704563141,0.0725591629743576,0.1521131694316864
1766730107.803606,0.548286761629974,0.5120858904008423,0.9285631477832794,2,True,0.47841668128967285,0.3849562704563141,0.0725591629743576,0.1521131694316864
1766730107.809535,0.548286761629974,0.5120858904008423,0.9285631477832794,2,True,0.47841668128967285,0.3849562704563141,0.0725591629743576,0.1521131694316864
1766730107.8126888,0.548286761629974,0.5120858904008423,0.9285631477832794,2,True,0.47841668128967285,0.3849562704563141,0.0725591629743576,0.1521131694316864
1766730107.815094,0.548286761629974,0.5120858904008423,0.9285631477832794,2,True,0.47841668128967285,0.3849562704563141,0.0725591629743576,0.1521131694316864
1766730107.817572,0.5637697465090105,0.5722545492748363,0.49705299632389804,2,False,,,,
1766730108.305392,0.5637697465090105,0.5722545492748363,0.49705299632389804,2,False,,,,
1766730108.3110778,0.5637697465090105,0.5722545492748363,0.49705299632389804,2,False,,,,
1766730108.314665,0.5637697465090105,0.5722545492748363,0.49705299632389804,2,False,,,,
1766730108.3174138,0.5637697465090105,0.5722545492748363,0.49705299632389804,2,False,,,,
1766730108.320161,0.5634752768177227,0.5351634528379736,0.4440556340400988,2,False,,,,
1766730108.751486,0.5634752768177227,0.5351634528379736,0.4440556340400988,2,False,,,,
1766730108.7577548,0.5634752768177227,0.5351634528379736,0.4440556340400988,2,False,,,,
1766730108.7634299,0.5637946070588822,0.535430822494637,0.4461390271945286,2,False,,,,
1766730108.7661939,0.5637946070588822,0.535430822494637,0.4461390271945286,2,False,,,,
1766730108.772888,0.5614705597537802,0.5547978519063835,0.9157282412052155,2,False,,,,
1766730109.231307,0.5701979153855555,0.5781591916593277,0.9158883988857269,2,False,,,,
1766730109.2376478,0.5701979153855555,0.5781591916593277,0.9158883988857269,2,False,,,,
1766730109.24436,0.5701979153855555,0.5781591916593277,0.9158883988857269,2,False,,,,
1766730109.247334,0.5701979153855555,0.5781591916593277,0.9158883988857269,2,False,,,,
1766730109.2497,0.5565418601836291,0.5364954698275095,0.8979930877685547,2,True,0.48231059312820435,0.3807592988014221,0.06946659088134766,0.14747564494609833
1766730109.9446552,0.5565418601836291,0.5364954698275095,0.8979930877685547,2,True,0.48231059312820435,0.3807592988014221,0.06946659088134766,0.14747564494609833
1766730109.950381,0.5565418601836291,0.5364954698275095,0.8979930877685547,2,True,0.48231059312820435,0.3807592988014221,0.06946659088134766,0.14747564494609833
1766730109.95332,0.5565418601836291,0.5364954698275095,0.8979930877685547,2,True,0.48231059312820435,0.3807592988014221,0.06946659088134766,0.14747564494609833
1766730109.956224,0.5565418601836291,0.5364954698275095,0.8979930877685547,2,True,0.48231059312820435,0.3807592988014221,0.06946659088134766,0.14747564494609833
1766730109.961479,0.5566382391723685,0.6084375432963774,0.26294042799625866,2,False,,,,
1766730110.57558,0.5293376055338206,0.619997299262696,0.26615184600036057,2,False,,,,
1766730110.582447,0.5293376055338206,0.619997299262696,0.26615184600036057,2,False,,,,
1766730110.588522,0.5293376055338206,0.619997299262696,0.26615184600036057,2,False,,,,
1766730110.591907,0.5293376055338206,0.619997299262696,0.26615184600036057,2,False,,,,
1766730110.594742,0.564872062808994,0.5221591774050339,0.49374400604507424,2,False,,,,
1766730111.176029,0.5650357862746924,0.5225461846495433,0.4911024228217889,2,False,,,,
1766730111.1825652,0.5650357862746924,0.5225461846495433,0.4911024228217889,2,False,,,,
1766730111.188332,0.5650357862746924,0.5225461846495433,0.4911024228217889,2,False,,,,
1766730111.191278,0.5650357862746924,0.5225461846495433,0.4911024228217889,2,False,,,,
1766730111.19387,0.5570732949415174,0.5406111571421509,0.46083691878719263,2,True,0.48431292176246643,0.38609030842781067,0.0701720267534256,0.1460866779088974
1766730111.667839,0.5570732949415174,0.5406111571421509,0.46083691878719263,2,True,0.48431292176246643,0.38609030842781067,0.0701720267534256,0.1460866779088974
1766730111.672896,0.5570732949415174,0.5406111571421509,0.46083691878719263,2,True,0.48431292176246643,0.38609030842781067,0.0701720267534256,0.1460866779088974
1766730111.676843,0.5624122961391833,0.5452053892697706,0.4050099855582569,2,False,,,,
1766730111.6805918,0.5624477988818553,0.5454350055757917,0.4954622095053692,2,False,,,,
1766730111.684442,0.5315269963813709,0.5899097643162836,0.5270273109975626,2,False,,,,
1766730112.199109,0.5315269963813709,0.5899097643162836,0.5270273109975626,2,False,,,,
1766730112.204716,0.5315269963813709,0.5899097643162836,0.5270273109975626,2,False,,,,
1766730112.207645,0.5315269963813709,0.5899097643162836,0.5270273109975626,2,False,,,,
1766730112.2102761,0.5315269963813709,0.5899097643162836,0.5270273109975626,2,False,,,,
1766730112.2140548,0.5672649798552439,0.5415703064515919,0.4552738432362086,2,False,,,,
1766730112.5970812,0.5672649798552439,0.5415703064515919,0.4552738432362086,2,False,,,,
1766730112.6030002,0.5672649798552439,0.5415703064515919,0.4552738432362086,2,False,,,,
1766730112.606119,0.5672649798552439,0.5415703064515919,0.4552738432362086,2,False,,,,
1766730112.611284,0.5672649798552439,0.5415703064515919,0.4552738432362086,2,False,,,,
1766730112.614203,0.5570142354079008,0.5471781913815434,0.5067240406054742,2,False,,,,
1766730113.1220832,0.5542655268164733,0.5562126941915589,0.48001627281757003,2,False,,,,
1766730113.128841,0.5542655268164733,0.5562126941915589,0.48001627281757003,2,False,,,,
1766730113.134499,0.5542655268164733,0.5562126941915589,0.48001627281757003,2,False,,,,
1766730113.137367,0.5542655268164733,0.5562126941915589,0.48001627281757003,2,False,,,,
1766730113.139711,0.4584432871750465,0.38118518556721936,0.888728678226471,2,False,,,,
1766730113.5738082,0.4584432871750465,0.38118518556721936,0.888728678226471,2,False,,,,
1766730113.5812511,0.4584432871750465,0.38118518556721936,0.888728678226471,2,False,,,,
1766730113.58364,0.4584432871750465,0.38118518556721936,0.888728678226471,2,False,,,,
1766730113.5862248,0.4584432871750465,0.38118518556721936,0.888728678226471,2,False,,,,
1766730113.589149,0.40965955320194647,0.36752393965437147,1.0,2,False,,,,
1766730114.044304,0.40965955320194647,0.36752393965437147,1.0,2,False,,,,
1766730114.051475,0.40965955320194647,0.36752393965437147,1.0,2,False,,,,
1766730114.0543559,0.40965955320194647,0.36752393965437147,1.0,2,False,,,,
1766730114.057469,0.41291370207305783,0.3688170999424649,1.0,2,False,,,,
1766730114.060247,0.35308365624501015,0.34654074971066473,1.0,2,False,,,,
1766730114.452203,0.35308365624501015,0.34654074971066473,1.0,2,False,,,,
1766730114.459166,0.35664050503219524,0.34843599193935004,1.0,2,False,,,,
1766730114.4618921,0.35664050503219524,0.34843599193935004,1.0,2,False,,,,
1766730114.465015,0.35664050503219524,0.34843599193935004,1.0,2,False,,,,
1766730114.4715672,0.37411812111105364,0.3521312990825347,1.0,2,False,,,,
1766730114.799361,0.3730654534760345,0.35165355697554235,1.0,2,False,,,,
1766730114.806092,0.3730654534760345,0.35165355697554235,1.0,2,False,,,,
1766730114.810727,0.3730654534760345,0.35165355697554235,1.0,2,False,,,,
1766730114.8134022,0.3730654534760345,0.35165355697554235,1.0,2,False,,,,
1766730114.8161778,0.4206914400784683,0.36955554207289354,1.0,2,False,,,,
1766730115.169926,0.4206914400784683,0.36955554207289354,1.0,2,False,,,,
1766730115.1753752,0.4206914400784683,0.36955554207289354,1.0,2,False,,,,
1766730115.1780381,0.4206914400784683,0.36955554207289354,1.0,2,False,,,,
1766730115.180577,0.4206914400784683,0.36955554207289354,1.0,2,False,,,,
1766730115.182813,0.2077003807207516,0.3661262848458059,1.0,2,False,,,,
1766730115.581759,0.2077003807207516,0.3661262848458059,1.0,2,False,,,,
1766730115.586904,0.2077003807207516,0.3661262848458059,1.0,2,False,,,,
1766730115.58974,0.2077003807207516,0.3661262848458059,1.0,2,False,,,,
1766730115.592274,0.2077003807207516,0.3661262848458059,1.0,2,False,,,,
1766730115.597703,0.5918483237432703,0.2791692012561936,1.0,2,False,,,,
1766730115.9883032,0.5918483237432703,0.2791692012561936,1.0,2,False,,,,
1766730115.99453,0.5918483237432703,0.2791692012561936,1.0,2,False,,,,
1766730115.997619,0.5918483237432703,0.2791692012561936,1.0,2,False,,,,
1766730116.0011709,0.396714759251808,0.44259519753173204,0.11920887602742264,2,False,,,,
1766730116.003962,0.4861081526840724,0.415390265370587,0.9877763092517853,2,False,,,,
1766730116.3864388,0.4861081526840724,0.415390265370587,0.9877763092517853,2,False,,,,
1766730116.394277,0.4861081526840724,0.415390265370587,0.9877763092517853,2,False,,,,
1766730116.3976371,0.4861081526840724,0.415390265370587,0.9877763092517853,2,False,,,,
1766730116.400534,0.48485875643514875,0.414033985191526,1.0,2,False,,,,
1766730116.403378,0.3463805799092676,0.35178484241654184,0.9526011347770691,2,False,,,,
1766730116.8220139,0.3463805799092676,0.35178484241654184,0.9526011347770691,2,False,,,,
1766730116.827049,0.3463805799092676,0.35178484241654184,0.9526011347770691,2,False,,,,
1766730116.829695,0.3463805799092676,0.35178484241654184,0.9526011347770691,2,False,,,,
1766730116.832464,0.3463805799092676,0.35178484241654184,0.9526011347770691,2,False,,,,
1766730116.834971,0.4877030073234809,0.410461802974061,0.9421000480651855,2,True,0.46233612298965454,0.3129325807094574,0.07146091759204865,0.14687712490558624
1766730117.58081,0.4831217784212304,0.40403120566286055,0.9792070090770721,2,True,0.46233612298965454,0.3129325807094574,0.07146091759204865,0.14687712490558624
1766730117.587769,0.4831217784212304,0.40403120566286055,0.9792070090770721,2,True,0.46233612298965454,0.3129325807094574,0.07146091759204865,0.14687712490558624
1766730117.593591,0.4831217784212304,0.40403120566286055,0.9792070090770721,2,True,0.46233612298965454,0.3129325807094574,0.07146091759204865,0.14687712490558624
1766730117.5963771,0.4831217784212304,0.40403120566286055,0.9792070090770721,2,True,0.46233612298965454,0.3129325807094574,0.07146091759204865,0.14687712490558624
1766730117.5993118,0.5722850847352803,0.6138601400789352,0.3137906500359885,2,False,,,,
1766730118.889326,0.5722850847352803,0.6138601400789352,0.3137906500359885,2,False,,,,
1766730118.895299,0.5722850847352803,0.6138601400789352,0.3137906500359885,2,False,,,,
1766730118.89802,0.5722850847352803,0.6138601400789352,0.3137906500359885,2,False,,,,
1766730118.903229,0.5722850847352803,0.6138601400789352,0.3137906500359885,2,False,,,,
1766730118.906205,0.5656362412952792,0.3685277848294294,1.0,2,False,,,,
1766730119.2635598,0.5656362412952792,0.3685277848294294,1.0,2,False,,,,
1766730119.2692852,0.5656362412952792,0.3685277848294294,1.0,2,False,,,,
1766730119.272279,0.5656362412952792,0.3685277848294294,1.0,2,False,,,,
1766730119.2751172,0.5656362412952792,0.3685277848294294,1.0,2,False,,,,
1766730119.277537,0.5747022327681848,0.37278676314551185,1.0,2,False,,,,
1766730119.850843,0.5747022327681848,0.37278676314551185,1.0,2,False,,,,
1766730119.856797,0.21106860113143822,0.3303664320827888,0.9104368171296315,2,False,,,,
1766730119.860636,0.21106860113143822,0.3303664320827888,0.9104368171296315,2,False,,,,
1766730119.8674822,0.21106860113143822,0.3303664320827888,0.9104368171296315,2,False,,,,
1766730119.870168,0.5321961703128057,0.4668180193315892,0.9201968014240265,2,True,0.47829824686050415,0.34341591596603394,0.07357044517993927,0.1496434509754181
1766730120.3957288,0.526944771343537,0.45563939772685336,0.8902781307697296,2,True,0.47829824686050415,0.34341591596603394,0.07357044517993927,0.1496434509754181
1766730120.402764,0.526944771343537,0.45563939772685336,0.8902781307697296,2,True,0.47829824686050415,0.34341591596603394,0.07357044517993927,0.1496434509754181
1766730120.40566,0.526944771343537,0.45563939772685336,0.8902781307697296,2,True,0.47829824686050415,0.34341591596603394,0.07357044517993927,0.1496434509754181
1766730120.408523,0.526944771343537,0.45563939772685336,0.8902781307697296,2,True,0.47829824686050415,0.34341591596603394,0.07357044517993927,0.1496434509754181
1766730120.411212,0.5864201251267248,0.36942192559964226,1.0,2,False,,,,
1766730120.7255502,0.5878244576885693,0.371927805246689,1.0,2,False,,,,
1766730120.7320561,0.5878244576885693,0.371927805246689,1.0,2,False,,,,
1766730120.738786,0.5878244576885693,0.371927805246689,1.0,2,False,,,,
1766730120.741806,0.5878244576885693,0.371927805246689,1.0,2,False,,,,
1766730120.744339,0.5682902736247499,0.5856857159439477,0.4698022186549492,2,False,,,,
1766730121.105222,0.5682902736247499,0.5856857159439477,0.4698022186549492,2,False,,,,
1766730121.110996,0.5682902736247499,0.5856857159439477,0.4698022186549492,2,False,,,,
1766730121.116629,0.5682902736247499,0.5856857159439477,0.4698022186549492,2,False,,,,
1766730121.1193118,0.5682902736247499,0.5856857159439477,0.4698022186549492,2,False,,,,
1766730121.1216168,0.5787301613410156,0.5358069213068968,0.35901641536678575,2,False,,,,
1766730121.457078,0.5787301613410156,0.5358069213068968,0.35901641536678575,2,False,,,,
1766730121.46466,0.5775109499426612,0.5225289631310229,0.3510621316364339,2,False,,,,
1766730121.468535,0.5775109499426612,0.5225289631310229,0.3510621316364339,2,False,,,,
1766730121.474829,0.5775109499426612,0.5225289631310229,0.3510621316364339,2,False,,,,
1766730121.477584,0.564623683815219,0.5693266123298841,0.39335177953558165,2,False,,,,
1766730121.756433,0.564623683815219,0.5693266123298841,0.39335177953558165,2,False,,,,
1766730121.76216,0.564623683815219,0.5693266123298841,0.39335177953558165,2,False,,,,
1766730121.765652,0.5631182919640041,0.5565076754823737,0.39253563032112126,2,False,,,,
1766730121.768783,0.5631182919640041,0.5565076754823737,0.39253563032112126,2,False,,,,
1766730121.7744918,0.5766779121561769,0.38699804008148986,1.0,2,False,,,,
1766730122.241786,0.5723322112411936,0.5518647532928049,0.392103333586647,2,False,,,,
1766730122.2480588,0.5723322112411936,0.5518647532928049,0.392103333586647,2,False,,,,
1766730122.250817,0.5723322112411936,0.5518647532928049,0.392103333586647,2,False,,,,
1766730122.2537012,0.5723322112411936,0.5518647532928049,0.392103333586647,2,False,,,,
1766730122.256321,0.5937939621082684,0.5655438573258845,0.363416940027449,2,False,,,,
1766730122.580535,0.5937939621082684,0.5655438573258845,0.363416940027449,2,False,,,,
1766730122.586317,0.5937939621082684,0.5655438573258845,0.363416940027449,2,False,,,,
1766730122.589153,0.5937939621082684,0.5655438573258845,0.363416940027449,2,False,,,,
1766730122.5916622,0.5937939621082684,0.5655438573258845,0.363416940027449,2,False,,,,
1766730122.5940301,0.5597064676730255,0.5965280607904414,0.39913591824932043,2,False,,,,
1766730122.880512,0.5597064676730255,0.5965280607904414,0.39913591824932043,2,False,,,,
1766730122.885855,0.5597064676730255,0.5965280607904414,0.39913591824932043,2,False,,,,
1766730122.888582,0.5597064676730255,0.5965280607904414,0.39913591824932043,2,False,,,,
1766730122.8914409,0.5597064676730255,0.5965280607904414,0.39913591824932043,2,False,,,,
1766730122.8941162,0.5727452992437303,0.5605140389297171,0.3704055601143942,2,False,,,,
1766730123.257819,0.5727452992437303,0.5605140389297171,0.3704055601143942,2,False,,,,
1766730123.263364,0.5727452992437303,0.5605140389297171,0.3704055601143942,2,False,,,,
1766730123.266263,0.5727452992437303,0.5605140389297171,0.3704055601143942,2,False,,,,
1766730123.268852,0.5727452992437303,0.5605140389297171,0.3704055601143942,2,False,,,,
1766730123.272521,0.5901076787549566,0.3982808039530843,1.0,2,False,,,,
1766730123.5819001,0.5901076787549566,0.3982808039530843,1.0,2,False,,,,
1766730123.587651,0.5901076787549566,0.3982808039530843,1.0,2,False,,,,
1766730123.5904,0.5901076787549566,0.3982808039530843,1.0,2,False,,,,
1766730123.595275,0.5901076787549566,0.3982808039530843,1.0,2,False,,,,
1766730123.597739,0.5344921925641454,0.5844658302965605,0.44132973942356307,2,False,,,,
1766730123.895245,0.5344921925641454,0.5844658302965605,0.44132973942356307,2,False,,,,
1766730123.900795,0.5344921925641454,0.5844658302965605,0.44132973942356307,2,False,,,,
1766730123.9039202,0.5344921925641454,0.5844658302965605,0.44132973942356307,2,False,,,,
1766730123.906529,0.5344921925641454,0.5844658302965605,0.44132973942356307,2,False,,,,
1766730123.9095092,0.42612518400861255,0.4009256637848504,0.739853709936142,2,False,,,,
1766730124.28604,0.42612518400861255,0.4009256637848504,0.739853709936142,2,False,,,,
1766730124.29291,0.42612518400861255,0.4009256637848504,0.739853709936142,2,False,,,,
1766730124.295617,0.42612518400861255,0.4009256637848504,0.739853709936142,2,False,,,,
1766730124.298421,0.42612518400861255,0.4009256637848504,0.739853709936142,2,False,,,,
1766730124.30092,0.372860754765106,0.36544822575800584,1.0,2,False,,,,
1766730125.419584,0.3612722039038173,0.3660579965035389,1.0,2,False,,,,
1766730125.427559,0.3612722039038173,0.3660579965035389,1.0,2,False,,,,
1766730125.4329221,0.3612722039038173,0.3660579965035389,1.0,2,False,,,,
1766730125.435872,0.3612722039038173,0.3660579965035389,1.0,2,False,,,,
1766730125.438464,0.3225766985600539,0.37615113334691985,1.0,2,False,,,,
1766730125.769734,0.3225766985600539,0.37615113334691985,1.0,2,False,,,,
1766730125.775497,0.3225766985600539,0.37615113334691985,1.0,2,False,,,,
1766730125.778424,0.3225766985600539,0.37615113334691985,1.0,2,False,,,,
1766730125.7809122,0.3225766985600539,0.37615113334691985,1.0,2,False,,,,
1766730125.783828,0.2584106157292335,0.3930314413594447,1.0,2,False,,,,
1766730126.12727,0.18385776554462238,0.43797526142327126,1.0,2,False,,,,
1766730126.133913,0.18385776554462238,0.43797526142327126,1.0,2,False,,,,
1766730126.1386418,0.18385776554462238,0.43797526142327126,1.0,2,False,,,,
1766730126.1411939,0.18385776554462238,0.43797526142327126,1.0,2,False,,,,
1766730126.144066,0.18644673027507816,0.4198907812997028,0.9992147088050842,2,False,,,,
1766730126.4331572,0.18644673027507816,0.4198907812997028,0.9992147088050842,2,False,,,,
1766730126.4386702,0.18644673027507816,0.4198907812997028,0.9992147088050842,2,False,,,,
1766730126.4414232,0.18644673027507816,0.4198907812997028,0.9992147088050842,2,False,,,,
1766730126.4443562,0.18644673027507816,0.4198907812997028,0.9992147088050842,2,False,,,,
1766730126.446612,0.2405032045114472,0.40386107663967297,1.0,2,False,,,,
1766730126.766357,0.2405032045114472,0.40386107663967297,1.0,2,False,,,,
1766730126.7720058,0.2405032045114472,0.40386107663967297,1.0,2,False,,,,
1766730126.774615,0.2405032045114472,0.40386107663967297,1.0,2,False,,,,
1766730126.776914,0.2405032045114472,0.40386107663967297,1.0,2,False,,,,
1766730126.781468,0.20438141837223864,0.4101279429196748,1.0,2,False,,,,
1766730127.059676,0.21524091132378587,0.4031546588592023,1.0,2,False,,,,
1766730127.0666702,0.21524091132378587,0.4031546588592023,1.0,2,False,,,,
1766730127.0721102,0.21524091132378587,0.4031546588592023,1.0,2,False,,,,
1766730127.074707,0.21524091132378587,0.4031546588592023,1.0,2,False,,,,
1766730127.0772748,0.5128969652326225,0.9769267225251747,0.23286435671348496,2,False,,,,
1766730127.461301,0.5421777352726087,0.9133460594285544,0.2684673709785522,2,False,,,,
1766730127.468653,0.5421777352726087,0.9133460594285544,0.2684673709785522,2,False,,,,
1766730127.475026,0.5421777352726087,0.9133460594285544,0.2684673709785522,2,False,,,,
1766730127.47751,0.5421777352726087,0.9133460594285544,0.2684673709785522,2,False,,,,
1766730127.479876,0.3978456067851731,0.3977973378477788,0.8894016444683075,2,False,,,,
1766730127.973237,0.41091129027744355,0.38704997418480613,0.8,2,False,,,,
1766730127.9787788,0.41091129027744355,0.38704997418480613,0.8,2,False,,,,
1766730127.981643,0.41091129027744355,0.38704997418480613,0.8,2,False,,,,
1766730127.984305,0.41091129027744355,0.38704997418480613,0.8,2,False,,,,
1766730127.98651,0.8284793452299949,0.9579949453890164,0.0,2,False,,,,
1766730128.384405,0.8284793452299949,0.9579949453890164,0.0,2,False,,,,
1766730128.391854,0.8284793452299949,0.9579949453890164,0.0,2,False,,,,
1766730128.394729,0.8284793452299949,0.9579949453890164,0.0,2,False,,,,
1766730128.397385,0.7122880481984335,0.95928141614643,0.09204079773770878,2,False,,,,
1766730128.4013472,0.41113743718849427,0.79245564751682,0.9394330347362828,2,False,,,,
1766730128.8235111,0.41113743718849427,0.79245564751682,0.9394330347362828,2,False,,,,
1766730128.830843,0.41113743718849427,0.79245564751682,0.9394330347362828,2,False,,,,
1766730128.834708,0.38914896000278726,0.24922860985474082,0.09609790871402629,2,False,,,,
1766730128.8407722,0.38914896000278726,0.24922860985474082,0.09609790871402629,2,False,,,,
1766730128.8468428,0.8295310145274211,0.9590382231767067,0.0,1,False,,,,
1766730129.111725,0.8295310145274211,0.9590382231767067,0.0,1,False,,,,
1766730129.117918,0.8295310145274211,0.9590382231767067,0.0,1,False,,,,
1766730129.1207721,0.8295310145274211,0.9590382231767067,0.0,1,False,,,,
1766730129.12342,0.8295310145274211,0.9590382231767067,0.0,1,False,,,,
1766730129.126265,0.8295310145274211,0.9590382231767067,0.0,1,False,,,,
1766730129.371496,0.4111872400479831,0.8581272380265268,1.0,1,False,,,,
1766730129.380453,0.4111872400479831,0.8581272380265268,1.0,1,False,,,,
1766730129.386184,0.4111872400479831,0.8581272380265268,1.0,1,False,,,,
1766730129.389071,0.4111872400479831,0.8581272380265268,1.0,1,False,,,,
1766730129.3913238,0.3682734691418825,0.33534278827494046,1.0,2,False,,,,
1766730129.724122,0.3682734691418825,0.33534278827494046,1.0,2,False,,,,
1766730129.730569,0.3682734691418825,0.33534278827494046,1.0,2,False,,,,
1766730129.733232,0.3682734691418825,0.33534278827494046,1.0,2,False,,,,
1766730129.735883,0.3682734691418825,0.33534278827494046,1.0,2,False,,,,
1766730129.738871,0.3919670308549129,0.35983744876607493,1.0,2,False,,,,
1766730130.220414,0.3919670308549129,0.35983744876607493,1.0,2,False,,,,
1766730130.227773,0.3919670308549129,0.35983744876607493,1.0,2,False,,,,
1766730130.230104,0.3919670308549129,0.35983744876607493,1.0,2,False,,,,
1766730130.2324622,0.3919670308549129,0.35983744876607493,1.0,2,False,,,,
1766730130.235203,0.37211715641466314,0.3451913423459825,1.0,2,False,,,,
1766730130.5861278,0.37211715641466314,0.3451913423459825,1.0,2,False,,,,
1766730130.593077,0.37211715641466314,0.3451913423459825,1.0,2,False,,,,
1766730130.597674,0.37211715641466314,0.3451913423459825,1.0,2,False,,,,
1766730130.600286,0.37211715641466314,0.3451913423459825,1.0,2,False,,,,
1766730130.6026921,0.3875118335168585,0.3470197996246738,1.0,2,False,,,,
1766730131.0410922,0.3875118335168585,0.3470197996246738,1.0,2,False,,,,
1766730131.047562,0.38682446745106636,0.34640674646185765,1.0,2,False,,,,
1766730131.050438,0.38682446745106636,0.34640674646185765,1.0,2,False,,,,
1766730131.056745,0.38682446745106636,0.34640674646185765,1.0,2,False,,,,
1766730131.059401,0.37990708891238895,0.335979624530375,1.0,2,False,,,,
1766730131.452152,0.380695053763182,0.33531206601510166,1.0,2,False,,,,
1766730131.457597,0.380695053763182,0.33531206601510166,1.0,2,False,,,,
1766730131.463616,0.380695053763182,0.33531206601510166,1.0,2,False,,,,
1766730131.466652,0.380695053763182,0.33531206601510166,1.0,2,False,,,,
1766730131.471355,0.33095488925781674,0.39354606474152076,0.22090111782320718,2,False,,,,
1766730131.963069,0.33095488925781674,0.39354606474152076,0.22090111782320718,2,False,,,,
1766730131.9683998,0.33095488925781674,0.39354606474152076,0.22090111782320718,2,False,,,,
1766730131.971176,0.33095488925781674,0.39354606474152076,0.22090111782320718,2,False,,,,
1766730131.974088,0.33095488925781674,0.39354606474152076,0.22090111782320718,2,False,,,,
1766730131.976515,0.34707337502615737,0.41666358714529195,0.2165161749693218,2,False,,,,
1766730132.7785358,0.34707337502615737,0.41666358714529195,0.2165161749693218,2,False,,,,
1766730132.784678,0.34707337502615737,0.41666358714529195,0.2165161749693218,2,False,,,,
1766730132.787453,0.34607361888534705,0.4026537547486022,0.20462338284856882,2,False,,,,
1766730132.790327,0.3563127886158048,0.4688731718167468,0.22048394568547844,2,False,,,,
1766730132.7928472,0.20161687612954343,0.17072589204546518,0.9421629309654236,2,False,,,,
1766730133.19213,0.30616718025138334,0.3054464786904352,0.9555138051509857,2,False,,,,
1766730133.198217,0.30616718025138334,0.3054464786904352,0.9555138051509857,2,False,,,,
1766730133.2036211,0.30616718025138334,0.3054464786904352,0.9555138051509857,2,False,,,,
1766730133.206311,0.30616718025138334,0.3054464786904352,0.9555138051509857,2,False,,,,
1766730133.208651,0.5429144515176078,0.7938130062695232,0.4171085938642479,2,False,,,,
1766730133.581283,0.5429144515176078,0.7938130062695232,0.4171085938642479,2,False,,,,
1766730133.587292,0.5429144515176078,0.7938130062695232,0.4171085938642479,2,False,,,,
1766730133.5902112,0.5429144515176078,0.7938130062695232,0.4171085938642479,2,False,,,,
1766730133.5933282,0.5555506403833562,0.7818859738997445,0.35542810122275775,2,False,,,,
1766730133.595945,0.29615939928805324,0.22266810288035666,0.9355767071247101,2,False,,,,
1766730134.110626,0.29615939928805324,0.22266810288035666,0.9355767071247101,2,False,,,,
1766730134.116679,0.29615939928805324,0.22266810288035666,0.9355767071247101,2,False,,,,
1766730134.119147,0.29615939928805324,0.22266810288035666,0.9355767071247101,2,False,,,,
1766730134.124047,0.29615939928805324,0.22266810288035666,0.9355767071247101,2,False,,,,
1766730134.126365,0.2989356876567254,0.200837888563706,0.9225073158740997,1,False,,,,
1766730134.521931,0.2989356876567254,0.200837888563706,0.9225073158740997,1,False,,,,
1766730134.5285811,0.2989356876567254,0.200837888563706,0.9225073158740997,1,False,,,,
1766730134.531359,0.2989356876567254,0.200837888563706,0.9225073158740997,1,False,,,,
1766730134.5340748,0.2975605529637012,0.20036338421828126,0.8762405812740326,1,False,,,,
1766730134.53735,0.2930983688681796,0.22192934041519252,0.9546567797660828,2,False,,,,
1766730134.9109278,0.2930983688681796,0.22192934041519252,0.9546567797660828,2,False,,,,
1766730134.916348,0.2930983688681796,0.22192934041519252,0.9546567797660828,2,False,,,,
1766730134.918955,0.2930983688681796,0.22192934041519252,0.9546567797660828,2,False,,,,
1766730134.9214919,0.2930983688681796,0.22192934041519252,0.9546567797660828,2,False,,,,
1766730134.923927,0.3092634571303317,0.2285307996171162,0.9354858100414276,2,False,,,,
1766730135.246379,0.3092634571303317,0.2285307996171162,0.9354858100414276,2,False,,,,
1766730135.2523289,0.3092634571303317,0.2285307996171162,0.9354858100414276,2,False,,,,
1766730135.255362,0.3092634571303317,0.2285307996171162,0.9354858100414276,2,False,,,,
1766730135.257813,0.3092634571303317,0.2285307996171162,0.9354858100414276,2,False,,,,
1766730135.260156,0.22154469434249754,0.6107415295177714,1.0,2,False,,,,
1766730136.262893,0.22154469434249754,0.6107415295177714,1.0,2,False,,,,
1766730136.270731,0.22154469434249754,0.6107415295177714,1.0,2,False,,,,
1766730136.274046,0.21914651070111021,0.6152095019978885,1.0,2,False,,,,
1766730136.276902,0.21914651070111021,0.6152095019978885,1.0,2,False,,,,
1766730136.28015,0.3169287591347001,0.7573546706166572,1.0,2,False,,,,
1766730136.843901,0.3169287591347001,0.7573546706166572,1.0,2,False,,,,
1766730136.85068,0.2362207425677644,0.7665842729177413,1.0,2,False,,,,
1766730136.85598,0.2362207425677644,0.7665842729177413,1.0,2,False,,,,
1766730136.8622022,0.2362207425677644,0.7665842729177413,1.0,2,False,,,,
1766730136.865056,0.306334626786182,1.0087721605730307,0.8839647769927979,2,False,,,,
1766730137.3924239,0.306334626786182,1.0087721605730307,0.8839647769927979,2,False,,,,
1766730137.398824,0.306334626786182,1.0087721605730307,0.8839647769927979,2,False,,,,
1766730137.401487,0.306334626786182,1.0087721605730307,0.8839647769927979,2,False,,,,
1766730137.403866,0.306334626786182,1.0087721605730307,0.8839647769927979,2,False,,,,
1766730137.4065511,0.596058398207165,0.5289412371656644,0.42899558695444123,2,False,,,,
1766730137.691562,0.596058398207165,0.5289412371656644,0.42899558695444123,2,False,,,,
1766730137.697563,0.596058398207165,0.5289412371656644,0.42899558695444123,2,False,,,,
1766730137.700809,0.596058398207165,0.5289412371656644,0.42899558695444123,2,False,,,,
1766730137.703156,0.596058398207165,0.5289412371656644,0.42899558695444123,2,False,,,,
1766730137.708274,0.5847890376696017,0.6043672695713194,0.47932687836559046,2,False,,,,
1766730138.006111,0.5847890376696017,0.6043672695713194,0.47932687836559046,2,False,,,,
1766730138.0117278,0.5847890376696017,0.6043672695713194,0.47932687836559046,2,False,,,,
1766730138.014813,0.5847890376696017,0.6043672695713194,0.47932687836559046,2,False,,,,
1766730138.018246,0.5852562140288307,0.6047658301845,0.431148610088617,2,False,,,,
1766730138.02208,0.5659456409729658,0.5648907129363336,0.13642914396799347,2,False,,,,
1766730138.415471,0.61784450051657,0.25143568961991847,1.0,2,False,,,,
1766730138.421588,0.586460789419722,0.35100414188369644,0.1645270801101464,2,False,,,,
1766730138.427531,0.586460789419722,0.35100414188369644,0.1645270801101464,2,False,,,,
1766730138.431065,0.586460789419722,0.35100414188369644,0.1645270801101464,2,False,,,,
1766730138.433978,0.27635505800695565,0.2827767255984789,0.9690059721469879,1,False,,,,
1766730138.680522,0.27635505800695565,0.2827767255984789,0.9690059721469879,1,False,,,,
1766730138.685784,0.2678668993426213,0.24563682525885888,0.8926061391830444,1,False,,,,
1766730138.688395,0.2678668993426213,0.24563682525885888,0.8926061391830444,1,False,,,,
1766730138.6909509,0.2678668993426213,0.24563682525885888,0.8926061391830444,1,False,,,,
1766730138.695372,0.49790026845801927,0.8211376482679842,0.28294894916987234,1,False,,,,
1766730139.132853,0.49790026845801927,0.8211376482679842,0.28294894916987234,1,False,,,,
1766730139.13983,0.49790026845801927,0.8211376482679842,0.28294894916987234,1,False,,,,
1766730139.1423512,0.49790026845801927,0.8211376482679842,0.28294894916987234,1,False,,,,
1766730139.145598,0.49790026845801927,0.8211376482679842,0.28294894916987234,1,False,,,,
1766730139.147979,0.2540688659442144,0.8526359135705138,1.0,2,False,,,,
1766730139.6389241,0.2540688659442144,0.8526359135705138,1.0,2,False,,,,
1766730139.646564,0.2540688659442144,0.8526359135705138,1.0,2,False,,,,
1766730139.649315,0.2540688659442144,0.8526359135705138,1.0,2,False,,,,
1766730139.6550558,0.2540688659442144,0.8526359135705138,1.0,2,False,,,,
1766730139.658447,0.22314653968079146,0.934485394280967,1.0,2,False,,,,
1766730140.051248,0.22314653968079146,0.934485394280967,1.0,2,False,,,,
1766730140.057201,0.22314653968079146,0.934485394280967,1.0,2,False,,,,
1766730140.0603552,0.22273091250937876,0.9420798256125394,1.0,2,False,,,,
1766730140.064319,0.22626868185925436,0.9559875382389312,1.0,2,False,,,,
1766730140.067332,0.3105246859964197,0.8814355201574394,1.0,2,False,,,,
1766730140.46644,0.31347766466323745,0.8862365750138439,0.980931282043457,2,False,,,,
1766730140.473212,0.31347766466323745,0.8862365750138439,0.980931282043457,2,False,,,,
1766730140.478699,0.31347766466323745,0.8862365750138439,0.980931282043457,2,False,,,,
1766730140.481566,0.31347766466323745,0.8862365750138439,0.980931282043457,2,False,,,,
1766730140.4843662,0.5739149871386884,0.6078141405284941,0.44417070227149646,2,False,,,,
1766730140.793107,0.5739149871386884,0.6078141405284941,0.44417070227149646,2,False,,,,
1766730140.799683,0.5667388538026772,0.6633555296247313,0.21339074520271997,2,False,,,,
1766730140.804019,0.5667388538026772,0.6633555296247313,0.21339074520271997,2,False,,,,
1766730140.8109381,0.5667388538026772,0.6633555296247313,0.21339074520271997,2,False,,,,
1766730140.81371,0.31037520681050246,0.2683533264826983,0.8323213160037994,2,False,,,,
1766730141.1798332,0.31037520681050246,0.2683533264826983,0.8323213160037994,2,False,,,,
1766730141.186065,0.31037520681050246,0.2683533264826983,0.8323213160037994,2,False,,,,
1766730141.1886468,0.31037520681050246,0.2683533264826983,0.8323213160037994,2,False,,,,
1766730141.191203,0.31037520681050246,0.2683533264826983,0.8323213160037994,2,False,,,,
1766730141.1941109,0.31156268498789286,0.22183918379619472,0.9398661255836487,3,False,,,,
1766730141.7103739,0.31156268498789286,0.22183918379619472,0.9398661255836487,3,False,,,,
1766730141.7185311,0.31156268498789286,0.22183918379619472,0.9398661255836487,3,False,,,,
1766730141.723247,0.31156268498789286,0.22183918379619472,0.9398661255836487,3,False,,,,
1766730141.725665,0.31156268498789286,0.22183918379619472,0.9398661255836487,3,False,,,,
1766730141.7280629,0.3077533056142841,0.24798660854814947,1.0,2,False,,,,
1766730142.1045241,0.30819805868126265,0.24862875012847008,1.0,2,False,,,,
1766730142.113135,0.3080777468423319,0.2477832855318748,1.0,2,False,,,,
1766730142.119336,0.3080777468423319,0.2477832855318748,1.0,2,False,,,,
1766730142.1219141,0.3080777468423319,0.2477832855318748,1.0,2,False,,,,
1766730142.124171,0.30683666167301626,0.23654227644468462,1.0,2,False,,,,
1766730142.5106828,0.3067038737698411,0.23684632791018212,0.9663965702056885,2,False,,,,
1766730142.51715,0.3067038737698411,0.23684632791018212,0.9663965702056885,2,False,,,,
1766730142.522325,0.3067038737698411,0.23684632791018212,0.9663965702056885,2,False,,,,
1766730142.524899,0.3067038737698411,0.23684632791018212,0.9663965702056885,2,False,,,,
1766730142.529282,0.30457592311954607,0.2299086948272342,0.9411507546901703,1,False,,,,
1766730142.773723,0.3131261987506403,0.2473477894668411,0.9172579050064087,1,False,,,,
1766730142.779915,0.31403965430449665,0.2524909956871424,0.9311254620552063,1,False,,,,
1766730142.786185,0.31403965430449665,0.2524909956871424,0.9311254620552063,1,False,,,,
1766730142.789061,0.31403965430449665,0.2524909956871424,0.9311254620552063,1,False,,,,
1766730142.791614,0.31433417179975737,0.2586910187084712,0.9603445827960968,1,False,,,,
1766730143.0435042,0.30921061763485425,0.25538747578430954,0.9381937980651855,1,False,,,,
1766730143.0495412,0.30921061763485425,0.25538747578430954,0.9381937980651855,1,False,,,,
1766730143.0545762,0.30921061763485425,0.25538747578430954,0.9381937980651855,1,False,,,,
1766730143.057167,0.30921061763485425,0.25538747578430954,0.9381937980651855,1,False,,,,
1766730143.059615,0.24273886324817368,0.4357886851898305,1.0,2,False,,,,
1766730144.045144,0.24273886324817368,0.4357886851898305,1.0,2,False,,,,
1766730144.050982,0.24459653907351103,0.43508946254658376,1.0,2,False,,,,
1766730144.0543869,0.24459653907351103,0.43508946254658376,1.0,2,False,,,,
1766730144.057643,0.24459653907351103,0.43508946254658376,1.0,2,False,,,,
1766730144.064671,0.22366273383617993,0.49911047710129486,1.0,2,False,,,,
1766730144.3596401,0.22366273383617993,0.49911047710129486,1.0,2,False,,,,
1766730144.366122,0.22366273383617993,0.49911047710129486,1.0,2,False,,,,
1766730144.369005,0.22366273383617993,0.49911047710129486,1.0,2,False,,,,
1766730144.371924,0.22366273383617993,0.49911047710129486,1.0,2,False,,,,
1766730144.374346,0.24070814216852177,0.527553802438419,1.0,2,False,,,,
1766730144.707445,0.24070814216852177,0.527553802438419,1.0,2,False,,,,
1766730144.713909,0.24070814216852177,0.527553802438419,1.0,2,False,,,,
1766730144.717269,0.24087319362706974,0.5332770576868577,1.0,2,False,,,,
1766730144.723399,0.23825192184086616,0.5300548564066783,1.0,2,False,,,,
1766730144.7308018,0.22171453090974932,0.5360016394407089,1.0,2,False,,,,
1766730145.1708229,0.22171453090974932,0.5360016394407089,1.0,2,False,,,,
1766730145.1764932,0.22171453090974932,0.5360016394407089,1.0,2,False,,,,
1766730145.180452,0.22171453090974932,0.5360016394407089,1.0,2,False,,,,
1766730145.1828969,0.22171453090974932,0.5360016394407089,1.0,2,False,,,,
1766730145.185614,0.20946066268349733,0.5910032924045373,1.0,2,False,,,,
1766730145.484757,0.20946066268349733,0.5910032924045373,1.0,2,False,,,,
1766730145.491083,0.20753599747255183,0.5761709149862195,1.0,2,False,,,,
1766730145.495054,0.20753599747255183,0.5761709149862195,1.0,2,False,,,,
1766730145.50193,0.20753599747255183,0.5761709149862195,1.0,2,False,,,,
1766730145.504715,0.23492018612788995,0.5851176251445579,0.9402019679546356,2,False,,,,
1766730145.995991,0.23919984815147285,0.5923578407444702,0.9874384999275208,2,False,,,,
1766730146.002246,0.23919984815147285,0.5923578407444702,0.9874384999275208,2,False,,,,
1766730146.008585,0.23919984815147285,0.5923578407444702,0.9874384999275208,2,False,,,,
1766730146.0115368,0.23919984815147285,0.5923578407444702,0.9874384999275208,2,False,,,,
1766730146.014157,0.20436190255412306,0.5705487726868567,0.9105496406555176,2,False,,,,
1766730146.608208,0.20436190255412306,0.5705487726868567,0.9105496406555176,2,False,,,,
1766730146.613895,0.20436190255412306,0.5705487726868567,0.9105496406555176,2,False,,,,
1766730146.6169941,0.20436190255412306,0.5705487726868567,0.9105496406555176,2,False,,,,
1766730146.619427,0.20436190255412306,0.5705487726868567,0.9105496406555176,2,False,,,,
1766730146.6220548,0.2041067505381653,0.5860678460044797,0.9159218072891235,2,False,,,,
1766730147.11985,0.2041067505381653,0.5860678460044797,0.9159218072891235,2,False,,,,
1766730147.126118,0.2041067505381653,0.5860678460044797,0.9159218072891235,2,False,,,,
1766730147.13169,0.20579047041125245,0.588535353481466,0.9776967763900757,2,False,,,,
1766730147.134757,0.2049079748539823,0.5944789482587649,0.9234294593334198,2,False,,,,
1766730147.139616,0.19468668538863337,0.581106207630514,0.9801344871520996,2,False,,,,
1766730147.532942,0.1950944731272926,0.5794002976976879,0.9063694179058075,2,False,,,,
1766730147.53967,0.19091681533221777,0.5783675204184977,0.9672786891460419,2,False,,,,
1766730147.5469282,0.19091681533221777,0.5783675204184977,0.9672786891460419,2,False,,,,
1766730147.549858,0.19091681533221777,0.5783675204184977,0.9672786891460419,2,False,,,,
1766730147.552458,0.19112664460489595,0.5780818203953179,0.8824235796928406,2,False,,,,
1766730147.888161,0.19112664460489595,0.5780818203953179,0.8824235796928406,2,False,,,,
1766730147.8942132,0.19112664460489595,0.5780818203953179,0.8824235796928406,2,False,,,,
1766730147.897485,0.19112664460489595,0.5780818203953179,0.8824235796928406,2,False,,,,
1766730147.90023,0.19596192762241255,0.5802218087706257,0.8541799485683441,2,False,,,,
1766730147.9057221,0.19724193622180525,0.5959038820335054,0.9166022837162018,2,False,,,,
1766730148.244083,0.19791784545945146,0.5954489824203302,0.9166022837162018,2,False,,,,
1766730148.2513049,0.19791784545945146,0.5954489824203302,0.9166022837162018,2,False,,,,
1766730148.2570748,0.19791784545945146,0.5954489824203302,0.9166022837162018,2,False,,,,
1766730148.2597451,0.19791784545945146,0.5954489824203302,0.9166022837162018,2,False,,,,
1766730148.2621791,0.5826958453837644,0.5411540414410679,0.40302296417419575,2,False,,,,
1766730148.551595,0.5826958453837644,0.5411540414410679,0.40302296417419575,2,False,,,,
1766730148.5570822,0.5826958453837644,0.5411540414410679,0.40302296417419575,2,False,,,,
1766730148.559988,0.5826958453837644,0.5411540414410679,0.40302296417419575,2,False,,,,
1766730148.562342,0.5826958453837644,0.5411540414410679,0.40302296417419575,2,False,,,,
1766730148.565127,0.16944429695339275,0.5198803149352993,0.8988137574893037,2,False,,,,
1766730148.915162,0.17203705617082427,0.5304499746410767,0.9492861032485962,2,False,,,,
1766730148.9214249,0.17203705617082427,0.5304499746410767,0.9492861032485962,2,False,,,,
1766730148.927624,0.17203705617082427,0.5304499746410767,0.9492861032485962,2,False,,,,
1766730148.930484,0.17203705617082427,0.5304499746410767,0.9492861032485962,2,False,,,,
1766730148.933084,0.16470451468015712,0.6469537580984212,0.9362166523933411,2,False,,,,
1766730149.3727748,0.16470451468015712,0.6469537580984212,0.9362166523933411,2,False,,,,
1766730149.3788118,0.15851612369075957,0.6173844399006003,0.9087007641792297,2,False,,,,
1766730149.383646,0.15851612369075957,0.6173844399006003,0.9087007641792297,2,False,,,,
1766730149.3905149,0.15851612369075957,0.6173844399006003,0.9087007641792297,2,False,,,,
1766730149.393661,0.5772770066934717,0.5868775790259657,0.421823799104466,2,False,,,,
1766730149.731605,0.5772770066934717,0.5868775790259657,0.421823799104466,2,False,,,,
1766730149.7370958,0.5772770066934717,0.5868775790259657,0.421823799104466,2,False,,,,
1766730149.740117,0.5772770066934717,0.5868775790259657,0.421823799104466,2,False,,,,
1766730149.745374,0.5779423682350879,0.5872943570908054,0.43025348661695084,2,False,,,,
1766730149.7480252,0.5722647819310416,0.5114438384327139,0.3534406681546641,2,False,,,,
1766730150.191157,0.5722647819310416,0.5114438384327139,0.3534406681546641,2,False,,,,
1766730150.197613,0.5722647819310416,0.5114438384327139,0.3534406681546641,2,False,,,,
1766730150.2006679,0.5722647819310416,0.5114438384327139,0.3534406681546641,2,False,,,,
1766730150.203207,0.5722647819310416,0.5114438384327139,0.3534406681546641,2,False,,,,
1766730150.205602,0.5798158724837282,0.5164502925550275,0.3267122638242526,2,False,,,,
1766730150.545509,0.5798158724837282,0.5164502925550275,0.3267122638242526,2,False,,,,
1766730150.552118,0.5835466908522832,0.5082998477505218,0.3459810319520817,2,False,,,,
1766730150.5556722,0.5835466908522832,0.5082998477505218,0.3459810319520817,2,False,,,,
1766730150.562516,0.5835466908522832,0.5082998477505218,0.3459810319520817,2,False,,,,
1766730150.565228,0.22108204915096324,0.6410786173536702,0.8592790067195892,2,False,,,,
1766730151.0100758,0.22108204915096324,0.6410786173536702,0.8592790067195892,2,False,,,,
1766730151.0161889,0.2105659198906813,0.6248456797862759,0.858532577753067,2,False,,,,
1766730151.020064,0.5728957073307432,0.5554829767233976,0.4311893067318573,2,False,,,,
1766730151.024226,0.5728957073307432,0.5554829767233976,0.4311893067318573,2,False,,,,
1766730151.031073,0.5845119791135182,0.5278111512804413,0.41317162663694834,2,False,,,,
1766730151.520885,0.5903655522302691,0.5325628747308826,0.39732125937202567,2,False,,,,
1766730151.527981,0.5903655522302691,0.5325628747308826,0.39732125937202567,2,False,,,,
1766730151.534328,0.5903655522302691,0.5325628747308826,0.39732125937202567,2,False,,,,
1766730151.5376902,0.5903655522302691,0.5325628747308826,0.39732125937202567,2,False,,,,
1766730151.5403142,0.575064694195164,0.551351754131732,0.3688213705623291,2,False,,,,
1766730151.901406,0.575064694195164,0.551351754131732,0.3688213705623291,2,False,,,,
1766730151.907232,0.575064694195164,0.551351754131732,0.3688213705623291,2,False,,,,
1766730151.912693,0.575064694195164,0.551351754131732,0.3688213705623291,2,False,,,,
1766730151.9157052,0.575064694195164,0.551351754131732,0.3688213705623291,2,False,,,,
1766730151.918543,0.563105512433731,0.5842922174716282,0.40779499457177865,2,False,,,,
1766730152.338685,0.563105512433731,0.5842922174716282,0.40779499457177865,2,False,,,,
1766730152.344448,0.563105512433731,0.5842922174716282,0.40779499457177865,2,False,,,,
1766730152.347127,0.563105512433731,0.5842922174716282,0.40779499457177865,2,False,,,,
1766730152.3497071,0.563105512433731,0.5842922174716282,0.40779499457177865,2,False,,,,
1766730152.352809,0.5671133477353838,0.3845334370705331,1.0,2,False,,,,
1766730152.66767,0.5919242155015584,0.5714078387401075,0.2658634582028934,2,False,,,,
1766730152.674447,0.5919242155015584,0.5714078387401075,0.2658634582028934,2,False,,,,
1766730152.679842,0.5919242155015584,0.5714078387401075,0.2658634582028934,2,False,,,,
1766730152.6831858,0.5919242155015584,0.5714078387401075,0.2658634582028934,2,False,,,,
1766730152.6892202,0.5805334198950669,0.5617114663957578,0.394003175744624,2,False,,,,
1766730153.058073,0.5805334198950669,0.5617114663957578,0.394003175744624,2,False,,,,
1766730153.0647318,0.5731050658206862,0.5871251751846975,0.2904302541385993,2,False,,,,
1766730153.068908,0.5731050658206862,0.5871251751846975,0.2904302541385993,2,False,,,,
1766730153.0751832,0.5731050658206862,0.5871251751846975,0.2904302541385993,2,False,,,,
1766730153.078131,0.5651755980199951,0.6412304905381377,0.4033171530155231,2,False,,,,
1766730153.465905,0.5456789069086876,0.35693752691460934,1.0,2,True,0.4767742156982422,0.3034241199493408,0.0660778060555458,0.13862244784832
1766730153.473376,0.5456789069086876,0.35693752691460934,1.0,2,True,0.4767742156982422,0.3034241199493408,0.0660778060555458,0.13862244784832
1766730153.4789,0.5456789069086876,0.35693752691460934,1.0,2,True,0.4767742156982422,0.3034241199493408,0.0660778060555458,0.13862244784832
1766730153.481552,0.5456789069086876,0.35693752691460934,1.0,2,True,0.4767742156982422,0.3034241199493408,0.0660778060555458,0.13862244784832
1766730153.484287,0.5759502945212778,0.5407901074875661,0.19078685224155356,2,False,,,,
1766730153.8374379,0.5759502945212778,0.5407901074875661,0.19078685224155356,2,False,,,,
1766730153.843652,0.5759502945212778,0.5407901074875661,0.19078685224155356,2,False,,,,
1766730153.849198,0.5759502945212778,0.5407901074875661,0.19078685224155356,2,False,,,,
1766730153.851912,0.5759502945212778,0.5407901074875661,0.19078685224155356,2,False,,,,
1766730153.854193,0.3013279055703331,0.23901066305040575,0.9775289297103882,2,False,,,,
1766730154.386922,0.3013279055703331,0.23901066305040575,0.9775289297103882,2,False,,,,
1766730154.3942568,0.3013279055703331,0.23901066305040575,0.9775289297103882,2,False,,,,
1766730154.396838,0.3013279055703331,0.23901066305040575,0.9775289297103882,2,False,,,,
1766730154.399404,0.3013279055703331,0.23901066305040575,0.9775289297103882,2,False,,,,
1766730154.401727,0.29580949896446473,0.2270362188646815,1.0,0,False,,,,
1766730154.6852212,0.29580949896446473,0.2270362188646815,1.0,0,False,,,,
1766730154.691427,0.29580949896446473,0.2270362188646815,1.0,0,False,,,,
1766730154.694099,0.29580949896446473,0.2270362188646815,1.0,0,False,,,,
1766730154.6987588,0.29580949896446473,0.2270362188646815,1.0,0,False,,,,
1766730154.701392,0.2971386059938346,0.2399620873312992,0.9572206437587738,0,False,,,,
1766730154.915165,0.2971386059938346,0.2399620873312992,0.9572206437587738,0,False,,,,
1766730154.920096,0.2971386059938346,0.2399620873312992,0.9572206437587738,0,False,,,,
1766730154.9226081,0.2971386059938346,0.2399620873312992,0.9572206437587738,0,False,,,,
1766730154.924775,0.2971386059938346,0.2399620873312992,0.9572206437587738,0,False,,,,
1766730154.926944,0.2914131788503478,0.22051146371651775,0.9941711127758026,1,False,,,,
1766730155.17783,0.293205627968936,0.22591716062985945,0.990135908126831,1,False,,,,
1766730155.183635,0.293205627968936,0.22591716062985945,0.990135908126831,1,False,,,,
1766730155.188425,0.293205627968936,0.22591716062985945,0.990135908126831,1,False,,,,
1766730155.191051,0.293205627968936,0.22591716062985945,0.990135908126831,1,False,,,,
1766730155.193426,0.29480588890639875,0.22958906534202073,0.9377066195011139,1,False,,,,
1766730155.564387,0.29480588890639875,0.22958906534202073,0.9377066195011139,1,False,,,,
1766730155.569331,0.29480588890639875,0.22958906534202073,0.9377066195011139,1,False,,,,
1766730155.572598,0.29480588890639875,0.22958906534202073,0.9377066195011139,1,False,,,,
1766730155.574913,0.29480588890639875,0.22958906534202073,0.9377066195011139,1,False,,,,
1766730155.578182,0.29859329233666276,0.2351656567318976,0.9574533104896545,1,False,,,,
1766730155.860384,0.29859329233666276,0.2351656567318976,0.9574533104896545,1,False,,,,
1766730155.8650298,0.29859329233666276,0.2351656567318976,0.9574533104896545,1,False,,,,
1766730155.867548,0.29859329233666276,0.2351656567318976,0.9574533104896545,1,False,,,,
1766730155.869766,0.29859329233666276,0.2351656567318976,0.9574533104896545,1,False,,,,
1766730155.872132,0.3004232935395087,0.24084880089398253,0.968843936920166,1,False,,,,
1766730156.231342,0.3004232935395087,0.24084880089398253,0.968843936920166,1,False,,,,
1766730156.235937,0.3004232935395087,0.24084880089398253,0.968843936920166,1,False,,,,
1766730156.240694,0.3004232935395087,0.24084880089398253,0.968843936920166,1,False,,,,
1766730156.243283,0.2985132709155839,0.2407041276790023,0.968961626291275,1,False,,,,
1766730156.2458858,0.29239421842144037,0.23131827498644475,1.0,1,False,,,,
1766730156.481458,0.29248970602433955,0.2305428224444538,0.953193187713623,1,False,,,,
1766730156.487117,0.2922961103208387,0.22998338884934044,0.953193187713623,1,False,,,,
1766730156.4934242,0.2922961103208387,0.22998338884934044,0.953193187713623,1,False,,,,
1766730156.496011,0.2922961103208387,0.22998338884934044,0.953193187713623,1,False,,,,
1766730156.4985101,0.2876794857175894,0.2349575565621076,0.9204639792442322,1,False,,,,
1766730156.742849,0.2876794857175894,0.2349575565621076,0.9204639792442322,1,False,,,,
1766730156.747593,0.28732176654016645,0.23412327837978264,0.9204639792442322,1,False,,,,
1766730156.7503822,0.288316229701714,0.23540133359327453,0.9595977962017059,1,False,,,,
1766730156.7535338,0.288316229701714,0.23540133359327453,0.9595977962017059,1,False,,,,
1766730156.759434,0.299902968198149,0.25369365223339,0.9886820912361145,1,False,,,,
1766730157.16198,0.299902968198149,0.25369365223339,0.9886820912361145,1,False,,,,
1766730157.1673632,0.299902968198149,0.25369365223339,0.9886820912361145,1,False,,,,
1766730157.170051,0.299902968198149,0.25369365223339,0.9886820912361145,1,False,,,,
1766730157.172339,0.299902968198149,0.25369365223339,0.9886820912361145,1,False,,,,
1766730157.174796,0.30200073802643107,0.27573198031421275,1.0,1,False,,,,
1766730157.435325,0.30200073802643107,0.27573198031421275,1.0,1,False,,,,
1766730157.4399328,0.30200073802643107,0.27573198031421275,1.0,1,False,,,,
1766730157.442776,0.30200073802643107,0.27573198031421275,1.0,1,False,,,,
1766730157.445461,0.30200073802643107,0.27573198031421275,1.0,1,False,,,,
1766730157.447614,0.27251201776823936,0.21772553216008683,1.0,0,False,,,,
1766730157.651592,0.2717570733303417,0.2169092250739253,1.0,0,False,,,,
1766730157.6566248,0.2932688375912698,0.2774560115714293,0.8,0,False,,,,
1766730157.659275,0.2932688375912698,0.2774560115714293,0.8,0,False,,,,
1766730157.6649852,0.2932688375912698,0.2774560115714293,0.8,0,False,,,,
1766730157.667727,0.3023504982573547,0.2637522000125423,0.9502967894077301,1,False,,,,
1766730158.713237,0.3023504982573547,0.2637522000125423,0.9502967894077301,1,False,,,,
1766730158.719101,0.3023504982573547,0.2637522000125423,0.9502967894077301,1,False,,,,
1766730158.722927,0.3023504982573547,0.2637522000125423,0.9502967894077301,1,False,,,,
1766730158.726502,0.29423322681883335,0.23174202643256536,0.9147281384690018,1,False,,,,
1766730158.729263,0.2426099229647718,0.3691147020302553,1.0,1,False,,,,
1766730159.0999308,0.2432005688291899,0.3619524670225269,1.0,1,False,,,,
1766730159.108145,0.2432005688291899,0.3619524670225269,1.0,1,False,,,,
1766730159.113596,0.2432005688291899,0.3619524670225269,1.0,1,False,,,,
1766730159.11843,0.2432005688291899,0.3619524670225269,1.0,1,False,,,,
1766730159.1216938,0.22491710739411483,0.40255877404639473,1.0,2,False,,,,
1766730159.607769,0.22491710739411483,0.40255877404639473,1.0,2,False,,,,
1766730159.615566,0.22491710739411483,0.40255877404639473,1.0,2,False,,,,
1766730159.618134,0.22491710739411483,0.40255877404639473,1.0,2,False,,,,
1766730159.6208441,0.22491710739411483,0.40255877404639473,1.0,2,False,,,,
1766730159.623866,0.16935305847113985,0.30597794336427686,1.0,2,False,,,,
1766730160.1418061,0.16935305847113985,0.30597794336427686,1.0,2,False,,,,
1766730160.148575,0.16935305847113985,0.30597794336427686,1.0,2,False,,,,
1766730160.151596,0.16935305847113985,0.30597794336427686,1.0,2,False,,,,
1766730160.154616,0.16935305847113985,0.30597794336427686,1.0,2,False,,,,
1766730160.15721,0.35015057542493844,0.3455172456895337,0.99,2,False,,,,
1766730160.613941,0.35015057542493844,0.3455172456895337,0.99,2,False,,,,
1766730160.621449,0.35015057542493844,0.3455172456895337,0.99,2,False,,,,
1766730160.6244621,0.35015057542493844,0.3455172456895337,0.99,2,False,,,,
1766730160.626764,0.35015057542493844,0.3455172456895337,0.99,2,False,,,,
1766730160.629063,0.2616179805528375,0.20948186655547474,1.0,2,False,,,,
1766730161.045365,0.2616179805528375,0.20948186655547474,1.0,2,False,,,,
1766730161.0528882,0.2616179805528375,0.20948186655547474,1.0,2,False,,,,
1766730161.0554712,0.2616179805528375,0.20948186655547474,1.0,2,False,,,,
1766730161.058017,0.2616179805528375,0.20948186655547474,1.0,2,False,,,,
1766730161.060871,0.12154451718573292,0.263741207759731,1.0,1,False,,,,
1766730161.4564228,0.12154451718573292,0.263741207759731,1.0,1,False,,,,
1766730161.463052,0.12154451718573292,0.263741207759731,1.0,1,False,,,,
1766730161.467731,0.12154451718573292,0.263741207759731,1.0,1,False,,,,
1766730161.470283,0.12154451718573292,0.263741207759731,1.0,1,False,,,,
1766730161.473129,0.16999932843808266,0.28937657039039766,1.0,2,False,,,,
1766730161.75568,0.16999932843808266,0.28937657039039766,1.0,2,False,,,,
1766730161.76303,0.16999932843808266,0.28937657039039766,1.0,2,False,,,,
1766730161.7656078,0.16999932843808266,0.28937657039039766,1.0,2,False,,,,
1766730161.7684228,0.16999932843808266,0.28937657039039766,1.0,2,False,,,,
1766730161.771137,0.1289714349963861,0.20637325526379302,1.0,2,False,,,,
1766730162.1720362,0.1289714349963861,0.20637325526379302,1.0,2,False,,,,
1766730162.178853,0.12391641429475761,0.30385027324321445,1.0,2,False,,,,
1766730162.1823301,0.12391641429475761,0.30385027324321445,1.0,2,False,,,,
1766730162.1861918,0.12391641429475761,0.30385027324321445,1.0,2,False,,,,
1766730162.1915991,0.13541120189387593,0.3567473654359402,1.0,2,False,,,,
1766730162.579903,0.13531298514934553,0.3533281178762313,1.0,2,False,,,,
1766730162.5872781,0.1348709643845923,0.36381699503149134,1.0,2,False,,,,
1766730162.5938718,0.1348709643845923,0.36381699503149134,1.0,2,False,,,,
1766730162.596711,0.1348709643845923,0.36381699503149134,1.0,2,False,,,,
1766730162.59973,0.14851824458381588,0.38271951996194964,0.9796073734760284,2,False,,,,
1766730163.2969542,0.14851824458381588,0.38271951996194964,0.9796073734760284,2,False,,,,
1766730163.302977,0.14851824458381588,0.38271951996194964,0.9796073734760284,2,False,,,,
1766730163.30592,0.14851824458381588,0.38271951996194964,0.9796073734760284,2,False,,,,
1766730163.308377,0.14851824458381588,0.38271951996194964,0.9796073734760284,2,False,,,,
1766730163.310943,0.15009342958311053,0.38639897237618004,1.0,2,False,,,,
1766730163.724107,0.14884938925841878,0.3740997239725823,0.9830459952354431,2,False,,,,
1766730163.7302039,0.14884938925841878,0.3740997239725823,0.9830459952354431,2,False,,,,
1766730163.7331321,0.14884938925841878,0.3740997239725823,0.9830459952354431,2,False,,,,
1766730163.73576,0.14884938925841878,0.3740997239725823,0.9830459952354431,2,False,,,,
1766730163.7382662,0.15106733405837325,0.39045827651545006,0.9909684956073761,2,False,,,,
1766730164.118232,0.15106733405837325,0.39045827651545006,0.9909684956073761,2,False,,,,
1766730164.124795,0.1527180037014233,0.3810021365492129,1.0,2,False,,,,
1766730164.129161,0.1527180037014233,0.3810021365492129,1.0,2,False,,,,
1766730164.135544,0.1527180037014233,0.3810021365492129,1.0,2,False,,,,
1766730164.138398,0.1466488726751774,0.26819097576682727,1.0,2,False,,,,
1766730164.526557,0.1453043131120093,0.26255635196386395,1.0,2,False,,,,
1766730164.533946,0.1453043131120093,0.26255635196386395,1.0,2,False,,,,
1766730164.5395331,0.1453043131120093,0.26255635196386395,1.0,2,False,,,,
1766730164.544582,0.1453043131120093,0.26255635196386395,1.0,2,False,,,,
1766730164.547104,0.18454100601176374,0.2103912298550078,1.0,1,False,,,,
1766730164.8990898,0.18406407881491252,0.21168191951681747,1.0,1,False,,,,
1766730164.9056199,0.18406407881491252,0.21168191951681747,1.0,1,False,,,,
1766730164.911533,0.18406407881491252,0.21168191951681747,1.0,1,False,,,,
1766730164.914528,0.18406407881491252,0.21168191951681747,1.0,1,False,,,,
1766730164.917706,0.13548585489019044,0.4232076672382845,0.9554524719715118,2,False,,,,
1766730165.241079,0.13548585489019044,0.4232076672382845,0.9554524719715118,2,False,,,,
1766730165.246839,0.13548585489019044,0.4232076672382845,0.9554524719715118,2,False,,,,
1766730165.249942,0.13548585489019044,0.4232076672382845,0.9554524719715118,2,False,,,,
1766730165.252594,0.13548585489019044,0.4232076672382845,0.9554524719715118,2,False,,,,
1766730165.255339,0.13849630449539382,0.40836243964212715,0.9864005148410797,2,False,,,,
1766730165.612268,0.13849630449539382,0.40836243964212715,0.9864005148410797,2,False,,,,
1766730165.618468,0.13849630449539382,0.40836243964212715,0.9864005148410797,2,False,,,,
1766730165.621899,0.13849630449539382,0.40836243964212715,0.9864005148410797,2,False,,,,
1766730165.624476,0.13849630449539382,0.40836243964212715,0.9864005148410797,2,False,,,,
1766730165.627052,0.1297223489515745,0.40344240380256835,0.8976278007030487,2,False,,,,
1766730165.96085,0.1297223489515745,0.40344240380256835,0.8976278007030487,2,False,,,,
1766730165.966879,0.12615423348662325,0.3824020458784052,0.9315452575683594,2,False,,,,
1766730165.969963,0.12615423348662325,0.3824020458784052,0.9315452575683594,2,False,,,,
1766730165.97377,0.12615423348662325,0.3824020458784052,0.9315452575683594,2,False,,,,
1766730165.9801002,0.14470988532512155,0.41265798396728615,0.9317380487918854,2,False,,,,
1766730166.575277,0.14132226052983587,0.404707847258312,0.902283638715744,2,False,,,,
1766730166.582453,0.14132226052983587,0.404707847258312,0.902283638715744,2,False,,,,
1766730166.587987,0.14132226052983587,0.404707847258312,0.902283638715744,2,False,,,,
1766730166.590692,0.14132226052983587,0.404707847258312,0.902283638715744,2,False,,,,
1766730166.59314,0.14628571745135382,0.40872657434617565,0.928156316280365,2,False,,,,
1766730166.982177,0.14628571745135382,0.40872657434617565,0.928156316280365,2,False,,,,
1766730166.988062,0.14628571745135382,0.40872657434617565,0.928156316280365,2,False,,,,
1766730166.990892,0.14628571745135382,0.40872657434617565,0.928156316280365,2,False,,,,
1766730166.993621,0.14628571745135382,0.40872657434617565,0.928156316280365,2,False,,,,
1766730166.996075,0.17041578917324376,0.37646429251000035,0.9834714531898499,2,False,,,,
1766730167.393089,0.17041578917324376,0.37646429251000035,0.9834714531898499,2,False,,,,
1766730167.3986518,0.17041578917324376,0.37646429251000035,0.9834714531898499,2,False,,,,
1766730167.4014862,0.17041578917324376,0.37646429251000035,0.9834714531898499,2,False,,,,
1766730167.404927,0.17004132103982497,0.38123490494327184,0.9753871262073517,2,False,,,,
1766730167.410771,0.577489009788935,0.5825940395664565,0.47357206423299064,2,False,,,,
1766730167.800969,0.577489009788935,0.5825940395664565,0.47357206423299064,2,False,,,,
1766730167.807534,0.5425324048553462,0.3521022244576846,1.0,2,False,,,,
1766730167.8111749,0.5780240363197573,0.5829752680508232,0.44346607531008897,2,False,,,,
1766730167.813857,0.5780240363197573,0.5829752680508232,0.44346607531008897,2,False,,,,
1766730167.820449,0.5670530890957991,0.35887919292858395,1.0,2,False,,,,
1766730168.317486,0.5670530890957991,0.35887919292858395,1.0,2,False,,,,
1766730168.3235798,0.5670530890957991,0.35887919292858395,1.0,2,False,,,,
1766730168.326539,0.5670530890957991,0.35887919292858395,1.0,2,False,,,,
1766730168.329121,0.5670530890957991,0.35887919292858395,1.0,2,False,,,,
1766730168.331886,0.5582144885853727,0.47287328932161876,0.2103486092838451,2,False,,,,
1766730168.724034,0.5582144885853727,0.47287328932161876,0.2103486092838451,2,False,,,,
1766730168.728344,0.5582144885853727,0.47287328932161876,0.2103486092838451,2,False,,,,
1766730168.730762,0.5582144885853727,0.47287328932161876,0.2103486092838451,2,False,,,,
1766730168.7333682,0.5582144885853727,0.47287328932161876,0.2103486092838451,2,False,,,,
1766730168.736136,0.2456345774976453,0.1903161052349447,0.9903441667556763,2,False,,,,
1766730169.104479,0.2456345774976453,0.1903161052349447,0.9903441667556763,2,False,,,,
1766730169.1113448,0.2456345774976453,0.1903161052349447,0.9903441667556763,2,False,,,,
1766730169.1138492,0.2543539326387542,0.2064364636259055,0.9857217669487,2,False,,,,
1766730169.116822,0.2543539326387542,0.2064364636259055,0.9857217669487,2,False,,,,
1766730169.1205068,0.23720582134587737,0.21202802783484342,1.0,1,False,,,,
1766730170.732215,0.23720582134587737,0.21202802783484342,1.0,1,False,,,,
1766730170.738542,0.23720582134587737,0.21202802783484342,1.0,1,False,,,,
1766730170.7412622,0.23720582134587737,0.21202802783484342,1.0,1,False,,,,
1766730170.7459881,0.23720582134587737,0.21202802783484342,1.0,1,False,,,,
1766730170.748429,0.23854017278273196,0.22199123342758487,1.0,1,False,,,,
1766730171.022188,0.23854017278273196,0.22199123342758487,1.0,1,False,,,,
1766730171.027963,0.2350888111740514,0.21618093138622663,1.0,1,False,,,,
1766730171.031979,0.2350888111740514,0.21618093138622663,1.0,1,False,,,,
1766730171.035649,0.2350888111740514,0.21618093138622663,1.0,1,False,,,,
1766730171.040253,0.2350650579431413,0.21210805639176378,1.0,1,False,,,,
1766730171.3886201,0.2350650579431413,0.21210805639176378,1.0,1,False,,,,
1766730171.394162,0.23533892885912816,0.2123476409088576,1.0,1,False,,,,
1766730171.397585,0.23533892885912816,0.2123476409088576,1.0,1,False,,,,
1766730171.400861,0.23533892885912816,0.2123476409088576,1.0,1,False,,,,
1766730171.40665,0.24232435080713702,0.20064778854897947,1.0,1,False,,,,
1766730171.770325,0.24232435080713702,0.20064778854897947,1.0,1,False,,,,
1766730171.775746,0.24232435080713702,0.20064778854897947,1.0,1,False,,,,
1766730171.77866,0.24232435080713702,0.20064778854897947,1.0,1,False,,,,
1766730171.7811399,0.24232435080713702,0.20064778854897947,1.0,1,False,,,,
1766730171.783913,0.24043929986087406,0.22222255869616614,1.0,1,False,,,,
1766730172.175116,0.24043929986087406,0.22222255869616614,1.0,1,False,,,,
1766730172.180507,0.24043929986087406,0.22222255869616614,1.0,1,False,,,,
1766730172.1831849,0.24043929986087406,0.22222255869616614,1.0,1,False,,,,
1766730172.185426,0.24043929986087406,0.22222255869616614,1.0,1,False,,,,
1766730172.187936,0.2422611985348729,0.21971785694484902,1.0,1,False,,,,
1766730172.4276311,0.2422611985348729,0.21971785694484902,1.0,1,False,,,,
1766730172.432619,0.24240117977179026,0.22123682810885326,1.0,1,False,,,,
1766730172.437911,0.2424950931185404,0.22179281116057548,1.0,1,False,,,,
1766730172.440937,0.2424950931185404,0.22179281116057548,1.0,1,False,,,,
1766730172.446761,0.39153480093403364,0.5039386218896181,1.0,1,False,,,,
1766730172.681924,0.39153480093403364,0.5039386218896181,1.0,1,False,,,,
1766730172.687071,0.39153480093403364,0.5039386218896181,1.0,1,False,,,,
1766730172.6896021,0.39153480093403364,0.5039386218896181,1.0,1,False,,,,
1766730172.6918468,0.39153480093403364,0.5039386218896181,1.0,1,False,,,,
1766730172.694089,0.24881681953948856,0.19877867348439215,1.0,1,False,,,,
1766730173.0228071,0.24881681953948856,0.19877867348439215,1.0,1,False,,,,
1766730173.028199,0.24881681953948856,0.19877867348439215,1.0,1,False,,,,
1766730173.03088,0.24881681953948856,0.19877867348439215,1.0,1,False,,,,
1766730173.033671,0.24551362665491344,0.1886882162659862,1.0,1,False,,,,
1766730173.0386088,0.4630808215430305,0.9235606336623328,0.3281021483670791,1,False,,,,
1766730173.4365902,0.5627074620624489,0.8051840830947279,0.3624625363413288,1,False,,,,
1766730173.44432,0.5627074620624489,0.8051840830947279,0.3624625363413288,1,False,,,,
1766730173.449273,0.5627074620624489,0.8051840830947279,0.3624625363413288,1,False,,,,
1766730173.452437,0.5627074620624489,0.8051840830947279,0.3624625363413288,1,False,,,,
1766730173.4549088,0.24615358677736113,0.18342662681927557,1.0,1,False,,,,
1766730173.6927419,0.24615358677736113,0.18342662681927557,1.0,1,False,,,,
1766730173.697931,0.24615358677736113,0.18342662681927557,1.0,1,False,,,,
1766730173.7006888,0.24615358677736113,0.18342662681927557,1.0,1,False,,,,
1766730173.703834,0.24680140277370333,0.18573480815048904,1.0,1,False,,,,
1766730173.706265,0.23055749538880832,0.147416186161357,1.0,1,False,,,,
1766730174.152288,0.23055749538880832,0.147416186161357,1.0,1,False,,,,
1766730174.1570408,0.23055749538880832,0.147416186161357,1.0,1,False,,,,
1766730174.159445,0.23055749538880832,0.147416186161357,1.0,1,False,,,,
1766730174.161914,0.23055749538880832,0.147416186161357,1.0,1,False,,,,
1766730174.164293,0.24660487513738288,0.18222781311753888,1.0,1,False,,,,
1766730174.451763,0.24660487513738288,0.18222781311753888,1.0,1,False,,,,
1766730174.456655,0.24660487513738288,0.18222781311753888,1.0,1,False,,,,
1766730174.459324,0.24660487513738288,0.18222781311753888,1.0,1,False,,,,
1766730174.4616692,0.24660487513738288,0.18222781311753888,1.0,1,False,,,,
1766730174.463947,0.56278861453094,0.769646568310356,0.36130883990616125,1,False,,,,
1766730174.7704902,0.56278861453094,0.769646568310356,0.36130883990616125,1,False,,,,
1766730174.775588,0.40588373769093183,0.47544061742244526,1.0,1,False,,,,
1766730174.778651,0.2127583442393323,0.20912709671211738,0.8934578597545624,1,False,,,,
1766730174.784072,0.2127583442393323,0.20912709671211738,0.8934578597545624,1,False,,,,
1766730174.789901,0.2505582881718963,0.18181846339593888,1.0,1,False,,,,
1766730175.039242,0.2505582881718963,0.18181846339593888,1.0,1,False,,,,
1766730175.044215,0.2503883603989569,0.17936218017145955,1.0,1,False,,,,
1766730175.046943,0.25056398321888335,0.17740397518035422,1.0,1,False,,,,
1766730175.0493078,0.25056398321888335,0.17740397518035422,1.0,1,False,,,,
1766730175.0535948,0.2129409570705308,0.014309895308310505,0.995,1,False,,,,
1766730175.2936141,0.2129409570705308,0.014309895308310505,0.995,1,False,,,,
1766730175.299798,0.2129409570705308,0.014309895308310505,0.995,1,False,,,,
1766730175.302685,0.2129409570705308,0.014309895308310505,0.995,1,False,,,,
1766730175.305197,0.2129409570705308,0.014309895308310505,0.995,1,False,,,,
1766730175.307965,0.45374828922695365,0.5824185364507074,0.39494586062218456,2,False,,,,
1766730175.6163929,0.45383859565328494,0.5815681380548088,0.37595077597621457,2,False,,,,
1766730175.625768,0.4459988710938937,0.5868079252997221,0.3441978769433745,2,False,,,,
1766730175.631225,0.4459988710938937,0.5868079252997221,0.3441978769433745,2,False,,,,
1766730175.633693,0.4459988710938937,0.5868079252997221,0.3441978769433745,2,False,,,,
1766730175.6365702,0.4382705157184069,0.42056127868301985,0.46647728774939456,2,False,,,,
1766730176.095596,0.4382705157184069,0.42056127868301985,0.46647728774939456,2,False,,,,
1766730176.1029701,0.4382705157184069,0.42056127868301985,0.46647728774939456,2,False,,,,
1766730176.105491,0.4382705157184069,0.42056127868301985,0.46647728774939456,2,False,,,,
1766730176.10819,0.4382705157184069,0.42056127868301985,0.46647728774939456,2,False,,,,
1766730176.1102731,0.2519493166265666,0.15506485355957467,0.9913045418262482,2,False,,,,
1766730176.505398,0.2519493166265666,0.15506485355957467,0.9913045418262482,2,False,,,,
1766730176.512656,0.2519493166265666,0.15506485355957467,0.9913045418262482,2,False,,,,
1766730176.517069,0.2519493166265666,0.15506485355957467,0.9913045418262482,2,False,,,,
1766730176.5198321,0.25203279326526157,0.15009346723792572,0.9862845242023468,2,False,,,,
1766730176.5222259,0.2724252335616235,0.152579534188096,1.0,1,False,,,,
