timestamp,gaze_x,gaze_y,gaze_confidence,num_faces,is_looking_at_face,face_bbox_left,face_bbox_top,face_bbox_width,face_bbox_height
1766731568.7608,0.5953489096204239,0.30946226219408746,1.0,1,False,,,,
1766731569.280436,0.5919854901430198,0.3171006833023924,1.0,1,False,,,,
1766731569.287152,0.5919854901430198,0.3171006833023924,1.0,1,False,,,,
1766731569.290285,0.5919854901430198,0.3171006833023924,1.0,1,False,,,,
1766731569.292765,0.5969462472637215,0.3139795246364585,1.0,1,False,,,,
1766731569.296281,0.45301771353859915,0.7395160614327875,1.0,1,False,,,,
1766731569.71957,0.45301771353859915,0.7395160614327875,1.0,1,False,,,,
1766731569.725285,0.45301771353859915,0.7395160614327875,1.0,1,False,,,,
1766731569.728599,0.4557110250277444,0.753768221485414,1.0,1,False,,,,
1766731569.731433,0.45879522849446797,0.7591758135155399,1.0,1,False,,,,
1766731569.734485,0.4538585464734499,0.7199445364805402,1.0,1,False,,,,
1766731570.020848,0.4538585464734499,0.7199445364805402,1.0,1,False,,,,
1766731570.026765,0.453072948200503,0.72003327430934,1.0,1,False,,,,
1766731570.032955,0.45280277295851856,0.7127175201746389,1.0,1,False,,,,
1766731570.035928,0.45280277295851856,0.7127175201746389,1.0,1,False,,,,
1766731570.042465,0.4322269184950388,0.7113982400967991,1.0,1,False,,,,
1766731570.335767,0.43085292286198207,0.7102106635536504,1.0,1,False,,,,
1766731570.341868,0.43085292286198207,0.7102106635536504,1.0,1,False,,,,
1766731570.348217,0.43085292286198207,0.7102106635536504,1.0,1,False,,,,
1766731570.350852,0.43085292286198207,0.7102106635536504,1.0,1,False,,,,
1766731570.353388,0.4511884113768424,0.7347180216504415,1.0,1,False,,,,
1766731570.6051562,0.4507927300565047,0.7333395734334858,1.0,1,False,,,,
1766731570.611134,0.4507927300565047,0.7333395734334858,1.0,1,False,,,,
1766731570.617274,0.4507927300565047,0.7333395734334858,1.0,1,False,,,,
1766731570.620109,0.4507927300565047,0.7333395734334858,1.0,1,False,,,,
1766731570.6249542,0.4675961788971141,0.7527981946391945,1.0,2,False,,,,
1766731570.9276228,0.4675961788971141,0.7527981946391945,1.0,2,False,,,,
1766731570.933389,0.4675961788971141,0.7527981946391945,1.0,2,False,,,,
1766731570.9361122,0.46759492461360586,0.7500504982490761,0.9905301928520203,2,False,,,,
1766731570.938912,0.4663539769989734,0.7484925296790311,1.0,2,False,,,,
1766731570.943959,0.4717540194345746,0.7483870441930782,1.0,1,False,,,,
1766731571.1839612,0.4717540194345746,0.7483870441930782,1.0,1,False,,,,
1766731571.189687,0.4717540194345746,0.7483870441930782,1.0,1,False,,,,
1766731571.192539,0.4717540194345746,0.7483870441930782,1.0,1,False,,,,
1766731571.19518,0.4717540194345746,0.7483870441930782,1.0,1,False,,,,
1766731571.197669,0.49881087366827626,0.9401072716762436,0.43351456778994496,1,False,,,,
1766731571.432367,0.49881087366827626,0.9401072716762436,0.43351456778994496,1,False,,,,
1766731571.437515,0.3683661763076767,0.8460615297545865,0.8525637641968496,1,False,,,,
1766731571.440181,0.3683661763076767,0.8460615297545865,0.8525637641968496,1,False,,,,
1766731571.443924,0.3683661763076767,0.8460615297545865,0.8525637641968496,1,False,,,,
1766731571.450345,0.47411912090528807,0.7265057916781957,0.9785168468952179,1,False,,,,
1766731571.736803,0.47411912090528807,0.7265057916781957,0.9785168468952179,1,False,,,,
1766731571.743243,0.48018386744689245,0.71695089615262,0.9584851861000061,1,False,,,,
1766731571.746241,0.48018386744689245,0.71695089615262,0.9584851861000061,1,False,,,,
1766731571.752189,0.48018386744689245,0.71695089615262,0.9584851861000061,1,False,,,,
1766731571.754814,0.4661720971069852,0.7392018913008984,0.9681141972541809,1,False,,,,
1766731572.021017,0.4661720971069852,0.7392018913008984,0.9681141972541809,1,False,,,,
1766731572.026311,0.4661720971069852,0.7392018913008984,0.9681141972541809,1,False,,,,
1766731572.0291462,0.4661720971069852,0.7392018913008984,0.9681141972541809,1,False,,,,
1766731572.034121,0.4661720971069852,0.7392018913008984,0.9681141972541809,1,False,,,,
1766731572.036543,0.4819382893380574,0.7362565072140187,0.9579717814922333,1,False,,,,
1766731572.286399,0.4819382893380574,0.7362565072140187,0.9579717814922333,1,False,,,,
1766731572.2923222,0.4819382893380574,0.7362565072140187,0.9579717814922333,1,False,,,,
1766731572.295038,0.4819382893380574,0.7362565072140187,0.9579717814922333,1,False,,,,
1766731572.297621,0.4819382893380574,0.7362565072140187,0.9579717814922333,1,False,,,,
1766731572.299974,0.5061901086421705,0.739215753635087,0.9185260236263275,1,False,,,,
1766731572.7505229,0.5065218470145086,0.7377065583068034,0.9274941384792328,1,False,,,,
1766731572.756743,0.5065218470145086,0.7377065583068034,0.9274941384792328,1,False,,,,
1766731572.762398,0.5065218470145086,0.7377065583068034,0.9274941384792328,1,False,,,,
1766731572.765568,0.5065218470145086,0.7377065583068034,0.9274941384792328,1,False,,,,
1766731572.768095,0.5009121090554969,0.7087285974781768,0.9471145272254944,2,False,,,,
1766731573.130355,0.5009121090554969,0.7087285974781768,0.9471145272254944,2,False,,,,
1766731573.135919,0.5009121090554969,0.7087285974781768,0.9471145272254944,2,False,,,,
1766731573.139067,0.5009121090554969,0.7087285974781768,0.9471145272254944,2,False,,,,
1766731573.141406,0.5009121090554969,0.7087285974781768,0.9471145272254944,2,False,,,,
1766731573.1439419,0.5073407437762991,0.724396363931868,0.9930810928344727,2,False,,,,
1766731573.6443079,0.5073407437762991,0.724396363931868,0.9930810928344727,2,False,,,,
1766731573.6504278,0.5116951952779021,0.7205114027690327,0.9706569612026215,2,False,,,,
1766731573.654068,0.5116951952779021,0.7205114027690327,0.9706569612026215,2,False,,,,
1766731573.6606898,0.5116951952779021,0.7205114027690327,0.9706569612026215,2,False,,,,
1766731573.663597,0.5166036109549011,0.710105221899079,0.956537514925003,1,False,,,,
1766731573.981612,0.5166036109549011,0.710105221899079,0.956537514925003,1,False,,,,
1766731573.9889789,0.5185623467073184,0.7086563133408209,0.9797337055206299,1,False,,,,
1766731573.9951282,0.5185623467073184,0.7086563133408209,0.9797337055206299,1,False,,,,
1766731574.000403,0.5185623467073184,0.7086563133408209,0.9797337055206299,1,False,,,,
1766731574.0034938,0.4936734796676744,0.6926934757875393,0.9949716329574585,1,False,,,,
1766731574.340267,0.4936734796676744,0.6926934757875393,0.9949716329574585,1,False,,,,
1766731574.345574,0.4936734796676744,0.6926934757875393,0.9949716329574585,1,False,,,,
1766731574.348289,0.4936734796676744,0.6926934757875393,0.9949716329574585,1,False,,,,
1766731574.35095,0.49350287968274387,0.6932742279966285,0.9745142757892609,1,False,,,,
1766731574.3534322,0.5100545848021394,0.6820460434462322,0.9888125061988831,1,False,,,,
1766731574.819724,0.5100288537919152,0.6820421332159599,0.9479870200157166,1,False,,,,
1766731574.825513,0.5063722311495156,0.6763615099541218,0.9449000656604767,1,False,,,,
1766731574.832531,0.5063722311495156,0.6763615099541218,0.9449000656604767,1,False,,,,
1766731574.8353071,0.5063722311495156,0.6763615099541218,0.9449000656604767,1,False,,,,
1766731574.840108,0.5500450869363473,0.6836704336289562,0.9506615698337555,1,False,,,,
1766731575.383242,0.5500450869363473,0.6836704336289562,0.9506615698337555,1,False,,,,
1766731575.388973,0.5500450869363473,0.6836704336289562,0.9506615698337555,1,False,,,,
1766731575.3920698,0.5502769964519162,0.6841497486336273,0.97246453166008,1,False,,,,
1766731575.394445,0.5503861656637673,0.6826036517517595,0.9647529125213623,1,False,,,,
1766731575.397137,0.522908510833497,0.6452287969665886,0.9657793045043945,2,False,,,,
1766731575.7326562,0.5202198985081441,0.6417036258189993,1.0,2,False,,,,
1766731575.738881,0.5202198985081441,0.6417036258189993,1.0,2,False,,,,
1766731575.744147,0.5202198985081441,0.6417036258189993,1.0,2,False,,,,
1766731575.746742,0.5202198985081441,0.6417036258189993,1.0,2,False,,,,
1766731575.7490711,0.5634482296598797,0.6620616346805462,0.9470094740390778,2,False,,,,
1766731576.103677,0.5630089399864282,0.6620031390983652,0.9523290693759918,2,False,,,,
1766731576.110145,0.5630089399864282,0.6620031390983652,0.9523290693759918,2,False,,,,
1766731576.1125572,0.5630089399864282,0.6620031390983652,0.9523290693759918,2,False,,,,
1766731576.115188,0.5630089399864282,0.6620031390983652,0.9523290693759918,2,False,,,,
1766731576.117462,0.5487655133232122,0.679030639821467,0.9383768141269684,2,False,,,,
1766731576.4071722,0.5487655133232122,0.679030639821467,0.9383768141269684,2,False,,,,
1766731576.4123468,0.5487655133232122,0.679030639821467,0.9383768141269684,2,False,,,,
1766731576.4153259,0.5487655133232122,0.679030639821467,0.9383768141269684,2,False,,,,
1766731576.417839,0.5487655133232122,0.679030639821467,0.9383768141269684,2,False,,,,
1766731576.420305,0.5462310040708944,0.6514799237567657,0.9812292474160631,2,False,,,,
1766731576.718726,0.5462310040708944,0.6514799237567657,0.9812292474160631,2,False,,,,
1766731576.7241,0.5462310040708944,0.6514799237567657,0.9812292474160631,2,False,,,,
1766731576.726572,0.5462310040708944,0.6514799237567657,0.9812292474160631,2,False,,,,
1766731576.731461,0.4931964492296602,0.8161186886609682,0.37665305034820135,2,False,,,,
1766731576.734111,0.5153490246523378,1.077200897274344,1.0,2,False,,,,
1766731577.039217,0.5152626166086067,1.075330388785842,1.0,2,False,,,,
1766731577.047702,0.5152626166086067,1.075330388785842,1.0,2,False,,,,
1766731577.0527208,0.5152626166086067,1.075330388785842,1.0,2,False,,,,
1766731577.0551941,0.5152626166086067,1.075330388785842,1.0,2,False,,,,
1766731577.057646,0.48010407156845086,0.8489311956141321,0.3724892752710668,1,False,,,,
1766731577.3122702,0.48010407156845086,0.8489311956141321,0.3724892752710668,1,False,,,,
1766731577.319228,0.48010407156845086,0.8489311956141321,0.3724892752710668,1,False,,,,
1766731577.321476,0.48010407156845086,0.8489311956141321,0.3724892752710668,1,False,,,,
1766731577.323997,0.48010407156845086,0.8489311956141321,0.3724892752710668,1,False,,,,
1766731577.326215,0.5196944557704329,0.85647753992763,0.299466281268836,1,False,,,,
1766731578.04025,0.4782725700838199,1.0817246043707343,0.8296618461608887,1,False,,,,
1766731578.046892,0.4782725700838199,1.0817246043707343,0.8296618461608887,1,False,,,,
1766731578.052995,0.4782725700838199,1.0817246043707343,0.8296618461608887,1,False,,,,
1766731578.055792,0.4782725700838199,1.0817246043707343,0.8296618461608887,1,False,,,,
1766731578.058536,0.48645387325169837,1.0500857751929409,0.8670168817043304,0,False,,,,
1766731578.324208,0.48645387325169837,1.0500857751929409,0.8670168817043304,0,False,,,,
1766731578.328813,0.48645387325169837,1.0500857751929409,0.8670168817043304,0,False,,,,
1766731578.331487,0.48645387325169837,1.0500857751929409,0.8670168817043304,0,False,,,,
1766731578.333994,0.48645387325169837,1.0500857751929409,0.8670168817043304,0,False,,,,
1766731578.336032,0.5088221268816362,0.6219766283749179,1.0,0,False,,,,
1766731578.821224,0.5088221268816362,0.6219766283749179,1.0,0,False,,,,
1766731578.8272681,0.5088221268816362,0.6219766283749179,1.0,0,False,,,,
1766731578.831456,0.5088221268816362,0.6219766283749179,1.0,0,False,,,,
1766731578.833965,0.5088221268816362,0.6219766283749179,1.0,0,False,,,,
1766731578.8366358,0.6315965296834107,0.3083989975752537,0.995,1,False,,,,
1766731579.065472,0.6315965296834107,0.3083989975752537,0.995,1,False,,,,
1766731579.073546,0.6315965296834107,0.3083989975752537,0.995,1,False,,,,
1766731579.076334,0.6028684605604514,0.38589772137589085,0.995,1,False,,,,
1766731579.079703,0.5932606666935196,0.4051907646222347,0.995,1,False,,,,
1766731579.0823328,0.47613124766551007,0.774359609124722,1.0,1,False,,,,
1766731579.3310132,0.47613124766551007,0.774359609124722,1.0,1,False,,,,
1766731579.337416,0.47613124766551007,0.774359609124722,1.0,1,False,,,,
1766731579.340378,0.47613124766551007,0.774359609124722,1.0,1,False,,,,
1766731579.343256,0.4808870087379706,0.7720530098061106,0.9236962497234344,1,False,,,,
1766731579.348372,0.4640686620908892,0.7468672244514719,0.9377689909934998,1,False,,,,
1766731579.672307,0.4640686620908892,0.7468672244514719,0.9377689909934998,1,False,,,,
1766731579.678398,0.4640686620908892,0.7468672244514719,0.9377689909934998,1,False,,,,
1766731579.682794,0.4796751631917199,0.7454372995403544,0.9289326071739197,1,False,,,,
1766731579.686134,0.4796751631917199,0.7454372995403544,0.9289326071739197,1,False,,,,
1766731579.692738,0.47983950958038424,0.75731164787906,0.9177594482898712,2,False,,,,
1766731580.094746,0.47983950958038424,0.75731164787906,0.9177594482898712,2,False,,,,
1766731580.101253,0.47983950958038424,0.75731164787906,0.9177594482898712,2,False,,,,
1766731580.103909,0.47983950958038424,0.75731164787906,0.9177594482898712,2,False,,,,
1766731580.106215,0.47983950958038424,0.75731164787906,0.9177594482898712,2,False,,,,
1766731580.1085382,0.4738469933306256,0.7420541400189674,0.9815852046012878,2,False,,,,
1766731580.432467,0.4738469933306256,0.7420541400189674,0.9815852046012878,2,False,,,,
1766731580.4375832,0.4738469933306256,0.7420541400189674,0.9815852046012878,2,False,,,,
1766731580.440095,0.4738469933306256,0.7420541400189674,0.9815852046012878,2,False,,,,
1766731580.442496,0.4738469933306256,0.7420541400189674,0.9815852046012878,2,False,,,,
1766731580.444763,0.4940575260989273,0.7214212482364245,0.967035174369812,2,False,,,,
1766731580.717958,0.4940575260989273,0.7214212482364245,0.967035174369812,2,False,,,,
1766731580.7245262,0.49483014833070726,0.7228468338861607,0.9071992337703705,2,False,,,,
1766731580.7276201,0.49483014833070726,0.7228468338861607,0.9071992337703705,2,False,,,,
1766731580.733938,0.49483014833070726,0.7228468338861607,0.9071992337703705,2,False,,,,
1766731580.736761,0.4991851624147931,0.7328211404846584,0.9352140724658966,2,False,,,,
1766731581.090024,0.503960741660168,0.7376174983181083,0.9198470711708069,2,False,,,,
1766731581.097518,0.503960741660168,0.7376174983181083,0.9198470711708069,2,False,,,,
1766731581.103322,0.503960741660168,0.7376174983181083,0.9198470711708069,2,False,,,,
1766731581.108255,0.503960741660168,0.7376174983181083,0.9198470711708069,2,False,,,,
1766731581.111098,0.497235131368898,0.7414847711175699,0.9576185047626495,2,False,,,,
1766731581.4278028,0.5046006227188783,0.7459018917551301,0.9738201200962067,2,False,,,,
1766731581.434487,0.5046006227188783,0.7459018917551301,0.9738201200962067,2,False,,,,
1766731581.440819,0.5046006227188783,0.7459018917551301,0.9738201200962067,2,False,,,,
1766731581.443535,0.5046006227188783,0.7459018917551301,0.9738201200962067,2,False,,,,
1766731581.4457128,0.519319691454623,0.7306884553829119,0.9185555875301361,2,False,,,,
1766731581.8562639,0.519319691454623,0.7306884553829119,0.9185555875301361,2,False,,,,
1766731581.862761,0.5183719562565703,0.7301051725357899,0.976561039686203,2,False,,,,
1766731581.866095,0.5183719562565703,0.7301051725357899,0.976561039686203,2,False,,,,
1766731581.869231,0.5183719562565703,0.7301051725357899,0.976561039686203,2,False,,,,
1766731581.875259,0.519313671282484,0.695961961410693,0.9615251421928406,2,False,,,,
1766731582.346068,0.519313671282484,0.695961961410693,0.9615251421928406,2,False,,,,
1766731582.351865,0.519313671282484,0.695961961410693,0.9615251421928406,2,False,,,,
1766731582.354893,0.519313671282484,0.695961961410693,0.9615251421928406,2,False,,,,
1766731582.357283,0.519313671282484,0.695961961410693,0.9615251421928406,2,False,,,,
1766731582.3600159,0.5304976225216951,0.6533879598413488,0.9555305242538452,2,False,,,,
1766731582.769372,0.5277061364573473,0.6433536355542291,0.9576069414615631,2,False,,,,
1766731582.7763531,0.5277061364573473,0.6433536355542291,0.9576069414615631,2,False,,,,
1766731582.7818801,0.5277061364573473,0.6433536355542291,0.9576069414615631,2,False,,,,
1766731582.784592,0.5277061364573473,0.6433536355542291,0.9576069414615631,2,False,,,,
1766731582.7869692,0.5454964337808541,0.6690034531559002,0.9554978311061859,1,False,,,,
1766731583.038656,0.5477085300848081,0.6635518272803028,0.9289694130420685,1,False,,,,
1766731583.0445921,0.5477085300848081,0.6635518272803028,0.9289694130420685,1,False,,,,
1766731583.049293,0.5477085300848081,0.6635518272803028,0.9289694130420685,1,False,,,,
1766731583.0518558,0.5477085300848081,0.6635518272803028,0.9289694130420685,1,False,,,,
1766731583.054584,0.5306554322866,0.6429967244877401,0.9408215284347534,2,False,,,,
1766731583.374346,0.530314221256156,0.6443259154491436,0.9809083044528961,2,False,,,,
1766731583.3807511,0.530314221256156,0.6443259154491436,0.9809083044528961,2,False,,,,
1766731583.386065,0.530314221256156,0.6443259154491436,0.9809083044528961,2,False,,,,
1766731583.388624,0.530314221256156,0.6443259154491436,0.9809083044528961,2,False,,,,
1766731583.390891,0.46294711296701196,0.9781375177040262,0.90423384308815,2,False,,,,
1766731584.3619862,0.46294711296701196,0.9781375177040262,0.90423384308815,2,False,,,,
1766731584.369239,0.46294711296701196,0.9781375177040262,0.90423384308815,2,False,,,,
1766731584.371733,0.46246056269085456,0.975273206202817,0.9019026160240173,2,False,,,,
1766731584.374403,0.4620902025158645,0.9732111435923261,0.9300607442855835,2,False,,,,
1766731584.379638,0.4547374662430248,0.9511445012842563,0.9276057183742523,0,False,,,,
1766731584.5787368,0.454545819891328,0.9509608344090407,0.931237518787384,0,False,,,,
1766731584.585064,0.454545819891328,0.9509608344090407,0.931237518787384,0,False,,,,
1766731584.587818,0.454545819891328,0.9509608344090407,0.931237518787384,0,False,,,,
1766731584.590046,0.454545819891328,0.9509608344090407,0.931237518787384,0,False,,,,
1766731584.592124,0.5851838073303453,0.5476714899386879,0.4084616495443288,0,False,,,,
1766731584.8376079,0.5851838073303453,0.5476714899386879,0.4084616495443288,0,False,,,,
1766731584.845956,0.5852287561537739,0.5390165856132909,0.8544772863388062,0,False,,,,
1766731584.8510022,0.5852287561537739,0.5390165856132909,0.8544772863388062,0,False,,,,
1766731584.853605,0.5852287561537739,0.5390165856132909,0.8544772863388062,0,False,,,,
1766731584.855707,0.62493016515053,0.5061170873831934,1.0,0,False,,,,
1766731585.222667,0.62493016515053,0.5061170873831934,1.0,0,False,,,,
1766731585.226829,0.62493016515053,0.5061170873831934,1.0,0,False,,,,
1766731585.229089,0.62493016515053,0.5061170873831934,1.0,0,False,,,,
1766731585.231511,0.62493016515053,0.5061170873831934,1.0,0,False,,,,
1766731585.2339919,0.5976872152864308,0.5636787703109765,1.0,0,False,,,,
1766731585.752757,0.5976872152864308,0.5636787703109765,1.0,0,False,,,,
1766731585.7602592,0.5976872152864308,0.5636787703109765,1.0,0,False,,,,
1766731585.762609,0.5976872152864308,0.5636787703109765,1.0,0,False,,,,
1766731585.765096,0.5976872152864308,0.5636787703109765,1.0,0,False,,,,
1766731585.767436,0.4346476245668211,1.1158953772968627,0.9013426005840302,1,False,,,,
1766731586.3376799,0.4346476245668211,1.1158953772968627,0.9013426005840302,1,False,,,,
1766731586.3436038,0.4346476245668211,1.1158953772968627,0.9013426005840302,1,False,,,,
1766731586.346428,0.4324719734568424,1.1165899188979347,0.9146027266979218,1,False,,,,
1766731586.351296,0.431746304673431,1.1148285131062545,0.9046045243740082,1,False,,,,
1766731586.3543339,0.4242282693710363,1.1036382372167632,0.9013018608093262,0,False,,,,
1766731586.528687,0.4242282693710363,1.1036382372167632,0.9013018608093262,0,False,,,,
1766731586.53481,0.4242282693710363,1.1036382372167632,0.9013018608093262,0,False,,,,
1766731586.537216,0.4242282693710363,1.1036382372167632,0.9013018608093262,0,False,,,,
1766731586.539666,0.4242282693710363,1.1036382372167632,0.9013018608093262,0,False,,,,
1766731586.541879,0.4986245446048021,0.8110956478650728,0.3529350415893005,0,False,,,,
1766731586.761081,0.4986245446048021,0.8110956478650728,0.3529350415893005,0,False,,,,
1766731586.767712,0.4986245446048021,0.8110956478650728,0.3529350415893005,0,False,,,,
1766731586.7702022,0.4986245446048021,0.8110956478650728,0.3529350415893005,0,False,,,,
1766731586.772685,0.4986245446048021,0.8110956478650728,0.3529350415893005,0,False,,,,
1766731586.7753332,0.5318683869037951,0.668047058793467,0.9321500957012177,0,False,,,,
1766731586.9832058,0.5396158702861362,0.6402188739182381,0.9664031267166138,0,False,,,,
1766731586.9912372,0.5460923215200666,0.6025819060356878,0.9831879436969757,0,False,,,,
1766731586.997341,0.5460923215200666,0.6025819060356878,0.9831879436969757,0,False,,,,
1766731586.9999208,0.5460923215200666,0.6025819060356878,0.9831879436969757,0,False,,,,
1766731587.002322,0.47816297625319926,0.6798593685985117,1.0,2,False,,,,
1766731587.335617,0.47816297625319926,0.6798593685985117,1.0,2,False,,,,
1766731587.342529,0.47816297625319926,0.6798593685985117,1.0,2,False,,,,
1766731587.345205,0.47816297625319926,0.6798593685985117,1.0,2,False,,,,
1766731587.348185,0.47816297625319926,0.6798593685985117,1.0,2,False,,,,
1766731587.350476,0.4694083370968853,0.6904175998646584,1.0,2,False,,,,
1766731587.668749,0.4694083370968853,0.6904175998646584,1.0,2,False,,,,
1766731587.675012,0.4694083370968853,0.6904175998646584,1.0,2,False,,,,
1766731587.68031,0.4694083370968853,0.6904175998646584,1.0,2,False,,,,
1766731587.682744,0.4694083370968853,0.6904175998646584,1.0,2,False,,,,
1766731587.685314,0.4947415690456919,0.7114720075571147,0.9797405898571014,2,False,,,,
1766731588.0783281,0.4947415690456919,0.7114720075571147,0.9797405898571014,2,False,,,,
1766731588.083988,0.4947415690456919,0.7114720075571147,0.9797405898571014,2,False,,,,
1766731588.0866601,0.4947415690456919,0.7114720075571147,0.9797405898571014,2,False,,,,
1766731588.0895581,0.4947415690456919,0.7114720075571147,0.9797405898571014,2,False,,,,
1766731588.0920699,0.47506904643300657,0.6864401925800125,1.0,2,False,,,,
1766731588.462817,0.48027815764481907,0.6981815091665134,1.0,2,False,,,,
1766731588.468788,0.48027815764481907,0.6981815091665134,1.0,2,False,,,,
1766731588.475361,0.48027815764481907,0.6981815091665134,1.0,2,False,,,,
1766731588.4781911,0.48027815764481907,0.6981815091665134,1.0,2,False,,,,
1766731588.48315,0.4824261058479232,0.6910218935775388,0.9519291520118713,2,False,,,,
1766731588.8455832,0.4824261058479232,0.6910218935775388,0.9519291520118713,2,False,,,,
1766731588.8511848,0.4824261058479232,0.6910218935775388,0.9519291520118713,2,False,,,,
1766731588.854035,0.4824261058479232,0.6910218935775388,0.9519291520118713,2,False,,,,
1766731588.8570318,0.4824261058479232,0.6910218935775388,0.9519291520118713,2,False,,,,
1766731588.859435,0.5009264028099167,0.7635578533842353,0.9520857632160187,2,False,,,,
1766731589.310163,0.5009264028099167,0.7635578533842353,0.9520857632160187,2,False,,,,
1766731589.315978,0.5009264028099167,0.7635578533842353,0.9520857632160187,2,False,,,,
1766731589.318814,0.5009264028099167,0.7635578533842353,0.9520857632160187,2,False,,,,
1766731589.321402,0.5009264028099167,0.7635578533842353,0.9520857632160187,2,False,,,,
1766731589.3238661,0.5003500225204485,0.7795307564203515,0.9765720963478088,2,False,,,,
1766731589.609333,0.5003500225204485,0.7795307564203515,0.9765720963478088,2,False,,,,
1766731589.614756,0.5003500225204485,0.7795307564203515,0.9765720963478088,2,False,,,,
1766731589.61704,0.5003500225204485,0.7795307564203515,0.9765720963478088,2,False,,,,
1766731589.6197271,0.5003500225204485,0.7795307564203515,0.9765720963478088,2,False,,,,
1766731589.62218,0.5186103868291532,0.807032444507227,0.8991961181163788,2,False,,,,
1766731589.905474,0.5171001808762214,0.810783354475214,0.9083152115345001,2,False,,,,
1766731589.912481,0.5171001808762214,0.810783354475214,0.9083152115345001,2,False,,,,
1766731589.9183612,0.5171001808762214,0.810783354475214,0.9083152115345001,2,False,,,,
1766731589.921566,0.5171001808762214,0.810783354475214,0.9083152115345001,2,False,,,,
1766731589.923777,0.508841722609908,0.8311568005950795,0.9408747255802155,2,False,,,,
1766731590.335279,0.5077395054275782,0.8299730195264461,0.9193669855594635,2,False,,,,
1766731590.341861,0.5089118393196685,0.8317253769393568,0.916936844587326,2,False,,,,
1766731590.344852,0.5089118393196685,0.8317253769393568,0.916936844587326,2,False,,,,
1766731590.351146,0.5089118393196685,0.8317253769393568,0.916936844587326,2,False,,,,
1766731590.353835,0.48845665513514225,0.8312963532928956,0.9155912101268768,2,False,,,,
1766731590.7056792,0.48208856664915156,0.8378865956488393,0.9840598106384277,2,False,,,,
1766731590.7129118,0.48208856664915156,0.8378865956488393,0.9840598106384277,2,False,,,,
1766731590.719618,0.48208856664915156,0.8378865956488393,0.9840598106384277,2,False,,,,
1766731590.722655,0.48208856664915156,0.8378865956488393,0.9840598106384277,2,False,,,,
1766731590.725122,0.48075040411108283,0.840028617148684,0.9081138074398041,2,False,,,,
1766731591.153443,0.48075040411108283,0.840028617148684,0.9081138074398041,2,False,,,,
1766731591.1591082,0.48075040411108283,0.840028617148684,0.9081138074398041,2,False,,,,
1766731591.161834,0.48075040411108283,0.840028617148684,0.9081138074398041,2,False,,,,
1766731591.16429,0.48075040411108283,0.840028617148684,0.9081138074398041,2,False,,,,
1766731591.1671329,0.5064445496512294,0.799004387249253,0.9286169707775116,2,False,,,,
1766731591.664358,0.5064445496512294,0.799004387249253,0.9286169707775116,2,False,,,,
1766731591.671016,0.5064445496512294,0.799004387249253,0.9286169707775116,2,False,,,,
1766731591.674075,0.5080035759278607,0.7974421579884005,0.9321354031562805,2,False,,,,
1766731591.677206,0.5112602197674847,0.7915396113937493,0.8923495411872864,2,False,,,,
1766731591.680959,0.5316969419838592,0.789654755321061,0.902113139629364,2,False,,,,
1766731591.980535,0.5312063764345838,0.781286120269313,0.9070069491863251,2,False,,,,
1766731591.987649,0.5312340682468919,0.779790358310767,0.9070069491863251,2,False,,,,
1766731591.9940648,0.5312340682468919,0.779790358310767,0.9070069491863251,2,False,,,,
1766731591.996556,0.5312340682468919,0.779790358310767,0.9070069491863251,2,False,,,,
1766731591.99899,0.5554291250231842,0.7455974636061526,0.968244731426239,2,False,,,,
1766731592.388803,0.5554291250231842,0.7455974636061526,0.968244731426239,2,False,,,,
1766731592.395178,0.5554291250231842,0.7455974636061526,0.968244731426239,2,False,,,,
1766731592.4001842,0.5554291250231842,0.7455974636061526,0.968244731426239,2,False,,,,
1766731592.402525,0.5554291250231842,0.7455974636061526,0.968244731426239,2,False,,,,
1766731592.405298,0.7201068447133523,0.9061754878795976,0.8666665257910533,2,False,,,,
1766731592.714221,0.718016097337084,0.9093547245596677,0.8143204452494426,2,False,,,,
1766731592.721695,0.5652395892338091,0.861049894888443,0.49346627325127956,2,False,,,,
1766731592.7273831,0.5652395892338091,0.861049894888443,0.49346627325127956,2,False,,,,
1766731592.730266,0.5652395892338091,0.861049894888443,0.49346627325127956,2,False,,,,
1766731592.732872,0.5135190970048824,0.9021197515257364,0.8442699909210205,0,False,,,,
1766731592.956171,0.5180843187227294,0.922254944682279,0.8767624497413635,0,False,,,,
1766731592.963379,0.5180843187227294,0.922254944682279,0.8767624497413635,0,False,,,,
1766731592.9688032,0.5180843187227294,0.922254944682279,0.8767624497413635,0,False,,,,
1766731592.971328,0.5180843187227294,0.922254944682279,0.8767624497413635,0,False,,,,
1766731592.97569,0.5162087928850881,0.9630624889075111,0.8785030543804169,0,False,,,,
1766731593.16066,0.5162087928850881,0.9630624889075111,0.8785030543804169,0,False,,,,
1766731593.168333,0.5162087928850881,0.9630624889075111,0.8785030543804169,0,False,,,,
1766731593.1705751,0.5162087928850881,0.9630624889075111,0.8785030543804169,0,False,,,,
1766731593.172935,0.5162087928850881,0.9630624889075111,0.8785030543804169,0,False,,,,
1766731593.175544,0.4685751208398304,0.9476673837250628,0.8653298568725586,0,False,,,,
1766731593.393077,0.4145346018691084,0.7081225610211327,0.3567372815773826,0,False,,,,
1766731593.4002821,0.4145346018691084,0.7081225610211327,0.3567372815773826,0,False,,,,
1766731593.405737,0.4145346018691084,0.7081225610211327,0.3567372815773826,0,False,,,,
1766731593.408509,0.4145346018691084,0.7081225610211327,0.3567372815773826,0,False,,,,
1766731593.4108338,0.5943694575529467,0.4906950106844157,1.0,0,False,,,,
1766731593.6091,0.5943694575529467,0.4906950106844157,1.0,0,False,,,,
1766731593.613091,0.5943694575529467,0.4906950106844157,1.0,0,False,,,,
1766731593.6154811,0.5943694575529467,0.4906950106844157,1.0,0,False,,,,
1766731593.6182022,0.5924190093135101,0.4987918218633821,1.0,0,False,,,,
1766731593.62096,0.5846653891492073,0.6189126080508303,1.0,0,False,,,,
1766731593.818794,0.585280395232611,0.6207898813597581,1.0,0,False,,,,
1766731593.824455,0.5831824394610453,0.620846867145805,0.9972690343856812,0,False,,,,
1766731593.8278131,0.5831824394610453,0.620846867145805,0.9972690343856812,0,False,,,,
1766731593.8334908,0.5831824394610453,0.620846867145805,0.9972690343856812,0,False,,,,
1766731593.836433,0.5808075990382979,0.6108224990471226,1.0,1,False,,,,
1766731594.122457,0.5807822606494202,0.6107616269927303,0.9959696531295776,1,False,,,,
1766731594.130199,0.5812824101879347,0.6068777256651708,1.0,1,False,,,,
1766731594.135833,0.5812824101879347,0.6068777256651708,1.0,1,False,,,,
1766731594.140373,0.5812824101879347,0.6068777256651708,1.0,1,False,,,,
1766731594.142706,0.5384098403863602,0.4951819309375287,1.0,1,False,,,,
1766731594.532864,0.5384098403863602,0.4951819309375287,1.0,1,False,,,,
1766731594.539968,0.5384098403863602,0.4951819309375287,1.0,1,False,,,,
1766731594.5424662,0.5384098403863602,0.4951819309375287,1.0,1,False,,,,
1766731594.544815,0.5384098403863602,0.4951819309375287,1.0,1,False,,,,
1766731594.5470521,0.44003287615474107,1.0909116703741315,0.8932555317878723,0,False,,,,
1766731594.721102,0.44003287615474107,1.0909116703741315,0.8932555317878723,0,False,,,,
1766731594.727367,0.44154108616763166,1.0842104767753937,0.8718095421791077,0,False,,,,
1766731594.731175,0.44242276144489684,1.080639968805741,0.8877402544021606,0,False,,,,
1766731594.734058,0.44242276144489684,1.080639968805741,0.8877402544021606,0,False,,,,
1766731594.739805,0.4507791197183025,1.0883609487187478,0.8846872746944427,1,False,,,,
1766731594.992917,0.4507791197183025,1.0883609487187478,0.8846872746944427,1,False,,,,
1766731595.000843,0.45066716565836923,1.0921476349111023,0.9396763145923615,1,False,,,,
1766731595.0064461,0.45066716565836923,1.0921476349111023,0.9396763145923615,1,False,,,,
1766731595.009751,0.45066716565836923,1.0921476349111023,0.9396763145923615,1,False,,,,
1766731595.011961,0.5154282597179005,0.9816565869213412,0.8,0,False,,,,
1766731595.182463,0.5154282597179005,0.9816565869213412,0.8,0,False,,,,
1766731595.187656,0.5154282597179005,0.9816565869213412,0.8,0,False,,,,
1766731595.19063,0.5154282597179005,0.9816565869213412,0.8,0,False,,,,
1766731595.192746,0.5154282597179005,0.9816565869213412,0.8,0,False,,,,
1766731595.195286,0.45661108424859503,1.1118838503329624,0.9070933759212494,0,False,,,,
1766731595.5040991,0.45661108424859503,1.1118838503329624,0.9070933759212494,0,False,,,,
1766731595.511421,0.45661108424859503,1.1118838503329624,0.9070933759212494,0,False,,,,
1766731595.5158389,0.45661108424859503,1.1118838503329624,0.9070933759212494,0,False,,,,
1766731595.517996,0.45661108424859503,1.1118838503329624,0.9070933759212494,0,False,,,,
1766731595.520663,0.5301147548500713,0.8827644896092143,0.8,1,False,,,,
1766731595.8265002,0.5301147548500713,0.8827644896092143,0.8,1,False,,,,
1766731595.8320389,0.53031012263696,0.8826747729462181,0.7834831953048706,1,False,,,,
1766731595.835562,0.5305326084436157,0.8851233128401936,0.7731993079185486,1,False,,,,
1766731595.838465,0.5305326084436157,0.8851233128401936,0.7731993079185486,1,False,,,,
1766731595.843434,0.45920277798505194,0.9001210458423047,0.4006690033396522,0,False,,,,
1766731596.052474,0.45920277798505194,0.9001210458423047,0.4006690033396522,0,False,,,,
1766731596.057468,0.45920277798505194,0.9001210458423047,0.4006690033396522,0,False,,,,
1766731596.0601559,0.45920277798505194,0.9001210458423047,0.4006690033396522,0,False,,,,
1766731596.062912,0.45920277798505194,0.9001210458423047,0.4006690033396522,0,False,,,,
1766731596.0670679,0.5797200955966129,0.5031618525258872,1.0,0,False,,,,
1766731596.27516,0.5786229830539396,0.5050986625291101,1.0,0,False,,,,
1766731596.282775,0.5786229830539396,0.5050986625291101,1.0,0,False,,,,
1766731596.2873971,0.5786229830539396,0.5050986625291101,1.0,0,False,,,,
1766731596.2897742,0.5786229830539396,0.5050986625291101,1.0,0,False,,,,
1766731596.292038,0.45200808842426554,0.4445740042275931,0.3545672887696095,1,False,,,,
1766731596.6811368,0.45200808842426554,0.4445740042275931,0.3545672887696095,1,False,,,,
1766731596.688243,0.45200808842426554,0.4445740042275931,0.3545672887696095,1,False,,,,
1766731596.69104,0.45200808842426554,0.4445740042275931,0.3545672887696095,1,False,,,,
1766731596.693778,0.45200808842426554,0.4445740042275931,0.3545672887696095,1,False,,,,
1766731596.696588,0.5808861479472032,0.5452966363731961,0.1538698489812495,2,False,,,,
1766731597.050606,0.5808861479472032,0.5452966363731961,0.1538698489812495,2,False,,,,
1766731597.05568,0.5808861479472032,0.5452966363731961,0.1538698489812495,2,False,,,,
1766731597.0582201,0.5808861479472032,0.5452966363731961,0.1538698489812495,2,False,,,,
1766731597.0610518,0.5808861479472032,0.5452966363731961,0.1538698489812495,2,False,,,,
1766731597.063472,0.5086057860832122,0.7482353514541354,0.995,2,False,,,,
1766731597.499774,0.5086057860832122,0.7482353514541354,0.995,2,False,,,,
1766731597.505697,0.5086057860832122,0.7482353514541354,0.995,2,False,,,,
1766731597.5090308,0.49169490191382437,0.9139884729276203,0.9676588129997253,2,False,,,,
1766731597.513269,0.49169490191382437,0.9139884729276203,0.9676588129997253,2,False,,,,
1766731597.519358,0.4532717685747783,1.0808907215419965,0.865569680929184,2,False,,,,
1766731597.856632,0.4532717685747783,1.0808907215419965,0.865569680929184,2,False,,,,
1766731597.8621252,0.4532717685747783,1.0808907215419965,0.865569680929184,2,False,,,,
1766731597.8648279,0.4532717685747783,1.0808907215419965,0.865569680929184,2,False,,,,
1766731597.8703208,0.4532717685747783,1.0808907215419965,0.865569680929184,2,False,,,,
1766731597.872999,0.5015487270991987,0.6483543540208186,1.0,2,False,,,,
1766731598.164609,0.5015487270991987,0.6483543540208186,1.0,2,False,,,,
1766731598.171697,0.5015487270991987,0.6483543540208186,1.0,2,False,,,,
1766731598.174266,0.5015487270991987,0.6483543540208186,1.0,2,False,,,,
1766731598.176768,0.5015487270991987,0.6483543540208186,1.0,2,False,,,,
1766731598.179747,0.4742041753493417,0.7721750563412152,0.963443398475647,2,False,,,,
1766731598.627541,0.4742041753493417,0.7721750563412152,0.963443398475647,2,False,,,,
1766731598.635026,0.4742041753493417,0.7721750563412152,0.963443398475647,2,False,,,,
1766731598.637803,0.4742041753493417,0.7721750563412152,0.963443398475647,2,False,,,,
1766731598.6402571,0.4742041753493417,0.7721750563412152,0.963443398475647,2,False,,,,
1766731598.6429281,0.4760705479605611,0.7614949857194147,0.9623910784721375,2,False,,,,
1766731598.9547899,0.4767133600735847,0.7606498397054702,0.9293814599514008,2,False,,,,
1766731598.962333,0.4767133600735847,0.7606498397054702,0.9293814599514008,2,False,,,,
1766731598.965309,0.4767133600735847,0.7606498397054702,0.9293814599514008,2,False,,,,
1766731598.967642,0.4767133600735847,0.7606498397054702,0.9293814599514008,2,False,,,,
1766731598.969811,0.47734002797462793,0.724181595432369,1.0,2,False,,,,
1766731599.282881,0.47609552091376467,0.7251435353566571,0.9863597452640533,2,False,,,,
1766731599.2904031,0.47749512915001313,0.7253836198519799,1.0,2,False,,,,
1766731599.2965791,0.47749512915001313,0.7253836198519799,1.0,2,False,,,,
1766731599.299371,0.47749512915001313,0.7253836198519799,1.0,2,False,,,,
1766731599.30164,0.47715101650209385,0.7365097819651251,0.994968056678772,2,False,,,,
1766731599.653475,0.47707158493350044,0.740288500001137,0.9896715879440308,2,False,,,,
1766731599.65925,0.47707158493350044,0.740288500001137,0.9896715879440308,2,False,,,,
1766731599.6662881,0.47707158493350044,0.740288500001137,0.9896715879440308,2,False,,,,
1766731599.668962,0.47707158493350044,0.740288500001137,0.9896715879440308,2,False,,,,
1766731599.671314,0.47417025754079833,0.7560952105202229,0.9543498158454895,1,False,,,,
1766731599.982699,0.47417025754079833,0.7560952105202229,0.9543498158454895,1,False,,,,
1766731599.989001,0.47353076417677203,0.7564060947365557,0.9419476091861725,1,False,,,,
1766731599.9919071,0.47353076417677203,0.7564060947365557,0.9419476091861725,1,False,,,,
1766731599.9946198,0.47353076417677203,0.7564060947365557,0.9419476091861725,1,False,,,,
1766731600.000986,0.474680671251118,0.7393525839540844,0.9726662039756775,1,False,,,,
1766731600.366483,0.474680671251118,0.7393525839540844,0.9726662039756775,1,False,,,,
1766731600.372295,0.474680671251118,0.7393525839540844,0.9726662039756775,1,False,,,,
1766731600.3752708,0.474680671251118,0.7393525839540844,0.9726662039756775,1,False,,,,
1766731600.3780339,0.474680671251118,0.7393525839540844,0.9726662039756775,1,False,,,,
1766731600.383032,0.46217881705253294,0.7245959869205838,0.9892825782299042,1,False,,,,
1766731600.6839502,0.46217881705253294,0.7245959869205838,0.9892825782299042,1,False,,,,
1766731600.6900969,0.46171146752920417,0.7238811142772666,1.0,1,False,,,,
1766731600.694253,0.46164002343613275,0.7222998127983066,0.9606242775917053,1,False,,,,
1766731600.6973472,0.46164002343613275,0.7222998127983066,0.9606242775917053,1,False,,,,
1766731600.703776,0.4766452683006476,0.7310326408097689,1.0,1,False,,,,
1766731600.975531,0.4766452683006476,0.7310326408097689,1.0,1,False,,,,
1766731600.9808152,0.4766452683006476,0.7310326408097689,1.0,1,False,,,,
1766731600.983995,0.4766452683006476,0.7310326408097689,1.0,1,False,,,,
1766731600.986604,0.4766452683006476,0.7310326408097689,1.0,1,False,,,,
1766731600.988915,0.46156955784698506,0.7286737284685766,1.0,1,False,,,,
1766731601.393194,0.46156955784698506,0.7286737284685766,1.0,1,False,,,,
1766731601.3988008,0.46838569091185694,0.7228321193950014,1.0,1,False,,,,
1766731601.4024022,0.46838569091185694,0.7228321193950014,1.0,1,False,,,,
1766731601.405358,0.46838569091185694,0.7228321193950014,1.0,1,False,,,,
1766731601.41171,0.4771197540225726,0.7064903195809803,0.9782768189907074,1,False,,,,
1766731602.3142881,0.4771197540225726,0.7064903195809803,0.9782768189907074,1,False,,,,
1766731602.32028,0.4771197540225726,0.7064903195809803,0.9782768189907074,1,False,,,,
1766731602.322986,0.4771197540225726,0.7064903195809803,0.9782768189907074,1,False,,,,
1766731602.3251562,0.4771197540225726,0.7064903195809803,0.9782768189907074,1,False,,,,
1766731602.32748,0.46607766194803507,0.6742220057353103,1.0,1,False,,,,
1766731602.614773,0.46607766194803507,0.6742220057353103,1.0,1,False,,,,
1766731602.619945,0.46607766194803507,0.6742220057353103,1.0,1,False,,,,
1766731602.623143,0.46607766194803507,0.6742220057353103,1.0,1,False,,,,
1766731602.627989,0.46607766194803507,0.6742220057353103,1.0,1,False,,,,
1766731602.630723,0.493072395589546,0.6935078464190769,1.0,1,False,,,,
1766731602.903546,0.49252382283434376,0.6917675474922297,0.9811420440673828,1,False,,,,
1766731602.909985,0.49117761305712887,0.6904987426258478,1.0,1,False,,,,
1766731602.915669,0.49117761305712887,0.6904987426258478,1.0,1,False,,,,
1766731602.918306,0.49117761305712887,0.6904987426258478,1.0,1,False,,,,
1766731602.920887,0.5117129448227591,0.6758657156483489,0.9985844492912292,1,False,,,,
1766731603.1811059,0.5117129448227591,0.6758657156483489,0.9985844492912292,1,False,,,,
1766731603.187134,0.5117129448227591,0.6758657156483489,0.9985844492912292,1,False,,,,
1766731603.189771,0.5117129448227591,0.6758657156483489,0.9985844492912292,1,False,,,,
1766731603.192148,0.5117129448227591,0.6758657156483489,0.9985844492912292,1,False,,,,
1766731603.194497,0.5113126733011464,0.6108363408565012,0.9741665720939636,1,False,,,,
1766731603.547414,0.5102373554766079,0.5930072280433885,0.9577886462211609,1,False,,,,
1766731603.5540092,0.5102373554766079,0.5930072280433885,0.9577886462211609,1,False,,,,
1766731603.556911,0.5102373554766079,0.5930072280433885,0.9577886462211609,1,False,,,,
1766731603.559416,0.5102373554766079,0.5930072280433885,0.9577886462211609,1,False,,,,
1766731603.561614,0.5371537302037609,0.9863159140911577,0.8,1,False,,,,
1766731603.8605702,0.5371537302037609,0.9863159140911577,0.8,1,False,,,,
1766731603.867211,0.5371537302037609,0.9863159140911577,0.8,1,False,,,,
1766731603.8696032,0.5371537302037609,0.9863159140911577,0.8,1,False,,,,
1766731603.8719208,0.5371537302037609,0.9863159140911577,0.8,1,False,,,,
1766731603.87447,0.52394088665367,0.9617184396431677,0.8752385675907135,0,False,,,,
1766731604.065372,0.52394088665367,0.9617184396431677,0.8752385675907135,0,False,,,,
1766731604.073023,0.52394088665367,0.9617184396431677,0.8752385675907135,0,False,,,,
1766731604.077614,0.5143457589423901,0.9699355286979994,0.9176522493362427,0,False,,,,
1766731604.082081,0.5143457589423901,0.9699355286979994,0.9176522493362427,0,False,,,,
1766731604.0874932,0.5033657743172475,0.968294012784364,0.8665216267108917,0,False,,,,
1766731604.259042,0.5033657743172475,0.968294012784364,0.8665216267108917,0,False,,,,
1766731604.2654788,0.5033657743172475,0.968294012784364,0.8665216267108917,0,False,,,,
1766731604.26786,0.5033657743172475,0.968294012784364,0.8665216267108917,0,False,,,,
1766731604.270281,0.5033657743172475,0.968294012784364,0.8665216267108917,0,False,,,,
1766731604.272353,0.5070650422313074,0.8931728524924156,0.9596022665500641,0,False,,,,
1766731604.686038,0.507790058144918,0.8956456281666013,0.9203803539276123,0,False,,,,
1766731604.6937459,0.507790058144918,0.8956456281666013,0.9203803539276123,0,False,,,,
1766731604.698362,0.507790058144918,0.8956456281666013,0.9203803539276123,0,False,,,,
1766731604.700843,0.507790058144918,0.8956456281666013,0.9203803539276123,0,False,,,,
1766731604.704823,0.5056242670048989,0.8697326227468447,0.8912017643451691,0,False,,,,
1766731604.931829,0.5056242670048989,0.8697326227468447,0.8912017643451691,0,False,,,,
1766731604.9366221,0.5056242670048989,0.8697326227468447,0.8912017643451691,0,False,,,,
1766731604.9395719,0.5056242670048989,0.8697326227468447,0.8912017643451691,0,False,,,,
1766731604.941843,0.5056242670048989,0.8697326227468447,0.8912017643451691,0,False,,,,
1766731604.944075,0.45277211345348906,0.7605816282769707,0.9549853205680847,0,False,,,,
1766731605.1707368,0.45277211345348906,0.7605816282769707,0.9549853205680847,0,False,,,,
1766731605.175479,0.45277211345348906,0.7605816282769707,0.9549853205680847,0,False,,,,
1766731605.17808,0.45277211345348906,0.7605816282769707,0.9549853205680847,0,False,,,,
1766731605.180342,0.45277211345348906,0.7605816282769707,0.9549853205680847,0,False,,,,
1766731605.183389,0.43023488320433667,0.7869704623072977,0.9646267294883728,0,False,,,,
1766731605.383762,0.4217310009954435,0.7967634888190834,1.0,0,False,,,,
1766731605.388146,0.4211187937123834,0.7980632692807191,1.0,0,False,,,,
1766731605.391238,0.4211187937123834,0.7980632692807191,1.0,0,False,,,,
1766731605.3964648,0.4211187937123834,0.7980632692807191,1.0,0,False,,,,
1766731605.3992388,0.5022432569963433,0.9089917677003015,0.9357821047306061,0,False,,,,
1766731605.620121,0.5051287965916379,0.9221756249150234,0.9219147264957428,0,False,,,,
1766731605.6251562,0.5051287965916379,0.9221756249150234,0.9219147264957428,0,False,,,,
1766731605.629475,0.5051287965916379,0.9221756249150234,0.9219147264957428,0,False,,,,
1766731605.632499,0.5051287965916379,0.9221756249150234,0.9219147264957428,0,False,,,,
1766731605.635284,0.49627063676994565,0.9147880120456884,0.9351162314414978,0,False,,,,
1766731605.8900979,0.49627063676994565,0.9147880120456884,0.9351162314414978,0,False,,,,
1766731605.894805,0.49627063676994565,0.9147880120456884,0.9351162314414978,0,False,,,,
1766731605.899512,0.49627063676994565,0.9147880120456884,0.9351162314414978,0,False,,,,
1766731605.9038222,0.49627063676994565,0.9147880120456884,0.9351162314414978,0,False,,,,
1766731605.906362,0.5239526625724665,0.7894783392199158,0.9502682983875275,0,False,,,,
1766731606.136069,0.5239526625724665,0.7894783392199158,0.9502682983875275,0,False,,,,
1766731606.140998,0.5239526625724665,0.7894783392199158,0.9502682983875275,0,False,,,,
1766731606.143629,0.5239526625724665,0.7894783392199158,0.9502682983875275,0,False,,,,
1766731606.146018,0.5239526625724665,0.7894783392199158,0.9502682983875275,0,False,,,,
1766731606.148216,0.5311558265046911,0.8449481945846224,0.9453917145729065,0,False,,,,
1766731606.327788,0.5311558265046911,0.8449481945846224,0.9453917145729065,0,False,,,,
1766731606.333559,0.5311558265046911,0.8449481945846224,0.9453917145729065,0,False,,,,
1766731606.335979,0.5311558265046911,0.8449481945846224,0.9453917145729065,0,False,,,,
1766731606.3380852,0.5311558265046911,0.8449481945846224,0.9453917145729065,0,False,,,,
1766731606.340138,0.5439612189126635,0.8043122249388236,0.4805487854830937,0,False,,,,
1766731606.532749,0.5439612189126635,0.8043122249388236,0.4805487854830937,0,False,,,,
1766731606.5388732,0.5439612189126635,0.8043122249388236,0.4805487854830937,0,False,,,,
1766731606.541574,0.5439612189126635,0.8043122249388236,0.4805487854830937,0,False,,,,
1766731606.543817,0.5439612189126635,0.8043122249388236,0.4805487854830937,0,False,,,,
1766731606.545883,0.5422138706673312,0.579326850333798,1.0,0,False,,,,
1766731606.713581,0.5422138706673312,0.579326850333798,1.0,0,False,,,,
1766731606.719674,0.5422138706673312,0.579326850333798,1.0,0,False,,,,
1766731606.722375,0.5359782985876715,0.5763306763878846,1.0,0,False,,,,
1766731606.725148,0.5296288420499248,0.5881326574253715,1.0,0,False,,,,
1766731606.727681,0.4911135317077345,0.6678807809577143,1.0,1,False,,,,
1766731607.001146,0.4911135317077345,0.6678807809577143,1.0,1,False,,,,
1766731607.0083258,0.4911135317077345,0.6678807809577143,1.0,1,False,,,,
1766731607.012744,0.4911135317077345,0.6678807809577143,1.0,1,False,,,,
1766731607.015168,0.4911135317077345,0.6678807809577143,1.0,1,False,,,,
1766731607.018364,0.47246093262588573,0.7075385017842292,1.0,1,False,,,,
1766731607.3324108,0.46898217706293216,0.7205874090337948,1.0,1,False,,,,
1766731607.339939,0.46898217706293216,0.7205874090337948,1.0,1,False,,,,
1766731607.345402,0.46898217706293216,0.7205874090337948,1.0,1,False,,,,
1766731607.348308,0.46898217706293216,0.7205874090337948,1.0,1,False,,,,
1766731607.351509,0.47751843748375444,0.7549051985707484,0.9735989272594452,1,False,,,,
1766731607.6214569,0.47751843748375444,0.7549051985707484,0.9735989272594452,1,False,,,,
1766731607.6270359,0.4775670097557202,0.7535419884303637,0.95212721824646,1,False,,,,
1766731607.630047,0.4780679060204306,0.7542323967761234,0.9545413851737976,1,False,,,,
1766731607.633024,0.4780679060204306,0.7542323967761234,0.9545413851737976,1,False,,,,
1766731607.6388988,0.4893315856116797,0.7561548322523275,0.9192250370979309,1,False,,,,
1766731607.887542,0.4893315856116797,0.7561548322523275,0.9192250370979309,1,False,,,,
1766731607.893225,0.4893315856116797,0.7561548322523275,0.9192250370979309,1,False,,,,
1766731607.897175,0.4923015548969866,0.7686799826609304,0.9491370618343353,1,False,,,,
1766731607.900984,0.4923015548969866,0.7686799826609304,0.9491370618343353,1,False,,,,
1766731607.903597,0.48678995259842067,0.745287409670748,0.947453498840332,1,False,,,,
1766731608.172674,0.48262118186336433,0.7437385280867457,0.9372938275337219,1,False,,,,
1766731608.179125,0.48262118186336433,0.7437385280867457,0.9372938275337219,1,False,,,,
1766731608.181946,0.48262118186336433,0.7437385280867457,0.9372938275337219,1,False,,,,
1766731608.1841311,0.48262118186336433,0.7437385280867457,0.9372938275337219,1,False,,,,
1766731608.186317,0.4844879954384959,0.7420450109371567,0.9575336277484894,1,False,,,,
1766731608.4443111,0.4844879954384959,0.7420450109371567,0.9575336277484894,1,False,,,,
1766731608.449089,0.4844879954384959,0.7420450109371567,0.9575336277484894,1,False,,,,
1766731608.452075,0.4844879954384959,0.7420450109371567,0.9575336277484894,1,False,,,,
1766731608.454731,0.4844879954384959,0.7420450109371567,0.9575336277484894,1,False,,,,
1766731608.457097,0.4845838045555542,0.7394615600604748,0.9726931750774384,1,False,,,,
1766731608.7084,0.4845838045555542,0.7394615600604748,0.9726931750774384,1,False,,,,
1766731608.714905,0.4845838045555542,0.7394615600604748,0.9726931750774384,1,False,,,,
1766731608.7177448,0.4845838045555542,0.7394615600604748,0.9726931750774384,1,False,,,,
1766731608.720198,0.4845838045555542,0.7394615600604748,0.9726931750774384,1,False,,,,
1766731608.722908,0.5327698922998785,0.8158564053495395,0.9403375089168549,1,False,,,,
1766731609.012796,0.5327698922998785,0.8158564053495395,0.9403375089168549,1,False,,,,
1766731609.0191512,0.5327698922998785,0.8158564053495395,0.9403375089168549,1,False,,,,
1766731609.02212,0.5327698922998785,0.8158564053495395,0.9403375089168549,1,False,,,,
1766731609.0267751,0.5327698922998785,0.8158564053495395,0.9403375089168549,1,False,,,,
1766731609.029539,0.5150590488543522,0.7725790788080913,0.9144389033317566,1,False,,,,
1766731609.484683,0.5150590488543522,0.7725790788080913,0.9144389033317566,1,False,,,,
1766731609.490336,0.5150590488543522,0.7725790788080913,0.9144389033317566,1,False,,,,
1766731609.4930718,0.5150590488543522,0.7725790788080913,0.9144389033317566,1,False,,,,
1766731609.495508,0.5150590488543522,0.7725790788080913,0.9144389033317566,1,False,,,,
1766731609.497962,0.5090442046019826,0.7619856262390091,0.8884029686450958,1,False,,,,
1766731609.756001,0.5090442046019826,0.7619856262390091,0.8884029686450958,1,False,,,,
1766731609.761167,0.5090442046019826,0.7619856262390091,0.8884029686450958,1,False,,,,
1766731609.763672,0.5090442046019826,0.7619856262390091,0.8884029686450958,1,False,,,,
1766731609.765903,0.5090442046019826,0.7619856262390091,0.8884029686450958,1,False,,,,
1766731609.7684321,0.5318183589757725,0.7540837301211446,0.9654206037521362,1,False,,,,
1766731610.2938728,0.5318183589757725,0.7540837301211446,0.9654206037521362,1,False,,,,
1766731610.299628,0.5318183589757725,0.7540837301211446,0.9654206037521362,1,False,,,,
1766731610.302625,0.5318183589757725,0.7540837301211446,0.9654206037521362,1,False,,,,
1766731610.304862,0.5318183589757725,0.7540837301211446,0.9654206037521362,1,False,,,,
1766731610.3072362,0.5085184183160629,0.7362573682711147,0.909087061882019,1,False,,,,
1766731610.552298,0.5085184183160629,0.7362573682711147,0.909087061882019,1,False,,,,
1766731610.559489,0.5085184183160629,0.7362573682711147,0.909087061882019,1,False,,,,
1766731610.562363,0.5085184183160629,0.7362573682711147,0.909087061882019,1,False,,,,
1766731610.564699,0.5085184183160629,0.7362573682711147,0.909087061882019,1,False,,,,
1766731610.5670469,0.503309532640468,0.733888280837915,0.9932150542736053,1,False,,,,
1766731610.834837,0.503309532640468,0.733888280837915,0.9932150542736053,1,False,,,,
1766731610.840071,0.503309532640468,0.733888280837915,0.9932150542736053,1,False,,,,
1766731610.845491,0.502153581290737,0.7335293364146013,0.9575788378715515,1,False,,,,
1766731610.847939,0.502153581290737,0.7335293364146013,0.9575788378715515,1,False,,,,
1766731610.850566,0.5088156588110937,0.7327620012803617,0.918978214263916,1,False,,,,
1766731611.090919,0.5088156588110937,0.7327620012803617,0.918978214263916,1,False,,,,
1766731611.0964491,0.5088156588110937,0.7327620012803617,0.918978214263916,1,False,,,,
1766731611.0992918,0.5088156588110937,0.7327620012803617,0.918978214263916,1,False,,,,
1766731611.10206,0.5088156588110937,0.7327620012803617,0.918978214263916,1,False,,,,
1766731611.104334,0.5013621274284896,0.7199527335645518,0.9348166882991791,1,False,,,,
1766731611.370686,0.5013621274284896,0.7199527335645518,0.9348166882991791,1,False,,,,
1766731611.375803,0.5013621274284896,0.7199527335645518,0.9348166882991791,1,False,,,,
1766731611.379019,0.5012892865415782,0.7202357151346789,0.9547683298587799,1,False,,,,
1766731611.381848,0.5014250045022064,0.7175005344069484,0.9566832482814789,1,False,,,,
1766731611.3878038,0.5130660893794692,0.7230414767086204,0.937916100025177,1,False,,,,
1766731611.699378,0.5130660893794692,0.7230414767086204,0.937916100025177,1,False,,,,
1766731611.7051,0.5130660893794692,0.7230414767086204,0.937916100025177,1,False,,,,
1766731611.707627,0.5130660893794692,0.7230414767086204,0.937916100025177,1,False,,,,
1766731611.709866,0.5130660893794692,0.7230414767086204,0.937916100025177,1,False,,,,
1766731611.7121658,0.4962675454964024,0.7189482288027677,0.9725974202156067,1,False,,,,
1766731612.063803,0.4962675454964024,0.7189482288027677,0.9725974202156067,1,False,,,,
1766731612.0692968,0.4962675454964024,0.7189482288027677,0.9725974202156067,1,False,,,,
1766731612.071927,0.4962675454964024,0.7189482288027677,0.9725974202156067,1,False,,,,
1766731612.074101,0.4962675454964024,0.7189482288027677,0.9725974202156067,1,False,,,,
1766731612.076444,0.49778111735998626,0.7222017419090808,0.9581197798252106,1,False,,,,
1766731612.300506,0.49778111735998626,0.7222017419090808,0.9581197798252106,1,False,,,,
1766731612.305398,0.49778111735998626,0.7222017419090808,0.9581197798252106,1,False,,,,
1766731612.3077178,0.49778111735998626,0.7222017419090808,0.9581197798252106,1,False,,,,
1766731612.310053,0.49778111735998626,0.7222017419090808,0.9581197798252106,1,False,,,,
1766731612.312448,0.5572682506331282,1.0571517373188501,0.8,1,False,,,,
1766731612.551102,0.5572682506331282,1.0571517373188501,0.8,1,False,,,,
1766731612.55719,0.5159424099790143,1.1592167139816547,0.9388176500797272,1,False,,,,
1766731612.559594,0.5159424099790143,1.1592167139816547,0.9388176500797272,1,False,,,,
1766731612.562947,0.5159424099790143,1.1592167139816547,0.9388176500797272,1,False,,,,
1766731612.568244,0.5121527857736848,1.1568274647139387,0.9230894446372986,0,False,,,,
1766731612.750031,0.5121527857736848,1.1568274647139387,0.9230894446372986,0,False,,,,
1766731612.75547,0.5109791154699468,1.15240602333592,0.8569600284099579,0,False,,,,
1766731612.758341,0.5105265973453348,1.1502536269164159,0.891705185174942,0,False,,,,
1766731612.762941,0.5105265973453348,1.1502536269164159,0.891705185174942,0,False,,,,
1766731612.769469,0.5127083407223895,1.2477066455145926,0.8916496932506561,0,False,,,,
1766731612.987756,0.5569532762500206,1.1445866864217704,0.8,0,False,,,,
1766731612.995827,0.555640331228745,1.1431399189905629,0.7875805675983429,0,False,,,,
1766731613.002829,0.555640331228745,1.1431399189905629,0.7875805675983429,0,False,,,,
1766731613.005633,0.555640331228745,1.1431399189905629,0.7875805675983429,0,False,,,,
1766731613.00781,0.5448288714749262,1.0397696043864668,0.3302718740036397,0,False,,,,
1766731613.2205398,0.5448288714749262,1.0397696043864668,0.3302718740036397,0,False,,,,
1766731613.227613,0.5815797903093268,1.0819604215145975,1.0,0,False,,,,
1766731613.2302458,0.5815797903093268,1.0819604215145975,1.0,0,False,,,,
1766731613.2363389,0.5815797903093268,1.0819604215145975,1.0,0,False,,,,
1766731613.23877,0.5013400517041858,1.2370452078521437,0.8510507643222809,0,False,,,,
1766731613.423576,0.5046455042165306,1.2356139847851741,0.8477256596088409,0,False,,,,
1766731613.4304798,0.5046455042165306,1.2356139847851741,0.8477256596088409,0,False,,,,
1766731613.436377,0.5046455042165306,1.2356139847851741,0.8477256596088409,0,False,,,,
1766731613.438964,0.5046455042165306,1.2356139847851741,0.8477256596088409,0,False,,,,
1766731613.4416761,0.5728683548928519,0.5480608277887519,0.4425583665910715,0,False,,,,
1766731613.718518,0.5728683548928519,0.5480608277887519,0.4425583665910715,0,False,,,,
1766731613.7237818,0.5728683548928519,0.5480608277887519,0.4425583665910715,0,False,,,,
1766731613.726677,0.5294641460495795,0.5677524210392874,0.995,0,False,,,,
1766731613.729186,0.5394894921721768,0.5600030595859742,0.9403782784938812,0,False,,,,
1766731613.732278,0.539617280169006,0.5595417586027369,1.0,0,False,,,,
1766731613.8958778,0.5367251469968746,0.5690529164209492,1.0,0,False,,,,
1766731613.902176,0.5366915848313963,0.5732890721506404,1.0,0,False,,,,
1766731613.906642,0.5366915848313963,0.5732890721506404,1.0,0,False,,,,
1766731613.908915,0.5366915848313963,0.5732890721506404,1.0,0,False,,,,
1766731613.910954,0.5273031792896721,0.607845504223983,1.0,0,False,,,,
1766731614.137216,0.5273031792896721,0.607845504223983,1.0,0,False,,,,
1766731614.142303,0.5273031792896721,0.607845504223983,1.0,0,False,,,,
1766731614.145304,0.5273031792896721,0.607845504223983,1.0,0,False,,,,
1766731614.147448,0.5273031792896721,0.607845504223983,1.0,0,False,,,,
1766731614.149458,0.5265516699386849,0.6115061878942827,1.0,0,False,,,,
1766731614.366907,0.5254200510161309,0.6145391479456677,1.0,0,False,,,,
1766731614.374677,0.5254200510161309,0.6145391479456677,1.0,0,False,,,,
1766731614.3795881,0.5254200510161309,0.6145391479456677,1.0,0,False,,,,
1766731614.382195,0.5254200510161309,0.6145391479456677,1.0,0,False,,,,
1766731614.387063,0.5219602937429495,0.6345930948094487,1.0,0,False,,,,
1766731614.58026,0.5219602937429495,0.6345930948094487,1.0,0,False,,,,
1766731614.586314,0.5219602937429495,0.6345930948094487,1.0,0,False,,,,
1766731614.588908,0.5219602937429495,0.6345930948094487,1.0,0,False,,,,
1766731614.591029,0.5219602937429495,0.6345930948094487,1.0,0,False,,,,
1766731614.593059,0.5108330990296935,0.6417698426514994,1.0,1,False,,,,
1766731614.8898308,0.5108330990296935,0.6417698426514994,1.0,1,False,,,,
1766731614.895175,0.5108330990296935,0.6417698426514994,1.0,1,False,,,,
1766731614.8979359,0.511115497123688,0.6422410450502549,1.0,1,False,,,,
1766731614.901488,0.5127734168589391,0.6428610165863098,1.0,1,False,,,,
1766731614.904398,0.5560508228037404,1.1727214394092906,0.8527669012546539,1,False,,,,
1766731615.420941,0.5560508228037404,1.1727214394092906,0.8527669012546539,1,False,,,,
1766731615.425799,0.5560508228037404,1.1727214394092906,0.8527669012546539,1,False,,,,
1766731615.428333,0.5560508228037404,1.1727214394092906,0.8527669012546539,1,False,,,,
1766731615.4306822,0.5560508228037404,1.1727214394092906,0.8527669012546539,1,False,,,,
1766731615.433392,0.5202006151034468,1.167845505728999,0.8739967048168182,0,False,,,,
1766731615.635057,0.5206404807502814,1.1685150577197096,0.8644649386405945,0,False,,,,
1766731615.642359,0.5726175279664459,1.0503413618145978,0.8,0,False,,,,
1766731615.6480331,0.5726175279664459,1.0503413618145978,0.8,0,False,,,,
1766731615.650496,0.5726175279664459,1.0503413618145978,0.8,0,False,,,,
1766731615.6532009,0.5114719225876017,1.1540489726587313,0.8551587760448456,0,False,,,,
1766731615.818932,0.5114719225876017,1.1540489726587313,0.8551587760448456,0,False,,,,
1766731615.8251,0.5114719225876017,1.1540489726587313,0.8551587760448456,0,False,,,,
1766731615.827609,0.5114719225876017,1.1540489726587313,0.8551587760448456,0,False,,,,
1766731615.832043,0.5114719225876017,1.1540489726587313,0.8551587760448456,0,False,,,,
1766731615.834337,0.4064781453579746,1.2117908227662082,0.8569989502429962,0,False,,,,
1766731616.214787,0.40653895354252284,1.2125577095380256,0.8569989502429962,0,False,,,,
1766731616.222665,0.40653895354252284,1.2125577095380256,0.8569989502429962,0,False,,,,
1766731616.227448,0.40653895354252284,1.2125577095380256,0.8569989502429962,0,False,,,,
1766731616.229972,0.40653895354252284,1.2125577095380256,0.8569989502429962,0,False,,,,
1766731616.2324631,0.4155295811225842,1.2179301291753424,0.8553837239742279,0,False,,,,
1766731616.444541,0.4160721944988802,1.2152785542937916,0.938461422920227,0,False,,,,
1766731616.4506161,0.4160721944988802,1.2152785542937916,0.938461422920227,0,False,,,,
1766731616.455355,0.4160721944988802,1.2152785542937916,0.938461422920227,0,False,,,,
1766731616.45776,0.4160721944988802,1.2152785542937916,0.938461422920227,0,False,,,,
1766731616.460288,0.4350058187558359,1.213761293279777,0.8611851334571838,0,False,,,,
1766731616.681144,0.43761607301495475,1.2173721080722701,0.8781928420066833,0,False,,,,
1766731616.686843,0.43761607301495475,1.2173721080722701,0.8781928420066833,0,False,,,,
1766731616.689545,0.43761607301495475,1.2173721080722701,0.8781928420066833,0,False,,,,
1766731616.6915998,0.43761607301495475,1.2173721080722701,0.8781928420066833,0,False,,,,
1766731616.693852,0.4369935001533879,1.2016105600752278,0.8511243462562561,0,False,,,,
1766731616.88549,0.4369935001533879,1.2016105600752278,0.8511243462562561,0,False,,,,
1766731616.8908212,0.4369935001533879,1.2016105600752278,0.8511243462562561,0,False,,,,
1766731616.89345,0.4369935001533879,1.2016105600752278,0.8511243462562561,0,False,,,,
1766731616.895524,0.4369935001533879,1.2016105600752278,0.8511243462562561,0,False,,,,
1766731616.897933,0.3924915634653632,0.8256953253171272,0.8860181255442259,0,False,,,,
1766731617.258741,0.3924915634653632,0.8256953253171272,0.8860181255442259,0,False,,,,
1766731617.2635462,0.3924915634653632,0.8256953253171272,0.8860181255442259,0,False,,,,
1766731617.267731,0.3924915634653632,0.8256953253171272,0.8860181255442259,0,False,,,,
1766731617.269856,0.3924915634653632,0.8256953253171272,0.8860181255442259,0,False,,,,
1766731617.2722251,0.5223297476403738,0.3693498837589573,1.0,0,False,,,,
1766731617.4731011,0.5223297476403738,0.3693498837589573,1.0,0,False,,,,
1766731617.479221,0.5222124603670144,0.37960521224974597,1.0,0,False,,,,
1766731617.4821749,0.521599938782383,0.3855971198229282,1.0,0,False,,,,
1766731617.485246,0.521599938782383,0.3855971198229282,1.0,0,False,,,,
1766731617.488516,0.4824046042478221,0.5584695439974836,0.995,1,False,,,,
1766731617.777233,0.4824046042478221,0.5584695439974836,0.995,1,False,,,,
1766731617.7834492,0.452795778523668,0.7220890479324077,0.995,1,False,,,,
1766731617.787033,0.452795778523668,0.7220890479324077,0.995,1,False,,,,
1766731617.7933671,0.452795778523668,0.7220890479324077,0.995,1,False,,,,
1766731617.8043652,0.46563970413066935,0.6585616023964691,1.0,1,False,,,,
1766731618.186364,0.46659620946186553,0.6455607776574163,1.0,1,False,,,,
1766731618.194578,0.46659620946186553,0.6455607776574163,1.0,1,False,,,,
1766731618.200093,0.46659620946186553,0.6455607776574163,1.0,1,False,,,,
1766731618.202973,0.46659620946186553,0.6455607776574163,1.0,1,False,,,,
1766731618.205198,0.45702193554510623,0.5951008511896511,1.0,1,False,,,,
1766731618.4557068,0.4688137398658424,0.6332987705189556,1.0,1,False,,,,
1766731618.462077,0.4688137398658424,0.6332987705189556,1.0,1,False,,,,
1766731618.467176,0.4688137398658424,0.6332987705189556,1.0,1,False,,,,
1766731618.470199,0.4688137398658424,0.6332987705189556,1.0,1,False,,,,
1766731618.472398,0.4766329167521457,0.6232610687401405,1.0,1,False,,,,
1766731618.7400541,0.4766329167521457,0.6232610687401405,1.0,1,False,,,,
1766731618.744861,0.4766329167521457,0.6232610687401405,1.0,1,False,,,,
1766731618.7471879,0.4766329167521457,0.6232610687401405,1.0,1,False,,,,
1766731618.749604,0.47641750589587495,0.6228940130505854,1.0,1,False,,,,
1766731618.7522821,0.4914766504628504,0.5471977567884697,1.0,1,False,,,,
1766731619.024236,0.49074770363895154,0.5464399939635589,1.0,1,False,,,,
1766731619.030369,0.49074770363895154,0.5464399939635589,1.0,1,False,,,,
1766731619.035448,0.49074770363895154,0.5464399939635589,1.0,1,False,,,,
1766731619.037951,0.49074770363895154,0.5464399939635589,1.0,1,False,,,,
1766731619.0403972,0.48611228477963736,0.5557367899794406,1.0,0,False,,,,
1766731619.271529,0.48611228477963736,0.5557367899794406,1.0,0,False,,,,
1766731619.2782102,0.48611228477963736,0.5557367899794406,1.0,0,False,,,,
1766731619.280631,0.48611228477963736,0.5557367899794406,1.0,0,False,,,,
1766731619.2855392,0.48611228477963736,0.5557367899794406,1.0,0,False,,,,
1766731619.28843,0.4841056991707687,0.5525910824622253,1.0,0,False,,,,
1766731619.480157,0.4841056991707687,0.5525910824622253,1.0,0,False,,,,
1766731619.4860501,0.4841056991707687,0.5525910824622253,1.0,0,False,,,,
1766731619.488641,0.4841056991707687,0.5525910824622253,1.0,0,False,,,,
1766731619.4915671,0.48666101122470506,0.5571811897417966,1.0,0,False,,,,
1766731619.494625,0.4891342864216609,0.5585582980341378,1.0,0,False,,,,
1766731619.72234,0.48989038656965694,0.5586927132524432,1.0,0,False,,,,
1766731619.728862,0.49158472844734485,0.5573490594860274,1.0,0,False,,,,
1766731619.7318149,0.49158472844734485,0.5573490594860274,1.0,0,False,,,,
1766731619.73782,0.49158472844734485,0.5573490594860274,1.0,0,False,,,,
1766731619.740452,0.49711106100436836,0.5703984807557756,1.0,0,False,,,,
1766731619.9382741,0.49711106100436836,0.5703984807557756,1.0,0,False,,,,
1766731619.9433699,0.49711106100436836,0.5703984807557756,1.0,0,False,,,,
1766731619.94628,0.49711106100436836,0.5703984807557756,1.0,0,False,,,,
1766731619.948551,0.49711106100436836,0.5703984807557756,1.0,0,False,,,,
1766731619.950929,0.5123449365971322,0.5740479363934187,1.0,0,False,,,,
1766731620.1364439,0.5123449365971322,0.5740479363934187,1.0,0,False,,,,
1766731620.141779,0.5123449365971322,0.5740479363934187,1.0,0,False,,,,
1766731620.144507,0.5123449365971322,0.5740479363934187,1.0,0,False,,,,
1766731620.14692,0.5123449365971322,0.5740479363934187,1.0,0,False,,,,
1766731620.14924,0.49756533405690506,0.559955871344026,1.0,0,False,,,,
1766731620.3647869,0.4979471154907854,0.5637145135880827,1.0,0,False,,,,
1766731620.371161,0.4979471154907854,0.5637145135880827,1.0,0,False,,,,
1766731620.376657,0.4979471154907854,0.5637145135880827,1.0,0,False,,,,
1766731620.379013,0.4979471154907854,0.5637145135880827,1.0,0,False,,,,
1766731620.3815749,0.5032939072279554,0.573657299091924,1.0,0,False,,,,
1766731620.599175,0.502324360103737,0.5741800892765242,1.0,0,False,,,,
1766731620.605788,0.502324360103737,0.5741800892765242,1.0,0,False,,,,
1766731620.6108859,0.502324360103737,0.5741800892765242,1.0,0,False,,,,
1766731620.6133802,0.502324360103737,0.5741800892765242,1.0,0,False,,,,
1766731620.615458,0.5350666454210702,0.5894960778448929,1.0,0,False,,,,
1766731620.837993,0.5354419003107532,0.5891960858202969,1.0,0,False,,,,
1766731620.843939,0.5354419003107532,0.5891960858202969,1.0,0,False,,,,
1766731620.846438,0.5354419003107532,0.5891960858202969,1.0,0,False,,,,
1766731620.848861,0.5354419003107532,0.5891960858202969,1.0,0,False,,,,
1766731620.852957,0.5059961656675467,0.5794724612870853,1.0,0,False,,,,
1766731621.027401,0.5059961656675467,0.5794724612870853,1.0,0,False,,,,
1766731621.0327969,0.5013758448006124,0.5826038567799873,1.0,0,False,,,,
1766731621.036212,0.5013758448006124,0.5826038567799873,1.0,0,False,,,,
1766731621.038932,0.5013758448006124,0.5826038567799873,1.0,0,False,,,,
1766731621.044656,0.5114630099360842,0.5960099234740711,1.0,0,False,,,,
1766731621.235213,0.5123478442403673,0.5993461587899912,1.0,0,False,,,,
1766731621.24126,0.5123478442403673,0.5993461587899912,1.0,0,False,,,,
1766731621.2460952,0.5123478442403673,0.5993461587899912,1.0,0,False,,,,
1766731621.248378,0.5123478442403673,0.5993461587899912,1.0,0,False,,,,
1766731621.250925,0.5138584703643903,0.5983363439025926,1.0,0,False,,,,
1766731621.430685,0.5138584703643903,0.5983363439025926,1.0,0,False,,,,
1766731621.435145,0.5143156388662362,0.5966947576440889,1.0,0,False,,,,
1766731621.438401,0.5134791223667757,0.5965684798187268,1.0,0,False,,,,
1766731621.44074,0.5134791223667757,0.5965684798187268,1.0,0,False,,,,
1766731621.446393,0.5368282458141835,0.6097671930185059,1.0,0,False,,,,
1766731621.618282,0.5368282458141835,0.6097671930185059,1.0,0,False,,,,
1766731621.622963,0.5368282458141835,0.6097671930185059,1.0,0,False,,,,
1766731621.6257799,0.5368282458141835,0.6097671930185059,1.0,0,False,,,,
1766731621.628247,0.5368282458141835,0.6097671930185059,1.0,0,False,,,,
1766731621.630443,0.5152863383327352,0.6037401594319503,1.0,0,False,,,,
1766731621.856353,0.5152863383327352,0.6037401594319503,1.0,0,False,,,,
1766731621.861336,0.5152863383327352,0.6037401594319503,1.0,0,False,,,,
1766731621.864256,0.5152863383327352,0.6037401594319503,1.0,0,False,,,,
1766731621.8693209,0.5152863383327352,0.6037401594319503,1.0,0,False,,,,
1766731621.872334,0.5456006517955408,0.6512392727612973,1.0,0,False,,,,
1766731622.107869,0.5457132004486843,0.6574978175292588,0.9974741339683533,0,False,,,,
1766731622.113711,0.5457132004486843,0.6574978175292588,0.9974741339683533,0,False,,,,
1766731622.119333,0.5457132004486843,0.6574978175292588,0.9974741339683533,0,False,,,,
1766731622.121814,0.5457132004486843,0.6574978175292588,0.9974741339683533,0,False,,,,
1766731622.1244678,0.5537961780911143,0.6584643726857209,0.9678672552108765,0,False,,,,
1766731622.3071291,0.5418343117461948,0.6434893792201242,0.9578700661659241,0,False,,,,
1766731622.313621,0.5418343117461948,0.6434893792201242,0.9578700661659241,0,False,,,,
1766731622.31835,0.5418343117461948,0.6434893792201242,0.9578700661659241,0,False,,,,
1766731622.320839,0.5418343117461948,0.6434893792201242,0.9578700661659241,0,False,,,,
1766731622.323122,0.5111452866631626,0.663731371317492,1.0,0,False,,,,
1766731622.7224672,0.5111452866631626,0.663731371317492,1.0,0,False,,,,
1766731622.727409,0.5111452866631626,0.663731371317492,1.0,0,False,,,,
1766731622.7302022,0.5111452866631626,0.663731371317492,1.0,0,False,,,,
1766731622.732266,0.5111452866631626,0.663731371317492,1.0,0,False,,,,
1766731622.734587,0.5029803004298319,0.6493168599932114,1.0,0,False,,,,
1766731623.0935,0.5029803004298319,0.6493168599932114,1.0,0,False,,,,
1766731623.09824,0.5029803004298319,0.6493168599932114,1.0,0,False,,,,
1766731623.1009269,0.5029803004298319,0.6493168599932114,1.0,0,False,,,,
1766731623.103572,0.5029803004298319,0.6493168599932114,1.0,0,False,,,,
1766731623.10565,0.5407336702680821,0.6431522321441986,1.0,0,False,,,,
1766731623.8060439,0.5407336702680821,0.6431522321441986,1.0,0,False,,,,
1766731623.81118,0.5373335105012278,0.647110021643796,1.0,0,False,,,,
1766731623.81558,0.5377908784980053,0.648701932903981,1.0,0,False,,,,
1766731623.819124,0.5377908784980053,0.648701932903981,1.0,0,False,,,,
1766731623.8245609,0.49839003152890315,0.6511461578227702,1.0,0,False,,,,
1766731624.1271858,0.49839003152890315,0.6511461578227702,1.0,0,False,,,,
1766731624.1317592,0.49839003152890315,0.6511461578227702,1.0,0,False,,,,
1766731624.134488,0.49839003152890315,0.6511461578227702,1.0,0,False,,,,
1766731624.1366029,0.49839003152890315,0.6511461578227702,1.0,0,False,,,,
1766731624.1388102,0.49685243277529556,0.6506062198796954,1.0,0,False,,,,
1766731624.364819,0.49685243277529556,0.6506062198796954,1.0,0,False,,,,
1766731624.370144,0.49685243277529556,0.6506062198796954,1.0,0,False,,,,
1766731624.372888,0.49685243277529556,0.6506062198796954,1.0,0,False,,,,
1766731624.37504,0.49685243277529556,0.6506062198796954,1.0,0,False,,,,
1766731624.379296,0.4988979624878739,1.2070699759419419,0.8905957341194153,0,False,,,,
1766731624.623741,0.4808970230018845,1.2270111990528139,0.8366467356681824,0,False,,,,
1766731624.630302,0.4808970230018845,1.2270111990528139,0.8366467356681824,0,False,,,,
1766731624.635377,0.4808970230018845,1.2270111990528139,0.8366467356681824,0,False,,,,
1766731624.6378849,0.4808970230018845,1.2270111990528139,0.8366467356681824,0,False,,,,
1766731624.640193,0.461791260053172,1.2305200296087848,0.8233399391174316,0,False,,,,
1766731624.927851,0.461791260053172,1.2305200296087848,0.8233399391174316,0,False,,,,
1766731624.933475,0.461791260053172,1.2305200296087848,0.8233399391174316,0,False,,,,
1766731624.936219,0.461791260053172,1.2305200296087848,0.8233399391174316,0,False,,,,
1766731624.9383419,0.461791260053172,1.2305200296087848,0.8233399391174316,0,False,,,,
1766731624.940567,0.4549061805358489,1.2230412831209774,0.8813796639442444,0,False,,,,
1766731625.151623,0.4549061805358489,1.2230412831209774,0.8813796639442444,0,False,,,,
1766731625.156105,0.5363498624515395,1.0310850776859317,0.3640595245728228,0,False,,,,
1766731625.158786,0.5363498624515395,1.0310850776859317,0.3640595245728228,0,False,,,,
1766731625.161275,0.5363498624515395,1.0310850776859317,0.3640595245728228,0,False,,,,
1766731625.1665852,0.47250521780228566,1.2465120948753923,0.8629790544509888,0,False,,,,
1766731625.43949,0.47250521780228566,1.2465120948753923,0.8629790544509888,0,False,,,,
1766731625.44491,0.47250521780228566,1.2465120948753923,0.8629790544509888,0,False,,,,
1766731625.447391,0.47250521780228566,1.2465120948753923,0.8629790544509888,0,False,,,,
1766731625.4499378,0.47250521780228566,1.2465120948753923,0.8629790544509888,0,False,,,,
1766731625.452033,0.4737833071003795,1.092348728496947,0.8946962058544159,0,False,,,,
1766731625.917321,0.4737833071003795,1.092348728496947,0.8946962058544159,0,False,,,,
1766731625.9218402,0.5428233305079543,0.9642037212546393,0.2993017834988151,0,False,,,,
1766731625.925088,0.4736742510731996,1.0939489043001855,0.8608983159065247,0,False,,,,
1766731625.9308128,0.4736742510731996,1.0939489043001855,0.8608983159065247,0,False,,,,
1766731625.9364889,0.5492724020749976,0.9588409158224591,0.36222536122123816,1,False,,,,
1766731626.280454,0.5492724020749976,0.9588409158224591,0.36222536122123816,1,False,,,,
1766731626.285236,0.5492724020749976,0.9588409158224591,0.36222536122123816,1,False,,,,
1766731626.287719,0.5492724020749976,0.9588409158224591,0.36222536122123816,1,False,,,,
1766731626.291092,0.3935532286042568,0.8911363303874528,0.39383893530582686,1,False,,,,
1766731626.295016,0.5311997113689696,0.6907396044707511,1.0,0,False,,,,
1766731626.943959,0.5311997113689696,0.6907396044707511,1.0,0,False,,,,
1766731626.951634,0.5311997113689696,0.6907396044707511,1.0,0,False,,,,
1766731626.954026,0.5311997113689696,0.6907396044707511,1.0,0,False,,,,
1766731626.956473,0.5311997113689696,0.6907396044707511,1.0,0,False,,,,
1766731626.9587998,0.5077257544762838,0.6845637051067638,1.0,1,False,,,,
1766731627.396822,0.5077257544762838,0.6845637051067638,1.0,1,False,,,,
1766731627.404809,0.5070565681014643,0.701501937886506,1.0,1,False,,,,
1766731627.4114728,0.5070565681014643,0.701501937886506,1.0,1,False,,,,
1766731627.4140952,0.5070565681014643,0.701501937886506,1.0,1,False,,,,
1766731627.4168289,0.5109594177810857,0.7145067230133958,0.9661403298377991,1,False,,,,
1766731627.876409,0.5109594177810857,0.7145067230133958,0.9661403298377991,1,False,,,,
1766731627.8834,0.5109594177810857,0.7145067230133958,0.9661403298377991,1,False,,,,
1766731627.886156,0.5109594177810857,0.7145067230133958,0.9661403298377991,1,False,,,,
1766731627.888386,0.5109594177810857,0.7145067230133958,0.9661403298377991,1,False,,,,
1766731627.890761,0.47844828075158957,0.6655150119791666,1.0,1,False,,,,
1766731628.319055,0.47844828075158957,0.6655150119791666,1.0,1,False,,,,
1766731628.3243022,0.47844828075158957,0.6655150119791666,1.0,1,False,,,,
1766731628.329622,0.47844828075158957,0.6655150119791666,1.0,1,False,,,,
1766731628.332156,0.47844828075158957,0.6655150119791666,1.0,1,False,,,,
1766731628.334672,0.48957095649544485,0.6927615954702399,0.9955625236034393,1,False,,,,
1766731628.703509,0.48957095649544485,0.6927615954702399,0.9955625236034393,1,False,,,,
1766731628.709596,0.48860014504582006,0.6827062769041429,0.9648264944553375,1,False,,,,
1766731628.713001,0.48860014504582006,0.6827062769041429,0.9648264944553375,1,False,,,,
1766731628.719171,0.48860014504582006,0.6827062769041429,0.9648264944553375,1,False,,,,
1766731628.721761,0.4787935380103317,0.673800599835631,0.9914523959159851,1,False,,,,
1766731629.0531478,0.4787935380103317,0.673800599835631,0.9914523959159851,1,False,,,,
1766731629.0588748,0.4787935380103317,0.673800599835631,0.9914523959159851,1,False,,,,
1766731629.061723,0.4787935380103317,0.673800599835631,0.9914523959159851,1,False,,,,
1766731629.064092,0.4787935380103317,0.673800599835631,0.9914523959159851,1,False,,,,
1766731629.069474,0.5077747961462308,0.7364407602608035,0.976879894733429,1,False,,,,
1766731629.988947,0.5077747961462308,0.7364407602608035,0.976879894733429,1,False,,,,
1766731629.995988,0.5077747961462308,0.7364407602608035,0.976879894733429,1,False,,,,
1766731629.998679,0.5077747961462308,0.7364407602608035,0.976879894733429,1,False,,,,
1766731630.0011232,0.5077747961462308,0.7364407602608035,0.976879894733429,1,False,,,,
1766731630.003438,0.5062690320911382,0.7381478977335658,0.9683434367179871,1,False,,,,
1766731630.309414,0.5062690320911382,0.7381478977335658,0.9683434367179871,1,False,,,,
1766731630.315017,0.5059153949493187,0.7385155789070639,0.9541690647602081,1,False,,,,
1766731630.317856,0.5058750544039727,0.7359414715555274,0.95855513215065,1,False,,,,
1766731630.322905,0.5058750544039727,0.7359414715555274,0.95855513215065,1,False,,,,
1766731630.328528,0.5005384013995433,0.7393140781026217,0.9847391843795776,1,False,,,,
1766731630.61945,0.499039578042063,0.7398972462314489,0.9502721726894379,1,False,,,,
1766731630.625213,0.499039578042063,0.7398972462314489,0.9502721726894379,1,False,,,,
1766731630.630692,0.499039578042063,0.7398972462314489,0.9502721726894379,1,False,,,,
1766731630.633277,0.499039578042063,0.7398972462314489,0.9502721726894379,1,False,,,,
1766731630.635642,0.4934439190558802,0.736173417261512,0.9831569790840149,1,False,,,,
1766731630.971689,0.4934439190558802,0.736173417261512,0.9831569790840149,1,False,,,,
1766731630.977504,0.4934439190558802,0.736173417261512,0.9831569790840149,1,False,,,,
1766731630.980211,0.4934439190558802,0.736173417261512,0.9831569790840149,1,False,,,,
1766731630.98327,0.49115653572619455,0.7355499881616596,0.9194951355457306,1,False,,,,
1766731630.9867609,0.5139573450256318,0.7490819551705313,0.9278465509414673,1,False,,,,
1766731631.328188,0.5139573450256318,0.7490819551705313,0.9278465509414673,1,False,,,,
1766731631.334868,0.5139573450256318,0.7490819551705313,0.9278465509414673,1,False,,,,
1766731631.33785,0.5139573450256318,0.7490819551705313,0.9278465509414673,1,False,,,,
1766731631.342557,0.5139573450256318,0.7490819551705313,0.9278465509414673,1,False,,,,
1766731631.3453171,0.48718283710394816,0.745443861503012,0.9872897863388062,1,False,,,,
1766731631.832327,0.48718283710394816,0.745443861503012,0.9872897863388062,1,False,,,,
1766731631.839336,0.48718283710394816,0.745443861503012,0.9872897863388062,1,False,,,,
1766731631.842112,0.48718283710394816,0.745443861503012,0.9872897863388062,1,False,,,,
1766731631.844575,0.48718283710394816,0.745443861503012,0.9872897863388062,1,False,,,,
1766731631.847042,0.5137145095889143,0.7414780998878296,0.9505296051502228,1,False,,,,
1766731632.152289,0.5137145095889143,0.7414780998878296,0.9505296051502228,1,False,,,,
1766731632.1594958,0.5147308211196846,0.7474835599039036,0.964950442314148,1,False,,,,
1766731632.162969,0.5147308211196846,0.7474835599039036,0.964950442314148,1,False,,,,
1766731632.1690629,0.5147308211196846,0.7474835599039036,0.964950442314148,1,False,,,,
1766731632.1721458,0.48024687529320564,0.7154659752671746,0.9967508018016815,1,False,,,,
1766731632.534989,0.47780262961829373,0.7156072875321974,0.9915736019611359,1,False,,,,
1766731632.5412989,0.47780262961829373,0.7156072875321974,0.9915736019611359,1,False,,,,
1766731632.544199,0.47780262961829373,0.7156072875321974,0.9915736019611359,1,False,,,,
1766731632.546544,0.47780262961829373,0.7156072875321974,0.9915736019611359,1,False,,,,
1766731632.5492291,0.49905014401593756,0.7160036763898068,1.0,1,False,,,,
1766731632.856829,0.49905014401593756,0.7160036763898068,1.0,1,False,,,,
1766731632.862845,0.5020628123887928,0.7153387166609986,0.9866629540920258,1,False,,,,
1766731632.866267,0.5020628123887928,0.7153387166609986,0.9866629540920258,1,False,,,,
1766731632.872011,0.5020628123887928,0.7153387166609986,0.9866629540920258,1,False,,,,
1766731632.874641,0.5141489515364057,0.6967663996371959,1.0,1,False,,,,
1766731633.138253,0.5141489515364057,0.6967663996371959,1.0,1,False,,,,
1766731633.143996,0.5141489515364057,0.6967663996371959,1.0,1,False,,,,
1766731633.14877,0.5141489515364057,0.6967663996371959,1.0,1,False,,,,
1766731633.151285,0.5141489515364057,0.6967663996371959,1.0,1,False,,,,
1766731633.1540182,0.5172178909133688,0.8669533628936253,0.995,1,False,,,,
1766731633.4931579,0.5172178909133688,0.8669533628936253,0.995,1,False,,,,
1766731633.499678,0.5223519694920639,1.011230602305544,0.99,1,False,,,,
1766731633.5033112,0.5244945551114599,1.027126725325048,0.9680474352836609,1,False,,,,
1766731633.505993,0.5244945551114599,1.027126725325048,0.9680474352836609,1,False,,,,
1766731633.511575,0.46064095050359405,1.1459876738684167,0.8884257078170776,0,False,,,,
1766731633.7074602,0.46064095050359405,1.1459876738684167,0.8884257078170776,0,False,,,,
1766731633.714345,0.46064095050359405,1.1459876738684167,0.8884257078170776,0,False,,,,
1766731633.71681,0.46064095050359405,1.1459876738684167,0.8884257078170776,0,False,,,,
1766731633.7188532,0.46064095050359405,1.1459876738684167,0.8884257078170776,0,False,,,,
1766731633.7234938,0.40883705605868464,1.1398006781937218,0.8789242804050446,0,False,,,,
1766731634.076588,0.40883705605868464,1.1398006781937218,0.8789242804050446,0,False,,,,
1766731634.084044,0.40883705605868464,1.1398006781937218,0.8789242804050446,0,False,,,,
1766731634.086443,0.40883705605868464,1.1398006781937218,0.8789242804050446,0,False,,,,
1766731634.0889852,0.40883705605868464,1.1398006781937218,0.8789242804050446,0,False,,,,
1766731634.091187,0.5381309293301938,0.8661729951683977,0.5458465710466159,0,False,,,,
1766731634.266813,0.566373213813722,1.0050472085536541,0.8,0,False,,,,
1766731634.27307,0.566373213813722,1.0050472085536541,0.8,0,False,,,,
1766731634.278188,0.566373213813722,1.0050472085536541,0.8,0,False,,,,
1766731634.2810838,0.566373213813722,1.0050472085536541,0.8,0,False,,,,
1766731634.283222,0.5404352628326026,0.8870968884785829,0.4840146934508105,0,False,,,,
1766731634.4948711,0.5404352628326026,0.8870968884785829,0.4840146934508105,0,False,,,,
1766731634.499094,0.5404352628326026,0.8870968884785829,0.4840146934508105,0,False,,,,
1766731634.501573,0.5404396447179345,0.8872664151942271,0.4937788574658896,0,False,,,,
1766731634.5037818,0.5969000732320373,1.0392014650654056,0.9990009069442749,0,False,,,,
1766731634.507216,0.5221539384535212,0.6543330395707145,1.0,0,False,,,,
1766731634.968251,0.5221539384535212,0.6543330395707145,1.0,0,False,,,,
1766731634.974738,0.5208692734938852,0.6622698563012723,1.0,0,False,,,,
1766731634.978647,0.5208692734938852,0.6622698563012723,1.0,0,False,,,,
1766731634.983926,0.5208692734938852,0.6622698563012723,1.0,0,False,,,,
1766731634.98677,0.5497544796231476,0.6654614349801805,0.9568674862384796,0,False,,,,
1766731635.351667,0.5497544796231476,0.6654614349801805,0.9568674862384796,0,False,,,,
1766731635.358582,0.5497544796231476,0.6654614349801805,0.9568674862384796,0,False,,,,
1766731635.3609111,0.5497544796231476,0.6654614349801805,0.9568674862384796,0,False,,,,
1766731635.365685,0.5497544796231476,0.6654614349801805,0.9568674862384796,0,False,,,,
1766731635.368098,0.5304462894702167,0.7282665686991799,1.0,1,False,,,,
1766731636.6180449,0.5301857831159336,0.7310717160226325,0.961512953042984,1,False,,,,
1766731636.6252532,0.5301857831159336,0.7310717160226325,0.961512953042984,1,False,,,,
1766731636.630498,0.5301857831159336,0.7310717160226325,0.961512953042984,1,False,,,,
1766731636.633168,0.5301857831159336,0.7310717160226325,0.961512953042984,1,False,,,,
1766731636.635365,0.5400187521668982,0.7474978985243133,0.9867807328701019,1,False,,,,
1766731637.072979,0.5400187521668982,0.7474978985243133,0.9867807328701019,1,False,,,,
1766731637.078639,0.5400187521668982,0.7474978985243133,0.9867807328701019,1,False,,,,
1766731637.081286,0.5400187521668982,0.7474978985243133,0.9867807328701019,1,False,,,,
1766731637.085264,0.5433568436831984,0.7441825636070051,0.958958238363266,1,False,,,,
1766731637.0888472,0.545635463728813,0.6109191722898053,0.8,1,False,,,,
1766731637.368247,0.545635463728813,0.6109191722898053,0.8,1,False,,,,
1766731637.373913,0.545635463728813,0.6109191722898053,0.8,1,False,,,,
1766731637.376466,0.545635463728813,0.6109191722898053,0.8,1,False,,,,
1766731637.379106,0.545635463728813,0.6109191722898053,0.8,1,False,,,,
1766731637.381793,0.4864660236777115,1.114624461651467,0.8422605395317078,1,False,,,,
1766731637.761996,0.4844358174091766,1.119576041821253,0.9078541100025177,1,False,,,,
1766731637.7691672,0.4844358174091766,1.119576041821253,0.9078541100025177,1,False,,,,
1766731637.7743418,0.4844358174091766,1.119576041821253,0.9078541100025177,1,False,,,,
1766731637.7770581,0.4844358174091766,1.119576041821253,0.9078541100025177,1,False,,,,
1766731637.7795148,0.5589588706113607,1.0681713111340438,0.7779807329177857,0,False,,,,
1766731638.134324,0.5589588706113607,1.0681713111340438,0.7779807329177857,0,False,,,,
1766731638.1411672,0.5589588706113607,1.0681713111340438,0.7779807329177857,0,False,,,,
1766731638.145765,0.5589588706113607,1.0681713111340438,0.7779807329177857,0,False,,,,
1766731638.148056,0.5589588706113607,1.0681713111340438,0.7779807329177857,0,False,,,,
1766731638.150372,0.5688451841234361,1.0711660509547676,0.9315988421440125,0,False,,,,
1766731638.3465579,0.5688451841234361,1.0711660509547676,0.9315988421440125,0,False,,,,
1766731638.351594,0.5688451841234361,1.0711660509547676,0.9315988421440125,0,False,,,,
1766731638.3545558,0.5695711069308518,1.0739482721293614,1.0,0,False,,,,
1766731638.357655,0.5032362912565361,1.184661374797945,0.8535647392272949,0,False,,,,
1766731638.35993,0.5214787196944487,1.184605184559927,0.9159434735774994,0,False,,,,
1766731638.8133461,0.5214787196944487,1.184605184559927,0.9159434735774994,0,False,,,,
1766731638.818162,0.5214787196944487,1.184605184559927,0.9159434735774994,0,False,,,,
1766731638.820637,0.5214787196944487,1.184605184559927,0.9159434735774994,0,False,,,,
1766731638.8226602,0.5214787196944487,1.184605184559927,0.9159434735774994,0,False,,,,
1766731638.827441,0.5150624268954823,1.2177556147975577,0.922922819852829,0,False,,,,
1766731639.0410979,0.5150624268954823,1.2177556147975577,0.922922819852829,0,False,,,,
1766731639.045578,0.5150624268954823,1.2177556147975577,0.922922819852829,0,False,,,,
1766731639.0476952,0.5150624268954823,1.2177556147975577,0.922922819852829,0,False,,,,
1766731639.049669,0.5150624268954823,1.2177556147975577,0.922922819852829,0,False,,,,
1766731639.052094,0.41206470013906316,0.8525051616887437,0.339388062069292,0,False,,,,
1766731639.2477398,0.41206470013906316,0.8525051616887437,0.339388062069292,0,False,,,,
1766731639.252764,0.41206470013906316,0.8525051616887437,0.339388062069292,0,False,,,,
1766731639.255615,0.41206470013906316,0.8525051616887437,0.339388062069292,0,False,,,,
1766731639.257777,0.41206470013906316,0.8525051616887437,0.339388062069292,0,False,,,,
1766731639.259994,0.5572624355815531,0.39293568986276173,0.995,0,False,,,,
1766731639.4459798,0.5572624355815531,0.39293568986276173,0.995,0,False,,,,
1766731639.450235,0.5572624355815531,0.39293568986276173,0.995,0,False,,,,
1766731639.45259,0.5572624355815531,0.39293568986276173,0.995,0,False,,,,
1766731639.4550002,0.5572624355815531,0.39293568986276173,0.995,0,False,,,,
1766731639.4575229,0.4863428365334638,0.4939522464838477,1.0,0,False,,,,
1766731639.70672,0.4863428365334638,0.4939522464838477,1.0,0,False,,,,
1766731639.712398,0.4863428365334638,0.4939522464838477,1.0,0,False,,,,
1766731639.7148778,0.4863428365334638,0.4939522464838477,1.0,0,False,,,,
1766731639.717225,0.4863428365334638,0.4939522464838477,1.0,0,False,,,,
1766731639.719563,0.5015307390222337,0.4516093571790908,0.995,0,False,,,,
1766731639.95892,0.5015307390222337,0.4516093571790908,0.995,0,False,,,,
1766731639.965179,0.43351808252336427,0.4229526016831022,0.4351066925754489,0,False,,,,
1766731639.967808,0.43351808252336427,0.4229526016831022,0.4351066925754489,0,False,,,,
1766731639.9728909,0.43351808252336427,0.4229526016831022,0.4351066925754489,0,False,,,,
1766731639.976032,0.5169612132730458,0.4518886270009044,1.0,1,False,,,,
1766731640.4071648,0.5169612132730458,0.4518886270009044,1.0,1,False,,,,
1766731640.416158,0.5169612132730458,0.4518886270009044,1.0,1,False,,,,
1766731640.418607,0.5169612132730458,0.4518886270009044,1.0,1,False,,,,
1766731640.4207911,0.5169612132730458,0.4518886270009044,1.0,1,False,,,,
1766731640.4233322,0.47675732023961614,0.4959050352275528,1.0,0,False,,,,
1766731640.776861,0.4830051319034069,0.5004854103625739,1.0,0,False,,,,
1766731640.783951,0.4830051319034069,0.5004854103625739,1.0,0,False,,,,
1766731640.7890198,0.4830051319034069,0.5004854103625739,1.0,0,False,,,,
1766731640.791565,0.4830051319034069,0.5004854103625739,1.0,0,False,,,,
1766731640.793778,0.5693534608895555,1.1109259245965495,0.8,0,False,,,,
1766731641.017028,0.5693534608895555,1.1109259245965495,0.8,0,False,,,,
1766731641.022293,0.5693534608895555,1.1109259245965495,0.8,0,False,,,,
1766731641.0248141,0.5693534608895555,1.1109259245965495,0.8,0,False,,,,
1766731641.027184,0.5693534608895555,1.1109259245965495,0.8,0,False,,,,
1766731641.029832,0.5304349334963988,0.6304023243160278,1.0,0,False,,,,
1766731641.528288,0.5304349334963988,0.6304023243160278,1.0,0,False,,,,
1766731641.536093,0.5304349334963988,0.6304023243160278,1.0,0,False,,,,
1766731641.5386822,0.5293955033866168,0.6399636038018267,1.0,0,False,,,,
1766731641.541298,0.5287399454602786,0.6549116450090925,1.0,0,False,,,,
1766731641.543493,0.5645482739766801,0.7115709996117242,0.9414353966712952,1,False,,,,
1766731641.835339,0.5645482739766801,0.7115709996117242,0.9414353966712952,1,False,,,,
1766731641.842716,0.5636751790341024,0.7093705220301831,1.0,1,False,,,,
1766731641.8476338,0.5646166743485598,0.7094564333836808,1.0,1,False,,,,
1766731641.8503392,0.5646166743485598,0.7094564333836808,1.0,1,False,,,,
1766731641.857302,0.5607862132145275,0.6859356177556196,1.0,1,False,,,,
1766731642.133423,0.5607862132145275,0.6859356177556196,1.0,1,False,,,,
1766731642.13869,0.5607862132145275,0.6859356177556196,1.0,1,False,,,,
1766731642.141305,0.5606251278311387,0.6851725504980878,1.0,1,False,,,,
1766731642.144057,0.5592741049744612,0.6796603097784464,1.0,1,False,,,,
1766731642.1470752,0.5659815512523644,0.6789705361410048,1.0,2,False,,,,
1766731642.657003,0.5659815512523644,0.6789705361410048,1.0,2,False,,,,
1766731642.663315,0.5659815512523644,0.6789705361410048,1.0,2,False,,,,
1766731642.6659899,0.5659815512523644,0.6789705361410048,1.0,2,False,,,,
1766731642.6683571,0.5659815512523644,0.6789705361410048,1.0,2,False,,,,
1766731642.6727538,0.5766648271371636,0.6883524747978224,1.0,1,False,,,,
1766731642.965195,0.5766648271371636,0.6883524747978224,1.0,1,False,,,,
1766731642.970304,0.5766648271371636,0.6883524747978224,1.0,1,False,,,,
1766731642.9733918,0.5766648271371636,0.6883524747978224,1.0,1,False,,,,
1766731642.9763,0.5766648271371636,0.6883524747978224,1.0,1,False,,,,
1766731642.979249,0.5466966102339937,0.679047776011392,1.0,0,False,,,,
1766731643.2652469,0.5466966102339937,0.679047776011392,1.0,0,False,,,,
1766731643.27018,0.5466966102339937,0.679047776011392,1.0,0,False,,,,
1766731643.272913,0.5466966102339937,0.679047776011392,1.0,0,False,,,,
1766731643.2750762,0.5466966102339937,0.679047776011392,1.0,0,False,,,,
1766731643.277178,0.5604106161086492,0.6793621681780521,0.9791071116924286,0,False,,,,
1766731643.46046,0.5604106161086492,0.6793621681780521,0.9791071116924286,0,False,,,,
1766731643.465775,0.5604106161086492,0.6793621681780521,0.9791071116924286,0,False,,,,
1766731643.468182,0.5604106161086492,0.6793621681780521,0.9791071116924286,0,False,,,,
1766731643.470568,0.5604106161086492,0.6793621681780521,0.9791071116924286,0,False,,,,
1766731643.473073,0.5673797362345112,0.6865171239770965,1.0,0,False,,,,
1766731643.707808,0.5673797362345112,0.6865171239770965,1.0,0,False,,,,
1766731643.713147,0.5673797362345112,0.6865171239770965,1.0,0,False,,,,
1766731643.716249,0.5673797362345112,0.6865171239770965,1.0,0,False,,,,
1766731643.7191749,0.5675497419382229,0.6867409334075634,0.9767115116119385,0,False,,,,
1766731643.721904,0.5492907775510139,0.6792516184091907,0.9769873917102814,0,False,,,,
1766731643.9204962,0.5520731351602057,0.6770522141626756,0.9432314932346344,0,False,,,,
1766731643.9258702,0.5520731351602057,0.6770522141626756,0.9432314932346344,0,False,,,,
1766731643.9318342,0.5520731351602057,0.6770522141626756,0.9432314932346344,0,False,,,,
1766731643.936362,0.5520731351602057,0.6770522141626756,0.9432314932346344,0,False,,,,
1766731643.938833,0.5464847244175088,0.6750528278076607,0.9846319854259491,0,False,,,,
1766731644.173167,0.5464847244175088,0.6750528278076607,0.9846319854259491,0,False,,,,
1766731644.178533,0.5464847244175088,0.6750528278076607,0.9846319854259491,0,False,,,,
1766731644.181118,0.5464847244175088,0.6750528278076607,0.9846319854259491,0,False,,,,
1766731644.183418,0.5464847244175088,0.6750528278076607,0.9846319854259491,0,False,,,,
1766731644.186799,0.5813208414081824,0.6794647626579834,0.9776464104652405,0,False,,,,
1766731644.7316852,0.5813208414081824,0.6794647626579834,0.9776464104652405,0,False,,,,
1766731644.738219,0.5813208414081824,0.6794647626579834,0.9776464104652405,0,False,,,,
1766731644.7413352,0.5813208414081824,0.6794647626579834,0.9776464104652405,0,False,,,,
1766731644.743496,0.5813208414081824,0.6794647626579834,0.9776464104652405,0,False,,,,
1766731644.745548,0.5443579208436928,0.659986024085903,1.0,0,False,,,,
1766731644.983138,0.5443579208436928,0.659986024085903,1.0,0,False,,,,
1766731644.988728,0.5443579208436928,0.659986024085903,1.0,0,False,,,,
1766731644.9925618,0.5402976379321552,0.6535421104486907,0.9384378790855408,0,False,,,,
1766731644.99568,0.5402976379321552,0.6535421104486907,0.9384378790855408,0,False,,,,
1766731645.001282,0.5302760499773725,0.6509622210988273,1.0,0,False,,,,
1766731645.2115881,0.5302760499773725,0.6509622210988273,1.0,0,False,,,,
1766731645.2166872,0.5302760499773725,0.6509622210988273,1.0,0,False,,,,
1766731645.219157,0.5302760499773725,0.6509622210988273,1.0,0,False,,,,
1766731645.221378,0.5302760499773725,0.6509622210988273,1.0,0,False,,,,
1766731645.2239418,0.579940432591657,0.6708869327927016,0.9399342238903046,0,False,,,,
1766731645.43612,0.579940432591657,0.6708869327927016,0.9399342238903046,0,False,,,,
1766731645.441359,0.579940432591657,0.6708869327927016,0.9399342238903046,0,False,,,,
1766731645.44622,0.579940432591657,0.6708869327927016,0.9399342238903046,0,False,,,,
1766731645.448585,0.579940432591657,0.6708869327927016,0.9399342238903046,0,False,,,,
1766731645.450733,0.5474821840607251,0.6827714088639598,0.9943261742591858,0,False,,,,
1766731645.673023,0.5474821840607251,0.6827714088639598,0.9943261742591858,0,False,,,,
1766731645.678377,0.5474821840607251,0.6827714088639598,0.9943261742591858,0,False,,,,
1766731645.6809201,0.5474821840607251,0.6827714088639598,0.9943261742591858,0,False,,,,
1766731645.68325,0.5474821840607251,0.6827714088639598,0.9943261742591858,0,False,,,,
1766731645.68608,0.5917563517401166,0.6862619558959898,0.9916216433048248,1,False,,,,
1766731645.976136,0.5917563517401166,0.6862619558959898,0.9916216433048248,1,False,,,,
1766731645.981473,0.5917563517401166,0.6862619558959898,0.9916216433048248,1,False,,,,
1766731645.9842298,0.5917563517401166,0.6862619558959898,0.9916216433048248,1,False,,,,
1766731645.986737,0.5917563517401166,0.6862619558959898,0.9916216433048248,1,False,,,,
1766731645.991112,0.5551394016579686,0.6893041408882832,0.9690041542053223,1,False,,,,
1766731647.846308,0.5551394016579686,0.6893041408882832,0.9690041542053223,1,False,,,,
1766731647.853169,0.5551394016579686,0.6893041408882832,0.9690041542053223,1,False,,,,
1766731647.858142,0.5551394016579686,0.6893041408882832,0.9690041542053223,1,False,,,,
1766731647.860647,0.5551394016579686,0.6893041408882832,0.9690041542053223,1,False,,,,
1766731647.862874,0.5588406253625086,0.708883964379522,0.9700573682785034,1,False,,,,
1766731648.697643,0.5588406253625086,0.708883964379522,0.9700573682785034,1,False,,,,
1766731648.702817,0.5588406253625086,0.708883964379522,0.9700573682785034,1,False,,,,
1766731648.705378,0.5588406253625086,0.708883964379522,0.9700573682785034,1,False,,,,
1766731648.707395,0.5588406253625086,0.708883964379522,0.9700573682785034,1,False,,,,
1766731648.709512,0.5492997800160297,0.692250083203478,0.9826765954494476,1,False,,,,
1766731648.982729,0.5482076357838956,0.6946398451141681,0.9862402379512787,1,False,,,,
1766731648.9889731,0.5482076357838956,0.6946398451141681,0.9862402379512787,1,False,,,,
1766731648.993987,0.5482076357838956,0.6946398451141681,0.9862402379512787,1,False,,,,
1766731648.9965281,0.5482076357838956,0.6946398451141681,0.9862402379512787,1,False,,,,
1766731648.999053,0.5622362535150611,0.691849835478402,0.9934766590595245,1,False,,,,
1766731649.249009,0.5654572156829034,0.6983341621546111,1.0,1,False,,,,
1766731649.2550359,0.5654572156829034,0.6983341621546111,1.0,1,False,,,,
1766731649.2613099,0.5654572156829034,0.6983341621546111,1.0,1,False,,,,
1766731649.2637749,0.5654572156829034,0.6983341621546111,1.0,1,False,,,,
1766731649.2661319,0.548203716521705,0.7080980161996473,0.9872220456600189,1,False,,,,
1766731649.6235032,0.548203716521705,0.7080980161996473,0.9872220456600189,1,False,,,,
1766731649.630147,0.548203716521705,0.7080980161996473,0.9872220456600189,1,False,,,,
1766731649.632944,0.548203716521705,0.7080980161996473,0.9872220456600189,1,False,,,,
1766731649.6373482,0.548203716521705,0.7080980161996473,0.9872220456600189,1,False,,,,
1766731649.6397681,0.5519439141481113,1.0709978944864351,0.8,1,False,,,,
1766731649.928706,0.5519439141481113,1.0709978944864351,0.8,1,False,,,,
1766731649.9354508,0.5519439141481113,1.0709978944864351,0.8,1,False,,,,
1766731649.937911,0.5519439141481113,1.0709978944864351,0.8,1,False,,,,
1766731649.939903,0.5519439141481113,1.0709978944864351,0.8,1,False,,,,
1766731649.942111,0.5109497803671166,1.1437036779257472,0.8819625973701477,0,False,,,,
1766731650.153575,0.5092061547420933,1.134989444768612,0.890418142080307,0,False,,,,
1766731650.1599848,0.5092061547420933,1.134989444768612,0.890418142080307,0,False,,,,
1766731650.164868,0.5092061547420933,1.134989444768612,0.890418142080307,0,False,,,,
1766731650.1677,0.5092061547420933,1.134989444768612,0.890418142080307,0,False,,,,
1766731650.169711,0.5592409035780241,0.9701033643245909,0.8,0,False,,,,
1766731650.373437,0.5592409035780241,0.9701033643245909,0.8,0,False,,,,
1766731650.380492,0.5592409035780241,0.9701033643245909,0.8,0,False,,,,
1766731650.38314,0.5592409035780241,0.9701033643245909,0.8,0,False,,,,
1766731650.385174,0.5592409035780241,0.9701033643245909,0.8,0,False,,,,
1766731650.387903,0.5564890949622637,0.9566370351344265,1.0,0,False,,,,
1766731650.6098502,0.5564890949622637,0.9566370351344265,1.0,0,False,,,,
1766731650.6154711,0.5564890949622637,0.9566370351344265,1.0,0,False,,,,
1766731650.618264,0.5564890949622637,0.9566370351344265,1.0,0,False,,,,
1766731650.6203141,0.5564890949622637,0.9566370351344265,1.0,0,False,,,,
1766731650.6229,0.5489125243085307,0.969218154524659,0.3468126860209042,0,False,,,,
1766731650.8067572,0.5489125243085307,0.969218154524659,0.3468126860209042,0,False,,,,
1766731650.8129148,0.5489125243085307,0.969218154524659,0.3468126860209042,0,False,,,,
1766731650.817106,0.5489125243085307,0.969218154524659,0.3468126860209042,0,False,,,,
1766731650.819307,0.5489125243085307,0.969218154524659,0.3468126860209042,0,False,,,,
1766731650.8215501,0.5452114841119704,0.9681543893529821,0.3349949341928215,0,False,,,,
1766731651.022778,0.5478706025883108,0.9830907050588318,0.31599304457551974,0,False,,,,
1766731651.0288708,0.5478706025883108,0.9830907050588318,0.31599304457551974,0,False,,,,
1766731651.0338671,0.5478706025883108,0.9830907050588318,0.31599304457551974,0,False,,,,
1766731651.0363038,0.5478706025883108,0.9830907050588318,0.31599304457551974,0,False,,,,
1766731651.038517,0.4830819978331835,1.0376288446684963,0.8557426333427429,0,False,,,,
1766731651.237047,0.4830819978331835,1.0376288446684963,0.8557426333427429,0,False,,,,
1766731651.241023,0.4830819978331835,1.0376288446684963,0.8557426333427429,0,False,,,,
1766731651.2432818,0.4830819978331835,1.0376288446684963,0.8557426333427429,0,False,,,,
1766731651.24581,0.4830819978331835,1.0376288446684963,0.8557426333427429,0,False,,,,
1766731651.249832,0.48957207198157854,1.04833489898519,0.85545614361763,0,False,,,,
1766731651.423038,0.48957207198157854,1.04833489898519,0.85545614361763,0,False,,,,
1766731651.42759,0.5486885508040602,0.9552685103541402,0.2952753828472173,0,False,,,,
1766731651.4304168,0.5486885508040602,0.9552685103541402,0.2952753828472173,0,False,,,,
1766731651.432621,0.5486885508040602,0.9552685103541402,0.2952753828472173,0,False,,,,
1766731651.43757,0.5537277913187156,0.9592222248180907,0.3359775795097833,0,False,,,,
1766731651.635926,0.5537277913187156,0.9592222248180907,0.3359775795097833,0,False,,,,
1766731651.6401489,0.5537277913187156,0.9592222248180907,0.3359775795097833,0,False,,,,
1766731651.642543,0.5537277913187156,0.9592222248180907,0.3359775795097833,0,False,,,,
1766731651.644497,0.5537277913187156,0.9592222248180907,0.3359775795097833,0,False,,,,
1766731651.6464362,0.5529874018848504,0.9685866630508599,0.34448311860275344,0,False,,,,
1766731651.8219469,0.5529874018848504,0.9685866630508599,0.34448311860275344,0,False,,,,
1766731651.826338,0.5528509483823777,0.9703806358485785,0.35444181345909825,0,False,,,,
1766731651.8288152,0.5528509483823777,0.9703806358485785,0.35444181345909825,0,False,,,,
1766731651.8312268,0.5528509483823777,0.9703806358485785,0.35444181345909825,0,False,,,,
1766731651.836878,0.5711406358088675,0.9695207780092008,0.25717474505832383,0,False,,,,
1766731652.832912,0.5534656113496113,0.9631652396967894,0.2818870496984775,0,False,,,,
1766731652.838697,0.5534656113496113,0.9631652396967894,0.2818870496984775,0,False,,,,
1766731652.84375,0.5534656113496113,0.9631652396967894,0.2818870496984775,0,False,,,,
1766731652.846585,0.5534656113496113,0.9631652396967894,0.2818870496984775,0,False,,,,
1766731652.8488991,0.4345795940263981,0.9328235824334936,0.8752401769161224,0,False,,,,
1766731653.050417,0.4345795940263981,0.9328235824334936,0.8752401769161224,0,False,,,,
1766731653.054938,0.4345795940263981,0.9328235824334936,0.8752401769161224,0,False,,,,
1766731653.057041,0.4345795940263981,0.9328235824334936,0.8752401769161224,0,False,,,,
1766731653.061167,0.4345795940263981,0.9328235824334936,0.8752401769161224,0,False,,,,
1766731653.063345,0.5460784906590108,0.9505689315375778,0.2849263949071544,0,False,,,,
1766731653.219527,0.5460784906590108,0.9505689315375778,0.2849263949071544,0,False,,,,
1766731653.2239869,0.5460784906590108,0.9505689315375778,0.2849263949071544,0,False,,,,
1766731653.226515,0.5460784906590108,0.9505689315375778,0.2849263949071544,0,False,,,,
1766731653.228804,0.5460784906590108,0.9505689315375778,0.2849263949071544,0,False,,,,
1766731653.230647,0.5860530852558401,0.4774359006137422,1.0,0,False,,,,
1766731653.6146822,0.5860530852558401,0.4774359006137422,1.0,0,False,,,,
1766731653.620696,0.5860530852558401,0.4774359006137422,1.0,0,False,,,,
1766731653.623143,0.5860530852558401,0.4774359006137422,1.0,0,False,,,,
1766731653.625818,0.5860530852558401,0.4774359006137422,1.0,0,False,,,,
1766731653.6279428,0.5329264650151352,0.6639013640677434,0.9955177307128906,0,False,,,,
1766731653.81298,0.5329264650151352,0.6639013640677434,0.9955177307128906,0,False,,,,
1766731653.8198159,0.5329264650151352,0.6639013640677434,0.9955177307128906,0,False,,,,
1766731653.8229382,0.5329264650151352,0.6639013640677434,0.9955177307128906,0,False,,,,
1766731653.825427,0.5329264650151352,0.6639013640677434,0.9955177307128906,0,False,,,,
1766731653.827685,0.4782208907752071,0.4849972277096135,0.42320290506295005,2,False,,,,
1766731654.186146,0.4782208907752071,0.4849972277096135,0.42320290506295005,2,False,,,,
1766731654.194166,0.4782208907752071,0.4849972277096135,0.42320290506295005,2,False,,,,
1766731654.197299,0.4782208907752071,0.4849972277096135,0.42320290506295005,2,False,,,,
1766731654.199896,0.4782208907752071,0.4849972277096135,0.42320290506295005,2,False,,,,
1766731654.202555,0.4909197296853588,0.4802578724541715,0.3345066498258262,2,False,,,,
1766731654.8863108,0.4909197296853588,0.4802578724541715,0.3345066498258262,2,False,,,,
1766731654.892094,0.4909197296853588,0.4802578724541715,0.3345066498258262,2,False,,,,
1766731654.897109,0.4909197296853588,0.4802578724541715,0.3345066498258262,2,False,,,,
1766731654.8997319,0.4909197296853588,0.4802578724541715,0.3345066498258262,2,False,,,,
1766731654.902397,0.544140689083451,0.6863187272175331,0.9894541203975677,2,False,,,,
1766731655.2203531,0.544140689083451,0.6863187272175331,0.9894541203975677,2,False,,,,
1766731655.226762,0.544140689083451,0.6863187272175331,0.9894541203975677,2,False,,,,
1766731655.229634,0.544140689083451,0.6863187272175331,0.9894541203975677,2,False,,,,
1766731655.232348,0.544140689083451,0.6863187272175331,0.9894541203975677,2,False,,,,
1766731655.234931,0.5196496326324472,0.6792704191708274,0.8521233797073364,2,False,,,,
1766731655.539554,0.5196496326324472,0.6792704191708274,0.8521233797073364,2,False,,,,
1766731655.545096,0.5187160698979877,0.6782953944320227,0.875710666179657,2,False,,,,
1766731655.547812,0.5183191503494413,0.6733245235854575,0.9130090773105621,2,False,,,,
1766731655.5505831,0.5183191503494413,0.6733245235854575,0.9130090773105621,2,False,,,,
1766731655.5560708,0.6787779573409294,0.31364102283411344,1.0,2,False,,,,
1766731655.870114,0.6787779573409294,0.31364102283411344,1.0,2,False,,,,
1766731655.875971,0.6787779573409294,0.31364102283411344,1.0,2,False,,,,
1766731655.879248,0.6787779573409294,0.31364102283411344,1.0,2,False,,,,
1766731655.881794,0.5567496931747069,0.23488810759846124,0.9013394662003891,2,False,,,,
1766731655.885671,0.7167576361845123,0.2536488712196451,0.915433943271637,2,False,,,,
1766731656.279791,0.7167576361845123,0.2536488712196451,0.915433943271637,2,False,,,,
1766731656.285694,0.7217030929771852,0.24688036111925415,0.9039148688316345,2,False,,,,
1766731656.290008,0.7217030929771852,0.24688036111925415,0.9039148688316345,2,False,,,,
1766731656.296937,0.7217030929771852,0.24688036111925415,0.9039148688316345,2,False,,,,
1766731656.29954,0.37926210059240795,0.025710333381800843,0.8408116677623141,2,False,,,,
1766731656.6686049,0.37926210059240795,0.025710333381800843,0.8408116677623141,2,False,,,,
1766731656.673654,0.37926210059240795,0.025710333381800843,0.8408116677623141,2,False,,,,
1766731656.6761699,0.37926210059240795,0.025710333381800843,0.8408116677623141,2,False,,,,
1766731656.678815,0.37926210059240795,0.025710333381800843,0.8408116677623141,2,False,,,,
1766731656.681212,0.6160938911050089,0.3337436311060151,0.7279648333667786,2,False,,,,
1766731657.0594702,0.6676461160798512,0.3704540774268783,0.19898859430623045,2,False,,,,
1766731657.0659158,0.6676461160798512,0.3704540774268783,0.19898859430623045,2,False,,,,
1766731657.0710368,0.6676461160798512,0.3704540774268783,0.19898859430623045,2,False,,,,
1766731657.073952,0.6676461160798512,0.3704540774268783,0.19898859430623045,2,False,,,,
1766731657.076768,0.6480799847685459,0.2731661297794863,0.18209056663760684,2,False,,,,
1766731657.4099252,0.6480799847685459,0.2731661297794863,0.18209056663760684,2,False,,,,
1766731657.415244,0.6480799847685459,0.2731661297794863,0.18209056663760684,2,False,,,,
1766731657.418289,0.6480799847685459,0.2731661297794863,0.18209056663760684,2,False,,,,
1766731657.423417,0.652737392936017,0.30031792768875354,0.22577754381208026,2,False,,,,
1766731657.426498,0.6128159130809107,0.40958362846655394,0.99,2,False,,,,
1766731657.798073,0.6128159130809107,0.40958362846655394,0.99,2,False,,,,
1766731657.8042219,0.6128159130809107,0.40958362846655394,0.99,2,False,,,,
1766731657.8072162,0.6128159130809107,0.40958362846655394,0.99,2,False,,,,
1766731657.809506,0.6128159130809107,0.40958362846655394,0.99,2,False,,,,
1766731657.8119712,0.6010745803446353,0.6037454714481457,0.8347398340702057,2,False,,,,
1766731658.326297,0.605198202373163,0.6081419085862146,0.8732753098011017,2,False,,,,
1766731658.332781,0.6080612866831328,0.6137173149291181,0.843048632144928,2,False,,,,
1766731658.338816,0.6080612866831328,0.6137173149291181,0.843048632144928,2,False,,,,
1766731658.3415198,0.6080612866831328,0.6137173149291181,0.843048632144928,2,False,,,,
1766731658.3442008,0.5912003601861369,0.6698452180570863,0.8884003758430481,2,False,,,,
1766731658.88465,0.5912003601861369,0.6698452180570863,0.8884003758430481,2,False,,,,
1766731658.890213,0.5912003601861369,0.6698452180570863,0.8884003758430481,2,False,,,,
1766731658.8929868,0.5912003601861369,0.6698452180570863,0.8884003758430481,2,False,,,,
1766731658.895494,0.5912003601861369,0.6698452180570863,0.8884003758430481,2,False,,,,
1766731658.89808,0.5592887686125512,0.6848319168696386,0.9499601423740387,2,False,,,,
1766731659.349258,0.5592887686125512,0.6848319168696386,0.9499601423740387,2,False,,,,
1766731659.3546329,0.5592887686125512,0.6848319168696386,0.9499601423740387,2,False,,,,
1766731659.3572102,0.5592887686125512,0.6848319168696386,0.9499601423740387,2,False,,,,
1766731659.359916,0.5592887686125512,0.6848319168696386,0.9499601423740387,2,False,,,,
1766731659.362417,0.57687468232832,0.6932208485817059,0.9431287050247192,1,False,,,,
1766731659.645897,0.57687468232832,0.6932208485817059,0.9431287050247192,1,False,,,,
1766731659.651464,0.57687468232832,0.6932208485817059,0.9431287050247192,1,False,,,,
1766731659.656267,0.57687468232832,0.6932208485817059,0.9431287050247192,1,False,,,,
1766731659.6586602,0.57687468232832,0.6932208485817059,0.9431287050247192,1,False,,,,
1766731659.661449,0.5498196550768648,0.6960926623130218,0.9185245335102081,1,False,,,,
1766731659.991509,0.5498196550768648,0.6960926623130218,0.9185245335102081,1,False,,,,
1766731659.996384,0.5498196550768648,0.6960926623130218,0.9185245335102081,1,False,,,,
1766731659.999232,0.5498196550768648,0.6960926623130218,0.9185245335102081,1,False,,,,
1766731660.0023391,0.5495315061911625,0.6959368634505364,0.9110530912876129,1,False,,,,
1766731660.0050402,0.5783571023230129,0.7177646509657949,0.9411142468452454,1,False,,,,
1766731660.257865,0.5783571023230129,0.7177646509657949,0.9411142468452454,1,False,,,,
1766731660.26276,0.5783571023230129,0.7177646509657949,0.9411142468452454,1,False,,,,
1766731660.265913,0.5783571023230129,0.7177646509657949,0.9411142468452454,1,False,,,,
1766731660.2681952,0.5783571023230129,0.7177646509657949,0.9411142468452454,1,False,,,,
1766731660.274104,0.5464836629076749,0.6918764289353787,0.9706281423568726,1,False,,,,
1766731660.778804,0.5447102476960632,0.6939673166315492,0.9387463331222534,1,False,,,,
1766731660.785635,0.5447102476960632,0.6939673166315492,0.9387463331222534,1,False,,,,
1766731660.7908401,0.5447102476960632,0.6939673166315492,0.9387463331222534,1,False,,,,
1766731660.793685,0.5447102476960632,0.6939673166315492,0.9387463331222534,1,False,,,,
1766731660.79614,0.5653435217684578,0.7088329462181597,0.9819389581680298,1,False,,,,
1766731661.050791,0.5653435217684578,0.7088329462181597,0.9819389581680298,1,False,,,,
1766731661.057013,0.5653435217684578,0.7088329462181597,0.9819389581680298,1,False,,,,
1766731661.060284,0.5653435217684578,0.7088329462181597,0.9819389581680298,1,False,,,,
1766731661.062709,0.5653435217684578,0.7088329462181597,0.9819389581680298,1,False,,,,
1766731661.0652318,0.5388908671515388,0.7018032445063964,0.9548760056495667,2,False,,,,
1766731661.36791,0.5388908671515388,0.7018032445063964,0.9548760056495667,2,False,,,,
1766731661.3727949,0.5388908671515388,0.7018032445063964,0.9548760056495667,2,False,,,,
1766731661.3751,0.5388908671515388,0.7018032445063964,0.9548760056495667,2,False,,,,
1766731661.377395,0.5390447185704341,0.7024330459870558,0.9982070624828339,2,False,,,,
1766731661.381016,0.5527494710647878,0.709827153584492,0.9403043389320374,2,False,,,,
1766731661.7063308,0.5527494710647878,0.709827153584492,0.9403043389320374,2,False,,,,
1766731661.71204,0.5527494710647878,0.709827153584492,0.9403043389320374,2,False,,,,
1766731661.715022,0.5495852980677609,0.7091440794399645,0.9665225148200989,2,False,,,,
1766731661.717633,0.5495711237272829,0.7092609521692131,0.9665225148200989,2,False,,,,
1766731661.7200482,0.5440885522186528,0.717418815118263,0.9550860524177551,1,False,,,,
1766731661.97854,0.5440885522186528,0.717418815118263,0.9550860524177551,1,False,,,,
1766731661.984747,0.5470183822672743,0.7248015974608337,0.9707372784614563,1,False,,,,
1766731661.98814,0.5470183822672743,0.7248015974608337,0.9707372784614563,1,False,,,,
1766731661.99367,0.5470183822672743,0.7248015974608337,0.9707372784614563,1,False,,,,
1766731661.9964108,0.5578430159531453,0.7084617834316536,0.9782877266407013,1,False,,,,
1766731662.237702,0.5578430159531453,0.7084617834316536,0.9782877266407013,1,False,,,,
1766731662.2428532,0.5578430159531453,0.7084617834316536,0.9782877266407013,1,False,,,,
1766731662.245748,0.5578430159531453,0.7084617834316536,0.9782877266407013,1,False,,,,
1766731662.248379,0.5578430159531453,0.7084617834316536,0.9782877266407013,1,False,,,,
1766731662.2516081,0.45940516801314757,1.1836986967832415,0.840869128704071,1,False,,,,
1766731662.5535529,0.45781630125930717,1.1721022016277547,0.8816072344779968,1,False,,,,
1766731662.561496,0.45781630125930717,1.1721022016277547,0.8816072344779968,1,False,,,,
1766731662.5664499,0.45781630125930717,1.1721022016277547,0.8816072344779968,1,False,,,,
1766731662.568876,0.45781630125930717,1.1721022016277547,0.8816072344779968,1,False,,,,
1766731662.5712771,0.43483419843060095,0.9847655121165322,0.9226883351802826,1,False,,,,
1766731662.855933,0.4399815657361799,0.9718870673388645,0.9059600830078125,1,False,,,,
1766731662.8640902,0.4399815657361799,0.9718870673388645,0.9059600830078125,1,False,,,,
1766731662.866467,0.4399815657361799,0.9718870673388645,0.9059600830078125,1,False,,,,
1766731662.8685498,0.4399815657361799,0.9718870673388645,0.9059600830078125,1,False,,,,
1766731662.871021,0.4267750146228151,0.9908484193738436,0.9466948211193085,0,False,,,,
1766731663.0842612,0.4267750146228151,0.9908484193738436,0.9466948211193085,0,False,,,,
1766731663.0916722,0.41148256707078357,0.9987490878499096,0.9601370394229889,0,False,,,,
1766731663.0970209,0.41148256707078357,0.9987490878499096,0.9601370394229889,0,False,,,,
1766731663.100231,0.41148256707078357,0.9987490878499096,0.9601370394229889,0,False,,,,
1766731663.102537,0.4096393881581874,1.0903197531479674,0.9269013106822968,1,False,,,,
1766731663.546151,0.4096393881581874,1.0903197531479674,0.9269013106822968,1,False,,,,
1766731663.552198,0.4096393881581874,1.0903197531479674,0.9269013106822968,1,False,,,,
1766731663.557121,0.41355622036528256,1.119139885844435,0.8691674172878265,1,False,,,,
1766731663.559697,0.41355622036528256,1.119139885844435,0.8691674172878265,1,False,,,,
1766731663.564854,0.402393652803926,1.0959630136536578,0.8624061644077301,0,False,,,,
1766731663.7816682,0.402393652803926,1.0959630136536578,0.8624061644077301,0,False,,,,
1766731663.786421,0.402393652803926,1.0959630136536578,0.8624061644077301,0,False,,,,
1766731663.7887301,0.402393652803926,1.0959630136536578,0.8624061644077301,0,False,,,,
1766731663.792185,0.506806618828068,0.8634462886994836,0.5304166317350087,0,False,,,,
1766731663.7950919,0.5633755513553063,1.0404209300068457,0.895864725112915,0,False,,,,
1766731663.969853,0.5633755513553063,1.0404209300068457,0.895864725112915,0,False,,,,
1766731663.9746912,0.5633755513553063,1.0404209300068457,0.895864725112915,0,False,,,,
1766731663.977757,0.5633755513553063,1.0404209300068457,0.895864725112915,0,False,,,,
1766731663.979702,0.5633755513553063,1.0404209300068457,0.895864725112915,0,False,,,,
1766731663.984118,0.45604967031207205,0.8906257970872093,0.8783439099788666,0,False,,,,
1766731664.4670348,0.45604967031207205,0.8906257970872093,0.8783439099788666,0,False,,,,
1766731664.473514,0.45604967031207205,0.8906257970872093,0.8783439099788666,0,False,,,,
1766731664.476328,0.45604967031207205,0.8906257970872093,0.8783439099788666,0,False,,,,
1766731664.4783978,0.45604967031207205,0.8906257970872093,0.8783439099788666,0,False,,,,
1766731664.4802759,0.366318958263853,0.8748911032633924,0.9679138362407684,0,False,,,,
1766731664.70662,0.366318958263853,0.8748911032633924,0.9679138362407684,0,False,,,,
1766731664.710984,0.366318958263853,0.8748911032633924,0.9679138362407684,0,False,,,,
1766731664.713546,0.366318958263853,0.8748911032633924,0.9679138362407684,0,False,,,,
1766731664.715486,0.366318958263853,0.8748911032633924,0.9679138362407684,0,False,,,,
1766731664.717372,0.3627634731672661,0.8930970676337162,0.9425709545612335,0,False,,,,
1766731664.954867,0.3627634731672661,0.8930970676337162,0.9425709545612335,0,False,,,,
1766731664.959153,0.3627634731672661,0.8930970676337162,0.9425709545612335,0,False,,,,
1766731664.961617,0.3616362488912579,0.8930115173423191,0.9111308455467224,0,False,,,,
1766731664.96365,0.35854041485828364,0.8897926767932549,0.9788800776004791,0,False,,,,
1766731664.965743,0.42609594099661663,1.0441348547922116,0.9353416216373444,0,False,,,,
1766731665.335387,0.4054826130486727,0.986015411563707,0.6626319169998169,0,False,,,,
1766731665.341235,0.4054826130486727,0.986015411563707,0.6626319169998169,0,False,,,,
1766731665.3461308,0.4054826130486727,0.986015411563707,0.6626319169998169,0,False,,,,
1766731665.3486311,0.4054826130486727,0.986015411563707,0.6626319169998169,0,False,,,,
1766731665.35056,0.5450646088559832,1.1152959263463684,0.8986486196517944,0,False,,,,
1766731665.5465448,0.5450646088559832,1.1152959263463684,0.8986486196517944,0,False,,,,
1766731665.551095,0.5450646088559832,1.1152959263463684,0.8986486196517944,0,False,,,,
1766731665.55365,0.5450646088559832,1.1152959263463684,0.8986486196517944,0,False,,,,
1766731665.557555,0.5450646088559832,1.1152959263463684,0.8986486196517944,0,False,,,,
1766731665.559829,0.6378320488091809,1.0429084297225797,0.7807272374629974,0,False,,,,
1766731665.871593,0.6406741651404545,1.0380553814294589,0.8382912576198578,0,False,,,,
1766731665.879127,0.6406741651404545,1.0380553814294589,0.8382912576198578,0,False,,,,
1766731665.883441,0.6406741651404545,1.0380553814294589,0.8382912576198578,0,False,,,,
1766731665.885466,0.6406741651404545,1.0380553814294589,0.8382912576198578,0,False,,,,
1766731665.887551,0.5576880501886647,0.986240918899859,0.8714766800403595,0,False,,,,
1766731666.109646,0.5576880501886647,0.986240918899859,0.8714766800403595,0,False,,,,
1766731666.11626,0.5576880501886647,0.986240918899859,0.8714766800403595,0,False,,,,
1766731666.118839,0.5576880501886647,0.986240918899859,0.8714766800403595,0,False,,,,
1766731666.1208189,0.5576880501886647,0.986240918899859,0.8714766800403595,0,False,,,,
1766731666.1229372,0.4962631232479162,0.886447404268672,0.8,0,False,,,,
1766731666.312363,0.4962631232479162,0.886447404268672,0.8,0,False,,,,
1766731666.317249,0.4962631232479162,0.886447404268672,0.8,0,False,,,,
1766731666.3194659,0.4962631232479162,0.886447404268672,0.8,0,False,,,,
1766731666.3214772,0.4962631232479162,0.886447404268672,0.8,0,False,,,,
1766731666.3237,0.33554512693899446,1.103384303342126,0.9231861531734467,0,False,,,,
1766731666.7177138,0.33554512693899446,1.103384303342126,0.9231861531734467,0,False,,,,
1766731666.722951,0.33554512693899446,1.103384303342126,0.9231861531734467,0,False,,,,
1766731666.725281,0.33554512693899446,1.103384303342126,0.9231861531734467,0,False,,,,
1766731666.727476,0.33554512693899446,1.103384303342126,0.9231861531734467,0,False,,,,
1766731666.729793,0.5113854357929445,1.168111862583983,0.8702603876590729,0,False,,,,
1766731666.968102,0.5113854357929445,1.168111862583983,0.8702603876590729,0,False,,,,
1766731666.9726431,0.5113854357929445,1.168111862583983,0.8702603876590729,0,False,,,,
1766731666.977736,0.5003077279217731,1.164897267345566,0.8754808604717255,0,False,,,,
1766731666.9805598,0.5003077279217731,1.164897267345566,0.8754808604717255,0,False,,,,
1766731666.98321,0.5263068475675715,1.048359439350764,0.8910902738571167,0,False,,,,
1766731667.210355,0.5226989442875645,1.0564379893763194,0.8554846346378326,0,False,,,,
1766731667.216151,0.5226989442875645,1.0564379893763194,0.8554846346378326,0,False,,,,
1766731667.2210538,0.5226989442875645,1.0564379893763194,0.8554846346378326,0,False,,,,
1766731667.223655,0.5226989442875645,1.0564379893763194,0.8554846346378326,0,False,,,,
1766731667.2258282,0.4958603020280036,1.061103786768173,0.8421901166439056,0,False,,,,
1766731667.423991,0.4958603020280036,1.061103786768173,0.8421901166439056,0,False,,,,
1766731667.428989,0.4958603020280036,1.061103786768173,0.8421901166439056,0,False,,,,
1766731667.431393,0.4958603020280036,1.061103786768173,0.8421901166439056,0,False,,,,
1766731667.433656,0.4958603020280036,1.061103786768173,0.8421901166439056,0,False,,,,
1766731667.43744,0.45664364634754123,1.0123269735731277,0.8353946805000305,0,False,,,,
1766731667.626954,0.45664364634754123,1.0123269735731277,0.8353946805000305,0,False,,,,
1766731667.632683,0.45664364634754123,1.0123269735731277,0.8353946805000305,0,False,,,,
1766731667.635286,0.45664364634754123,1.0123269735731277,0.8353946805000305,0,False,,,,
1766731667.637589,0.45664364634754123,1.0123269735731277,0.8353946805000305,0,False,,,,
1766731667.640249,0.48461059898913456,0.6261395801737835,1.0,0,False,,,,
1766731667.9374819,0.48461059898913456,0.6261395801737835,1.0,0,False,,,,
1766731667.943417,0.48461059898913456,0.6261395801737835,1.0,0,False,,,,
1766731667.9461272,0.4856996264710601,0.628725563385665,1.0,0,False,,,,
1766731667.950186,0.48792109171410986,0.6376276785777802,1.0,0,False,,,,
1766731667.954079,0.4856694465214395,0.7578210861988247,0.9347679615020752,1,False,,,,
1766731668.361218,0.4856694465214395,0.7578210861988247,0.9347679615020752,1,False,,,,
1766731668.3665988,0.4856694465214395,0.7578210861988247,0.9347679615020752,1,False,,,,
1766731668.369271,0.4856694465214395,0.7578210861988247,0.9347679615020752,1,False,,,,
1766731668.371422,0.4856694465214395,0.7578210861988247,0.9347679615020752,1,False,,,,
1766731668.373624,0.46959098338395455,0.8260707804101066,0.8,2,False,,,,
1766731668.6617548,0.46959098338395455,0.8260707804101066,0.8,2,False,,,,
1766731668.668589,0.46959098338395455,0.8260707804101066,0.8,2,False,,,,
1766731668.671638,0.46959098338395455,0.8260707804101066,0.8,2,False,,,,
1766731668.6741,0.46959098338395455,0.8260707804101066,0.8,2,False,,,,
1766731668.676401,0.5187359824175319,0.8233703166485792,0.9682316482067108,1,False,,,,
1766731668.9603899,0.5187359824175319,0.8233703166485792,0.9682316482067108,1,False,,,,
1766731668.9669461,0.5187359824175319,0.8233703166485792,0.9682316482067108,1,False,,,,
1766731668.969592,0.5187359824175319,0.8233703166485792,0.9682316482067108,1,False,,,,
1766731668.9743192,0.5187359824175319,0.8233703166485792,0.9682316482067108,1,False,,,,
1766731668.976664,0.5175390011128427,0.7237175235238454,0.9392739832401276,1,False,,,,
1766731669.250119,0.5167738731139438,0.7231017076620293,0.9276924729347229,1,False,,,,
1766731669.257021,0.5154385936115256,0.7222684325629244,0.9912122488021851,1,False,,,,
1766731669.262607,0.5154385936115256,0.7222684325629244,0.9912122488021851,1,False,,,,
1766731669.2658062,0.5154385936115256,0.7222684325629244,0.9912122488021851,1,False,,,,
1766731669.268597,0.4981660117095725,0.7272181721598592,0.981342613697052,1,False,,,,
1766731669.5916958,0.49699271500813386,0.7205006644502258,0.951594352722168,1,False,,,,
1766731669.598132,0.49699271500813386,0.7205006644502258,0.951594352722168,1,False,,,,
1766731669.603578,0.49699271500813386,0.7205006644502258,0.951594352722168,1,False,,,,
1766731669.6061518,0.49699271500813386,0.7205006644502258,0.951594352722168,1,False,,,,
1766731669.608656,0.5130279140139838,0.6698456180229729,0.9919360876083374,1,False,,,,
1766731670.308811,0.5130279140139838,0.6698456180229729,0.9919360876083374,1,False,,,,
1766731670.314979,0.5130279140139838,0.6698456180229729,0.9919360876083374,1,False,,,,
1766731670.3176792,0.5130279140139838,0.6698456180229729,0.9919360876083374,1,False,,,,
1766731670.3201652,0.5130279140139838,0.6698456180229729,0.9919360876083374,1,False,,,,
1766731670.32255,0.5035693626653883,0.6809403702962644,1.0,1,False,,,,
1766731670.636084,0.5035693626653883,0.6809403702962644,1.0,1,False,,,,
1766731670.641868,0.5035693626653883,0.6809403702962644,1.0,1,False,,,,
1766731670.644619,0.5035693626653883,0.6809403702962644,1.0,1,False,,,,
1766731670.6468859,0.5035693626653883,0.6809403702962644,1.0,1,False,,,,
1766731670.6491299,0.5309090514386713,0.6966356255996592,1.0,2,False,,,,
1766731671.739122,0.5309090514386713,0.6966356255996592,1.0,2,False,,,,
1766731671.746005,0.5309090514386713,0.6966356255996592,1.0,2,False,,,,
1766731671.7509272,0.5309090514386713,0.6966356255996592,1.0,2,False,,,,
1766731671.753108,0.5309090514386713,0.6966356255996592,1.0,2,False,,,,
1766731671.755473,0.5512423323403052,0.7023391653348637,1.0,0,False,,,,
1766731672.022422,0.5512423323403052,0.7023391653348637,1.0,0,False,,,,
1766731672.027955,0.5512423323403052,0.7023391653348637,1.0,0,False,,,,
1766731672.030533,0.5512423323403052,0.7023391653348637,1.0,0,False,,,,
1766731672.033119,0.5513347384712007,0.7020368769343273,0.9393840134143829,0,False,,,,
1766731672.035598,0.5470491281215892,0.6901787852388281,1.0,0,False,,,,
1766731672.3170052,0.5470491281215892,0.6901787852388281,1.0,0,False,,,,
1766731672.322269,0.5470491281215892,0.6901787852388281,1.0,0,False,,,,
1766731672.3246331,0.5470491281215892,0.6901787852388281,1.0,0,False,,,,
1766731672.327265,0.5470491281215892,0.6901787852388281,1.0,0,False,,,,
1766731672.3320372,0.539657543369151,0.6622787133795145,1.0,0,False,,,,
1766731673.121386,0.539657543369151,0.6622787133795145,1.0,0,False,,,,
1766731673.126528,0.539657543369151,0.6622787133795145,1.0,0,False,,,,
1766731673.129411,0.539657543369151,0.6622787133795145,1.0,0,False,,,,
1766731673.131687,0.539657543369151,0.6622787133795145,1.0,0,False,,,,
1766731673.134182,0.5627375106400974,0.8979590949428836,0.7949999999999999,0,False,,,,
1766731673.36038,0.5627375106400974,0.8979590949428836,0.7949999999999999,0,False,,,,
1766731673.365762,0.5627375106400974,0.8979590949428836,0.7949999999999999,0,False,,,,
1766731673.36884,0.5627375106400974,0.8979590949428836,0.7949999999999999,0,False,,,,
1766731673.371531,0.5627375106400974,0.8979590949428836,0.7949999999999999,0,False,,,,
1766731673.373823,0.5240321672655073,0.9639274651348739,0.8,0,False,,,,
1766731673.583133,0.5240321672655073,0.9639274651348739,0.8,0,False,,,,
1766731673.588091,0.5240321672655073,0.9639274651348739,0.8,0,False,,,,
1766731673.5907588,0.5240321672655073,0.9639274651348739,0.8,0,False,,,,
1766731673.5929332,0.5240321672655073,0.9639274651348739,0.8,0,False,,,,
1766731673.595083,0.5508016655653528,0.5130306178629025,1.0,0,False,,,,
1766731674.29712,0.5508016655653528,0.5130306178629025,1.0,0,False,,,,
1766731674.303941,0.5508016655653528,0.5130306178629025,1.0,0,False,,,,
1766731674.306516,0.5508016655653528,0.5130306178629025,1.0,0,False,,,,
1766731674.308639,0.5508016655653528,0.5130306178629025,1.0,0,False,,,,
1766731674.310709,0.5682865190044376,0.5641913484556631,1.0,0,False,,,,
1766731674.574759,0.5682865190044376,0.5641913484556631,1.0,0,False,,,,
1766731674.579582,0.5682865190044376,0.5641913484556631,1.0,0,False,,,,
1766731674.582746,0.5722038053143736,0.5714576715848578,1.0,0,False,,,,
1766731674.587444,0.5719632338483149,0.5763589091526842,1.0,0,False,,,,
1766731674.590091,0.5423860193372863,0.5862761076258107,1.0,0,False,,,,
1766731674.891809,0.5423860193372863,0.5862761076258107,1.0,0,False,,,,
1766731674.897077,0.5423860193372863,0.5862761076258107,1.0,0,False,,,,
1766731674.899449,0.5423860193372863,0.5862761076258107,1.0,0,False,,,,
1766731674.901589,0.5423860193372863,0.5862761076258107,1.0,0,False,,,,
1766731674.904001,0.5519175649070214,0.5722987803422384,1.0,0,False,,,,
1766731675.209128,0.5519175649070214,0.5722987803422384,1.0,0,False,,,,
1766731675.213959,0.5519175649070214,0.5722987803422384,1.0,0,False,,,,
1766731675.217254,0.5522273691582084,0.5722682064339861,1.0,0,False,,,,
1766731675.219997,0.5531083258868416,0.5694391634451025,1.0,0,False,,,,
1766731675.222307,0.5541804770782052,0.5667712789397015,1.0,0,False,,,,
1766731675.446172,0.5541804770782052,0.5667712789397015,1.0,0,False,,,,
1766731675.451848,0.5539982863819211,0.5641188362482403,1.0,0,False,,,,
1766731675.4555058,0.5539982863819211,0.5641188362482403,1.0,0,False,,,,
1766731675.458255,0.5539982863819211,0.5641188362482403,1.0,0,False,,,,
1766731675.463841,0.5457008706566017,1.021061783815666,0.8,0,False,,,,
1766731675.7604768,0.5427815098844646,1.0153678941074,0.8,0,False,,,,
1766731675.766101,0.5427815098844646,1.0153678941074,0.8,0,False,,,,
1766731675.7706828,0.5427815098844646,1.0153678941074,0.8,0,False,,,,
1766731675.773099,0.5427815098844646,1.0153678941074,0.8,0,False,,,,
1766731675.7752059,0.5135260609249153,1.1055211073460072,0.9078383147716522,0,False,,,,
1766731675.971671,0.5135260609249153,1.1055211073460072,0.9078383147716522,0,False,,,,
1766731675.977037,0.5135260609249153,1.1055211073460072,0.9078383147716522,0,False,,,,
1766731675.981368,0.5135260609249153,1.1055211073460072,0.9078383147716522,0,False,,,,
1766731675.984054,0.5135260609249153,1.1055211073460072,0.9078383147716522,0,False,,,,
1766731675.9869282,0.47121065484359714,1.1559419491149083,0.8758905231952667,1,False,,,,
1766731676.7519171,0.47121065484359714,1.1559419491149083,0.8758905231952667,1,False,,,,
1766731676.756735,0.47121065484359714,1.1559419491149083,0.8758905231952667,1,False,,,,
1766731676.7597709,0.4630330367556595,1.1740162535859826,0.8541387617588043,1,False,,,,
1766731676.7634299,0.4630330367556595,1.1740162535859826,0.8541387617588043,1,False,,,,
1766731676.7659369,0.46340986272958,1.183381853258344,0.9149091839790344,0,False,,,,
1766731676.940183,0.46340986272958,1.183381853258344,0.9149091839790344,0,False,,,,
1766731676.94492,0.46340986272958,1.183381853258344,0.9149091839790344,0,False,,,,
1766731676.947387,0.46340986272958,1.183381853258344,0.9149091839790344,0,False,,,,
1766731676.949461,0.46340986272958,1.183381853258344,0.9149091839790344,0,False,,,,
1766731676.954266,0.4794241518386004,1.1841920932637269,0.9140788316726685,0,False,,,,
1766731677.171434,0.4794241518386004,1.1841920932637269,0.9140788316726685,0,False,,,,
1766731677.177235,0.4794241518386004,1.1841920932637269,0.9140788316726685,0,False,,,,
1766731677.179678,0.4794241518386004,1.1841920932637269,0.9140788316726685,0,False,,,,
1766731677.182047,0.4794241518386004,1.1841920932637269,0.9140788316726685,0,False,,,,
1766731677.184215,0.4860251666633192,1.2127590901707659,0.9405867457389832,0,False,,,,
1766731677.371456,0.4860251666633192,1.2127590901707659,0.9405867457389832,0,False,,,,
1766731677.3768058,0.4860251666633192,1.2127590901707659,0.9405867457389832,0,False,,,,
1766731677.379373,0.4860251666633192,1.2127590901707659,0.9405867457389832,0,False,,,,
1766731677.381676,0.4860251666633192,1.2127590901707659,0.9405867457389832,0,False,,,,
1766731677.383646,0.562345344115253,1.1186937392061398,0.8588569760322571,0,False,,,,
1766731677.565383,0.5696165245937327,1.1041485015477244,0.8626919984817505,0,False,,,,
1766731677.569648,0.5696165245937327,1.1041485015477244,0.8626919984817505,0,False,,,,
1766731677.5752819,0.5696165245937327,1.1041485015477244,0.8626919984817505,0,False,,,,
1766731677.577857,0.5696165245937327,1.1041485015477244,0.8626919984817505,0,False,,,,
1766731677.580508,0.597062412758974,1.0824508873044845,0.8548106253147125,0,False,,,,
1766731677.744323,0.597062412758974,1.0824508873044845,0.8548106253147125,0,False,,,,
1766731677.749075,0.597062412758974,1.0824508873044845,0.8548106253147125,0,False,,,,
1766731677.751482,0.597062412758974,1.0824508873044845,0.8548106253147125,0,False,,,,
1766731677.753657,0.597062412758974,1.0824508873044845,0.8548106253147125,0,False,,,,
1766731677.755643,0.5891830812624441,1.0412883222886025,0.9205932021141052,0,False,,,,
1766731677.943786,0.5891830812624441,1.0412883222886025,0.9205932021141052,0,False,,,,
1766731677.948735,0.5891830812624441,1.0412883222886025,0.9205932021141052,0,False,,,,
1766731677.951048,0.5891830812624441,1.0412883222886025,0.9205932021141052,0,False,,,,
1766731677.9557939,0.5891830812624441,1.0412883222886025,0.9205932021141052,0,False,,,,
1766731677.9582,0.5731457422014176,1.0494394739560526,0.7355413436889648,0,False,,,,
1766731678.150479,0.5731457422014176,1.0494394739560526,0.7355413436889648,0,False,,,,
1766731678.1554701,0.5731457422014176,1.0494394739560526,0.7355413436889648,0,False,,,,
1766731678.158721,0.5731457422014176,1.0494394739560526,0.7355413436889648,0,False,,,,
1766731678.160903,0.5731457422014176,1.0494394739560526,0.7355413436889648,0,False,,,,
1766731678.163156,0.6526498440513803,0.7641780881476857,0.1964869563914082,0,False,,,,
1766731678.40468,0.5267935311339679,0.9117056143626532,0.12701977809689824,0,False,,,,
1766731678.411505,0.5267935311339679,0.9117056143626532,0.12701977809689824,0,False,,,,
1766731678.4164422,0.5267935311339679,0.9117056143626532,0.12701977809689824,0,False,,,,
1766731678.4189599,0.5267935311339679,0.9117056143626532,0.12701977809689824,0,False,,,,
1766731678.421171,0.4899537931713985,0.7256421665044807,0.720486000103799,0,False,,,,
1766731678.671534,0.6609211344849302,0.5654062639599506,0.3119992661414301,0,False,,,,
1766731678.676573,0.6609211344849302,0.5654062639599506,0.3119992661414301,0,False,,,,
1766731678.6822479,0.6609211344849302,0.5654062639599506,0.3119992661414301,0,False,,,,
1766731678.684832,0.6609211344849302,0.5654062639599506,0.3119992661414301,0,False,,,,
1766731678.6875541,0.5564358750705718,0.6088628720298497,0.7241492967307142,0,False,,,,
1766731678.887202,0.5564358750705718,0.6088628720298497,0.7241492967307142,0,False,,,,
1766731678.892411,0.5564358750705718,0.6088628720298497,0.7241492967307142,0,False,,,,
1766731678.894857,0.5564358750705718,0.6088628720298497,0.7241492967307142,0,False,,,,
1766731678.8973389,0.5564358750705718,0.6088628720298497,0.7241492967307142,0,False,,,,
1766731678.899839,0.513799175123088,0.4897086438751199,0.9175086915493011,0,False,,,,
1766731679.081247,0.513799175123088,0.4897086438751199,0.9175086915493011,0,False,,,,
1766731679.086348,0.513799175123088,0.4897086438751199,0.9175086915493011,0,False,,,,
1766731679.090419,0.513799175123088,0.4897086438751199,0.9175086915493011,0,False,,,,
1766731679.093235,0.513799175123088,0.4897086438751199,0.9175086915493011,0,False,,,,
1766731679.0955122,0.507869253994632,0.5004490860280892,1.0,0,False,,,,
1766731679.3010619,0.507869253994632,0.5004490860280892,1.0,0,False,,,,
1766731679.3063319,0.5039878999000647,0.5050536260879608,1.0,0,False,,,,
1766731679.309632,0.5026422995857324,0.5031682590753063,0.9950796961784363,0,False,,,,
1766731679.3122199,0.5026422995857324,0.5031682590753063,0.9950796961784363,0,False,,,,
1766731679.3177972,0.49244142518629574,0.5399905742562006,0.995,0,False,,,,
1766731679.686647,0.49244142518629574,0.5399905742562006,0.995,0,False,,,,
1766731679.693522,0.49244142518629574,0.5399905742562006,0.995,0,False,,,,
1766731679.6962261,0.49244142518629574,0.5399905742562006,0.995,0,False,,,,
1766731679.698791,0.49244142518629574,0.5399905742562006,0.995,0,False,,,,
1766731679.702999,0.5567337791245655,0.5896803999749103,0.9560111165046692,1,False,,,,
1766731679.9583092,0.5567337791245655,0.5896803999749103,0.9560111165046692,1,False,,,,
1766731679.9635048,0.5567337791245655,0.5896803999749103,0.9560111165046692,1,False,,,,
1766731679.9661481,0.5567337791245655,0.5896803999749103,0.9560111165046692,1,False,,,,
1766731679.968704,0.5567337791245655,0.5896803999749103,0.9560111165046692,1,False,,,,
1766731679.9711812,0.5721695725776769,0.6139185266657577,1.0,1,False,,,,
1766731680.4504802,0.5737024170155312,0.6138066439531027,1.0,1,False,,,,
1766731680.4562418,0.5737024170155312,0.6138066439531027,1.0,1,False,,,,
1766731680.4624882,0.5737024170155312,0.6138066439531027,1.0,1,False,,,,
1766731680.465162,0.5737024170155312,0.6138066439531027,1.0,1,False,,,,
1766731680.467455,0.5739571573002022,0.619454836823576,1.0,0,False,,,,
1766731680.749217,0.5752347165790211,0.6210346669389812,0.9654850959777832,0,False,,,,
1766731680.7541618,0.5752347165790211,0.6210346669389812,0.9654850959777832,0,False,,,,
1766731680.759611,0.5752347165790211,0.6210346669389812,0.9654850959777832,0,False,,,,
1766731680.762659,0.5752347165790211,0.6210346669389812,0.9654850959777832,0,False,,,,
1766731680.764807,0.5754247897827843,0.6212028860016017,0.9998234212398529,1,False,,,,
1766731681.082535,0.57537942058488,0.6210981991371819,1.0,1,False,,,,
1766731681.088191,0.5756340088302327,0.6216502859609315,1.0,1,False,,,,
1766731681.093185,0.5756340088302327,0.6216502859609315,1.0,1,False,,,,
1766731681.09616,0.5756340088302327,0.6216502859609315,1.0,1,False,,,,
1766731681.098441,0.5635404160707285,0.6383400095399188,1.0,1,False,,,,
1766731681.847743,0.5635404160707285,0.6383400095399188,1.0,1,False,,,,
1766731681.854392,0.563735517025794,0.6426177866545884,0.9999399483203888,1,False,,,,
1766731681.857573,0.563735517025794,0.6426177866545884,0.9999399483203888,1,False,,,,
1766731681.862328,0.563735517025794,0.6426177866545884,0.9999399483203888,1,False,,,,
1766731681.865032,0.5874761704935024,0.6699446987520853,1.0,1,False,,,,
1766731682.3317919,0.5874761704935024,0.6699446987520853,1.0,1,False,,,,
1766731682.3374789,0.5874761704935024,0.6699446987520853,1.0,1,False,,,,
1766731682.3402612,0.5874761704935024,0.6699446987520853,1.0,1,False,,,,
1766731682.343124,0.5874761704935024,0.6699446987520853,1.0,1,False,,,,
1766731682.345641,0.5605030344593503,0.6572016229472825,1.0,0,False,,,,
1766731682.5562701,0.5534494625977653,0.6692437236812604,1.0,0,False,,,,
1766731682.563066,0.5534494625977653,0.6692437236812604,1.0,0,False,,,,
1766731682.5686212,0.5534494625977653,0.6692437236812604,1.0,0,False,,,,
1766731682.5714931,0.5534494625977653,0.6692437236812604,1.0,0,False,,,,
1766731682.573879,0.5576710289157096,0.6845679270813508,1.0,0,False,,,,
1766731682.7606242,0.5664080343778953,0.6869485091494458,1.0,0,False,,,,
1766731682.76601,0.5664080343778953,0.6869485091494458,1.0,0,False,,,,
1766731682.77224,0.5664080343778953,0.6869485091494458,1.0,0,False,,,,
1766731682.774752,0.5664080343778953,0.6869485091494458,1.0,0,False,,,,
1766731682.776928,0.5749958933405729,0.6908658548767334,0.9623392522335052,0,False,,,,
1766731682.9489348,0.5749958933405729,0.6908658548767334,0.9623392522335052,0,False,,,,
1766731682.9533272,0.5749958933405729,0.6908658548767334,0.9623392522335052,0,False,,,,
1766731682.955959,0.5749958933405729,0.6908658548767334,0.9623392522335052,0,False,,,,
1766731682.958921,0.5759685874769677,0.690624352660964,1.0,0,False,,,,
1766731682.9614441,0.5548341697617862,0.6768500962135546,1.0,0,False,,,,
1766731683.1630561,0.5542618912127272,0.6763385937251789,1.0,0,False,,,,
1766731683.1686652,0.5542618912127272,0.6763385937251789,1.0,0,False,,,,
1766731683.17312,0.5542618912127272,0.6763385937251789,1.0,0,False,,,,
1766731683.1755378,0.5542618912127272,0.6763385937251789,1.0,0,False,,,,
1766731683.177855,0.5444389555708709,0.6557020771033669,1.0,0,False,,,,
1766731683.542611,0.5444389555708709,0.6557020771033669,1.0,0,False,,,,
1766731683.547651,0.5444389555708709,0.6557020771033669,1.0,0,False,,,,
1766731683.550488,0.5444389555708709,0.6557020771033669,1.0,0,False,,,,
1766731683.5531368,0.5444389555708709,0.6557020771033669,1.0,0,False,,,,
1766731683.555439,0.5694766296260108,0.6707100058038309,0.9772567451000214,0,False,,,,
1766731683.767374,0.5692245155309804,0.6721991783264196,0.9605002403259277,0,False,,,,
1766731683.773607,0.5692245155309804,0.6721991783264196,0.9605002403259277,0,False,,,,
1766731683.778526,0.5692245155309804,0.6721991783264196,0.9605002403259277,0,False,,,,
1766731683.781355,0.5692245155309804,0.6721991783264196,0.9605002403259277,0,False,,,,
1766731683.7855492,0.5665126586000045,0.6673705085687084,0.9620787501335144,0,False,,,,
1766731684.044883,0.5665126586000045,0.6673705085687084,0.9620787501335144,0,False,,,,
1766731684.0495832,0.5665126586000045,0.6673705085687084,0.9620787501335144,0,False,,,,
1766731684.052408,0.5665126586000045,0.6673705085687084,0.9620787501335144,0,False,,,,
1766731684.055061,0.5665126586000045,0.6673705085687084,0.9620787501335144,0,False,,,,
1766731684.057133,0.5343183126859457,0.5932244978494482,1.0,0,False,,,,
1766731684.270663,0.5292435534637312,0.5895613858048164,1.0,0,False,,,,
1766731684.276185,0.5292435534637312,0.5895613858048164,1.0,0,False,,,,
1766731684.281881,0.5292435534637312,0.5895613858048164,1.0,0,False,,,,
1766731684.284218,0.5292435534637312,0.5895613858048164,1.0,0,False,,,,
1766731684.286434,0.5334971617635478,0.5838358364967638,1.0,0,False,,,,
1766731684.475797,0.5334971617635478,0.5838358364967638,1.0,0,False,,,,
1766731684.480839,0.5334971617635478,0.5838358364967638,1.0,0,False,,,,
1766731684.483226,0.5334971617635478,0.5838358364967638,1.0,0,False,,,,
1766731684.485603,0.5334971617635478,0.5838358364967638,1.0,0,False,,,,
1766731684.487967,0.5384567588042037,0.569215014009474,1.0,0,False,,,,
1766731684.6830342,0.5384567588042037,0.569215014009474,1.0,0,False,,,,
1766731684.6887171,0.5384567588042037,0.569215014009474,1.0,0,False,,,,
1766731684.691329,0.5384567588042037,0.569215014009474,1.0,0,False,,,,
1766731684.6937869,0.5384567588042037,0.569215014009474,1.0,0,False,,,,
1766731684.695914,0.4909665102211286,1.2077184843640725,0.845546692609787,0,False,,,,
1766731684.9027672,0.5302834575250064,0.958372136279147,0.5944390928349728,0,False,,,,
1766731684.9084082,0.4906055348122809,1.1987933068375456,0.84153151512146,0,False,,,,
1766731684.913669,0.4906055348122809,1.1987933068375456,0.84153151512146,0,False,,,,
1766731684.918339,0.4906055348122809,1.1987933068375456,0.84153151512146,0,False,,,,
1766731684.9205608,0.49407111316827734,1.2380085593724772,0.8682601153850555,0,False,,,,
1766731685.1532822,0.49407111316827734,1.2380085593724772,0.8682601153850555,0,False,,,,
1766731685.1583319,0.49407111316827734,1.2380085593724772,0.8682601153850555,0,False,,,,
1766731685.1609652,0.49407111316827734,1.2380085593724772,0.8682601153850555,0,False,,,,
1766731685.162912,0.49407111316827734,1.2380085593724772,0.8682601153850555,0,False,,,,
1766731685.16486,0.4477183450170859,1.2303142775116296,0.8970676958560944,0,False,,,,
1766731685.3778949,0.4477183450170859,1.2303142775116296,0.8970676958560944,0,False,,,,
1766731685.3837628,0.4477183450170859,1.2303142775116296,0.8970676958560944,0,False,,,,
1766731685.386625,0.4477183450170859,1.2303142775116296,0.8970676958560944,0,False,,,,
1766731685.388671,0.4477183450170859,1.2303142775116296,0.8970676958560944,0,False,,,,
1766731685.390752,0.47008237359633076,1.278064797832612,0.9131997525691986,0,False,,,,
1766731685.761618,0.47008237359633076,1.278064797832612,0.9131997525691986,0,False,,,,
1766731685.766834,0.47008237359633076,1.278064797832612,0.9131997525691986,0,False,,,,
1766731685.7693639,0.47008237359633076,1.278064797832612,0.9131997525691986,0,False,,,,
1766731685.7717838,0.47008237359633076,1.278064797832612,0.9131997525691986,0,False,,,,
1766731685.7741382,0.5609015754579814,0.9794540217875756,0.3003008059641378,0,False,,,,
1766731685.993454,0.5609015754579814,0.9794540217875756,0.3003008059641378,0,False,,,,
1766731685.9981701,0.5609015754579814,0.9794540217875756,0.3003008059641378,0,False,,,,
1766731686.000619,0.5609015754579814,0.9794540217875756,0.3003008059641378,0,False,,,,
1766731686.002893,0.5609015754579814,0.9794540217875756,0.3003008059641378,0,False,,,,
1766731686.005292,0.5020285223029333,1.0682084915942929,0.8566798865795135,0,False,,,,
1766731686.383167,0.5020285223029333,1.0682084915942929,0.8566798865795135,0,False,,,,
1766731686.389322,0.5020285223029333,1.0682084915942929,0.8566798865795135,0,False,,,,
1766731686.393795,0.5020285223029333,1.0682084915942929,0.8566798865795135,0,False,,,,
1766731686.3960419,0.5020285223029333,1.0682084915942929,0.8566798865795135,0,False,,,,
1766731686.3983061,0.4604285627842056,1.0511949846160566,0.9229537844657898,0,False,,,,
1766731686.598971,0.4604285627842056,1.0511949846160566,0.9229537844657898,0,False,,,,
1766731686.603816,0.4604285627842056,1.0511949846160566,0.9229537844657898,0,False,,,,
1766731686.606153,0.4604285627842056,1.0511949846160566,0.9229537844657898,0,False,,,,
1766731686.608276,0.4604285627842056,1.0511949846160566,0.9229537844657898,0,False,,,,
1766731686.611609,0.5184515061401688,1.1148714083160007,0.8434438705444336,0,False,,,,
1766731686.8034759,0.5184515061401688,1.1148714083160007,0.8434438705444336,0,False,,,,
1766731686.809076,0.525832170679418,1.1126391003166443,0.9014483094215393,0,False,,,,
1766731686.8121972,0.652195560336809,0.9896900932863752,0.7861667752265931,0,False,,,,
1766731686.814523,0.652195560336809,0.9896900932863752,0.7861667752265931,0,False,,,,
1766731686.8196638,0.6942163024509165,1.0219655901091127,0.8330551385879517,0,False,,,,
1766731687.038638,0.6942163024509165,1.0219655901091127,0.8330551385879517,0,False,,,,
1766731687.043634,0.6942163024509165,1.0219655901091127,0.8330551385879517,0,False,,,,
1766731687.046616,0.6910195686982532,1.0187882751031136,0.819408655166626,0,False,,,,
1766731687.049112,0.6910195686982532,1.0187882751031136,0.819408655166626,0,False,,,,
1766731687.0519419,0.589048610228447,0.9321744160689365,0.8064943850040436,0,False,,,,
1766731687.231371,0.589048610228447,0.9321744160689365,0.8064943850040436,0,False,,,,
1766731687.2376902,0.589048610228447,0.9321744160689365,0.8064943850040436,0,False,,,,
1766731687.240663,0.589048610228447,0.9321744160689365,0.8064943850040436,0,False,,,,
1766731687.2431989,0.589048610228447,0.9321744160689365,0.8064943850040436,0,False,,,,
1766731687.245554,0.5872495323301785,0.9177314228024284,0.8,0,False,,,,
1766731687.44639,0.5872495323301785,0.9177314228024284,0.8,0,False,,,,
1766731687.450861,0.5816574522485705,0.9195551451093369,0.8,0,False,,,,
1766731687.4542878,0.5565733560170341,0.8524332199636399,0.5988129599438032,0,False,,,,
1766731687.457203,0.5565733560170341,0.8524332199636399,0.5988129599438032,0,False,,,,
1766731687.4625971,0.6719207677273442,0.9853100002091613,0.9388721585273743,0,False,,,,
1766731687.684661,0.6641714060673924,0.9867673099341647,0.8748591542243958,0,False,,,,
1766731687.689844,0.6641714060673924,0.9867673099341647,0.8748591542243958,0,False,,,,
1766731687.6955142,0.6641714060673924,0.9867673099341647,0.8748591542243958,0,False,,,,
1766731687.698129,0.6641714060673924,0.9867673099341647,0.8748591542243958,0,False,,,,
1766731687.700831,0.3953331051249233,0.9975135682391181,0.9935489892959595,0,False,,,,
1766731687.9052749,0.3953331051249233,0.9975135682391181,0.9935489892959595,0,False,,,,
1766731687.9099698,0.3953331051249233,0.9975135682391181,0.9935489892959595,0,False,,,,
1766731687.912429,0.3953331051249233,0.9975135682391181,0.9935489892959595,0,False,,,,
1766731687.916908,0.3953331051249233,0.9975135682391181,0.9935489892959595,0,False,,,,
1766731687.919679,0.3883032127158038,1.012947090573537,0.8884715139865875,0,False,,,,
1766731688.0959418,0.3883032127158038,1.012947090573537,0.8884715139865875,0,False,,,,
1766731688.1010802,0.3883032127158038,1.012947090573537,0.8884715139865875,0,False,,,,
1766731688.1037598,0.3883032127158038,1.012947090573537,0.8884715139865875,0,False,,,,
1766731688.105945,0.3883032127158038,1.012947090573537,0.8884715139865875,0,False,,,,
1766731688.108027,0.6058220162335297,1.0581269850946782,0.9575507640838623,0,False,,,,
1766731688.492955,0.6063963811821397,1.0575143171888903,0.9582107365131378,0,False,,,,
1766731688.4986298,0.6063963811821397,1.0575143171888903,0.9582107365131378,0,False,,,,
1766731688.503479,0.6063963811821397,1.0575143171888903,0.9582107365131378,0,False,,,,
1766731688.5060601,0.6063963811821397,1.0575143171888903,0.9582107365131378,0,False,,,,
1766731688.5087008,0.6029177626208058,1.0694536869541678,0.9099849164485931,0,False,,,,
1766731688.692721,0.597093512549451,1.0615661073465281,0.8613658547401428,0,False,,,,
1766731688.697571,0.597093512549451,1.0615661073465281,0.8613658547401428,0,False,,,,
1766731688.7034361,0.597093512549451,1.0615661073465281,0.8613658547401428,0,False,,,,
1766731688.705975,0.597093512549451,1.0615661073465281,0.8613658547401428,0,False,,,,
1766731688.70832,0.5865054073801999,1.0604897080891071,0.9411783218383789,0,False,,,,
1766731688.925972,0.5895114570253359,1.0586553841414315,0.9185992181301117,0,False,,,,
1766731688.932131,0.5895114570253359,1.0586553841414315,0.9185992181301117,0,False,,,,
1766731688.936959,0.5895114570253359,1.0586553841414315,0.9185992181301117,0,False,,,,
1766731688.939848,0.5895114570253359,1.0586553841414315,0.9185992181301117,0,False,,,,
1766731688.942116,0.41735987942800523,1.094164111796258,0.8913704752922058,0,False,,,,
1766731689.1904068,0.415456246643477,1.1003195461747548,0.8798405528068542,0,False,,,,
1766731689.1964521,0.40995826398031116,1.1093040592179297,0.9064518511295319,0,False,,,,
1766731689.201588,0.40995826398031116,1.1093040592179297,0.9064518511295319,0,False,,,,
1766731689.203862,0.40995826398031116,1.1093040592179297,0.9064518511295319,0,False,,,,
1766731689.205882,0.43395549611310874,1.149377036961002,0.881586492061615,0,False,,,,
1766731689.374027,0.43395549611310874,1.149377036961002,0.881586492061615,0,False,,,,
1766731689.378606,0.43395549611310874,1.149377036961002,0.881586492061615,0,False,,,,
1766731689.381535,0.43395549611310874,1.149377036961002,0.881586492061615,0,False,,,,
1766731689.3837812,0.43395549611310874,1.149377036961002,0.881586492061615,0,False,,,,
1766731689.385974,0.39252411708003104,1.2261071124232759,0.9373884797096252,0,False,,,,
1766731689.623019,0.39252411708003104,1.2261071124232759,0.9373884797096252,0,False,,,,
1766731689.628999,0.39258006222575775,1.2191867271917622,0.8794966638088226,0,False,,,,
1766731689.632169,0.39258006222575775,1.2191867271917622,0.8794966638088226,0,False,,,,
1766731689.637145,0.39258006222575775,1.2191867271917622,0.8794966638088226,0,False,,,,
1766731689.641385,0.40640103186552423,1.1629056930374586,0.8551774275302887,0,False,,,,
1766731689.835971,0.40640103186552423,1.1629056930374586,0.8551774275302887,0,False,,,,
1766731689.841353,0.40640103186552423,1.1629056930374586,0.8551774275302887,0,False,,,,
1766731689.843648,0.40640103186552423,1.1629056930374586,0.8551774275302887,0,False,,,,
1766731689.846077,0.40640103186552423,1.1629056930374586,0.8551774275302887,0,False,,,,
1766731689.848475,0.5506730756134375,0.9264564158730492,0.7962354004383088,0,False,,,,
1766731690.038879,0.5506730756134375,0.9264564158730492,0.7962354004383088,0,False,,,,
1766731690.0446038,0.5506730756134375,0.9264564158730492,0.7962354004383088,0,False,,,,
1766731690.047169,0.5506730756134375,0.9264564158730492,0.7962354004383088,0,False,,,,
1766731690.049547,0.5506730756134375,0.9264564158730492,0.7962354004383088,0,False,,,,
1766731690.0514922,0.5935032901010746,1.0105312124125254,0.7907035231590271,0,False,,,,
1766731690.279286,0.5935032901010746,1.0105312124125254,0.7907035231590271,0,False,,,,
1766731690.283398,0.5935032901010746,1.0105312124125254,0.7907035231590271,0,False,,,,
1766731690.285795,0.5935032901010746,1.0105312124125254,0.7907035231590271,0,False,,,,
1766731690.2880268,0.5935032901010746,1.0105312124125254,0.7907035231590271,0,False,,,,
1766731690.289888,0.5995961846945289,1.101130868103485,0.8434861600399017,0,False,,,,
1766731690.491637,0.5995961846945289,1.101130868103485,0.8434861600399017,0,False,,,,
1766731690.49735,0.6046163448718299,1.0757820311471968,0.7900195002555848,0,False,,,,
1766731690.500351,0.5960913258371418,1.106548277938784,0.8783600032329559,0,False,,,,
1766731690.502701,0.5960913258371418,1.106548277938784,0.8783600032329559,0,False,,,,
1766731690.505026,0.5511902798824474,0.9665605454904759,0.6,0,False,,,,
1766731690.706798,0.5511902798824474,0.9665605454904759,0.6,0,False,,,,
1766731690.7126698,0.5511902798824474,0.9665605454904759,0.6,0,False,,,,
1766731690.71522,0.5511902798824474,0.9665605454904759,0.6,0,False,,,,
1766731690.719378,0.5511902798824474,0.9665605454904759,0.6,0,False,,,,
1766731690.7218182,0.577431465763304,0.47084424704323435,1.0,0,False,,,,
1766731690.929573,0.577431465763304,0.47084424704323435,1.0,0,False,,,,
1766731690.935943,0.5583584111452357,0.4707636030347928,0.995974212884903,0,False,,,,
1766731690.9388218,0.5583584111452357,0.4707636030347928,0.995974212884903,0,False,,,,
1766731690.9415429,0.5583584111452357,0.4707636030347928,0.995974212884903,0,False,,,,
1766731690.946547,0.5164784460147763,0.4943726985700654,1.0,0,False,,,,
1766731691.123564,0.5164784460147763,0.4943726985700654,1.0,0,False,,,,
1766731691.129858,0.5164784460147763,0.4943726985700654,1.0,0,False,,,,
1766731691.132323,0.5164784460147763,0.4943726985700654,1.0,0,False,,,,
1766731691.135051,0.5157964703641451,0.4967180967021436,1.0,0,False,,,,
1766731691.138125,0.48895921220125754,0.4748097530543476,0.7002148914755464,1,False,,,,
1766731691.608758,0.5218168256153597,0.4088654048867526,0.5792007134264897,1,False,,,,
1766731691.61674,0.5218168256153597,0.4088654048867526,0.5792007134264897,1,False,,,,
1766731691.6196291,0.5218168256153597,0.4088654048867526,0.5792007134264897,1,False,,,,
1766731691.622081,0.5218168256153597,0.4088654048867526,0.5792007134264897,1,False,,,,
1766731691.624183,0.502179239415918,0.5017392885613853,0.7267639875904388,1,False,,,,
1766731691.949184,0.502179239415918,0.5017392885613853,0.7267639875904388,1,False,,,,
1766731691.9550579,0.502179239415918,0.5017392885613853,0.7267639875904388,1,False,,,,
1766731691.9579132,0.502179239415918,0.5017392885613853,0.7267639875904388,1,False,,,,
1766731691.9610062,0.502179239415918,0.5017392885613853,0.7267639875904388,1,False,,,,
1766731691.963115,0.4013757232558309,0.4549502404512519,0.3027079316618031,1,False,,,,
1766731692.215853,0.4013757232558309,0.4549502404512519,0.3027079316618031,1,False,,,,
1766731692.221749,0.4013757232558309,0.4549502404512519,0.3027079316618031,1,False,,,,
1766731692.2262452,0.4013757232558309,0.4549502404512519,0.3027079316618031,1,False,,,,
1766731692.228876,0.4013757232558309,0.4549502404512519,0.3027079316618031,1,False,,,,
1766731692.231049,0.6198772751973574,0.544652970381033,0.2742354217251486,1,False,,,,
1766731692.6288939,0.6198772751973574,0.544652970381033,0.2742354217251486,1,False,,,,
1766731692.6351922,0.6198772751973574,0.544652970381033,0.2742354217251486,1,False,,,,
1766731692.637963,0.6198772751973574,0.544652970381033,0.2742354217251486,1,False,,,,
1766731692.6403258,0.6198772751973574,0.544652970381033,0.2742354217251486,1,False,,,,
1766731692.642766,0.5538290079688095,0.46578329216440917,0.39304943351076516,1,False,,,,
1766731692.8917172,0.5538290079688095,0.46578329216440917,0.39304943351076516,1,False,,,,
1766731692.897093,0.5538290079688095,0.46578329216440917,0.39304943351076516,1,False,,,,
1766731692.89956,0.5538290079688095,0.46578329216440917,0.39304943351076516,1,False,,,,
1766731692.9019,0.5538290079688095,0.46578329216440917,0.39304943351076516,1,False,,,,
1766731692.9063091,0.5544693847242081,0.5085052750857947,0.5696807969204795,1,False,,,,
1766731693.182743,0.55477734330957,0.5064433502056082,0.5316596694059443,1,False,,,,
1766731693.1891048,0.55477734330957,0.5064433502056082,0.5316596694059443,1,False,,,,
1766731693.194368,0.55477734330957,0.5064433502056082,0.5316596694059443,1,False,,,,
1766731693.197205,0.55477734330957,0.5064433502056082,0.5316596694059443,1,False,,,,
1766731693.19937,0.4523632212803079,0.5639703610984204,0.7803885340690613,1,False,,,,
1766731693.506471,0.4523632212803079,0.5639703610984204,0.7803885340690613,1,False,,,,
1766731693.511502,0.4523632212803079,0.5639703610984204,0.7803885340690613,1,False,,,,
1766731693.514248,0.44847836006545067,0.5667686813704291,0.7394298315048218,1,False,,,,
1766731693.51683,0.44847836006545067,0.5667686813704291,0.7394298315048218,1,False,,,,
1766731693.519375,0.5664552769895748,0.6150913524132133,0.9210003912448883,1,False,,,,
1766731693.8291771,0.5664552769895748,0.6150913524132133,0.9210003912448883,1,False,,,,
1766731693.83374,0.5664552769895748,0.6150913524132133,0.9210003912448883,1,False,,,,
1766731693.836071,0.5664552769895748,0.6150913524132133,0.9210003912448883,1,False,,,,
1766731693.8382862,0.5664552769895748,0.6150913524132133,0.9210003912448883,1,False,,,,
1766731693.840736,0.5802613893711686,0.6840348609733587,0.9449394345283508,1,False,,,,
1766731694.38174,0.5802613893711686,0.6840348609733587,0.9449394345283508,1,False,,,,
1766731694.3873122,0.581309144413032,0.6819312042879048,0.9228669703006744,1,False,,,,
1766731694.3901482,0.581309144413032,0.6819312042879048,0.9228669703006744,1,False,,,,
1766731694.392756,0.581309144413032,0.6819312042879048,0.9228669703006744,1,False,,,,
1766731694.399081,0.5731210552611246,0.6668709631200508,0.9791681468486786,1,False,,,,
1766731694.977942,0.5731210552611246,0.6668709631200508,0.9791681468486786,1,False,,,,
1766731694.98299,0.5731210552611246,0.6668709631200508,0.9791681468486786,1,False,,,,
1766731694.985656,0.571261619929573,0.6646826544177595,0.9720050394535065,1,False,,,,
1766731694.991151,0.5709959356264276,0.6636232900303841,0.9699453413486481,1,False,,,,
1766731694.993953,0.5736794099111978,0.6507563562098432,1.0,1,False,,,,
1766731695.4816709,0.5736794099111978,0.6507563562098432,1.0,1,False,,,,
1766731695.48663,0.5736794099111978,0.6507563562098432,1.0,1,False,,,,
1766731695.49037,0.6149438105094988,0.6458364100784885,0.8,1,False,,,,
1766731695.492832,0.6164698846245777,0.6463093749351737,0.8,1,False,,,,
1766731695.4960918,0.5603796921932211,0.6673343078272047,0.9417892694473267,1,False,,,,
1766731695.977015,0.5603796921932211,0.6673343078272047,0.9417892694473267,1,False,,,,
1766731695.9822578,0.5603796921932211,0.6673343078272047,0.9417892694473267,1,False,,,,
1766731695.9848242,0.5603796921932211,0.6673343078272047,0.9417892694473267,1,False,,,,
1766731695.987434,0.5603796921932211,0.6673343078272047,0.9417892694473267,1,False,,,,
1766731695.990196,0.5513579284220278,0.65476002283679,0.9963091611862183,1,False,,,,
1766731696.3103318,0.5513579284220278,0.65476002283679,0.9963091611862183,1,False,,,,
1766731696.315331,0.5513579284220278,0.65476002283679,0.9963091611862183,1,False,,,,
1766731696.318593,0.5513579284220278,0.65476002283679,0.9963091611862183,1,False,,,,
1766731696.3207412,0.5513579284220278,0.65476002283679,0.9963091611862183,1,False,,,,
1766731696.322913,0.5753360826702728,0.679335689436179,0.9444289207458496,1,False,,,,
1766731696.639126,0.5753360826702728,0.679335689436179,0.9444289207458496,1,False,,,,
1766731696.645484,0.5753360826702728,0.679335689436179,0.9444289207458496,1,False,,,,
1766731696.648247,0.5753360826702728,0.679335689436179,0.9444289207458496,1,False,,,,
1766731696.650572,0.5753360826702728,0.679335689436179,0.9444289207458496,1,False,,,,
1766731696.652682,0.5508579517411683,0.6891158410909847,0.9746683835983276,1,False,,,,
1766731697.004435,0.5510360666627714,0.6889703210684527,1.0,1,False,,,,
1766731697.0104399,0.5510360666627714,0.6889703210684527,1.0,1,False,,,,
1766731697.0150862,0.5510360666627714,0.6889703210684527,1.0,1,False,,,,
1766731697.017621,0.5510360666627714,0.6889703210684527,1.0,1,False,,,,
1766731697.02032,0.524190495795718,0.608255963591425,0.9428691267967224,1,False,,,,
1766731697.545399,0.524190495795718,0.608255963591425,0.9428691267967224,1,False,,,,
1766731697.550563,0.524190495795718,0.608255963591425,0.9428691267967224,1,False,,,,
1766731697.553325,0.524190495795718,0.608255963591425,0.9428691267967224,1,False,,,,
1766731697.555435,0.524190495795718,0.608255963591425,0.9428691267967224,1,False,,,,
1766731697.557755,0.554697741487497,0.5815492376979866,0.9295911192893982,1,False,,,,
1766731697.815153,0.554697741487497,0.5815492376979866,0.9295911192893982,1,False,,,,
1766731697.8202891,0.554697741487497,0.5815492376979866,0.9295911192893982,1,False,,,,
1766731697.82269,0.554697741487497,0.5815492376979866,0.9295911192893982,1,False,,,,
1766731697.824878,0.554697741487497,0.5815492376979866,0.9295911192893982,1,False,,,,
1766731697.829658,0.5312292839904633,0.9828514758727673,0.6,1,False,,,,
1766731698.147488,0.5312292839904633,0.9828514758727673,0.6,1,False,,,,
1766731698.153549,0.5312292839904633,0.9828514758727673,0.6,1,False,,,,
1766731698.156332,0.5312292839904633,0.9828514758727673,0.6,1,False,,,,
1766731698.158695,0.5312292839904633,0.9828514758727673,0.6,1,False,,,,
1766731698.160773,0.5633665228073671,1.0953979456887326,0.7632436633110047,1,False,,,,
1766731698.4311,0.5633665228073671,1.0953979456887326,0.7632436633110047,1,False,,,,
1766731698.437284,0.5292240338049705,1.20321200109725,0.8688530623912811,1,False,,,,
1766731698.440723,0.5223247668833187,1.1724786172890516,0.7314153909683228,1,False,,,,
1766731698.443449,0.5223247668833187,1.1724786172890516,0.7314153909683228,1,False,,,,
1766731698.448929,0.5628614988674048,1.062853200558599,0.838355541229248,1,False,,,,
1766731698.7022731,0.5628614988674048,1.062853200558599,0.838355541229248,1,False,,,,
1766731698.707154,0.5634575573553329,1.053372408179872,0.8658375144004822,1,False,,,,
1766731698.710058,0.5634575573553329,1.053372408179872,0.8658375144004822,1,False,,,,
1766731698.712824,0.5634575573553329,1.053372408179872,0.8658375144004822,1,False,,,,
1766731698.71799,0.5445567725977983,1.0298130583975678,0.7890522480010986,1,False,,,,
1766731699.0008671,0.5445567725977983,1.0298130583975678,0.7890522480010986,1,False,,,,
1766731699.007822,0.5445567725977983,1.0298130583975678,0.7890522480010986,1,False,,,,
1766731699.010527,0.5439230126481991,1.0345116017867972,0.7151066064834595,1,False,,,,
1766731699.01359,0.5439230126481991,1.0345116017867972,0.7151066064834595,1,False,,,,
1766731699.016114,0.5599395667832175,1.0604110219180922,0.8701517581939697,1,False,,,,
1766731699.285873,0.5277013293715959,1.047255223531096,0.7742986083030701,1,False,,,,
1766731699.293037,0.5277013293715959,1.047255223531096,0.7742986083030701,1,False,,,,
1766731699.295819,0.5277013293715959,1.047255223531096,0.7742986083030701,1,False,,,,
1766731699.300044,0.5277013293715959,1.047255223531096,0.7742986083030701,1,False,,,,
1766731699.302357,0.5350360719209694,1.0630858441223467,0.7177159190177917,1,False,,,,
1766731699.6248,0.5350360719209694,1.0630858441223467,0.7177159190177917,1,False,,,,
1766731699.630854,0.5350360719209694,1.0630858441223467,0.7177159190177917,1,False,,,,
1766731699.633308,0.5350360719209694,1.0630858441223467,0.7177159190177917,1,False,,,,
1766731699.635537,0.5350360719209694,1.0630858441223467,0.7177159190177917,1,False,,,,
1766731699.638123,0.5852807296536477,1.0833310811043364,0.86103755235672,1,False,,,,
1766731699.91324,0.5591877168574602,1.0961088814943116,0.7220751047134399,1,False,,,,
1766731699.919693,0.5971087752890595,0.9075449615599962,1.0,1,False,,,,
1766731699.925426,0.5971087752890595,0.9075449615599962,1.0,1,False,,,,
1766731699.9283478,0.5971087752890595,0.9075449615599962,1.0,1,False,,,,
1766731699.93061,0.5647009247086426,0.8201934974728277,0.995,1,False,,,,
1766731700.4149618,0.5647009247086426,0.8201934974728277,0.995,1,False,,,,
1766731700.420516,0.5652635321275132,0.8218943887540066,0.99,1,False,,,,
1766731700.4230888,0.5652635321275132,0.8218943887540066,0.99,1,False,,,,
1766731700.42668,0.5652635321275132,0.8218943887540066,0.99,1,False,,,,
1766731700.432265,0.5739519238399928,0.5321602817151128,0.9906329214572906,1,False,,,,
1766731700.6753469,0.5739519238399928,0.5321602817151128,0.9906329214572906,1,False,,,,
1766731700.680985,0.5739519238399928,0.5321602817151128,0.9906329214572906,1,False,,,,
1766731700.683776,0.5739519238399928,0.5321602817151128,0.9906329214572906,1,False,,,,
1766731700.687114,0.5684815203812522,0.5297428474881294,1.0,1,False,,,,
1766731700.6894588,0.5571617040285983,0.9636690684877806,0.49423512304329764,1,False,,,,
1766731700.9288802,0.5571617040285983,0.9636690684877806,0.49423512304329764,1,False,,,,
1766731700.934155,0.5571617040285983,0.9636690684877806,0.49423512304329764,1,False,,,,
1766731700.9386292,0.5571617040285983,0.9636690684877806,0.49423512304329764,1,False,,,,
1766731700.941505,0.5571617040285983,0.9636690684877806,0.49423512304329764,1,False,,,,
1766731700.944035,0.5566520873676313,0.9414967667453191,0.6,1,False,,,,
1766731701.1833339,0.5566520873676313,0.9414967667453191,0.6,1,False,,,,
1766731701.191435,0.5567166608207288,0.9418424312139817,0.6,1,False,,,,
1766731701.196386,0.5567166608207288,0.9418424312139817,0.6,1,False,,,,
1766731701.1991,0.5567166608207288,0.9418424312139817,0.6,1,False,,,,
1766731701.201853,0.521752385557085,0.9815755577298486,0.7011539936065674,1,False,,,,
1766731702.078691,0.521752385557085,0.9815755577298486,0.7011539936065674,1,False,,,,
1766731702.084125,0.521752385557085,0.9815755577298486,0.7011539936065674,1,False,,,,
1766731702.086825,0.521752385557085,0.9815755577298486,0.7011539936065674,1,False,,,,
1766731702.090157,0.521752385557085,0.9815755577298486,0.7011539936065674,1,False,,,,
1766731702.0948858,0.47268901938095914,1.1314539944326154,0.9180888533592224,1,False,,,,
1766731702.667451,0.46207353509966087,1.1353550234745768,0.8809104561805725,1,False,,,,
1766731702.673646,0.46207353509966087,1.1353550234745768,0.8809104561805725,1,False,,,,
1766731702.678825,0.46207353509966087,1.1353550234745768,0.8809104561805725,1,False,,,,
1766731702.6816761,0.46207353509966087,1.1353550234745768,0.8809104561805725,1,False,,,,
1766731702.6845329,0.5258179812690101,1.0075366367943197,0.6,1,False,,,,
1766731703.046586,0.5258179812690101,1.0075366367943197,0.6,1,False,,,,
1766731703.052068,0.5258179812690101,1.0075366367943197,0.6,1,False,,,,
1766731703.0545979,0.5258179812690101,1.0075366367943197,0.6,1,False,,,,
1766731703.057141,0.5258179812690101,1.0075366367943197,0.6,1,False,,,,
1766731703.059594,0.5088627778110484,0.927818815926816,0.20055048996085978,1,False,,,,
1766731703.350935,0.5088627778110484,0.927818815926816,0.20055048996085978,1,False,,,,
1766731703.355686,0.5088627778110484,0.927818815926816,0.20055048996085978,1,False,,,,
1766731703.358328,0.5088627778110484,0.927818815926816,0.20055048996085978,1,False,,,,
1766731703.361079,0.5088627778110484,0.927818815926816,0.20055048996085978,1,False,,,,
1766731703.3637462,0.5276995753481881,0.6626623070157095,0.9647051990032196,2,False,,,,
1766731703.803956,0.5196161576879895,0.6310083419528921,1.0,2,False,,,,
1766731703.8116732,0.5196161576879895,0.6310083419528921,1.0,2,False,,,,
1766731703.818364,0.5196161576879895,0.6310083419528921,1.0,2,False,,,,
1766731703.8212879,0.5196161576879895,0.6310083419528921,1.0,2,False,,,,
1766731703.823887,0.4110226712728832,0.5539566510796938,0.36815141735168827,2,False,,,,
1766731704.157065,0.4110226712728832,0.5539566510796938,0.36815141735168827,2,False,,,,
1766731704.163679,0.4110226712728832,0.5539566510796938,0.36815141735168827,2,False,,,,
1766731704.1664572,0.4110226712728832,0.5539566510796938,0.36815141735168827,2,False,,,,
1766731704.1719549,0.09578976573656481,0.6044035548266736,0.21079588415784256,2,False,,,,
1766731704.176095,0.6123051610500772,0.24438661112066962,1.0,2,True,0.5398479700088501,0.06341683864593506,0.09937191009521484,0.20911602675914764
1766731704.5172942,0.60743923516851,0.252544904328872,1.0,2,True,0.5398479700088501,0.06341683864593506,0.09937191009521484,0.20911602675914764
1766731704.524085,0.60743923516851,0.252544904328872,1.0,2,True,0.5398479700088501,0.06341683864593506,0.09937191009521484,0.20911602675914764
1766731704.526811,0.60743923516851,0.252544904328872,1.0,2,True,0.5398479700088501,0.06341683864593506,0.09937191009521484,0.20911602675914764
1766731704.529224,0.60743923516851,0.252544904328872,1.0,2,True,0.5398479700088501,0.06341683864593506,0.09937191009521484,0.20911602675914764
1766731704.531568,0.6036523667377116,0.26121965514791756,1.0,2,True,0.5194180607795715,0.1635928750038147,0.0984107032418251,0.20029711723327637
1766731704.833699,0.6036523667377116,0.26121965514791756,1.0,2,True,0.5194180607795715,0.1635928750038147,0.0984107032418251,0.20029711723327637
1766731704.8397498,0.6036523667377116,0.26121965514791756,1.0,2,True,0.5194180607795715,0.1635928750038147,0.0984107032418251,0.20029711723327637
1766731704.843311,0.6017292729058933,0.26124107469986724,1.0,2,True,0.5194180607795715,0.1635928750038147,0.0984107032418251,0.20029711723327637
1766731704.847338,0.6017292729058933,0.26124107469986724,1.0,2,True,0.5194180607795715,0.1635928750038147,0.0984107032418251,0.20029711723327637
1766731704.854541,0.6109303217325047,0.2554272007234506,1.0,1,True,0.511812686920166,0.1713719218969345,0.10112199932336807,0.19785656034946442
1766731705.2658088,0.6109303217325047,0.2554272007234506,1.0,1,True,0.511812686920166,0.1713719218969345,0.10112199932336807,0.19785656034946442
1766731705.272352,0.6359857360386721,0.2960278908398216,1.0,1,False,,,,
1766731705.276077,0.6127127692160573,0.2513887168600013,1.0,1,True,0.511812686920166,0.1713719218969345,0.10112199932336807,0.19785656034946442
1766731705.278816,0.6127127692160573,0.2513887168600013,1.0,1,True,0.511812686920166,0.1713719218969345,0.10112199932336807,0.19785656034946442
1766731705.2852259,0.6415568707817364,0.2722715618676048,1.0,1,False,,,,
1766731705.5747972,0.6415568707817364,0.2722715618676048,1.0,1,False,,,,
1766731705.582165,0.6416994460896448,0.27489053601595637,1.0,1,False,,,,
1766731705.5853062,0.6416994460896448,0.27489053601595637,1.0,1,False,,,,
1766731705.591989,0.6416994460896448,0.27489053601595637,1.0,1,False,,,,
1766731705.594827,0.5296176210372951,0.38160047024570964,0.7448803018865614,1,False,,,,
1766731705.8603241,0.5296176210372951,0.38160047024570964,0.7448803018865614,1,False,,,,
1766731705.866564,0.5296176210372951,0.38160047024570964,0.7448803018865614,1,False,,,,
1766731705.8715389,0.5296176210372951,0.38160047024570964,0.7448803018865614,1,False,,,,
1766731705.8739688,0.5296176210372951,0.38160047024570964,0.7448803018865614,1,False,,,,
1766731705.876333,0.498228942858121,0.7457487972044229,0.9168498814105988,1,False,,,,
1766731706.188503,0.4938080300166356,0.6951788738046485,0.8405248522758484,1,False,,,,
1766731706.195054,0.4938080300166356,0.6951788738046485,0.8405248522758484,1,False,,,,
1766731706.200672,0.4938080300166356,0.6951788738046485,0.8405248522758484,1,False,,,,
1766731706.203439,0.4938080300166356,0.6951788738046485,0.8405248522758484,1,False,,,,
1766731706.205782,0.5028514661601392,0.6710112064690942,0.9133175015449524,1,False,,,,
1766731706.5240939,0.5028514661601392,0.6710112064690942,0.9133175015449524,1,False,,,,
1766731706.529959,0.5028514661601392,0.6710112064690942,0.9133175015449524,1,False,,,,
1766731706.532823,0.5028514661601392,0.6710112064690942,0.9133175015449524,1,False,,,,
1766731706.5349739,0.5028514661601392,0.6710112064690942,0.9133175015449524,1,False,,,,
1766731706.5399501,0.4786017824700325,0.6728921691928829,1.0,1,False,,,,
1766731707.0820632,0.4786017824700325,0.6728921691928829,1.0,1,False,,,,
1766731707.087946,0.4906806515057303,0.6421619465150551,0.9572489857673645,1,False,,,,
1766731707.0907269,0.4906806515057303,0.6421619465150551,0.9572489857673645,1,False,,,,
1766731707.097406,0.4906806515057303,0.6421619465150551,0.9572489857673645,1,False,,,,
1766731707.10009,0.4408054106610101,0.6491559007091059,1.0,1,False,,,,
1766731707.4767108,0.4408054106610101,0.6491559007091059,1.0,1,False,,,,
1766731707.482002,0.4408054106610101,0.6491559007091059,1.0,1,False,,,,
1766731707.484672,0.44046053448287426,0.6489123709191049,1.0,1,False,,,,
1766731707.487187,0.43889091254438944,0.6464811808318234,1.0,1,False,,,,
1766731707.489669,0.42933855544681254,0.6411173862100626,1.0,1,False,,,,
1766731707.7575738,0.4603422784503598,0.6077618499951918,0.9691300392150879,1,False,,,,
1766731707.763343,0.4603422784503598,0.6077618499951918,0.9691300392150879,1,False,,,,
1766731707.769032,0.4603422784503598,0.6077618499951918,0.9691300392150879,1,False,,,,
1766731707.7716842,0.4603422784503598,0.6077618499951918,0.9691300392150879,1,False,,,,
1766731707.774038,0.48408459560591866,0.6318583649094286,1.0,1,False,,,,
1766731708.0527842,0.48408459560591866,0.6318583649094286,1.0,1,False,,,,
1766731708.058111,0.4671104461916154,0.6563763570465746,1.0,1,False,,,,
1766731708.061116,0.46721627009799127,0.6551288318393469,1.0,1,False,,,,
1766731708.0635982,0.46721627009799127,0.6551288318393469,1.0,1,False,,,,
1766731708.0697038,0.4538837614624109,0.6631765838652514,1.0,0,False,,,,
1766731708.247322,0.4538837614624109,0.6631765838652514,1.0,0,False,,,,
1766731708.252714,0.4538837614624109,0.6631765838652514,1.0,0,False,,,,
1766731708.255096,0.4538837614624109,0.6631765838652514,1.0,0,False,,,,
1766731708.261018,0.45296275145888815,0.6626792406251623,1.0,0,False,,,,
1766731708.264181,0.48689945578031324,0.6435714330045419,1.0,0,False,,,,
1766731708.454417,0.48689945578031324,0.6435714330045419,1.0,0,False,,,,
1766731708.460029,0.47756366087961544,0.6672738925445283,1.0,0,False,,,,
1766731708.463229,0.47756366087961544,0.6672738925445283,1.0,0,False,,,,
1766731708.4685388,0.47756366087961544,0.6672738925445283,1.0,0,False,,,,
1766731708.471151,0.4544557302081789,0.6542853793288046,1.0,0,False,,,,
1766731708.663431,0.4729873524163583,0.6343548389482837,1.0,0,False,,,,
1766731708.669216,0.4729873524163583,0.6343548389482837,1.0,0,False,,,,
1766731708.6763039,0.4729873524163583,0.6343548389482837,1.0,0,False,,,,
1766731708.678904,0.4729873524163583,0.6343548389482837,1.0,0,False,,,,
1766731708.681344,0.47241669546171006,0.6505554113899837,1.0,0,False,,,,
1766731708.9123871,0.47241669546171006,0.6505554113899837,1.0,0,False,,,,
1766731708.917763,0.47241669546171006,0.6505554113899837,1.0,0,False,,,,
1766731708.92066,0.47241669546171006,0.6505554113899837,1.0,0,False,,,,
1766731708.92291,0.47241669546171006,0.6505554113899837,1.0,0,False,,,,
1766731708.925168,0.4895491105987996,0.7007115626752431,0.9972992837429047,0,False,,,,
1766731709.420774,0.4895491105987996,0.7007115626752431,0.9972992837429047,0,False,,,,
1766731709.426282,0.4895491105987996,0.7007115626752431,0.9972992837429047,0,False,,,,
1766731709.429816,0.49398158150146027,0.6738448672819766,1.0,0,False,,,,
1766731709.4326909,0.4904087914183359,0.6983972407630308,1.0,0,False,,,,
1766731709.435482,0.5127552231398539,0.6965570467346082,0.9856436848640442,0,False,,,,
1766731709.631968,0.5127552231398539,0.6965570467346082,0.9856436848640442,0,False,,,,
1766731709.638199,0.5129253988604834,0.6975088978107027,0.9890742599964142,0,False,,,,
1766731709.643841,0.5129253988604834,0.6975088978107027,0.9890742599964142,0,False,,,,
1766731709.650083,0.5129253988604834,0.6975088978107027,0.9890742599964142,0,False,,,,
1766731709.6527019,0.5358829445422143,0.6995068146100365,0.9856070876121521,0,False,,,,
1766731709.834889,0.5199438939694275,0.6720368831097304,1.0,0,False,,,,
1766731709.84127,0.5199438939694275,0.6720368831097304,1.0,0,False,,,,
1766731709.847511,0.5199438939694275,0.6720368831097304,1.0,0,False,,,,
1766731709.8499641,0.5199438939694275,0.6720368831097304,1.0,0,False,,,,
1766731709.8522592,0.4892207315489546,0.6804688981177726,1.0,0,False,,,,
1766731710.150291,0.4892207315489546,0.6804688981177726,1.0,0,False,,,,
1766731710.155494,0.4892207315489546,0.6804688981177726,1.0,0,False,,,,
1766731710.158043,0.4892207315489546,0.6804688981177726,1.0,0,False,,,,
1766731710.160139,0.4892207315489546,0.6804688981177726,1.0,0,False,,,,
1766731710.165109,0.5059971142134568,0.6511449126858567,1.0,0,False,,,,
1766731710.367931,0.5059971142134568,0.6511449126858567,1.0,0,False,,,,
1766731710.373632,0.5059274296991543,0.6219942291607351,0.9938822388648987,0,False,,,,
1766731710.3772101,0.5059274296991543,0.6219942291607351,0.9938822388648987,0,False,,,,
1766731710.3839638,0.5059274296991543,0.6219942291607351,0.9938822388648987,0,False,,,,
1766731710.3864949,0.5000145426622903,0.643691522873134,1.0,0,False,,,,
1766731710.58605,0.5000145426622903,0.643691522873134,1.0,0,False,,,,
1766731710.591369,0.5000145426622903,0.643691522873134,1.0,0,False,,,,
1766731710.593777,0.5000145426622903,0.643691522873134,1.0,0,False,,,,
1766731710.595838,0.5000145426622903,0.643691522873134,1.0,0,False,,,,
1766731710.5980392,0.3619334159736166,0.7239786663650829,1.0,1,False,,,,
1766731710.903281,0.3619334159736166,0.7239786663650829,1.0,1,False,,,,
1766731710.909183,0.5014507352380749,1.2051401459354099,0.995,1,False,,,,
1766731710.911733,0.5014507352380749,1.2051401459354099,0.995,1,False,,,,
1766731710.917176,0.5014507352380749,1.2051401459354099,0.995,1,False,,,,
1766731710.9195871,0.5253729201537692,1.090074474181001,0.8,0,False,,,,
1766731711.132442,0.5253729201537692,1.090074474181001,0.8,0,False,,,,
1766731711.1466749,0.5274027332988975,1.0866559941849339,0.8,0,False,,,,
1766731711.152501,0.5274027332988975,1.0866559941849339,0.8,0,False,,,,
1766731711.1550238,0.5274027332988975,1.0866559941849339,0.8,0,False,,,,
1766731711.157099,0.5215771330961821,0.9753160404685259,0.6,0,False,,,,
1766731711.345935,0.5090116224261555,1.1176772853341226,0.7778791189193726,0,False,,,,
1766731711.353353,0.5090116224261555,1.1176772853341226,0.7778791189193726,0,False,,,,
1766731711.357999,0.5090116224261555,1.1176772853341226,0.7778791189193726,0,False,,,,
1766731711.3622882,0.5090116224261555,1.1176772853341226,0.7778791189193726,0,False,,,,
1766731711.3645089,0.5633764860276707,1.040949757516472,1.0,0,False,,,,
1766731711.555001,0.5633764860276707,1.040949757516472,1.0,0,False,,,,
1766731711.5608141,0.5633764860276707,1.040949757516472,1.0,0,False,,,,
1766731711.56323,0.5633764860276707,1.040949757516472,1.0,0,False,,,,
1766731711.565532,0.5633764860276707,1.040949757516472,1.0,0,False,,,,
1766731711.5681012,0.5519732284574473,0.9820497925124227,1.0,0,False,,,,
1766731711.7698328,0.5519732284574473,0.9820497925124227,1.0,0,False,,,,
1766731711.7763782,0.5527331413096768,0.9808504897839503,1.0,0,False,,,,
1766731711.7790809,0.5451869546917434,1.0861450747349937,0.3596432021127989,0,False,,,,
1766731711.781684,0.5451869546917434,1.0861450747349937,0.3596432021127989,0,False,,,,
1766731711.784279,0.4834410315535605,1.0523626684988865,0.8778447508811951,0,False,,,,
1766731711.979336,0.48295745766076104,1.058449239178582,0.7390466928482056,0,False,,,,
1766731711.983988,0.48295745766076104,1.058449239178582,0.7390466928482056,0,False,,,,
1766731711.98878,0.48295745766076104,1.058449239178582,0.7390466928482056,0,False,,,,
1766731711.991615,0.48295745766076104,1.058449239178582,0.7390466928482056,0,False,,,,
1766731711.994226,0.42705225011688974,1.078710082234423,0.8517822325229645,0,False,,,,
1766731712.213323,0.4295555909379855,1.0783712434241435,0.887315958738327,0,False,,,,
1766731712.218187,0.4293290446096328,1.0792431770600388,0.8797163367271423,0,False,,,,
1766731712.2232552,0.4293290446096328,1.0792431770600388,0.8797163367271423,0,False,,,,
1766731712.226156,0.4293290446096328,1.0792431770600388,0.8797163367271423,0,False,,,,
1766731712.2283368,0.5409108354711426,1.0923441789235357,0.36682293184769876,0,False,,,,
1766731712.4458969,0.5212788668304813,0.988479137988299,1.0,0,False,,,,
1766731712.452388,0.5212788668304813,0.988479137988299,1.0,0,False,,,,
1766731712.458246,0.5212788668304813,0.988479137988299,1.0,0,False,,,,
1766731712.460293,0.5212788668304813,0.988479137988299,1.0,0,False,,,,
1766731712.4624152,0.4262696018432667,1.090818420064462,0.701931893825531,0,False,,,,
1766731712.640786,0.4262696018432667,1.090818420064462,0.701931893825531,0,False,,,,
1766731712.6456058,0.42287178520763985,1.1184375974296115,0.8589303195476532,0,False,,,,
1766731712.6486132,0.4272580173792573,1.0919816717559119,0.7178606390953064,0,False,,,,
1766731712.6515331,0.4272580173792573,1.0919816717559119,0.7178606390953064,0,False,,,,
1766731712.6562428,0.4405005361790697,0.969409122529529,0.7170504331588745,0,False,,,,
1766731712.9180028,0.44536093396450643,0.9924040750230113,0.8779066801071167,0,False,,,,
1766731712.922647,0.44536093396450643,0.9924040750230113,0.8779066801071167,0,False,,,,
1766731712.926833,0.44536093396450643,0.9924040750230113,0.8779066801071167,0,False,,,,
1766731712.932168,0.44536093396450643,0.9924040750230113,0.8779066801071167,0,False,,,,
1766731712.936173,0.47717180361872913,0.8883853755930815,0.8752993941307068,0,False,,,,
1766731713.098185,0.47717180361872913,0.8883853755930815,0.8752993941307068,0,False,,,,
1766731713.102537,0.47717180361872913,0.8883853755930815,0.8752993941307068,0,False,,,,
1766731713.104743,0.47717180361872913,0.8883853755930815,0.8752993941307068,0,False,,,,
1766731713.107081,0.47717180361872913,0.8883853755930815,0.8752993941307068,0,False,,,,
1766731713.109345,0.4711735414578473,0.880191877150867,0.9218238592147827,0,False,,,,
1766731713.260758,0.4711735414578473,0.880191877150867,0.9218238592147827,0,False,,,,
1766731713.265391,0.4711735414578473,0.880191877150867,0.9218238592147827,0,False,,,,
1766731713.26761,0.4711735414578473,0.880191877150867,0.9218238592147827,0,False,,,,
1766731713.269942,0.4711735414578473,0.880191877150867,0.9218238592147827,0,False,,,,
1766731713.2724,0.440916694931959,0.6682625796629532,0.49388771148699073,0,False,,,,
1766731713.493881,0.440916694931959,0.6682625796629532,0.49388771148699073,0,False,,,,
1766731713.4988768,0.440916694931959,0.6682625796629532,0.49388771148699073,0,False,,,,
1766731713.501251,0.440916694931959,0.6682625796629532,0.49388771148699073,0,False,,,,
1766731713.503457,0.440916694931959,0.6682625796629532,0.49388771148699073,0,False,,,,
1766731713.505783,0.502252453619288,0.5412564528592385,0.7841819524765015,0,False,,,,
1766731714.325684,0.4442850460077059,0.6883055335556366,0.9117772281169891,0,False,,,,
1766731714.334773,0.4442850460077059,0.6883055335556366,0.9117772281169891,0,False,,,,
1766731714.340433,0.4442850460077059,0.6883055335556366,0.9117772281169891,0,False,,,,
1766731714.343307,0.4442850460077059,0.6883055335556366,0.9117772281169891,0,False,,,,
1766731714.345932,0.43417182420553474,0.7556374736558621,1.0,1,False,,,,
1766731714.6361432,0.43417182420553474,0.7556374736558621,1.0,1,False,,,,
1766731714.6428401,0.43417182420553474,0.7556374736558621,1.0,1,False,,,,
1766731714.645684,0.43417182420553474,0.7556374736558621,1.0,1,False,,,,
1766731714.650547,0.43417182420553474,0.7556374736558621,1.0,1,False,,,,
1766731714.653358,0.4385115425652171,0.7265743785111836,1.0,1,False,,,,
1766731714.9168289,0.4385115425652171,0.7265743785111836,1.0,1,False,,,,
1766731714.9226382,0.4385115425652171,0.7265743785111836,1.0,1,False,,,,
1766731714.9257321,0.45555374794262776,0.6950863208724798,1.0,1,False,,,,
1766731714.9294899,0.43916581866645454,0.7224400629891565,1.0,1,False,,,,
1766731714.932679,0.4489398680877462,0.7560148640233731,1.0,1,False,,,,
1766731715.187762,0.4489398680877462,0.7560148640233731,1.0,1,False,,,,
1766731715.193482,0.4567499766205045,0.6868807416839493,1.0,1,False,,,,
1766731715.1964889,0.4531326509236927,0.7623165915587103,1.0,1,False,,,,
1766731715.200342,0.4531326509236927,0.7623165915587103,1.0,1,False,,,,
1766731715.2071922,0.4788091245846594,0.7139148334009643,1.0,1,False,,,,
1766731715.6729321,0.4788091245846594,0.7139148334009643,1.0,1,False,,,,
1766731715.67853,0.4788091245846594,0.7139148334009643,1.0,1,False,,,,
1766731715.681228,0.4788091245846594,0.7139148334009643,1.0,1,False,,,,
1766731715.684095,0.4788091245846594,0.7139148334009643,1.0,1,False,,,,
1766731715.686425,0.4874631917025676,0.7470999741263026,0.987395852804184,1,False,,,,
1766731715.942546,0.4874631917025676,0.7470999741263026,0.987395852804184,1,False,,,,
1766731715.9480152,0.4874631917025676,0.7470999741263026,0.987395852804184,1,False,,,,
1766731715.950809,0.4874631917025676,0.7470999741263026,0.987395852804184,1,False,,,,
1766731715.953548,0.4874631917025676,0.7470999741263026,0.987395852804184,1,False,,,,
1766731715.95616,0.48286615594860705,0.7439489936371481,0.9955170750617981,1,False,,,,
1766731716.2399669,0.47976935067119114,0.7538099221468679,0.9880475103855133,1,False,,,,
1766731716.2467341,0.47976935067119114,0.7538099221468679,0.9880475103855133,1,False,,,,
1766731716.251424,0.47976935067119114,0.7538099221468679,0.9880475103855133,1,False,,,,
1766731716.2539551,0.47976935067119114,0.7538099221468679,0.9880475103855133,1,False,,,,
1766731716.2565708,0.48516640454847587,0.7234404594669727,0.9692423939704895,1,False,,,,
1766731716.5400362,0.4791151800262593,0.7354203534741045,0.9449786841869354,1,False,,,,
1766731716.546131,0.4791151800262593,0.7354203534741045,0.9449786841869354,1,False,,,,
1766731716.551779,0.4791151800262593,0.7354203534741045,0.9449786841869354,1,False,,,,
1766731716.5545862,0.4791151800262593,0.7354203534741045,0.9449786841869354,1,False,,,,
1766731716.55698,0.48321346657186404,0.7401558443042794,1.0,1,False,,,,
1766731716.854532,0.48321346657186404,0.7401558443042794,1.0,1,False,,,,
1766731716.860276,0.48321346657186404,0.7401558443042794,1.0,1,False,,,,
1766731716.863093,0.48321346657186404,0.7401558443042794,1.0,1,False,,,,
1766731716.865837,0.48321346657186404,0.7401558443042794,1.0,1,False,,,,
1766731716.870992,0.49139969515412296,0.7265362315251611,0.9886896908283234,1,False,,,,
1766731717.1478279,0.49139969515412296,0.7265362315251611,0.9886896908283234,1,False,,,,
1766731717.153536,0.49139969515412296,0.7265362315251611,0.9886896908283234,1,False,,,,
1766731717.156151,0.49139969515412296,0.7265362315251611,0.9886896908283234,1,False,,,,
1766731717.158745,0.49139969515412296,0.7265362315251611,0.9886896908283234,1,False,,,,
1766731717.161217,0.4819193940602955,0.7075947867784448,0.962486207485199,1,False,,,,
1766731717.455986,0.4819193940602955,0.7075947867784448,0.962486207485199,1,False,,,,
1766731717.46135,0.4819193940602955,0.7075947867784448,0.962486207485199,1,False,,,,
1766731717.464,0.4819193940602955,0.7075947867784448,0.962486207485199,1,False,,,,
1766731717.466568,0.4819193940602955,0.7075947867784448,0.962486207485199,1,False,,,,
1766731717.469395,0.4999049215666146,0.7267335926205913,0.9772871136665344,1,False,,,,
1766731717.8191931,0.4999049215666146,0.7267335926205913,0.9772871136665344,1,False,,,,
1766731717.824449,0.4999049215666146,0.7267335926205913,0.9772871136665344,1,False,,,,
1766731717.826893,0.4999049215666146,0.7267335926205913,0.9772871136665344,1,False,,,,
1766731717.8298051,0.4999049215666146,0.7267335926205913,0.9772871136665344,1,False,,,,
1766731717.83242,0.4701493826064496,0.6852016216990794,0.9745822548866272,1,False,,,,
1766731718.187763,0.4701493826064496,0.6852016216990794,0.9745822548866272,1,False,,,,
1766731718.1933398,0.4701493826064496,0.6852016216990794,0.9745822548866272,1,False,,,,
1766731718.195976,0.4701493826064496,0.6852016216990794,0.9745822548866272,1,False,,,,
1766731718.198496,0.4701493826064496,0.6852016216990794,0.9745822548866272,1,False,,,,
1766731718.201159,0.4900718162269106,0.7000782261017185,0.9314471185207367,1,False,,,,
1766731718.534613,0.4900718162269106,0.7000782261017185,0.9314471185207367,1,False,,,,
1766731718.539986,0.4900718162269106,0.7000782261017185,0.9314471185207367,1,False,,,,
1766731718.542979,0.4900718162269106,0.7000782261017185,0.9314471185207367,1,False,,,,
1766731718.548851,0.5011658472274549,0.6879294240149221,1.0,1,False,,,,
1766731718.551612,0.47707154975986243,0.6807439410181186,0.9614818692207336,1,False,,,,
1766731718.847805,0.477976007395684,0.6774104473770944,0.933833658695221,1,False,,,,
1766731718.8541079,0.477976007395684,0.6774104473770944,0.933833658695221,1,False,,,,
1766731718.860729,0.477976007395684,0.6774104473770944,0.933833658695221,1,False,,,,
1766731718.8636339,0.477976007395684,0.6774104473770944,0.933833658695221,1,False,,,,
1766731718.865815,0.528451828064821,0.7455130263457515,0.9550835192203522,1,False,,,,
1766731719.558943,0.528451828064821,0.7455130263457515,0.9550835192203522,1,False,,,,
1766731719.5653021,0.528451828064821,0.7455130263457515,0.9550835192203522,1,False,,,,
1766731719.5679061,0.528451828064821,0.7455130263457515,0.9550835192203522,1,False,,,,
1766731719.5703108,0.528451828064821,0.7455130263457515,0.9550835192203522,1,False,,,,
1766731719.572809,0.49903635239487587,0.7194751368544868,0.9304805099964142,1,False,,,,
1766731719.960108,0.49929971229899656,0.7083195806256981,0.9687171578407288,1,False,,,,
1766731719.96578,0.49929971229899656,0.7083195806256981,0.9687171578407288,1,False,,,,
1766731719.968839,0.49929971229899656,0.7083195806256981,0.9687171578407288,1,False,,,,
1766731719.9712682,0.49929971229899656,0.7083195806256981,0.9687171578407288,1,False,,,,
1766731719.973711,0.5232846705910178,0.7346451749157704,0.9660142064094543,1,False,,,,
1766731720.382122,0.5232846705910178,0.7346451749157704,0.9660142064094543,1,False,,,,
1766731720.38752,0.5232846705910178,0.7346451749157704,0.9660142064094543,1,False,,,,
1766731720.3905978,0.5246662564388234,0.7313494614955565,0.8927717208862305,1,False,,,,
1766731720.393054,0.5246662564388234,0.7313494614955565,0.8927717208862305,1,False,,,,
1766731720.3957639,0.509792849666235,0.7219042315330325,0.9637792408466339,0,False,,,,
1766731720.6109881,0.509792849666235,0.7219042315330325,0.9637792408466339,0,False,,,,
1766731720.6158779,0.509792849666235,0.7219042315330325,0.9637792408466339,0,False,,,,
1766731720.620817,0.5109061612178128,0.7103116485498014,0.8753359317779541,0,False,,,,
1766731720.624017,0.5087851027032153,0.7198477757289103,0.9004283547401428,0,False,,,,
1766731720.627562,0.4845768790181716,0.7098624322591438,0.9930447936058044,0,False,,,,
1766731720.8434749,0.4845768790181716,0.7098624322591438,0.9930447936058044,0,False,,,,
1766731720.84866,0.4845768790181716,0.7098624322591438,0.9930447936058044,0,False,,,,
1766731720.851082,0.4845768790181716,0.7098624322591438,0.9930447936058044,0,False,,,,
1766731720.8535502,0.4845768790181716,0.7098624322591438,0.9930447936058044,0,False,,,,
1766731720.8563561,0.5056431108873309,1.1493870077485213,0.8595212996006012,0,False,,,,
1766731721.035229,0.5056431108873309,1.1493870077485213,0.8595212996006012,0,False,,,,
1766731721.040912,0.5056431108873309,1.1493870077485213,0.8595212996006012,0,False,,,,
1766731721.0435252,0.5056431108873309,1.1493870077485213,0.8595212996006012,0,False,,,,
1766731721.045681,0.5056431108873309,1.1493870077485213,0.8595212996006012,0,False,,,,
1766731721.050116,0.48551817560199817,0.9642587385078116,0.5456200854865593,0,False,,,,
1766731721.27122,0.48551817560199817,0.9642587385078116,0.5456200854865593,0,False,,,,
1766731721.2769868,0.48551817560199817,0.9642587385078116,0.5456200854865593,0,False,,,,
1766731721.2796779,0.48551817560199817,0.9642587385078116,0.5456200854865593,0,False,,,,
1766731721.282099,0.48551817560199817,0.9642587385078116,0.5456200854865593,0,False,,,,
1766731721.28491,0.36529435046532804,1.1685803593317736,0.8731434047222137,0,False,,,,
1766731721.495661,0.4020543814099445,1.1648029035522938,0.9105274677276611,0,False,,,,
1766731721.501787,0.4020543814099445,1.1648029035522938,0.9105274677276611,0,False,,,,
1766731721.5082638,0.4020543814099445,1.1648029035522938,0.9105274677276611,0,False,,,,
1766731721.510734,0.4020543814099445,1.1648029035522938,0.9105274677276611,0,False,,,,
1766731721.512933,0.5419482372577124,1.1228649931542545,0.8,0,False,,,,
1766731722.316152,0.5419482372577124,1.1228649931542545,0.8,0,False,,,,
1766731722.3199282,0.5419482372577124,1.1228649931542545,0.8,0,False,,,,
1766731722.322025,0.5419482372577124,1.1228649931542545,0.8,0,False,,,,
1766731722.324425,0.5419482372577124,1.1228649931542545,0.8,0,False,,,,
1766731722.326512,0.3214440995236455,0.8072874261174948,0.995,0,False,,,,
1766731722.565978,0.36923085274956396,0.927890225430426,0.8637602925300598,0,False,,,,
1766731722.5732732,0.36923085274956396,0.927890225430426,0.8637602925300598,0,False,,,,
1766731722.580823,0.36923085274956396,0.927890225430426,0.8637602925300598,0,False,,,,
1766731722.583644,0.36923085274956396,0.927890225430426,0.8637602925300598,0,False,,,,
1766731722.585749,0.3957149890179185,0.7151282258006272,1.0,0,False,,,,
1766731722.821456,0.3957149890179185,0.7151282258006272,1.0,0,False,,,,
1766731722.827568,0.3957149890179185,0.7151282258006272,1.0,0,False,,,,
1766731722.8299892,0.3957149890179185,0.7151282258006272,1.0,0,False,,,,
1766731722.834167,0.41778508761278055,0.6677414067309339,1.0,0,False,,,,
1766731722.836742,0.46304670267076986,0.8248792440771087,1.0,0,False,,,,
1766731723.048683,0.46304670267076986,0.8248792440771087,1.0,0,False,,,,
1766731723.053611,0.46304670267076986,0.8248792440771087,1.0,0,False,,,,
1766731723.0560288,0.46304670267076986,0.8248792440771087,1.0,0,False,,,,
1766731723.0581539,0.46304670267076986,0.8248792440771087,1.0,0,False,,,,
1766731723.060519,0.5188059947482608,0.6881517789076764,0.9358133029937744,0,False,,,,
1766731723.261258,0.5188059947482608,0.6881517789076764,0.9358133029937744,0,False,,,,
1766731723.265522,0.5188059947482608,0.6881517789076764,0.9358133029937744,0,False,,,,
1766731723.2684858,0.4167772634423731,0.5850024051826312,0.31350828111462214,0,False,,,,
1766731723.270835,0.3948040775280667,0.6779998264278835,0.3221794035749704,0,False,,,,
1766731723.273064,0.5454413553517818,0.3905728062965004,1.0,0,False,,,,
1766731723.4944,0.5454413553517818,0.3905728062965004,1.0,0,False,,,,
1766731723.501302,0.5454413553517818,0.3905728062965004,1.0,0,False,,,,
1766731723.503988,0.5763766495104549,0.34014039283561415,1.0,0,False,,,,
1766731723.506538,0.5738160267874834,0.3720607286655033,1.0,0,False,,,,
1766731723.508986,0.534805178439471,0.4582134535424257,0.995,0,False,,,,
1766731723.6987011,0.534805178439471,0.4582134535424257,0.995,0,False,,,,
1766731723.704658,0.5313587252843617,0.5093148292875872,0.995,0,False,,,,
1766731723.7072551,0.5265131231457693,0.5755655136004516,0.995,0,False,,,,
1766731723.7097359,0.5265131231457693,0.5755655136004516,0.995,0,False,,,,
1766731723.713376,0.43117477062469123,0.9542751571057771,0.9088131487369537,0,False,,,,
1766731723.92363,0.43117477062469123,0.9542751571057771,0.9088131487369537,0,False,,,,
1766731723.928715,0.43117477062469123,0.9542751571057771,0.9088131487369537,0,False,,,,
1766731723.933214,0.43117477062469123,0.9542751571057771,0.9088131487369537,0,False,,,,
1766731723.935392,0.43117477062469123,0.9542751571057771,0.9088131487369537,0,False,,,,
1766731723.937438,0.5058990876940326,0.9129298253583459,0.7443077564239502,0,False,,,,
1766731724.1395168,0.5058990876940326,0.9129298253583459,0.7443077564239502,0,False,,,,
1766731724.144237,0.5047361200155882,0.910854790282034,0.7511938810348511,0,False,,,,
1766731724.148006,0.5047361200155882,0.910854790282034,0.7511938810348511,0,False,,,,
1766731724.153599,0.5047361200155882,0.910854790282034,0.7511938810348511,0,False,,,,
1766731724.1562119,0.5155709583250195,0.9820935246408695,0.9030344188213348,0,False,,,,
1766731724.351104,0.5155709583250195,0.9820935246408695,0.9030344188213348,0,False,,,,
1766731724.3557131,0.5155709583250195,0.9820935246408695,0.9030344188213348,0,False,,,,
1766731724.358094,0.5155709583250195,0.9820935246408695,0.9030344188213348,0,False,,,,
1766731724.36013,0.5155709583250195,0.9820935246408695,0.9030344188213348,0,False,,,,
1766731724.3640802,0.4772078258684059,0.9115046831543248,0.7385627627372742,0,False,,,,
1766731724.551022,0.4762283532211061,0.9104868540190622,0.8023838996887207,0,False,,,,
1766731724.555894,0.4762283532211061,0.9104868540190622,0.8023838996887207,0,False,,,,
1766731724.560307,0.4762283532211061,0.9104868540190622,0.8023838996887207,0,False,,,,
1766731724.5628312,0.4762283532211061,0.9104868540190622,0.8023838996887207,0,False,,,,
1766731724.565145,0.5325140249631765,1.085976700310661,0.9133688509464264,0,False,,,,
1766731725.0508642,0.545186554664187,1.0788542511806873,0.8862535953521729,0,False,,,,
1766731725.056611,0.545186554664187,1.0788542511806873,0.8862535953521729,0,False,,,,
1766731725.061053,0.545186554664187,1.0788542511806873,0.8862535953521729,0,False,,,,
1766731725.063228,0.545186554664187,1.0788542511806873,0.8862535953521729,0,False,,,,
1766731725.065587,0.5673863348594292,1.0639975220675615,0.9438175559043884,0,False,,,,
1766731725.265354,0.5673863348594292,1.0639975220675615,0.9438175559043884,0,False,,,,
1766731725.26957,0.5673863348594292,1.0639975220675615,0.9438175559043884,0,False,,,,
1766731725.271894,0.5673863348594292,1.0639975220675615,0.9438175559043884,0,False,,,,
1766731725.273922,0.5673863348594292,1.0639975220675615,0.9438175559043884,0,False,,,,
1766731725.276531,0.5480643526224516,0.8518947515362618,0.7949999999999999,0,False,,,,
1766731725.474224,0.5480643526224516,0.8518947515362618,0.7949999999999999,0,False,,,,
1766731725.479054,0.5480643526224516,0.8518947515362618,0.7949999999999999,0,False,,,,
1766731725.481905,0.8112709165872547,0.7300488703782413,0.08783579214894498,0,False,,,,
1766731725.484355,0.8112709165872547,0.7300488703782413,0.08783579214894498,0,False,,,,
1766731725.486767,0.5680402048077938,0.6855927321373237,0.9571502804756165,0,False,,,,
1766731725.815624,0.5680402048077938,0.6855927321373237,0.9571502804756165,0,False,,,,
1766731725.822295,0.5623119976713468,0.6939761211284005,0.9828879535198212,0,False,,,,
1766731725.827703,0.5623119976713468,0.6939761211284005,0.9828879535198212,0,False,,,,
1766731725.832478,0.5623119976713468,0.6939761211284005,0.9828879535198212,0,False,,,,
1766731725.8352041,0.5099215209921917,0.7176808668368785,0.9974617660045624,2,False,,,,
1766731726.1921868,0.5080519503212427,0.6845930548533935,0.9949235320091248,2,False,,,,
1766731726.201053,0.5080519503212427,0.6845930548533935,0.9949235320091248,2,False,,,,
1766731726.2072651,0.5080519503212427,0.6845930548533935,0.9949235320091248,2,False,,,,
1766731726.210117,0.5080519503212427,0.6845930548533935,0.9949235320091248,2,False,,,,
1766731726.213082,0.5159403106472845,0.7312490874521637,0.7666729688644409,2,False,,,,
1766731726.63086,0.5159403106472845,0.7312490874521637,0.7666729688644409,2,False,,,,
1766731726.636991,0.5159403106472845,0.7312490874521637,0.7666729688644409,2,False,,,,
1766731726.642644,0.5159403106472845,0.7312490874521637,0.7666729688644409,2,False,,,,
1766731726.645261,0.5159403106472845,0.7312490874521637,0.7666729688644409,2,False,,,,
1766731726.648353,0.6305587212605321,0.7082828553593449,0.8571699630157015,2,False,,,,
1766731726.9482088,0.6305587212605321,0.7082828553593449,0.8571699630157015,2,False,,,,
1766731726.954178,0.6305587212605321,0.7082828553593449,0.8571699630157015,2,False,,,,
1766731726.957577,0.517768547733354,0.9109598405735954,0.4286182237508158,2,False,,,,
1766731726.960594,0.46171057068740334,0.7117856696531922,0.8847790310763461,2,False,,,,
1766731726.9632251,0.5239211380972136,0.7239154604578674,0.9002021551132202,2,False,,,,
1766731727.304838,0.5239211380972136,0.7239154604578674,0.9002021551132202,2,False,,,,
1766731727.310851,0.5239211380972136,0.7239154604578674,0.9002021551132202,2,False,,,,
1766731727.313476,0.5239211380972136,0.7239154604578674,0.9002021551132202,2,False,,,,
1766731727.315702,0.5239211380972136,0.7239154604578674,0.9002021551132202,2,False,,,,
1766731727.318058,0.5502007732680564,0.7539875803071154,0.8875737190246582,2,False,,,,
1766731727.651541,0.5502007732680564,0.7539875803071154,0.8875737190246582,2,False,,,,
1766731727.657401,0.5502007732680564,0.7539875803071154,0.8875737190246582,2,False,,,,
1766731727.66241,0.5259568326935196,0.6715426526313101,0.8565754890441895,2,False,,,,
1766731727.6651862,0.5259568326935196,0.6715426526313101,0.8565754890441895,2,False,,,,
1766731727.6679711,0.555199841193237,0.7755661175136666,0.9131205677986145,2,False,,,,
1766731728.2316642,0.5558528644349382,0.7760804636687855,0.906827300786972,2,False,,,,
1766731728.2384279,0.5558528644349382,0.7760804636687855,0.906827300786972,2,False,,,,
1766731728.244874,0.5558528644349382,0.7760804636687855,0.906827300786972,2,False,,,,
1766731728.247849,0.5558528644349382,0.7760804636687855,0.906827300786972,2,False,,,,
1766731728.2502348,0.5520848599327801,0.7627922183932907,0.8936860263347626,2,False,,,,
1766731728.742413,0.5520848599327801,0.7627922183932907,0.8936860263347626,2,False,,,,
1766731728.749027,0.5520848599327801,0.7627922183932907,0.8936860263347626,2,False,,,,
1766731728.751654,0.5520848599327801,0.7627922183932907,0.8936860263347626,2,False,,,,
1766731728.753982,0.5520848599327801,0.7627922183932907,0.8936860263347626,2,False,,,,
1766731728.759082,0.5342669013240507,0.70995662804205,0.7989979982376099,2,False,,,,
1766731729.0294578,0.5342669013240507,0.70995662804205,0.7989979982376099,2,False,,,,
1766731729.034844,0.5594736839480351,0.7615777771334089,0.924085408449173,2,False,,,,
1766731729.0377522,0.5594736839480351,0.7615777771334089,0.924085408449173,2,False,,,,
1766731729.0410528,0.5594736839480351,0.7615777771334089,0.924085408449173,2,False,,,,
1766731729.047565,0.5226499743097465,0.7223351855451123,0.9116372466087341,2,False,,,,
1766731729.3912928,0.5226499743097465,0.7223351855451123,0.9116372466087341,2,False,,,,
1766731729.3969548,0.5226499743097465,0.7223351855451123,0.9116372466087341,2,False,,,,
1766731729.400933,0.5514417503746946,0.7839743810897761,0.9164738953113556,2,False,,,,
1766731729.4042492,0.551670467382265,0.7813229860403788,0.9275382459163666,2,False,,,,
1766731729.408261,0.5573411090310048,0.7692790629158739,0.8805661499500275,2,False,,,,
1766731729.673712,0.5574608715861424,0.7714507865752103,0.8578449487686157,2,False,,,,
1766731729.6796522,0.5574608715861424,0.7714507865752103,0.8578449487686157,2,False,,,,
1766731729.685121,0.5574608715861424,0.7714507865752103,0.8578449487686157,2,False,,,,
1766731729.687965,0.5574608715861424,0.7714507865752103,0.8578449487686157,2,False,,,,
1766731729.6905541,0.5158591740200978,0.7011527125778212,0.9607328176498413,2,False,,,,
1766731729.9564679,0.5158591740200978,0.7011527125778212,0.9607328176498413,2,False,,,,
1766731729.961642,0.5158591740200978,0.7011527125778212,0.9607328176498413,2,False,,,,
1766731729.964951,0.5158591740200978,0.7011527125778212,0.9607328176498413,2,False,,,,
1766731729.967377,0.5158591740200978,0.7011527125778212,0.9607328176498413,2,False,,,,
1766731729.969538,0.5342342563477638,0.536392290251978,1.0,2,False,,,,
1766731730.314194,0.5342342563477638,0.536392290251978,1.0,2,False,,,,
1766731730.3212302,0.5342342563477638,0.536392290251978,1.0,2,False,,,,
1766731730.323529,0.5342342563477638,0.536392290251978,1.0,2,False,,,,
1766731730.327946,0.5342342563477638,0.536392290251978,1.0,2,False,,,,
1766731730.330258,0.534755421842646,1.1054436641289067,0.935804123878479,1,False,,,,
1766731730.591969,0.534755421842646,1.1054436641289067,0.935804123878479,1,False,,,,
1766731730.598856,0.534755421842646,1.1054436641289067,0.935804123878479,1,False,,,,
1766731730.6012428,0.534755421842646,1.1054436641289067,0.935804123878479,1,False,,,,
1766731730.603721,0.534755421842646,1.1054436641289067,0.935804123878479,1,False,,,,
1766731730.6067379,0.49528119335156884,0.5795765789961704,0.995,0,False,,,,
1766731730.782633,0.4854152317192587,0.5392570972701124,1.0,0,False,,,,
1766731730.7903202,0.4854152317192587,0.5392570972701124,1.0,0,False,,,,
1766731730.795305,0.4854152317192587,0.5392570972701124,1.0,0,False,,,,
1766731730.797735,0.4854152317192587,0.5392570972701124,1.0,0,False,,,,
1766731730.799755,0.5148588868752432,0.4862824842894794,1.0,0,False,,,,
1766731731.013918,0.5376086292411444,0.4593458270513845,1.0,0,False,,,,
1766731731.020788,0.5376086292411444,0.4593458270513845,1.0,0,False,,,,
1766731731.0234282,0.5376086292411444,0.4593458270513845,1.0,0,False,,,,
1766731731.0256891,0.5376086292411444,0.4593458270513845,1.0,0,False,,,,
1766731731.0276349,0.5316437765078876,0.4674007002738363,1.0,0,False,,,,
1766731731.2107148,0.5316437765078876,0.4674007002738363,1.0,0,False,,,,
1766731731.2167501,0.5321976443234469,0.4647170634258282,1.0,0,False,,,,
1766731731.2192252,0.5321976443234469,0.4647170634258282,1.0,0,False,,,,
1766731731.224345,0.5321976443234469,0.4647170634258282,1.0,0,False,,,,
1766731731.227563,0.5522972571644249,0.47001216314989125,1.0,0,False,,,,
1766731731.446007,0.5394723774672797,0.4516426210909742,1.0,0,False,,,,
1766731731.4524002,0.5394723774672797,0.4516426210909742,1.0,0,False,,,,
1766731731.4575412,0.5394723774672797,0.4516426210909742,1.0,0,False,,,,
1766731731.459999,0.5394723774672797,0.4516426210909742,1.0,0,False,,,,
1766731731.462507,0.5547352967277095,0.25668476536386287,1.0,0,False,,,,
1766731732.562628,0.5547352967277095,0.25668476536386287,1.0,0,False,,,,
1766731732.569015,0.5547352967277095,0.25668476536386287,1.0,0,False,,,,
1766731732.5715892,0.5547352967277095,0.25668476536386287,1.0,0,False,,,,
1766731732.5736089,0.5547352967277095,0.25668476536386287,1.0,0,False,,,,
1766731732.575534,0.5355728731200057,0.42341724711746176,1.0,0,False,,,,
1766731732.764513,0.5355728731200057,0.42341724711746176,1.0,0,False,,,,
1766731732.769137,0.5355728731200057,0.42341724711746176,1.0,0,False,,,,
1766731732.7719328,0.5355728731200057,0.42341724711746176,1.0,0,False,,,,
1766731732.773912,0.5355728731200057,0.42341724711746176,1.0,0,False,,,,
1766731732.7780612,0.5201527209398575,0.4413240336828381,1.0,0,False,,,,
1766731732.93919,0.5201527209398575,0.4413240336828381,1.0,0,False,,,,
1766731732.94391,0.5201527209398575,0.4413240336828381,1.0,0,False,,,,
1766731732.9463239,0.5201527209398575,0.4413240336828381,1.0,0,False,,,,
1766731732.948431,0.5201527209398575,0.4413240336828381,1.0,0,False,,,,
1766731732.9509351,0.5343508425037096,0.4052968840938589,1.0,0,False,,,,
1766731733.1313941,0.5343508425037096,0.4052968840938589,1.0,0,False,,,,
1766731733.1363242,0.5343508425037096,0.4052968840938589,1.0,0,False,,,,
1766731733.13907,0.5343508425037096,0.4052968840938589,1.0,0,False,,,,
1766731733.141338,0.5343508425037096,0.4052968840938589,1.0,0,False,,,,
1766731733.143784,0.4721344003164818,0.4242297849043848,1.0,0,False,,,,
1766731733.3264298,0.5257441353287777,0.37453641715925046,1.0,0,False,,,,
1766731733.33141,0.5257441353287777,0.37453641715925046,1.0,0,False,,,,
1766731733.3363929,0.5257441353287777,0.37453641715925046,1.0,0,False,,,,
1766731733.33901,0.5257441353287777,0.37453641715925046,1.0,0,False,,,,
1766731733.34103,0.5401584887857097,1.0869897690205224,0.8952538669109344,0,False,,,,
1766731733.781284,0.5401584887857097,1.0869897690205224,0.8952538669109344,0,False,,,,
1766731733.787083,0.5401584887857097,1.0869897690205224,0.8952538669109344,0,False,,,,
1766731733.789647,0.5401584887857097,1.0869897690205224,0.8952538669109344,0,False,,,,
1766731733.792578,0.49257094508234855,0.9785591845878203,0.8922684788703918,0,False,,,,
1766731733.795167,0.54332214143363,0.6584656278657174,1.0,0,False,,,,
1766731734.1386712,0.54332214143363,0.6584656278657174,1.0,0,False,,,,
1766731734.145269,0.54332214143363,0.6584656278657174,1.0,0,False,,,,
1766731734.147535,0.54332214143363,0.6584656278657174,1.0,0,False,,,,
1766731734.1515992,0.54332214143363,0.6584656278657174,1.0,0,False,,,,
1766731734.153795,0.5424177361328548,0.6523605740153354,0.9975484013557434,0,False,,,,
1766731734.4456441,0.5424177361328548,0.6523605740153354,0.9975484013557434,0,False,,,,
1766731734.452128,0.5424177361328548,0.6523605740153354,0.9975484013557434,0,False,,,,
1766731734.454433,0.5424177361328548,0.6523605740153354,0.9975484013557434,0,False,,,,
1766731734.456758,0.5424177361328548,0.6523605740153354,0.9975484013557434,0,False,,,,
1766731734.459404,0.5382007969016518,0.6149116197071351,1.0,1,False,,,,
1766731734.868412,0.5537152983090488,0.6395122817805963,1.0,1,False,,,,
1766731734.875333,0.5537152983090488,0.6395122817805963,1.0,1,False,,,,
1766731734.881836,0.5537152983090488,0.6395122817805963,1.0,1,False,,,,
1766731734.884418,0.5537152983090488,0.6395122817805963,1.0,1,False,,,,
1766731734.887106,0.5340901728362141,0.6036345787924287,1.0,1,False,,,,
1766731735.247885,0.5340901728362141,0.6036345787924287,1.0,1,False,,,,
1766731735.252991,0.5340901728362141,0.6036345787924287,1.0,1,False,,,,
1766731735.255591,0.5340901728362141,0.6036345787924287,1.0,1,False,,,,
1766731735.2579331,0.5340901728362141,0.6036345787924287,1.0,1,False,,,,
1766731735.260438,0.5747269339647181,0.6510237513193825,1.0,0,False,,,,
1766731735.518659,0.5747269339647181,0.6510237513193825,1.0,0,False,,,,
1766731735.5237,0.5747269339647181,0.6510237513193825,1.0,0,False,,,,
1766731735.526196,0.5747269339647181,0.6510237513193825,1.0,0,False,,,,
1766731735.528485,0.5747269339647181,0.6510237513193825,1.0,0,False,,,,
1766731735.531221,0.5836681586763599,0.6564450400707168,1.0,1,False,,,,
1766731735.837054,0.5556005818995609,0.6125696895254719,1.0,1,False,,,,
1766731735.842722,0.5841444492888914,0.6499780767161507,0.9791844487190247,1,False,,,,
1766731735.848073,0.5841444492888914,0.6499780767161507,0.9791844487190247,1,False,,,,
1766731735.851338,0.5841444492888914,0.6499780767161507,0.9791844487190247,1,False,,,,
1766731735.853738,0.5663316813663916,0.6304472750070724,0.9272921681404114,1,False,,,,
1766731736.18978,0.5663316813663916,0.6304472750070724,0.9272921681404114,1,False,,,,
1766731736.195402,0.5663316813663916,0.6304472750070724,0.9272921681404114,1,False,,,,
1766731736.198803,0.5663316813663916,0.6304472750070724,0.9272921681404114,1,False,,,,
1766731736.2012658,0.5663316813663916,0.6304472750070724,0.9272921681404114,1,False,,,,
1766731736.203864,0.6046936975623791,0.6767753590315372,0.9028164446353912,2,False,,,,
1766731736.6611369,0.6046936975623791,0.6767753590315372,0.9028164446353912,2,False,,,,
1766731736.667222,0.6046936975623791,0.6767753590315372,0.9028164446353912,2,False,,,,
1766731736.670125,0.6046936975623791,0.6767753590315372,0.9028164446353912,2,False,,,,
1766731736.672802,0.6045257173211807,0.6788663175013742,0.9342048466205597,2,False,,,,
1766731736.677542,0.5762425507761544,0.6820473180211957,0.9106051623821259,2,False,,,,
1766731737.032248,0.5762425507761544,0.6820473180211957,0.9106051623821259,2,False,,,,
1766731737.0374389,0.5762425507761544,0.6820473180211957,0.9106051623821259,2,False,,,,
1766731737.0400279,0.5473411879875584,0.6456782702140927,0.8212103247642517,2,False,,,,
1766731737.0435169,0.5482781990136898,0.6434515231180926,0.9076343774795532,2,False,,,,
1766731737.0462358,0.5813493234049478,0.6643311605388088,0.9459679424762726,2,False,,,,
1766731737.907607,0.5813493234049478,0.6643311605388088,0.9459679424762726,2,False,,,,
1766731737.913206,0.5730007619266246,0.6609888313871731,0.8987094461917877,2,False,,,,
1766731737.916001,0.5685999383917456,0.6579700624437989,1.0,2,False,,,,
1766731737.918553,0.5685999383917456,0.6579700624437989,1.0,2,False,,,,
1766731737.924449,0.5534012125782096,0.5986332827286124,0.9725688099861145,0,False,,,,
1766731738.144468,0.5534012125782096,0.5986332827286124,0.9725688099861145,0,False,,,,
1766731738.1492212,0.5517044233561967,0.5909396339192396,1.0,0,False,,,,
1766731738.151741,0.5710857100199741,0.611412332487455,1.0,0,False,,,,
1766731738.154067,0.5710857100199741,0.611412332487455,1.0,0,False,,,,
1766731738.1570492,0.5162041061069033,0.5604065026142261,1.0,1,False,,,,
1766731738.6092238,0.5162041061069033,0.5604065026142261,1.0,1,False,,,,
1766731738.6145558,0.5162041061069033,0.5604065026142261,1.0,1,False,,,,
1766731738.617224,0.5219197474684002,0.5184951292655443,1.0,1,False,,,,
1766731738.6197271,0.5160856659564226,0.5616046782002999,1.0,1,False,,,,
1766731738.623478,0.5241110763196649,0.5021401035253248,1.0,1,False,,,,
1766731738.905963,0.5241110763196649,0.5021401035253248,1.0,1,False,,,,
1766731738.9112792,0.5241110763196649,0.5021401035253248,1.0,1,False,,,,
1766731738.913965,0.5241110763196649,0.5021401035253248,1.0,1,False,,,,
1766731738.918657,0.5241110763196649,0.5021401035253248,1.0,1,False,,,,
1766731738.921772,0.49960403637543604,0.5369877311983896,1.0,0,False,,,,
1766731739.1960719,0.4975344701037982,0.534309165513437,1.0,0,False,,,,
1766731739.201952,0.4975344701037982,0.534309165513437,1.0,0,False,,,,
1766731739.207083,0.4975344701037982,0.534309165513437,1.0,0,False,,,,
1766731739.209836,0.4975344701037982,0.534309165513437,1.0,0,False,,,,
1766731739.212678,0.5154696711525018,0.4718420870194251,1.0,0,False,,,,
1766731739.44507,0.5154696711525018,0.4718420870194251,1.0,0,False,,,,
1766731739.452307,0.5154696711525018,0.4718420870194251,1.0,0,False,,,,
1766731739.4550111,0.5154696711525018,0.4718420870194251,1.0,0,False,,,,
1766731739.4577448,0.4871868960283702,0.5050568120499378,1.0,0,False,,,,
1766731739.460147,0.5288064080083463,0.4423090128525128,1.0,0,False,,,,
1766731739.760702,0.5291432077288369,0.44140597129802506,1.0,0,False,,,,
1766731739.765984,0.5291432077288369,0.44140597129802506,1.0,0,False,,,,
1766731739.771549,0.5291432077288369,0.44140597129802506,1.0,0,False,,,,
1766731739.7740119,0.5291432077288369,0.44140597129802506,1.0,0,False,,,,
1766731739.77642,0.5297542854196854,0.4581733892694688,1.0,0,False,,,,
1766731739.9931562,0.531872564203467,0.6304940565429945,0.99,0,False,,,,
1766731739.998559,0.5245599364397436,0.6903942572293532,0.99,0,False,,,,
1766731740.003791,0.5245599364397436,0.6903942572293532,0.99,0,False,,,,
1766731740.0068989,0.5245599364397436,0.6903942572293532,0.99,0,False,,,,
1766731740.009313,0.5251030274993183,0.8628660009974678,0.9089316427707672,0,False,,,,
1766731740.2113888,0.5251030274993183,0.8628660009974678,0.9089316427707672,0,False,,,,
1766731740.216845,0.5251030274993183,0.8628660009974678,0.9089316427707672,0,False,,,,
1766731740.221737,0.5251030274993183,0.8628660009974678,0.9089316427707672,0,False,,,,
1766731740.2239811,0.49588082119163923,0.7920430189989602,0.8178632855415344,0,False,,,,
1766731740.226933,0.4973056279548125,0.9195972558826071,0.9158666729927063,0,False,,,,
1766731740.4665668,0.49131766842823643,0.925723276237771,0.9113914370536804,0,False,,,,
1766731740.475212,0.49131766842823643,0.925723276237771,0.9113914370536804,0,False,,,,
1766731740.4800901,0.49131766842823643,0.925723276237771,0.9113914370536804,0,False,,,,
1766731740.482382,0.49131766842823643,0.925723276237771,0.9113914370536804,0,False,,,,
1766731740.484364,0.4966217159498424,0.9462442507008111,0.9187527000904083,0,False,,,,
1766731740.6960242,0.4804054649266643,0.8943425440980988,0.8375054001808167,0,False,,,,
1766731740.701812,0.5057449205532676,0.9386221183991877,0.8995452225208282,0,False,,,,
1766731740.705156,0.5057449205532676,0.9386221183991877,0.8995452225208282,0,False,,,,
1766731740.709997,0.5057449205532676,0.9386221183991877,0.8995452225208282,0,False,,,,
1766731740.714443,0.49024551099773345,0.8834348051194324,0.8467087745666504,0,False,,,,
1766731740.919148,0.49024551099773345,0.8834348051194324,0.8467087745666504,0,False,,,,
1766731740.9236748,0.49024551099773345,0.8834348051194324,0.8467087745666504,0,False,,,,
1766731740.925813,0.49024551099773345,0.8834348051194324,0.8467087745666504,0,False,,,,
1766731740.9277701,0.49024551099773345,0.8834348051194324,0.8467087745666504,0,False,,,,
1766731740.930586,0.5238523500993167,0.9579482726751027,0.889933168888092,0,False,,,,
1766731741.1647968,0.5241136896854578,0.9579818595173047,0.8545396625995636,0,False,,,,
1766731741.169718,0.5221931716589617,0.9574386717013833,0.9148283302783966,0,False,,,,
1766731741.173122,0.5221931716589617,0.9574386717013833,0.9148283302783966,0,False,,,,
1766731741.178276,0.5221931716589617,0.9574386717013833,0.9148283302783966,0,False,,,,
1766731741.180823,0.5306326914390479,0.9750245132208041,0.8918332159519196,0,False,,,,
1766731741.51856,0.5306326914390479,0.9750245132208041,0.8918332159519196,0,False,,,,
1766731741.522669,0.5306326914390479,0.9750245132208041,0.8918332159519196,0,False,,,,
1766731741.525134,0.5306326914390479,0.9750245132208041,0.8918332159519196,0,False,,,,
1766731741.527488,0.5306326914390479,0.9750245132208041,0.8918332159519196,0,False,,,,
1766731741.529921,0.5082245095447703,0.9240963392304028,0.717674970626831,0,False,,,,
1766731741.733684,0.5354282904244896,0.9765352888510861,0.8738146424293518,0,False,,,,
1766731741.740596,0.5354282904244896,0.9765352888510861,0.8738146424293518,0,False,,,,
1766731741.745835,0.5354282904244896,0.9765352888510861,0.8738146424293518,0,False,,,,
1766731741.74863,0.5354282904244896,0.9765352888510861,0.8738146424293518,0,False,,,,
1766731741.7505322,0.5003440273728725,0.8619946333399819,0.9127733111381531,0,False,,,,
1766731741.983201,0.5003440273728725,0.8619946333399819,0.9127733111381531,0,False,,,,
1766731741.98762,0.5003440273728725,0.8619946333399819,0.9127733111381531,0,False,,,,
1766731741.989901,0.5003440273728725,0.8619946333399819,0.9127733111381531,0,False,,,,
1766731741.994016,0.5003440273728725,0.8619946333399819,0.9127733111381531,0,False,,,,
1766731741.996657,0.5364209102911515,0.5090545516671503,1.0,0,False,,,,
1766731742.195549,0.5364209102911515,0.5090545516671503,1.0,0,False,,,,
1766731742.201002,0.5364209102911515,0.5090545516671503,1.0,0,False,,,,
1766731742.203431,0.5364209102911515,0.5090545516671503,1.0,0,False,,,,
1766731742.207371,0.5449966514460565,0.5444793131559794,1.0,0,False,,,,
1766731742.210356,0.5711426491551431,0.5786164260689681,1.0,0,False,,,,
1766731742.418876,0.5711426491551431,0.5786164260689681,1.0,0,False,,,,
1766731742.4240088,0.5711426491551431,0.5786164260689681,1.0,0,False,,,,
1766731742.426225,0.5711426491551431,0.5786164260689681,1.0,0,False,,,,
1766731742.428334,0.5711426491551431,0.5786164260689681,1.0,0,False,,,,
1766731742.430578,0.5560264093998467,0.6083131232716531,1.0,0,False,,,,
1766731742.653495,0.5560264093998467,0.6083131232716531,1.0,0,False,,,,
1766731742.659616,0.5560264093998467,0.6083131232716531,1.0,0,False,,,,
1766731742.662121,0.5560264093998467,0.6083131232716531,1.0,0,False,,,,
1766731742.664333,0.5560264093998467,0.6083131232716531,1.0,0,False,,,,
1766731742.6666849,0.5562570183318506,0.5851024697664904,1.0,0,False,,,,
1766731742.8958468,0.5562570183318506,0.5851024697664904,1.0,0,False,,,,
1766731742.9024599,0.5562570183318506,0.5851024697664904,1.0,0,False,,,,
1766731742.905395,0.5527970761557854,0.5900818802561568,1.0,0,False,,,,
1766731742.9087832,0.555907653975118,0.6085163307747936,1.0,0,False,,,,
1766731742.911343,0.5455927670819182,0.6111245515266291,0.42397407584807784,0,False,,,,
1766731743.174249,0.4734142810203233,0.6212021739245904,0.8336160182952881,0,False,,,,
1766731743.181105,0.4734142810203233,0.6212021739245904,0.8336160182952881,0,False,,,,
1766731743.1871722,0.4734142810203233,0.6212021739245904,0.8336160182952881,0,False,,,,
1766731743.189877,0.4734142810203233,0.6212021739245904,0.8336160182952881,0,False,,,,
1766731743.1924732,0.5096908294474154,0.6876278566770222,1.0,1,False,,,,
1766731743.725122,0.5096908294474154,0.6876278566770222,1.0,1,False,,,,
1766731743.730774,0.5096908294474154,0.6876278566770222,1.0,1,False,,,,
1766731743.733423,0.5096908294474154,0.6876278566770222,1.0,1,False,,,,
1766731743.735578,0.5096908294474154,0.6876278566770222,1.0,1,False,,,,
1766731743.7377741,0.5591415572594026,0.7210636691596589,0.9250041544437408,2,False,,,,
1766731744.122848,0.5591415572594026,0.7210636691596589,0.9250041544437408,2,False,,,,
1766731744.1295931,0.5591415572594026,0.7210636691596589,0.9250041544437408,2,False,,,,
1766731744.132191,0.5591415572594026,0.7210636691596589,0.9250041544437408,2,False,,,,
1766731744.135011,0.5591415572594026,0.7210636691596589,0.9250041544437408,2,False,,,,
1766731744.140024,0.5387340087380877,0.6734435408869061,0.8637818098068237,2,False,,,,
1766731744.556043,0.5404456339489143,0.6798697737385364,0.9320641160011292,2,False,,,,
1766731744.5634828,0.5404456339489143,0.6798697737385364,0.9320641160011292,2,False,,,,
1766731744.568955,0.5404456339489143,0.6798697737385364,0.9320641160011292,2,False,,,,
1766731744.5721421,0.5404456339489143,0.6798697737385364,0.9320641160011292,2,False,,,,
1766731744.574544,0.5579094037395539,0.7287737271095627,0.8955881595611572,2,False,,,,
1766731744.861248,0.5579094037395539,0.7287737271095627,0.8955881595611572,2,False,,,,
1766731744.8668742,0.5579094037395539,0.7287737271095627,0.8955881595611572,2,False,,,,
1766731744.8693929,0.5579094037395539,0.7287737271095627,0.8955881595611572,2,False,,,,
1766731744.871638,0.5579094037395539,0.7287737271095627,0.8955881595611572,2,False,,,,
1766731744.8739278,0.559322472907384,0.7158245319481007,0.9185495376586914,2,False,,,,
1766731745.381498,0.559322472907384,0.7158245319481007,0.9185495376586914,2,False,,,,
1766731745.386749,0.5577645760434113,0.7102447729919459,0.9403998851776123,2,False,,,,
1766731745.391476,0.5577645760434113,0.7102447729919459,0.9403998851776123,2,False,,,,
1766731745.397299,0.5577645760434113,0.7102447729919459,0.9403998851776123,2,False,,,,
1766731745.400167,0.5434875363213736,0.6923819111080566,0.9536091089248657,2,False,,,,
1766731745.7741592,0.5434875363213736,0.6923819111080566,0.9536091089248657,2,False,,,,
1766731745.779333,0.5434875363213736,0.6923819111080566,0.9536091089248657,2,False,,,,
1766731745.7820659,0.5434875363213736,0.6923819111080566,0.9536091089248657,2,False,,,,
1766731745.7844632,0.5434875363213736,0.6923819111080566,0.9536091089248657,2,False,,,,
1766731745.787251,0.5608653197046393,0.6940685761942647,1.0,2,False,,,,
1766731746.073316,0.5608653197046393,0.6940685761942647,1.0,2,False,,,,
1766731746.078733,0.5608653197046393,0.6940685761942647,1.0,2,False,,,,
1766731746.0814679,0.5608653197046393,0.6940685761942647,1.0,2,False,,,,
1766731746.0863008,0.5608653197046393,0.6940685761942647,1.0,2,False,,,,
1766731746.089379,0.5526284686621532,0.6888731199015842,1.0,2,False,,,,
1766731746.505327,0.5526284686621532,0.6888731199015842,1.0,2,False,,,,
1766731746.511093,0.5526284686621532,0.6888731199015842,1.0,2,False,,,,
1766731746.513904,0.5526284686621532,0.6888731199015842,1.0,2,False,,,,
1766731746.516424,0.5526284686621532,0.6888731199015842,1.0,2,False,,,,
1766731746.51858,0.572063431609822,0.6807766042203706,0.983625054359436,2,False,,,,
1766731746.957431,0.572063431609822,0.6807766042203706,0.983625054359436,2,False,,,,
1766731746.9627829,0.5705694537375903,0.679044461290101,0.9949283301830292,2,False,,,,
1766731746.96665,0.5705694537375903,0.679044461290101,0.9949283301830292,2,False,,,,
1766731746.973098,0.5705694537375903,0.679044461290101,0.9949283301830292,2,False,,,,
1766731746.9761941,0.5466476574017466,0.6577300347234705,0.8871533274650574,2,False,,,,
1766731747.4154701,0.5466476574017466,0.6577300347234705,0.8871533274650574,2,False,,,,
1766731747.421182,0.5466476574017466,0.6577300347234705,0.8871533274650574,2,False,,,,
1766731747.423777,0.5466476574017466,0.6577300347234705,0.8871533274650574,2,False,,,,
1766731747.4265118,0.5466476574017466,0.6577300347234705,0.8871533274650574,2,False,,,,
1766731747.429539,0.5757694515980012,0.6723185451930495,0.9852321743965149,1,False,,,,
1766731747.655571,0.5757694515980012,0.6723185451930495,0.9852321743965149,1,False,,,,
1766731747.661003,0.5757694515980012,0.6723185451930495,0.9852321743965149,1,False,,,,
1766731747.66342,0.5757694515980012,0.6723185451930495,0.9852321743965149,1,False,,,,
1766731747.666038,0.5753313318156255,0.6693576635559743,0.9377033710479736,1,False,,,,
1766731747.6687539,0.5455058152514444,0.6306767901150896,0.9596114754676819,1,False,,,,
1766731747.958859,0.5455058152514444,0.6306767901150896,0.9596114754676819,1,False,,,,
1766731747.964727,0.5437047882073414,0.6315044732001976,0.9470632076263428,1,False,,,,
1766731747.970321,0.541533236246712,0.6352029560104355,0.9638383984565735,1,False,,,,
1766731747.97604,0.541533236246712,0.6352029560104355,0.9638383984565735,1,False,,,,
1766731747.978936,0.5452099184655786,0.6649907134525624,0.9129816293716431,1,False,,,,
1766731748.229464,0.5452099184655786,0.6649907134525624,0.9129816293716431,1,False,,,,
1766731748.235164,0.5452099184655786,0.6649907134525624,0.9129816293716431,1,False,,,,
1766731748.238438,0.5210238969273139,0.8603937073624424,0.99,1,False,,,,
1766731748.242032,0.5210238969273139,0.8603937073624424,0.99,1,False,,,,
1766731748.244996,0.5081099523154587,0.8780856780425242,0.6,0,False,,,,
1766731748.542846,0.4613382659437,1.03363127094617,0.9008299112319946,0,False,,,,
1766731748.550831,0.4613382659437,1.03363127094617,0.9008299112319946,0,False,,,,
1766731748.55338,0.4613382659437,1.03363127094617,0.9008299112319946,0,False,,,,
1766731748.55582,0.4613382659437,1.03363127094617,0.9008299112319946,0,False,,,,
1766731748.5599601,0.4874478944726026,0.8876518043738912,0.6,0,False,,,,
1766731748.7396932,0.46902688026419187,0.8762205258192406,0.6,0,False,,,,
1766731748.747423,0.46902688026419187,0.8762205258192406,0.6,0,False,,,,
1766731748.752019,0.46902688026419187,0.8762205258192406,0.6,0,False,,,,
1766731748.754238,0.46902688026419187,0.8762205258192406,0.6,0,False,,,,
1766731748.7562509,0.5503335646653656,1.0295377643479975,0.8,0,False,,,,
1766731748.9291399,0.5503335646653656,1.0295377643479975,0.8,0,False,,,,
1766731748.934185,0.5503335646653656,1.0295377643479975,0.8,0,False,,,,
1766731748.93683,0.49461229414889896,1.0174772056875505,0.99,0,False,,,,
1766731748.9392169,0.512446362998056,1.0170504896042092,0.9026947021484375,0,False,,,,
1766731748.941707,0.5098649447012421,1.024373123167323,0.7229307889938354,0,False,,,,
1766731749.131231,0.5098649447012421,1.024373123167323,0.7229307889938354,0,False,,,,
1766731749.135906,0.5098649447012421,1.024373123167323,0.7229307889938354,0,False,,,,
1766731749.138216,0.5098649447012421,1.024373123167323,0.7229307889938354,0,False,,,,
1766731749.140357,0.5385694804149879,1.0949607221313298,0.8831859230995178,0,False,,,,
1766731749.142702,0.5088367457484793,1.022111848745184,0.7984227538108826,0,False,,,,
1766731749.39801,0.5088367457484793,1.022111848745184,0.7984227538108826,0,False,,,,
1766731749.4029288,0.5088367457484793,1.022111848745184,0.7984227538108826,0,False,,,,
1766731749.405334,0.5088367457484793,1.022111848745184,0.7984227538108826,0,False,,,,
1766731749.407412,0.5088367457484793,1.022111848745184,0.7984227538108826,0,False,,,,
1766731749.410091,0.4445411966370588,0.5701592984730665,1.0,0,False,,,,
1766731749.608199,0.4618378579452888,0.5535563048797063,1.0,0,False,,,,
1766731749.61342,0.49764385237253805,0.5981153307738899,0.9658333659172058,0,False,,,,
1766731749.618743,0.49764385237253805,0.5981153307738899,0.9658333659172058,0,False,,,,
1766731749.623381,0.49764385237253805,0.5981153307738899,0.9658333659172058,0,False,,,,
1766731749.6255932,0.5182685767870766,0.48068663712410453,0.9939723014831543,0,False,,,,
1766731749.805387,0.5182685767870766,0.48068663712410453,0.9939723014831543,0,False,,,,
1766731749.8105779,0.51805337893542,0.4850574127921823,1.0,0,False,,,,
1766731749.813062,0.51805337893542,0.4850574127921823,1.0,0,False,,,,
1766731749.816094,0.51805337893542,0.4850574127921823,1.0,0,False,,,,
1766731749.821713,0.5013122278889043,0.5438272741836976,1.0,0,False,,,,
1766731750.025474,0.5013122278889043,0.5438272741836976,1.0,0,False,,,,
1766731750.030029,0.5013122278889043,0.5438272741836976,1.0,0,False,,,,
1766731750.032405,0.5013122278889043,0.5438272741836976,1.0,0,False,,,,
1766731750.0343308,0.5013122278889043,0.5438272741836976,1.0,0,False,,,,
1766731750.0363278,0.525762021030015,0.5351510471758384,1.0,0,False,,,,
1766731750.226527,0.525762021030015,0.5351510471758384,1.0,0,False,,,,
1766731750.2314591,0.525762021030015,0.5351510471758384,1.0,0,False,,,,
1766731750.234544,0.525762021030015,0.5351510471758384,1.0,0,False,,,,
1766731750.237077,0.525762021030015,0.5351510471758384,1.0,0,False,,,,
1766731750.239031,0.5652858770277946,1.1052136575437672,0.8998448550701141,0,False,,,,
1766731750.442392,0.5652858770277946,1.1052136575437672,0.8998448550701141,0,False,,,,
1766731750.447561,0.5283662709117165,1.000371195409115,0.8113936185836792,0,False,,,,
1766731750.450837,0.5283662709117165,1.000371195409115,0.8113936185836792,0,False,,,,
1766731750.453673,0.5283662709117165,1.000371195409115,0.8113936185836792,0,False,,,,
1766731750.459164,0.5709389543248501,1.0664747321126997,0.9152071475982666,0,False,,,,
1766731750.790993,0.5709389543248501,1.0664747321126997,0.9152071475982666,0,False,,,,
1766731750.7957451,0.5709389543248501,1.0664747321126997,0.9152071475982666,0,False,,,,
1766731750.800087,0.5709389543248501,1.0664747321126997,0.9152071475982666,0,False,,,,
1766731750.802208,0.5709389543248501,1.0664747321126997,0.9152071475982666,0,False,,,,
1766731750.8042738,0.5791615300155794,1.077416621535946,0.8819017708301544,0,False,,,,
1766731751.095862,0.5791615300155794,1.077416621535946,0.8819017708301544,0,False,,,,
1766731751.101351,0.5791615300155794,1.077416621535946,0.8819017708301544,0,False,,,,
1766731751.10384,0.5791615300155794,1.077416621535946,0.8819017708301544,0,False,,,,
1766731751.106144,0.5791615300155794,1.077416621535946,0.8819017708301544,0,False,,,,
1766731751.1084669,0.5300963234357016,0.9835313922378645,0.7250467538833618,0,False,,,,
1766731751.317266,0.5714801622696322,1.0825466046788892,0.8982982039451599,0,False,,,,
1766731751.322467,0.5714801622696322,1.0825466046788892,0.8982982039451599,0,False,,,,
1766731751.32671,0.5714801622696322,1.0825466046788892,0.8982982039451599,0,False,,,,
1766731751.3322098,0.5714801622696322,1.0825466046788892,0.8982982039451599,0,False,,,,
1766731751.336535,0.5722176943933326,1.0598645414779821,0.8550800085067749,0,False,,,,
1766731751.521576,0.5445569196568802,0.9111554745034981,0.504991210098735,0,False,,,,
1766731751.527002,0.5935589037447555,1.010852824788279,0.7883272051811219,0,False,,,,
1766731751.531969,0.5935589037447555,1.010852824788279,0.7883272051811219,0,False,,,,
1766731751.5346382,0.5935589037447555,1.010852824788279,0.7883272051811219,0,False,,,,
1766731751.537961,0.5702937476008709,1.0489122107753528,0.9227111637592316,0,False,,,,
1766731751.722629,0.5316493287276298,0.9688361758871976,0.7538805603981018,0,False,,,,
1766731751.729714,0.5316493287276298,0.9688361758871976,0.7538805603981018,0,False,,,,
1766731751.7360399,0.5316493287276298,0.9688361758871976,0.7538805603981018,0,False,,,,
1766731751.73897,0.5316493287276298,0.9688361758871976,0.7538805603981018,0,False,,,,
1766731751.7414138,0.5105207192979919,1.1366015412299786,0.8699590563774109,0,False,,,,
1766731751.933898,0.5105207192979919,1.1366015412299786,0.8699590563774109,0,False,,,,
1766731751.938561,0.5105207192979919,1.1366015412299786,0.8699590563774109,0,False,,,,
1766731751.9410439,0.5105207192979919,1.1366015412299786,0.8699590563774109,0,False,,,,
1766731751.9437819,0.5105207192979919,1.1366015412299786,0.8699590563774109,0,False,,,,
1766731751.946084,0.5043078010143199,1.2126455348093077,0.9071520566940308,1,False,,,,
1766731752.220839,0.4953470257357512,1.1518189783117774,0.7872660160064697,1,False,,,,
1766731752.229685,0.5130154813967793,1.20433118811882,0.9382405281066895,1,False,,,,
1766731752.23707,0.5130154813967793,1.20433118811882,0.9382405281066895,1,False,,,,
1766731752.2396958,0.5130154813967793,1.20433118811882,0.9382405281066895,1,False,,,,
1766731752.242304,0.5164651343460902,1.0975741335821734,0.6,1,False,,,,
1766731752.54703,0.5164651343460902,1.0975741335821734,0.6,1,False,,,,
1766731752.553418,0.5164651343460902,1.0975741335821734,0.6,1,False,,,,
1766731752.556399,0.5211456139466505,1.0991378461420784,0.6,1,False,,,,
1766731752.5634198,0.5156611066196312,1.1100728289312773,0.6,1,False,,,,
1766731752.5702379,0.540211514081071,1.2358613132747267,0.7197914123535156,3,False,,,,
1766731752.926646,0.521506995165818,1.0863099240186673,0.6,3,False,,,,
1766731752.9332979,0.521506995165818,1.0863099240186673,0.6,3,False,,,,
1766731752.940243,0.521506995165818,1.0863099240186673,0.6,3,False,,,,
1766731752.9430232,0.521506995165818,1.0863099240186673,0.6,3,False,,,,
1766731752.945579,0.5022599950242986,1.070009789034794,0.8617238700389862,1,False,,,,
1766731753.353954,0.5022599950242986,1.070009789034794,0.8617238700389862,1,False,,,,
1766731753.361075,0.5725915338818623,0.9299730779342295,0.8607006669044495,1,False,,,,
1766731753.363968,0.5257780885582709,1.1125407987204239,0.8408551812171936,1,False,,,,
1766731753.366522,0.5257780885582709,1.1125407987204239,0.8408551812171936,1,False,,,,
1766731753.372239,0.6240656384650374,1.0464271948923445,0.8645338118076324,2,False,,,,
1766731753.72994,0.5698161512621354,0.9712081249008084,0.7359710335731506,2,False,,,,
1766731753.738157,0.5698161512621354,0.9712081249008084,0.7359710335731506,2,False,,,,
1766731753.74469,0.5698161512621354,0.9712081249008084,0.7359710335731506,2,False,,,,
1766731753.7475681,0.5698161512621354,0.9712081249008084,0.7359710335731506,2,False,,,,
1766731753.750358,0.5560838115215073,0.9226396183689527,0.6,2,False,,,,
1766731754.035655,0.5674085491150082,0.9459595320047997,0.8,2,False,,,,
1766731754.042182,0.5674085491150082,0.9459595320047997,0.8,2,False,,,,
1766731754.0488698,0.5674085491150082,0.9459595320047997,0.8,2,False,,,,
1766731754.051879,0.5674085491150082,0.9459595320047997,0.8,2,False,,,,
1766731754.054076,0.5367337254286424,0.9986047771846944,0.6,2,False,,,,
