timestamp,gaze_x,gaze_y,gaze_confidence,num_faces,is_looking_at_face,face_bbox_left,face_bbox_top,face_bbox_width,face_bbox_height
1766480259.1746821,0.4844504490868976,0.6272500075728491,0.0,1,True,0.44391101598739624,0.6290146708488464,0.09328784793615341,0.17966173589229584
1766480259.895256,0.4888800550868285,0.6324895343899545,0.34571292087350886,1,True,0.44391101598739624,0.6290146708488464,0.09328784793615341,0.17966173589229584
1766480259.902092,0.4888800550868285,0.6324895343899545,0.34571292087350886,1,True,0.44391101598739624,0.6290146708488464,0.09328784793615341,0.17966173589229584
1766480259.906205,0.4888800550868285,0.6324895343899545,0.34571292087350886,1,True,0.44391101598739624,0.6290146708488464,0.09328784793615341,0.17966173589229584
1766480259.909131,0.4888800550868285,0.6324895343899545,0.34571292087350886,1,True,0.44391101598739624,0.6290146708488464,0.09328784793615341,0.17966173589229584
1766480259.911904,0.18228055975310045,1.384705340057648,0.7841726839542389,1,False,,,,
1766480260.404403,0.18228055975310045,1.384705340057648,0.7841726839542389,1,False,,,,
1766480260.411466,0.18228055975310045,1.384705340057648,0.7841726839542389,1,False,,,,
1766480260.414966,0.18228055975310045,1.384705340057648,0.7841726839542389,1,False,,,,
1766480260.418337,0.1879266945728809,1.3637186881806491,0.7652948351816334,1,False,,,,
1766480260.421068,0.4844504490868976,0.6272500075728491,0.0,1,True,0.4348606467247009,0.5912270545959473,0.09324131160974503,0.19663017988204956
1766480260.928407,0.4844504490868976,0.6272500075728491,0.0,1,True,0.4348606467247009,0.5912270545959473,0.09324131160974503,0.19663017988204956
1766480260.9352279,0.4844504490868976,0.6272500075728491,0.0,1,True,0.4348606467247009,0.5912270545959473,0.09324131160974503,0.19663017988204956
1766480260.941039,0.4844504490868976,0.6272500075728491,0.0,1,True,0.4348606467247009,0.5912270545959473,0.09324131160974503,0.19663017988204956
1766480260.943794,0.4844504490868976,0.6272500075728491,0.0,1,True,0.4348606467247009,0.5912270545959473,0.09324131160974503,0.19663017988204956
1766480260.946759,0.47864547234963056,0.694836094933648,0.741108775138855,1,True,0.44166475534439087,0.5190003514289856,0.09685297310352325,0.19302113354206085
1766480261.4550002,0.4844504490868976,0.6272500075728491,0.0,1,True,0.44166475534439087,0.5190003514289856,0.09685297310352325,0.19302113354206085
1766480261.4620118,0.4844504490868976,0.6272500075728491,0.0,1,True,0.44166475534439087,0.5190003514289856,0.09685297310352325,0.19302113354206085
1766480261.4690912,0.4844504490868976,0.6272500075728491,0.0,1,True,0.44166475534439087,0.5190003514289856,0.09685297310352325,0.19302113354206085
1766480261.472764,0.4844504490868976,0.6272500075728491,0.0,1,True,0.44166475534439087,0.5190003514289856,0.09685297310352325,0.19302113354206085
1766480261.475611,0.4844504490868976,0.6272500075728491,0.0,1,True,0.43035030364990234,0.4839041531085968,0.09747906029224396,0.19530296325683594
1766480261.876121,0.4844504490868976,0.6272500075728491,0.0,1,True,0.43035030364990234,0.4839041531085968,0.09747906029224396,0.19530296325683594
1766480261.883204,0.4844504490868976,0.6272500075728491,0.0,1,True,0.43035030364990234,0.4839041531085968,0.09747906029224396,0.19530296325683594
1766480261.8858812,0.4844504490868976,0.6272500075728491,0.0,1,True,0.43035030364990234,0.4839041531085968,0.09747906029224396,0.19530296325683594
1766480261.890344,0.4809524711158484,0.6955730893048717,0.7712998390197754,1,True,0.43035030364990234,0.4839041531085968,0.09747906029224396,0.19530296325683594
1766480261.8957188,0.4844504490868976,0.6272500075728491,0.0,1,False,,,,
1766480262.312494,0.4844504490868976,0.6272500075728491,0.0,1,False,,,,
1766480262.3187451,0.4844504490868976,0.6272500075728491,0.0,1,False,,,,
1766480262.3214989,0.4844504490868976,0.6272500075728491,0.0,1,False,,,,
1766480262.324529,0.4844504490868976,0.6272500075728491,0.0,1,False,,,,
1766480262.3276029,0.4910255652192223,0.6247931609963261,0.2078603100770365,1,False,,,,
1766480262.74788,0.4910255652192223,0.6247931609963261,0.2078603100770365,1,False,,,,
1766480262.754488,0.4910255652192223,0.6247931609963261,0.2078603100770365,1,False,,,,
1766480262.757409,0.4910255652192223,0.6247931609963261,0.2078603100770365,1,False,,,,
1766480262.7606301,0.4731169123438762,0.6641306788720863,0.0,1,False,,,,
1766480262.7644749,0.4894542914379942,0.6035984452075146,0.008511164250869948,1,False,,,,
1766480263.255871,0.4894542914379942,0.6035984452075146,0.008511164250869948,1,False,,,,
1766480263.261266,0.4894542914379942,0.6035984452075146,0.008511164250869948,1,False,,,,
1766480263.264735,0.4894420876888563,0.6248550478341628,0.02019572525205663,1,False,,,,
1766480263.2682471,0.4894420876888563,0.6248550478341628,0.02019572525205663,1,False,,,,
1766480263.271484,0.4844477810049973,0.6272555465670171,0.0,1,True,0.43881550431251526,0.6079440712928772,0.10693073272705078,0.19530335068702698
1766480263.6094038,0.4844477810049973,0.6272555465670171,0.0,1,True,0.43881550431251526,0.6079440712928772,0.10693073272705078,0.19530335068702698
1766480263.615859,0.4844477810049973,0.6272555465670171,0.0,1,True,0.43881550431251526,0.6079440712928772,0.10693073272705078,0.19530335068702698
1766480263.619195,0.4844477810049973,0.6272555465670171,0.0,1,True,0.43881550431251526,0.6079440712928772,0.10693073272705078,0.19530335068702698
1766480263.6218612,0.4844477810049973,0.6272555465670171,0.0,1,True,0.43881550431251526,0.6079440712928772,0.10693073272705078,0.19530335068702698
1766480263.624491,0.47857428693136345,0.6965944283166295,0.8505917191505432,1,True,0.4297390878200531,0.5608996748924255,0.10817117989063263,0.2101733684539795
1766480263.946049,0.47857428693136345,0.6965944283166295,0.8505917191505432,1,True,0.4297390878200531,0.5608996748924255,0.10817117989063263,0.2101733684539795
1766480263.952356,0.47857428693136345,0.6965944283166295,0.8505917191505432,1,True,0.4297390878200531,0.5608996748924255,0.10817117989063263,0.2101733684539795
1766480263.955212,0.47857428693136345,0.6965944283166295,0.8505917191505432,1,True,0.4297390878200531,0.5608996748924255,0.10817117989063263,0.2101733684539795
1766480263.960551,0.47857428693136345,0.6965944283166295,0.8505917191505432,1,True,0.4297390878200531,0.5608996748924255,0.10817117989063263,0.2101733684539795
1766480263.963368,-0.21578233048313775,1.6884598224523422,0.7502219120487534,1,False,,,,
1766480264.375378,-0.20524014044845798,1.6756863410211968,0.7386186460480058,1,False,,,,
1766480264.383125,-0.20524014044845798,1.6756863410211968,0.7386186460480058,1,False,,,,
1766480264.389481,-0.20524014044845798,1.6756863410211968,0.7386186460480058,1,False,,,,
1766480264.392447,-0.20524014044845798,1.6756863410211968,0.7386186460480058,1,False,,,,
1766480264.3951218,0.47512049222194347,0.6993261617699311,0.7763569951057434,1,True,0.43982023000717163,0.5835719704627991,0.09776811301708221,0.20082974433898926
1766480264.7541308,0.47512049222194347,0.6993261617699311,0.7763569951057434,1,True,0.43982023000717163,0.5835719704627991,0.09776811301708221,0.20082974433898926
1766480264.760757,0.47512049222194347,0.6993261617699311,0.7763569951057434,1,True,0.43982023000717163,0.5835719704627991,0.09776811301708221,0.20082974433898926
1766480264.7641642,0.47512049222194347,0.6993261617699311,0.7763569951057434,1,True,0.43982023000717163,0.5835719704627991,0.09776811301708221,0.20082974433898926
1766480264.7675252,0.47512049222194347,0.6993261617699311,0.7763569951057434,1,True,0.43982023000717163,0.5835719704627991,0.09776811301708221,0.20082974433898926
1766480264.770132,0.49425920758200104,0.6212545282452036,0.007569262439556169,1,True,0.43330711126327515,0.5747582316398621,0.09622297435998917,0.19090983271598816
1766480265.127029,0.49425920758200104,0.6212545282452036,0.007569262439556169,1,True,0.43330711126327515,0.5747582316398621,0.09622297435998917,0.19090983271598816
1766480265.133705,0.49425920758200104,0.6212545282452036,0.007569262439556169,1,True,0.43330711126327515,0.5747582316398621,0.09622297435998917,0.19090983271598816
1766480265.136698,0.49425920758200104,0.6212545282452036,0.007569262439556169,1,True,0.43330711126327515,0.5747582316398621,0.09622297435998917,0.19090983271598816
1766480265.13937,0.4961937132887665,0.6251908267696296,0.09601808375873654,1,True,0.43330711126327515,0.5747582316398621,0.09622297435998917,0.19090983271598816
1766480265.142882,0.49538921485049137,0.6228174402196522,0.00992727336885581,1,True,0.43051964044570923,0.5661028623580933,0.09473409503698349,0.1990678608417511
1766480265.498354,0.49538921485049137,0.6228174402196522,0.00992727336885581,1,True,0.43051964044570923,0.5661028623580933,0.09473409503698349,0.1990678608417511
1766480265.505168,0.49538921485049137,0.6228174402196522,0.00992727336885581,1,True,0.43051964044570923,0.5661028623580933,0.09473409503698349,0.1990678608417511
1766480265.508831,0.49848434981429585,0.6261223079632651,0.11008825467279353,1,True,0.43051964044570923,0.5661028623580933,0.09473409503698349,0.1990678608417511
1766480265.511729,0.49848434981429585,0.6261223079632651,0.11008825467279353,1,True,0.43051964044570923,0.5661028623580933,0.09473409503698349,0.1990678608417511
1766480265.515249,0.4719399373117109,0.6977769934834891,0.7253848910331726,1,True,0.41245022416114807,0.5514398217201233,0.09574480354785919,0.20128563046455383
1766480265.899922,0.4719399373117109,0.6977769934834891,0.7253848910331726,1,True,0.41245022416114807,0.5514398217201233,0.09574480354785919,0.20128563046455383
1766480265.906828,0.4719399373117109,0.6977769934834891,0.7253848910331726,1,True,0.41245022416114807,0.5514398217201233,0.09574480354785919,0.20128563046455383
1766480265.9121768,0.47311670891387275,0.6641308451673074,0.0,1,True,0.41245022416114807,0.5514398217201233,0.09574480354785919,0.20128563046455383
1766480265.915367,0.47311670891387275,0.6641308451673074,0.0,1,True,0.41245022416114807,0.5514398217201233,0.09574480354785919,0.20128563046455383
1766480265.9230368,0.47311670891387275,0.6641308451673074,0.0,1,True,0.4090830683708191,0.5554942488670349,0.0912395492196083,0.2016579508781433
1766480266.503969,0.47311670891387275,0.6641308451673074,0.0,1,True,0.4090830683708191,0.5554942488670349,0.0912395492196083,0.2016579508781433
1766480266.510769,0.47311670891387275,0.6641308451673074,0.0,1,True,0.4090830683708191,0.5554942488670349,0.0912395492196083,0.2016579508781433
1766480266.514839,0.47311670891387275,0.6641308451673074,0.0,1,True,0.4090830683708191,0.5554942488670349,0.0912395492196083,0.2016579508781433
1766480266.517643,0.47311670891387275,0.6641308451673074,0.0,1,True,0.4090830683708191,0.5554942488670349,0.0912395492196083,0.2016579508781433
1766480266.5240278,0.5020297006749501,0.628469784987557,0.10853127531952965,1,True,0.41244035959243774,0.5561603903770447,0.09218969196081161,0.19922654330730438
1766480267.015125,0.47311670891387275,0.6641308451673074,0.0,1,True,0.41244035959243774,0.5561603903770447,0.09218969196081161,0.19922654330730438
1766480267.022356,0.47311670891387275,0.6641308451673074,0.0,1,True,0.41244035959243774,0.5561603903770447,0.09218969196081161,0.19922654330730438
1766480267.028874,0.47311670891387275,0.6641308451673074,0.0,1,True,0.41244035959243774,0.5561603903770447,0.09218969196081161,0.19922654330730438
1766480267.03205,0.47311670891387275,0.6641308451673074,0.0,1,True,0.41244035959243774,0.5561603903770447,0.09218969196081161,0.19922654330730438
1766480267.037329,0.48448898463130013,0.6723140060524226,0.4599311150734648,1,True,0.41134586930274963,0.5428943037986755,0.09180326759815216,0.2045360952615738
1766480267.5161998,0.48448898463130013,0.6723140060524226,0.4599311150734648,1,True,0.41134586930274963,0.5428943037986755,0.09180326759815216,0.2045360952615738
1766480267.523873,0.4829941110752565,0.6746097882816919,0.4235643378800776,1,True,0.41134586930274963,0.5428943037986755,0.09180326759815216,0.2045360952615738
1766480267.527164,0.4829941110752565,0.6746097882816919,0.4235643378800776,1,True,0.41134586930274963,0.5428943037986755,0.09180326759815216,0.2045360952615738
1766480267.53354,0.4829941110752565,0.6746097882816919,0.4235643378800776,1,True,0.41134586930274963,0.5428943037986755,0.09180326759815216,0.2045360952615738
1766480267.536439,0.44289898941905026,0.6129023819886062,0.3503589807223237,1,True,0.4150537848472595,0.5673294067382812,0.09400491416454315,0.18803711235523224
1766480268.2983649,0.44289898941905026,0.6129023819886062,0.3503589807223237,1,True,0.4150537848472595,0.5673294067382812,0.09400491416454315,0.18803711235523224
1766480268.306674,0.44289898941905026,0.6129023819886062,0.3503589807223237,1,True,0.4150537848472595,0.5673294067382812,0.09400491416454315,0.18803711235523224
1766480268.30904,0.44289898941905026,0.6129023819886062,0.3503589807223237,1,True,0.4150537848472595,0.5673294067382812,0.09400491416454315,0.18803711235523224
1766480268.311282,0.44289898941905026,0.6129023819886062,0.3503589807223237,1,True,0.4150537848472595,0.5673294067382812,0.09400491416454315,0.18803711235523224
1766480268.3136861,0.22238393823648933,1.1072208668325405,0.8072936534881592,1,False,,,,
1766480268.6603782,0.4910898916628181,0.6672335748459288,0.4399339971467136,1,False,,,,
1766480268.665601,0.4910898916628181,0.6672335748459288,0.4399339971467136,1,False,,,,
1766480268.671554,0.4910898916628181,0.6672335748459288,0.4399339971467136,1,False,,,,
1766480268.674528,0.4910898916628181,0.6672335748459288,0.4399339971467136,1,False,,,,
1766480268.676842,3.1396703827821693,-1.0616159451539628,0.8237493932247162,1,False,,,,
1766480269.063168,1.7104939014658131,-0.1224903306090861,0.8086763918399811,1,False,,,,
1766480269.071536,1.7104939014658131,-0.1224903306090861,0.8086763918399811,1,False,,,,
1766480269.076548,1.7104939014658131,-0.1224903306090861,0.8086763918399811,1,False,,,,
1766480269.079168,1.7104939014658131,-0.1224903306090861,0.8086763918399811,1,False,,,,
1766480269.081679,1.283910851824646,0.19074866205251173,0.781535416841507,1,False,,,,
1766480269.455133,1.283910851824646,0.19074866205251173,0.781535416841507,1,False,,,,
1766480269.4618628,1.196288108091545,0.27139454737092483,0.7528874576091766,1,False,,,,
1766480269.4659882,1.196288108091545,0.27139454737092483,0.7528874576091766,1,False,,,,
1766480269.4711628,1.196288108091545,0.27139454737092483,0.7528874576091766,1,False,,,,
1766480269.476247,0.4539287856636632,0.6439754982046626,0.3434706085123887,1,False,,,,
1766480269.842924,0.4539287856636632,0.6439754982046626,0.3434706085123887,1,False,,,,
1766480269.848387,0.4539287856636632,0.6439754982046626,0.3434706085123887,1,False,,,,
1766480269.85097,0.4539287856636632,0.6439754982046626,0.3434706085123887,1,False,,,,
1766480269.8535428,0.4539287856636632,0.6439754982046626,0.3434706085123887,1,False,,,,
1766480269.8560672,0.4811710458828987,0.7215352819896935,0.35814258292956896,1,False,,,,
1766480270.2237608,0.4811710458828987,0.7215352819896935,0.35814258292956896,1,False,,,,
1766480270.2290611,0.4811710458828987,0.7215352819896935,0.35814258292956896,1,False,,,,
1766480270.232322,0.4831249375107767,0.7188949465153672,0.42894400460307647,1,False,,,,
1766480270.235339,0.4562503610786817,0.670203793502954,1.0,1,False,,,,
1766480270.238432,1.3213943512810284,0.020749276127469685,0.839250773191452,1,False,,,,
1766480270.7390778,0.2739590763339017,-0.3325223129975037,0.9355464577674866,1,False,,,,
1766480270.747621,0.2739590763339017,-0.3325223129975037,0.9355464577674866,1,False,,,,
1766480270.753363,0.2739590763339017,-0.3325223129975037,0.9355464577674866,1,False,,,,
1766480270.756254,0.2739590763339017,-0.3325223129975037,0.9355464577674866,1,False,,,,
1766480270.759242,1.9199424662337965,3.793838946983144,0.9318302273750305,1,False,,,,
1766480271.0975602,1.9199424662337965,3.793838946983144,0.9318302273750305,1,False,,,,
1766480271.106364,6.129461637076989,14.247643047268982,0.825061708688736,1,False,,,,
1766480271.1096902,6.129461637076989,14.247643047268982,0.825061708688736,1,False,,,,
1766480271.1129549,6.129461637076989,14.247643047268982,0.825061708688736,1,False,,,,
1766480271.120704,0.16869871159536745,-0.5376432609712289,0.7987717563864799,1,False,,,,
1766480271.414565,0.16869871159536745,-0.5376432609712289,0.7987717563864799,1,False,,,,
1766480271.421729,0.16869871159536745,-0.5376432609712289,0.7987717563864799,1,False,,,,
1766480271.427804,0.16869871159536745,-0.5376432609712289,0.7987717563864799,1,False,,,,
1766480271.430548,0.16869871159536745,-0.5376432609712289,0.7987717563864799,1,False,,,,
1766480271.433127,0.4529436700009614,0.6664793118857993,0.38643618482641334,1,True,0.427833616733551,0.5192321538925171,0.10472173988819122,0.20156267285346985
1766480271.756448,0.4529436700009614,0.6664793118857993,0.38643618482641334,1,True,0.427833616733551,0.5192321538925171,0.10472173988819122,0.20156267285346985
1766480271.763029,0.4529436700009614,0.6664793118857993,0.38643618482641334,1,True,0.427833616733551,0.5192321538925171,0.10472173988819122,0.20156267285346985
1766480271.766597,0.4529436700009614,0.6664793118857993,0.38643618482641334,1,True,0.427833616733551,0.5192321538925171,0.10472173988819122,0.20156267285346985
1766480271.769344,0.4529436700009614,0.6664793118857993,0.38643618482641334,1,True,0.427833616733551,0.5192321538925171,0.10472173988819122,0.20156267285346985
1766480271.772018,0.44785936555191397,0.5793344526749535,0.8218770623207092,1,True,0.4228530526161194,0.5194041132926941,0.10532283782958984,0.20476718246936798
1766480272.0576131,0.44785936555191397,0.5793344526749535,0.8218770623207092,1,True,0.4228530526161194,0.5194041132926941,0.10532283782958984,0.20476718246936798
1766480272.064257,0.44785936555191397,0.5793344526749535,0.8218770623207092,1,True,0.4228530526161194,0.5194041132926941,0.10532283782958984,0.20476718246936798
1766480272.067457,0.44785936555191397,0.5793344526749535,0.8218770623207092,1,True,0.4228530526161194,0.5194041132926941,0.10532283782958984,0.20476718246936798
1766480272.070167,0.44785936555191397,0.5793344526749535,0.8218770623207092,1,True,0.4228530526161194,0.5194041132926941,0.10532283782958984,0.20476718246936798
1766480272.0756962,0.47304629779503926,0.6641186497998487,0.0,1,True,0.4236127436161041,0.5314164757728577,0.10577306896448135,0.20415344834327698
1766480272.461674,0.47304629779503926,0.6641186497998487,0.0,1,True,0.4236127436161041,0.5314164757728577,0.10577306896448135,0.20415344834327698
1766480272.468221,0.47304629779503926,0.6641186497998487,0.0,1,True,0.4236127436161041,0.5314164757728577,0.10577306896448135,0.20415344834327698
1766480272.471491,0.47304629779503926,0.6641186497998487,0.0,1,True,0.4236127436161041,0.5314164757728577,0.10577306896448135,0.20415344834327698
1766480272.4740999,0.47304629779503926,0.6641186497998487,0.0,1,True,0.4236127436161041,0.5314164757728577,0.10577306896448135,0.20415344834327698
1766480272.477431,0.4494000618817677,0.5799319370363919,0.8101868033409119,1,True,0.42012643814086914,0.5243296027183533,0.10103969275951385,0.20299851894378662
1766480272.8354518,0.4494000618817677,0.5799319370363919,0.8101868033409119,1,True,0.42012643814086914,0.5243296027183533,0.10103969275951385,0.20299851894378662
1766480272.8421052,0.4494000618817677,0.5799319370363919,0.8101868033409119,1,True,0.42012643814086914,0.5243296027183533,0.10103969275951385,0.20299851894378662
1766480272.845325,0.4494000618817677,0.5799319370363919,0.8101868033409119,1,True,0.42012643814086914,0.5243296027183533,0.10103969275951385,0.20299851894378662
1766480272.848962,0.47304629779503926,0.6641186497998487,0.0,1,True,0.42012643814086914,0.5243296027183533,0.10103969275951385,0.20299851894378662
1766480272.8523571,0.4524703357282246,0.6756935630113077,0.15195326322216013,1,True,0.424154669046402,0.5188958048820496,0.101251982152462,0.2016776204109192
1766480273.1924741,0.4524703357282246,0.6756935630113077,0.15195326322216013,1,True,0.424154669046402,0.5188958048820496,0.101251982152462,0.2016776204109192
1766480273.197678,0.4524703357282246,0.6756935630113077,0.15195326322216013,1,True,0.424154669046402,0.5188958048820496,0.101251982152462,0.2016776204109192
1766480273.200427,0.4524703357282246,0.6756935630113077,0.15195326322216013,1,True,0.424154669046402,0.5188958048820496,0.101251982152462,0.2016776204109192
1766480273.203124,0.4524703357282246,0.6756935630113077,0.15195326322216013,1,True,0.424154669046402,0.5188958048820496,0.101251982152462,0.2016776204109192
1766480273.2055192,0.44999457184358144,0.6794246016781922,0.23184086591774888,1,True,0.4286549985408783,0.5283210873603821,0.10214853286743164,0.20209486782550812
1766480273.513104,0.44999457184358144,0.6794246016781922,0.23184086591774888,1,True,0.4286549985408783,0.5283210873603821,0.10214853286743164,0.20209486782550812
1766480273.521869,0.45132127010822104,0.6798911998662659,0.21301394006605626,1,True,0.4286549985408783,0.5283210873603821,0.10214853286743164,0.20209486782550812
1766480273.528553,0.45132127010822104,0.6798911998662659,0.21301394006605626,1,True,0.4286549985408783,0.5283210873603821,0.10214853286743164,0.20209486782550812
1766480273.53147,0.45132127010822104,0.6798911998662659,0.21301394006605626,1,True,0.4286549985408783,0.5283210873603821,0.10214853286743164,0.20209486782550812
1766480273.534473,0.47304629779503926,0.6641186497998487,0.0,1,True,0.4258359372615814,0.5391162633895874,0.10213985294103622,0.20769093930721283
1766480273.793522,0.47304629779503926,0.6641186497998487,0.0,1,True,0.4258359372615814,0.5391162633895874,0.10213985294103622,0.20769093930721283
1766480273.8002229,0.47304629779503926,0.6641186497998487,0.0,1,True,0.4258359372615814,0.5391162633895874,0.10213985294103622,0.20769093930721283
1766480273.803255,0.47304629779503926,0.6641186497998487,0.0,1,True,0.4258359372615814,0.5391162633895874,0.10213985294103622,0.20769093930721283
1766480273.808644,0.47304629779503926,0.6641186497998487,0.0,1,True,0.4258359372615814,0.5391162633895874,0.10213985294103622,0.20769093930721283
1766480273.8115342,0.4484589956700439,0.676362872997089,0.15818021586793396,1,True,0.4208528399467468,0.5502750873565674,0.10077905654907227,0.20250515639781952
1766480274.0672529,0.4484589956700439,0.676362872997089,0.15818021586793396,1,True,0.4208528399467468,0.5502750873565674,0.10077905654907227,0.20250515639781952
1766480274.073667,0.4484589956700439,0.676362872997089,0.15818021586793396,1,True,0.4208528399467468,0.5502750873565674,0.10077905654907227,0.20250515639781952
1766480274.0769181,0.4484589956700439,0.676362872997089,0.15818021586793396,1,True,0.4208528399467468,0.5502750873565674,0.10077905654907227,0.20250515639781952
1766480274.079583,0.4484589956700439,0.676362872997089,0.15818021586793396,1,True,0.4208528399467468,0.5502750873565674,0.10077905654907227,0.20250515639781952
1766480274.082635,0.47304629779503926,0.6641186497998487,0.0,1,True,0.4168888032436371,0.5659394860267639,0.09927892684936523,0.19612190127372742
1766480274.3940191,0.44948896402743266,0.6791923666246176,0.13277073124827415,1,True,0.4168888032436371,0.5659394860267639,0.09927892684936523,0.19612190127372742
1766480274.40148,0.44948896402743266,0.6791923666246176,0.13277073124827415,1,True,0.4168888032436371,0.5659394860267639,0.09927892684936523,0.19612190127372742
1766480274.4078872,0.44948896402743266,0.6791923666246176,0.13277073124827415,1,True,0.4168888032436371,0.5659394860267639,0.09927892684936523,0.19612190127372742
1766480274.4107661,0.44948896402743266,0.6791923666246176,0.13277073124827415,1,True,0.4168888032436371,0.5659394860267639,0.09927892684936523,0.19612190127372742
1766480274.413468,0.47304629779503926,0.6641186497998487,0.0,1,True,0.4169823229312897,0.56352698802948,0.10037746280431747,0.1985766887664795
1766480274.666386,0.47304629779503926,0.6641186497998487,0.0,1,True,0.4169823229312897,0.56352698802948,0.10037746280431747,0.1985766887664795
1766480274.6726131,0.47304629779503926,0.6641186497998487,0.0,1,True,0.4169823229312897,0.56352698802948,0.10037746280431747,0.1985766887664795
1766480274.675694,0.47304629779503926,0.6641186497998487,0.0,1,True,0.4169823229312897,0.56352698802948,0.10037746280431747,0.1985766887664795
1766480274.678454,0.47304629779503926,0.6641186497998487,0.0,1,True,0.4169823229312897,0.56352698802948,0.10037746280431747,0.1985766887664795
1766480274.6809611,0.4496995914691582,0.678659814854691,0.09424662676332465,1,True,0.4187437891960144,0.5673683285713196,0.09935321658849716,0.19534572958946228
1766480274.967278,0.4496995914691582,0.678659814854691,0.09424662676332465,1,True,0.4187437891960144,0.5673683285713196,0.09935321658849716,0.19534572958946228
1766480274.975042,0.4496995914691582,0.678659814854691,0.09424662676332465,1,True,0.4187437891960144,0.5673683285713196,0.09935321658849716,0.19534572958946228
1766480274.9781802,0.4496995914691582,0.678659814854691,0.09424662676332465,1,True,0.4187437891960144,0.5673683285713196,0.09935321658849716,0.19534572958946228
1766480274.9806411,0.4496995914691582,0.678659814854691,0.09424662676332465,1,True,0.4187437891960144,0.5673683285713196,0.09935321658849716,0.19534572958946228
1766480274.982966,0.47304629779503926,0.6641186497998487,0.0,2,False,,,,
1766480275.389385,0.47304629779503926,0.6641186497998487,0.0,2,False,,,,
1766480275.399601,0.4882306170535853,0.693156034578796,0.7434208989143372,2,False,,,,
1766480275.4051788,0.4882306170535853,0.693156034578796,0.7434208989143372,2,False,,,,
1766480275.407742,0.4882306170535853,0.693156034578796,0.7434208989143372,2,False,,,,
1766480275.409863,0.4730467164387919,0.6641182121687996,0.0,0,False,,,,
1766480275.607075,0.4730467164387919,0.6641182121687996,0.0,0,False,,,,
1766480275.613814,0.4730467164387919,0.6641182121687996,0.0,0,False,,,,
1766480275.6166651,0.4730467164387919,0.6641182121687996,0.0,0,False,,,,
1766480275.619138,0.4730467164387919,0.6641182121687996,0.0,0,False,,,,
1766480275.621397,100.0,101.0,0.8906843066215515,0,False,,,,
1766480275.7713048,100.0,101.0,0.8906843066215515,0,False,,,,
1766480275.777937,100.0,101.0,0.8906843066215515,0,False,,,,
1766480275.78035,100.0,101.0,0.8906843066215515,0,False,,,,
1766480275.782515,100.0,101.0,0.8906843066215515,0,False,,,,
1766480275.787253,1.011623377024066,0.9525877648547821,0.9242954059326214,0,False,,,,
1766480275.941764,1.011623377024066,0.9525877648547821,0.9242954059326214,0,False,,,,
1766480275.947485,1.011623377024066,0.9525877648547821,0.9242954059326214,0,False,,,,
1766480275.950104,1.011623377024066,0.9525877648547821,0.9242954059326214,0,False,,,,
1766480275.952445,1.011623377024066,0.9525877648547821,0.9242954059326214,0,False,,,,
1766480275.9547782,0.44770913056556794,0.5877106100488743,1.0,0,False,,,,
1766480276.1352818,0.1882835621054241,-0.4067416845968903,0.8843381404876709,0,False,,,,
1766480276.141057,0.1882835621054241,-0.4067416845968903,0.8843381404876709,0,False,,,,
1766480276.146422,0.1882835621054241,-0.4067416845968903,0.8843381404876709,0,False,,,,
1766480276.149654,0.1882835621054241,-0.4067416845968903,0.8843381404876709,0,False,,,,
1766480276.151882,0.4730467164387919,0.6641182121687996,0.0,0,False,,,,
1766480276.3091772,0.4730467164387919,0.6641182121687996,0.0,0,False,,,,
1766480276.313808,0.4730467164387919,0.6641182121687996,0.0,0,False,,,,
1766480276.3161962,0.4730467164387919,0.6641182121687996,0.0,0,False,,,,
1766480276.318547,0.4730467164387919,0.6641182121687996,0.0,0,False,,,,
1766480276.320808,1.1243906283415979,0.8208744022643987,0.8211178481578827,0,False,,,,
1766480276.491543,1.1243906283415979,0.8208744022643987,0.8211178481578827,0,False,,,,
1766480276.49705,1.1243906283415979,0.8208744022643987,0.8211178481578827,0,False,,,,
1766480276.500674,1.107100939050481,0.7594418064885278,0.825547069311142,0,False,,,,
1766480276.503229,1.0964190543919508,0.7251114432739646,0.8489372730255127,0,False,,,,
1766480276.505713,0.4554711775525065,0.6015607782370113,0.19771910743844825,1,False,,,,
1766480276.8093572,0.4554711775525065,0.6015607782370113,0.19771910743844825,1,False,,,,
1766480276.814872,0.4554711775525065,0.6015607782370113,0.19771910743844825,1,False,,,,
1766480276.817504,0.4554711775525065,0.6015607782370113,0.19771910743844825,1,False,,,,
1766480276.821954,0.4554711775525065,0.6015607782370113,0.19771910743844825,1,False,,,,
1766480276.8242822,0.4458591450019088,0.5821578102456654,1.0,0,False,,,,
1766480276.9801779,0.4458591450019088,0.5821578102456654,1.0,0,False,,,,
1766480276.985184,0.4458591450019088,0.5821578102456654,1.0,0,False,,,,
1766480276.9880042,0.4458591450019088,0.5821578102456654,1.0,0,False,,,,
1766480276.990467,0.4458591450019088,0.5821578102456654,1.0,0,False,,,,
1766480276.9927402,0.44622536218983705,0.579869878882149,1.0,0,False,,,,
1766480277.1805298,0.44622536218983705,0.579869878882149,1.0,0,False,,,,
1766480277.185408,0.44622536218983705,0.579869878882149,1.0,0,False,,,,
1766480277.187831,0.44622536218983705,0.579869878882149,1.0,0,False,,,,
1766480277.1908128,0.44622536218983705,0.579869878882149,1.0,0,False,,,,
1766480277.193287,0.4509196237695295,0.5820782075200651,1.0,0,False,,,,
1766480277.3694,0.4509196237695295,0.5820782075200651,1.0,0,False,,,,
1766480277.3749151,0.46874813072992005,0.5594158897959202,0.006408227245081988,0,False,,,,
1766480277.379476,0.46874813072992005,0.5594158897959202,0.006408227245081988,0,False,,,,
1766480277.385709,0.46874813072992005,0.5594158897959202,0.006408227245081988,0,False,,,,
1766480277.388364,0.4491061283032273,0.5797633810985198,1.0,0,False,,,,
1766480277.592476,0.4491061283032273,0.5797633810985198,1.0,0,False,,,,
1766480277.597056,0.4491061283032273,0.5797633810985198,1.0,0,False,,,,
1766480277.5998359,0.4491061283032273,0.5797633810985198,1.0,0,False,,,,
1766480277.603227,0.47124375819258535,0.5582656568776857,0.00707079423136526,0,False,,,,
1766480277.605898,6.096192580082708,-2.8296621331748724,0.8177370727062225,0,False,,,,
1766480277.866776,6.096192580082708,-2.8296621331748724,0.8177370727062225,0,False,,,,
1766480277.8719978,4.1748950817645625,-1.726044329225715,0.7885192656108753,0,False,,,,
1766480277.877225,3.9034825256832226,-1.5407641682735016,0.7948750853538513,0,False,,,,
1766480277.882539,3.9034825256832226,-1.5407641682735016,0.7948750853538513,0,False,,,,
1766480277.886255,1.4056314595251185,0.08196019125034593,0.8774404227733612,0,False,,,,
1766480278.08419,1.3747026221598602,0.10664007479588278,0.9297201931476593,0,False,,,,
1766480278.090376,1.3747026221598602,0.10664007479588278,0.9297201931476593,0,False,,,,
1766480278.0950148,1.3747026221598602,0.10664007479588278,0.9297201931476593,0,False,,,,
1766480278.097363,1.3747026221598602,0.10664007479588278,0.9297201931476593,0,False,,,,
1766480278.09962,0.4492736065761931,0.6200655664120968,0.1955410102954575,0,False,,,,
1766480278.251704,0.4492736065761931,0.6200655664120968,0.1955410102954575,0,False,,,,
1766480278.256903,0.4492736065761931,0.6200655664120968,0.1955410102954575,0,False,,,,
1766480278.259543,0.4492736065761931,0.6200655664120968,0.1955410102954575,0,False,,,,
1766480278.262089,0.4492736065761931,0.6200655664120968,0.1955410102954575,0,False,,,,
1766480278.2666109,0.4541594307992459,0.6228173827385693,0.3155414342616846,0,False,,,,
1766480278.452597,0.4548752116795364,0.6241043367239236,0.3438434242011478,0,False,,,,
1766480278.458507,0.4548752116795364,0.6241043367239236,0.3438434242011478,0,False,,,,
1766480278.463445,0.4548752116795364,0.6241043367239236,0.3438434242011478,0,False,,,,
1766480278.466256,0.4548752116795364,0.6241043367239236,0.3438434242011478,0,False,,,,
1766480278.468582,0.4409768309121813,0.7225017560287536,0.988770502062199,0,False,,,,
1766480278.754096,0.4409768309121813,0.7225017560287536,0.988770502062199,0,False,,,,
1766480278.759414,0.4409768309121813,0.7225017560287536,0.988770502062199,0,False,,,,
1766480278.762064,0.4409768309121813,0.7225017560287536,0.988770502062199,0,False,,,,
1766480278.764499,0.4409768309121813,0.7225017560287536,0.988770502062199,0,False,,,,
1766480278.766921,1.1736331743309383,0.30074783450413367,0.9751686751842499,0,False,,,,
1766480278.921472,1.1736331743309383,0.30074783450413367,0.9751686751842499,0,False,,,,
1766480278.926134,1.1736331743309383,0.30074783450413367,0.9751686751842499,0,False,,,,
1766480278.9286249,1.1736331743309383,0.30074783450413367,0.9751686751842499,0,False,,,,
1766480278.931093,1.1736331743309383,0.30074783450413367,0.9751686751842499,0,False,,,,
1766480278.933651,0.4516012813023587,0.7378212956343143,0.12502255619963498,1,False,,,,
1766480279.2815151,0.4507718828313173,0.6190025740698417,0.9582232236862183,1,False,,,,
1766480279.2890081,0.4507718828313173,0.6190025740698417,0.9582232236862183,1,False,,,,
1766480279.294403,0.4507718828313173,0.6190025740698417,0.9582232236862183,1,False,,,,
1766480279.297131,0.4507718828313173,0.6190025740698417,0.9582232236862183,1,False,,,,
1766480279.299608,0.4589768042662298,0.7332828179923875,0.08122279271572529,1,False,,,,
1766480279.552296,0.4545070576530897,0.7342660327240095,0.08448822851884802,1,False,,,,
1766480279.56143,0.4545070576530897,0.7342660327240095,0.08448822851884802,1,False,,,,
1766480279.5689988,0.4545070576530897,0.7342660327240095,0.08448822851884802,1,False,,,,
1766480279.573975,0.4545070576530897,0.7342660327240095,0.08448822851884802,1,False,,,,
1766480279.576596,1.0291509486301658,1.1936811090721104,0.9126386940479279,1,False,,,,
1766480279.826308,1.0291509486301658,1.1936811090721104,0.9126386940479279,1,False,,,,
1766480279.833466,1.0291509486301658,1.1936811090721104,0.9126386940479279,1,False,,,,
1766480279.836428,1.0291509486301658,1.1936811090721104,0.9126386940479279,1,False,,,,
1766480279.839133,1.0291509486301658,1.1936811090721104,0.9126386940479279,1,False,,,,
1766480279.84181,1.0505032843279765,0.8820985755730693,0.938233494758606,1,False,,,,
1766480280.155622,1.0588347175640564,0.8165357634536028,0.926354318857193,1,False,,,,
1766480280.163371,1.0588347175640564,0.8165357634536028,0.926354318857193,1,False,,,,
1766480280.1696389,1.0588347175640564,0.8165357634536028,0.926354318857193,1,False,,,,
1766480280.1726358,1.0588347175640564,0.8165357634536028,0.926354318857193,1,False,,,,
1766480280.175353,1.0669872153419853,0.6684688958762248,0.9060271978378296,1,False,,,,
1766480280.493376,1.0742005821912444,0.6163458826382953,0.9211276769638062,1,False,,,,
1766480280.500802,1.0742005821912444,0.6163458826382953,0.9211276769638062,1,False,,,,
1766480280.503628,1.0742005821912444,0.6163458826382953,0.9211276769638062,1,False,,,,
1766480280.506434,1.0742005821912444,0.6163458826382953,0.9211276769638062,1,False,,,,
1766480280.508883,1.1238879281308845,0.37950796410562226,0.9135400652885437,1,False,,,,
1766480280.727624,1.1238879281308845,0.37950796410562226,0.9135400652885437,1,False,,,,
1766480280.735132,1.1238879281308845,0.37950796410562226,0.9135400652885437,1,False,,,,
1766480280.738069,1.1238879281308845,0.37950796410562226,0.9135400652885437,1,False,,,,
1766480280.740661,1.1238879281308845,0.37950796410562226,0.9135400652885437,1,False,,,,
1766480280.7432508,0.47326578031040556,0.6636283717383056,0.0,1,False,,,,
1766480281.007503,0.47326578031040556,0.6636283717383056,0.0,1,False,,,,
1766480281.013498,0.47326578031040556,0.6636283717383056,0.0,1,False,,,,
1766480281.018671,0.47326578031040556,0.6636283717383056,0.0,1,False,,,,
1766480281.021373,0.47326578031040556,0.6636283717383056,0.0,1,False,,,,
1766480281.024155,1.374675451320502,0.012127436717281226,0.8279532492160797,1,False,,,,
1766480281.37554,1.374675451320502,0.012127436717281226,0.8279532492160797,1,False,,,,
1766480281.3816562,1.374675451320502,0.012127436717281226,0.8279532492160797,1,False,,,,
1766480281.384684,1.374675451320502,0.012127436717281226,0.8279532492160797,1,False,,,,
1766480281.3877819,1.374675451320502,0.012127436717281226,0.8279532492160797,1,False,,,,
1766480281.390238,1.0787750651766943,0.6141799632906505,0.7817852795124054,1,False,,,,
1766480281.6958342,1.0835407468743192,0.5739564135873803,0.7782265245914459,1,False,,,,
1766480281.70268,1.0835407468743192,0.5739564135873803,0.7782265245914459,1,False,,,,
1766480281.7089548,1.0835407468743192,0.5739564135873803,0.7782265245914459,1,False,,,,
1766480281.7118468,1.0835407468743192,0.5739564135873803,0.7782265245914459,1,False,,,,
1766480281.71646,1.094704418751786,0.49687756792959303,0.7683113217353821,1,False,,,,
1766480281.9870322,1.094704418751786,0.49687756792959303,0.7683113217353821,1,False,,,,
1766480281.993593,1.094704418751786,0.49687756792959303,0.7683113217353821,1,False,,,,
1766480281.996963,0.44995085661245826,0.594744533070645,0.737699031829834,1,False,,,,
1766480282.000639,0.44995085661245826,0.594744533070645,0.737699031829834,1,False,,,,
1766480282.004877,0.4675432557855796,0.7180076375572677,0.7310305237770081,1,False,,,,
1766480282.251953,0.4675432557855796,0.7180076375572677,0.7310305237770081,1,False,,,,
1766480282.257834,0.4675432557855796,0.7180076375572677,0.7310305237770081,1,False,,,,
1766480282.260633,0.4675432557855796,0.7180076375572677,0.7310305237770081,1,False,,,,
1766480282.263969,0.4574837028006121,0.5888548955345335,0.200419930636386,1,False,,,,
1766480282.2677078,0.4560384116989072,0.583424918980229,0.14702185683262875,1,False,,,,
1766480282.508575,0.4560384116989072,0.583424918980229,0.14702185683262875,1,False,,,,
1766480282.51373,0.4560384116989072,0.583424918980229,0.14702185683262875,1,False,,,,
1766480282.516424,0.4560384116989072,0.583424918980229,0.14702185683262875,1,False,,,,
1766480282.5191329,0.4560384116989072,0.583424918980229,0.14702185683262875,1,False,,,,
1766480282.5219631,0.4570245474615528,0.5839944973349367,0.23834139257779832,1,False,,,,
1766480282.832381,0.4573403781531267,0.5839841971632956,0.21665792112907645,1,False,,,,
1766480282.8405828,0.4573403781531267,0.5839841971632956,0.21665792112907645,1,False,,,,
1766480282.847224,0.4573403781531267,0.5839841971632956,0.21665792112907645,1,False,,,,
1766480282.849983,0.4573403781531267,0.5839841971632956,0.21665792112907645,1,False,,,,
1766480282.852479,0.4833827698551164,0.6938813903129147,0.2975261472442076,1,False,,,,
1766480283.1682088,0.4857757698995394,0.6907669831908045,0.2967653072111373,1,False,,,,
1766480283.175214,0.4857757698995394,0.6907669831908045,0.2967653072111373,1,False,,,,
1766480283.182179,0.4857757698995394,0.6907669831908045,0.2967653072111373,1,False,,,,
1766480283.187254,0.4857757698995394,0.6907669831908045,0.2967653072111373,1,False,,,,
1766480283.190251,0.4832530743437481,0.6948814309791673,0.3426143601770613,1,False,,,,
1766480283.476479,0.4832530743437481,0.6948814309791673,0.3426143601770613,1,False,,,,
1766480283.482791,0.4832530743437481,0.6948814309791673,0.3426143601770613,1,False,,,,
1766480283.485648,0.4832530743437481,0.6948814309791673,0.3426143601770613,1,False,,,,
1766480283.488288,0.4832530743437481,0.6948814309791673,0.3426143601770613,1,False,,,,
1766480283.49087,0.47535478930765096,0.6804663255864366,0.09654431251628855,1,False,,,,
1766480283.855207,0.47535478930765096,0.6804663255864366,0.09654431251628855,1,False,,,,
1766480283.860994,0.47535478930765096,0.6804663255864366,0.09654431251628855,1,False,,,,
1766480283.8640482,0.47535478930765096,0.6804663255864366,0.09654431251628855,1,False,,,,
1766480283.8664908,0.47535478930765096,0.6804663255864366,0.09654431251628855,1,False,,,,
1766480283.868947,0.4453478625993184,0.5945309333319941,0.10902891399204988,1,False,,,,
1766480284.127074,0.4453478625993184,0.5945309333319941,0.10902891399204988,1,False,,,,
1766480284.134758,0.4453478625993184,0.5945309333319941,0.10902891399204988,1,False,,,,
1766480284.137585,0.4453478625993184,0.5945309333319941,0.10902891399204988,1,False,,,,
1766480284.140886,0.4801268138834464,0.6690670054532942,0.052428430891857294,1,False,,,,
1766480284.1448379,0.45303609556010427,0.6424351072874547,0.900222023395113,1,False,,,,
1766480284.376144,0.47325193523905573,0.6636543117388747,0.0,1,False,,,,
1766480284.385385,0.47325193523905573,0.6636543117388747,0.0,1,False,,,,
1766480284.390783,0.47325193523905573,0.6636543117388747,0.0,1,False,,,,
1766480284.3933718,0.47325193523905573,0.6636543117388747,0.0,1,False,,,,
1766480284.395883,1.071157674414713,0.5440648253906684,0.8892628848552704,0,False,,,,
1766480284.565119,1.071157674414713,0.5440648253906684,0.8892628848552704,0,False,,,,
1766480284.570888,1.071157674414713,0.5440648253906684,0.8892628848552704,0,False,,,,
1766480284.575818,1.0722220121217831,0.5422756587608989,0.8922796249389648,0,False,,,,
1766480284.5787652,0.4732539967851772,0.6637796801477426,0.0,0,False,,,,
1766480284.581708,0.4732539967851772,0.6637796801477426,0.0,0,False,,,,
1766480284.789509,0.4732539967851772,0.6637796801477426,0.0,0,False,,,,
1766480284.796417,0.4732539967851772,0.6637796801477426,0.0,0,False,,,,
1766480284.799007,0.4732539967851772,0.6637796801477426,0.0,0,False,,,,
1766480284.8016388,0.4732539967851772,0.6637796801477426,0.0,0,False,,,,
1766480284.803753,0.4732539967851772,0.6637796801477426,0.0,0,False,,,,
1766480284.9715571,0.4732539967851772,0.6637796801477426,0.0,0,False,,,,
1766480284.978915,0.4732539967851772,0.6637796801477426,0.0,0,False,,,,
1766480284.9828238,0.4732539967851772,0.6637796801477426,0.0,0,False,,,,
1766480284.989053,0.4732539967851772,0.6637796801477426,0.0,0,False,,,,
1766480284.993454,0.4722368398570067,0.7281924685074627,0.23308482293291305,0,False,,,,
1766480285.220317,0.4722368398570067,0.7281924685074627,0.23308482293291305,0,False,,,,
1766480285.226824,0.4722368398570067,0.7281924685074627,0.23308482293291305,0,False,,,,
1766480285.229107,0.4722368398570067,0.7281924685074627,0.23308482293291305,0,False,,,,
1766480285.231381,0.4722368398570067,0.7281924685074627,0.23308482293291305,0,False,,,,
1766480285.2335181,1.0665682085903945,0.6351891470287528,0.8818352516776442,0,False,,,,
1766480285.765381,1.0665682085903945,0.6351891470287528,0.8818352516776442,0,False,,,,
1766480285.772031,1.0665682085903945,0.6351891470287528,0.8818352516776442,0,False,,,,
1766480285.774722,1.0665682085903945,0.6351891470287528,0.8818352516776442,0,False,,,,
1766480285.7772002,1.0665682085903945,0.6351891470287528,0.8818352516776442,0,False,,,,
1766480285.7794409,1.0773989180148615,0.5318666233623369,0.8786509221410734,0,False,,,,
1766480285.933816,1.0773989180148615,0.5318666233623369,0.8786509221410734,0,False,,,,
1766480285.9380999,1.0773989180148615,0.5318666233623369,0.8786509221410734,0,False,,,,
1766480285.9403489,1.0773989180148615,0.5318666233623369,0.8786509221410734,0,False,,,,
1766480285.942729,1.0773989180148615,0.5318666233623369,0.8786509221410734,0,False,,,,
1766480285.944789,1.1342071760192158,0.33678988545049926,0.8809787333011627,0,False,,,,
1766480286.6817331,1.1342071760192158,0.33678988545049926,0.8809787333011627,0,False,,,,
1766480286.687372,0.4434834444680152,0.6043406743766828,0.14550297272020996,0,False,,,,
1766480286.690104,0.448752622777233,0.6018109356995077,0.14748510008899254,0,False,,,,
1766480286.692621,0.448752622777233,0.6018109356995077,0.14748510008899254,0,False,,,,
1766480286.695149,1.1645185438048338,0.23489474977067648,0.7897467574113991,0,False,,,,
1766480286.9716322,1.1645185438048338,0.23489474977067648,0.7897467574113991,0,False,,,,
1766480286.9766421,1.1645185438048338,0.23489474977067648,0.7897467574113991,0,False,,,,
1766480286.9794052,1.1645185438048338,0.23489474977067648,0.7897467574113991,0,False,,,,
1766480286.983582,1.1645185438048338,0.23489474977067648,0.7897467574113991,0,False,,,,
1766480286.9862201,0.4476649881036504,0.6005067925064032,0.7245264649391174,0,False,,,,
1766480287.4401112,0.4476649881036504,0.6005067925064032,0.7245264649391174,0,False,,,,
1766480287.445893,0.4476649881036504,0.6005067925064032,0.7245264649391174,0,False,,,,
1766480287.4489868,0.4476649881036504,0.6005067925064032,0.7245264649391174,0,False,,,,
1766480287.451147,0.4476649881036504,0.6005067925064032,0.7245264649391174,0,False,,,,
1766480287.4534762,0.45415513084776105,0.621482284536353,0.27988894677632753,0,False,,,,
1766480287.866814,0.4912871283561454,0.6998829979258553,0.34315477587501464,0,False,,,,
1766480287.874312,0.4912871283561454,0.6998829979258553,0.34315477587501464,0,False,,,,
1766480287.8792682,0.4912871283561454,0.6998829979258553,0.34315477587501464,0,False,,,,
1766480287.882617,0.4912871283561454,0.6998829979258553,0.34315477587501464,0,False,,,,
1766480287.885494,0.4905608076039523,0.6995116787100133,0.2640163711338267,0,False,,,,
1766480288.110346,0.4905608076039523,0.6995116787100133,0.2640163711338267,0,False,,,,
1766480288.115947,0.4905608076039523,0.6995116787100133,0.2640163711338267,0,False,,,,
1766480288.118732,0.4905608076039523,0.6995116787100133,0.2640163711338267,0,False,,,,
1766480288.121223,0.4905608076039523,0.6995116787100133,0.2640163711338267,0,False,,,,
1766480288.124335,0.477067641978021,0.6311233599375443,0.820083498954773,0,False,,,,
1766480288.320448,0.477067641978021,0.6311233599375443,0.820083498954773,0,False,,,,
1766480288.326803,0.4805622508896012,0.62316968058165,0.912058413028717,0,False,,,,
1766480288.329756,0.4807755950127645,0.6253840080995411,0.7018796889455596,0,False,,,,
1766480288.3334332,0.4807755950127645,0.6253840080995411,0.7018796889455596,0,False,,,,
1766480288.338858,0.4883824428221139,0.709212093072381,0.27131190154761703,0,False,,,,
1766480288.546328,0.4883824428221139,0.709212093072381,0.27131190154761703,0,False,,,,
1766480288.553704,0.4883824428221139,0.709212093072381,0.27131190154761703,0,False,,,,
1766480288.558321,0.4883824428221139,0.709212093072381,0.27131190154761703,0,False,,,,
1766480288.560894,0.4883824428221139,0.709212093072381,0.27131190154761703,0,False,,,,
1766480288.56429,0.47007778987159937,0.6544052546184616,0.8403497013111358,1,False,,,,
1766480288.937212,0.5344399586856248,1.8149310505628342,0.8098947627393416,1,False,,,,
1766480288.945334,0.5344399586856248,1.8149310505628342,0.8098947627393416,1,False,,,,
1766480288.951615,0.5344399586856248,1.8149310505628342,0.8098947627393416,1,False,,,,
1766480288.955113,0.5344399586856248,1.8149310505628342,0.8098947627393416,1,False,,,,
1766480288.957651,0.4733231163981556,0.664045559131806,0.0,1,False,,,,
1766480289.26788,0.45356824503914944,0.6705304784375204,1.0,1,False,,,,
1766480289.275197,0.639143280097923,-0.4605026206778149,0.8740730583667755,1,False,,,,
1766480289.281798,0.639143280097923,-0.4605026206778149,0.8740730583667755,1,False,,,,
1766480289.285105,0.639143280097923,-0.4605026206778149,0.8740730583667755,1,False,,,,
1766480289.290184,0.4733183632618673,0.6639920955584409,0.0,1,False,,,,
1766480289.5945642,0.4733183632618673,0.6639920955584409,0.0,1,False,,,,
1766480289.6017852,0.48521197940454314,0.5904106540789622,0.021295827151907604,1,False,,,,
1766480289.604885,0.48521197940454314,0.5904106540789622,0.021295827151907604,1,False,,,,
1766480289.611229,0.48521197940454314,0.5904106540789622,0.021295827151907604,1,False,,,,
1766480289.6143842,0.48792182316040167,0.5976867401120636,0.056102459333665,1,False,,,,
1766480289.856971,0.48792182316040167,0.5976867401120636,0.056102459333665,1,False,,,,
1766480289.863022,0.48792182316040167,0.5976867401120636,0.056102459333665,1,False,,,,
1766480289.867429,0.4495345151224261,0.6716332694216752,1.0,1,False,,,,
1766480289.870275,0.44844700138391075,0.6580113808987171,0.09274322113421415,1,False,,,,
1766480289.874325,0.4895489266171242,0.6001643493838179,0.051509287976564525,1,False,,,,
1766480290.152278,0.4895489266171242,0.6001643493838179,0.051509287976564525,1,False,,,,
1766480290.157395,0.4895489266171242,0.6001643493838179,0.051509287976564525,1,False,,,,
1766480290.160558,0.4895489266171242,0.6001643493838179,0.051509287976564525,1,False,,,,
1766480290.163245,0.4895489266171242,0.6001643493838179,0.051509287976564525,1,False,,,,
1766480290.166374,0.5070934164896089,0.642261686290246,0.21581612087681637,2,False,,,,
1766480290.4648619,0.5070934164896089,0.642261686290246,0.21581612087681637,2,False,,,,
1766480290.4713569,0.5072388110946499,0.6367315386360203,0.20447499158493354,2,False,,,,
1766480290.476498,0.5069951905730005,0.6328297805764481,0.22329695453583592,2,False,,,,
1766480290.482733,0.5069951905730005,0.6328297805764481,0.22329695453583592,2,False,,,,
1766480290.485638,0.449690946158155,0.6792947593553685,0.08643734107265419,2,False,,,,
1766480290.860696,0.449690946158155,0.6792947593553685,0.08643734107265419,2,False,,,,
1766480290.868242,0.449690946158155,0.6792947593553685,0.08643734107265419,2,False,,,,
1766480290.871039,0.449690946158155,0.6792947593553685,0.08643734107265419,2,False,,,,
1766480290.87725,0.4957403284488741,0.6682653894726602,0.3057045619427135,2,False,,,,
1766480290.8800719,0.4925672694062378,0.6615812314217547,0.278627880948246,1,False,,,,
1766480291.141679,0.4925672694062378,0.6615812314217547,0.278627880948246,1,False,,,,
1766480291.1491892,0.4541072261757445,0.6786236969027204,0.15484980916399546,1,False,,,,
1766480291.1528618,0.4541072261757445,0.6786236969027204,0.15484980916399546,1,False,,,,
1766480291.159573,0.4541072261757445,0.6786236969027204,0.15484980916399546,1,False,,,,
1766480291.16232,0.4552245128210524,0.6747808538277625,0.03295837522701755,1,False,,,,
1766480291.4749708,0.4552245128210524,0.6747808538277625,0.03295837522701755,1,False,,,,
1766480291.482583,0.47921306622960114,0.6846407838987221,0.34119690773158384,1,False,,,,
1766480291.4856691,0.47921306622960114,0.6846407838987221,0.34119690773158384,1,False,,,,
1766480291.491597,0.47921306622960114,0.6846407838987221,0.34119690773158384,1,False,,,,
1766480291.494348,0.4802134907674853,0.6778563443766663,0.19254064815743618,1,False,,,,
1766480291.832534,0.4802134907674853,0.6778563443766663,0.19254064815743618,1,False,,,,
1766480291.83866,0.4802134907674853,0.6778563443766663,0.19254064815743618,1,False,,,,
1766480291.8415291,0.4802134907674853,0.6778563443766663,0.19254064815743618,1,False,,,,
1766480291.844069,0.4802134907674853,0.6778563443766663,0.19254064815743618,1,False,,,,
1766480291.847156,0.48033952191057006,0.6771739594426924,0.11124880740027537,1,False,,,,
1766480292.24041,0.48033952191057006,0.6771739594426924,0.11124880740027537,1,False,,,,
1766480292.246598,0.46429414911685696,0.6603223976166043,0.2006586628754597,1,False,,,,
1766480292.25124,0.4582181136029798,0.6578562878251896,0.18124087972882183,1,False,,,,
1766480292.254802,0.4582181136029798,0.6578562878251896,0.18124087972882183,1,False,,,,
1766480292.261812,0.47330347843991893,0.6640248326419423,0.0,1,False,,,,
1766480292.600197,0.47330347843991893,0.6640248326419423,0.0,1,False,,,,
1766480292.605649,0.47330347843991893,0.6640248326419423,0.0,1,False,,,,
1766480292.610711,0.47330347843991893,0.6640248326419423,0.0,1,False,,,,
1766480292.613052,0.47330347843991893,0.6640248326419423,0.0,1,False,,,,
1766480292.617059,0.47910379159963323,0.6711423137817163,0.3839280498145002,1,False,,,,
1766480292.8568802,0.47910379159963323,0.6711423137817163,0.3839280498145002,1,False,,,,
1766480292.864023,0.47910379159963323,0.6711423137817163,0.3839280498145002,1,False,,,,
1766480292.8697689,0.47910379159963323,0.6711423137817163,0.3839280498145002,1,False,,,,
1766480292.872494,0.47910379159963323,0.6711423137817163,0.3839280498145002,1,False,,,,
1766480292.875021,0.5551303121966005,0.9490867928807613,0.8032276196900481,1,False,,,,
1766480293.4036238,0.5551303121966005,0.9490867928807613,0.8032276196900481,1,False,,,,
1766480293.411325,0.5551303121966005,0.9490867928807613,0.8032276196900481,1,False,,,,
1766480293.414156,0.5551303121966005,0.9490867928807613,0.8032276196900481,1,False,,,,
1766480293.416787,0.5551303121966005,0.9490867928807613,0.8032276196900481,1,False,,,,
1766480293.4233851,0.4873380158993513,0.6771682152924787,0.2604580289584518,1,True,0.4435359835624695,0.45442503690719604,0.10098543018102646,0.21674346923828125
1766480294.368035,0.4873380158993513,0.6771682152924787,0.2604580289584518,1,True,0.4435359835624695,0.45442503690719604,0.10098543018102646,0.21674346923828125
1766480294.375027,0.4873380158993513,0.6771682152924787,0.2604580289584518,1,True,0.4435359835624695,0.45442503690719604,0.10098543018102646,0.21674346923828125
1766480294.378124,0.4873380158993513,0.6771682152924787,0.2604580289584518,1,True,0.4435359835624695,0.45442503690719604,0.10098543018102646,0.21674346923828125
1766480294.3809931,0.4873380158993513,0.6771682152924787,0.2604580289584518,1,True,0.4435359835624695,0.45442503690719604,0.10098543018102646,0.21674346923828125
1766480294.383801,0.47391730864060166,0.684474719199639,0.3265592901676235,1,True,0.43600568175315857,0.47287681698799133,0.1034151092171669,0.20341593027114868
1766480294.633137,0.4830791205419568,0.672378138846855,0.18372831616605517,1,True,0.43600568175315857,0.47287681698799133,0.1034151092171669,0.20341593027114868
1766480294.640779,0.4830791205419568,0.672378138846855,0.18372831616605517,1,True,0.43600568175315857,0.47287681698799133,0.1034151092171669,0.20341593027114868
1766480294.646817,0.4830791205419568,0.672378138846855,0.18372831616605517,1,True,0.43600568175315857,0.47287681698799133,0.1034151092171669,0.20341593027114868
1766480294.649667,0.4830791205419568,0.672378138846855,0.18372831616605517,1,True,0.43600568175315857,0.47287681698799133,0.1034151092171669,0.20341593027114868
1766480294.652417,0.48311626175648537,0.6672724235424481,0.06353853158548606,1,True,0.44646555185317993,0.4448550045490265,0.10667113959789276,0.21496276557445526
1766480294.961955,0.48311626175648537,0.6672724235424481,0.06353853158548606,1,True,0.44646555185317993,0.4448550045490265,0.10667113959789276,0.21496276557445526
1766480294.9685912,0.48421266554066456,0.6662292400029554,0.05835100745463416,1,True,0.44646555185317993,0.4448550045490265,0.10667113959789276,0.21496276557445526
1766480294.971977,0.48421266554066456,0.6662292400029554,0.05835100745463416,1,True,0.44646555185317993,0.4448550045490265,0.10667113959789276,0.21496276557445526
1766480294.979307,0.48421266554066456,0.6662292400029554,0.05835100745463416,1,True,0.44646555185317993,0.4448550045490265,0.10667113959789276,0.21496276557445526
1766480294.9824011,0.4737947558948773,0.6842461214545845,0.3646141320363371,1,True,0.4285469949245453,0.5085756182670593,0.10858134925365448,0.21263563632965088
1766480295.233651,0.4732930235414812,0.6640128964096752,0.0,1,True,0.4285469949245453,0.5085756182670593,0.10858134925365448,0.21263563632965088
1766480295.240577,0.4732930235414812,0.6640128964096752,0.0,1,True,0.4285469949245453,0.5085756182670593,0.10858134925365448,0.21263563632965088
1766480295.2475579,0.4732930235414812,0.6640128964096752,0.0,1,True,0.4285469949245453,0.5085756182670593,0.10858134925365448,0.21263563632965088
1766480295.250595,0.4732930235414812,0.6640128964096752,0.0,1,True,0.4285469949245453,0.5085756182670593,0.10858134925365448,0.21263563632965088
1766480295.2533681,0.4745495856151766,0.6851773760693073,0.21569632704388733,1,True,0.41882768273353577,0.545557975769043,0.10646848380565643,0.21446600556373596
1766480295.540066,0.4745495856151766,0.6851773760693073,0.21569632704388733,1,True,0.41882768273353577,0.545557975769043,0.10646848380565643,0.21446600556373596
1766480295.546942,0.4745495856151766,0.6851773760693073,0.21569632704388733,1,True,0.41882768273353577,0.545557975769043,0.10646848380565643,0.21446600556373596
1766480295.5499651,0.4745495856151766,0.6851773760693073,0.21569632704388733,1,True,0.41882768273353577,0.545557975769043,0.10646848380565643,0.21446600556373596
1766480295.555464,0.4745495856151766,0.6851773760693073,0.21569632704388733,1,True,0.41882768273353577,0.545557975769043,0.10646848380565643,0.21446600556373596
1766480295.557963,0.47606486361957456,0.6850492775098104,0.3174843557486467,1,True,0.41935548186302185,0.5331144332885742,0.11042022705078125,0.2186279296875
1766480295.794229,0.47606486361957456,0.6850492775098104,0.3174843557486467,1,True,0.41935548186302185,0.5331144332885742,0.11042022705078125,0.2186279296875
1766480295.8099341,0.47352653925104865,0.6861720037427413,0.3643252489277122,1,True,0.41935548186302185,0.5331144332885742,0.11042022705078125,0.2186279296875
1766480295.816182,0.47352653925104865,0.6861720037427413,0.3643252489277122,1,True,0.41935548186302185,0.5331144332885742,0.11042022705078125,0.2186279296875
1766480295.819011,0.47352653925104865,0.6861720037427413,0.3643252489277122,1,True,0.41935548186302185,0.5331144332885742,0.11042022705078125,0.2186279296875
1766480295.8218439,0.4732927067457089,0.664013118391532,0.0,1,True,0.4192994236946106,0.5243778824806213,0.108045294880867,0.21364423632621765
1766480296.070356,0.4732927067457089,0.664013118391532,0.0,1,True,0.4192994236946106,0.5243778824806213,0.108045294880867,0.21364423632621765
1766480296.078665,0.4732927067457089,0.664013118391532,0.0,1,True,0.4192994236946106,0.5243778824806213,0.108045294880867,0.21364423632621765
1766480296.084828,0.4732927067457089,0.664013118391532,0.0,1,True,0.4192994236946106,0.5243778824806213,0.108045294880867,0.21364423632621765
1766480296.0879319,0.4732927067457089,0.664013118391532,0.0,1,True,0.4192994236946106,0.5243778824806213,0.108045294880867,0.21364423632621765
1766480296.090838,0.4732927067457089,0.664013118391532,0.0,1,True,0.42486897110939026,0.5605489015579224,0.10776853561401367,0.21541154384613037
1766480296.3290071,0.4732927067457089,0.664013118391532,0.0,1,True,0.42486897110939026,0.5605489015579224,0.10776853561401367,0.21541154384613037
1766480296.335914,0.49574726688240717,0.6187886560682544,0.3607920568263889,1,True,0.42486897110939026,0.5605489015579224,0.10776853561401367,0.21541154384613037
1766480296.339712,0.49574726688240717,0.6187886560682544,0.3607920568263889,1,True,0.42486897110939026,0.5605489015579224,0.10776853561401367,0.21541154384613037
1766480296.3426912,0.49574726688240717,0.6187886560682544,0.3607920568263889,1,True,0.42486897110939026,0.5605489015579224,0.10776853561401367,0.21541154384613037
1766480296.349626,0.4732927067457089,0.664013118391532,0.0,1,True,0.4319223463535309,0.580798327922821,0.10823488235473633,0.21528609097003937
1766480296.57306,0.4732927067457089,0.664013118391532,0.0,1,True,0.4319223463535309,0.580798327922821,0.10823488235473633,0.21528609097003937
1766480296.5795982,0.4732927067457089,0.664013118391532,0.0,1,True,0.4319223463535309,0.580798327922821,0.10823488235473633,0.21528609097003937
1766480296.587499,0.4732927067457089,0.664013118391532,0.0,1,True,0.4319223463535309,0.580798327922821,0.10823488235473633,0.21528609097003937
1766480296.590594,0.4732927067457089,0.664013118391532,0.0,1,True,0.4319223463535309,0.580798327922821,0.10823488235473633,0.21528609097003937
1766480296.593199,0.49123374450234836,0.6171396304113618,0.3233816819123099,1,True,0.43430501222610474,0.5826405882835388,0.10543517768383026,0.21799910068511963
1766480296.818481,0.49123374450234836,0.6171396304113618,0.3233816819123099,1,True,0.43430501222610474,0.5826405882835388,0.10543517768383026,0.21799910068511963
1766480296.8252318,0.49123374450234836,0.6171396304113618,0.3233816819123099,1,True,0.43430501222610474,0.5826405882835388,0.10543517768383026,0.21799910068511963
1766480296.830914,0.49123374450234836,0.6171396304113618,0.3233816819123099,1,True,0.43430501222610474,0.5826405882835388,0.10543517768383026,0.21799910068511963
1766480296.8335319,0.49123374450234836,0.6171396304113618,0.3233816819123099,1,True,0.43430501222610474,0.5826405882835388,0.10543517768383026,0.21799910068511963
1766480296.836313,0.4949993184441978,0.6181960253475078,0.3608999369683586,1,True,0.42342978715896606,0.5172189474105835,0.1095944419503212,0.21220262348651886
1766480297.104529,0.4949993184441978,0.6181960253475078,0.3608999369683586,1,True,0.42342978715896606,0.5172189474105835,0.1095944419503212,0.21220262348651886
1766480297.111574,0.49381852228991957,0.6150627824678022,0.2978883317676399,1,True,0.42342978715896606,0.5172189474105835,0.1095944419503212,0.21220262348651886
1766480297.116052,0.49381852228991957,0.6150627824678022,0.2978883317676399,1,True,0.42342978715896606,0.5172189474105835,0.1095944419503212,0.21220262348651886
1766480297.1232471,0.49381852228991957,0.6150627824678022,0.2978883317676399,1,True,0.42342978715896606,0.5172189474105835,0.1095944419503212,0.21220262348651886
1766480297.126241,0.4971512446911507,0.6134121463034852,0.2496067943257939,1,True,0.42243582010269165,0.5317185521125793,0.11171445995569229,0.21541374921798706
1766480297.374954,0.49696291092938727,0.6115139434267489,0.3261722699471169,1,True,0.42243582010269165,0.5317185521125793,0.11171445995569229,0.21541374921798706
1766480297.382585,0.4991701583013809,0.6118536111782198,0.33719783438942735,1,True,0.42243582010269165,0.5317185521125793,0.11171445995569229,0.21541374921798706
1766480297.3901062,0.4991701583013809,0.6118536111782198,0.33719783438942735,1,True,0.42243582010269165,0.5317185521125793,0.11171445995569229,0.21541374921798706
1766480297.393261,0.4991701583013809,0.6118536111782198,0.33719783438942735,1,True,0.42243582010269165,0.5317185521125793,0.11171445995569229,0.21541374921798706
1766480297.39851,0.4732927067457089,0.664013118391532,0.0,1,True,0.42055362462997437,0.5282294154167175,0.11137266457080841,0.22301296889781952
1766480297.838859,0.4732927067457089,0.664013118391532,0.0,1,True,0.42055362462997437,0.5282294154167175,0.11137266457080841,0.22301296889781952
1766480297.8464,0.49889404010153227,0.60991545551994,0.4825726345090547,1,True,0.42055362462997437,0.5282294154167175,0.11137266457080841,0.22301296889781952
1766480297.849805,0.49889404010153227,0.60991545551994,0.4825726345090547,1,True,0.42055362462997437,0.5282294154167175,0.11137266457080841,0.22301296889781952
1766480297.856373,0.49889404010153227,0.60991545551994,0.4825726345090547,1,True,0.42055362462997437,0.5282294154167175,0.11137266457080841,0.22301296889781952
1766480297.859261,0.5001600020283018,0.6122291848525457,0.554531369281868,1,True,0.4233831763267517,0.5827431678771973,0.10902347415685654,0.21513909101486206
1766480298.079239,0.5000768905340366,0.6077190055372105,0.4933482881607358,1,True,0.4233831763267517,0.5827431678771973,0.10902347415685654,0.21513909101486206
1766480298.088104,0.4732927067457089,0.664013118391532,0.0,1,True,0.4233831763267517,0.5827431678771973,0.10902347415685654,0.21513909101486206
1766480298.0949519,0.4732927067457089,0.664013118391532,0.0,1,True,0.4233831763267517,0.5827431678771973,0.10902347415685654,0.21513909101486206
1766480298.097952,0.4732927067457089,0.664013118391532,0.0,1,True,0.4233831763267517,0.5827431678771973,0.10902347415685654,0.21513909101486206
1766480298.100754,0.4989739594592069,0.6073138477898675,0.6,1,True,0.42550379037857056,0.6010609865188599,0.1077328696846962,0.20603366196155548
1766480298.367083,0.4989739594592069,0.6073138477898675,0.6,1,True,0.42550379037857056,0.6010609865188599,0.1077328696846962,0.20603366196155548
1766480298.372674,0.4989739594592069,0.6073138477898675,0.6,1,True,0.42550379037857056,0.6010609865188599,0.1077328696846962,0.20603366196155548
1766480298.3755798,0.4989739594592069,0.6073138477898675,0.6,1,True,0.42550379037857056,0.6010609865188599,0.1077328696846962,0.20603366196155548
1766480298.378614,0.4732927067457089,0.664013118391532,0.0,1,True,0.42550379037857056,0.6010609865188599,0.1077328696846962,0.20603366196155548
1766480298.38184,0.50026225425521,0.6058051549648749,0.49596291928736636,1,True,0.42832326889038086,0.621429979801178,0.109662726521492,0.2051844298839569
1766480298.692649,0.50026225425521,0.6058051549648749,0.49596291928736636,1,True,0.42832326889038086,0.621429979801178,0.109662726521492,0.2051844298839569
1766480298.699635,0.50026225425521,0.6058051549648749,0.49596291928736636,1,True,0.42832326889038086,0.621429979801178,0.109662726521492,0.2051844298839569
1766480298.702768,0.50026225425521,0.6058051549648749,0.49596291928736636,1,True,0.42832326889038086,0.621429979801178,0.109662726521492,0.2051844298839569
1766480298.705502,0.50026225425521,0.6058051549648749,0.49596291928736636,1,True,0.42832326889038086,0.621429979801178,0.109662726521492,0.2051844298839569
1766480298.708204,0.4732927067457089,0.664013118391532,0.0,1,True,0.43294110894203186,0.6274893879890442,0.10641126334667206,0.20577171444892883
1766480298.925706,0.4732927067457089,0.664013118391532,0.0,1,True,0.43294110894203186,0.6274893879890442,0.10641126334667206,0.20577171444892883
1766480298.932566,0.4732927067457089,0.664013118391532,0.0,1,True,0.43294110894203186,0.6274893879890442,0.10641126334667206,0.20577171444892883
1766480298.9355352,0.4732927067457089,0.664013118391532,0.0,1,True,0.43294110894203186,0.6274893879890442,0.10641126334667206,0.20577171444892883
1766480298.940607,0.4732927067457089,0.664013118391532,0.0,1,True,0.43294110894203186,0.6274893879890442,0.10641126334667206,0.20577171444892883
1766480298.943089,0.501712576661021,0.6012678196905881,0.28123580578403484,1,False,,,,
1766480299.1791942,0.501712576661021,0.6012678196905881,0.28123580578403484,1,False,,,,
1766480299.186496,0.5015357444742101,0.6035415475635216,0.26771606458626923,1,False,,,,
1766480299.189806,0.5015357444742101,0.6035415475635216,0.26771606458626923,1,False,,,,
1766480299.196129,0.5015357444742101,0.6035415475635216,0.26771606458626923,1,False,,,,
1766480299.199212,0.4732927067457089,0.664013118391532,0.0,1,True,0.4342697560787201,0.6292794942855835,0.10822248458862305,0.20247310400009155
1766480299.621137,0.4732927067457089,0.664013118391532,0.0,1,True,0.4342697560787201,0.6292794942855835,0.10822248458862305,0.20247310400009155
1766480299.627872,0.4732927067457089,0.664013118391532,0.0,1,True,0.4342697560787201,0.6292794942855835,0.10822248458862305,0.20247310400009155
1766480299.634984,0.4732927067457089,0.664013118391532,0.0,1,True,0.4342697560787201,0.6292794942855835,0.10822248458862305,0.20247310400009155
1766480299.6380281,0.4732927067457089,0.664013118391532,0.0,1,True,0.4342697560787201,0.6292794942855835,0.10822248458862305,0.20247310400009155
1766480299.640594,0.4732927067457089,0.664013118391532,0.0,1,True,0.4294455945491791,0.6270052790641785,0.11045274883508682,0.20289680361747742
1766480299.898821,0.4732927067457089,0.664013118391532,0.0,1,True,0.4294455945491791,0.6270052790641785,0.11045274883508682,0.20289680361747742
1766480299.90599,0.4732927067457089,0.664013118391532,0.0,1,True,0.4294455945491791,0.6270052790641785,0.11045274883508682,0.20289680361747742
1766480299.90892,0.4732927067457089,0.664013118391532,0.0,1,True,0.4294455945491791,0.6270052790641785,0.11045274883508682,0.20289680361747742
1766480299.911607,0.4732927067457089,0.664013118391532,0.0,1,True,0.4294455945491791,0.6270052790641785,0.11045274883508682,0.20289680361747742
1766480299.91434,0.4937496044233457,0.6121109334455976,0.4055145966771244,1,True,0.4338352084159851,0.5945855975151062,0.10776624828577042,0.2133733183145523
1766480300.200991,0.4937496044233457,0.6121109334455976,0.4055145966771244,1,True,0.4338352084159851,0.5945855975151062,0.10776624828577042,0.2133733183145523
1766480300.207786,0.4937496044233457,0.6121109334455976,0.4055145966771244,1,True,0.4338352084159851,0.5945855975151062,0.10776624828577042,0.2133733183145523
1766480300.21078,0.4937496044233457,0.6121109334455976,0.4055145966771244,1,True,0.4338352084159851,0.5945855975151062,0.10776624828577042,0.2133733183145523
1766480300.2131488,0.4937496044233457,0.6121109334455976,0.4055145966771244,1,True,0.4338352084159851,0.5945855975151062,0.10776624828577042,0.2133733183145523
1766480300.216139,0.4732927067457089,0.664013118391532,0.0,1,True,0.42982378602027893,0.5779717564582825,0.10820846259593964,0.2163436859846115
1766480300.444319,0.4732927067457089,0.664013118391532,0.0,1,True,0.42982378602027893,0.5779717564582825,0.10820846259593964,0.2163436859846115
1766480300.4509592,0.4732927067457089,0.664013118391532,0.0,1,True,0.42982378602027893,0.5779717564582825,0.10820846259593964,0.2163436859846115
1766480300.456095,0.4732927067457089,0.664013118391532,0.0,1,True,0.42982378602027893,0.5779717564582825,0.10820846259593964,0.2163436859846115
1766480300.459471,0.4732927067457089,0.664013118391532,0.0,1,True,0.42982378602027893,0.5779717564582825,0.10820846259593964,0.2163436859846115
1766480300.4622772,0.5000066049885262,0.607109981526084,0.5271279392992351,1,True,0.4306510388851166,0.5828646421432495,0.10566291958093643,0.21161922812461853
1766480300.9895191,0.5000066049885262,0.607109981526084,0.5271279392992351,1,True,0.4306510388851166,0.5828646421432495,0.10566291958093643,0.21161922812461853
1766480300.9964101,0.4987106177936004,0.6074830867173331,0.5649137110453378,1,True,0.4306510388851166,0.5828646421432495,0.10566291958093643,0.21161922812461853
1766480301.0000489,0.4987106177936004,0.6074830867173331,0.5649137110453378,1,True,0.4306510388851166,0.5828646421432495,0.10566291958093643,0.21161922812461853
1766480301.003362,0.4987106177936004,0.6074830867173331,0.5649137110453378,1,True,0.4306510388851166,0.5828646421432495,0.10566291958093643,0.21161922812461853
1766480301.010386,0.4996084955514356,0.6087007816281826,0.5683147955647763,1,True,0.421886146068573,0.588655948638916,0.10400457680225372,0.2097020447254181
1766480301.306127,0.4996084955514356,0.6087007816281826,0.5683147955647763,1,True,0.421886146068573,0.588655948638916,0.10400457680225372,0.2097020447254181
1766480301.312535,0.4996084955514356,0.6087007816281826,0.5683147955647763,1,True,0.421886146068573,0.588655948638916,0.10400457680225372,0.2097020447254181
1766480301.31625,0.4996084955514356,0.6087007816281826,0.5683147955647763,1,True,0.421886146068573,0.588655948638916,0.10400457680225372,0.2097020447254181
1766480301.319117,0.4996084955514356,0.6087007816281826,0.5683147955647763,1,True,0.421886146068573,0.588655948638916,0.10400457680225372,0.2097020447254181
1766480301.3247511,0.4732927067457089,0.664013118391532,0.0,1,True,0.40966710448265076,0.5885917544364929,0.10384245216846466,0.20992431044578552
1766480301.868669,0.49353696521823454,0.6083270340777475,0.39668270747379725,1,True,0.40966710448265076,0.5885917544364929,0.10384245216846466,0.20992431044578552
1766480301.877077,0.49353696521823454,0.6083270340777475,0.39668270747379725,1,True,0.40966710448265076,0.5885917544364929,0.10384245216846466,0.20992431044578552
1766480301.883548,0.49353696521823454,0.6083270340777475,0.39668270747379725,1,True,0.40966710448265076,0.5885917544364929,0.10384245216846466,0.20992431044578552
1766480301.886456,0.49353696521823454,0.6083270340777475,0.39668270747379725,1,True,0.40966710448265076,0.5885917544364929,0.10384245216846466,0.20992431044578552
1766480301.8890061,0.4732927067457089,0.664013118391532,0.0,1,False,,,,
1766480302.1264791,0.4732927067457089,0.664013118391532,0.0,1,False,,,,
1766480302.133238,0.4732927067457089,0.664013118391532,0.0,1,False,,,,
1766480302.136545,0.4732927067457089,0.664013118391532,0.0,1,False,,,,
1766480302.13977,0.4732927067457089,0.664013118391532,0.0,1,False,,,,
1766480302.142905,0.44757352688053825,0.6202991503430914,0.8514859676361084,1,False,,,,
1766480302.3649752,0.44757352688053825,0.6202991503430914,0.8514859676361084,1,False,,,,
1766480302.370965,0.4732927067457089,0.664013118391532,0.0,1,False,,,,
1766480302.373942,0.4732927067457089,0.664013118391532,0.0,1,False,,,,
1766480302.3805618,0.4732927067457089,0.664013118391532,0.0,1,False,,,,
1766480302.383585,0.17551483964017903,1.3122747691243617,0.7758026495042698,1,False,,,,
1766480302.787938,0.17551483964017903,1.3122747691243617,0.7758026495042698,1,False,,,,
1766480302.794819,0.17551483964017903,1.3122747691243617,0.7758026495042698,1,False,,,,
1766480302.797517,0.17551483964017903,1.3122747691243617,0.7758026495042698,1,False,,,,
1766480302.800243,0.17551483964017903,1.3122747691243617,0.7758026495042698,1,False,,,,
1766480302.8033972,0.4462124768983314,0.6236224852276134,0.7550221681594849,1,False,,,,
1766480303.0539892,0.4462124768983314,0.6236224852276134,0.7550221681594849,1,False,,,,
1766480303.059225,0.4462124768983314,0.6236224852276134,0.7550221681594849,1,False,,,,
1766480303.062078,0.4462124768983314,0.6236224852276134,0.7550221681594849,1,False,,,,
1766480303.066623,0.4462124768983314,0.6236224852276134,0.7550221681594849,1,False,,,,
1766480303.0692961,0.4396579235447451,0.6244903807706704,0.26059560821363265,1,False,,,,
1766480303.348119,0.4396579235447451,0.6244903807706704,0.26059560821363265,1,False,,,,
1766480303.3540962,0.4396579235447451,0.6244903807706704,0.26059560821363265,1,False,,,,
1766480303.3568928,0.4396579235447451,0.6244903807706704,0.26059560821363265,1,False,,,,
1766480303.3593569,0.4396579235447451,0.6244903807706704,0.26059560821363265,1,False,,,,
1766480303.3615942,0.4732927067457089,0.664013118391532,0.0,1,False,,,,
1766480303.814971,0.4605870670172248,0.6475117894098962,0.7271259427070618,1,False,,,,
1766480303.821275,0.4605870670172248,0.6475117894098962,0.7271259427070618,1,False,,,,
1766480303.826875,0.4605870670172248,0.6475117894098962,0.7271259427070618,1,False,,,,
1766480303.829802,0.4605870670172248,0.6475117894098962,0.7271259427070618,1,False,,,,
1766480303.8325171,0.21285256643583206,1.3701901467282698,0.7476088106632233,1,False,,,,
1766480304.2235389,0.21285256643583206,1.3701901467282698,0.7476088106632233,1,False,,,,
1766480304.231025,0.21285256643583206,1.3701901467282698,0.7476088106632233,1,False,,,,
1766480304.234232,0.21285256643583206,1.3701901467282698,0.7476088106632233,1,False,,,,
1766480304.2371461,0.21285256643583206,1.3701901467282698,0.7476088106632233,1,False,,,,
1766480304.239747,0.48081106716481486,0.6669289371254975,0.367198694862706,1,False,,,,
1766480304.495421,0.48081106716481486,0.6669289371254975,0.367198694862706,1,False,,,,
1766480304.501467,0.48081106716481486,0.6669289371254975,0.367198694862706,1,False,,,,
1766480304.504239,0.48081106716481486,0.6669289371254975,0.367198694862706,1,False,,,,
1766480304.5071092,0.48081106716481486,0.6669289371254975,0.367198694862706,1,False,,,,
1766480304.509891,0.49160779916494113,0.6978175944463548,0.6,1,False,,,,
1766480304.72523,0.49160779916494113,0.6978175944463548,0.6,1,False,,,,
1766480304.7313359,0.49160779916494113,0.6978175944463548,0.6,1,False,,,,
1766480304.736655,0.49160779916494113,0.6978175944463548,0.6,1,False,,,,
1766480304.7394109,0.49160779916494113,0.6978175944463548,0.6,1,False,,,,
1766480304.741847,0.4919057373282246,0.6965852786593486,0.5177920658916989,1,False,,,,
1766480305.048067,0.4919057373282246,0.6965852786593486,0.5177920658916989,1,False,,,,
1766480305.0546932,0.4106879850925183,1.3021389622409694,0.7555100819669345,1,False,,,,
1766480305.0581021,0.4106879850925183,1.3021389622409694,0.7555100819669345,1,False,,,,
1766480305.0646348,0.4106879850925183,1.3021389622409694,0.7555100819669345,1,False,,,,
1766480305.06765,0.48183504145747974,0.6677629431551979,0.2875259274951611,1,False,,,,
1766480305.360048,0.48183504145747974,0.6677629431551979,0.2875259274951611,1,False,,,,
1766480305.366113,0.48183504145747974,0.6677629431551979,0.2875259274951611,1,False,,,,
1766480305.369868,0.48183504145747974,0.6677629431551979,0.2875259274951611,1,False,,,,
1766480305.372319,0.48183504145747974,0.6677629431551979,0.2875259274951611,1,False,,,,
1766480305.377314,0.4929564757614268,0.6655563275664694,0.2986890321863132,1,False,,,,
1766480305.64507,0.4929564757614268,0.6655563275664694,0.2986890321863132,1,False,,,,
1766480305.651534,0.5013994700396526,0.6758392134819011,0.6,1,False,,,,
1766480305.65442,0.5013994700396526,0.6758392134819011,0.6,1,False,,,,
1766480305.6572318,0.5013994700396526,0.6758392134819011,0.6,1,False,,,,
1766480305.6633978,0.4888591548494505,0.6747443027853893,0.5006695324924251,1,False,,,,
1766480306.026646,0.4888591548494505,0.6747443027853893,0.5006695324924251,1,False,,,,
1766480306.0331562,0.4888591548494505,0.6747443027853893,0.5006695324924251,1,False,,,,
1766480306.0362098,0.4888591548494505,0.6747443027853893,0.5006695324924251,1,False,,,,
1766480306.038681,0.4888591548494505,0.6747443027853893,0.5006695324924251,1,False,,,,
1766480306.041282,0.49037680021791685,0.6645025508525053,0.38137984724076435,1,False,,,,
1766480306.251279,0.49037680021791685,0.6645025508525053,0.38137984724076435,1,False,,,,
1766480306.256685,0.5014485819794625,0.6744826636780736,0.35938718833890654,1,False,,,,
1766480306.261609,0.5014485819794625,0.6744826636780736,0.35938718833890654,1,False,,,,
1766480306.2678342,0.5014485819794625,0.6744826636780736,0.35938718833890654,1,False,,,,
1766480306.2706938,0.47574177870539175,0.6616056022311696,0.39512588474461324,1,False,,,,
1766480306.571733,0.47574177870539175,0.6616056022311696,0.39512588474461324,1,False,,,,
1766480306.577527,0.47574177870539175,0.6616056022311696,0.39512588474461324,1,False,,,,
1766480306.580509,0.47574177870539175,0.6616056022311696,0.39512588474461324,1,False,,,,
1766480306.5828328,0.47574177870539175,0.6616056022311696,0.39512588474461324,1,False,,,,
1766480306.5855849,0.47401383621617804,0.6514127384332149,0.9806847256884229,1,False,,,,
1766480306.850555,0.47401383621617804,0.6514127384332149,0.9806847256884229,1,False,,,,
1766480306.8563972,0.47401383621617804,0.6514127384332149,0.9806847256884229,1,False,,,,
1766480306.859253,0.679843852803813,1.4471483579980637,0.7564579844474792,1,False,,,,
1766480306.865451,0.5044112009523097,0.6607113370034291,0.2699459130860949,1,False,,,,
1766480306.8718731,0.48172669831324677,0.6722534841274972,0.7277202847635343,1,False,,,,
1766480307.193242,0.48172669831324677,0.6722534841274972,0.7277202847635343,1,False,,,,
1766480307.2001479,0.5046090485281598,0.6600619188295852,0.24524285742823415,1,False,,,,
1766480307.2038689,0.5046090485281598,0.6600619188295852,0.24524285742823415,1,False,,,,
1766480307.210536,0.5046090485281598,0.6600619188295852,0.24524285742823415,1,False,,,,
1766480307.2136729,0.5017854339809263,0.673531335037214,0.2499575700988176,1,False,,,,
1766480307.477317,0.5017854339809263,0.673531335037214,0.2499575700988176,1,False,,,,
1766480307.483458,0.5017854339809263,0.673531335037214,0.2499575700988176,1,False,,,,
1766480307.486235,0.5017854339809263,0.673531335037214,0.2499575700988176,1,False,,,,
1766480307.4887402,0.5017854339809263,0.673531335037214,0.2499575700988176,1,False,,,,
1766480307.491221,0.4997584290070708,0.6751672384258869,0.2870323272281147,1,False,,,,
1766480307.8080168,0.4997584290070708,0.6751672384258869,0.2870323272281147,1,False,,,,
1766480307.814013,0.4997584290070708,0.6751672384258869,0.2870323272281147,1,False,,,,
1766480307.8171341,0.4997584290070708,0.6751672384258869,0.2870323272281147,1,False,,,,
1766480307.819564,0.4997584290070708,0.6751672384258869,0.2870323272281147,1,False,,,,
1766480307.82194,0.49750943653829943,0.6538267239501125,0.3322979088766837,1,False,,,,
1766480308.1179242,0.49750943653829943,0.6538267239501125,0.3322979088766837,1,False,,,,
1766480308.123544,0.49750943653829943,0.6538267239501125,0.3322979088766837,1,False,,,,
1766480308.126843,0.49750943653829943,0.6538267239501125,0.3322979088766837,1,False,,,,
1766480308.129347,0.49750943653829943,0.6538267239501125,0.3322979088766837,1,False,,,,
1766480308.1333802,0.49778931203518095,0.6557138141763719,0.3981370821767814,1,False,,,,
1766480308.38802,0.49778931203518095,0.6557138141763719,0.3981370821767814,1,False,,,,
1766480308.393785,0.49778931203518095,0.6557138141763719,0.3981370821767814,1,False,,,,
1766480308.398988,0.502284435287187,0.6680936007426774,0.256689895363227,1,False,,,,
1766480308.402647,0.5020030454282878,0.6706698333827668,0.28989829525157607,1,False,,,,
1766480308.4055529,0.49761924330123763,0.6596702938610655,0.4238060182996242,1,False,,,,
1766480308.730758,0.49761924330123763,0.6596702938610655,0.4238060182996242,1,False,,,,
1766480308.736924,0.4971763094667989,0.6603962788145847,0.41470233713000526,1,False,,,,
1766480308.741499,0.4971763094667989,0.6603962788145847,0.41470233713000526,1,False,,,,
1766480308.7482429,0.4971763094667989,0.6603962788145847,0.41470233713000526,1,False,,,,
1766480308.751199,0.4863137237515488,0.6647166969970666,0.29731039349781346,1,False,,,,
1766480309.060732,0.4863137237515488,0.6647166969970666,0.29731039349781346,1,False,,,,
1766480309.067318,0.4863137237515488,0.6647166969970666,0.29731039349781346,1,False,,,,
1766480309.0704808,0.5006850202076093,0.6716447016673874,0.32780916279403166,1,False,,,,
1766480309.073323,0.5004403102839629,0.6714794730611496,0.28402018947374746,1,False,,,,
1766480309.0801651,0.5004638286703598,0.6736740894496703,0.42082651845064617,1,False,,,,
1766480309.2890189,0.5004638286703598,0.6736740894496703,0.42082651845064617,1,False,,,,
1766480309.2950022,0.5004638286703598,0.6736740894496703,0.42082651845064617,1,False,,,,
1766480309.29772,0.5004638286703598,0.6736740894496703,0.42082651845064617,1,False,,,,
1766480309.300218,0.5004638286703598,0.6736740894496703,0.42082651845064617,1,False,,,,
1766480309.3028119,0.4801485458841981,0.667399885608569,0.48074032286568436,1,False,,,,
1766480309.583126,0.4801485458841981,0.667399885608569,0.48074032286568436,1,False,,,,
1766480309.589491,0.4801485458841981,0.667399885608569,0.48074032286568436,1,False,,,,
1766480309.592204,0.4801485458841981,0.667399885608569,0.48074032286568436,1,False,,,,
1766480309.594649,0.4801485458841981,0.667399885608569,0.48074032286568436,1,False,,,,
1766480309.5970402,0.5010126434718175,0.6706798491262459,0.32490862123959807,2,False,,,,
1766480309.875773,0.4894923291124729,0.6554420650836186,0.815628286436943,2,False,,,,
1766480309.88214,0.4894923291124729,0.6554420650836186,0.815628286436943,2,False,,,,
1766480309.8887942,0.4894923291124729,0.6554420650836186,0.815628286436943,2,False,,,,
1766480309.8916569,0.4894923291124729,0.6554420650836186,0.815628286436943,2,False,,,,
1766480309.89437,0.5008192454480975,0.6706323900188592,0.27905513779621266,1,False,,,,
1766480310.232735,0.5008192454480975,0.6706323900188592,0.27905513779621266,1,False,,,,
1766480310.238739,0.5008192454480975,0.6706323900188592,0.27905513779621266,1,False,,,,
1766480310.24191,0.5008403906946794,0.670594165186518,0.26741398867798843,1,False,,,,
1766480310.2456808,0.47851383254772967,0.6657061383785449,0.6,1,False,,,,
1766480310.249892,0.48634932709314616,0.6400365166213683,0.48662822276743944,1,False,,,,
1766480310.519783,0.4831152135177598,0.6572578203369976,0.9466849029651413,1,False,,,,
1766480310.526056,0.4831152135177598,0.6572578203369976,0.9466849029651413,1,False,,,,
1766480310.528887,0.4831152135177598,0.6572578203369976,0.9466849029651413,1,False,,,,
1766480310.5345678,0.4831152135177598,0.6572578203369976,0.9466849029651413,1,False,,,,
1766480310.537479,1.022669205362881,0.9096629334393375,0.9168280065059662,1,False,,,,
1766480310.869923,1.022669205362881,0.9096629334393375,0.9168280065059662,1,False,,,,
1766480310.8765728,1.022669205362881,0.9096629334393375,0.9168280065059662,1,False,,,,
1766480310.879696,0.21757587416477145,-0.24080521588997472,0.8782005608081818,1,False,,,,
1766480310.884495,0.22561054103332023,-0.2060682708451398,0.9092846512794495,1,False,,,,
1766480310.891619,0.45081685191876686,0.5742714262864751,0.7278623580932617,1,False,,,,
1766480311.132465,0.45081685191876686,0.5742714262864751,0.7278623580932617,1,False,,,,
1766480311.1390562,0.45081685191876686,0.5742714262864751,0.7278623580932617,1,False,,,,
1766480311.141869,0.45081685191876686,0.5742714262864751,0.7278623580932617,1,False,,,,
1766480311.1446521,0.45081685191876686,0.5742714262864751,0.7278623580932617,1,False,,,,
1766480311.147743,1.023968409104318,0.9240006219321679,0.7953786253929138,1,False,,,,
1766480311.384507,0.44926911342200093,0.5895123189498712,0.16922842054991338,1,False,,,,
1766480311.392458,0.44926911342200093,0.5895123189498712,0.16922842054991338,1,False,,,,
1766480311.399107,0.44926911342200093,0.5895123189498712,0.16922842054991338,1,False,,,,
1766480311.402205,0.44926911342200093,0.5895123189498712,0.16922842054991338,1,False,,,,
1766480311.404567,0.4733256891176306,0.6641431978976411,0.0,1,False,,,,
1766480311.697653,0.4733256891176306,0.6641431978976411,0.0,1,False,,,,
1766480311.703941,0.4733256891176306,0.6641431978976411,0.0,1,False,,,,
1766480311.707117,0.4733256891176306,0.6641431978976411,0.0,1,False,,,,
1766480311.709849,0.4733256891176306,0.6641431978976411,0.0,1,False,,,,
1766480311.712456,0.4733256891176306,0.6641431978976411,0.0,1,False,,,,
1766480311.943437,0.4733256891176306,0.6641431978976411,0.0,1,False,,,,
1766480311.950198,0.4733256891176306,0.6641431978976411,0.0,1,False,,,,
1766480311.956217,0.4733256891176306,0.6641431978976411,0.0,1,False,,,,
1766480311.963009,0.4733256891176306,0.6641431978976411,0.0,1,False,,,,
1766480311.966177,0.4387738315384027,0.5670607685099869,0.10972368670810943,1,False,,,,
1766480312.293031,0.4733256891176306,0.6641431978976411,0.0,1,False,,,,
1766480312.300073,0.4733256891176306,0.6641431978976411,0.0,1,False,,,,
1766480312.306293,0.4733256891176306,0.6641431978976411,0.0,1,False,,,,
1766480312.309087,0.4733256891176306,0.6641431978976411,0.0,1,False,,,,
1766480312.311567,0.4733256891176306,0.6641431978976411,0.0,1,False,,,,
1766480312.543659,0.4733256891176306,0.6641431978976411,0.0,1,False,,,,
1766480312.5505211,0.4733256891176306,0.6641431978976411,0.0,1,False,,,,
1766480312.553735,0.44059929279400195,0.5661443723177966,0.1062253012278268,1,False,,,,
1766480312.55694,0.4733256891176306,0.6641431978976411,0.0,1,False,,,,
1766480312.56271,0.4398180225012184,0.574250835384004,0.13354290316845982,1,False,,,,
1766480312.8739882,0.4398180225012184,0.574250835384004,0.13354290316845982,1,False,,,,
1766480312.8808892,0.4398180225012184,0.574250835384004,0.13354290316845982,1,False,,,,
1766480312.883935,0.4398180225012184,0.574250835384004,0.13354290316845982,1,False,,,,
1766480312.8865669,0.4398180225012184,0.574250835384004,0.13354290316845982,1,False,,,,
1766480312.889358,0.43850981098830344,0.569545576878116,0.07284805486618366,1,True,0.44577741622924805,0.40020060539245605,0.103162482380867,0.20712682604789734
1766480313.101548,0.43850981098830344,0.569545576878116,0.07284805486618366,1,True,0.44577741622924805,0.40020060539245605,0.103162482380867,0.20712682604789734
1766480313.108236,0.43850981098830344,0.569545576878116,0.07284805486618366,1,True,0.44577741622924805,0.40020060539245605,0.103162482380867,0.20712682604789734
1766480313.111388,0.43850981098830344,0.569545576878116,0.07284805486618366,1,True,0.44577741622924805,0.40020060539245605,0.103162482380867,0.20712682604789734
1766480313.114133,0.43850981098830344,0.569545576878116,0.07284805486618366,1,True,0.44577741622924805,0.40020060539245605,0.103162482380867,0.20712682604789734
1766480313.116937,0.43642661250471715,0.5677975951904014,0.0690414939046222,1,True,0.44528475403785706,0.5082855820655823,0.1015104278922081,0.20629289746284485
1766480313.3673139,0.43642661250471715,0.5677975951904014,0.0690414939046222,1,True,0.44528475403785706,0.5082855820655823,0.1015104278922081,0.20629289746284485
1766480313.37343,0.43642661250471715,0.5677975951904014,0.0690414939046222,1,True,0.44528475403785706,0.5082855820655823,0.1015104278922081,0.20629289746284485
1766480313.376145,0.43642661250471715,0.5677975951904014,0.0690414939046222,1,True,0.44528475403785706,0.5082855820655823,0.1015104278922081,0.20629289746284485
1766480313.378855,0.43642661250471715,0.5677975951904014,0.0690414939046222,1,True,0.44528475403785706,0.5082855820655823,0.1015104278922081,0.20629289746284485
1766480313.381987,0.48926194777115734,0.7086113492206616,0.753896517364542,1,True,0.45248252153396606,0.5360876321792603,0.10734882205724716,0.2122265249490738
1766480313.740075,0.48926194777115734,0.7086113492206616,0.753896517364542,1,True,0.45248252153396606,0.5360876321792603,0.10734882205724716,0.2122265249490738
1766480313.746746,0.48926194777115734,0.7086113492206616,0.753896517364542,1,True,0.45248252153396606,0.5360876321792603,0.10734882205724716,0.2122265249490738
1766480313.750175,0.48926194777115734,0.7086113492206616,0.753896517364542,1,True,0.45248252153396606,0.5360876321792603,0.10734882205724716,0.2122265249490738
1766480313.752651,0.48926194777115734,0.7086113492206616,0.753896517364542,1,True,0.45248252153396606,0.5360876321792603,0.10734882205724716,0.2122265249490738
1766480313.755203,0.4454999466111955,0.5983922768886362,0.25767217988718566,1,True,0.4432867169380188,0.5262901186943054,0.10791178047657013,0.21780022978782654
1766480313.969268,0.445473854306418,0.5983380979807911,0.24979174613634944,1,True,0.4432867169380188,0.5262901186943054,0.10791178047657013,0.21780022978782654
1766480313.976465,0.445473854306418,0.5983380979807911,0.24979174613634944,1,True,0.4432867169380188,0.5262901186943054,0.10791178047657013,0.21780022978782654
1766480313.982561,0.445473854306418,0.5983380979807911,0.24979174613634944,1,True,0.4432867169380188,0.5262901186943054,0.10791178047657013,0.21780022978782654
1766480313.987814,0.445473854306418,0.5983380979807911,0.24979174613634944,1,True,0.4432867169380188,0.5262901186943054,0.10791178047657013,0.21780022978782654
1766480313.990742,0.4734046086499351,0.6642505385896997,0.0,1,True,0.4480031132698059,0.5662136673927307,0.1100437194108963,0.21617668867111206
1766480314.311126,0.4734046086499351,0.6642505385896997,0.0,1,True,0.4480031132698059,0.5662136673927307,0.1100437194108963,0.21617668867111206
1766480314.317662,0.4734046086499351,0.6642505385896997,0.0,1,True,0.4480031132698059,0.5662136673927307,0.1100437194108963,0.21617668867111206
1766480314.320569,0.4734046086499351,0.6642505385896997,0.0,1,True,0.4480031132698059,0.5662136673927307,0.1100437194108963,0.21617668867111206
1766480314.323387,0.4734046086499351,0.6642505385896997,0.0,1,True,0.4480031132698059,0.5662136673927307,0.1100437194108963,0.21617668867111206
1766480314.3261912,0.4734046086499351,0.6642505385896997,0.0,1,True,0.4359251856803894,0.5458484888076782,0.10773324966430664,0.2109629362821579
1766480314.593815,0.4734046086499351,0.6642505385896997,0.0,1,True,0.4359251856803894,0.5458484888076782,0.10773324966430664,0.2109629362821579
1766480314.6010509,0.4462772519334258,0.5906507205814883,0.19086506009147353,1,True,0.4359251856803894,0.5458484888076782,0.10773324966430664,0.2109629362821579
1766480314.605653,0.4462772519334258,0.5906507205814883,0.19086506009147353,1,True,0.4359251856803894,0.5458484888076782,0.10773324966430664,0.2109629362821579
1766480314.612272,0.4462772519334258,0.5906507205814883,0.19086506009147353,1,True,0.4359251856803894,0.5458484888076782,0.10773324966430664,0.2109629362821579
1766480314.615447,0.4523903861905899,0.5749417342996838,0.2175975624438873,1,True,0.42040276527404785,0.5293213129043579,0.11152859032154083,0.21627366542816162
1766480314.84336,0.4498358322367049,0.5810608695373629,0.1922129590221531,1,True,0.42040276527404785,0.5293213129043579,0.11152859032154083,0.21627366542816162
1766480314.850973,0.4498358322367049,0.5810608695373629,0.1922129590221531,1,True,0.42040276527404785,0.5293213129043579,0.11152859032154083,0.21627366542816162
1766480314.854005,0.4498358322367049,0.5810608695373629,0.1922129590221531,1,True,0.42040276527404785,0.5293213129043579,0.11152859032154083,0.21627366542816162
1766480314.856818,0.4498358322367049,0.5810608695373629,0.1922129590221531,1,True,0.42040276527404785,0.5293213129043579,0.11152859032154083,0.21627366542816162
1766480314.859541,0.4734046086499351,0.6642505385896997,0.0,1,True,0.41956669092178345,0.5386551022529602,0.10567674785852432,0.21298421919345856
1766480315.102446,0.4734046086499351,0.6642505385896997,0.0,1,True,0.41956669092178345,0.5386551022529602,0.10567674785852432,0.21298421919345856
1766480315.1097422,0.4734046086499351,0.6642505385896997,0.0,1,True,0.41956669092178345,0.5386551022529602,0.10567674785852432,0.21298421919345856
1766480315.116277,0.4734046086499351,0.6642505385896997,0.0,1,True,0.41956669092178345,0.5386551022529602,0.10567674785852432,0.21298421919345856
1766480315.119223,0.4734046086499351,0.6642505385896997,0.0,1,True,0.41956669092178345,0.5386551022529602,0.10567674785852432,0.21298421919345856
1766480315.121962,0.4494578563206013,0.5803974253956967,0.23312560836349105,1,True,0.4168330729007721,0.5435104966163635,0.10073194652795792,0.2061021625995636
1766480315.3715048,0.4722797043096998,0.6953395659156753,0.8053693175315857,1,True,0.4168330729007721,0.5435104966163635,0.10073194652795792,0.2061021625995636
1766480315.379478,0.4722797043096998,0.6953395659156753,0.8053693175315857,1,True,0.4168330729007721,0.5435104966163635,0.10073194652795792,0.2061021625995636
1766480315.3862479,0.4722797043096998,0.6953395659156753,0.8053693175315857,1,True,0.4168330729007721,0.5435104966163635,0.10073194652795792,0.2061021625995636
1766480315.389251,0.4722797043096998,0.6953395659156753,0.8053693175315857,1,True,0.4168330729007721,0.5435104966163635,0.10073194652795792,0.2061021625995636
1766480315.392271,0.44863195153442803,0.580418890892492,0.25893319480703764,1,True,0.41565021872520447,0.5437921285629272,0.09781017154455185,0.20288509130477905
1766480315.634548,0.44863195153442803,0.580418890892492,0.25893319480703764,1,True,0.41565021872520447,0.5437921285629272,0.09781017154455185,0.20288509130477905
1766480315.641351,0.44797521313368227,0.5825105002854349,0.22105578515140772,1,True,0.41565021872520447,0.5437921285629272,0.09781017154455185,0.20288509130477905
1766480315.644407,0.44797521313368227,0.5825105002854349,0.22105578515140772,1,True,0.41565021872520447,0.5437921285629272,0.09781017154455185,0.20288509130477905
1766480315.6483462,0.44797521313368227,0.5825105002854349,0.22105578515140772,1,True,0.41565021872520447,0.5437921285629272,0.09781017154455185,0.20288509130477905
1766480315.65577,0.4495596201525909,0.5814195512864051,0.23452139619943538,1,True,0.41488513350486755,0.5563203692436218,0.09412316977977753,0.19720306992530823
1766480315.942764,0.49467154427739474,0.6974857689856876,0.7618861198425293,1,True,0.41488513350486755,0.5563203692436218,0.09412316977977753,0.19720306992530823
1766480315.9502442,0.49467154427739474,0.6974857689856876,0.7618861198425293,1,True,0.41488513350486755,0.5563203692436218,0.09412316977977753,0.19720306992530823
1766480315.956508,0.49467154427739474,0.6974857689856876,0.7618861198425293,1,True,0.41488513350486755,0.5563203692436218,0.09412316977977753,0.19720306992530823
1766480315.959357,0.49467154427739474,0.6974857689856876,0.7618861198425293,1,True,0.41488513350486755,0.5563203692436218,0.09412316977977753,0.19720306992530823
1766480315.964283,0.448708898885881,0.5796420687928472,0.1826157548386686,1,True,0.41274958848953247,0.5675480365753174,0.09338235855102539,0.19388359785079956
1766480316.211843,0.4486416610422587,0.5795263710826128,0.1944861038286953,1,True,0.41274958848953247,0.5675480365753174,0.09338235855102539,0.19388359785079956
1766480316.2198389,0.4486416610422587,0.5795263710826128,0.1944861038286953,1,True,0.41274958848953247,0.5675480365753174,0.09338235855102539,0.19388359785079956
1766480316.225844,0.4486416610422587,0.5795263710826128,0.1944861038286953,1,True,0.41274958848953247,0.5675480365753174,0.09338235855102539,0.19388359785079956
1766480316.228989,0.4486416610422587,0.5795263710826128,0.1944861038286953,1,True,0.41274958848953247,0.5675480365753174,0.09338235855102539,0.19388359785079956
1766480316.231972,0.4842882792203674,0.6264728797527918,0.0,1,True,0.4124934673309326,0.5713822245597839,0.09237070381641388,0.1960471272468567
1766480316.5231948,0.4842882792203674,0.6264728797527918,0.0,1,True,0.4124934673309326,0.5713822245597839,0.09237070381641388,0.1960471272468567
1766480316.530103,0.4842882792203674,0.6264728797527918,0.0,1,True,0.4124934673309326,0.5713822245597839,0.09237070381641388,0.1960471272468567
1766480316.5334039,0.4842882792203674,0.6264728797527918,0.0,1,True,0.4124934673309326,0.5713822245597839,0.09237070381641388,0.1960471272468567
1766480316.536512,0.4842882792203674,0.6264728797527918,0.0,1,True,0.4124934673309326,0.5713822245597839,0.09237070381641388,0.1960471272468567
1766480316.539158,0.48700733192168777,0.7115086745570328,0.29094973002696795,1,False,,,,
1766480316.817716,0.4751739251376801,0.6449398158034481,0.4058492521111824,1,False,,,,
1766480316.824012,0.4751739251376801,0.6449398158034481,0.4058492521111824,1,False,,,,
1766480316.826568,0.4751739251376801,0.6449398158034481,0.4058492521111824,1,False,,,,
1766480316.829074,0.4751739251376801,0.6449398158034481,0.4058492521111824,1,False,,,,
1766480316.8321059,0.48688686376218665,0.711679131127249,0.2913007666521914,0,False,,,,
1766480317.020052,0.48688686376218665,0.711679131127249,0.2913007666521914,0,False,,,,
1766480317.027267,0.48688686376218665,0.711679131127249,0.2913007666521914,0,False,,,,
1766480317.029805,0.48688686376218665,0.711679131127249,0.2913007666521914,0,False,,,,
1766480317.032445,0.48688686376218665,0.711679131127249,0.2913007666521914,0,False,,,,
1766480317.03492,0.4854986819795057,0.7131246147263863,0.3649091325410206,0,False,,,,
1766480317.201997,0.4854986819795057,0.7131246147263863,0.3649091325410206,0,False,,,,
1766480317.208431,0.4854986819795057,0.7131246147263863,0.3649091325410206,0,False,,,,
1766480317.211512,0.4854986819795057,0.7131246147263863,0.3649091325410206,0,False,,,,
1766480317.215966,0.4717230792327733,0.6442250631201155,0.2916849166419163,0,False,,,,
1766480317.218661,0.4723345268574223,0.64659512052762,0.2602605911907063,0,False,,,,
1766480317.410361,0.4723345268574223,0.64659512052762,0.2602605911907063,0,False,,,,
1766480317.4163158,0.4771339658190046,0.7269725805926247,0.25334988012072945,0,False,,,,
1766480317.420827,0.4771339658190046,0.7269725805926247,0.25334988012072945,0,False,,,,
1766480317.4262269,0.4771339658190046,0.7269725805926247,0.25334988012072945,0,False,,,,
1766480317.4290628,0.48368156207295493,0.7171362318740455,0.2693233957691998,0,False,,,,
1766480317.604204,0.48368156207295493,0.7171362318740455,0.2693233957691998,0,False,,,,
1766480317.609422,0.48368156207295493,0.7171362318740455,0.2693233957691998,0,False,,,,
1766480317.612054,0.48368156207295493,0.7171362318740455,0.2693233957691998,0,False,,,,
1766480317.615207,0.47074409475326373,0.6478015763737291,0.24968812296623016,0,False,,,,
1766480317.618241,0.48290363498072697,0.7186322004585322,0.46558194002605513,0,False,,,,
1766480317.797187,0.48290363498072697,0.7186322004585322,0.46558194002605513,0,False,,,,
1766480317.802901,0.48290363498072697,0.7186322004585322,0.46558194002605513,0,False,,,,
1766480317.805598,0.48290363498072697,0.7186322004585322,0.46558194002605513,0,False,,,,
1766480317.808265,0.48290363498072697,0.7186322004585322,0.46558194002605513,0,False,,,,
1766480317.8108,0.45640101000184946,0.6706929815036538,0.7810448408126831,0,False,,,,
1766480317.97909,0.45640101000184946,0.6706929815036538,0.7810448408126831,0,False,,,,
1766480317.986293,0.4843737141660668,0.7167591664443737,0.3449807082828445,0,False,,,,
1766480317.989277,0.4843737141660668,0.7167591664443737,0.3449807082828445,0,False,,,,
1766480317.9952261,0.4843737141660668,0.7167591664443737,0.3449807082828445,0,False,,,,
1766480317.998087,0.4734056077700154,0.664250715747564,0.0,1,False,,,,
1766480319.169995,0.4734056077700154,0.664250715747564,0.0,1,False,,,,
1766480319.177663,0.4734056077700154,0.664250715747564,0.0,1,False,,,,
1766480319.1826901,0.4734056077700154,0.664250715747564,0.0,1,False,,,,
1766480319.185211,0.4734056077700154,0.664250715747564,0.0,1,False,,,,
1766480319.1876311,0.44451103227499394,0.5848543922191896,0.07601060152392411,1,False,,,,
1766480319.495397,0.4734056077700154,0.664250715747564,0.0,1,False,,,,
1766480319.5030222,0.4734056077700154,0.664250715747564,0.0,1,False,,,,
1766480319.509143,0.4734056077700154,0.664250715747564,0.0,1,False,,,,
1766480319.511907,0.4734056077700154,0.664250715747564,0.0,1,False,,,,
1766480319.51454,0.47336434972289504,0.6642124734918023,0.0,2,False,,,,
1766480319.825278,0.47336434972289504,0.6642124734918023,0.0,2,False,,,,
1766480319.8334541,0.44309498685587084,0.5828192592919657,0.06717124571127464,2,False,,,,
1766480319.8399072,0.44309498685587084,0.5828192592919657,0.06717124571127464,2,False,,,,
1766480319.8429282,0.44309498685587084,0.5828192592919657,0.06717124571127464,2,False,,,,
1766480319.8479512,0.48429677954206324,0.6264736070502208,0.0,1,False,,,,
1766480320.139832,0.48429677954206324,0.6264736070502208,0.0,1,False,,,,
1766480320.146166,0.48429677954206324,0.6264736070502208,0.0,1,False,,,,
1766480320.1490262,0.48429677954206324,0.6264736070502208,0.0,1,False,,,,
1766480320.151792,0.48429677954206324,0.6264736070502208,0.0,1,False,,,,
1766480320.1541278,0.48429677954206324,0.6264736070502208,0.0,1,False,,,,
1766480320.367146,0.47336434972289504,0.6642124734918023,0.0,1,False,,,,
1766480320.373673,0.47336434972289504,0.6642124734918023,0.0,1,False,,,,
1766480320.379746,0.47336434972289504,0.6642124734918023,0.0,1,False,,,,
1766480320.3830929,0.47336434972289504,0.6642124734918023,0.0,1,False,,,,
1766480320.385793,0.44804078056621294,0.6381733071917509,0.7481099963188171,1,False,,,,
1766480320.708344,0.44804078056621294,0.6381733071917509,0.7481099963188171,1,False,,,,
1766480320.713841,0.44804078056621294,0.6381733071917509,0.7481099963188171,1,False,,,,
1766480320.716332,0.44804078056621294,0.6381733071917509,0.7481099963188171,1,False,,,,
1766480320.71903,0.44804078056621294,0.6381733071917509,0.7481099963188171,1,False,,,,
1766480320.721792,0.4520317994566323,0.5819728514435473,1.0,1,False,,,,
1766480321.0119832,0.4520317994566323,0.5819728514435473,1.0,1,False,,,,
1766480321.019037,0.4520317994566323,0.5819728514435473,1.0,1,False,,,,
1766480321.021943,0.4520317994566323,0.5819728514435473,1.0,1,False,,,,
1766480321.02478,0.4520317994566323,0.5819728514435473,1.0,1,False,,,,
1766480321.028011,0.4818376640364315,0.7055993975054408,0.41846563550451166,1,False,,,,
1766480321.250939,0.4818376640364315,0.7055993975054408,0.41846563550451166,1,False,,,,
1766480321.2577322,0.4818376640364315,0.7055993975054408,0.41846563550451166,1,False,,,,
1766480321.26103,0.4818376640364315,0.7055993975054408,0.41846563550451166,1,False,,,,
1766480321.266405,0.4519411708420641,0.578447562556555,0.9850611090660095,1,False,,,,
1766480321.269461,0.4865849326723624,0.690865652970861,0.29791490774109536,1,False,,,,
1766480321.58234,0.4865849326723624,0.690865652970861,0.29791490774109536,1,False,,,,
1766480321.589516,0.4865849326723624,0.690865652970861,0.29791490774109536,1,False,,,,
1766480321.592397,0.4865849326723624,0.690865652970861,0.29791490774109536,1,False,,,,
1766480321.5951638,0.4865849326723624,0.690865652970861,0.29791490774109536,1,False,,,,
1766480321.597534,0.48806903108789507,0.6675892487448137,0.17858343925100081,1,False,,,,
1766480321.910941,0.48806903108789507,0.6675892487448137,0.17858343925100081,1,False,,,,
1766480321.918777,0.48806903108789507,0.6675892487448137,0.17858343925100081,1,False,,,,
1766480321.921504,0.48806903108789507,0.6675892487448137,0.17858343925100081,1,False,,,,
1766480321.9239318,0.48806903108789507,0.6675892487448137,0.17858343925100081,1,False,,,,
1766480321.9264781,0.489316277582445,0.683878271266752,0.7505611771260604,1,False,,,,
1766480322.1710231,-0.04354586614643452,1.092235834502549,0.8382717800302286,1,False,,,,
1766480322.178485,-0.0291022114494341,1.0958816672383185,0.7864249176863206,1,False,,,,
1766480322.1858728,-0.0291022114494341,1.0958816672383185,0.7864249176863206,1,False,,,,
1766480322.188993,-0.0291022114494341,1.0958816672383185,0.7864249176863206,1,False,,,,
1766480322.1912918,0.48683540338503295,0.6710484693509788,0.16194952101599533,1,False,,,,
1766480322.464716,0.48683540338503295,0.6710484693509788,0.16194952101599533,1,False,,,,
1766480322.4724789,0.48683540338503295,0.6710484693509788,0.16194952101599533,1,False,,,,
1766480322.4757602,0.4505989479996863,0.578124503507967,0.11711448516640288,1,False,,,,
1766480322.478674,0.4505989479996863,0.578124503507967,0.11711448516640288,1,False,,,,
1766480322.482934,0.48164273481793085,0.6656348824251266,0.08598372825317183,1,False,,,,
1766480322.860063,0.48164273481793085,0.6656348824251266,0.08598372825317183,1,False,,,,
1766480322.868119,0.48164273481793085,0.6656348824251266,0.08598372825317183,1,False,,,,
1766480322.873204,0.48164273481793085,0.6656348824251266,0.08598372825317183,1,False,,,,
1766480322.8760772,0.47065078610495525,0.6418375379846626,0.22707496752950337,1,False,,,,
1766480322.878936,0.4910915542378345,0.6593955371637858,0.051293727416456644,1,False,,,,
1766480323.266743,0.4910915542378345,0.6593955371637858,0.051293727416456644,1,False,,,,
1766480323.280798,0.49809989786753767,0.6450034942787722,0.03388619100123494,1,False,,,,
1766480323.283981,0.49809989786753767,0.6450034942787722,0.03388619100123494,1,False,,,,
1766480323.2905312,0.49809989786753767,0.6450034942787722,0.03388619100123494,1,False,,,,
1766480323.293483,0.48395176156961767,0.6633971299621927,0.36252071232080596,1,False,,,,
1766480323.62688,0.48395176156961767,0.6633971299621927,0.36252071232080596,1,False,,,,
1766480323.632714,0.48395176156961767,0.6633971299621927,0.36252071232080596,1,False,,,,
1766480323.635591,0.48395176156961767,0.6633971299621927,0.36252071232080596,1,False,,,,
1766480323.638217,0.48395176156961767,0.6633971299621927,0.36252071232080596,1,False,,,,
1766480323.643285,0.46443266814756773,0.6632500193615928,0.7431333065032959,1,False,,,,
1766480323.918848,0.47061681154186974,0.6608546378406234,0.18577334277076576,1,False,,,,
1766480323.925675,0.47061681154186974,0.6608546378406234,0.18577334277076576,1,False,,,,
1766480323.93183,0.47061681154186974,0.6608546378406234,0.18577334277076576,1,False,,,,
1766480323.934609,0.47061681154186974,0.6608546378406234,0.18577334277076576,1,False,,,,
1766480323.936919,0.4473849402471317,0.592135370295105,0.13218184643856734,1,False,,,,
1766480324.2917829,0.4473849402471317,0.592135370295105,0.13218184643856734,1,False,,,,
1766480324.299884,0.4473849402471317,0.592135370295105,0.13218184643856734,1,False,,,,
1766480324.302888,0.4473849402471317,0.592135370295105,0.13218184643856734,1,False,,,,
1766480324.305621,0.4473849402471317,0.592135370295105,0.13218184643856734,1,False,,,,
1766480324.308275,1.0307054258205308,0.922640274295325,0.8198597729206085,1,False,,,,
1766480324.5616581,1.0307054258205308,0.922640274295325,0.8198597729206085,1,False,,,,
1766480324.567231,1.0307054258205308,0.922640274295325,0.8198597729206085,1,False,,,,
1766480324.570027,1.0307054258205308,0.922640274295325,0.8198597729206085,1,False,,,,
1766480324.572599,1.0307054258205308,0.922640274295325,0.8198597729206085,1,False,,,,
1766480324.5750852,0.48050068873997487,0.6956105712397626,0.7945932745933533,1,True,0.45126548409461975,0.6225813031196594,0.11524105072021484,0.2148556113243103
1766480325.074542,0.48050068873997487,0.6956105712397626,0.7945932745933533,1,True,0.45126548409461975,0.6225813031196594,0.11524105072021484,0.2148556113243103
1766480325.080846,0.48050068873997487,0.6956105712397626,0.7945932745933533,1,True,0.45126548409461975,0.6225813031196594,0.11524105072021484,0.2148556113243103
1766480325.084231,0.48050068873997487,0.6956105712397626,0.7945932745933533,1,True,0.45126548409461975,0.6225813031196594,0.11524105072021484,0.2148556113243103
1766480325.087782,0.48032865720588197,0.6956545773874295,0.8453081846237183,1,True,0.45126548409461975,0.6225813031196594,0.11524105072021484,0.2148556113243103
1766480325.091018,0.45000371717336896,0.5917336612659495,0.7811811566352844,1,True,0.45232170820236206,0.5947076678276062,0.1124487891793251,0.20857951045036316
1766480325.5409899,0.45000371717336896,0.5917336612659495,0.7811811566352844,1,True,0.45232170820236206,0.5947076678276062,0.1124487891793251,0.20857951045036316
1766480325.547631,0.45000371717336896,0.5917336612659495,0.7811811566352844,1,True,0.45232170820236206,0.5947076678276062,0.1124487891793251,0.20857951045036316
1766480325.551039,0.45000371717336896,0.5917336612659495,0.7811811566352844,1,True,0.45232170820236206,0.5947076678276062,0.1124487891793251,0.20857951045036316
1766480325.556385,0.45000371717336896,0.5917336612659495,0.7811811566352844,1,True,0.45232170820236206,0.5947076678276062,0.1124487891793251,0.20857951045036316
1766480325.559346,0.44947735612183665,0.5812118383475235,0.23439319403782655,1,True,0.4159177839756012,0.5249936580657959,0.10662822425365448,0.21140119433403015
1766480326.017396,0.44947735612183665,0.5812118383475235,0.23439319403782655,1,True,0.4159177839756012,0.5249936580657959,0.10662822425365448,0.21140119433403015
1766480326.0239968,0.44947735612183665,0.5812118383475235,0.23439319403782655,1,True,0.4159177839756012,0.5249936580657959,0.10662822425365448,0.21140119433403015
1766480326.027128,0.48429428526603135,0.6264690166082281,0.0,1,True,0.4159177839756012,0.5249936580657959,0.10662822425365448,0.21140119433403015
1766480326.030528,0.48429428526603135,0.6264690166082281,0.0,1,True,0.4159177839756012,0.5249936580657959,0.10662822425365448,0.21140119433403015
1766480326.033851,1.0076459694523971,1.1475327758064424,0.8811135292053223,1,False,,,,
1766480326.424622,1.0076459694523971,1.1475327758064424,0.8811135292053223,1,False,,,,
1766480326.433017,0.47644635679982394,0.694159099431511,0.9271798133850098,1,True,0.41454625129699707,0.5271855592727661,0.10060234367847443,0.20692867040634155
1766480326.4396732,0.47644635679982394,0.694159099431511,0.9271798133850098,1,True,0.41454625129699707,0.5271855592727661,0.10060234367847443,0.20692867040634155
1766480326.442731,0.47644635679982394,0.694159099431511,0.9271798133850098,1,True,0.41454625129699707,0.5271855592727661,0.10060234367847443,0.20692867040634155
1766480326.445614,0.4732388290881665,0.6639119935289934,0.0,1,True,0.4077184796333313,0.5170316100120544,0.10269613564014435,0.2058173269033432
1766480326.873207,0.4732388290881665,0.6639119935289934,0.0,1,True,0.4077184796333313,0.5170316100120544,0.10269613564014435,0.2058173269033432
1766480326.879807,0.4732388290881665,0.6639119935289934,0.0,1,True,0.4077184796333313,0.5170316100120544,0.10269613564014435,0.2058173269033432
1766480326.8831701,0.4732388290881665,0.6639119935289934,0.0,1,True,0.4077184796333313,0.5170316100120544,0.10269613564014435,0.2058173269033432
1766480326.885868,0.4732388290881665,0.6639119935289934,0.0,1,True,0.4077184796333313,0.5170316100120544,0.10269613564014435,0.2058173269033432
1766480326.888654,0.48429428526603135,0.6264690166082281,0.0,1,True,0.40251612663269043,0.4883892834186554,0.10376615822315216,0.21232253313064575
1766480327.312365,0.48429428526603135,0.6264690166082281,0.0,1,True,0.40251612663269043,0.4883892834186554,0.10376615822315216,0.21232253313064575
1766480327.320043,0.48429428526603135,0.6264690166082281,0.0,1,True,0.40251612663269043,0.4883892834186554,0.10376615822315216,0.21232253313064575
1766480327.322927,0.48429428526603135,0.6264690166082281,0.0,1,True,0.40251612663269043,0.4883892834186554,0.10376615822315216,0.21232253313064575
1766480327.325349,0.48429428526603135,0.6264690166082281,0.0,1,True,0.40251612663269043,0.4883892834186554,0.10376615822315216,0.21232253313064575
1766480327.328075,0.4703984937734654,0.7050116292299152,0.0464444815863416,1,False,,,,
1766480327.644348,0.4703984937734654,0.7050116292299152,0.0464444815863416,1,False,,,,
1766480327.652618,0.4703984937734654,0.7050116292299152,0.0464444815863416,1,False,,,,
1766480327.657668,0.4703984937734654,0.7050116292299152,0.0464444815863416,1,False,,,,
1766480327.6602979,0.4703984937734654,0.7050116292299152,0.0464444815863416,1,False,,,,
1766480327.663131,0.4732222147947468,0.6638625257699503,0.0,1,False,,,,
1766480328.060915,0.4732222147947468,0.6638625257699503,0.0,1,False,,,,
1766480328.067787,0.4732222147947468,0.6638625257699503,0.0,1,False,,,,
1766480328.071161,0.4732222147947468,0.6638625257699503,0.0,1,False,,,,
1766480328.075228,0.4732222147947468,0.6638625257699503,0.0,1,False,,,,
1766480328.078203,1.1312262225056646,1.6716348716327654,0.9877600073814392,1,False,,,,
1766480328.4077282,1.043722281245395,1.3066587859613088,0.9678285419940948,1,False,,,,
1766480328.41555,1.04303068522765,1.2887765153502317,0.9678285419940948,1,False,,,,
1766480328.423231,1.04303068522765,1.2887765153502317,0.9678285419940948,1,False,,,,
1766480328.426267,1.04303068522765,1.2887765153502317,0.9678285419940948,1,False,,,,
1766480328.431253,1.0617715677422899,0.7461041674815664,0.9956254363059998,1,False,,,,
1766480328.7174919,1.0617715677422899,0.7461041674815664,0.9956254363059998,1,False,,,,
1766480328.724521,1.0617715677422899,0.7461041674815664,0.9956254363059998,1,False,,,,
1766480328.7271712,1.0617715677422899,0.7461041674815664,0.9956254363059998,1,False,,,,
1766480328.729599,1.0617715677422899,0.7461041674815664,0.9956254363059998,1,False,,,,
1766480328.732426,0.46105405825789364,0.7331041512371197,0.10472035283753801,2,False,,,,
1766480329.116238,0.46229463051967523,0.7341662283836623,0.195738006777666,2,False,,,,
1766480329.123137,0.46229463051967523,0.7341662283836623,0.195738006777666,2,False,,,,
1766480329.129384,0.46229463051967523,0.7341662283836623,0.195738006777666,2,False,,,,
1766480329.1323452,0.46229463051967523,0.7341662283836623,0.195738006777666,2,False,,,,
1766480329.134984,0.4879392933365228,0.6780320743493579,0.8639451187866207,2,False,,,,
1766480329.443131,0.49807530469086936,0.6832539776782458,0.23862363999143138,2,False,,,,
1766480329.449434,0.49807530469086936,0.6832539776782458,0.23862363999143138,2,False,,,,
1766480329.4566689,0.49807530469086936,0.6832539776782458,0.23862363999143138,2,False,,,,
1766480329.459718,0.49807530469086936,0.6832539776782458,0.23862363999143138,2,False,,,,
1766480329.4623082,1.18220629049661,0.2886950027642988,0.9164843261241913,1,False,,,,
1766480330.15636,1.18220629049661,0.2886950027642988,0.9164843261241913,1,False,,,,
1766480330.1638699,1.18220629049661,0.2886950027642988,0.9164843261241913,1,False,,,,
1766480330.166275,1.18220629049661,0.2886950027642988,0.9164843261241913,1,False,,,,
1766480330.168641,1.18220629049661,0.2886950027642988,0.9164843261241913,1,False,,,,
1766480330.1708941,1.0727928691343844,0.8823157778464774,0.7518399059772491,0,False,,,,
1766480330.521364,1.073467212565633,0.8627589619197477,0.7605026960372925,0,False,,,,
1766480330.529032,1.073467212565633,0.8627589619197477,0.7605026960372925,0,False,,,,
1766480330.534127,1.073467212565633,0.8627589619197477,0.7605026960372925,0,False,,,,
1766480330.538615,1.073467212565633,0.8627589619197477,0.7605026960372925,0,False,,,,
1766480330.541576,0.4855927165174666,0.7145887523598469,0.37050337126268795,1,False,,,,
1766480330.883423,0.4855927165174666,0.7145887523598469,0.37050337126268795,1,False,,,,
1766480330.8898659,0.48139047263816986,0.6422193069750215,0.12773165011712814,1,False,,,,
1766480330.89319,0.48139047263816986,0.6422193069750215,0.12773165011712814,1,False,,,,
1766480330.899324,0.48139047263816986,0.6422193069750215,0.12773165011712814,1,False,,,,
1766480330.902185,0.16080814222367282,1.2342913786786571,0.9225941550731659,1,False,,,,
1766480331.301352,0.16080814222367282,1.2342913786786571,0.9225941550731659,1,False,,,,
1766480331.306273,0.16080814222367282,1.2342913786786571,0.9225941550731659,1,False,,,,
1766480331.309192,0.16080814222367282,1.2342913786786571,0.9225941550731659,1,False,,,,
1766480331.3118641,0.16080814222367282,1.2342913786786571,0.9225941550731659,1,False,,,,
1766480331.315222,0.48393887412197667,0.7174695322667493,0.3292432264298957,1,False,,,,
1766480331.636058,0.48393887412197667,0.7174695322667493,0.3292432264298957,1,False,,,,
1766480331.643987,0.48393887412197667,0.7174695322667493,0.3292432264298957,1,False,,,,
1766480331.646534,0.48393887412197667,0.7174695322667493,0.3292432264298957,1,False,,,,
1766480331.649119,0.48393887412197667,0.7174695322667493,0.3292432264298957,1,False,,,,
1766480331.6516411,0.4421109604862517,0.6184308015640806,0.243065358903445,1,False,,,,
1766480332.014169,0.4421109604862517,0.6184308015640806,0.243065358903445,1,False,,,,
1766480332.0219169,0.44276778910534753,0.6198140548581311,0.2536764455187948,1,False,,,,
1766480332.025478,0.44277682024623005,0.6190513802825929,0.2568956304461137,1,False,,,,
1766480332.028785,0.44277682024623005,0.6190513802825929,0.2568956304461137,1,False,,,,
1766480332.035975,-0.05601055163823476,1.0435336363063639,0.9939465177059174,1,False,,,,
1766480332.3926451,-0.05601055163823476,1.0435336363063639,0.9939465177059174,1,False,,,,
1766480332.401477,1.4541795283616714,0.00030762704154640996,0.9893727004528046,1,False,,,,
1766480332.4078689,1.4541795283616714,0.00030762704154640996,0.9893727004528046,1,False,,,,
1766480332.410549,1.4541795283616714,0.00030762704154640996,0.9893727004528046,1,False,,,,
1766480332.41393,1.060129252236032,1.2475282237219572,0.8452496528625488,1,False,,,,
1766480332.884646,1.060129252236032,1.2475282237219572,0.8452496528625488,1,False,,,,
1766480332.891455,1.060129252236032,1.2475282237219572,0.8452496528625488,1,False,,,,
1766480332.8946612,1.0514109404172938,1.2044889713939952,0.8475881814956665,1,False,,,,
1766480332.898839,1.0428579038821404,1.1710788554105278,0.8703099489212036,1,False,,,,
1766480332.902272,0.4417993002168732,0.5815892658385772,0.15409551713854844,1,True,0.43715429306030273,0.5761939287185669,0.11897382885217667,0.22290395200252533
1766480333.206933,0.4521984868084294,0.5899298209662398,0.16238540969447682,1,True,0.43715429306030273,0.5761939287185669,0.11897382885217667,0.22290395200252533
1766480333.214408,0.4521984868084294,0.5899298209662398,0.16238540969447682,1,True,0.43715429306030273,0.5761939287185669,0.11897382885217667,0.22290395200252533
1766480333.217313,0.4521984868084294,0.5899298209662398,0.16238540969447682,1,True,0.43715429306030273,0.5761939287185669,0.11897382885217667,0.22290395200252533
1766480333.220136,0.4521984868084294,0.5899298209662398,0.16238540969447682,1,True,0.43715429306030273,0.5761939287185669,0.11897382885217667,0.22290395200252533
1766480333.22545,0.4456458491992511,0.5839482043536923,0.14232344963166602,1,True,0.43554672598838806,0.547117292881012,0.11557559669017792,0.2171308696269989
1766480333.552456,0.4456458491992511,0.5839482043536923,0.14232344963166602,1,True,0.43554672598838806,0.547117292881012,0.11557559669017792,0.2171308696269989
1766480333.559082,0.4456458491992511,0.5839482043536923,0.14232344963166602,1,True,0.43554672598838806,0.547117292881012,0.11557559669017792,0.2171308696269989
1766480333.56226,0.4456458491992511,0.5839482043536923,0.14232344963166602,1,True,0.43554672598838806,0.547117292881012,0.11557559669017792,0.2171308696269989
1766480333.566004,0.44472442866242146,0.5841184682705582,0.14335942466361856,1,True,0.43554672598838806,0.547117292881012,0.11557559669017792,0.2171308696269989
1766480333.569084,0.47306547392818904,0.6631894064166097,0.0,1,True,0.42809098958969116,0.5321953892707825,0.11372556537389755,0.2022298127412796
1766480333.9140558,0.47306547392818904,0.6631894064166097,0.0,1,True,0.42809098958969116,0.5321953892707825,0.11372556537389755,0.2022298127412796
1766480333.920609,0.47306547392818904,0.6631894064166097,0.0,1,True,0.42809098958969116,0.5321953892707825,0.11372556537389755,0.2022298127412796
1766480333.923548,0.47306547392818904,0.6631894064166097,0.0,1,True,0.42809098958969116,0.5321953892707825,0.11372556537389755,0.2022298127412796
1766480333.926348,0.47306547392818904,0.6631894064166097,0.0,1,True,0.42809098958969116,0.5321953892707825,0.11372556537389755,0.2022298127412796
1766480333.929006,0.4766774211011643,0.693593838400747,0.7060384154319763,1,True,0.4212898313999176,0.5064412355422974,0.11150665581226349,0.21542257070541382
1766480334.253781,0.4766774211011643,0.693593838400747,0.7060384154319763,1,True,0.4212898313999176,0.5064412355422974,0.11150665581226349,0.21542257070541382
1766480334.259495,0.4766774211011643,0.693593838400747,0.7060384154319763,1,True,0.4212898313999176,0.5064412355422974,0.11150665581226349,0.21542257070541382
1766480334.2627552,0.4766774211011643,0.693593838400747,0.7060384154319763,1,True,0.4212898313999176,0.5064412355422974,0.11150665581226349,0.21542257070541382
1766480334.265537,0.4766774211011643,0.693593838400747,0.7060384154319763,1,True,0.4212898313999176,0.5064412355422974,0.11150665581226349,0.21542257070541382
1766480334.2680829,0.4955346256320191,0.6833026576945701,0.20678529315204242,1,True,0.4172927737236023,0.5185854434967041,0.10867748409509659,0.20316365361213684
1766480334.594947,0.4955346256320191,0.6833026576945701,0.20678529315204242,1,True,0.4172927737236023,0.5185854434967041,0.10867748409509659,0.20316365361213684
1766480334.601842,0.4955346256320191,0.6833026576945701,0.20678529315204242,1,True,0.4172927737236023,0.5185854434967041,0.10867748409509659,0.20316365361213684
1766480334.604987,0.4955346256320191,0.6833026576945701,0.20678529315204242,1,True,0.4172927737236023,0.5185854434967041,0.10867748409509659,0.20316365361213684
1766480334.608182,0.44557364307886466,0.5777258788932477,0.1627926516173844,1,True,0.4172927737236023,0.5185854434967041,0.10867748409509659,0.20316365361213684
1766480334.611537,0.44194565397152435,0.585337417376699,0.14159341480997834,1,True,0.4107559323310852,0.5056969523429871,0.10354127734899521,0.20772501826286316
1766480334.9020941,0.44194565397152435,0.585337417376699,0.14159341480997834,1,True,0.4107559323310852,0.5056969523429871,0.10354127734899521,0.20772501826286316
1766480334.908792,0.4730296570850583,0.6633083370694588,0.0,1,True,0.4107559323310852,0.5056969523429871,0.10354127734899521,0.20772501826286316
1766480334.911875,0.4730296570850583,0.6633083370694588,0.0,1,True,0.4107559323310852,0.5056969523429871,0.10354127734899521,0.20772501826286316
1766480334.918974,0.4730296570850583,0.6633083370694588,0.0,1,True,0.4107559323310852,0.5056969523429871,0.10354127734899521,0.20772501826286316
1766480334.921781,0.44559581562254647,0.5754690408221653,0.16452120998460548,1,True,0.41451844573020935,0.5168625116348267,0.10068635642528534,0.20778419077396393
1766480335.304676,0.44559581562254647,0.5754690408221653,0.16452120998460548,1,True,0.41451844573020935,0.5168625116348267,0.10068635642528534,0.20778419077396393
1766480335.31163,0.4455115959258049,0.5727329981827065,0.1602528471857609,1,True,0.41451844573020935,0.5168625116348267,0.10068635642528534,0.20778419077396393
1766480335.3194828,0.4455115959258049,0.5727329981827065,0.1602528471857609,1,True,0.41451844573020935,0.5168625116348267,0.10068635642528534,0.20778419077396393
1766480335.3225868,0.4455115959258049,0.5727329981827065,0.1602528471857609,1,True,0.41451844573020935,0.5168625116348267,0.10068635642528534,0.20778419077396393
1766480335.325359,0.4490424329554794,0.5668065786863431,0.20602680440437401,1,True,0.41271525621414185,0.5553990602493286,0.10253801196813583,0.20352241396903992
1766480335.6257799,0.4490424329554794,0.5668065786863431,0.20602680440437401,1,True,0.41271525621414185,0.5553990602493286,0.10253801196813583,0.20352241396903992
1766480335.632289,0.4490424329554794,0.5668065786863431,0.20602680440437401,1,True,0.41271525621414185,0.5553990602493286,0.10253801196813583,0.20352241396903992
1766480335.635529,0.4490424329554794,0.5668065786863431,0.20602680440437401,1,True,0.41271525621414185,0.5553990602493286,0.10253801196813583,0.20352241396903992
1766480335.638151,0.4490424329554794,0.5668065786863431,0.20602680440437401,1,True,0.41271525621414185,0.5553990602493286,0.10253801196813583,0.20352241396903992
1766480335.6412108,0.45575705418318285,0.5703641610413092,0.13332568917066356,1,False,,,,
1766480335.903827,0.45575705418318285,0.5703641610413092,0.13332568917066356,1,False,,,,
1766480335.910878,0.4597010147879426,0.5570077242459309,0.10392171108033543,1,False,,,,
1766480335.9141812,0.4597010147879426,0.5570077242459309,0.10392171108033543,1,False,,,,
1766480335.917291,0.4597010147879426,0.5570077242459309,0.10392171108033543,1,False,,,,
1766480335.923733,0.4928427687769421,0.7017919358871013,0.7461183667182922,1,True,0.41986212134361267,0.6216955184936523,0.09877471625804901,0.18576286733150482
1766480336.3088372,0.4928427687769421,0.7017919358871013,0.7461183667182922,1,True,0.41986212134361267,0.6216955184936523,0.09877471625804901,0.18576286733150482
1766480336.315582,0.44219344472820526,0.5761681422606285,0.18100370868149332,1,False,,,,
1766480336.320089,0.44219344472820526,0.5761681422606285,0.18100370868149332,1,False,,,,
1766480336.3242,0.44219344472820526,0.5761681422606285,0.18100370868149332,1,False,,,,
1766480336.330591,0.44661072639238125,0.5681459705080063,0.19504280379632946,1,False,,,,
1766480336.668202,0.44661072639238125,0.5681459705080063,0.19504280379632946,1,False,,,,
1766480336.6744928,0.44661072639238125,0.5681459705080063,0.19504280379632946,1,False,,,,
1766480336.679827,0.44661072639238125,0.5681459705080063,0.19504280379632946,1,False,,,,
1766480336.682781,0.44659921071170566,0.5679998738837332,0.1940310960847079,1,False,,,,
1766480336.685567,0.4433025652721441,0.5768667103671106,0.20156418213301974,1,True,0.4220646917819977,0.5811983942985535,0.08866624534130096,0.180649995803833
1766480336.9270048,0.4433025652721441,0.5768667103671106,0.20156418213301974,1,True,0.4220646917819977,0.5811983942985535,0.08866624534130096,0.180649995803833
1766480336.9341068,0.4433025652721441,0.5768667103671106,0.20156418213301974,1,True,0.4220646917819977,0.5811983942985535,0.08866624534130096,0.180649995803833
1766480336.937292,0.4433025652721441,0.5768667103671106,0.20156418213301974,1,True,0.4220646917819977,0.5811983942985535,0.08866624534130096,0.180649995803833
1766480336.9399838,0.4433025652721441,0.5768667103671106,0.20156418213301974,1,True,0.4220646917819977,0.5811983942985535,0.08866624534130096,0.180649995803833
1766480336.942695,0.44500426374901425,0.5691015779739085,0.15535149361606174,1,True,0.4188811779022217,0.5848910212516785,0.09278593212366104,0.18137529492378235
1766480337.1891682,0.48506673168892184,0.6751807189281053,0.11998152415243978,1,True,0.4188811779022217,0.5848910212516785,0.09278593212366104,0.18137529492378235
1766480337.197036,0.48506673168892184,0.6751807189281053,0.11998152415243978,1,True,0.4188811779022217,0.5848910212516785,0.09278593212366104,0.18137529492378235
1766480337.2035048,0.48506673168892184,0.6751807189281053,0.11998152415243978,1,True,0.4188811779022217,0.5848910212516785,0.09278593212366104,0.18137529492378235
1766480337.206461,0.48506673168892184,0.6751807189281053,0.11998152415243978,1,True,0.4188811779022217,0.5848910212516785,0.09278593212366104,0.18137529492378235
1766480337.211741,0.47302949448280024,0.6633088692585987,0.0,1,True,0.41421276330947876,0.5461287498474121,0.09470129013061523,0.1981557160615921
1766480337.515679,0.47302949448280024,0.6633088692585987,0.0,1,True,0.41421276330947876,0.5461287498474121,0.09470129013061523,0.1981557160615921
1766480337.5227048,0.47302949448280024,0.6633088692585987,0.0,1,True,0.41421276330947876,0.5461287498474121,0.09470129013061523,0.1981557160615921
1766480337.525781,0.47302949448280024,0.6633088692585987,0.0,1,True,0.41421276330947876,0.5461287498474121,0.09470129013061523,0.1981557160615921
1766480337.5331142,0.47302949448280024,0.6633088692585987,0.0,1,True,0.41421276330947876,0.5461287498474121,0.09470129013061523,0.1981557160615921
1766480337.536232,0.46043737356260994,0.5804353804197828,0.19987160284486913,1,True,0.40055570006370544,0.5309504270553589,0.10047807544469833,0.2077123075723648
1766480337.818402,0.46043737356260994,0.5804353804197828,0.19987160284486913,1,True,0.40055570006370544,0.5309504270553589,0.10047807544469833,0.2077123075723648
1766480337.825027,0.4616420669789926,0.5791332722350228,0.17962260186584725,1,True,0.40055570006370544,0.5309504270553589,0.10047807544469833,0.2077123075723648
1766480337.828059,0.4616420669789926,0.5791332722350228,0.17962260186584725,1,True,0.40055570006370544,0.5309504270553589,0.10047807544469833,0.2077123075723648
1766480337.834888,0.4616420669789926,0.5791332722350228,0.17962260186584725,1,True,0.40055570006370544,0.5309504270553589,0.10047807544469833,0.2077123075723648
1766480337.83808,0.46154908780437187,0.5795071430886929,0.19442042156314598,1,True,0.39537885785102844,0.554034411907196,0.09978611767292023,0.20240257680416107
1766480338.092893,0.4615793772779518,0.57933975988164,0.19397263146799415,1,True,0.39537885785102844,0.554034411907196,0.09978611767292023,0.20240257680416107
1766480338.098581,0.4615793772779518,0.57933975988164,0.19397263146799415,1,True,0.39537885785102844,0.554034411907196,0.09978611767292023,0.20240257680416107
1766480338.105618,0.4615793772779518,0.57933975988164,0.19397263146799415,1,True,0.39537885785102844,0.554034411907196,0.09978611767292023,0.20240257680416107
1766480338.1086981,0.4615793772779518,0.57933975988164,0.19397263146799415,1,True,0.39537885785102844,0.554034411907196,0.09978611767292023,0.20240257680416107
1766480338.111339,0.47309733362141165,0.6633686022446591,0.0,1,True,0.39232876896858215,0.5800662636756897,0.09729311615228653,0.18616671860218048
1766480338.431762,0.47309733362141165,0.6633686022446591,0.0,1,True,0.39232876896858215,0.5800662636756897,0.09729311615228653,0.18616671860218048
1766480338.4392672,0.47309733362141165,0.6633686022446591,0.0,1,True,0.39232876896858215,0.5800662636756897,0.09729311615228653,0.18616671860218048
1766480338.4424582,0.47309733362141165,0.6633686022446591,0.0,1,True,0.39232876896858215,0.5800662636756897,0.09729311615228653,0.18616671860218048
1766480338.445032,0.47309733362141165,0.6633686022446591,0.0,1,True,0.39232876896858215,0.5800662636756897,0.09729311615228653,0.18616671860218048
1766480338.44815,0.47309733362141165,0.6633686022446591,0.0,1,True,0.383016437292099,0.5986448526382446,0.09534187614917755,0.19191741943359375
1766480338.68908,0.47309733362141165,0.6633686022446591,0.0,1,True,0.383016437292099,0.5986448526382446,0.09534187614917755,0.19191741943359375
1766480338.6964421,0.47309733362141165,0.6633686022446591,0.0,1,True,0.383016437292099,0.5986448526382446,0.09534187614917755,0.19191741943359375
1766480338.699798,0.47309733362141165,0.6633686022446591,0.0,1,True,0.383016437292099,0.5986448526382446,0.09534187614917755,0.19191741943359375
1766480338.706165,0.47309733362141165,0.6633686022446591,0.0,1,True,0.383016437292099,0.5986448526382446,0.09534187614917755,0.19191741943359375
1766480338.7090182,0.45928034449398475,0.5626026061054021,0.25948239426707764,1,False,,,,
1766480338.9253461,0.4559055842149429,0.5652771848406434,0.25950955904689205,1,False,,,,
1766480338.9335308,0.4560558484964646,0.5620792822248497,0.18474623181613195,1,False,,,,
1766480338.940747,0.4560558484964646,0.5620792822248497,0.18474623181613195,1,False,,,,
1766480338.943619,0.4560558484964646,0.5620792822248497,0.18474623181613195,1,False,,,,
1766480338.946243,0.47309733362141165,0.6633686022446591,0.0,1,True,0.4183195233345032,0.6766977906227112,0.09650640189647675,0.1907958984375
1766480339.246662,0.47309733362141165,0.6633686022446591,0.0,1,True,0.4183195233345032,0.6766977906227112,0.09650640189647675,0.1907958984375
1766480339.253105,0.47309733362141165,0.6633686022446591,0.0,1,True,0.4183195233345032,0.6766977906227112,0.09650640189647675,0.1907958984375
1766480339.2561438,0.47309733362141165,0.6633686022446591,0.0,1,True,0.4183195233345032,0.6766977906227112,0.09650640189647675,0.1907958984375
1766480339.258871,0.47309733362141165,0.6633686022446591,0.0,1,True,0.4183195233345032,0.6766977906227112,0.09650640189647675,0.1907958984375
1766480339.261494,0.47787518039364596,0.6222213754263767,0.15188729662247416,1,False,,,,
1766480339.8599832,0.47787518039364596,0.6222213754263767,0.15188729662247416,1,False,,,,
1766480339.868879,0.47798299115275017,0.6223590092762554,0.14997642131223857,1,False,,,,
1766480339.871603,0.47798299115275017,0.6223590092762554,0.14997642131223857,1,False,,,,
1766480339.8777769,0.47798299115275017,0.6223590092762554,0.14997642131223857,1,False,,,,
1766480339.880675,0.47309733362141165,0.6633686022446591,0.0,0,False,,,,
1766480340.162816,0.47309733362141165,0.6633686022446591,0.0,0,False,,,,
1766480340.169921,0.45853076837072493,0.6553743550868849,0.7269595265388489,0,False,,,,
1766480340.172885,0.45853076837072493,0.6553743550868849,0.7269595265388489,0,False,,,,
1766480340.178744,0.45853076837072493,0.6553743550868849,0.7269595265388489,0,False,,,,
1766480340.1820679,0.4891299172812002,0.6399453280421029,0.22148790219707032,0,False,,,,
1766480340.3758779,0.45922005195983645,0.6560188047502334,0.7855285137271903,0,False,,,,
1766480340.382097,0.45922005195983645,0.6560188047502334,0.7855285137271903,0,False,,,,
1766480340.38721,0.45922005195983645,0.6560188047502334,0.7855285137271903,0,False,,,,
1766480340.38973,0.45922005195983645,0.6560188047502334,0.7855285137271903,0,False,,,,
1766480340.392708,0.47309733362141165,0.6633686022446591,0.0,0,False,,,,
1766480340.594657,0.47309733362141165,0.6633686022446591,0.0,0,False,,,,
1766480340.600103,0.47309733362141165,0.6633686022446591,0.0,0,False,,,,
1766480340.603306,0.47309733362141165,0.6633686022446591,0.0,0,False,,,,
1766480340.6060858,0.47309733362141165,0.6633686022446591,0.0,0,False,,,,
1766480340.609104,0.4810618642108949,0.6453922082283767,0.3445623835487272,1,False,,,,
1766480340.904246,0.4810618642108949,0.6453922082283767,0.3445623835487272,1,False,,,,
1766480340.9098759,0.47315144512214424,0.6635861617920918,0.0,1,False,,,,
1766480340.912862,0.47315144512214424,0.6635861617920918,0.0,1,False,,,,
1766480340.918793,0.47315144512214424,0.6635861617920918,0.0,1,False,,,,
1766480340.923826,0.49052406196165615,0.6369550749366206,0.34968150822944705,2,False,,,,
1766480341.2198699,0.49052406196165615,0.6369550749366206,0.34968150822944705,2,False,,,,
1766480341.224915,0.49052406196165615,0.6369550749366206,0.34968150822944705,2,False,,,,
1766480341.2277682,0.49052406196165615,0.6369550749366206,0.34968150822944705,2,False,,,,
1766480341.230299,0.49052406196165615,0.6369550749366206,0.34968150822944705,2,False,,,,
1766480341.2327712,0.47315144512214424,0.6635861617920918,0.0,1,False,,,,
1766480341.464651,0.47315144512214424,0.6635861617920918,0.0,1,False,,,,
1766480341.471244,0.47315144512214424,0.6635861617920918,0.0,1,False,,,,
1766480341.47413,0.47315144512214424,0.6635861617920918,0.0,1,False,,,,
1766480341.477495,0.47315144512214424,0.6635861617920918,0.0,1,False,,,,
1766480341.481368,0.4731166343005356,0.6635203034892357,0.0,1,False,,,,
1766480341.76511,0.4731166343005356,0.6635203034892357,0.0,1,False,,,,
1766480341.770049,0.4731166343005356,0.6635203034892357,0.0,1,False,,,,
1766480341.772661,0.4731166343005356,0.6635203034892357,0.0,1,False,,,,
1766480341.775135,0.4731166343005356,0.6635203034892357,0.0,1,False,,,,
1766480341.7793658,0.48543245200588164,0.6335033114084848,0.26585844190825014,2,False,,,,
1766480342.1235058,0.48543245200588164,0.6335033114084848,0.26585844190825014,2,False,,,,
1766480342.129618,0.48543245200588164,0.6335033114084848,0.26585844190825014,2,False,,,,
1766480342.13249,0.48543245200588164,0.6335033114084848,0.26585844190825014,2,False,,,,
1766480342.134964,0.48543245200588164,0.6335033114084848,0.26585844190825014,2,False,,,,
1766480342.137689,0.4731166343005356,0.6635203034892357,0.0,1,False,,,,
1766480342.368169,0.4731166343005356,0.6635203034892357,0.0,1,False,,,,
1766480342.37374,0.4731166343005356,0.6635203034892357,0.0,1,False,,,,
1766480342.376801,0.4731166343005356,0.6635203034892357,0.0,1,False,,,,
1766480342.382082,0.4731166343005356,0.6635203034892357,0.0,1,False,,,,
1766480342.385016,0.4849580074901653,0.6468808666050393,0.3000173605967234,1,False,,,,
1766480342.656218,0.4849580074901653,0.6468808666050393,0.3000173605967234,1,False,,,,
1766480342.6624188,0.4849580074901653,0.6468808666050393,0.3000173605967234,1,False,,,,
1766480342.66497,0.4849580074901653,0.6468808666050393,0.3000173605967234,1,False,,,,
1766480342.6674922,0.4849580074901653,0.6468808666050393,0.3000173605967234,1,False,,,,
1766480342.670072,0.4870515261510967,0.647568362564224,0.26106677413733587,1,False,,,,
1766480342.910439,0.4870515261510967,0.647568362564224,0.26106677413733587,1,False,,,,
1766480342.9169059,0.4871502030905632,0.6477117041003254,0.22392409273955202,1,False,,,,
1766480342.920959,0.4871502030905632,0.6477117041003254,0.22392409273955202,1,False,,,,
1766480342.928264,0.4871502030905632,0.6477117041003254,0.22392409273955202,1,False,,,,
1766480342.931249,0.48759889074559615,0.6456415141841896,0.19104502495788717,1,False,,,,
1766480343.234762,0.48759889074559615,0.6456415141841896,0.19104502495788717,1,False,,,,
1766480343.241169,0.48759889074559615,0.6456415141841896,0.19104502495788717,1,False,,,,
1766480343.2442439,0.48759889074559615,0.6456415141841896,0.19104502495788717,1,False,,,,
1766480343.2466612,0.48759889074559615,0.6456415141841896,0.19104502495788717,1,False,,,,
1766480343.249133,0.4825153521738111,0.645541431464491,0.4418938956947851,1,False,,,,
1766480343.529081,0.4825153521738111,0.645541431464491,0.4418938956947851,1,False,,,,
1766480343.535161,0.4825153521738111,0.645541431464491,0.4418938956947851,1,False,,,,
1766480343.538058,0.4825153521738111,0.645541431464491,0.4418938956947851,1,False,,,,
1766480343.540965,0.4825153521738111,0.645541431464491,0.4418938956947851,1,False,,,,
1766480343.543802,0.5076803475057199,0.6302689607537076,0.3221274521179091,1,False,,,,
1766480343.865469,0.5076803475057199,0.6302689607537076,0.3221274521179091,1,False,,,,
1766480343.872214,0.5076803475057199,0.6302689607537076,0.3221274521179091,1,False,,,,
1766480343.8773031,0.5076803475057199,0.6302689607537076,0.3221274521179091,1,False,,,,
1766480343.880136,0.5076803475057199,0.6302689607537076,0.3221274521179091,1,False,,,,
1766480343.883289,0.4715382373394563,0.6528088045528185,0.99,1,False,,,,
1766480344.115356,0.4715382373394563,0.6528088045528185,0.99,1,False,,,,
1766480344.121778,0.4691909190373485,0.6464604343717306,0.3736845041497756,1,False,,,,
1766480344.125412,0.4687473844510122,0.6511072936584232,0.19086115808979506,1,False,,,,
1766480344.129945,0.4687473844510122,0.6511072936584232,0.19086115808979506,1,False,,,,
1766480344.137281,0.4665470902743939,0.640428866152322,0.21635512489733413,1,False,,,,
1766480344.411915,0.4665470902743939,0.640428866152322,0.21635512489733413,1,False,,,,
1766480344.4193869,0.4665470902743939,0.640428866152322,0.21635512489733413,1,False,,,,
1766480344.423041,0.4682223470587835,0.644697130471877,0.20767461692758998,1,False,,,,
1766480344.4265878,0.4682223470587835,0.644697130471877,0.20767461692758998,1,False,,,,
1766480344.432158,0.5064802264916693,0.6150029680931537,0.3360049166356251,1,False,,,,
1766480344.773098,0.5064802264916693,0.6150029680931537,0.3360049166356251,1,False,,,,
1766480344.77959,0.5064802264916693,0.6150029680931537,0.3360049166356251,1,False,,,,
1766480344.782801,0.5064802264916693,0.6150029680931537,0.3360049166356251,1,False,,,,
1766480344.78581,0.5064802264916693,0.6150029680931537,0.3360049166356251,1,False,,,,
1766480344.788747,0.5076196668941493,0.6255333808861151,0.3886651477344592,1,False,,,,
1766480345.0521019,0.5076196668941493,0.6255333808861151,0.3886651477344592,1,False,,,,
1766480345.0589492,0.47602816262027126,0.6505572165510677,0.1612679714229265,1,False,,,,
1766480345.0644648,0.47602816262027126,0.6505572165510677,0.1612679714229265,1,False,,,,
1766480345.071637,0.47602816262027126,0.6505572165510677,0.1612679714229265,1,False,,,,
1766480345.0746,0.47638639148797335,0.654477520229828,0.17532040124080223,1,False,,,,
1766480345.3073988,0.47638639148797335,0.654477520229828,0.17532040124080223,1,False,,,,
1766480345.3128,0.47638639148797335,0.654477520229828,0.17532040124080223,1,False,,,,
1766480345.315474,0.47638639148797335,0.654477520229828,0.17532040124080223,1,False,,,,
1766480345.3179991,0.47638639148797335,0.654477520229828,0.17532040124080223,1,False,,,,
1766480345.32061,0.4692969517198957,0.6585736983512249,0.38756497824422254,1,False,,,,
1766480345.59283,0.4692969517198957,0.6585736983512249,0.38756497824422254,1,False,,,,
1766480345.6001658,0.47370667704263536,0.65928340166539,0.46304696047653726,1,False,,,,
1766480345.606657,0.47370667704263536,0.65928340166539,0.46304696047653726,1,False,,,,
1766480345.609743,0.47370667704263536,0.65928340166539,0.46304696047653726,1,False,,,,
1766480345.612345,0.4725664523542565,0.6615196424433768,0.43547648433907654,1,False,,,,
1766480345.898371,0.47826288268160944,0.6604556092513055,0.41968775055714036,1,False,,,,
1766480345.907351,0.47237967379927603,0.6623235560436271,0.3697045393116408,1,False,,,,
1766480345.913488,0.47237967379927603,0.6623235560436271,0.3697045393116408,1,False,,,,
1766480345.9186828,0.47237967379927603,0.6623235560436271,0.3697045393116408,1,False,,,,
1766480345.921432,0.5061706652925947,0.6108217671895703,0.2546598415445252,1,False,,,,
1766480346.219862,0.5061706652925947,0.6108217671895703,0.2546598415445252,1,False,,,,
1766480346.225559,0.5061706652925947,0.6108217671895703,0.2546598415445252,1,False,,,,
1766480346.228284,0.5061706652925947,0.6108217671895703,0.2546598415445252,1,False,,,,
1766480346.2311082,0.5061706652925947,0.6108217671895703,0.2546598415445252,1,False,,,,
1766480346.234439,0.47300303232939944,0.6634770339092536,0.0,1,False,,,,
1766480346.471196,0.45069009135151183,0.8818266022916842,0.8908411860466003,1,False,,,,
1766480346.4793081,0.45069009135151183,0.8818266022916842,0.8908411860466003,1,False,,,,
1766480346.485883,0.45069009135151183,0.8818266022916842,0.8908411860466003,1,False,,,,
1766480346.488661,0.45069009135151183,0.8818266022916842,0.8908411860466003,1,False,,,,
1766480346.491406,0.48053279731527043,0.6830404489055881,0.17776103920229533,1,True,0.47577953338623047,0.5208258628845215,0.1074851006269455,0.2112862467765808
1766480346.8197608,0.48053279731527043,0.6830404489055881,0.17776103920229533,1,True,0.47577953338623047,0.5208258628845215,0.1074851006269455,0.2112862467765808
1766480346.826334,0.48053279731527043,0.6830404489055881,0.17776103920229533,1,True,0.47577953338623047,0.5208258628845215,0.1074851006269455,0.2112862467765808
1766480346.8290539,0.48053279731527043,0.6830404489055881,0.17776103920229533,1,True,0.47577953338623047,0.5208258628845215,0.1074851006269455,0.2112862467765808
1766480346.831756,0.48053279731527043,0.6830404489055881,0.17776103920229533,1,True,0.47577953338623047,0.5208258628845215,0.1074851006269455,0.2112862467765808
1766480346.834856,1.0518179827359802,1.1893235317894357,0.8175497651100159,1,False,,,,
1766480347.048418,1.0518179827359802,1.1893235317894357,0.8175497651100159,1,False,,,,
1766480347.055729,1.0518179827359802,1.1893235317894357,0.8175497651100159,1,False,,,,
1766480347.058669,1.0518179827359802,1.1893235317894357,0.8175497651100159,1,False,,,,
1766480347.0613499,1.0518179827359802,1.1893235317894357,0.8175497651100159,1,False,,,,
1766480347.064084,1.0499442866837052,1.1454670890042102,0.8306611478328705,1,False,,,,
1766480347.321048,1.0499442866837052,1.1454670890042102,0.8306611478328705,1,False,,,,
1766480347.3270369,1.0499442866837052,1.1454670890042102,0.8306611478328705,1,False,,,,
1766480347.332536,1.0499442866837052,1.1454670890042102,0.8306611478328705,1,False,,,,
1766480347.335818,1.0499442866837052,1.1454670890042102,0.8306611478328705,1,False,,,,
1766480347.338845,1.063161009817513,0.9286815634621961,0.7841916680335999,1,False,,,,
1766480347.6376,1.0615992109554473,0.9312383808991913,0.7712938785552979,1,False,,,,
1766480347.6458728,1.054096194045852,0.9517805484158477,0.8094062209129333,1,False,,,,
1766480347.653474,1.054096194045852,0.9517805484158477,0.8094062209129333,1,False,,,,
1766480347.656555,1.054096194045852,0.9517805484158477,0.8094062209129333,1,False,,,,
1766480347.659311,1.0433183414207337,1.1173133764674266,0.779487282037735,1,False,,,,
1766480347.955801,1.0433183414207337,1.1173133764674266,0.779487282037735,1,False,,,,
1766480347.961845,1.0433183414207337,1.1173133764674266,0.779487282037735,1,False,,,,
1766480347.9650729,1.0433183414207337,1.1173133764674266,0.779487282037735,1,False,,,,
1766480347.9677172,1.0433183414207337,1.1173133764674266,0.779487282037735,1,False,,,,
1766480347.973109,0.452021517481184,0.5705177236510016,0.21345510050664376,1,True,0.4239722788333893,0.587067723274231,0.10039873421192169,0.2087441384792328
1766480348.1958468,0.452021517481184,0.5705177236510016,0.21345510050664376,1,True,0.4239722788333893,0.587067723274231,0.10039873421192169,0.2087441384792328
1766480348.2024362,0.452021517481184,0.5705177236510016,0.21345510050664376,1,True,0.4239722788333893,0.587067723274231,0.10039873421192169,0.2087441384792328
1766480348.205717,0.452021517481184,0.5705177236510016,0.21345510050664376,1,True,0.4239722788333893,0.587067723274231,0.10039873421192169,0.2087441384792328
1766480348.208329,0.452021517481184,0.5705177236510016,0.21345510050664376,1,True,0.4239722788333893,0.587067723274231,0.10039873421192169,0.2087441384792328
1766480348.211201,0.473517524451376,0.69961671163268,0.8355095982551575,1,True,0.41991668939590454,0.615769624710083,0.09963703155517578,0.19879591464996338
1766480348.488176,0.473517524451376,0.69961671163268,0.8355095982551575,1,True,0.41991668939590454,0.615769624710083,0.09963703155517578,0.19879591464996338
1766480348.494664,0.473517524451376,0.69961671163268,0.8355095982551575,1,True,0.41991668939590454,0.615769624710083,0.09963703155517578,0.19879591464996338
1766480348.497801,0.473517524451376,0.69961671163268,0.8355095982551575,1,True,0.41991668939590454,0.615769624710083,0.09963703155517578,0.19879591464996338
1766480348.5005682,0.473517524451376,0.69961671163268,0.8355095982551575,1,True,0.41991668939590454,0.615769624710083,0.09963703155517578,0.19879591464996338
1766480348.503148,0.45169251679635414,0.5718640493320513,0.20453451631113842,1,False,,,,
1766480348.721117,0.4497150391338593,0.575692263398683,0.24870085033482958,1,False,,,,
1766480348.7265239,0.4497150391338593,0.575692263398683,0.24870085033482958,1,False,,,,
1766480348.733064,0.4497150391338593,0.575692263398683,0.24870085033482958,1,False,,,,
1766480348.736244,0.4497150391338593,0.575692263398683,0.24870085033482958,1,False,,,,
1766480348.739438,0.44960018605192387,0.5935419889317218,0.7940394878387451,1,False,,,,
1766480348.977922,0.44960018605192387,0.5935419889317218,0.7940394878387451,1,False,,,,
1766480348.986086,0.45145292440425144,0.5705606377171618,0.23003231530170337,1,False,,,,
1766480348.989645,0.45145292440425144,0.5705606377171618,0.23003231530170337,1,False,,,,
1766480348.9966662,0.45145292440425144,0.5705606377171618,0.23003231530170337,1,False,,,,
1766480348.999605,0.43974330571592785,0.567439641557581,0.13141658138696605,1,False,,,,
1766480349.22576,0.43974330571592785,0.567439641557581,0.13141658138696605,1,False,,,,
1766480349.23361,0.43974330571592785,0.567439641557581,0.13141658138696605,1,False,,,,
1766480349.236481,0.43974330571592785,0.567439641557581,0.13141658138696605,1,False,,,,
1766480349.242256,0.43974330571592785,0.567439641557581,0.13141658138696605,1,False,,,,
1766480349.24507,0.47307705056321225,0.6635625842382011,0.0,1,False,,,,
1766480349.5002198,0.47307705056321225,0.6635625842382011,0.0,1,False,,,,
1766480349.506453,0.47307705056321225,0.6635625842382011,0.0,1,False,,,,
1766480349.509282,0.47307705056321225,0.6635625842382011,0.0,1,False,,,,
1766480349.512573,0.47307705056321225,0.6635625842382011,0.0,1,False,,,,
1766480349.515868,0.44201810366635785,0.5759127859691647,0.18791950815076058,1,False,,,,
1766480349.7461429,0.44201810366635785,0.5759127859691647,0.18791950815076058,1,False,,,,
1766480349.7542531,0.4398128840279435,0.5627877046531576,0.0900637716576704,1,False,,,,
1766480349.757216,0.4398128840279435,0.5627877046531576,0.0900637716576704,1,False,,,,
1766480349.764315,0.4398128840279435,0.5627877046531576,0.0900637716576704,1,False,,,,
1766480349.767251,0.4386466362935305,0.5643206396981723,0.08929677176688701,1,False,,,,
1766480350.092022,0.4396938493969886,0.5612771988970859,0.1346555095327735,1,False,,,,
1766480350.099851,0.4396938493969886,0.5612771988970859,0.1346555095327735,1,False,,,,
1766480350.10301,0.4396938493969886,0.5612771988970859,0.1346555095327735,1,False,,,,
1766480350.105773,0.4396938493969886,0.5612771988970859,0.1346555095327735,1,False,,,,
1766480350.10881,0.4409953729657408,0.5772595231171884,0.08151223647201915,1,False,,,,
1766480350.4085708,0.4409953729657408,0.5772595231171884,0.08151223647201915,1,False,,,,
1766480350.415429,0.4409953729657408,0.5772595231171884,0.08151223647201915,1,False,,,,
1766480350.418278,0.4409953729657408,0.5772595231171884,0.08151223647201915,1,False,,,,
1766480350.4211872,0.469861900120475,0.6982318945802297,0.7434718608856201,1,True,0.4584020674228668,0.595368504524231,0.0999908447265625,0.2062310129404068
1766480350.424033,0.43896258763139473,0.5611211691025276,0.061297089470517464,1,False,,,,
1766480350.6367528,0.43896258763139473,0.5611211691025276,0.061297089470517464,1,False,,,,
1766480350.6428952,0.43896258763139473,0.5611211691025276,0.061297089470517464,1,False,,,,
1766480350.6480489,0.43896258763139473,0.5611211691025276,0.061297089470517464,1,False,,,,
1766480350.651065,0.43896258763139473,0.5611211691025276,0.061297089470517464,1,False,,,,
1766480350.6541681,2.479575901248218,-1.4892907271117632,0.7377031095671251,1,False,,,,
1766480351.0414982,2.479575901248218,-1.4892907271117632,0.7377031095671251,1,False,,,,
1766480351.047446,2.479575901248218,-1.4892907271117632,0.7377031095671251,1,False,,,,
1766480351.05031,2.479575901248218,-1.4892907271117632,0.7377031095671251,1,False,,,,
1766480351.053051,2.479575901248218,-1.4892907271117632,0.7377031095671251,1,False,,,,
1766480351.0553422,0.44181696649275076,0.5731494523728703,0.09052772073865617,1,False,,,,
1766480351.324971,0.44181696649275076,0.5731494523728703,0.09052772073865617,1,False,,,,
1766480351.3321018,0.4410752916410843,0.572312557136956,0.05777764104203803,1,False,,,,
1766480351.33745,0.4410752916410843,0.572312557136956,0.05777764104203803,1,False,,,,
1766480351.3403451,0.4410752916410843,0.572312557136956,0.05777764104203803,1,False,,,,
1766480351.344488,0.48613556779008726,0.6980923812852209,0.29965862167171897,1,False,,,,
1766480351.7367182,0.48606854453094306,0.6982966792491262,0.27852379028996244,1,False,,,,
1766480351.743051,0.48606854453094306,0.6982966792491262,0.27852379028996244,1,False,,,,
1766480351.748575,0.48606854453094306,0.6982966792491262,0.27852379028996244,1,False,,,,
1766480351.751574,0.48606854453094306,0.6982966792491262,0.27852379028996244,1,False,,,,
1766480351.7541828,0.44910733245526685,0.5532192924504852,0.06542090826101299,0,False,,,,
1766480351.9460511,0.44910733245526685,0.5532192924504852,0.06542090826101299,0,False,,,,
1766480351.953121,0.44910733245526685,0.5532192924504852,0.06542090826101299,0,False,,,,
1766480351.955976,0.44910733245526685,0.5532192924504852,0.06542090826101299,0,False,,,,
1766480351.958688,0.44910733245526685,0.5532192924504852,0.06542090826101299,0,False,,,,
1766480351.961238,0.48333852336298194,0.6966368901378454,0.37063965846077357,1,False,,,,
1766480352.211946,0.48333852336298194,0.6966368901378454,0.37063965846077357,1,False,,,,
1766480352.2172742,0.48333852336298194,0.6966368901378454,0.37063965846077357,1,False,,,,
1766480352.2202759,0.48333852336298194,0.6966368901378454,0.37063965846077357,1,False,,,,
1766480352.222933,0.48333852336298194,0.6966368901378454,0.37063965846077357,1,False,,,,
1766480352.225585,0.43861002232645047,0.5577138481798466,0.036275310202978917,2,False,,,,
1766480352.477856,0.43861002232645047,0.5577138481798466,0.036275310202978917,2,False,,,,
1766480352.4844,0.43861002232645047,0.5577138481798466,0.036275310202978917,2,False,,,,
1766480352.487492,0.43861002232645047,0.5577138481798466,0.036275310202978917,2,False,,,,
1766480352.4905999,0.43861002232645047,0.5577138481798466,0.036275310202978917,2,False,,,,
1766480352.4929652,0.48473801087044494,0.7004007553957636,0.2730905425919385,0,False,,,,
1766480352.676927,0.48473801087044494,0.7004007553957636,0.2730905425919385,0,False,,,,
1766480352.68302,0.48473801087044494,0.7004007553957636,0.2730905425919385,0,False,,,,
1766480352.685977,0.48473801087044494,0.7004007553957636,0.2730905425919385,0,False,,,,
1766480352.690346,0.48473801087044494,0.7004007553957636,0.2730905425919385,0,False,,,,
1766480352.6930299,0.44530666237211225,0.5509280847798449,0.041037105403750045,0,False,,,,
1766480352.8902159,0.44530666237211225,0.5509280847798449,0.041037105403750045,0,False,,,,
1766480352.89583,0.44530666237211225,0.5509280847798449,0.041037105403750045,0,False,,,,
1766480352.8987179,0.44530666237211225,0.5509280847798449,0.041037105403750045,0,False,,,,
1766480352.902113,0.4849021885634771,0.7006334416111136,0.2729390018462676,0,False,,,,
1766480352.90577,0.4730273516005334,0.6633892722160364,0.0,1,False,,,,
1766480353.2718668,0.4730273516005334,0.6633892722160364,0.0,1,False,,,,
1766480353.280013,0.4730273516005334,0.6633892722160364,0.0,1,False,,,,
1766480353.286317,0.4730273516005334,0.6633892722160364,0.0,1,False,,,,
1766480353.289422,0.4730273516005334,0.6633892722160364,0.0,1,False,,,,
1766480353.2921689,0.4730273516005334,0.6633892722160364,0.0,2,False,,,,
1766480353.551201,0.43738273713765186,0.681715873941547,0.7790640990689609,2,False,,,,
1766480353.5581481,0.43738273713765186,0.681715873941547,0.7790640990689609,2,False,,,,
1766480353.5609028,0.43738273713765186,0.681715873941547,0.7790640990689609,2,False,,,,
1766480353.563632,0.43738273713765186,0.681715873941547,0.7790640990689609,2,False,,,,
1766480353.566731,0.48775443815155606,0.6133060770494965,0.19904955004666935,1,False,,,,
1766480353.795678,0.48775443815155606,0.6133060770494965,0.19904955004666935,1,False,,,,
1766480353.802995,0.48775443815155606,0.6133060770494965,0.19904955004666935,1,False,,,,
1766480353.805936,0.47303092361703697,0.6634115436545929,0.0,1,True,0.4154897630214691,0.6551182270050049,0.09075460582971573,0.17722947895526886
1766480353.809941,0.47303092361703697,0.6634115436545929,0.0,1,True,0.4154897630214691,0.6551182270050049,0.09075460582971573,0.17722947895526886
1766480353.8132422,0.47303092361703697,0.6634115436545929,0.0,1,True,0.37798362970352173,0.4703400433063507,0.09407539665699005,0.18853116035461426
1766480354.0849862,0.47303092361703697,0.6634115436545929,0.0,1,True,0.37798362970352173,0.4703400433063507,0.09407539665699005,0.18853116035461426
1766480354.0929039,0.47303092361703697,0.6634115436545929,0.0,1,True,0.37798362970352173,0.4703400433063507,0.09407539665699005,0.18853116035461426
1766480354.097703,0.47303092361703697,0.6634115436545929,0.0,1,True,0.37798362970352173,0.4703400433063507,0.09407539665699005,0.18853116035461426
1766480354.1002638,0.47303092361703697,0.6634115436545929,0.0,1,True,0.37798362970352173,0.4703400433063507,0.09407539665699005,0.18853116035461426
1766480354.1025522,0.4647841990554603,0.6380775506824209,0.29135316848419235,1,False,,,,
1766480354.379596,0.4647841990554603,0.6380775506824209,0.29135316848419235,1,False,,,,
1766480354.386629,0.4647841990554603,0.6380775506824209,0.29135316848419235,1,False,,,,
1766480354.392191,0.4647841990554603,0.6380775506824209,0.29135316848419235,1,False,,,,
1766480354.3948421,0.4647841990554603,0.6380775506824209,0.29135316848419235,1,False,,,,
1766480354.397363,0.4634411472973091,0.6395876152405496,0.2632948484696583,1,False,,,,
1766480354.6359591,0.4634411472973091,0.6395876152405496,0.2632948484696583,1,False,,,,
1766480354.642447,0.4775937191867564,0.6091044638895976,0.7418025823431734,1,False,,,,
1766480354.645668,0.4633456010797711,0.6371900880690056,0.2832651762236445,1,False,,,,
1766480354.6485639,0.4633456010797711,0.6371900880690056,0.2832651762236445,1,False,,,,
1766480354.654072,0.46425552783903223,0.6390429117818056,0.26423860603089994,1,False,,,,
1766480354.984797,0.46425552783903223,0.6390429117818056,0.26423860603089994,1,False,,,,
1766480354.9926882,0.46425552783903223,0.6390429117818056,0.26423860603089994,1,False,,,,
1766480354.997793,0.46425552783903223,0.6390429117818056,0.26423860603089994,1,False,,,,
1766480355.0005639,0.46425552783903223,0.6390429117818056,0.26423860603089994,1,False,,,,
1766480355.003492,0.4641044653192288,0.639035341944992,0.2624154716864056,1,False,,,,
1766480355.2261288,0.4641044653192288,0.639035341944992,0.2624154716864056,1,False,,,,
1766480355.2318752,0.4641044653192288,0.639035341944992,0.2624154716864056,1,False,,,,
1766480355.235039,0.4641044653192288,0.639035341944992,0.2624154716864056,1,False,,,,
1766480355.2374651,0.4641044653192288,0.639035341944992,0.2624154716864056,1,False,,,,
1766480355.239926,0.4730620151371814,0.663476247454852,0.0,1,False,,,,
1766480355.547659,0.4730620151371814,0.663476247454852,0.0,1,False,,,,
1766480355.552962,0.4730620151371814,0.663476247454852,0.0,1,False,,,,
1766480355.555794,0.4730620151371814,0.663476247454852,0.0,1,False,,,,
1766480355.561549,0.4730620151371814,0.663476247454852,0.0,1,False,,,,
1766480355.565017,0.4730617515775628,0.6634768729936164,0.0,1,False,,,,
1766480355.787841,0.4730617515775628,0.6634768729936164,0.0,1,False,,,,
1766480355.793973,0.4730617515775628,0.6634768729936164,0.0,1,False,,,,
1766480355.79954,0.4730617515775628,0.6634768729936164,0.0,1,False,,,,
1766480355.802293,0.4730617515775628,0.6634768729936164,0.0,1,False,,,,
1766480355.805057,0.4730617515775628,0.6634768729936164,0.0,1,False,,,,
1766480356.1163762,0.4730617515775628,0.6634768729936164,0.0,1,False,,,,
1766480356.125273,0.45548244391765735,0.6185864598751867,0.20387064176737946,1,False,,,,
1766480356.131648,0.45548244391765735,0.6185864598751867,0.20387064176737946,1,False,,,,
1766480356.136481,0.45548244391765735,0.6185864598751867,0.20387064176737946,1,False,,,,
1766480356.138973,0.4730617515775628,0.6634768729936164,0.0,1,False,,,,
1766480356.406344,0.4730617515775628,0.6634768729936164,0.0,1,False,,,,
1766480356.412929,0.4730617515775628,0.6634768729936164,0.0,1,False,,,,
1766480356.4157052,0.4730617515775628,0.6634768729936164,0.0,1,False,,,,
1766480356.418983,0.4730617515775628,0.6634768729936164,0.0,1,False,,,,
1766480356.422415,0.46907943882496317,0.5842299099746713,0.38979137360240657,0,False,,,,
1766480356.636974,0.46907943882496317,0.5842299099746713,0.38979137360240657,0,False,,,,
1766480356.64392,0.46907943882496317,0.5842299099746713,0.38979137360240657,0,False,,,,
1766480356.6466079,0.46907943882496317,0.5842299099746713,0.38979137360240657,0,False,,,,
1766480356.648983,0.46907943882496317,0.5842299099746713,0.38979137360240657,0,False,,,,
1766480356.651327,0.4730617515775628,0.6634768729936164,0.0,0,False,,,,
1766480357.191844,0.47358002557801687,0.5934503638006554,0.24388952574492412,0,False,,,,
1766480357.2000792,0.47358002557801687,0.5934503638006554,0.24388952574492412,0,False,,,,
1766480357.204593,0.47358002557801687,0.5934503638006554,0.24388952574492412,0,False,,,,
1766480357.20748,0.47358002557801687,0.5934503638006554,0.24388952574492412,0,False,,,,
1766480357.2098858,0.4730617515775628,0.6634768729936164,0.0,0,False,,,,
1766480357.5711539,0.4730617515775628,0.6634768729936164,0.0,0,False,,,,
1766480357.576915,0.4730617515775628,0.6634768729936164,0.0,0,False,,,,
1766480357.579835,0.4730617515775628,0.6634768729936164,0.0,0,False,,,,
1766480357.582295,0.4730617515775628,0.6634768729936164,0.0,0,False,,,,
1766480357.58437,0.4730617515775628,0.6634768729936164,0.0,0,False,,,,
1766480357.926296,0.4730617515775628,0.6634768729936164,0.0,0,False,,,,
1766480357.9321148,0.4730617515775628,0.6634768729936164,0.0,0,False,,,,
1766480357.936922,0.4730617515775628,0.6634768729936164,0.0,0,False,,,,
1766480357.939753,0.4730617515775628,0.6634768729936164,0.0,0,False,,,,
1766480357.94271,0.4730617515775628,0.6634768729936164,0.0,0,False,,,,
1766480358.2736309,0.4730617515775628,0.6634768729936164,0.0,0,False,,,,
1766480358.279427,0.4730617515775628,0.6634768729936164,0.0,0,False,,,,
1766480358.282179,0.4730617515775628,0.6634768729936164,0.0,0,False,,,,
1766480358.2846248,0.4730617515775628,0.6634768729936164,0.0,0,False,,,,
1766480358.287113,0.4614437261275408,0.599825026421055,0.39724975058655193,0,False,,,,
1766480358.92542,0.4614437261275408,0.599825026421055,0.39724975058655193,0,False,,,,
1766480358.934577,0.4614217131434743,0.5997570223507467,0.41223941313891743,0,False,,,,
1766480358.938584,0.4614217131434743,0.5997570223507467,0.41223941313891743,0,False,,,,
1766480358.941592,0.4614217131434743,0.5997570223507467,0.41223941313891743,0,False,,,,
1766480358.9481962,0.4535346091088403,0.578080760988066,0.14039484535861205,1,True,0.4419265687465668,0.401131272315979,0.09794845432043076,0.1994437277317047
1766480359.303472,0.44621661965309806,0.579889628575812,0.14528193122613842,1,True,0.4419265687465668,0.401131272315979,0.09794845432043076,0.1994437277317047
1766480359.311262,0.44621661965309806,0.579889628575812,0.14528193122613842,1,True,0.4419265687465668,0.401131272315979,0.09794845432043076,0.1994437277317047
1766480359.318862,0.44621661965309806,0.579889628575812,0.14528193122613842,1,True,0.4419265687465668,0.401131272315979,0.09794845432043076,0.1994437277317047
1766480359.3221161,0.44621661965309806,0.579889628575812,0.14528193122613842,1,True,0.4419265687465668,0.401131272315979,0.09794845432043076,0.1994437277317047
1766480359.3248372,1.0527554991890025,0.7871719391045177,0.9198152720928192,1,False,,,,
1766480359.69185,1.0527554991890025,0.7871719391045177,0.9198152720928192,1,False,,,,
1766480359.698775,1.0527554991890025,0.7871719391045177,0.9198152720928192,1,False,,,,
1766480359.701854,0.2313898736419223,-0.11037672631631668,0.8437336683273315,1,False,,,,
1766480359.704937,0.23323053678452607,-0.09977182810837326,0.8203584849834442,1,False,,,,
1766480359.707743,0.4418525089782035,0.5817410181392654,0.2004396816881123,2,True,0.4118422865867615,0.4514462649822235,0.10204200446605682,0.21011166274547577
1766480360.187228,0.4418525089782035,0.5817410181392654,0.2004396816881123,2,True,0.4118422865867615,0.4514462649822235,0.10204200446605682,0.21011166274547577
1766480360.192726,0.4418525089782035,0.5817410181392654,0.2004396816881123,2,True,0.4118422865867615,0.4514462649822235,0.10204200446605682,0.21011166274547577
1766480360.195508,0.4418525089782035,0.5817410181392654,0.2004396816881123,2,True,0.4118422865867615,0.4514462649822235,0.10204200446605682,0.21011166274547577
1766480360.198245,0.4418525089782035,0.5817410181392654,0.2004396816881123,2,True,0.4118422865867615,0.4514462649822235,0.10204200446605682,0.21011166274547577
1766480360.2009249,0.4433313810216206,0.5875679123383302,0.09907114346159807,1,True,0.38769927620887756,0.4123419523239136,0.10712099075317383,0.22107870876789093
1766480360.5988731,0.4433313810216206,0.5875679123383302,0.09907114346159807,1,True,0.38769927620887756,0.4123419523239136,0.10712099075317383,0.22107870876789093
1766480360.6061969,0.4433313810216206,0.5875679123383302,0.09907114346159807,1,True,0.38769927620887756,0.4123419523239136,0.10712099075317383,0.22107870876789093
1766480360.609847,0.49210894554463075,0.6996342110174955,0.1971893219847013,1,False,,,,
1766480360.6139252,0.492383234428761,0.6960978768047197,0.16269525296884443,1,False,,,,
1766480360.617006,0.4730471771258816,0.6634814266668987,0.0,1,False,,,,
1766480360.980345,0.45315708257913945,0.5752454984308623,0.09808885675166536,1,False,,,,
1766480360.987295,0.45315708257913945,0.5752454984308623,0.09808885675166536,1,False,,,,
1766480360.9937012,0.45315708257913945,0.5752454984308623,0.09808885675166536,1,False,,,,
1766480360.9988859,0.45315708257913945,0.5752454984308623,0.09808885675166536,1,False,,,,
1766480361.001695,0.45508439561452996,0.5808673807349981,0.8681823475862933,1,False,,,,
1766480361.311858,0.45508439561452996,0.5808673807349981,0.8681823475862933,1,False,,,,
1766480361.320309,0.44545347458860585,0.5779554404239012,0.1469550990163714,1,False,,,,
1766480361.3273768,0.44545347458860585,0.5779554404239012,0.1469550990163714,1,False,,,,
1766480361.330535,0.44545347458860585,0.5779554404239012,0.1469550990163714,1,False,,,,
1766480361.333514,0.45209401258179005,0.5815899659466351,0.8784238735778754,1,True,0.4444267153739929,0.3527396321296692,0.10597047954797745,0.22841669619083405
1766480361.65241,0.4445545031363797,0.5765830795363508,0.1655862222137579,1,True,0.4444267153739929,0.3527396321296692,0.10597047954797745,0.22841669619083405
1766480361.660749,0.4445545031363797,0.5765830795363508,0.1655862222137579,1,True,0.4444267153739929,0.3527396321296692,0.10597047954797745,0.22841669619083405
1766480361.6673229,0.4445545031363797,0.5765830795363508,0.1655862222137579,1,True,0.4444267153739929,0.3527396321296692,0.10597047954797745,0.22841669619083405
1766480361.670201,0.4445545031363797,0.5765830795363508,0.1655862222137579,1,True,0.4444267153739929,0.3527396321296692,0.10597047954797745,0.22841669619083405
1766480361.672817,0.48415748128603536,0.6265168571651601,0.0,1,True,0.4149494171142578,0.4578968584537506,0.10101528465747833,0.21805453300476074
1766480362.429785,0.48415748128603536,0.6265168571651601,0.0,1,True,0.4149494171142578,0.4578968584537506,0.10101528465747833,0.21805453300476074
1766480362.4367921,0.48415748128603536,0.6265168571651601,0.0,1,True,0.4149494171142578,0.4578968584537506,0.10101528465747833,0.21805453300476074
1766480362.439477,0.48415748128603536,0.6265168571651601,0.0,1,True,0.4149494171142578,0.4578968584537506,0.10101528465747833,0.21805453300476074
1766480362.4421499,0.48415748128603536,0.6265168571651601,0.0,1,True,0.4149494171142578,0.4578968584537506,0.10101528465747833,0.21805453300476074
1766480362.444819,0.4581856080067378,0.5947335210403896,0.18693818749363272,1,False,,,,
1766480362.7929862,0.4581856080067378,0.5947335210403896,0.18693818749363272,1,False,,,,
1766480362.80101,0.4581856080067378,0.5947335210403896,0.18693818749363272,1,False,,,,
1766480362.807046,0.4581856080067378,0.5947335210403896,0.18693818749363272,1,False,,,,
1766480362.8102028,0.4581856080067378,0.5947335210403896,0.18693818749363272,1,False,,,,
1766480362.812667,0.4584821445765569,0.5918143589643053,0.196819739529701,1,False,,,,
1766480363.099524,0.4584821445765569,0.5918143589643053,0.196819739529701,1,False,,,,
1766480363.105958,0.4584821445765569,0.5918143589643053,0.196819739529701,1,False,,,,
1766480363.111315,0.4584821445765569,0.5918143589643053,0.196819739529701,1,False,,,,
1766480363.1146932,0.4584821445765569,0.5918143589643053,0.196819739529701,1,False,,,,
1766480363.117465,0.4730570404483775,0.6634527099636804,0.0,1,True,0.4080449044704437,0.5918502807617188,0.09637041389942169,0.19445189833641052
1766480363.414679,0.4730570404483775,0.6634527099636804,0.0,1,True,0.4080449044704437,0.5918502807617188,0.09637041389942169,0.19445189833641052
1766480363.42122,0.4570117660589451,0.5929083680417574,0.18409158818263774,1,True,0.4080449044704437,0.5918502807617188,0.09637041389942169,0.19445189833641052
1766480363.424466,0.4730570404483775,0.6634527099636804,0.0,1,True,0.4080449044704437,0.5918502807617188,0.09637041389942169,0.19445189833641052
1766480363.427207,0.4730570404483775,0.6634527099636804,0.0,1,True,0.4080449044704437,0.5918502807617188,0.09637041389942169,0.19445189833641052
1766480363.4343271,0.44842891003384244,0.5714611866507939,0.22752791939208394,1,False,,,,
1766480363.9960818,0.4730570404483775,0.6634527099636804,0.0,1,True,0.40893593430519104,0.6147938966751099,0.09099026024341583,0.18413051962852478
1766480364.0041091,0.4730570404483775,0.6634527099636804,0.0,1,True,0.40893593430519104,0.6147938966751099,0.09099026024341583,0.18413051962852478
1766480364.009995,0.4730570404483775,0.6634527099636804,0.0,1,True,0.40893593430519104,0.6147938966751099,0.09099026024341583,0.18413051962852478
1766480364.013134,0.4730570404483775,0.6634527099636804,0.0,1,True,0.40893593430519104,0.6147938966751099,0.09099026024341583,0.18413051962852478
1766480364.018411,0.48946527381639615,0.694021613177538,0.21497358215761905,1,True,0.41077059507369995,0.6215987205505371,0.09188966453075409,0.19059227406978607
1766480364.356354,0.48946527381639615,0.694021613177538,0.21497358215761905,1,True,0.41077059507369995,0.6215987205505371,0.09188966453075409,0.19059227406978607
1766480364.3626728,0.4481652938586248,0.5678677336885973,0.2570296846919515,1,False,,,,
1766480364.3669918,0.4481652938586248,0.5678677336885973,0.2570296846919515,1,False,,,,
1766480364.3704882,0.4481652938586248,0.5678677336885973,0.2570296846919515,1,False,,,,
1766480364.377543,0.4496673123006595,0.5665290486019722,0.26224463900914213,1,False,,,,
1766480364.6687639,0.4483042929604671,0.568168412396675,0.23839154433693216,1,False,,,,
1766480364.6768892,0.4483042929604671,0.568168412396675,0.23839154433693216,1,False,,,,
1766480364.683199,0.4483042929604671,0.568168412396675,0.23839154433693216,1,False,,,,
1766480364.686507,0.4483042929604671,0.568168412396675,0.23839154433693216,1,False,,,,
1766480364.6894789,0.4485087506664522,0.56693096426776,0.2523173304861124,1,False,,,,
1766480365.007565,0.4485087506664522,0.56693096426776,0.2523173304861124,1,False,,,,
1766480365.012956,0.4485087506664522,0.56693096426776,0.2523173304861124,1,False,,,,
1766480365.015658,0.4485087506664522,0.56693096426776,0.2523173304861124,1,False,,,,
1766480365.0184262,0.4485087506664522,0.56693096426776,0.2523173304861124,1,False,,,,
1766480365.021294,0.49001427546310633,0.7016778085678536,0.1873215310657977,1,True,0.4070335328578949,0.608475387096405,0.09571943432092667,0.18860812485218048
1766480365.352967,0.49001427546310633,0.7016778085678536,0.1873215310657977,1,True,0.4070335328578949,0.608475387096405,0.09571943432092667,0.18860812485218048
1766480365.359442,0.49001427546310633,0.7016778085678536,0.1873215310657977,1,True,0.4070335328578949,0.608475387096405,0.09571943432092667,0.18860812485218048
1766480365.362475,0.49001427546310633,0.7016778085678536,0.1873215310657977,1,True,0.4070335328578949,0.608475387096405,0.09571943432092667,0.18860812485218048
1766480365.365403,0.49022909851790064,0.7009266309635817,0.17279607830970334,1,True,0.4070335328578949,0.608475387096405,0.09571943432092667,0.18860812485218048
1766480365.368479,0.4495857305652521,0.5680107854950385,0.23486898861075883,1,True,0.38716429471969604,0.5766923427581787,0.09357194602489471,0.18519236147403717
1766480365.709837,0.4495857305652521,0.5680107854950385,0.23486898861075883,1,True,0.38716429471969604,0.5766923427581787,0.09357194602489471,0.18519236147403717
1766480365.717025,0.4495857305652521,0.5680107854950385,0.23486898861075883,1,True,0.38716429471969604,0.5766923427581787,0.09357194602489471,0.18519236147403717
1766480365.7199428,0.4495857305652521,0.5680107854950385,0.23486898861075883,1,True,0.38716429471969604,0.5766923427581787,0.09357194602489471,0.18519236147403717
1766480365.72519,0.4495857305652521,0.5680107854950385,0.23486898861075883,1,True,0.38716429471969604,0.5766923427581787,0.09357194602489471,0.18519236147403717
1766480365.7279701,0.4598748197888448,0.5893631663629946,0.1758294183083919,1,True,0.3816634714603424,0.5781789422035217,0.09673766791820526,0.18894857168197632
1766480366.035063,0.4598748197888448,0.5893631663629946,0.1758294183083919,1,True,0.3816634714603424,0.5781789422035217,0.09673766791820526,0.18894857168197632
1766480366.0432608,0.4910089559947318,0.700524654617218,0.2000035915296858,1,False,,,,
1766480366.049952,0.4910089559947318,0.700524654617218,0.2000035915296858,1,False,,,,
1766480366.053122,0.4910089559947318,0.700524654617218,0.2000035915296858,1,False,,,,
1766480366.055767,0.49378144329584295,0.694484698683427,0.2911457334423101,1,True,0.3899942636489868,0.48960623145103455,0.09934113174676895,0.18853437900543213
1766480366.34331,0.4635270651867713,0.5757153950236477,0.1355408742689739,1,True,0.3899942636489868,0.48960623145103455,0.09934113174676895,0.18853437900543213
1766480366.352452,0.4635270651867713,0.5757153950236477,0.1355408742689739,1,True,0.3899942636489868,0.48960623145103455,0.09934113174676895,0.18853437900543213
1766480366.358664,0.4635270651867713,0.5757153950236477,0.1355408742689739,1,True,0.3899942636489868,0.48960623145103455,0.09934113174676895,0.18853437900543213
1766480366.361583,0.4635270651867713,0.5757153950236477,0.1355408742689739,1,True,0.3899942636489868,0.48960623145103455,0.09934113174676895,0.18853437900543213
1766480366.3647842,0.46814903656025936,0.5900156904604192,0.17813181381811366,1,False,,,,
1766480366.6139898,0.4934486028070072,0.695202178785753,0.25417302250025314,1,False,,,,
1766480366.620665,0.4934486028070072,0.695202178785753,0.25417302250025314,1,False,,,,
1766480366.6237152,0.4934486028070072,0.695202178785753,0.25417302250025314,1,False,,,,
1766480366.6261609,0.4934486028070072,0.695202178785753,0.25417302250025314,1,False,,,,
1766480366.628788,0.4652301682240962,0.5752855458401975,0.15750111133506725,1,False,,,,
1766480366.9142468,0.4597010496505427,0.5824421807657842,0.1581443664620973,1,False,,,,
1766480366.922592,0.4597010496505427,0.5824421807657842,0.1581443664620973,1,False,,,,
1766480366.9286451,0.4597010496505427,0.5824421807657842,0.1581443664620973,1,False,,,,
1766480366.931655,0.4597010496505427,0.5824421807657842,0.1581443664620973,1,False,,,,
1766480366.934313,0.4730633817563967,0.6634441871924918,0.0,1,False,,,,
1766480367.300119,0.4730633817563967,0.6634441871924918,0.0,1,False,,,,
1766480367.3075871,0.4730633817563967,0.6634441871924918,0.0,1,False,,,,
1766480367.3141062,0.45707544304644354,0.6731854199823265,0.7300944924354553,1,False,,,,
1766480367.317444,0.45707544304644354,0.6731854199823265,0.7300944924354553,1,False,,,,
1766480367.32488,0.4730633817563967,0.6634441871924918,0.0,1,True,0.42985302209854126,0.4912418723106384,0.11069784313440323,0.21544189751148224
1766480367.592107,0.4730633817563967,0.6634441871924918,0.0,1,True,0.42985302209854126,0.4912418723106384,0.11069784313440323,0.21544189751148224
1766480367.5986078,0.4730633817563967,0.6634441871924918,0.0,1,True,0.42985302209854126,0.4912418723106384,0.11069784313440323,0.21544189751148224
1766480367.601692,0.4730633817563967,0.6634441871924918,0.0,1,True,0.42985302209854126,0.4912418723106384,0.11069784313440323,0.21544189751148224
1766480367.604352,0.4730633817563967,0.6634441871924918,0.0,1,True,0.42985302209854126,0.4912418723106384,0.11069784313440323,0.21544189751148224
1766480367.6074932,0.45711092804685294,0.581151308535503,0.13730169771513212,1,True,0.4086689352989197,0.4609772861003876,0.10641326755285263,0.21493881940841675
1766480367.871234,0.45711092804685294,0.581151308535503,0.13730169771513212,1,True,0.4086689352989197,0.4609772861003876,0.10641326755285263,0.21493881940841675
1766480367.878552,0.45711092804685294,0.581151308535503,0.13730169771513212,1,True,0.4086689352989197,0.4609772861003876,0.10641326755285263,0.21493881940841675
1766480367.8826969,0.4591011828049384,0.5821892348380656,0.12435641391861721,1,True,0.4086689352989197,0.4609772861003876,0.10641326755285263,0.21493881940841675
1766480367.8859851,0.4591011828049384,0.5821892348380656,0.12435641391861721,1,True,0.4086689352989197,0.4609772861003876,0.10641326755285263,0.21493881940841675
1766480367.891691,0.459642424627617,0.6532811545261288,0.7388367879958468,1,False,,,,
1766480368.323155,0.4621574660971236,0.669800068475561,0.8084826840845806,1,False,,,,
1766480368.330982,0.4621574660971236,0.669800068475561,0.8084826840845806,1,False,,,,
1766480368.334048,0.4621574660971236,0.669800068475561,0.8084826840845806,1,False,,,,
1766480368.336874,0.4621574660971236,0.669800068475561,0.8084826840845806,1,False,,,,
1766480368.339917,0.47263508547114286,0.5961001496648967,0.21736686781935016,1,False,,,,
1766480368.585567,0.47177725434987916,0.5956720275340601,0.2296454090910561,1,False,,,,
1766480368.592675,0.47177725434987916,0.5956720275340601,0.2296454090910561,1,False,,,,
1766480368.598515,0.47177725434987916,0.5956720275340601,0.2296454090910561,1,False,,,,
1766480368.601378,0.47177725434987916,0.5956720275340601,0.2296454090910561,1,False,,,,
1766480368.6038241,0.47349041201455033,0.595795353815029,0.2392612089025333,1,False,,,,
1766480368.927299,0.47349041201455033,0.595795353815029,0.2392612089025333,1,False,,,,
1766480368.932482,0.47349041201455033,0.595795353815029,0.2392612089025333,1,False,,,,
1766480368.9349499,0.47349041201455033,0.595795353815029,0.2392612089025333,1,False,,,,
1766480368.937367,0.47349041201455033,0.595795353815029,0.2392612089025333,1,False,,,,
1766480368.9399529,0.7127969160645653,0.4429189086331975,0.7126654386520386,1,False,,,,
1766480369.2024262,0.7127969160645653,0.4429189086331975,0.7126654386520386,1,False,,,,
1766480369.2087,0.7127969160645653,0.4429189086331975,0.7126654386520386,1,False,,,,
1766480369.211369,0.7127969160645653,0.4429189086331975,0.7126654386520386,1,False,,,,
1766480369.2140958,0.7127969160645653,0.4429189086331975,0.7126654386520386,1,False,,,,
1766480369.21696,0.4730633817563967,0.6634441871924918,0.0,1,False,,,,
1766480369.519951,0.4730633817563967,0.6634441871924918,0.0,1,False,,,,
1766480369.526927,0.47464664408876267,0.605520736679116,0.23441193239451366,1,False,,,,
1766480369.5305972,0.47464664408876267,0.605520736679116,0.23441193239451366,1,False,,,,
1766480369.536321,0.47464664408876267,0.605520736679116,0.23441193239451366,1,False,,,,
1766480369.539138,0.47456331116577727,0.6083008710965694,0.23363585354842134,1,False,,,,
1766480369.827617,0.47427426537334966,0.6072884963802321,0.21742637824238883,1,False,,,,
1766480369.8345332,0.47427426537334966,0.6072884963802321,0.21742637824238883,1,False,,,,
1766480369.8410711,0.47427426537334966,0.6072884963802321,0.21742637824238883,1,False,,,,
1766480369.843919,0.47427426537334966,0.6072884963802321,0.21742637824238883,1,False,,,,
1766480369.846734,0.4730633817563967,0.6634441871924918,0.0,1,False,,,,
1766480370.144869,0.4730633817563967,0.6634441871924918,0.0,1,False,,,,
1766480370.1506162,0.4730633817563967,0.6634441871924918,0.0,1,False,,,,
1766480370.1536489,0.4730633817563967,0.6634441871924918,0.0,1,False,,,,
1766480370.156449,0.4730633817563967,0.6634441871924918,0.0,1,False,,,,
1766480370.1598349,0.4751167697506977,0.6097828819969403,0.19616841994779277,1,False,,,,
1766480370.534084,0.4730633817563967,0.6634441871924918,0.0,1,False,,,,
1766480370.540757,0.4730633817563967,0.6634441871924918,0.0,1,False,,,,
1766480370.543634,0.4730633817563967,0.6634441871924918,0.0,1,False,,,,
1766480370.5463848,0.4730633817563967,0.6634441871924918,0.0,1,False,,,,
1766480370.549001,0.4730633817563967,0.6634441871924918,0.0,1,False,,,,
1766480371.007445,0.4730633817563967,0.6634441871924918,0.0,1,False,,,,
1766480371.014189,0.4730633817563967,0.6634441871924918,0.0,1,False,,,,
1766480371.017121,0.4730633817563967,0.6634441871924918,0.0,1,False,,,,
1766480371.019786,0.4730633817563967,0.6634441871924918,0.0,1,False,,,,
1766480371.0221472,0.4730633817563967,0.6634441871924918,0.0,1,False,,,,
1766480371.332476,0.4730633817563967,0.6634441871924918,0.0,1,False,,,,
1766480371.340766,0.4730633817563967,0.6634441871924918,0.0,1,False,,,,
1766480371.346019,0.4730633817563967,0.6634441871924918,0.0,1,False,,,,
1766480371.34882,0.4730633817563967,0.6634441871924918,0.0,1,False,,,,
1766480371.351348,0.47104212859247685,0.5941912090235847,0.2119111454630805,1,False,,,,
1766480371.639938,0.4705026944356643,0.5947921023982963,0.23115000178560902,1,False,,,,
1766480371.647163,0.4705026944356643,0.5947921023982963,0.23115000178560902,1,False,,,,
1766480371.653526,0.4705026944356643,0.5947921023982963,0.23115000178560902,1,False,,,,
1766480371.656321,0.4705026944356643,0.5947921023982963,0.23115000178560902,1,False,,,,
1766480371.6590269,0.4730633817563967,0.6634441871924918,0.0,1,False,,,,
1766480371.978583,0.4730633817563967,0.6634441871924918,0.0,1,False,,,,
1766480371.985406,0.4730633817563967,0.6634441871924918,0.0,1,False,,,,
1766480371.988638,0.4730633817563967,0.6634441871924918,0.0,1,False,,,,
1766480371.991116,0.4730633817563967,0.6634441871924918,0.0,1,False,,,,
1766480371.9961338,0.47899259903733293,0.6143427440429964,0.232096803354023,1,False,,,,
1766480372.2097101,0.47899259903733293,0.6143427440429964,0.232096803354023,1,False,,,,
1766480372.216783,0.47899259903733293,0.6143427440429964,0.232096803354023,1,False,,,,
1766480372.219733,0.47899259903733293,0.6143427440429964,0.232096803354023,1,False,,,,
1766480372.222303,0.47899259903733293,0.6143427440429964,0.232096803354023,1,False,,,,
1766480372.224834,0.4578564219040575,0.6104092021381347,0.7355474189490461,1,False,,,,
1766480372.45029,0.4578564219040575,0.6104092021381347,0.7355474189490461,1,False,,,,
1766480372.456363,0.4578564219040575,0.6104092021381347,0.7355474189490461,1,False,,,,
1766480372.459237,0.4578564219040575,0.6104092021381347,0.7355474189490461,1,False,,,,
1766480372.4617531,0.4578564219040575,0.6104092021381347,0.7355474189490461,1,False,,,,
1766480372.464235,0.4734413393596209,0.5934120035257421,0.18133837965113223,1,False,,,,
1766480372.732971,0.4734413393596209,0.5934120035257421,0.18133837965113223,1,False,,,,
1766480372.738179,0.4730633817563967,0.6634441871924918,0.0,1,False,,,,
1766480372.740814,0.4730633817563967,0.6634441871924918,0.0,1,False,,,,
1766480372.743454,0.4730633817563967,0.6634441871924918,0.0,1,False,,,,
1766480372.750319,0.4730633817563967,0.6634441871924918,0.0,1,False,,,,
1766480373.071202,0.4730633817563967,0.6634441871924918,0.0,1,False,,,,
1766480373.077726,0.4803953013200445,0.6004503898133828,0.15791461660633407,1,False,,,,
1766480373.083088,0.4803953013200445,0.6004503898133828,0.15791461660633407,1,False,,,,
1766480373.0891762,0.4803953013200445,0.6004503898133828,0.15791461660633407,1,False,,,,
1766480373.091979,0.46921808210239935,0.5962654762640969,0.25217646055780424,1,False,,,,
1766480373.393445,0.46921808210239935,0.5962654762640969,0.25217646055780424,1,False,,,,
1766480373.400933,0.46921808210239935,0.5962654762640969,0.25217646055780424,1,False,,,,
1766480373.404027,0.46921808210239935,0.5962654762640969,0.25217646055780424,1,False,,,,
1766480373.4096088,0.4688747638212538,0.5987850422588297,0.2917113296920289,1,False,,,,
1766480373.413119,0.4699465750540627,0.5951837413313447,0.25335867582527144,2,True,0.4737754464149475,0.4110909700393677,0.10473422706127167,0.22489823400974274
1766480373.7993221,0.4699465750540627,0.5951837413313447,0.25335867582527144,2,True,0.4737754464149475,0.4110909700393677,0.10473422706127167,0.22489823400974274
1766480373.80672,0.4699465750540627,0.5951837413313447,0.25335867582527144,2,True,0.4737754464149475,0.4110909700393677,0.10473422706127167,0.22489823400974274
1766480373.809937,0.4730633817563967,0.6634441871924918,0.0,2,False,,,,
1766480373.813298,0.4730633817563967,0.6634441871924918,0.0,2,False,,,,
1766480373.8160908,0.46860682166549017,0.5911777344876405,0.2321785021808206,1,True,0.46933937072753906,0.4786214530467987,0.1086461991071701,0.22299350798130035
1766480374.090689,0.46860682166549017,0.5911777344876405,0.2321785021808206,1,True,0.46933937072753906,0.4786214530467987,0.1086461991071701,0.22299350798130035
1766480374.097866,0.46860682166549017,0.5911777344876405,0.2321785021808206,1,True,0.46933937072753906,0.4786214530467987,0.1086461991071701,0.22299350798130035
1766480374.100884,0.46860682166549017,0.5911777344876405,0.2321785021808206,1,True,0.46933937072753906,0.4786214530467987,0.1086461991071701,0.22299350798130035
1766480374.1036952,0.46860682166549017,0.5911777344876405,0.2321785021808206,1,True,0.46933937072753906,0.4786214530467987,0.1086461991071701,0.22299350798130035
1766480374.107011,0.4760828306548455,0.6014075298267147,0.2681260685350797,1,True,0.4488607347011566,0.46356210112571716,0.10539732128381729,0.214884951710701
1766480374.367997,0.4760828306548455,0.6014075298267147,0.2681260685350797,1,True,0.4488607347011566,0.46356210112571716,0.10539732128381729,0.214884951710701
1766480374.3750882,0.4760828306548455,0.6014075298267147,0.2681260685350797,1,True,0.4488607347011566,0.46356210112571716,0.10539732128381729,0.214884951710701
1766480374.378434,0.4760828306548455,0.6014075298267147,0.2681260685350797,1,True,0.4488607347011566,0.46356210112571716,0.10539732128381729,0.214884951710701
1766480374.381172,0.4730633817563967,0.6634441871924918,0.0,1,True,0.4488607347011566,0.46356210112571716,0.10539732128381729,0.214884951710701
1766480374.3839722,0.47516138503711486,0.6068129625664608,0.25572441932097356,1,True,0.43467456102371216,0.41409632563591003,0.10292215645313263,0.22053663432598114
1766480374.877949,0.47516138503711486,0.6068129625664608,0.25572441932097356,1,True,0.43467456102371216,0.41409632563591003,0.10292215645313263,0.22053663432598114
1766480374.8853319,0.47441772145088457,0.6055611346335859,0.25299802225943474,1,True,0.43467456102371216,0.41409632563591003,0.10292215645313263,0.22053663432598114
1766480374.8895848,0.47441772145088457,0.6055611346335859,0.25299802225943474,1,True,0.43467456102371216,0.41409632563591003,0.10292215645313263,0.22053663432598114
1766480374.896925,0.47441772145088457,0.6055611346335859,0.25299802225943474,1,True,0.43467456102371216,0.41409632563591003,0.10292215645313263,0.22053663432598114
1766480374.899761,0.4794228610369289,0.6027565962037759,0.17957743461600853,1,True,0.4387817978858948,0.3873777687549591,0.1073540672659874,0.2171574980020523
1766480375.155935,0.46513204129048835,0.6448398622563173,0.8281247302722694,1,False,,,,
1766480375.1636,0.46513204129048835,0.6448398622563173,0.8281247302722694,1,False,,,,
1766480375.1690218,0.46513204129048835,0.6448398622563173,0.8281247302722694,1,False,,,,
1766480375.171675,0.46513204129048835,0.6448398622563173,0.8281247302722694,1,False,,,,
1766480375.1747708,0.47486546943907826,0.5974070766013452,0.2719029761301284,1,False,,,,
1766480375.456863,0.47492062063856055,0.6117569251083503,0.21567564608530085,1,False,,,,
1766480375.4652019,0.47492062063856055,0.6117569251083503,0.21567564608530085,1,False,,,,
1766480375.471585,0.47492062063856055,0.6117569251083503,0.21567564608530085,1,False,,,,
1766480375.474637,0.47492062063856055,0.6117569251083503,0.21567564608530085,1,False,,,,
1766480375.4774442,0.4730633817563967,0.6634441871924918,0.0,1,False,,,,
1766480375.726751,0.4774573861951996,0.606935801791901,0.24559941686794615,1,False,,,,
1766480375.734019,0.4774573861951996,0.606935801791901,0.24559941686794615,1,False,,,,
1766480375.74081,0.4774573861951996,0.606935801791901,0.24559941686794615,1,False,,,,
1766480375.7437289,0.4774573861951996,0.606935801791901,0.24559941686794615,1,False,,,,
1766480375.748787,0.47590884937840255,0.6074005971933508,0.26547834465158526,1,False,,,,
1766480376.009713,0.47590884937840255,0.6074005971933508,0.26547834465158526,1,False,,,,
1766480376.016665,0.47590884937840255,0.6074005971933508,0.26547834465158526,1,False,,,,
1766480376.019867,0.47590884937840255,0.6074005971933508,0.26547834465158526,1,False,,,,
1766480376.0228102,0.47583672947468425,0.6083133665878367,0.2273916187197448,1,False,,,,
1766480376.0266309,0.4730633817563967,0.6634441871924918,0.0,1,False,,,,
1766480376.575928,0.4730633817563967,0.6634441871924918,0.0,1,False,,,,
1766480376.583198,0.4730633817563967,0.6634441871924918,0.0,1,False,,,,
1766480376.586466,0.4730633817563967,0.6634441871924918,0.0,1,False,,,,
1766480376.589613,0.4730633817563967,0.6634441871924918,0.0,1,False,,,,
1766480376.592268,0.4730633817563967,0.6634441871924918,0.0,1,True,0.3894270360469818,0.5939397811889648,0.08831014484167099,0.19199897348880768
1766480376.92902,0.5860843500011251,0.7370144222487685,0.7748788289769825,1,False,,,,
1766480376.9353411,0.5860843500011251,0.7370144222487685,0.7748788289769825,1,False,,,,
1766480376.941167,0.5860843500011251,0.7370144222487685,0.7748788289769825,1,False,,,,
1766480376.944264,0.5860843500011251,0.7370144222487685,0.7748788289769825,1,False,,,,
1766480376.947083,0.4772113801918551,0.6182752202774836,0.2932170209910581,2,False,,,,
1766480377.963048,0.4772113801918551,0.6182752202774836,0.2932170209910581,2,False,,,,
1766480377.9696581,0.47931346184148715,0.6174686491517245,0.28628414022889226,2,False,,,,
1766480377.972915,0.47931346184148715,0.6174686491517245,0.28628414022889226,2,False,,,,
1766480377.9794402,0.47931346184148715,0.6174686491517245,0.28628414022889226,2,False,,,,
1766480377.982888,0.4739861018563499,0.6027771691148863,0.29396529356468587,0,False,,,,
1766480378.142133,0.4739861018563499,0.6027771691148863,0.29396529356468587,0,False,,,,
1766480378.1480598,0.4739861018563499,0.6027771691148863,0.29396529356468587,0,False,,,,
1766480378.150757,0.4739861018563499,0.6027771691148863,0.29396529356468587,0,False,,,,
1766480378.1551502,0.4739861018563499,0.6027771691148863,0.29396529356468587,0,False,,,,
1766480378.15796,0.4787076720840657,0.6142111342820882,0.26283548328923156,1,False,,,,
1766480378.461069,0.4787076720840657,0.6142111342820882,0.26283548328923156,1,False,,,,
1766480378.468262,0.48108924504572154,0.6240555699742104,0.23870522401301442,1,False,,,,
1766480378.471338,0.4730844908420795,0.6634677757482603,0.0,1,False,,,,
1766480378.475404,0.4730844908420795,0.6634677757482603,0.0,1,False,,,,
1766480378.481486,0.4851904950793167,0.6155364482113588,0.2755886141521118,3,False,,,,
1766480378.781878,0.4851904950793167,0.6155364482113588,0.2755886141521118,3,False,,,,
1766480378.7887192,0.4851904950793167,0.6155364482113588,0.2755886141521118,3,False,,,,
1766480378.7915268,0.4851904950793167,0.6155364482113588,0.2755886141521118,3,False,,,,
1766480378.794205,0.4851904950793167,0.6155364482113588,0.2755886141521118,3,False,,,,
1766480378.79684,0.4721319861871658,0.6304097760274598,0.21681043013946105,1,False,,,,
1766480379.027352,0.4721319861871658,0.6304097760274598,0.21681043013946105,1,False,,,,
1766480379.035083,0.4721319861871658,0.6304097760274598,0.21681043013946105,1,False,,,,
1766480379.03794,0.46877247866736765,0.6298658501333111,0.2581310758946372,1,False,,,,
1766480379.0405838,0.46877247866736765,0.6298658501333111,0.2581310758946372,1,False,,,,
1766480379.043523,0.4669666248292067,0.6263592217673625,0.2671193900501882,1,False,,,,
1766480379.269504,0.4669666248292067,0.6263592217673625,0.2671193900501882,1,False,,,,
1766480379.276447,0.46649987149788774,0.6262369754032835,0.28593121404517496,1,False,,,,
1766480379.279577,0.46649987149788774,0.6262369754032835,0.28593121404517496,1,False,,,,
1766480379.286468,0.46649987149788774,0.6262369754032835,0.28593121404517496,1,False,,,,
1766480379.289542,0.4744093529574913,0.668158444226725,0.9071052829731266,1,False,,,,
1766480379.564957,0.4744093529574913,0.668158444226725,0.9071052829731266,1,False,,,,
1766480379.571682,0.4744093529574913,0.668158444226725,0.9071052829731266,1,False,,,,
1766480379.5775921,0.4730844908420795,0.6634677757482603,0.0,1,False,,,,
1766480379.580828,0.4730844908420795,0.6634677757482603,0.0,1,False,,,,
1766480379.588622,0.4741384360643079,0.629989355859792,0.21444097893486289,1,False,,,,
1766480379.9437199,0.4730844908420795,0.6634677757482603,0.0,1,False,,,,
1766480379.950826,0.4730844908420795,0.6634677757482603,0.0,1,False,,,,
1766480379.957261,0.4730844908420795,0.6634677757482603,0.0,1,False,,,,
1766480379.959886,0.4730844908420795,0.6634677757482603,0.0,1,False,,,,
1766480379.9626508,0.47462864356865647,0.6275886864344731,0.5093701087340392,1,False,,,,
1766480380.175034,0.47462864356865647,0.6275886864344731,0.5093701087340392,1,False,,,,
1766480380.181589,0.4730844908420795,0.6634677757482603,0.0,1,False,,,,
1766480380.1854458,0.4730844908420795,0.6634677757482603,0.0,1,False,,,,
1766480380.192126,0.4730844908420795,0.6634677757482603,0.0,1,False,,,,
1766480380.197365,0.4732908400045884,0.6246071037618735,0.4260315187633088,0,False,,,,
1766480380.3599691,0.4732908400045884,0.6246071037618735,0.4260315187633088,0,False,,,,
1766480380.3659,0.4732908400045884,0.6246071037618735,0.4260315187633088,0,False,,,,
1766480380.3686678,0.4732908400045884,0.6246071037618735,0.4260315187633088,0,False,,,,
1766480380.3712409,0.4732908400045884,0.6246071037618735,0.4260315187633088,0,False,,,,
1766480380.373728,0.4730844908420795,0.6634677757482603,0.0,0,False,,,,
1766480380.55071,0.47139417740219774,0.6247759117644184,0.5495715947384332,0,False,,,,
1766480380.558006,0.47139417740219774,0.6247759117644184,0.5495715947384332,0,False,,,,
1766480380.564092,0.47139417740219774,0.6247759117644184,0.5495715947384332,0,False,,,,
1766480380.5669298,0.47139417740219774,0.6247759117644184,0.5495715947384332,0,False,,,,
1766480380.569651,0.575712341910098,1.2715485828631488,0.7285713365131211,0,False,,,,
1766480380.769717,0.575712341910098,1.2715485828631488,0.7285713365131211,0,False,,,,
1766480380.774556,0.575712341910098,1.2715485828631488,0.7285713365131211,0,False,,,,
1766480380.777283,0.575712341910098,1.2715485828631488,0.7285713365131211,0,False,,,,
1766480380.780842,0.4730844908420795,0.6634677757482603,0.0,0,False,,,,
1766480380.784884,0.474098894155508,0.6124882899957633,0.37195135688187847,0,False,,,,
1766480380.9620638,0.474098894155508,0.6124882899957633,0.37195135688187847,0,False,,,,
1766480380.9674828,0.474098894155508,0.6124882899957633,0.37195135688187847,0,False,,,,
1766480380.9703329,0.474098894155508,0.6124882899957633,0.37195135688187847,0,False,,,,
1766480380.973321,0.474098894155508,0.6124882899957633,0.37195135688187847,0,False,,,,
1766480380.975678,0.4730844908420795,0.6634677757482603,0.0,0,False,,,,
1766480381.17461,0.4730844908420795,0.6634677757482603,0.0,0,False,,,,
1766480381.1808782,0.46529982015716004,0.6372567535551426,0.7879314422607422,0,False,,,,
1766480381.184448,0.47194769764415917,0.6240896576404651,0.36107475343234724,0,False,,,,
1766480381.189376,0.47194769764415917,0.6240896576404651,0.36107475343234724,0,False,,,,
1766480381.196203,0.5587535669776158,1.1752264858126529,0.7717259886070085,1,False,,,,
1766480381.424612,0.5588494830189232,1.1741686376791471,0.7470217610632257,1,False,,,,
1766480381.431099,0.5588494830189232,1.1741686376791471,0.7470217610632257,1,False,,,,
1766480381.436424,0.5588494830189232,1.1741686376791471,0.7470217610632257,1,False,,,,
1766480381.439882,0.5588494830189232,1.1741686376791471,0.7470217610632257,1,False,,,,
1766480381.442678,0.48612419657730055,1.2025965175031401,0.7954903533952427,1,False,,,,
1766480381.740252,0.48612419657730055,1.2025965175031401,0.7954903533952427,1,False,,,,
1766480381.7461739,0.48612419657730055,1.2025965175031401,0.7954903533952427,1,False,,,,
1766480381.749234,0.48612419657730055,1.2025965175031401,0.7954903533952427,1,False,,,,
1766480381.7516,0.48612419657730055,1.2025965175031401,0.7954903533952427,1,False,,,,
1766480381.754664,0.4730844908420795,0.6634677757482603,0.0,1,False,,,,
1766480382.0072398,0.4730844908420795,0.6634677757482603,0.0,1,False,,,,
1766480382.012933,0.4730844908420795,0.6634677757482603,0.0,1,False,,,,
1766480382.015465,0.4730844908420795,0.6634677757482603,0.0,1,False,,,,
1766480382.017837,0.4730844908420795,0.6634677757482603,0.0,1,False,,,,
1766480382.020528,0.47081327556448116,0.6328342462961675,0.42981310936097433,1,False,,,,
1766480382.3180869,0.47081327556448116,0.6328342462961675,0.42981310936097433,1,False,,,,
1766480382.326336,0.47537596180347935,0.6350073113684134,0.42129399762270864,1,False,,,,
1766480382.332489,0.47537596180347935,0.6350073113684134,0.42129399762270864,1,False,,,,
1766480382.335635,0.47537596180347935,0.6350073113684134,0.42129399762270864,1,False,,,,
1766480382.337913,0.47651688645669277,0.6349262504582496,0.5735183958165655,0,False,,,,
1766480382.534074,0.47651688645669277,0.6349262504582496,0.5735183958165655,0,False,,,,
1766480382.5397,0.47651688645669277,0.6349262504582496,0.5735183958165655,0,False,,,,
1766480382.545175,0.47651688645669277,0.6349262504582496,0.5735183958165655,0,False,,,,
1766480382.547814,0.47651688645669277,0.6349262504582496,0.5735183958165655,0,False,,,,
1766480382.550068,0.47689226876917096,0.6361153320879808,0.6,0,False,,,,
1766480382.737667,0.47689226876917096,0.6361153320879808,0.6,0,False,,,,
1766480382.7430248,0.47689226876917096,0.6361153320879808,0.6,0,False,,,,
1766480382.745538,0.47689226876917096,0.6361153320879808,0.6,0,False,,,,
1766480382.747963,0.47689226876917096,0.6361153320879808,0.6,0,False,,,,
1766480382.750456,0.4730844908420795,0.6634677757482603,0.0,0,False,,,,
1766480382.941371,0.4730844908420795,0.6634677757482603,0.0,0,False,,,,
1766480382.9468029,0.4730844908420795,0.6634677757482603,0.0,0,False,,,,
1766480382.9495318,0.4730844908420795,0.6634677757482603,0.0,0,False,,,,
1766480382.9518988,0.4730844908420795,0.6634677757482603,0.0,0,False,,,,
1766480382.956819,0.4730844908420795,0.6634677757482603,0.0,0,False,,,,
1766480383.152822,0.4730844908420795,0.6634677757482603,0.0,0,False,,,,
1766480383.158474,0.4730844908420795,0.6634677757482603,0.0,0,False,,,,
1766480383.161581,0.47602036020666694,0.728106026095757,0.7725413908941153,0,False,,,,
1766480383.16517,0.4730844908420795,0.6634677757482603,0.0,0,False,,,,
1766480383.167923,0.4730844908420795,0.6634677757482603,0.0,0,False,,,,
1766480383.340311,0.4730844908420795,0.6634677757482603,0.0,0,False,,,,
1766480383.3455172,0.4730844908420795,0.6634677757482603,0.0,0,False,,,,
1766480383.348127,0.4730844908420795,0.6634677757482603,0.0,0,False,,,,
1766480383.3504279,0.4730844908420795,0.6634677757482603,0.0,0,False,,,,
1766480383.353051,0.4760776423813118,0.6359577797536983,0.5209548406412317,0,False,,,,
1766480383.551546,0.4760776423813118,0.6359577797536983,0.5209548406412317,0,False,,,,
1766480383.556542,0.4760776423813118,0.6359577797536983,0.5209548406412317,0,False,,,,
1766480383.559226,0.4760776423813118,0.6359577797536983,0.5209548406412317,0,False,,,,
1766480383.562599,0.4730844908420795,0.6634677757482603,0.0,0,False,,,,
1766480383.5662699,0.3738917754701031,1.0727687722175374,0.7281308032045228,0,False,,,,
1766480383.7582998,0.3738917754701031,1.0727687722175374,0.7281308032045228,0,False,,,,
1766480383.7635899,0.3738917754701031,1.0727687722175374,0.7281308032045228,0,False,,,,
1766480383.766997,0.47696169429401625,0.6375377860219482,0.47145900816448016,0,False,,,,
1766480383.7696152,0.47696169429401625,0.6375377860219482,0.47145900816448016,0,False,,,,
1766480383.772665,0.4730844908420795,0.6634677757482603,0.0,0,False,,,,
1766480383.972438,0.4730844908420795,0.6634677757482603,0.0,0,False,,,,
1766480383.9880152,0.4730844908420795,0.6634677757482603,0.0,0,False,,,,
1766480383.990622,0.4730844908420795,0.6634677757482603,0.0,0,False,,,,
1766480383.995262,0.4730844908420795,0.6634677757482603,0.0,0,False,,,,
1766480383.9990861,0.4730844908420795,0.6634677757482603,0.0,0,False,,,,
1766480384.167773,0.47667766691626456,0.6378656823321769,0.6,0,False,,,,
1766480384.17415,0.47667766691626456,0.6378656823321769,0.6,0,False,,,,
1766480384.1793878,0.47667766691626456,0.6378656823321769,0.6,0,False,,,,
1766480384.182244,0.47667766691626456,0.6378656823321769,0.6,0,False,,,,
1766480384.184844,0.4730844908420795,0.6634677757482603,0.0,0,False,,,,
1766480384.375982,0.4730844908420795,0.6634677757482603,0.0,0,False,,,,
1766480384.381286,0.4730844908420795,0.6634677757482603,0.0,0,False,,,,
1766480384.383946,0.4730844908420795,0.6634677757482603,0.0,0,False,,,,
1766480384.386208,0.4730844908420795,0.6634677757482603,0.0,0,False,,,,
1766480384.3885329,0.47013103049096,0.6354236443499036,0.4346678998611327,0,False,,,,
1766480384.5546188,0.47013103049096,0.6354236443499036,0.4346678998611327,0,False,,,,
1766480384.560278,0.47013103049096,0.6354236443499036,0.4346678998611327,0,False,,,,
1766480384.5636458,0.47013103049096,0.6354236443499036,0.4346678998611327,0,False,,,,
1766480384.566298,0.47013103049096,0.6354236443499036,0.4346678998611327,0,False,,,,
1766480384.569176,0.4730844908420795,0.6634677757482603,0.0,0,False,,,,
1766480384.7537348,0.4730844908420795,0.6634677757482603,0.0,0,False,,,,
1766480384.759635,0.4730844908420795,0.6634677757482603,0.0,0,False,,,,
1766480384.76239,0.4730844908420795,0.6634677757482603,0.0,0,False,,,,
1766480384.7653701,0.4730844908420795,0.6634677757482603,0.0,0,False,,,,
1766480384.7677948,0.42607401171301457,0.6196963853959683,0.08578913975313389,0,False,,,,
1766480384.948137,0.42607401171301457,0.6196963853959683,0.08578913975313389,0,False,,,,
1766480384.954022,0.42607401171301457,0.6196963853959683,0.08578913975313389,0,False,,,,
1766480384.958826,0.42607401171301457,0.6196963853959683,0.08578913975313389,0,False,,,,
1766480384.9615722,0.42607401171301457,0.6196963853959683,0.08578913975313389,0,False,,,,
1766480384.9640388,0.4791065288379549,0.6022190523713291,0.7469519072056262,1,False,,,,
1766480385.265915,0.4791065288379549,0.6022190523713291,0.7469519072056262,1,False,,,,
1766480385.272036,0.472238471974204,0.6109295774049556,0.23780956500731293,1,False,,,,
1766480385.2756321,0.472238471974204,0.6109295774049556,0.23780956500731293,1,False,,,,
1766480385.281656,0.472238471974204,0.6109295774049556,0.23780956500731293,1,False,,,,
1766480385.284201,0.4730844908420795,0.6634677757482603,0.0,0,False,,,,
1766480385.4574249,0.4730844908420795,0.6634677757482603,0.0,0,False,,,,
1766480385.462846,0.4730844908420795,0.6634677757482603,0.0,0,False,,,,
1766480385.465717,0.4730844908420795,0.6634677757482603,0.0,0,False,,,,
1766480385.468322,0.4730844908420795,0.6634677757482603,0.0,0,False,,,,
1766480385.473147,0.4730844908420795,0.6634677757482603,0.0,0,False,,,,
1766480385.655923,0.4730844908420795,0.6634677757482603,0.0,0,False,,,,
1766480385.662057,0.4730844908420795,0.6634677757482603,0.0,0,False,,,,
1766480385.664473,0.4730844908420795,0.6634677757482603,0.0,0,False,,,,
1766480385.666811,0.4730844908420795,0.6634677757482603,0.0,0,False,,,,
1766480385.669119,0.5062679818775774,0.5870492923187894,0.4099293648464999,0,False,,,,
1766480385.852274,0.5062679818775774,0.5870492923187894,0.4099293648464999,0,False,,,,
1766480385.85778,0.5062679818775774,0.5870492923187894,0.4099293648464999,0,False,,,,
1766480385.8602722,0.5062679818775774,0.5870492923187894,0.4099293648464999,0,False,,,,
1766480385.862606,0.5062679818775774,0.5870492923187894,0.4099293648464999,0,False,,,,
1766480385.864706,0.5080575507811311,0.5866097651719367,0.37855456781880015,0,False,,,,
1766480386.023248,0.5080575507811311,0.5866097651719367,0.37855456781880015,0,False,,,,
1766480386.027353,0.5080575507811311,0.5866097651719367,0.37855456781880015,0,False,,,,
1766480386.030313,0.5080575507811311,0.5866097651719367,0.37855456781880015,0,False,,,,
1766480386.032989,0.5080575507811311,0.5866097651719367,0.37855456781880015,0,False,,,,
1766480386.035119,0.4730844411527112,0.6634679009609813,0.0,0,False,,,,
1766480386.2182558,0.4730844411527112,0.6634679009609813,0.0,0,False,,,,
1766480386.223254,0.4730844411527112,0.6634679009609813,0.0,0,False,,,,
1766480386.225899,0.4730844411527112,0.6634679009609813,0.0,0,False,,,,
1766480386.2278998,0.4730844411527112,0.6634679009609813,0.0,0,False,,,,
1766480386.230112,0.5068936395256257,0.5855601601063009,0.39175996992645573,0,False,,,,
1766480386.445297,0.4730844411527112,0.6634679009609813,0.0,0,False,,,,
1766480386.451147,0.4730844411527112,0.6634679009609813,0.0,0,False,,,,
1766480386.456767,0.4730844411527112,0.6634679009609813,0.0,0,False,,,,
1766480386.461035,0.4730844411527112,0.6634679009609813,0.0,0,False,,,,
1766480386.4637911,0.4731022987274368,0.6635096443507867,0.0,0,False,,,,
1766480386.653915,0.4731022987274368,0.6635096443507867,0.0,0,False,,,,
1766480386.658724,0.4731022987274368,0.6635096443507867,0.0,0,False,,,,
1766480386.661587,0.4731022987274368,0.6635096443507867,0.0,0,False,,,,
1766480386.6641018,0.4731022987274368,0.6635096443507867,0.0,0,False,,,,
1766480386.666326,0.5065296719518342,0.5746243001830854,0.15102388813172674,0,False,,,,
1766480386.827672,0.5065296719518342,0.5746243001830854,0.15102388813172674,0,False,,,,
1766480386.8326342,0.5065296719518342,0.5746243001830854,0.15102388813172674,0,False,,,,
1766480386.834988,0.5065296719518342,0.5746243001830854,0.15102388813172674,0,False,,,,
1766480386.837301,0.5065296719518342,0.5746243001830854,0.15102388813172674,0,False,,,,
1766480386.8395462,0.5065563099608059,0.5771176143654067,0.1462383037549464,0,False,,,,
1766480387.026727,0.5065563099608059,0.5771176143654067,0.1462383037549464,0,False,,,,
1766480387.0323179,0.5065563099608059,0.5771176143654067,0.1462383037549464,0,False,,,,
1766480387.034674,0.5065563099608059,0.5771176143654067,0.1462383037549464,0,False,,,,
1766480387.036909,0.5065563099608059,0.5771176143654067,0.1462383037549464,0,False,,,,
1766480387.0395331,0.5052259742705948,0.5705990424838581,0.08822522656472052,0,False,,,,
1766480387.1914,0.5052259742705948,0.5705990424838581,0.08822522656472052,0,False,,,,
1766480387.1963782,0.5052259742705948,0.5705990424838581,0.08822522656472052,0,False,,,,
1766480387.1989682,0.5052259742705948,0.5705990424838581,0.08822522656472052,0,False,,,,
1766480387.201479,0.5052259742705948,0.5705990424838581,0.08822522656472052,0,False,,,,
1766480387.203443,0.5065283790293073,0.5736307680007288,0.06321470711029537,0,False,,,,
1766480387.3825438,0.5052605412242014,0.5688642280814138,0.06383419489800413,0,False,,,,
1766480387.38917,0.5052605412242014,0.5688642280814138,0.06383419489800413,0,False,,,,
1766480387.3945,0.5052605412242014,0.5688642280814138,0.06383419489800413,0,False,,,,
1766480387.397002,0.5052605412242014,0.5688642280814138,0.06383419489800413,0,False,,,,
1766480387.399508,0.5062597213809272,0.5714780607160643,0.022674305903352805,0,False,,,,
1766480387.646932,0.5062597213809272,0.5714780607160643,0.022674305903352805,0,False,,,,
1766480387.653586,0.5059407105071977,0.57017931464943,0.03797235924653591,0,False,,,,
1766480387.659661,0.5059407105071977,0.57017931464943,0.03797235924653591,0,False,,,,
1766480387.662577,0.5059407105071977,0.57017931464943,0.03797235924653591,0,False,,,,
1766480387.665462,0.4731022987274368,0.6635096443507867,0.0,1,False,,,,
1766480388.188668,0.4731022987274368,0.6635096443507867,0.0,1,False,,,,
1766480388.1965811,0.4731022987274368,0.6635096443507867,0.0,1,False,,,,
1766480388.20187,0.4731022987274368,0.6635096443507867,0.0,1,False,,,,
1766480388.2046232,0.4731022987274368,0.6635096443507867,0.0,1,False,,,,
1766480388.208917,0.4841336950462981,0.6265206822062862,0.0,0,False,,,,
1766480388.426125,0.4731022987274368,0.6635096443507867,0.0,0,False,,,,
1766480388.432236,0.4731022987274368,0.6635096443507867,0.0,0,False,,,,
1766480388.437042,0.4731022987274368,0.6635096443507867,0.0,0,False,,,,
1766480388.43958,0.4731022987274368,0.6635096443507867,0.0,0,False,,,,
1766480388.4421802,0.46501457362469223,0.6691228375967996,0.8172720299453428,0,False,,,,
1766480388.627968,0.4731022987274368,0.6635096443507867,0.0,0,False,,,,
1766480388.634229,0.4731022987274368,0.6635096443507867,0.0,0,False,,,,
1766480388.638745,0.4731022987274368,0.6635096443507867,0.0,0,False,,,,
1766480388.641509,0.4731022987274368,0.6635096443507867,0.0,0,False,,,,
1766480388.643917,0.4841336950462981,0.6265206822062862,0.0,1,False,,,,
1766480388.857426,0.4841336950462981,0.6265206822062862,0.0,1,False,,,,
1766480388.86423,0.4841336950462981,0.6265206822062862,0.0,1,False,,,,
1766480388.869629,0.4841336950462981,0.6265206822062862,0.0,1,False,,,,
1766480388.872855,0.4841336950462981,0.6265206822062862,0.0,1,False,,,,
1766480388.875138,0.4841336950462981,0.6265206822062862,0.0,0,False,,,,
1766480389.050796,0.4841336950462981,0.6265206822062862,0.0,0,False,,,,
1766480389.055851,0.4731022987274368,0.6635096443507867,0.0,0,False,,,,
1766480389.059098,0.4731022987274368,0.6635096443507867,0.0,0,False,,,,
1766480389.0618088,0.4731022987274368,0.6635096443507867,0.0,0,False,,,,
1766480389.067617,0.4841336950462981,0.6265206822062862,0.0,0,False,,,,
1766480389.2518752,0.4841336950462981,0.6265206822062862,0.0,0,False,,,,
1766480389.257232,0.4841336950462981,0.6265206822062862,0.0,0,False,,,,
1766480389.260148,0.4695195641411867,0.6693715365832086,0.7941753268241882,0,False,,,,
1766480389.264833,0.4695195641411867,0.6693715365832086,0.7941753268241882,0,False,,,,
1766480389.2707782,0.4841336950462981,0.6265206822062862,0.0,0,False,,,,
1766480389.45725,0.4841336950462981,0.6265206822062862,0.0,0,False,,,,
1766480389.463417,0.4731022987274368,0.6635096443507867,0.0,0,False,,,,
1766480389.4660149,0.4731022987274368,0.6635096443507867,0.0,0,False,,,,
1766480389.469026,0.4731022987274368,0.6635096443507867,0.0,0,False,,,,
1766480389.475105,0.4731243713651125,0.6633941196989119,0.0,1,False,,,,
1766480389.726495,0.4731243713651125,0.6633941196989119,0.0,1,False,,,,
1766480389.734008,0.4841336950462981,0.6265206822062862,0.0,1,False,,,,
1766480389.737131,0.4841336950462981,0.6265206822062862,0.0,1,False,,,,
1766480389.746353,0.4841336950462981,0.6265206822062862,0.0,1,False,,,,
1766480389.748945,0.4841336950462981,0.6265206822062862,0.0,1,False,,,,
1766480390.019222,0.4841336950462981,0.6265206822062862,0.0,1,False,,,,
1766480390.025791,0.4841336950462981,0.6265206822062862,0.0,1,False,,,,
1766480390.029119,0.4731243713651125,0.6633941196989119,0.0,1,False,,,,
1766480390.0325718,0.4841336950462981,0.6265206822062862,0.0,1,False,,,,
1766480390.0355752,0.4731243713651125,0.6633941196989119,0.0,1,False,,,,
1766480390.345241,0.4731243713651125,0.6633941196989119,0.0,1,False,,,,
1766480390.3520372,0.4731243713651125,0.6633941196989119,0.0,1,False,,,,
1766480390.3554611,0.4731243713651125,0.6633941196989119,0.0,1,False,,,,
1766480390.358371,0.4731243713651125,0.6633941196989119,0.0,1,False,,,,
1766480390.3608088,0.4841336950462981,0.6265206822062862,0.0,1,False,,,,
1766480390.665453,0.4841336950462981,0.6265206822062862,0.0,1,False,,,,
1766480390.672801,0.4841336950462981,0.6265206822062862,0.0,1,False,,,,
1766480390.679233,0.4841336950462981,0.6265206822062862,0.0,1,False,,,,
1766480390.681958,0.4841336950462981,0.6265206822062862,0.0,1,False,,,,
1766480390.68463,0.4731243713651125,0.6633941196989119,0.0,1,False,,,,
1766480390.99878,0.4731243713651125,0.6633941196989119,0.0,1,False,,,,
1766480391.0063832,0.4731243713651125,0.6633941196989119,0.0,1,False,,,,
1766480391.0100322,0.4731243713651125,0.6633941196989119,0.0,1,False,,,,
1766480391.0164852,0.4731243713651125,0.6633941196989119,0.0,1,False,,,,
1766480391.019296,0.4841336950462981,0.6265206822062862,0.0,1,False,,,,
1766480391.5165172,0.4841336950462981,0.6265206822062862,0.0,1,False,,,,
1766480391.522827,0.4841336950462981,0.6265206822062862,0.0,1,False,,,,
1766480391.52568,0.4841336950462981,0.6265206822062862,0.0,1,False,,,,
1766480391.5281558,0.4841336950462981,0.6265206822062862,0.0,1,False,,,,
1766480391.5332658,0.4841336950462981,0.6265206822062862,0.0,1,False,,,,
1766480391.828374,0.4841336950462981,0.6265206822062862,0.0,1,False,,,,
1766480391.835221,0.4841336950462981,0.6265206822062862,0.0,1,False,,,,
1766480391.838604,0.4841336950462981,0.6265206822062862,0.0,1,False,,,,
1766480391.8415518,0.4841336950462981,0.6265206822062862,0.0,1,False,,,,
1766480391.846138,0.4731243713651125,0.6633941196989119,0.0,1,False,,,,
1766480392.0744169,0.4841336950462981,0.6265206822062862,0.0,1,False,,,,
1766480392.0825632,0.4841336950462981,0.6265206822062862,0.0,1,False,,,,
1766480392.0882182,0.4841336950462981,0.6265206822062862,0.0,1,False,,,,
1766480392.091024,0.4841336950462981,0.6265206822062862,0.0,1,False,,,,
1766480392.093894,0.5694972409328489,0.889176292683814,0.7752606679119987,1,False,,,,
1766480392.349849,0.5694972409328489,0.889176292683814,0.7752606679119987,1,False,,,,
1766480392.355089,0.5694972409328489,0.889176292683814,0.7752606679119987,1,False,,,,
1766480392.358036,0.5694972409328489,0.889176292683814,0.7752606679119987,1,False,,,,
1766480392.3604321,0.5694972409328489,0.889176292683814,0.7752606679119987,1,False,,,,
1766480392.362709,-0.23865467167873494,1.3472374790891937,0.8068694198343878,0,False,,,,
1766480392.5474482,-0.2354250220897372,1.3444182073936568,0.7771925354216223,0,False,,,,
1766480392.5549219,-0.2354250220897372,1.3444182073936568,0.7771925354216223,0,False,,,,
1766480392.561274,-0.2354250220897372,1.3444182073936568,0.7771925354216223,0,False,,,,
1766480392.5638,-0.2354250220897372,1.3444182073936568,0.7771925354216223,0,False,,,,
1766480392.566197,1.5619405692920125,-0.19389553913678914,0.7461620155560356,0,False,,,,
1766480392.745585,1.6376331090262994,-0.26860953929582054,0.7730663080311915,0,False,,,,
1766480392.75231,1.6464787545586343,-0.27328116579692985,0.7769042472216123,0,False,,,,
1766480392.759704,1.6464787545586343,-0.27328116579692985,0.7769042472216123,0,False,,,,
1766480392.764181,1.6464787545586343,-0.27328116579692985,0.7769042472216123,0,False,,,,
1766480392.766518,1.2006691744012117,0.24208751156228092,0.8223730325698853,0,False,,,,
1766480392.920343,0.4731243713651125,0.6633941196989119,0.0,0,False,,,,
1766480392.925835,0.4731243713651125,0.6633941196989119,0.0,0,False,,,,
1766480392.930457,0.4731243713651125,0.6633941196989119,0.0,0,False,,,,
1766480392.932915,0.4731243713651125,0.6633941196989119,0.0,0,False,,,,
1766480392.935578,1.0856093035450847,0.5177898972557488,0.8944070291519165,0,False,,,,
1766480393.0886478,1.0856093035450847,0.5177898972557488,0.8944070291519165,0,False,,,,
1766480393.09468,1.0856093035450847,0.5177898972557488,0.8944070291519165,0,False,,,,
1766480393.097472,1.0856093035450847,0.5177898972557488,0.8944070291519165,0,False,,,,
1766480393.100001,1.0856093035450847,0.5177898972557488,0.8944070291519165,0,False,,,,
1766480393.1019661,1.0639763082648108,0.640780881973075,0.8248715698719025,0,False,,,,
1766480393.306678,1.0639763082648108,0.640780881973075,0.8248715698719025,0,False,,,,
1766480393.311848,1.0639763082648108,0.640780881973075,0.8248715698719025,0,False,,,,
1766480393.315029,0.4731243713651125,0.6633941196989119,0.0,0,False,,,,
1766480393.31844,0.4731243713651125,0.6633941196989119,0.0,0,False,,,,
1766480393.3216052,1.085337102875539,0.5311485388268171,0.8613666447493402,0,False,,,,
1766480393.5127301,1.084909681460838,0.5325830977164278,0.8677462862643256,0,False,,,,
1766480393.517515,1.0915400258281616,0.5008826959896943,0.9062477190818958,0,False,,,,
1766480393.52071,1.0915400258281616,0.5008826959896943,0.9062477190818958,0,False,,,,
1766480393.525358,1.0915400258281616,0.5008826959896943,0.9062477190818958,0,False,,,,
1766480393.528169,0.45611226605414423,0.6144978128225869,0.3739131994278655,0,False,,,,
1766480393.7242072,0.4547071542513909,0.6109791295579625,0.1754890730027147,0,False,,,,
1766480393.7305448,0.4547071542513909,0.6109791295579625,0.1754890730027147,0,False,,,,
1766480393.735422,0.4547071542513909,0.6109791295579625,0.1754890730027147,0,False,,,,
1766480393.737715,0.4547071542513909,0.6109791295579625,0.1754890730027147,0,False,,,,
1766480393.740014,0.45783332983250735,0.6191416877205584,0.21444866477569274,0,False,,,,
1766480393.8944561,0.45783332983250735,0.6191416877205584,0.21444866477569274,0,False,,,,
1766480393.899453,0.45783332983250735,0.6191416877205584,0.21444866477569274,0,False,,,,
1766480393.902109,0.45783332983250735,0.6191416877205584,0.21444866477569274,0,False,,,,
1766480393.904576,0.45783332983250735,0.6191416877205584,0.21444866477569274,0,False,,,,
1766480393.907524,0.4926067271373326,0.7022109526679503,0.7063304794460946,1,False,,,,
1766480394.153238,0.46146221251320874,0.5870360353917655,0.16737819311363153,1,False,,,,
1766480394.15847,0.46146221251320874,0.5870360353917655,0.16737819311363153,1,False,,,,
1766480394.163966,0.46146221251320874,0.5870360353917655,0.16737819311363153,1,False,,,,
1766480394.1669729,0.46146221251320874,0.5870360353917655,0.16737819311363153,1,False,,,,
1766480394.171377,0.4688936572130006,0.5988290604426146,0.2745701124722075,0,False,,,,
1766480394.340569,0.4688936572130006,0.5988290604426146,0.2745701124722075,0,False,,,,
1766480394.3465579,0.4688936572130006,0.5988290604426146,0.2745701124722075,0,False,,,,
1766480394.349973,0.4688936572130006,0.5988290604426146,0.2745701124722075,0,False,,,,
1766480394.352603,0.46889011976039086,0.5987933352279479,0.25306021869605366,0,False,,,,
1766480394.355459,0.4819462238299669,0.6985287993537781,0.7340198895381853,0,False,,,,
1766480394.5627651,0.4819462238299669,0.6985287993537781,0.7340198895381853,0,False,,,,
1766480394.5699,0.4819462238299669,0.6985287993537781,0.7340198895381853,0,False,,,,
1766480394.5726452,0.4819462238299669,0.6985287993537781,0.7340198895381853,0,False,,,,
1766480394.5756102,0.4819462238299669,0.6985287993537781,0.7340198895381853,0,False,,,,
1766480394.5779998,0.47019347212543394,0.7310136062759631,0.1508365717134485,1,False,,,,
1766480394.790594,0.4657648931053761,0.5928716061387288,0.35732830085138695,1,True,0.45280441641807556,0.3555954694747925,0.10659637302160263,0.2243186980485916
1766480394.7963378,0.4657648931053761,0.5928716061387288,0.35732830085138695,1,True,0.45280441641807556,0.3555954694747925,0.10659637302160263,0.2243186980485916
1766480394.803085,0.4657648931053761,0.5928716061387288,0.35732830085138695,1,True,0.45280441641807556,0.3555954694747925,0.10659637302160263,0.2243186980485916
1766480394.8061252,0.4657648931053761,0.5928716061387288,0.35732830085138695,1,True,0.45280441641807556,0.3555954694747925,0.10659637302160263,0.2243186980485916
1766480394.808933,0.462530233801923,0.5941430173147918,0.3551635065706395,1,True,0.4508039951324463,0.5208657383918762,0.10869817435741425,0.22732442617416382
1766480395.116864,0.462530233801923,0.5941430173147918,0.3551635065706395,1,True,0.4508039951324463,0.5208657383918762,0.10869817435741425,0.22732442617416382
1766480395.123868,0.462530233801923,0.5941430173147918,0.3551635065706395,1,True,0.4508039951324463,0.5208657383918762,0.10869817435741425,0.22732442617416382
1766480395.128414,0.47015420288478393,0.731511034880774,0.2226366260553606,1,True,0.4508039951324463,0.5208657383918762,0.10869817435741425,0.22732442617416382
1766480395.132718,0.47015420288478393,0.731511034880774,0.2226366260553606,1,True,0.4508039951324463,0.5208657383918762,0.10869817435741425,0.22732442617416382
1766480395.1394649,0.47684154124089007,0.7271279643520748,0.41582256500529624,1,False,,,,
1766480395.375453,0.47684154124089007,0.7271279643520748,0.41582256500529624,1,False,,,,
1766480395.3832169,0.47684154124089007,0.7271279643520748,0.41582256500529624,1,False,,,,
1766480395.386375,0.47684154124089007,0.7271279643520748,0.41582256500529624,1,False,,,,
1766480395.3913019,0.47684154124089007,0.7271279643520748,0.41582256500529624,1,False,,,,
1766480395.395041,0.475570418447104,0.7285643479884228,0.5060652027934164,1,False,,,,
1766480395.699981,0.4667114344681118,0.6075918643398751,0.7709465123425786,1,False,,,,
1766480395.707912,0.4667114344681118,0.6075918643398751,0.7709465123425786,1,False,,,,
1766480395.71337,0.4667114344681118,0.6075918643398751,0.7709465123425786,1,False,,,,
1766480395.7161012,0.4667114344681118,0.6075918643398751,0.7709465123425786,1,False,,,,
1766480395.7185721,0.4841204141538257,0.6264938463260081,0.0,1,False,,,,
1766480396.00415,0.4841204141538257,0.6264938463260081,0.0,1,False,,,,
1766480396.012748,0.4841204141538257,0.6264938463260081,0.0,1,False,,,,
1766480396.015488,0.4841204141538257,0.6264938463260081,0.0,1,False,,,,
1766480396.018104,0.4841204141538257,0.6264938463260081,0.0,1,False,,,,
1766480396.02117,0.4829889265928854,0.6919531926155313,0.3141425245353492,1,True,0.4698657989501953,0.4838498532772064,0.10373630374670029,0.2242504507303238
1766480396.2697332,0.4848179935311778,0.6835041460931899,0.27661300806055983,1,True,0.4698657989501953,0.4838498532772064,0.10373630374670029,0.2242504507303238
1766480396.2769291,0.4848179935311778,0.6835041460931899,0.27661300806055983,1,True,0.4698657989501953,0.4838498532772064,0.10373630374670029,0.2242504507303238
1766480396.2806988,0.4848179935311778,0.6835041460931899,0.27661300806055983,1,True,0.4698657989501953,0.4838498532772064,0.10373630374670029,0.2242504507303238
1766480396.283617,0.4848179935311778,0.6835041460931899,0.27661300806055983,1,True,0.4698657989501953,0.4838498532772064,0.10373630374670029,0.2242504507303238
1766480396.286159,0.48616095379084784,0.6817971099517567,0.30630200665716567,1,True,0.443819522857666,0.5021203756332397,0.10398054122924805,0.22225800156593323
1766480396.537014,0.48616095379084784,0.6817971099517567,0.30630200665716567,1,True,0.443819522857666,0.5021203756332397,0.10398054122924805,0.22225800156593323
1766480396.544448,0.48616095379084784,0.6817971099517567,0.30630200665716567,1,True,0.443819522857666,0.5021203756332397,0.10398054122924805,0.22225800156593323
1766480396.5475981,0.48616095379084784,0.6817971099517567,0.30630200665716567,1,True,0.443819522857666,0.5021203756332397,0.10398054122924805,0.22225800156593323
1766480396.550359,0.48616095379084784,0.6817971099517567,0.30630200665716567,1,True,0.443819522857666,0.5021203756332397,0.10398054122924805,0.22225800156593323
1766480396.553239,0.4841287200103263,0.6264704841200743,0.0,1,True,0.4328300356864929,0.4999038577079773,0.10477781295776367,0.2181604951620102
1766480396.788107,0.4841287200103263,0.6264704841200743,0.0,1,True,0.4328300356864929,0.4999038577079773,0.10477781295776367,0.2181604951620102
1766480396.794828,0.4841287200103263,0.6264704841200743,0.0,1,True,0.4328300356864929,0.4999038577079773,0.10477781295776367,0.2181604951620102
1766480396.802919,0.4827857769594156,0.685739863220921,0.32122990809247887,1,True,0.4328300356864929,0.4999038577079773,0.10477781295776367,0.2181604951620102
1766480396.809921,0.4827857769594156,0.685739863220921,0.32122990809247887,1,True,0.4328300356864929,0.4999038577079773,0.10477781295776367,0.2181604951620102
1766480396.8132899,0.503560937556774,0.6054981905029466,0.005196951810379864,1,True,0.42430663108825684,0.48231518268585205,0.10383014380931854,0.2183178812265396
1766480397.1071382,0.48550815270605757,0.6807671659509315,0.39539034857646,1,True,0.42430663108825684,0.48231518268585205,0.10383014380931854,0.2183178812265396
1766480397.114196,0.48550815270605757,0.6807671659509315,0.39539034857646,1,True,0.42430663108825684,0.48231518268585205,0.10383014380931854,0.2183178812265396
1766480397.1204932,0.48550815270605757,0.6807671659509315,0.39539034857646,1,True,0.42430663108825684,0.48231518268585205,0.10383014380931854,0.2183178812265396
1766480397.123733,0.48550815270605757,0.6807671659509315,0.39539034857646,1,True,0.42430663108825684,0.48231518268585205,0.10383014380931854,0.2183178812265396
1766480397.127077,0.4841287200103263,0.6264704841200743,0.0,1,True,0.4186265468597412,0.48618826270103455,0.10256318747997284,0.2195005565881729
1766480397.383811,0.4841287200103263,0.6264704841200743,0.0,1,True,0.4186265468597412,0.48618826270103455,0.10256318747997284,0.2195005565881729
1766480397.3907359,0.4841287200103263,0.6264704841200743,0.0,1,True,0.4186265468597412,0.48618826270103455,0.10256318747997284,0.2195005565881729
1766480397.3941052,0.4841287200103263,0.6264704841200743,0.0,1,True,0.4186265468597412,0.48618826270103455,0.10256318747997284,0.2195005565881729
1766480397.396917,0.4841287200103263,0.6264704841200743,0.0,1,True,0.4186265468597412,0.48618826270103455,0.10256318747997284,0.2195005565881729
1766480397.40239,0.4606116305659599,0.6255523996340917,0.7303130626678467,1,True,0.4226047098636627,0.48660507798194885,0.10097894817590714,0.21789143979549408
1766480397.7134368,0.4606116305659599,0.6255523996340917,0.7303130626678467,1,True,0.4226047098636627,0.48660507798194885,0.10097894817590714,0.21789143979549408
1766480397.7206888,0.4606116305659599,0.6255523996340917,0.7303130626678467,1,True,0.4226047098636627,0.48660507798194885,0.10097894817590714,0.21789143979549408
1766480397.7240162,0.4606116305659599,0.6255523996340917,0.7303130626678467,1,True,0.4226047098636627,0.48660507798194885,0.10097894817590714,0.21789143979549408
1766480397.7267442,0.4606116305659599,0.6255523996340917,0.7303130626678467,1,True,0.4226047098636627,0.48660507798194885,0.10097894817590714,0.21789143979549408
1766480397.729343,0.4867653268863229,0.6770964213386249,0.2853346158272061,1,True,0.4166490137577057,0.5396544337272644,0.10129871219396591,0.22115376591682434
1766480398.0552042,0.4867653268863229,0.6770964213386249,0.2853346158272061,1,True,0.4166490137577057,0.5396544337272644,0.10129871219396591,0.22115376591682434
1766480398.062211,0.4867653268863229,0.6770964213386249,0.2853346158272061,1,True,0.4166490137577057,0.5396544337272644,0.10129871219396591,0.22115376591682434
1766480398.065247,0.4867653268863229,0.6770964213386249,0.2853346158272061,1,True,0.4166490137577057,0.5396544337272644,0.10129871219396591,0.22115376591682434
1766480398.068074,0.4867653268863229,0.6770964213386249,0.2853346158272061,1,True,0.4166490137577057,0.5396544337272644,0.10129871219396591,0.22115376591682434
1766480398.070622,0.5078880940316566,0.5989921520078041,0.007486320879896616,1,False,,,,
1766480398.301592,0.5078880940316566,0.5989921520078041,0.007486320879896616,1,False,,,,
1766480398.307672,0.4841287200103263,0.6264704841200743,0.0,1,False,,,,
1766480398.310595,0.4841287200103263,0.6264704841200743,0.0,1,False,,,,
1766480398.3146849,0.4841287200103263,0.6264704841200743,0.0,1,False,,,,
1766480398.320982,0.4841287200103263,0.6264704841200743,0.0,1,False,,,,
1766480398.618221,0.4841287200103263,0.6264704841200743,0.0,1,False,,,,
1766480398.624753,0.4841287200103263,0.6264704841200743,0.0,1,False,,,,
1766480398.627449,0.4841287200103263,0.6264704841200743,0.0,1,False,,,,
1766480398.630309,0.4841287200103263,0.6264704841200743,0.0,1,False,,,,
1766480398.632962,0.4545023771547716,0.6010113303271158,0.7015263824109595,1,False,,,,
1766480398.93975,0.4545023771547716,0.6010113303271158,0.7015263824109595,1,False,,,,
1766480398.9460921,0.4841287200103263,0.6264704841200743,0.0,1,False,,,,
1766480398.950298,0.4841287200103263,0.6264704841200743,0.0,1,False,,,,
1766480398.956343,0.4841287200103263,0.6264704841200743,0.0,1,False,,,,
1766480398.962394,0.4841287200103263,0.6264704841200743,0.0,1,False,,,,
1766480399.2656882,0.4841287200103263,0.6264704841200743,0.0,1,False,,,,
1766480399.272066,0.4841287200103263,0.6264704841200743,0.0,1,False,,,,
1766480399.275282,0.4841287200103263,0.6264704841200743,0.0,1,False,,,,
1766480399.279134,0.4841287200103263,0.6264704841200743,0.0,1,False,,,,
1766480399.2831979,0.4841287200103263,0.6264704841200743,0.0,1,False,,,,
1766480399.5911412,0.4841287200103263,0.6264704841200743,0.0,1,False,,,,
1766480399.5975301,0.4841287200103263,0.6264704841200743,0.0,1,False,,,,
1766480399.6004438,0.4841287200103263,0.6264704841200743,0.0,1,False,,,,
1766480399.603316,0.4841287200103263,0.6264704841200743,0.0,1,False,,,,
1766480399.6064482,0.47244098843634913,0.7316088199139846,0.7111583352088928,1,False,,,,
1766480399.961885,0.47244098843634913,0.7316088199139846,0.7111583352088928,1,False,,,,
1766480399.968755,0.47244098843634913,0.7316088199139846,0.7111583352088928,1,False,,,,
1766480399.971932,0.47244098843634913,0.7316088199139846,0.7111583352088928,1,False,,,,
1766480399.974495,0.47244098843634913,0.7316088199139846,0.7111583352088928,1,False,,,,
1766480399.9771771,0.47524472851496063,0.7288290746510389,0.7186964750289917,1,True,0.41041335463523865,0.7358127236366272,0.10629520565271378,0.19669562578201294
1766480400.2860339,0.1922281380168271,1.095494139632346,0.8992561054229736,1,False,,,,
1766480400.293531,0.1922281380168271,1.095494139632346,0.8992561054229736,1,False,,,,
1766480400.300781,0.1922281380168271,1.095494139632346,0.8992561054229736,1,False,,,,
1766480400.303922,0.1922281380168271,1.095494139632346,0.8992561054229736,1,False,,,,
1766480400.30655,0.44914677589401225,0.5752006021239219,0.34726921764649915,1,False,,,,
1766480400.526056,0.44914677589401225,0.5752006021239219,0.34726921764649915,1,False,,,,
1766480400.532832,0.44914677589401225,0.5752006021239219,0.34726921764649915,1,False,,,,
1766480400.538112,0.44914677589401225,0.5752006021239219,0.34726921764649915,1,False,,,,
1766480400.541167,0.44914677589401225,0.5752006021239219,0.34726921764649915,1,False,,,,
1766480400.5437682,0.47186075471196975,0.6994014712283324,0.8164926767349243,1,True,0.3872799575328827,0.6678183674812317,0.09942233562469482,0.19395023584365845
1766480400.886862,0.47202946102602983,0.6987732052644444,0.729544997215271,1,True,0.3872799575328827,0.6678183674812317,0.09942233562469482,0.19395023584365845
1766480400.893825,0.47202946102602983,0.6987732052644444,0.729544997215271,1,True,0.3872799575328827,0.6678183674812317,0.09942233562469482,0.19395023584365845
1766480400.901176,0.47202946102602983,0.6987732052644444,0.729544997215271,1,True,0.3872799575328827,0.6678183674812317,0.09942233562469482,0.19395023584365845
1766480400.9045272,0.47202946102602983,0.6987732052644444,0.729544997215271,1,True,0.3872799575328827,0.6678183674812317,0.09942233562469482,0.19395023584365845
1766480400.907336,0.4482605173625148,0.5753500625919439,0.3301724170448838,1,False,,,,
1766480401.155415,0.4705358309055031,0.6987744478349026,0.7642028331756592,1,True,0.39315924048423767,0.642915666103363,0.09576530754566193,0.2007112354040146
1766480401.16255,0.4705358309055031,0.6987744478349026,0.7642028331756592,1,True,0.39315924048423767,0.642915666103363,0.09576530754566193,0.2007112354040146
1766480401.169398,0.4705358309055031,0.6987744478349026,0.7642028331756592,1,True,0.39315924048423767,0.642915666103363,0.09576530754566193,0.2007112354040146
1766480401.172564,0.4705358309055031,0.6987744478349026,0.7642028331756592,1,True,0.39315924048423767,0.642915666103363,0.09576530754566193,0.2007112354040146
1766480401.177969,0.47052477069595344,0.6995836607113438,0.7505906224250793,1,True,0.39759698510169983,0.646752655506134,0.09690713882446289,0.1970870941877365
1766480401.4052129,0.47052477069595344,0.6995836607113438,0.7505906224250793,1,True,0.39759698510169983,0.646752655506134,0.09690713882446289,0.1970870941877365
1766480401.411747,0.47052477069595344,0.6995836607113438,0.7505906224250793,1,True,0.39759698510169983,0.646752655506134,0.09690713882446289,0.1970870941877365
1766480401.41523,0.47052477069595344,0.6995836607113438,0.7505906224250793,1,True,0.39759698510169983,0.646752655506134,0.09690713882446289,0.1970870941877365
1766480401.4179342,0.47052477069595344,0.6995836607113438,0.7505906224250793,1,True,0.39759698510169983,0.646752655506134,0.09690713882446289,0.1970870941877365
1766480401.42078,0.4475755835481351,0.5794379732203281,0.24744638898402507,1,False,,,,
1766480401.68001,0.4475755835481351,0.5794379732203281,0.24744638898402507,1,False,,,,
1766480401.686269,0.4475755835481351,0.5794379732203281,0.24744638898402507,1,False,,,,
1766480401.689261,0.4475755835481351,0.5794379732203281,0.24744638898402507,1,False,,,,
1766480401.692513,0.4558325923459424,0.5918561717914549,0.20214721266557786,1,False,,,,
1766480401.69557,0.44593229445015725,0.5824252647502861,0.24135562483929865,1,False,,,,
1766480401.932638,0.4490958309958265,0.572910833748546,0.26846426491796815,1,False,,,,
1766480401.9391491,0.4490958309958265,0.572910833748546,0.26846426491796815,1,False,,,,
1766480401.942199,0.4490958309958265,0.572910833748546,0.26846426491796815,1,False,,,,
1766480401.945007,0.4490958309958265,0.572910833748546,0.26846426491796815,1,False,,,,
1766480401.947496,0.4490480386207989,0.5722791588193725,0.26480634348858373,1,False,,,,
1766480402.3186188,0.4490480386207989,0.5722791588193725,0.26480634348858373,1,False,,,,
1766480402.325394,0.4490480386207989,0.5722791588193725,0.26480634348858373,1,False,,,,
1766480402.3293178,0.4555895283077674,0.5905449718913949,0.2247063058996452,1,False,,,,
1766480402.333478,0.4869097791464296,0.7083728779503229,0.7311158180236816,1,True,0.40402355790138245,0.6797614097595215,0.10834293067455292,0.20932838320732117
1766480402.336906,0.4474723052959563,0.5750292144724435,0.2885899663421419,1,False,,,,
1766480402.637799,0.4731196668794878,0.6634234545869524,0.0,1,True,0.40910759568214417,0.6778151392936707,0.10774622112512589,0.20760582387447357
1766480402.6449149,0.4731196668794878,0.6634234545869524,0.0,1,True,0.40910759568214417,0.6778151392936707,0.10774622112512589,0.20760582387447357
1766480402.648036,0.4731196668794878,0.6634234545869524,0.0,1,True,0.40910759568214417,0.6778151392936707,0.10774622112512589,0.20760582387447357
1766480402.65326,0.4731196668794878,0.6634234545869524,0.0,1,True,0.40910759568214417,0.6778151392936707,0.10774622112512589,0.20760582387447357
1766480402.6559749,0.4731196668794878,0.6634234545869524,0.0,1,True,0.4013515114784241,0.6199780106544495,0.11262788623571396,0.20823076367378235
1766480402.870223,0.4581859386157083,0.5895079088292958,0.20418419802393065,1,False,,,,
1766480402.877859,0.4581859386157083,0.5895079088292958,0.20418419802393065,1,False,,,,
1766480402.8843288,0.4581859386157083,0.5895079088292958,0.20418419802393065,1,False,,,,
1766480402.887726,0.4581859386157083,0.5895079088292958,0.20418419802393065,1,False,,,,
1766480402.8904052,0.4731196668794878,0.6634234545869524,0.0,1,True,0.3910695016384125,0.45082172751426697,0.11223316192626953,0.20994317531585693
1766480403.241448,0.4731196668794878,0.6634234545869524,0.0,1,True,0.3910695016384125,0.45082172751426697,0.11223316192626953,0.20994317531585693
1766480403.2483468,0.4731196668794878,0.6634234545869524,0.0,1,True,0.3910695016384125,0.45082172751426697,0.11223316192626953,0.20994317531585693
1766480403.251313,0.4731196668794878,0.6634234545869524,0.0,1,True,0.3910695016384125,0.45082172751426697,0.11223316192626953,0.20994317531585693
1766480403.254168,0.4731196668794878,0.6634234545869524,0.0,1,True,0.3910695016384125,0.45082172751426697,0.11223316192626953,0.20994317531585693
1766480403.2571468,0.4501940997256508,0.5820074611852926,0.2260081873287641,1,True,0.39903026819229126,0.6017938256263733,0.10792825371026993,0.21220923960208893
1766480403.558395,0.4501940997256508,0.5820074611852926,0.2260081873287641,1,True,0.39903026819229126,0.6017938256263733,0.10792825371026993,0.21220923960208893
1766480403.564828,0.4501940997256508,0.5820074611852926,0.2260081873287641,1,True,0.39903026819229126,0.6017938256263733,0.10792825371026993,0.21220923960208893
1766480403.567984,0.4558157783828535,0.5733312086118362,0.18016875315975336,1,False,,,,
1766480403.571436,0.44484164336469467,0.5824969635481786,0.20655824232655964,1,True,0.39903026819229126,0.6017938256263733,0.10792825371026993,0.21220923960208893
1766480403.5751941,0.4499608670273679,0.5676935012853052,0.2755821346166214,1,True,0.3941240906715393,0.5819665789604187,0.1055457815527916,0.2182961404323578
1766480403.8745348,0.44933226744260396,0.5705407924343888,0.28638745626544204,1,True,0.3941240906715393,0.5819665789604187,0.1055457815527916,0.2182961404323578
1766480403.881902,0.44933226744260396,0.5705407924343888,0.28638745626544204,1,True,0.3941240906715393,0.5819665789604187,0.1055457815527916,0.2182961404323578
1766480403.88817,0.44933226744260396,0.5705407924343888,0.28638745626544204,1,True,0.3941240906715393,0.5819665789604187,0.1055457815527916,0.2182961404323578
1766480403.890977,0.44933226744260396,0.5705407924343888,0.28638745626544204,1,True,0.3941240906715393,0.5819665789604187,0.1055457815527916,0.2182961404323578
1766480403.8936598,0.5010147885497043,0.6594734758418288,0.4500019278961825,1,True,0.3894454538822174,0.5693219304084778,0.10388078540563583,0.21125724911689758
1766480404.151021,0.5010147885497043,0.6594734758418288,0.4500019278961825,1,True,0.3894454538822174,0.5693219304084778,0.10388078540563583,0.21125724911689758
1766480404.157606,0.5010147885497043,0.6594734758418288,0.4500019278961825,1,True,0.3894454538822174,0.5693219304084778,0.10388078540563583,0.21125724911689758
1766480404.163293,0.5010147885497043,0.6594734758418288,0.4500019278961825,1,True,0.3894454538822174,0.5693219304084778,0.10388078540563583,0.21125724911689758
1766480404.1660008,0.5010147885497043,0.6594734758418288,0.4500019278961825,1,True,0.3894454538822174,0.5693219304084778,0.10388078540563583,0.21125724911689758
1766480404.169292,0.43965090738966195,0.5754953090897644,0.09107229567791265,1,True,0.3910435140132904,0.5373480916023254,0.10134124755859375,0.21426814794540405
1766480404.422265,0.43965090738966195,0.5754953090897644,0.09107229567791265,1,True,0.3910435140132904,0.5373480916023254,0.10134124755859375,0.21426814794540405
1766480404.428674,0.43965090738966195,0.5754953090897644,0.09107229567791265,1,True,0.3910435140132904,0.5373480916023254,0.10134124755859375,0.21426814794540405
1766480404.4317608,0.43965090738966195,0.5754953090897644,0.09107229567791265,1,True,0.3910435140132904,0.5373480916023254,0.10134124755859375,0.21426814794540405
1766480404.434773,0.43965090738966195,0.5754953090897644,0.09107229567791265,1,True,0.3910435140132904,0.5373480916023254,0.10134124755859375,0.21426814794540405
1766480404.437567,0.5027663310574956,0.6551111991428687,0.4620355138170973,1,False,,,,
1766480404.675595,0.4410803750546862,0.555316477154704,0.008645832240678827,1,True,0.38700753450393677,0.5452487468719482,0.10306987911462784,0.21198086440563202
1766480404.6830258,0.4410803750546862,0.555316477154704,0.008645832240678827,1,True,0.38700753450393677,0.5452487468719482,0.10306987911462784,0.21198086440563202
1766480404.6891022,0.4410803750546862,0.555316477154704,0.008645832240678827,1,True,0.38700753450393677,0.5452487468719482,0.10306987911462784,0.21198086440563202
1766480404.69214,0.4410803750546862,0.555316477154704,0.008645832240678827,1,True,0.38700753450393677,0.5452487468719482,0.10306987911462784,0.21198086440563202
1766480404.697474,0.478938045556945,0.7117245635901546,0.9092535972595215,1,True,0.39102786779403687,0.5561860799789429,0.1046847328543663,0.21361525356769562
1766480404.9575412,0.478938045556945,0.7117245635901546,0.9092535972595215,1,True,0.39102786779403687,0.5561860799789429,0.1046847328543663,0.21361525356769562
1766480404.964073,0.478938045556945,0.7117245635901546,0.9092535972595215,1,True,0.39102786779403687,0.5561860799789429,0.1046847328543663,0.21361525356769562
1766480404.96721,0.478938045556945,0.7117245635901546,0.9092535972595215,1,True,0.39102786779403687,0.5561860799789429,0.1046847328543663,0.21361525356769562
1766480404.969968,0.478938045556945,0.7117245635901546,0.9092535972595215,1,True,0.39102786779403687,0.5561860799789429,0.1046847328543663,0.21361525356769562
1766480404.9727879,0.44958554148115554,0.5709969793513808,0.31154716689199746,1,True,0.4018457531929016,0.5444409847259521,0.10393829643726349,0.2145041525363922
1766480405.271126,0.44958554148115554,0.5709969793513808,0.31154716689199746,1,True,0.4018457531929016,0.5444409847259521,0.10393829643726349,0.2145041525363922
1766480405.278441,0.44991604313085454,0.5702260719099682,0.2753171638170971,1,True,0.4018457531929016,0.5444409847259521,0.10393829643726349,0.2145041525363922
1766480405.282064,0.44991604313085454,0.5702260719099682,0.2753171638170971,1,True,0.4018457531929016,0.5444409847259521,0.10393829643726349,0.2145041525363922
1766480405.289216,0.44991604313085454,0.5702260719099682,0.2753171638170971,1,True,0.4018457531929016,0.5444409847259521,0.10393829643726349,0.2145041525363922
1766480405.29262,0.5018538776520824,0.6562041106014994,0.38807796571848263,1,True,0.39987286925315857,0.530726969242096,0.10245037078857422,0.2108595073223114
1766480405.799464,0.5018538776520824,0.6562041106014994,0.38807796571848263,1,True,0.39987286925315857,0.530726969242096,0.10245037078857422,0.2108595073223114
1766480405.8051488,0.5018538776520824,0.6562041106014994,0.38807796571848263,1,True,0.39987286925315857,0.530726969242096,0.10245037078857422,0.2108595073223114
1766480405.808227,0.5018538776520824,0.6562041106014994,0.38807796571848263,1,True,0.39987286925315857,0.530726969242096,0.10245037078857422,0.2108595073223114
1766480405.810671,0.5018538776520824,0.6562041106014994,0.38807796571848263,1,True,0.39987286925315857,0.530726969242096,0.10245037078857422,0.2108595073223114
1766480405.8139362,0.5046164546463711,0.6478337252652625,0.4256035178673899,1,True,0.4141818881034851,0.46022936701774597,0.10032530128955841,0.21079063415527344
1766480406.081512,0.5017085288290974,0.6561766235535632,0.4744505494726269,1,True,0.4141818881034851,0.46022936701774597,0.10032530128955841,0.21079063415527344
1766480406.0902689,0.5017085288290974,0.6561766235535632,0.4744505494726269,1,True,0.4141818881034851,0.46022936701774597,0.10032530128955841,0.21079063415527344
1766480406.096919,0.5017085288290974,0.6561766235535632,0.4744505494726269,1,True,0.4141818881034851,0.46022936701774597,0.10032530128955841,0.21079063415527344
1766480406.0998578,0.5017085288290974,0.6561766235535632,0.4744505494726269,1,True,0.4141818881034851,0.46022936701774597,0.10032530128955841,0.21079063415527344
1766480406.1025898,0.5061479737162053,0.6399091251516317,0.4013747752220282,1,False,,,,
1766480406.408243,0.5061479737162053,0.6399091251516317,0.4013747752220282,1,False,,,,
1766480406.4155369,0.5061479737162053,0.6399091251516317,0.4013747752220282,1,False,,,,
1766480406.418983,0.4898931176650512,0.6118050821106551,0.1596544334908032,1,False,,,,
1766480406.424337,0.4898931176650512,0.6118050821106551,0.1596544334908032,1,False,,,,
1766480406.4313889,0.5059449150630567,0.6394752017655372,0.4029508907116098,1,False,,,,
1766480406.826292,0.5059449150630567,0.6394752017655372,0.4029508907116098,1,False,,,,
1766480406.833119,0.5059449150630567,0.6394752017655372,0.4029508907116098,1,False,,,,
1766480406.836054,0.5059449150630567,0.6394752017655372,0.4029508907116098,1,False,,,,
1766480406.838793,0.5059449150630567,0.6394752017655372,0.4029508907116098,1,False,,,,
1766480406.841737,0.49178139093115647,0.5980596579998865,0.3128308156822605,1,False,,,,
1766480407.08351,0.49178139093115647,0.5980596579998865,0.3128308156822605,1,False,,,,
1766480407.090709,0.4936249975814343,0.6012224067034229,0.4531261335508173,1,False,,,,
1766480407.0980449,0.4936249975814343,0.6012224067034229,0.4531261335508173,1,False,,,,
1766480407.101084,0.4936249975814343,0.6012224067034229,0.4531261335508173,1,False,,,,
1766480407.103758,0.4989542872421323,0.6112882179865787,0.36433269126336393,1,False,,,,
1766480407.410172,0.4989542872421323,0.6112882179865787,0.36433269126336393,1,False,,,,
1766480407.4166322,0.4989542872421323,0.6112882179865787,0.36433269126336393,1,False,,,,
1766480407.4205031,0.4996604333333911,0.6122385123713691,0.3473545225211939,1,False,,,,
1766480407.423619,0.49927591711394437,0.613886933462765,0.29531001542089474,1,False,,,,
1766480407.426219,0.4941578970434346,0.6972105165408593,0.7318093539828221,1,False,,,,
1766480407.6763752,0.4941578970434346,0.6972105165408593,0.7318093539828221,1,False,,,,
1766480407.683038,0.4941578970434346,0.6972105165408593,0.7318093539828221,1,False,,,,
1766480407.686152,0.4941578970434346,0.6972105165408593,0.7318093539828221,1,False,,,,
1766480407.689148,0.5067263444365195,0.6364993945829691,0.4578081726527791,1,False,,,,
1766480407.6923132,0.5053388964153736,0.6460641630149655,0.4082406574378265,2,True,0.43743038177490234,0.6515677571296692,0.08176584541797638,0.1689804047346115
1766480408.0290182,0.5047019401945159,0.6435642095728478,0.36582530431150095,2,True,0.43743038177490234,0.6515677571296692,0.08176584541797638,0.1689804047346115
1766480408.036509,0.5047019401945159,0.6435642095728478,0.36582530431150095,2,True,0.43743038177490234,0.6515677571296692,0.08176584541797638,0.1689804047346115
1766480408.042421,0.5047019401945159,0.6435642095728478,0.36582530431150095,2,True,0.43743038177490234,0.6515677571296692,0.08176584541797638,0.1689804047346115
1766480408.0453289,0.5047019401945159,0.6435642095728478,0.36582530431150095,2,True,0.43743038177490234,0.6515677571296692,0.08176584541797638,0.1689804047346115
1766480408.047807,0.49611636303082135,0.6663832253909001,0.7423753533164116,1,True,0.4331187307834625,0.6240818500518799,0.08153381198644638,0.1690933257341385
1766480408.359752,0.4962301668337533,0.668019808564571,0.7332462072372437,1,True,0.4331187307834625,0.6240818500518799,0.08153381198644638,0.1690933257341385
1766480408.367223,0.48907037492488453,0.6091586508000958,0.11794534801542395,1,True,0.4331187307834625,0.6240818500518799,0.08153381198644638,0.1690933257341385
1766480408.374443,0.48907037492488453,0.6091586508000958,0.11794534801542395,1,True,0.4331187307834625,0.6240818500518799,0.08153381198644638,0.1690933257341385
1766480408.377794,0.48907037492488453,0.6091586508000958,0.11794534801542395,1,True,0.4331187307834625,0.6240818500518799,0.08153381198644638,0.1690933257341385
1766480408.380546,0.5060528590979566,0.6433296562795964,0.44095088989228276,1,True,0.42193904519081116,0.604824423789978,0.08112974464893341,0.17269711196422577
1766480408.648366,0.5060528590979566,0.6433296562795964,0.44095088989228276,1,True,0.42193904519081116,0.604824423789978,0.08112974464893341,0.17269711196422577
1766480408.654763,0.5060528590979566,0.6433296562795964,0.44095088989228276,1,True,0.42193904519081116,0.604824423789978,0.08112974464893341,0.17269711196422577
1766480408.658315,0.5060528590979566,0.6433296562795964,0.44095088989228276,1,True,0.42193904519081116,0.604824423789978,0.08112974464893341,0.17269711196422577
1766480408.661532,0.5061006330394471,0.6405037801805067,0.4521490506474912,1,True,0.42193904519081116,0.604824423789978,0.08112974464893341,0.17269711196422577
1766480408.668847,0.5060997525672739,0.6401181122148797,0.3903633997163403,1,False,,,,
1766480409.0295522,0.5057013552539484,0.6452769506607888,0.4231890577483854,1,False,,,,
1766480409.037612,0.5057013552539484,0.6452769506607888,0.4231890577483854,1,False,,,,
1766480409.04456,0.5057013552539484,0.6452769506607888,0.4231890577483854,1,False,,,,
1766480409.0474272,0.5057013552539484,0.6452769506607888,0.4231890577483854,1,False,,,,
1766480409.0502012,0.5073098812928084,0.6310764001178722,0.4064736953860169,1,False,,,,
1766480409.365291,0.5064619627328308,0.6397165106146723,0.37113711326064985,1,False,,,,
1766480409.373085,0.5064619627328308,0.6397165106146723,0.37113711326064985,1,False,,,,
1766480409.380378,0.5064619627328308,0.6397165106146723,0.37113711326064985,1,False,,,,
1766480409.3834581,0.5064619627328308,0.6397165106146723,0.37113711326064985,1,False,,,,
1766480409.386216,0.4492931919670872,0.6081294271142772,0.28213804160854933,1,True,0.3890732228755951,0.44376140832901,0.09118957817554474,0.19738925993442535
1766480411.281596,0.4496324254263625,0.6130595610045624,0.24290343364443767,1,True,0.3890732228755951,0.44376140832901,0.09118957817554474,0.19738925993442535
1766480411.287165,0.4496324254263625,0.6130595610045624,0.24290343364443767,1,True,0.3890732228755951,0.44376140832901,0.09118957817554474,0.19738925993442535
1766480411.2930639,0.4496324254263625,0.6130595610045624,0.24290343364443767,1,True,0.3890732228755951,0.44376140832901,0.09118957817554474,0.19738925993442535
1766480411.295936,0.4496324254263625,0.6130595610045624,0.24290343364443767,1,True,0.3890732228755951,0.44376140832901,0.09118957817554474,0.19738925993442535
1766480411.298267,0.45177093307230126,0.6151969612785497,0.2848338702559637,1,False,,,,
1766480411.5382981,0.45177093307230126,0.6151969612785497,0.2848338702559637,1,False,,,,
1766480411.5463219,0.44894015324643616,0.6197055870565932,0.21581655414179465,1,False,,,,
1766480411.549715,0.44894015324643616,0.6197055870565932,0.21581655414179465,1,False,,,,
1766480411.553609,0.44894015324643616,0.6197055870565932,0.21581655414179465,1,False,,,,
1766480411.5614321,0.4527061699458564,0.6326057285887672,0.8387624621391296,1,False,,,,
1766480411.802708,0.4527061699458564,0.6326057285887672,0.8387624621391296,1,False,,,,
1766480411.809796,0.4527061699458564,0.6326057285887672,0.8387624621391296,1,False,,,,
1766480411.8133461,0.45226095527816906,0.6320609752738255,0.18634853078430788,1,False,,,,
1766480411.819597,0.45280299736232577,0.6308504412201763,0.20063610579660182,1,False,,,,
1766480411.8240252,0.44465313970790143,0.605995484968524,1.0,1,False,,,,
1766480412.092535,0.44465313970790143,0.605995484968524,1.0,1,False,,,,
1766480412.099125,0.44465313970790143,0.605995484968524,1.0,1,False,,,,
1766480412.101959,0.44465313970790143,0.605995484968524,1.0,1,False,,,,
1766480412.104609,0.44465313970790143,0.605995484968524,1.0,1,False,,,,
1766480412.107208,0.4487029946269373,0.5989271078817903,1.0,1,False,,,,
1766480412.412513,0.4431238931001877,0.5903437681349064,0.99,1,False,,,,
1766480412.419258,1.0134238011281358,1.3706868578059153,1.0,1,False,,,,
1766480412.4260328,1.0134238011281358,1.3706868578059153,1.0,1,False,,,,
1766480412.4290009,1.0134238011281358,1.3706868578059153,1.0,1,False,,,,
1766480412.4315689,0.44729771632414395,0.6037238068126822,0.1375396488021775,0,False,,,,
1766480412.617105,0.47315360496175013,0.6634476770118322,0.0,0,False,,,,
1766480412.6359081,0.47315360496175013,0.6634476770118322,0.0,0,False,,,,
1766480412.6424909,0.47315360496175013,0.6634476770118322,0.0,0,False,,,,
1766480412.645372,0.47315360496175013,0.6634476770118322,0.0,0,False,,,,
1766480412.6481721,1.0203139968290476,1.1695522025283807,0.9849078059196472,1,False,,,,
1766480412.897109,1.0203139968290476,1.1695522025283807,0.9849078059196472,1,False,,,,
1766480412.904284,1.0203139968290476,1.1695522025283807,0.9849078059196472,1,False,,,,
1766480412.907307,1.0203139968290476,1.1695522025283807,0.9849078059196472,1,False,,,,
1766480412.91009,1.0203139968290476,1.1695522025283807,0.9849078059196472,1,False,,,,
1766480412.913961,0.45647271019367486,0.5945904286091594,0.30982267462186575,1,False,,,,
1766480413.489711,0.4563674389176283,0.5918477226054917,0.26608326890965955,1,False,,,,
1766480413.4969752,0.4563674389176283,0.5918477226054917,0.26608326890965955,1,False,,,,
1766480413.502188,0.4563674389176283,0.5918477226054917,0.26608326890965955,1,False,,,,
1766480413.5049531,0.4563674389176283,0.5918477226054917,0.26608326890965955,1,False,,,,
1766480413.5075898,0.479067624507581,0.7242271476707713,0.7805452103242704,1,False,,,,
1766480413.761662,0.479067624507581,0.7242271476707713,0.7805452103242704,1,False,,,,
1766480413.76898,0.479067624507581,0.7242271476707713,0.7805452103242704,1,False,,,,
1766480413.7752929,0.479067624507581,0.7242271476707713,0.7805452103242704,1,False,,,,
1766480413.7784262,0.479067624507581,0.7242271476707713,0.7805452103242704,1,False,,,,
1766480413.7815528,0.4758184956650693,0.7278677122871036,0.14714139068193413,1,True,0.41301530599594116,0.6881229877471924,0.08712176978588104,0.1848597228527069
1766480414.053956,0.4758184956650693,0.7278677122871036,0.14714139068193413,1,True,0.41301530599594116,0.6881229877471924,0.08712176978588104,0.1848597228527069
1766480414.064032,0.4547395511498336,0.6095441283298443,0.18651362909164473,1,False,,,,
1766480414.0707378,0.4547395511498336,0.6095441283298443,0.18651362909164473,1,False,,,,
1766480414.0739331,0.4547395511498336,0.6095441283298443,0.18651362909164473,1,False,,,,
1766480414.078798,0.48763766256362473,0.690126698983477,0.3608421015016212,1,False,,,,
1766480414.366657,0.48763766256362473,0.690126698983477,0.3608421015016212,1,False,,,,
1766480414.374109,0.48763766256362473,0.690126698983477,0.3608421015016212,1,False,,,,
1766480414.37679,0.48763766256362473,0.690126698983477,0.3608421015016212,1,False,,,,
1766480414.3797271,0.48763766256362473,0.690126698983477,0.3608421015016212,1,False,,,,
1766480414.3826401,0.4791173327011376,0.6058053535724658,0.1061287276261277,0,False,,,,
1766480414.566962,0.4845629969694447,0.601988598884416,0.10868778544508201,0,False,,,,
1766480414.574529,0.4845629969694447,0.601988598884416,0.10868778544508201,0,False,,,,
1766480414.581455,0.4845629969694447,0.601988598884416,0.10868778544508201,0,False,,,,
1766480414.5839958,0.4845629969694447,0.601988598884416,0.10868778544508201,0,False,,,,
1766480414.586515,0.4854794905456269,0.6945721017595541,0.2546044422301846,0,False,,,,
1766480414.907955,0.4854794905456269,0.6945721017595541,0.2546044422301846,0,False,,,,
1766480414.9122539,0.4854794905456269,0.6945721017595541,0.2546044422301846,0,False,,,,
1766480414.914926,0.4854794905456269,0.6945721017595541,0.2546044422301846,0,False,,,,
1766480414.917721,0.4854794905456269,0.6945721017595541,0.2546044422301846,0,False,,,,
1766480414.920328,0.49719181826806713,0.6789510286209034,0.2730498532967257,0,False,,,,
1766480415.0808141,0.49719181826806713,0.6789510286209034,0.2730498532967257,0,False,,,,
1766480415.086671,0.49719181826806713,0.6789510286209034,0.2730498532967257,0,False,,,,
1766480415.089746,0.49719181826806713,0.6789510286209034,0.2730498532967257,0,False,,,,
1766480415.092128,0.49719181826806713,0.6789510286209034,0.2730498532967257,0,False,,,,
1766480415.094965,0.4732721167377864,0.6073895936471113,0.15733586677303793,1,False,,,,
1766480415.4086678,0.4732721167377864,0.6073895936471113,0.15733586677303793,1,False,,,,
1766480415.416519,0.4732721167377864,0.6073895936471113,0.15733586677303793,1,False,,,,
1766480415.419265,0.4732721167377864,0.6073895936471113,0.15733586677303793,1,False,,,,
1766480415.4241788,0.4732721167377864,0.6073895936471113,0.15733586677303793,1,False,,,,
1766480415.4268548,0.463129542912964,0.6051295755552715,0.22334584168849214,1,False,,,,
1766480415.819836,0.463129542912964,0.6051295755552715,0.22334584168849214,1,False,,,,
1766480415.826252,0.463129542912964,0.6051295755552715,0.22334584168849214,1,False,,,,
1766480415.829294,0.463129542912964,0.6051295755552715,0.22334584168849214,1,False,,,,
1766480415.8318348,0.46458021641925773,0.6050280793712245,0.22447349410496678,1,False,,,,
1766480415.834688,0.4960474520505449,0.6862275157330977,0.7251077234278617,1,False,,,,
1766480416.050996,0.4960474520505449,0.6862275157330977,0.7251077234278617,1,False,,,,
1766480416.056881,0.4960474520505449,0.6862275157330977,0.7251077234278617,1,False,,,,
1766480416.0596302,0.4960474520505449,0.6862275157330977,0.7251077234278617,1,False,,,,
1766480416.062386,0.4960474520505449,0.6862275157330977,0.7251077234278617,1,False,,,,
1766480416.065247,0.4705253476007316,0.6061231766273127,0.15408595824021049,0,False,,,,
1766480416.30269,0.4676307569268229,0.6055121611815422,0.15880869929881866,0,False,,,,
1766480416.310478,0.4676307569268229,0.6055121611815422,0.15880869929881866,0,False,,,,
1766480416.3161778,0.4676307569268229,0.6055121611815422,0.15880869929881866,0,False,,,,
1766480416.318954,0.4676307569268229,0.6055121611815422,0.15880869929881866,0,False,,,,
1766480416.321356,0.46576833453446687,0.5973282747283095,0.18653342521296581,0,False,,,,
1766480416.504222,0.4655328853896152,0.6042827138091628,0.1352515296700631,0,False,,,,
1766480416.5107641,0.4655328853896152,0.6042827138091628,0.1352515296700631,0,False,,,,
1766480416.516317,0.4655328853896152,0.6042827138091628,0.1352515296700631,0,False,,,,
1766480416.5189629,0.4655328853896152,0.6042827138091628,0.1352515296700631,0,False,,,,
1766480416.521616,0.49667102883590175,0.6747764312786169,0.3924484027381967,1,False,,,,
1766480416.96109,0.49667102883590175,0.6747764312786169,0.3924484027381967,1,False,,,,
1766480416.9673421,0.49667102883590175,0.6747764312786169,0.3924484027381967,1,False,,,,
1766480416.97235,0.4966953865438441,0.6747241411165715,0.40375151815025984,1,False,,,,
1766480416.9759119,0.4615947803383748,0.5797717687180922,0.123918376977725,1,False,,,,
1766480416.9791958,0.4733205483114033,0.6241129331816148,0.13945687309297095,1,False,,,,
1766480417.368614,0.4733205483114033,0.6241129331816148,0.13945687309297095,1,False,,,,
1766480417.376286,0.47435764279830794,0.649003412742012,0.14100097119668636,1,False,,,,
1766480417.380098,0.47435764279830794,0.649003412742012,0.14100097119668636,1,False,,,,
1766480417.387064,0.47435764279830794,0.649003412742012,0.14100097119668636,1,False,,,,
1766480417.3897338,0.47044124854928204,0.6448770841014784,0.9829935217348604,1,False,,,,
1766480417.8857238,0.47044124854928204,0.6448770841014784,0.9829935217348604,1,False,,,,
1766480417.89297,0.47044124854928204,0.6448770841014784,0.9829935217348604,1,False,,,,
1766480417.89587,0.47044124854928204,0.6448770841014784,0.9829935217348604,1,False,,,,
1766480417.898165,0.47044124854928204,0.6448770841014784,0.9829935217348604,1,False,,,,
1766480417.903456,0.4981235160606977,0.6801210286458264,0.3987069138668039,1,False,,,,
1766480418.1710389,0.4981235160606977,0.6801210286458264,0.3987069138668039,1,False,,,,
1766480418.178699,0.5010318519992937,0.6662804332206884,0.34029464878446286,1,False,,,,
1766480418.181938,0.5010318519992937,0.6662804332206884,0.34029464878446286,1,False,,,,
1766480418.188116,0.5010318519992937,0.6662804332206884,0.34029464878446286,1,False,,,,
1766480418.190896,0.4759244323803572,0.6479932444722526,0.19440378956536924,0,False,,,,
1766480418.418016,0.47591460769443483,0.64811437000999,0.20469250299121122,0,False,,,,
1766480418.425646,0.47591460769443483,0.64811437000999,0.20469250299121122,0,False,,,,
1766480418.4314291,0.47591460769443483,0.64811437000999,0.20469250299121122,0,False,,,,
1766480418.43426,0.47591460769443483,0.64811437000999,0.20469250299121122,0,False,,,,
1766480418.437252,0.47644548594600966,0.6507909080209341,0.2305643826317391,1,False,,,,
1766480418.806276,0.47644548594600966,0.6507909080209341,0.2305643826317391,1,False,,,,
1766480418.811936,0.47644548594600966,0.6507909080209341,0.2305643826317391,1,False,,,,
1766480418.8156319,0.49817176112848777,0.6736520591646038,0.2284092599581537,1,False,,,,
1766480418.819805,0.49817176112848777,0.6736520591646038,0.2284092599581537,1,False,,,,
1766480418.823313,0.5009354401044762,0.6651030143723293,0.388352345902414,1,False,,,,
1766480419.4127622,0.5009354401044762,0.6651030143723293,0.388352345902414,1,False,,,,
1766480419.4198442,0.4676021012844255,0.6380825848065755,0.2808966941746481,1,False,,,,
1766480419.422827,0.4676021012844255,0.6380825848065755,0.2808966941746481,1,False,,,,
1766480419.429311,0.4676021012844255,0.6380825848065755,0.2808966941746481,1,False,,,,
1766480419.432062,0.5023165019011077,0.6669255171956071,0.28262021552216554,1,False,,,,
1766480419.931496,0.5023165019011077,0.6669255171956071,0.28262021552216554,1,False,,,,
1766480419.938965,0.5023165019011077,0.6669255171956071,0.28262021552216554,1,False,,,,
1766480419.941707,0.5023165019011077,0.6669255171956071,0.28262021552216554,1,False,,,,
1766480419.9470038,0.5023165019011077,0.6669255171956071,0.28262021552216554,1,False,,,,
1766480419.949779,0.5038618390097315,0.6446837770706514,0.7375111943240569,1,False,,,,
1766480420.3708339,0.5038618390097315,0.6446837770706514,0.7375111943240569,1,False,,,,
1766480420.378449,0.5038618390097315,0.6446837770706514,0.7375111943240569,1,False,,,,
1766480420.38175,0.5038618390097315,0.6446837770706514,0.7375111943240569,1,False,,,,
1766480420.384675,0.5038618390097315,0.6446837770706514,0.7375111943240569,1,False,,,,
1766480420.387454,0.4827334821654944,0.7137812965920397,0.20589199601333122,1,False,,,,
1766480421.119065,0.4827334821654944,0.7137812965920397,0.20589199601333122,1,False,,,,
1766480421.126509,0.4827334821654944,0.7137812965920397,0.20589199601333122,1,False,,,,
1766480421.131423,0.4774741824722442,0.7166839450810701,0.23487560258220536,1,False,,,,
1766480421.135085,0.4774741824722442,0.7166839450810701,0.23487560258220536,1,False,,,,
1766480421.1419141,0.4610600754608688,0.6596594926261946,0.7727466984572207,1,False,,,,
1766480421.5385668,0.4610600754608688,0.6596594926261946,0.7727466984572207,1,False,,,,
1766480421.546722,0.4610600754608688,0.6596594926261946,0.7727466984572207,1,False,,,,
1766480421.549336,0.4610600754608688,0.6596594926261946,0.7727466984572207,1,False,,,,
1766480421.551681,0.4610600754608688,0.6596594926261946,0.7727466984572207,1,False,,,,
1766480421.5541272,0.47740137393598897,0.6882144531922303,0.18666159367202886,0,False,,,,
1766480421.8636649,0.4543924705288422,0.6548716197685992,0.7104340195655823,0,False,,,,
1766480421.87245,0.4601549375402495,0.6573970578171031,0.08900589565970571,0,False,,,,
1766480421.879431,0.4601549375402495,0.6573970578171031,0.08900589565970571,0,False,,,,
1766480421.882238,0.4601549375402495,0.6573970578171031,0.08900589565970571,0,False,,,,
1766480421.8847392,0.4594199282751143,0.673864720426829,0.7380275130271912,1,False,,,,
1766480422.286562,0.4594199282751143,0.673864720426829,0.7380275130271912,1,False,,,,
1766480422.292348,0.4594199282751143,0.673864720426829,0.7380275130271912,1,False,,,,
1766480422.297311,0.4594199282751143,0.673864720426829,0.7380275130271912,1,False,,,,
1766480422.300587,0.41804609597769443,1.0981825066383697,0.7206197723355727,1,False,,,,
1766480422.3036082,0.4939350537330111,0.6680585608067017,0.1890767131448661,1,False,,,,
1766480422.662862,0.4939350537330111,0.6680585608067017,0.1890767131448661,1,False,,,,
1766480422.6697001,0.4932377730101728,0.6666763052156297,0.16296302293048306,1,False,,,,
1766480422.673142,0.4932377730101728,0.6666763052156297,0.16296302293048306,1,False,,,,
1766480422.676097,0.4932377730101728,0.6666763052156297,0.16296302293048306,1,False,,,,
1766480422.683649,0.47840380287908324,0.6856649956297888,0.32127669450271207,1,False,,,,
1766480423.0198212,0.47840380287908324,0.6856649956297888,0.32127669450271207,1,False,,,,
1766480423.025111,0.47840380287908324,0.6856649956297888,0.32127669450271207,1,False,,,,
1766480423.028359,0.47840380287908324,0.6856649956297888,0.32127669450271207,1,False,,,,
1766480423.03087,0.47840380287908324,0.6856649956297888,0.32127669450271207,1,False,,,,
1766480423.035991,0.47830424351967926,0.6882689850866848,0.5385301350214315,1,False,,,,
1766480423.369259,0.47830424351967926,0.6882689850866848,0.5385301350214315,1,False,,,,
1766480423.378565,0.4648104622345417,0.6530714936322822,0.22136150760427398,1,False,,,,
1766480423.384924,0.4648104622345417,0.6530714936322822,0.22136150760427398,1,False,,,,
1766480423.3878841,0.4648104622345417,0.6530714936322822,0.22136150760427398,1,False,,,,
1766480423.390538,0.4790194559168288,0.6891047757362626,0.3559042811582991,1,False,,,,
1766480423.9240232,0.4790194559168288,0.6891047757362626,0.3559042811582991,1,False,,,,
1766480423.931888,0.4790194559168288,0.6891047757362626,0.3559042811582991,1,False,,,,
1766480423.934628,0.4790194559168288,0.6891047757362626,0.3559042811582991,1,False,,,,
1766480423.937226,0.4790194559168288,0.6891047757362626,0.3559042811582991,1,False,,,,
1766480423.940265,0.4855808734310091,0.6232800077903741,0.030436309959123324,1,True,0.43679872155189514,0.44678252935409546,0.09763660281896591,0.2144809365272522
1766480424.376524,0.4747445643366066,0.6840198426372857,0.25589725704658395,1,False,,,,
1766480424.3840299,0.4747445643366066,0.6840198426372857,0.25589725704658395,1,False,,,,
1766480424.39092,0.4747445643366066,0.6840198426372857,0.25589725704658395,1,False,,,,
1766480424.393831,0.4747445643366066,0.6840198426372857,0.25589725704658395,1,False,,,,
1766480424.396451,0.47254863914398,0.6908061410751836,0.25962262490497706,1,False,,,,
1766480424.6905699,0.47254863914398,0.6908061410751836,0.25962262490497706,1,False,,,,
1766480424.697037,0.47254863914398,0.6908061410751836,0.25962262490497706,1,False,,,,
1766480424.700254,0.47254863914398,0.6908061410751836,0.25962262490497706,1,False,,,,
1766480424.7029471,0.47254863914398,0.6908061410751836,0.25962262490497706,1,False,,,,
1766480424.705642,0.48413614211616285,0.626488459168342,0.0,1,False,,,,
1766480425.067588,0.48413614211616285,0.626488459168342,0.0,1,False,,,,
1766480425.074114,0.48413614211616285,0.626488459168342,0.0,1,False,,,,
1766480425.0777879,0.48413614211616285,0.626488459168342,0.0,1,False,,,,
1766480425.0837739,0.4953038055198339,0.6330844789847221,0.07846795103366949,1,False,,,,
1766480425.0870268,0.4784886499475046,0.6845842089075261,0.024574210413474427,1,False,,,,
1766480425.403869,0.4784886499475046,0.6845842089075261,0.024574210413474427,1,False,,,,
1766480425.410634,0.4784886499475046,0.6845842089075261,0.024574210413474427,1,False,,,,
1766480425.4134662,0.4784886499475046,0.6845842089075261,0.024574210413474427,1,False,,,,
1766480425.4169269,0.47186861938648306,0.7187912818069784,0.7009382819632586,1,False,,,,
1766480425.419947,0.47005663889013477,0.6304469538092827,0.22240518387703864,1,False,,,,
1766480425.8808131,0.47005663889013477,0.6304469538092827,0.22240518387703864,1,False,,,,
1766480425.889516,0.47258884504968146,0.6247845467728047,0.2276239102690249,1,False,,,,
1766480425.896021,0.47258884504968146,0.6247845467728047,0.2276239102690249,1,False,,,,
1766480425.8992991,0.47258884504968146,0.6247845467728047,0.2276239102690249,1,False,,,,
1766480425.9026089,0.4815782578408207,0.6318278985036692,0.18059076654063064,1,False,,,,
1766480426.404095,0.4815782578408207,0.6318278985036692,0.18059076654063064,1,False,,,,
1766480426.411052,0.4815782578408207,0.6318278985036692,0.18059076654063064,1,False,,,,
1766480426.41453,0.4815782578408207,0.6318278985036692,0.18059076654063064,1,False,,,,
1766480426.417108,0.4815782578408207,0.6318278985036692,0.18059076654063064,1,False,,,,
1766480426.4199522,0.47309658202988514,0.6633412075973281,0.0,1,False,,,,
1766480426.7235498,0.4737733787375955,0.6414828085085233,0.25533815864483694,1,False,,,,
1766480426.732286,0.4718920457404693,0.6279218209319697,0.3733684658946304,1,False,,,,
1766480426.739601,0.4718920457404693,0.6279218209319697,0.3733684658946304,1,False,,,,
1766480426.7425559,0.4718920457404693,0.6279218209319697,0.3733684658946304,1,False,,,,
1766480426.7454011,0.4702907976721623,0.6274207398278951,0.33000566596534786,1,True,0.44505828619003296,0.40970855951309204,0.09920282661914825,0.2173733115196228
1766480427.053143,0.4702907976721623,0.6274207398278951,0.33000566596534786,1,True,0.44505828619003296,0.40970855951309204,0.09920282661914825,0.2173733115196228
1766480427.060413,0.47309658202988514,0.6633412075973281,0.0,1,False,,,,
1766480427.066282,0.47309658202988514,0.6633412075973281,0.0,1,False,,,,
1766480427.072893,0.47309658202988514,0.6633412075973281,0.0,1,False,,,,
1766480427.076234,0.12844804545993274,1.169051572562506,0.7834824621677399,1,False,,,,
1766480427.390149,0.12844804545993274,1.169051572562506,0.7834824621677399,1,False,,,,
1766480427.397324,1.3570746218821654,0.07163905237887791,0.7836875021457672,1,False,,,,
1766480427.4005911,1.3570746218821654,0.07163905237887791,0.7836875021457672,1,False,,,,
1766480427.408028,1.3570746218821654,0.07163905237887791,0.7836875021457672,1,False,,,,
1766480427.411007,0.4742173735203571,0.6301123479437116,0.3547155910065219,1,True,0.44142261147499084,0.44580984115600586,0.09809704124927521,0.20387879014015198
1766480427.918188,0.4742173735203571,0.6301123479437116,0.3547155910065219,1,True,0.44142261147499084,0.44580984115600586,0.09809704124927521,0.20387879014015198
1766480427.9254029,0.4742173735203571,0.6301123479437116,0.3547155910065219,1,True,0.44142261147499084,0.44580984115600586,0.09809704124927521,0.20387879014015198
1766480427.928596,0.47309658202988514,0.6633412075973281,0.0,1,True,0.44142261147499084,0.44580984115600586,0.09809704124927521,0.20387879014015198
1766480427.932309,0.4723349287960071,0.6352444759290323,0.32240601540734953,1,True,0.44142261147499084,0.44580984115600586,0.09809704124927521,0.20387879014015198
1766480427.938581,0.4782137927332718,0.643585495130448,0.4221469945525789,1,False,,,,
1766480428.292232,0.4782137927332718,0.643585495130448,0.4221469945525789,1,False,,,,
1766480428.300886,0.4732810332783587,0.6511021176202676,0.37964800165227064,1,False,,,,
1766480428.304666,0.4732810332783587,0.6511021176202676,0.37964800165227064,1,False,,,,
1766480428.311518,0.4732810332783587,0.6511021176202676,0.37964800165227064,1,False,,,,
1766480428.314317,-0.41653331251659037,-1.9575083592544775,0.9557510614395142,2,False,,,,
1766480428.6335092,-5.385656852788958,-15.186391263867392,0.9203596115112305,2,False,,,,
1766480428.6419,-5.385656852788958,-15.186391263867392,0.9203596115112305,2,False,,,,
1766480428.64914,-5.385656852788958,-15.186391263867392,0.9203596115112305,2,False,,,,
1766480428.6522071,-5.385656852788958,-15.186391263867392,0.9203596115112305,2,False,,,,
1766480428.654848,1.0950444549170613,1.6061405513583824,0.844444066286087,1,False,,,,
1766480428.983726,1.0950444549170613,1.6061405513583824,0.844444066286087,1,False,,,,
1766480428.9892612,1.0950444549170613,1.6061405513583824,0.844444066286087,1,False,,,,
1766480428.9923542,1.0950444549170613,1.6061405513583824,0.844444066286087,1,False,,,,
1766480428.995144,1.0950444549170613,1.6061405513583824,0.844444066286087,1,False,,,,
1766480428.9975822,0.4730260071628856,0.6633684568588676,0.0,1,True,0.4503556787967682,0.4443666338920593,0.09972076117992401,0.2087312489748001
1766480429.382509,0.4730260071628856,0.6633684568588676,0.0,1,True,0.4503556787967682,0.4443666338920593,0.09972076117992401,0.2087312489748001
1766480429.3894389,0.4730260071628856,0.6633684568588676,0.0,1,True,0.4503556787967682,0.4443666338920593,0.09972076117992401,0.2087312489748001
1766480429.3924701,0.4730260071628856,0.6633684568588676,0.0,1,True,0.4503556787967682,0.4443666338920593,0.09972076117992401,0.2087312489748001
1766480429.39536,0.4730260071628856,0.6633684568588676,0.0,1,True,0.4503556787967682,0.4443666338920593,0.09972076117992401,0.2087312489748001
1766480429.397869,0.48193102808339683,0.6419053858913237,0.48315129873374496,1,True,0.42704668641090393,0.4360131621360779,0.10212316364049911,0.21406398713588715
1766480429.863731,0.48193102808339683,0.6419053858913237,0.48315129873374496,1,True,0.42704668641090393,0.4360131621360779,0.10212316364049911,0.21406398713588715
1766480429.870721,0.48193102808339683,0.6419053858913237,0.48315129873374496,1,True,0.42704668641090393,0.4360131621360779,0.10212316364049911,0.21406398713588715
1766480429.874701,0.48406187927869543,0.6385622628244899,0.4223226427593807,1,True,0.42704668641090393,0.4360131621360779,0.10212316364049911,0.21406398713588715
1766480429.880953,0.48406187927869543,0.6385622628244899,0.4223226427593807,1,True,0.42704668641090393,0.4360131621360779,0.10212316364049911,0.21406398713588715
1766480429.888109,0.47301963338376785,0.663376475055442,0.0,1,False,,,,
1766480430.275999,0.48998354982813075,0.6953972590232714,0.8562450117899526,1,False,,,,
1766480430.2846231,0.4902873164100101,0.6949714982479968,0.7999541163444519,1,False,,,,
1766480430.29202,0.4902873164100101,0.6949714982479968,0.7999541163444519,1,False,,,,
1766480430.295346,0.4902873164100101,0.6949714982479968,0.7999541163444519,1,False,,,,
1766480430.298272,0.48956534757623177,0.6499573008787488,0.1543873573799183,1,False,,,,
1766480430.621145,0.48956534757623177,0.6499573008787488,0.1543873573799183,1,False,,,,
1766480430.627541,0.48956534757623177,0.6499573008787488,0.1543873573799183,1,False,,,,
1766480430.630594,0.48956534757623177,0.6499573008787488,0.1543873573799183,1,False,,,,
1766480430.6334069,0.48956534757623177,0.6499573008787488,0.1543873573799183,1,False,,,,
1766480430.636414,0.47301963338376785,0.663376475055442,0.0,1,False,,,,
1766480430.985354,0.47301963338376785,0.663376475055442,0.0,1,False,,,,
1766480430.992946,0.47301963338376785,0.663376475055442,0.0,1,False,,,,
1766480430.999431,0.47301963338376785,0.663376475055442,0.0,1,False,,,,
1766480431.002502,0.47301963338376785,0.663376475055442,0.0,1,False,,,,
1766480431.005188,0.4903397119534854,0.6500953657703703,0.10213990471662449,1,False,,,,
1766480431.379689,0.4902568758658024,0.6477177397379609,0.20380833061057183,1,False,,,,
1766480431.387459,0.49157132616033594,0.6472558809258039,0.2311732224480543,1,False,,,,
1766480431.394985,0.49157132616033594,0.6472558809258039,0.2311732224480543,1,False,,,,
1766480431.397877,0.49157132616033594,0.6472558809258039,0.2311732224480543,1,False,,,,
1766480431.4005702,0.49140293134627094,0.6483016115487409,0.13623594087409252,1,False,,,,
1766480431.6934028,0.49140293134627094,0.6483016115487409,0.13623594087409252,1,False,,,,
1766480431.699913,0.49140293134627094,0.6483016115487409,0.13623594087409252,1,False,,,,
1766480431.70518,0.49140293134627094,0.6483016115487409,0.13623594087409252,1,False,,,,
1766480431.707985,0.49140293134627094,0.6483016115487409,0.13623594087409252,1,False,,,,
1766480431.71055,0.48926252559053396,0.6448581583085555,0.19835889006672747,1,False,,,,
1766480432.027217,0.48926252559053396,0.6448581583085555,0.19835889006672747,1,False,,,,
1766480432.033513,0.48926252559053396,0.6448581583085555,0.19835889006672747,1,False,,,,
1766480432.0363579,0.48926252559053396,0.6448581583085555,0.19835889006672747,1,False,,,,
1766480432.039375,0.48926252559053396,0.6448581583085555,0.19835889006672747,1,False,,,,
1766480432.041871,0.4924376321303999,0.6450803092110979,0.31406851402413183,1,False,,,,
1766480432.27657,0.4924376321303999,0.6450803092110979,0.31406851402413183,1,False,,,,
1766480432.283631,0.47301963338376785,0.663376475055442,0.0,1,False,,,,
1766480432.2871318,0.491929592513274,0.6457975037403852,0.2623363061479123,1,False,,,,
1766480432.2900438,0.491929592513274,0.6457975037403852,0.2623363061479123,1,False,,,,
1766480432.295625,0.4948561731180264,0.636055581514429,0.20168956271433391,1,False,,,,
1766480432.5875819,0.49045447948832904,0.6440615223407017,0.23728665396982002,1,False,,,,
1766480432.595217,0.47301963338376785,0.663376475055442,0.0,1,False,,,,
1766480432.601681,0.47301963338376785,0.663376475055442,0.0,1,False,,,,
1766480432.604953,0.47301963338376785,0.663376475055442,0.0,1,False,,,,
1766480432.607661,0.47301963338376785,0.663376475055442,0.0,1,True,0.42250123620033264,0.5322870016098022,0.08683280646800995,0.19918568432331085
1766480432.861938,0.47301963338376785,0.663376475055442,0.0,1,True,0.42250123620033264,0.5322870016098022,0.08683280646800995,0.19918568432331085
1766480432.8691719,0.47301963338376785,0.663376475055442,0.0,1,True,0.42250123620033264,0.5322870016098022,0.08683280646800995,0.19918568432331085
1766480432.875894,0.47301963338376785,0.663376475055442,0.0,1,True,0.42250123620033264,0.5322870016098022,0.08683280646800995,0.19918568432331085
1766480432.879143,0.47301963338376785,0.663376475055442,0.0,1,True,0.42250123620033264,0.5322870016098022,0.08683280646800995,0.19918568432331085
1766480432.88207,0.4935005633261459,0.6404140931471773,0.2970911461112203,1,True,0.46458929777145386,0.6173868775367737,0.0895376205444336,0.1893993765115738
1766480433.154631,0.4935005633261459,0.6404140931471773,0.2970911461112203,1,True,0.46458929777145386,0.6173868775367737,0.0895376205444336,0.1893993765115738
1766480433.160164,0.49239244413881567,0.6498478946992204,0.21691738336664382,1,True,0.46458929777145386,0.6173868775367737,0.0895376205444336,0.1893993765115738
1766480433.164161,0.49239244413881567,0.6498478946992204,0.21691738336664382,1,True,0.46458929777145386,0.6173868775367737,0.0895376205444336,0.1893993765115738
1766480433.171642,0.49239244413881567,0.6498478946992204,0.21691738336664382,1,True,0.46458929777145386,0.6173868775367737,0.0895376205444336,0.1893993765115738
1766480433.174926,0.47301963338376785,0.663376475055442,0.0,1,False,,,,
1766480433.456949,0.49411720581290536,0.6519549783087734,0.310101231118165,1,False,,,,
1766480433.464711,0.49411720581290536,0.6519549783087734,0.310101231118165,1,False,,,,
1766480433.471911,0.49411720581290536,0.6519549783087734,0.310101231118165,1,False,,,,
1766480433.474761,0.49411720581290536,0.6519549783087734,0.310101231118165,1,False,,,,
1766480433.47734,0.5002784372213942,0.6802046321409552,0.1670833165706877,1,True,0.4416991174221039,0.6150617599487305,0.08576174080371857,0.17341122031211853
1766480433.859062,0.5002784372213942,0.6802046321409552,0.1670833165706877,1,True,0.4416991174221039,0.6150617599487305,0.08576174080371857,0.17341122031211853
1766480433.8688881,0.4982642956861211,0.6862391332606167,0.18281260755489548,1,True,0.4416991174221039,0.6150617599487305,0.08576174080371857,0.17341122031211853
1766480433.8758469,0.4982642956861211,0.6862391332606167,0.18281260755489548,1,True,0.4416991174221039,0.6150617599487305,0.08576174080371857,0.17341122031211853
1766480433.881322,0.4982642956861211,0.6862391332606167,0.18281260755489548,1,True,0.4416991174221039,0.6150617599487305,0.08576174080371857,0.17341122031211853
1766480433.884116,0.4959570739128759,0.6929221005592842,0.21102747411671047,1,False,,,,
1766480434.1392908,0.4959570739128759,0.6929221005592842,0.21102747411671047,1,False,,,,
1766480434.146809,0.4959570739128759,0.6929221005592842,0.21102747411671047,1,False,,,,
1766480434.149503,0.4959570739128759,0.6929221005592842,0.21102747411671047,1,False,,,,
1766480434.152221,0.4959570739128759,0.6929221005592842,0.21102747411671047,1,False,,,,
1766480434.154627,0.47301963338376785,0.663376475055442,0.0,0,False,,,,
1766480434.3534248,0.47301963338376785,0.663376475055442,0.0,0,False,,,,
1766480434.360398,0.47301963338376785,0.663376475055442,0.0,0,False,,,,
1766480434.364428,0.4479298694422161,0.615804733639026,0.7250514030456543,0,False,,,,
1766480434.367043,0.011634108454873716,1.4026829900947382,0.7318484724928507,0,False,,,,
1766480434.370379,0.4536829990983769,0.6115208380199937,0.31619894558340855,0,False,,,,
1766480434.5213492,0.4536829990983769,0.6115208380199937,0.31619894558340855,0,False,,,,
1766480434.528041,0.4536829990983769,0.6115208380199937,0.31619894558340855,0,False,,,,
1766480434.530946,0.4536829990983769,0.6115208380199937,0.31619894558340855,0,False,,,,
1766480434.533607,0.48287237983387243,0.7187916905542595,0.7783255908249048,0,False,,,,
1766480434.536439,0.07058209518108116,1.2334249664075974,0.7606862259764788,0,False,,,,
1766480434.730601,0.07058209518108116,1.2334249664075974,0.7606862259764788,0,False,,,,
1766480434.7402391,0.45010347588489397,0.6043743361040731,0.8127977252006531,0,False,,,,
1766480434.746054,0.45010347588489397,0.6043743361040731,0.8127977252006531,0,False,,,,
1766480434.748849,0.45010347588489397,0.6043743361040731,0.8127977252006531,0,False,,,,
1766480434.751487,0.37065387658000876,1.1091498674731217,0.7351575841769278,0,False,,,,
1766480434.9189172,0.37065387658000876,1.1091498674731217,0.7351575841769278,0,False,,,,
1766480434.9247801,0.37065387658000876,1.1091498674731217,0.7351575841769278,0,False,,,,
1766480434.929526,0.37065387658000876,1.1091498674731217,0.7351575841769278,0,False,,,,
1766480434.933557,0.4730253488408314,0.6633061012305503,0.0,0,False,,,,
1766480434.936385,0.45792013977700785,0.6140817454331008,0.3223557645480791,0,False,,,,
1766480435.1238148,0.45792013977700785,0.6140817454331008,0.3223557645480791,0,False,,,,
1766480435.129371,0.45792013977700785,0.6140817454331008,0.3223557645480791,0,False,,,,
1766480435.1323268,0.45791880422652104,0.6129968745091746,0.3035388016831835,0,False,,,,
1766480435.134876,0.45791880422652104,0.6129968745091746,0.3035388016831835,0,False,,,,
1766480435.137621,0.4730253488408314,0.6633061012305503,0.0,0,False,,,,
1766480435.317707,0.4730253488408314,0.6633061012305503,0.0,0,False,,,,
1766480435.323092,0.4730253488408314,0.6633061012305503,0.0,0,False,,,,
1766480435.325878,0.4730253488408314,0.6633061012305503,0.0,0,False,,,,
1766480435.329024,0.4730253488408314,0.6633061012305503,0.0,0,False,,,,
1766480435.3337018,0.4730253488408314,0.6633061012305503,0.0,0,False,,,,
1766480435.5093918,0.4571716918538242,0.5941355704041691,0.3429398586711308,0,False,,,,
1766480435.516595,0.4571716918538242,0.5941355704041691,0.3429398586711308,0,False,,,,
1766480435.52191,0.4571716918538242,0.5941355704041691,0.3429398586711308,0,False,,,,
1766480435.5251892,0.4571716918538242,0.5941355704041691,0.3429398586711308,0,False,,,,
1766480435.527803,0.45828500996087673,0.5905799589672749,0.33931084819161067,0,False,,,,
1766480435.730516,0.45828500996087673,0.5905799589672749,0.33931084819161067,0,False,,,,
1766480435.736338,0.4602526180141294,0.6061019504698743,0.2919785220297927,0,False,,,,
1766480435.74073,0.4602526180141294,0.6061019504698743,0.2919785220297927,0,False,,,,
1766480435.7465029,0.4602526180141294,0.6061019504698743,0.2919785220297927,0,False,,,,
1766480435.749441,0.47302415508414003,0.6632698805510105,0.0,0,False,,,,
1766480435.944454,0.47302415508414003,0.6632698805510105,0.0,0,False,,,,
1766480435.950037,0.47302415508414003,0.6632698805510105,0.0,0,False,,,,
1766480435.953003,0.47302415508414003,0.6632698805510105,0.0,0,False,,,,
1766480435.955314,0.47302415508414003,0.6632698805510105,0.0,0,False,,,,
1766480435.9575198,0.44230230446565183,0.616727991281063,0.7624631740381362,0,False,,,,
1766480436.123681,0.44230230446565183,0.616727991281063,0.7624631740381362,0,False,,,,
1766480436.1286778,0.44230230446565183,0.616727991281063,0.7624631740381362,0,False,,,,
1766480436.131575,0.44230230446565183,0.616727991281063,0.7624631740381362,0,False,,,,
1766480436.1337411,0.44230230446565183,0.616727991281063,0.7624631740381362,0,False,,,,
1766480436.1359842,0.4453044457320642,0.6206062986253388,0.7889133680616374,0,False,,,,
1766480436.309676,0.4559981714299389,0.6096215477102392,0.5426089522196762,0,False,,,,
1766480436.3163068,0.4559981714299389,0.6096215477102392,0.5426089522196762,0,False,,,,
1766480436.32221,0.4559981714299389,0.6096215477102392,0.5426089522196762,0,False,,,,
1766480436.326711,0.4559981714299389,0.6096215477102392,0.5426089522196762,0,False,,,,
1766480436.3291142,0.4541383115926273,0.6075846406751673,0.4164721515833653,0,False,,,,
1766480436.544586,0.4534911490940122,0.6079410444465332,0.3823026146542596,0,False,,,,
1766480436.550241,0.4534911490940122,0.6079410444465332,0.3823026146542596,0,False,,,,
1766480436.55511,0.4534911490940122,0.6079410444465332,0.3823026146542596,0,False,,,,
1766480436.557693,0.4534911490940122,0.6079410444465332,0.3823026146542596,0,False,,,,
1766480436.5599859,0.4580296123382633,0.7366862103689714,0.7322667241096497,0,False,,,,
1766480436.7101161,0.4530726903079244,0.6081022160411207,0.29732178501770146,0,False,,,,
1766480436.716755,0.4530726903079244,0.6081022160411207,0.29732178501770146,0,False,,,,
1766480436.722521,0.4530726903079244,0.6081022160411207,0.29732178501770146,0,False,,,,
1766480436.725164,0.4530726903079244,0.6081022160411207,0.29732178501770146,0,False,,,,
1766480436.7275279,0.441064202569973,0.5928966177920851,0.3032700706855862,0,False,,,,
1766480436.9100611,0.44308360905925265,0.5934442647828279,0.28204721838679925,0,False,,,,
1766480436.917108,0.44308360905925265,0.5934442647828279,0.28204721838679925,0,False,,,,
1766480436.922664,0.44308360905925265,0.5934442647828279,0.28204721838679925,0,False,,,,
1766480436.925837,0.44308360905925265,0.5934442647828279,0.28204721838679925,0,False,,,,
1766480436.928479,0.44207838276355904,0.5909636097335156,0.36846302318035956,0,False,,,,
1766480437.09571,0.44207838276355904,0.5909636097335156,0.36846302318035956,0,False,,,,
1766480437.1015182,0.44207838276355904,0.5909636097335156,0.36846302318035956,0,False,,,,
1766480437.1041012,0.44207838276355904,0.5909636097335156,0.36846302318035956,0,False,,,,
1766480437.106868,0.44207838276355904,0.5909636097335156,0.36846302318035956,0,False,,,,
1766480437.109199,0.47302415508414003,0.6632698805510105,0.0,0,False,,,,
1766480437.312165,0.47504912271130617,0.6091203010256124,0.20900260967043086,0,False,,,,
1766480437.317494,0.47302415508414003,0.6632698805510105,0.0,0,False,,,,
1766480437.322165,0.47302415508414003,0.6632698805510105,0.0,0,False,,,,
1766480437.325037,0.47302415508414003,0.6632698805510105,0.0,0,False,,,,
1766480437.328039,0.46043049981972795,0.6123573415974483,0.8216252237098665,0,False,,,,
1766480437.52279,0.46043049981972795,0.6123573415974483,0.8216252237098665,0,False,,,,
1766480437.5280588,0.46043049981972795,0.6123573415974483,0.8216252237098665,0,False,,,,
1766480437.53046,0.46043049981972795,0.6123573415974483,0.8216252237098665,0,False,,,,
1766480437.5334458,0.46043049981972795,0.6123573415974483,0.8216252237098665,0,False,,,,
1766480437.5357661,-0.03177129143095305,0.9853215749364962,0.7517050836303326,0,False,,,,
1766480437.788417,-0.03177129143095305,0.9853215749364962,0.7517050836303326,0,False,,,,
1766480437.7945259,-0.03177129143095305,0.9853215749364962,0.7517050836303326,0,False,,,,
1766480437.797099,-0.03177129143095305,0.9853215749364962,0.7517050836303326,0,False,,,,
1766480437.799604,-0.03177129143095305,0.9853215749364962,0.7517050836303326,0,False,,,,
1766480437.804016,0.47302415508414003,0.6632698805510105,0.0,0,False,,,,
1766480437.989387,0.47302415508414003,0.6632698805510105,0.0,0,False,,,,
1766480437.995007,0.47302415508414003,0.6632698805510105,0.0,0,False,,,,
1766480437.997472,0.47302415508414003,0.6632698805510105,0.0,0,False,,,,
1766480438.0000331,0.47302415508414003,0.6632698805510105,0.0,0,False,,,,
1766480438.0030668,0.417735788657155,0.8499145978343562,0.7838675293323863,0,False,,,,
1766480438.216379,0.4352588798066045,0.05260331082439229,0.8377760858172114,0,False,,,,
1766480438.222502,0.4352588798066045,0.05260331082439229,0.8377760858172114,0,False,,,,
1766480438.2285812,0.4352588798066045,0.05260331082439229,0.8377760858172114,0,False,,,,
1766480438.231467,0.4352588798066045,0.05260331082439229,0.8377760858172114,0,False,,,,
1766480438.233782,0.47302415508414003,0.6632698805510105,0.0,0,False,,,,
1766480438.424737,0.47302415508414003,0.6632698805510105,0.0,0,False,,,,
1766480438.429625,0.47302415508414003,0.6632698805510105,0.0,0,False,,,,
1766480438.4319701,0.47302415508414003,0.6632698805510105,0.0,0,False,,,,
1766480438.43398,0.47302415508414003,0.6632698805510105,0.0,0,False,,,,
1766480438.436249,0.47302415508414003,0.6632698805510105,0.0,0,False,,,,
1766480438.586517,1.1537804185965723,0.33687540935185056,0.7794369935307148,0,False,,,,
1766480438.592347,1.1537804185965723,0.33687540935185056,0.7794369935307148,0,False,,,,
1766480438.598505,1.1537804185965723,0.33687540935185056,0.7794369935307148,0,False,,,,
1766480438.601749,1.1537804185965723,0.33687540935185056,0.7794369935307148,0,False,,,,
1766480438.604861,0.4801192403076093,0.7104227704742179,0.4111796873292872,0,False,,,,
1766480438.765677,0.4801192403076093,0.7104227704742179,0.4111796873292872,0,False,,,,
1766480438.77092,0.4801192403076093,0.7104227704742179,0.4111796873292872,0,False,,,,
1766480438.773858,0.4801192403076093,0.7104227704742179,0.4111796873292872,0,False,,,,
1766480438.779304,0.4801192403076093,0.7104227704742179,0.4111796873292872,0,False,,,,
1766480438.7817721,0.48016552889633674,0.5877969235214421,0.39138662984073297,0,False,,,,
1766480438.961652,0.48016552889633674,0.5877969235214421,0.39138662984073297,0,False,,,,
1766480438.9691432,0.48016552889633674,0.5877969235214421,0.39138662984073297,0,False,,,,
1766480438.971946,0.48016552889633674,0.5877969235214421,0.39138662984073297,0,False,,,,
1766480438.9743822,0.48016552889633674,0.5877969235214421,0.39138662984073297,0,False,,,,
1766480438.977,0.47691864246441734,0.7045264447627461,0.2875338844343499,1,False,,,,
1766480439.381119,0.47691864246441734,0.7045264447627461,0.2875338844343499,1,False,,,,
1766480439.3904681,0.4802056911289651,0.6062419452284292,0.30692212748989023,1,False,,,,
1766480439.3936992,0.4802056911289651,0.6062419452284292,0.30692212748989023,1,False,,,,
1766480439.401254,0.4802056911289651,0.6062419452284292,0.30692212748989023,1,False,,,,
1766480439.404136,0.47866380188222213,0.6943743429388635,0.25318048909155505,1,False,,,,
1766480439.6985931,0.47769699079052985,0.6956410181143842,0.2916444724210222,1,False,,,,
1766480439.707393,0.47769699079052985,0.6956410181143842,0.2916444724210222,1,False,,,,
1766480439.710081,0.47769699079052985,0.6956410181143842,0.2916444724210222,1,False,,,,
1766480439.712926,0.47769699079052985,0.6956410181143842,0.2916444724210222,1,False,,,,
1766480439.715403,0.4961110735954417,0.6562282016495582,0.8845025777182458,1,False,,,,
1766480439.9777331,0.4961110735954417,0.6562282016495582,0.8845025777182458,1,False,,,,
1766480439.9851341,0.4961110735954417,0.6562282016495582,0.8845025777182458,1,False,,,,
1766480439.9880562,0.4961110735954417,0.6562282016495582,0.8845025777182458,1,False,,,,
1766480439.990471,0.4961110735954417,0.6562282016495582,0.8845025777182458,1,False,,,,
1766480439.993668,0.16224815580884075,1.3430581538046338,0.7656022310256958,0,False,,,,
1766480440.172373,0.16224815580884075,1.3430581538046338,0.7656022310256958,0,False,,,,
1766480440.179234,0.16224815580884075,1.3430581538046338,0.7656022310256958,0,False,,,,
1766480440.183885,0.16224815580884075,1.3430581538046338,0.7656022310256958,0,False,,,,
1766480440.1864269,0.16224815580884075,1.3430581538046338,0.7656022310256958,0,False,,,,
1766480440.188788,0.44414531120147743,0.6045451756224842,0.2065582986978233,0,False,,,,
1766480440.363799,0.4459780716011091,0.6311285054770028,0.22252875688546583,0,False,,,,
1766480440.371286,0.4459780716011091,0.6311285054770028,0.22252875688546583,0,False,,,,
1766480440.376543,0.4459780716011091,0.6311285054770028,0.22252875688546583,0,False,,,,
1766480440.379169,0.4459780716011091,0.6311285054770028,0.22252875688546583,0,False,,,,
1766480440.381821,-0.16923835120882255,1.234164428023806,0.8410921692848206,0,False,,,,
1766480440.552285,-0.16923835120882255,1.234164428023806,0.8410921692848206,0,False,,,,
1766480440.557229,-0.16923835120882255,1.234164428023806,0.8410921692848206,0,False,,,,
1766480440.559784,-0.16923835120882255,1.234164428023806,0.8410921692848206,0,False,,,,
1766480440.563714,-0.18614172333787976,1.2451119302094154,0.8219777345657349,0,False,,,,
1766480440.56912,2.0330534442879977,-0.46093006062886976,0.8970932066440582,0,False,,,,
1766480440.754781,2.0330534442879977,-0.46093006062886976,0.8970932066440582,0,False,,,,
1766480440.759806,2.0330534442879977,-0.46093006062886976,0.8970932066440582,0,False,,,,
1766480440.7638552,2.007236280618345,-0.44376025025931565,0.8329742252826691,0,False,,,,
1766480440.766451,1.856557484142065,-0.21331148216962337,0.8486950695514679,0,False,,,,
1766480440.768726,1.024320196475256,1.003608384076062,0.8164214491844177,0,False,,,,
1766480440.966841,0.46687778118047224,0.7319863733192288,0.4220619758574686,0,False,,,,
1766480440.973472,0.46687778118047224,0.7319863733192288,0.4220619758574686,0,False,,,,
1766480440.978561,0.46687778118047224,0.7319863733192288,0.4220619758574686,0,False,,,,
1766480440.981204,0.46687778118047224,0.7319863733192288,0.4220619758574686,0,False,,,,
1766480440.983752,1.1063526816388716,0.4503833338464709,0.7912130355834961,0,False,,,,
1766480441.151037,1.1063526816388716,0.4503833338464709,0.7912130355834961,0,False,,,,
1766480441.155581,1.1063526816388716,0.4503833338464709,0.7912130355834961,0,False,,,,
1766480441.158205,1.1063526816388716,0.4503833338464709,0.7912130355834961,0,False,,,,
1766480441.160963,1.1063526816388716,0.4503833338464709,0.7912130355834961,0,False,,,,
1766480441.163947,1.1160468820416163,0.3339354676507268,0.7744303643703461,0,False,,,,
1766480441.3261719,1.1160468820416163,0.3339354676507268,0.7744303643703461,0,False,,,,
1766480441.33301,0.4757053930032883,0.7182034888826839,0.20573697142723593,0,False,,,,
1766480441.336818,0.4757053930032883,0.7182034888826839,0.20573697142723593,0,False,,,,
1766480441.3396459,0.4757053930032883,0.7182034888826839,0.20573697142723593,0,False,,,,
1766480441.346488,0.4805533486636045,0.7144375994303276,0.18822891516104218,1,False,,,,
1766480441.5773351,0.4805533486636045,0.7144375994303276,0.18822891516104218,1,False,,,,
1766480441.585491,0.4805533486636045,0.7144375994303276,0.18822891516104218,1,False,,,,
1766480441.588001,0.4805533486636045,0.7144375994303276,0.18822891516104218,1,False,,,,
1766480441.5932102,0.4805533486636045,0.7144375994303276,0.18822891516104218,1,False,,,,
1766480441.596491,0.43784550674589007,0.6113104562254298,0.2413621392072961,1,False,,,,
1766480441.946403,0.43784550674589007,0.6113104562254298,0.2413621392072961,1,False,,,,
1766480441.953047,0.43784550674589007,0.6113104562254298,0.2413621392072961,1,False,,,,
1766480441.955893,0.43784550674589007,0.6113104562254298,0.2413621392072961,1,False,,,,
1766480441.958416,0.43784550674589007,0.6113104562254298,0.2413621392072961,1,False,,,,
1766480441.9608269,0.4657872762271367,0.7246313151900204,0.7349432706832886,0,False,,,,
1766480442.139858,0.45184957191264685,0.6112869401932527,0.7690777295601628,0,False,,,,
1766480442.157082,0.45184957191264685,0.6112869401932527,0.7690777295601628,0,False,,,,
1766480442.16276,0.45184957191264685,0.6112869401932527,0.7690777295601628,0,False,,,,
1766480442.165592,0.45184957191264685,0.6112869401932527,0.7690777295601628,0,False,,,,
1766480442.168127,0.44381410651762626,0.592695324057378,0.22782169002922928,0,False,,,,
1766480442.345567,0.4735180531526154,0.7184310989889765,0.18225518127131993,0,False,,,,
1766480442.3534982,0.4735180531526154,0.7184310989889765,0.18225518127131993,0,False,,,,
1766480442.35626,0.4735180531526154,0.7184310989889765,0.18225518127131993,0,False,,,,
1766480442.358751,0.4735180531526154,0.7184310989889765,0.18225518127131993,0,False,,,,
1766480442.361185,0.4384792118570256,0.6128708775406662,0.21236718334972196,0,False,,,,
1766480442.518326,0.4384792118570256,0.6128708775406662,0.21236718334972196,0,False,,,,
1766480442.524072,0.4384792118570256,0.6128708775406662,0.21236718334972196,0,False,,,,
1766480442.526945,0.4384792118570256,0.6128708775406662,0.21236718334972196,0,False,,,,
1766480442.529372,0.4384792118570256,0.6128708775406662,0.21236718334972196,0,False,,,,
1766480442.531884,0.4531921587580296,0.6144707056026995,0.7109258770942688,0,False,,,,
1766480442.719357,0.4531921587580296,0.6144707056026995,0.7109258770942688,0,False,,,,
1766480442.7254348,0.4531921587580296,0.6144707056026995,0.7109258770942688,0,False,,,,
1766480442.730803,0.4531921587580296,0.6144707056026995,0.7109258770942688,0,False,,,,
1766480442.7335,0.4531921587580296,0.6144707056026995,0.7109258770942688,0,False,,,,
1766480442.7358599,0.4445930390784659,0.5953850469124247,0.16430100179163484,1,False,,,,
1766480443.4002612,0.4445930390784659,0.5953850469124247,0.16430100179163484,1,False,,,,
1766480443.406682,0.4445930390784659,0.5953850469124247,0.16430100179163484,1,False,,,,
1766480443.409436,0.4445930390784659,0.5953850469124247,0.16430100179163484,1,False,,,,
1766480443.41286,0.4435560042309879,0.5954668868137056,0.1791630180175246,1,False,,,,
1766480443.415551,0.44442180267023385,0.5992242812819374,0.19717217236662019,1,False,,,,
1766480443.722146,0.44442180267023385,0.5992242812819374,0.19717217236662019,1,False,,,,
1766480443.7285461,0.44442180267023385,0.5992242812819374,0.19717217236662019,1,False,,,,
1766480443.73177,0.44442180267023385,0.5992242812819374,0.19717217236662019,1,False,,,,
1766480443.734196,0.44442180267023385,0.5992242812819374,0.19717217236662019,1,False,,,,
1766480443.7395232,0.47303362746039196,0.6633162463917787,0.0,1,False,,,,
1766480444.341881,0.47303362746039196,0.6633162463917787,0.0,1,False,,,,
1766480444.350828,0.47303362746039196,0.6633162463917787,0.0,1,False,,,,
1766480444.353701,0.47303362746039196,0.6633162463917787,0.0,1,False,,,,
1766480444.360778,0.47303362746039196,0.6633162463917787,0.0,1,False,,,,
1766480444.363904,0.4368290720122777,0.5901780775761809,0.08169317264294647,2,False,,,,
1766480444.917131,0.4368290720122777,0.5901780775761809,0.08169317264294647,2,False,,,,
1766480444.924941,0.47303362746039196,0.6633162463917787,0.0,2,False,,,,
1766480444.929628,0.47303362746039196,0.6633162463917787,0.0,2,False,,,,
1766480444.936094,0.47303362746039196,0.6633162463917787,0.0,2,False,,,,
1766480444.938993,0.4368336991524708,0.5913205760337139,0.08583837952232799,2,False,,,,
1766480445.198947,0.4368336991524708,0.5913205760337139,0.08583837952232799,2,False,,,,
1766480445.204551,0.4368336991524708,0.5913205760337139,0.08583837952232799,2,False,,,,
1766480445.207237,0.4368336991524708,0.5913205760337139,0.08583837952232799,2,False,,,,
1766480445.2096891,0.4368336991524708,0.5913205760337139,0.08583837952232799,2,False,,,,
1766480445.2124329,0.47303362746039196,0.6633162463917787,0.0,2,False,,,,
1766480445.5546129,0.47303362746039196,0.6633162463917787,0.0,2,False,,,,
1766480445.563305,0.43331009512104546,0.5637423024909876,0.00828407155104047,2,False,,,,
1766480445.5710342,0.43331009512104546,0.5637423024909876,0.00828407155104047,2,False,,,,
1766480445.573864,0.43331009512104546,0.5637423024909876,0.00828407155104047,2,False,,,,
1766480445.576513,0.4369779979122844,0.5925620119530405,0.08982703128826776,1,False,,,,
1766480445.804398,0.4369779979122844,0.5925620119530405,0.08982703128826776,1,False,,,,
1766480445.810783,0.4369779979122844,0.5925620119530405,0.08982703128826776,1,False,,,,
1766480445.813632,0.4369779979122844,0.5925620119530405,0.08982703128826776,1,False,,,,
1766480445.81917,0.4369779979122844,0.5925620119530405,0.08982703128826776,1,False,,,,
1766480445.822198,1.1055722997223936,0.4344656648805121,0.8050909252768939,2,False,,,,
1766480446.204022,1.1055722997223936,0.4344656648805121,0.8050909252768939,2,False,,,,
1766480446.210708,1.1055722997223936,0.4344656648805121,0.8050909252768939,2,False,,,,
1766480446.213462,1.1055722997223936,0.4344656648805121,0.8050909252768939,2,False,,,,
1766480446.2162051,1.1055722997223936,0.4344656648805121,0.8050909252768939,2,False,,,,
1766480446.218753,1.0131411515706743,1.3734549411982058,0.7888181377278977,1,False,,,,
1766480446.4408588,1.0131411515706743,1.3734549411982058,0.7888181377278977,1,False,,,,
1766480446.447711,1.0131411515706743,1.3734549411982058,0.7888181377278977,1,False,,,,
1766480446.451092,1.0131411515706743,1.3734549411982058,0.7888181377278977,1,False,,,,
1766480446.454158,1.0131411515706743,1.3734549411982058,0.7888181377278977,1,False,,,,
1766480446.456864,0.4352298259497632,0.5851507169692872,0.02928876324183497,1,False,,,,
1766480446.763607,0.4730348991958754,0.6633716832547276,0.0,1,False,,,,
1766480446.771016,0.4730348991958754,0.6633716832547276,0.0,1,False,,,,
1766480446.777496,0.4730348991958754,0.6633716832547276,0.0,1,False,,,,
1766480446.7803571,0.4730348991958754,0.6633716832547276,0.0,1,False,,,,
1766480446.783089,0.4339539430605198,0.5841589854317414,0.04743443468272245,1,False,,,,
1766480447.046189,0.4339539430605198,0.5841589854317414,0.04743443468272245,1,False,,,,
1766480447.052782,0.4339539430605198,0.5841589854317414,0.04743443468272245,1,False,,,,
1766480447.056301,0.4339539430605198,0.5841589854317414,0.04743443468272245,1,False,,,,
1766480447.0589921,0.4339539430605198,0.5841589854317414,0.04743443468272245,1,False,,,,
1766480447.06286,0.4532696600333373,0.5670667016509316,0.24772843517219156,1,True,0.4530816078186035,0.3886643350124359,0.09087924659252167,0.19138675928115845
1766480447.3674922,0.4730348991958754,0.6633716832547276,0.0,1,False,,,,
1766480447.3756769,0.4730348991958754,0.6633716832547276,0.0,1,False,,,,
1766480447.381265,0.4730348991958754,0.6633716832547276,0.0,1,False,,,,
1766480447.383878,0.4730348991958754,0.6633716832547276,0.0,1,False,,,,
1766480447.386938,0.4503963810001236,0.5766049976119106,0.8934645056724548,1,True,0.4330640733242035,0.4090707004070282,0.08858823776245117,0.19407378137111664
1766480447.658591,0.4503963810001236,0.5766049976119106,0.8934645056724548,1,True,0.4330640733242035,0.4090707004070282,0.08858823776245117,0.19407378137111664
1766480447.6651578,0.4503963810001236,0.5766049976119106,0.8934645056724548,1,True,0.4330640733242035,0.4090707004070282,0.08858823776245117,0.19407378137111664
1766480447.668682,0.4633180147413302,0.5837339298282278,0.2187186070616879,1,True,0.4330640733242035,0.4090707004070282,0.08858823776245117,0.19407378137111664
1766480447.671653,0.4633180147413302,0.5837339298282278,0.2187186070616879,1,True,0.4330640733242035,0.4090707004070282,0.08858823776245117,0.19407378137111664
1766480447.674714,0.46181290852354584,0.584855535995364,0.21326018235880162,1,True,0.42550212144851685,0.41074079275131226,0.09097214043140411,0.19348470866680145
1766480448.002753,0.4730348991958754,0.6633716832547276,0.0,1,False,,,,
1766480448.0098739,0.4730348991958754,0.6633716832547276,0.0,1,False,,,,
1766480448.016574,0.4730348991958754,0.6633716832547276,0.0,1,False,,,,
1766480448.0194612,0.4730348991958754,0.6633716832547276,0.0,1,False,,,,
1766480448.0245519,0.4730348991958754,0.6633716832547276,0.0,1,False,,,,
1766480448.2700732,0.4730348991958754,0.6633716832547276,0.0,1,False,,,,
1766480448.2778308,0.4730348991958754,0.6633716832547276,0.0,1,False,,,,
1766480448.284405,0.4730348991958754,0.6633716832547276,0.0,1,False,,,,
1766480448.287571,0.4730348991958754,0.6633716832547276,0.0,1,False,,,,
1766480448.2905788,0.4496055240925698,0.570947427939186,0.25599067055654,1,True,0.41557908058166504,0.437745064496994,0.08778104931116104,0.18201209604740143
1766480448.54443,0.4496055240925698,0.570947427939186,0.25599067055654,1,True,0.41557908058166504,0.437745064496994,0.08778104931116104,0.18201209604740143
1766480448.551878,0.4496055240925698,0.570947427939186,0.25599067055654,1,True,0.41557908058166504,0.437745064496994,0.08778104931116104,0.18201209604740143
1766480448.554894,0.4496055240925698,0.570947427939186,0.25599067055654,1,True,0.41557908058166504,0.437745064496994,0.08778104931116104,0.18201209604740143
1766480448.557434,0.4496055240925698,0.570947427939186,0.25599067055654,1,True,0.41557908058166504,0.437745064496994,0.08778104931116104,0.18201209604740143
1766480448.560174,0.4586736922969954,0.5840305865538654,0.10003719312440333,1,True,0.4132777154445648,0.4449424743652344,0.08458928763866425,0.18419307470321655
1766480448.7840981,0.4586736922969954,0.5840305865538654,0.10003719312440333,1,True,0.4132777154445648,0.4449424743652344,0.08458928763866425,0.18419307470321655
1766480448.7898932,0.4586736922969954,0.5840305865538654,0.10003719312440333,1,True,0.4132777154445648,0.4449424743652344,0.08458928763866425,0.18419307470321655
1766480448.792432,0.4586736922969954,0.5840305865538654,0.10003719312440333,1,True,0.4132777154445648,0.4449424743652344,0.08458928763866425,0.18419307470321655
1766480448.7948859,0.4586736922969954,0.5840305865538654,0.10003719312440333,1,True,0.4132777154445648,0.4449424743652344,0.08458928763866425,0.18419307470321655
1766480448.7977479,0.45072003560677387,0.5666022177913607,0.2508767830282579,1,True,0.40716391801834106,0.48271316289901733,0.08888034522533417,0.18874715268611908
1766480449.094246,0.45072003560677387,0.5666022177913607,0.2508767830282579,1,True,0.40716391801834106,0.48271316289901733,0.08888034522533417,0.18874715268611908
1766480449.1011012,0.45072003560677387,0.5666022177913607,0.2508767830282579,1,True,0.40716391801834106,0.48271316289901733,0.08888034522533417,0.18874715268611908
1766480449.104641,0.45072003560677387,0.5666022177913607,0.2508767830282579,1,True,0.40716391801834106,0.48271316289901733,0.08888034522533417,0.18874715268611908
1766480449.107659,0.4730348991958754,0.6633716832547276,0.0,1,True,0.40716391801834106,0.48271316289901733,0.08888034522533417,0.18874715268611908
1766480449.110838,0.4730348991958754,0.6633716832547276,0.0,1,True,0.40225833654403687,0.5092539191246033,0.08989687263965607,0.19136522710323334
1766480449.390965,0.4730348991958754,0.6633716832547276,0.0,1,True,0.40225833654403687,0.5092539191246033,0.08989687263965607,0.19136522710323334
1766480449.397405,0.4730348991958754,0.6633716832547276,0.0,1,True,0.40225833654403687,0.5092539191246033,0.08989687263965607,0.19136522710323334
1766480449.400893,0.4730348991958754,0.6633716832547276,0.0,1,True,0.40225833654403687,0.5092539191246033,0.08989687263965607,0.19136522710323334
1766480449.406674,0.4730348991958754,0.6633716832547276,0.0,1,True,0.40225833654403687,0.5092539191246033,0.08989687263965607,0.19136522710323334
1766480449.4095,0.45130407053258476,0.5637696005508844,0.25791656079001335,1,True,0.41286975145339966,0.5065135359764099,0.08706722408533096,0.19417503476142883
1766480449.654491,0.45130407053258476,0.5637696005508844,0.25791656079001335,1,True,0.41286975145339966,0.5065135359764099,0.08706722408533096,0.19417503476142883
1766480449.66165,0.45130407053258476,0.5637696005508844,0.25791656079001335,1,True,0.41286975145339966,0.5065135359764099,0.08706722408533096,0.19417503476142883
1766480449.664583,0.45130407053258476,0.5637696005508844,0.25791656079001335,1,True,0.41286975145339966,0.5065135359764099,0.08706722408533096,0.19417503476142883
1766480449.667132,0.45130407053258476,0.5637696005508844,0.25791656079001335,1,True,0.41286975145339966,0.5065135359764099,0.08706722408533096,0.19417503476142883
1766480449.6700459,0.4730348991958754,0.6633716832547276,0.0,1,True,0.4132193922996521,0.5058383345603943,0.0870724692940712,0.1806323528289795
1766480450.002632,0.4730348991958754,0.6633716832547276,0.0,1,True,0.4132193922996521,0.5058383345603943,0.0870724692940712,0.1806323528289795
1766480450.0091991,0.4730348991958754,0.6633716832547276,0.0,1,True,0.4132193922996521,0.5058383345603943,0.0870724692940712,0.1806323528289795
1766480450.013102,0.447227019339303,0.5785574505866604,0.7776979804039001,1,True,0.4132193922996521,0.5058383345603943,0.0870724692940712,0.1806323528289795
1766480450.017181,0.447227019339303,0.5785574505866604,0.7776979804039001,1,True,0.4132193922996521,0.5058383345603943,0.0870724692940712,0.1806323528289795
1766480450.020779,0.44951092847344876,0.5629607895132752,0.28783094917726737,1,True,0.4050225615501404,0.4958350360393524,0.08528175204992294,0.17418654263019562
1766480450.600426,0.44951092847344876,0.5629607895132752,0.28783094917726737,1,True,0.4050225615501404,0.4958350360393524,0.08528175204992294,0.17418654263019562
1766480450.607158,0.44951092847344876,0.5629607895132752,0.28783094917726737,1,True,0.4050225615501404,0.4958350360393524,0.08528175204992294,0.17418654263019562
1766480450.610098,0.44951092847344876,0.5629607895132752,0.28783094917726737,1,True,0.4050225615501404,0.4958350360393524,0.08528175204992294,0.17418654263019562
1766480450.613081,0.44951092847344876,0.5629607895132752,0.28783094917726737,1,True,0.4050225615501404,0.4958350360393524,0.08528175204992294,0.17418654263019562
1766480450.6164072,0.4493147876645736,0.5625116529257039,0.27167721504777426,1,True,0.40601032972335815,0.4881288707256317,0.08818922191858292,0.18489545583724976
1766480451.016521,0.4730348991958754,0.6633716832547276,0.0,1,True,0.40601032972335815,0.4881288707256317,0.08818922191858292,0.18489545583724976
1766480451.024443,0.4730348991958754,0.6633716832547276,0.0,1,True,0.40601032972335815,0.4881288707256317,0.08818922191858292,0.18489545583724976
1766480451.030852,0.4730348991958754,0.6633716832547276,0.0,1,True,0.40601032972335815,0.4881288707256317,0.08818922191858292,0.18489545583724976
1766480451.034019,0.4730348991958754,0.6633716832547276,0.0,1,True,0.40601032972335815,0.4881288707256317,0.08818922191858292,0.18489545583724976
1766480451.0368981,0.4481409940822281,0.5776539033227229,0.7436394980432086,1,True,0.40337127447128296,0.4796253740787506,0.09000740200281143,0.1887863129377365
1766480451.366446,0.4481409940822281,0.5776539033227229,0.7436394980432086,1,True,0.40337127447128296,0.4796253740787506,0.09000740200281143,0.1887863129377365
1766480451.372726,0.4481409940822281,0.5776539033227229,0.7436394980432086,1,True,0.40337127447128296,0.4796253740787506,0.09000740200281143,0.1887863129377365
1766480451.3783119,0.4481409940822281,0.5776539033227229,0.7436394980432086,1,True,0.40337127447128296,0.4796253740787506,0.09000740200281143,0.1887863129377365
1766480451.3808892,0.4481409940822281,0.5776539033227229,0.7436394980432086,1,True,0.40337127447128296,0.4796253740787506,0.09000740200281143,0.1887863129377365
1766480451.383771,0.4508736682180997,0.5619722746135228,0.2616621362412083,1,True,0.40081629157066345,0.47735267877578735,0.09260483086109161,0.1868140697479248
1766480451.606574,0.4508736682180997,0.5619722746135228,0.2616621362412083,1,True,0.40081629157066345,0.47735267877578735,0.09260483086109161,0.1868140697479248
1766480451.6131399,0.4508736682180997,0.5619722746135228,0.2616621362412083,1,True,0.40081629157066345,0.47735267877578735,0.09260483086109161,0.1868140697479248
1766480451.616443,0.4508736682180997,0.5619722746135228,0.2616621362412083,1,True,0.40081629157066345,0.47735267877578735,0.09260483086109161,0.1868140697479248
1766480451.619385,0.45088415064369763,0.5618331497008844,0.27316368249322487,1,True,0.40081629157066345,0.47735267877578735,0.09260483086109161,0.1868140697479248
1766480451.623245,0.4504218705197204,0.5627300627805577,0.2593617213219373,1,True,0.3953857719898224,0.4717402160167694,0.09266741573810577,0.18849386274814606
1766480451.873106,0.4504218705197204,0.5627300627805577,0.2593617213219373,1,True,0.3953857719898224,0.4717402160167694,0.09266741573810577,0.18849386274814606
1766480451.879808,0.4504218705197204,0.5627300627805577,0.2593617213219373,1,True,0.3953857719898224,0.4717402160167694,0.09266741573810577,0.18849386274814606
1766480451.8827572,0.4504218705197204,0.5627300627805577,0.2593617213219373,1,True,0.3953857719898224,0.4717402160167694,0.09266741573810577,0.18849386274814606
1766480451.885592,0.4504218705197204,0.5627300627805577,0.2593617213219373,1,True,0.3953857719898224,0.4717402160167694,0.09266741573810577,0.18849386274814606
1766480451.891467,0.45027011001431605,0.56129296532992,0.2524332491525805,1,True,0.39218348264694214,0.46943846344947815,0.091680146753788,0.1906106323003769
1766480452.127747,0.4505201888645528,0.5603988696122777,0.26266688290390855,1,True,0.39218348264694214,0.46943846344947815,0.091680146753788,0.1906106323003769
1766480452.135129,0.4505201888645528,0.5603988696122777,0.26266688290390855,1,True,0.39218348264694214,0.46943846344947815,0.091680146753788,0.1906106323003769
1766480452.1414442,0.4505201888645528,0.5603988696122777,0.26266688290390855,1,True,0.39218348264694214,0.46943846344947815,0.091680146753788,0.1906106323003769
1766480452.14447,0.4505201888645528,0.5603988696122777,0.26266688290390855,1,True,0.39218348264694214,0.46943846344947815,0.091680146753788,0.1906106323003769
1766480452.147365,0.45087816009606385,0.5593622474988545,0.24152944969790588,1,True,0.38762181997299194,0.4512833058834076,0.08987157046794891,0.19492454826831818
1766480452.565229,0.45058030052764114,0.5587310897823603,0.21987036877660182,1,True,0.38762181997299194,0.4512833058834076,0.08987157046794891,0.19492454826831818
1766480452.572727,0.45058030052764114,0.5587310897823603,0.21987036877660182,1,True,0.38762181997299194,0.4512833058834076,0.08987157046794891,0.19492454826831818
1766480452.578957,0.45058030052764114,0.5587310897823603,0.21987036877660182,1,True,0.38762181997299194,0.4512833058834076,0.08987157046794891,0.19492454826831818
1766480452.5820868,0.45058030052764114,0.5587310897823603,0.21987036877660182,1,True,0.38762181997299194,0.4512833058834076,0.08987157046794891,0.19492454826831818
1766480452.585061,0.4800238838669853,0.6757965071779454,0.06171421700643896,1,False,,,,
1766480452.814944,0.4800238838669853,0.6757965071779454,0.06171421700643896,1,False,,,,
1766480452.820385,0.4800238838669853,0.6757965071779454,0.06171421700643896,1,False,,,,
1766480452.823489,0.4800238838669853,0.6757965071779454,0.06171421700643896,1,False,,,,
1766480452.826399,0.4800238838669853,0.6757965071779454,0.06171421700643896,1,False,,,,
1766480452.829568,0.4730017147544866,0.6633680246656435,0.0,1,False,,,,
1766480453.1379972,0.4730017147544866,0.6633680246656435,0.0,1,False,,,,
1766480453.1447942,0.4730017147544866,0.6633680246656435,0.0,1,False,,,,
1766480453.1478589,0.4730017147544866,0.6633680246656435,0.0,1,False,,,,
1766480453.150796,0.4730017147544866,0.6633680246656435,0.0,1,False,,,,
1766480453.1534111,0.4841322398651256,0.6264933198140384,0.0,1,False,,,,
1766480453.405013,0.4841322398651256,0.6264933198140384,0.0,1,False,,,,
1766480453.412409,0.4841322398651256,0.6264933198140384,0.0,1,False,,,,
1766480453.41556,0.4841322398651256,0.6264933198140384,0.0,1,False,,,,
1766480453.420728,0.4841322398651256,0.6264933198140384,0.0,1,False,,,,
1766480453.423449,0.4730017147544866,0.6633680246656435,0.0,1,False,,,,
1766480453.6576939,0.4730017147544866,0.6633680246656435,0.0,1,False,,,,
1766480453.6649668,0.4714758187108818,0.6473306168943912,0.16982595410785492,1,False,,,,
1766480453.668278,0.4714758187108818,0.6473306168943912,0.16982595410785492,1,False,,,,
1766480453.671865,0.4714758187108818,0.6473306168943912,0.16982595410785492,1,False,,,,
1766480453.678273,0.4734863018232066,0.6325754483343586,0.3165166540247558,2,False,,,,
1766480454.011431,0.4734863018232066,0.6325754483343586,0.3165166540247558,2,False,,,,
1766480454.017974,0.4734863018232066,0.6325754483343586,0.3165166540247558,2,False,,,,
1766480454.02069,0.4734863018232066,0.6325754483343586,0.3165166540247558,2,False,,,,
1766480454.023062,0.4734863018232066,0.6325754483343586,0.3165166540247558,2,False,,,,
1766480454.025634,0.4732484557516651,0.6348988296515735,0.2885855347662682,1,False,,,,
1766480454.255641,0.4732484557516651,0.6348988296515735,0.2885855347662682,1,False,,,,
1766480454.262461,0.4732484557516651,0.6348988296515735,0.2885855347662682,1,False,,,,
1766480454.265252,0.4732484557516651,0.6348988296515735,0.2885855347662682,1,False,,,,
1766480454.2682219,0.47297532947536747,0.6634154558580224,0.0,1,False,,,,
1766480454.27137,0.48162795882192133,0.6411696004062469,0.178186398825899,1,False,,,,
1766480454.50224,0.48162795882192133,0.6411696004062469,0.178186398825899,1,False,,,,
1766480454.509481,0.4819828843929278,0.6448855135227506,0.14898599442937824,1,False,,,,
1766480454.516159,0.4819828843929278,0.6448855135227506,0.14898599442937824,1,False,,,,
1766480454.519391,0.4819828843929278,0.6448855135227506,0.14898599442937824,1,False,,,,
1766480454.5220969,0.48840024119143965,0.6435419430256508,0.24655806142805053,1,False,,,,
1766480454.848319,0.48840024119143965,0.6435419430256508,0.24655806142805053,1,False,,,,
1766480454.855395,0.48840024119143965,0.6435419430256508,0.24655806142805053,1,False,,,,
1766480454.8608372,0.48840024119143965,0.6435419430256508,0.24655806142805053,1,False,,,,
1766480454.863512,0.48840024119143965,0.6435419430256508,0.24655806142805053,1,False,,,,
1766480454.866179,0.4833069454483917,0.6363818939960298,0.030316129373468975,1,False,,,,
1766480455.1409988,0.47297532947536747,0.6634154558580224,0.0,1,False,,,,
1766480455.147702,0.47297532947536747,0.6634154558580224,0.0,1,False,,,,
1766480455.1545029,0.47297532947536747,0.6634154558580224,0.0,1,False,,,,
1766480455.157422,0.47297532947536747,0.6634154558580224,0.0,1,False,,,,
1766480455.160276,0.47297532947536747,0.6634154558580224,0.0,1,False,,,,
1766480455.4319448,0.47297532947536747,0.6634154558580224,0.0,1,False,,,,
1766480455.438137,0.47297532947536747,0.6634154558580224,0.0,1,False,,,,
1766480455.441352,0.47297532947536747,0.6634154558580224,0.0,1,False,,,,
1766480455.444215,0.47297532947536747,0.6634154558580224,0.0,1,False,,,,
1766480455.4501839,0.4895629368216937,0.6423758821929646,0.03560083369724614,1,False,,,,
1766480455.833706,0.4895629368216937,0.6423758821929646,0.03560083369724614,1,False,,,,
1766480455.840192,0.4895629368216937,0.6423758821929646,0.03560083369724614,1,False,,,,
1766480455.8433468,0.48971114702546786,0.6473658361893389,0.09050026402046453,1,False,,,,
1766480455.846594,0.4887918326547389,0.6463837665980908,0.08398415413321794,1,False,,,,
1766480455.849378,0.4729460507988807,0.663461305843492,0.0,1,False,,,,
1766480456.068099,0.4729460507988807,0.663461305843492,0.0,1,False,,,,
1766480456.074413,0.4841388641879628,0.6264867971636598,0.0,1,False,,,,
1766480456.0781949,0.4729460507988807,0.663461305843492,0.0,1,False,,,,
1766480456.081296,0.4729460507988807,0.663461305843492,0.0,1,False,,,,
1766480456.088189,0.4880805847891557,0.648915579221516,0.06790242553566536,1,False,,,,
1766480456.3113348,0.4897843300857912,0.6517761004031593,0.13791992159131555,1,False,,,,
1766480456.317688,0.4890012157417109,0.6420806857535937,0.015706877899261385,1,False,,,,
1766480456.321661,0.4890012157417109,0.6420806857535937,0.015706877899261385,1,False,,,,
1766480456.3276448,0.4890012157417109,0.6420806857535937,0.015706877899261385,1,False,,,,
1766480456.330457,0.4872428717605171,0.5815393567177367,0.28341127719662657,1,False,,,,
1766480456.6437812,0.4872428717605171,0.5815393567177367,0.28341127719662657,1,False,,,,
1766480456.65111,0.4850565761290809,0.5804668160088449,0.15975758079755067,1,False,,,,
1766480456.6542258,0.4850565761290809,0.5804668160088449,0.15975758079755067,1,False,,,,
1766480456.661269,0.4850565761290809,0.5804668160088449,0.15975758079755067,1,False,,,,
1766480456.664445,0.4848715759080792,0.5763246326987563,0.2751157748579051,1,False,,,,
1766480456.885963,0.482170181831677,0.577671705563842,0.22849969507736037,1,False,,,,
1766480456.893076,0.482170181831677,0.577671705563842,0.22849969507736037,1,False,,,,
1766480456.899752,0.482170181831677,0.577671705563842,0.22849969507736037,1,False,,,,
1766480456.905222,0.482170181831677,0.577671705563842,0.22849969507736037,1,False,,,,
1766480456.908254,0.48462409084958935,0.576305099180257,0.0849398770272727,1,False,,,,
1766480457.132792,0.48462409084958935,0.576305099180257,0.0849398770272727,1,False,,,,
1766480457.1391811,0.48462409084958935,0.576305099180257,0.0849398770272727,1,False,,,,
1766480457.142475,0.48462409084958935,0.576305099180257,0.0849398770272727,1,False,,,,
1766480457.1455941,0.48462409084958935,0.576305099180257,0.0849398770272727,1,False,,,,
1766480457.1492429,0.4729460507988807,0.663461305843492,0.0,1,False,,,,
1766480457.364178,0.4729460507988807,0.663461305843492,0.0,1,False,,,,
1766480457.371277,0.4729460507988807,0.663461305843492,0.0,1,False,,,,
1766480457.374403,0.4729460507988807,0.663461305843492,0.0,1,False,,,,
1766480457.377125,0.4729460507988807,0.663461305843492,0.0,1,False,,,,
1766480457.3799958,0.483685217756254,0.5737645900907522,0.1690606875730827,1,False,,,,
1766480457.600505,0.483685217756254,0.5737645900907522,0.1690606875730827,1,False,,,,
1766480457.606931,0.483685217756254,0.5737645900907522,0.1690606875730827,1,False,,,,
1766480457.610263,0.483685217756254,0.5737645900907522,0.1690606875730827,1,False,,,,
1766480457.613187,0.483685217756254,0.5737645900907522,0.1690606875730827,1,False,,,,
1766480457.615691,0.4729460507988807,0.663461305843492,0.0,1,False,,,,
1766480457.856478,0.4729460507988807,0.663461305843492,0.0,1,False,,,,
1766480457.8642821,0.4729460507988807,0.663461305843492,0.0,1,False,,,,
1766480457.870813,0.4729460507988807,0.663461305843492,0.0,1,False,,,,
1766480457.87393,0.4729460507988807,0.663461305843492,0.0,1,False,,,,
1766480457.876727,0.4771375610967839,0.5672846096497876,0.0376408497345463,1,False,,,,
1766480458.186699,0.4875315778441712,0.5773025855960111,0.06843683087630582,1,False,,,,
1766480458.195338,0.4683269203626404,0.7210606716567791,0.7747635124844042,1,False,,,,
1766480458.201532,0.4683269203626404,0.7210606716567791,0.7747635124844042,1,False,,,,
1766480458.204585,0.4683269203626404,0.7210606716567791,0.7747635124844042,1,False,,,,
1766480458.2073631,0.4821111923006101,0.5722555719668302,0.1870162035053594,1,True,0.4083036482334137,0.39722341299057007,0.0972684845328331,0.20748986303806305
1766480458.503712,0.4821111923006101,0.5722555719668302,0.1870162035053594,1,True,0.4083036482334137,0.39722341299057007,0.0972684845328331,0.20748986303806305
1766480458.510314,0.4821111923006101,0.5722555719668302,0.1870162035053594,1,True,0.4083036482334137,0.39722341299057007,0.0972684845328331,0.20748986303806305
1766480458.5137,0.4821111923006101,0.5722555719668302,0.1870162035053594,1,True,0.4083036482334137,0.39722341299057007,0.0972684845328331,0.20748986303806305
1766480458.5166562,0.4821111923006101,0.5722555719668302,0.1870162035053594,1,True,0.4083036482334137,0.39722341299057007,0.0972684845328331,0.20748986303806305
1766480458.5191731,0.47294767459692205,0.663438994620244,0.0,1,False,,,,
1766480458.765763,0.47407482945402857,0.5935017917997127,0.710502564907074,1,True,0.41589897871017456,0.41898494958877563,0.09838857501745224,0.21151092648506165
1766480458.7726872,0.47407482945402857,0.5935017917997127,0.710502564907074,1,True,0.41589897871017456,0.41898494958877563,0.09838857501745224,0.21151092648506165
1766480458.77896,0.47407482945402857,0.5935017917997127,0.710502564907074,1,True,0.41589897871017456,0.41898494958877563,0.09838857501745224,0.21151092648506165
1766480458.782165,0.47407482945402857,0.5935017917997127,0.710502564907074,1,True,0.41589897871017456,0.41898494958877563,0.09838857501745224,0.21151092648506165
1766480458.7875772,0.4575359793905462,0.5898608013484508,0.8202977180480957,1,True,0.42381229996681213,0.40514233708381653,0.10033178329467773,0.21393835544586182
1766480459.083725,0.4575359793905462,0.5898608013484508,0.8202977180480957,1,True,0.42381229996681213,0.40514233708381653,0.10033178329467773,0.21393835544586182
1766480459.0907252,0.4575359793905462,0.5898608013484508,0.8202977180480957,1,True,0.42381229996681213,0.40514233708381653,0.10033178329467773,0.21393835544586182
1766480459.094933,-2.3427349242515914,2.746687296846345,0.8413866839055131,1,False,,,,
1766480459.0982609,-2.3427349242515914,2.746687296846345,0.8413866839055131,1,False,,,,
1766480459.101281,0.47294767459692205,0.663438994620244,0.0,1,False,,,,
1766480459.379593,0.47294767459692205,0.663438994620244,0.0,1,False,,,,
1766480459.386546,0.47294767459692205,0.663438994620244,0.0,1,False,,,,
1766480459.389947,0.47294767459692205,0.663438994620244,0.0,1,False,,,,
1766480459.392742,0.47294767459692205,0.663438994620244,0.0,1,False,,,,
1766480459.396551,0.4841351878342276,0.6264049344634945,0.0,1,False,,,,
1766480459.68979,0.4841351878342276,0.6264049344634945,0.0,1,False,,,,
1766480459.695502,0.4841351878342276,0.6264049344634945,0.0,1,False,,,,
1766480459.698584,0.4841351878342276,0.6264049344634945,0.0,1,False,,,,
1766480459.702235,0.4841351878342276,0.6264049344634945,0.0,1,False,,,,
1766480459.7087219,0.4778539055210631,0.6993777239632603,0.41000486511043566,1,False,,,,
1766480459.958623,0.4778539055210631,0.6993777239632603,0.41000486511043566,1,False,,,,
1766480459.965665,0.47637549702334436,0.6985181506537569,0.5941259361142756,1,False,,,,
1766480459.969266,0.47637549702334436,0.6985181506537569,0.5941259361142756,1,False,,,,
1766480459.975869,0.47637549702334436,0.6985181506537569,0.5941259361142756,1,False,,,,
1766480459.9790552,0.48270204523210625,0.7183207137730511,0.7052246332168579,1,False,,,,
1766480460.211484,0.48270204523210625,0.7183207137730511,0.7052246332168579,1,False,,,,
1766480460.218264,0.48270204523210625,0.7183207137730511,0.7052246332168579,1,False,,,,
1766480460.2214148,0.48270204523210625,0.7183207137730511,0.7052246332168579,1,False,,,,
1766480460.2274299,0.48270204523210625,0.7183207137730511,0.7052246332168579,1,False,,,,
1766480460.23022,0.4841351878342276,0.6264049344634945,0.0,1,True,0.42458397150039673,0.4184788465499878,0.09439554065465927,0.19829241931438446
1766480460.502879,0.47869070530577507,0.6768376624740292,0.9011382301954963,1,False,,,,
1766480460.5111191,0.47869070530577507,0.6768376624740292,0.9011382301954963,1,False,,,,
1766480460.5176818,0.47869070530577507,0.6768376624740292,0.9011382301954963,1,False,,,,
1766480460.520753,0.47869070530577507,0.6768376624740292,0.9011382301954963,1,False,,,,
1766480460.5234659,0.4841351878342276,0.6264049344634945,0.0,1,True,0.4179871082305908,0.4256737530231476,0.09202060848474503,0.19289278984069824
1766480460.890292,0.4841351878342276,0.6264049344634945,0.0,1,True,0.4179871082305908,0.4256737530231476,0.09202060848474503,0.19289278984069824
1766480460.896945,0.4841351878342276,0.6264049344634945,0.0,1,True,0.4179871082305908,0.4256737530231476,0.09202060848474503,0.19289278984069824
1766480460.8998342,0.4841351878342276,0.6264049344634945,0.0,1,True,0.4179871082305908,0.4256737530231476,0.09202060848474503,0.19289278984069824
1766480460.903122,0.47594058920764953,0.7068422994136994,0.5479699396588719,1,False,,,,
1766480460.906294,0.47411417239843745,0.6939412079355277,0.2964682322191181,1,False,,,,
1766480461.119274,0.47411417239843745,0.6939412079355277,0.2964682322191181,1,False,,,,
1766480461.1263611,0.47411417239843745,0.6939412079355277,0.2964682322191181,1,False,,,,
1766480461.129222,0.47411417239843745,0.6939412079355277,0.2964682322191181,1,False,,,,
1766480461.131831,0.47411417239843745,0.6939412079355277,0.2964682322191181,1,False,,,,
1766480461.135118,0.47757486581006353,0.6925473371655363,0.31850629123141166,1,False,,,,
1766480461.412244,0.47757486581006353,0.6925473371655363,0.31850629123141166,1,False,,,,
1766480461.419492,0.47757486581006353,0.6925473371655363,0.31850629123141166,1,False,,,,
1766480461.4222841,0.47757486581006353,0.6925473371655363,0.31850629123141166,1,False,,,,
1766480461.425023,0.47757486581006353,0.6925473371655363,0.31850629123141166,1,False,,,,
1766480461.427989,0.47293554058971826,0.6634036438096735,0.0,1,True,0.3860021233558655,0.4793931245803833,0.08040239661931992,0.17468130588531494
1766480461.718533,0.47293554058971826,0.6634036438096735,0.0,1,True,0.3860021233558655,0.4793931245803833,0.08040239661931992,0.17468130588531494
1766480461.724981,0.47293554058971826,0.6634036438096735,0.0,1,True,0.3860021233558655,0.4793931245803833,0.08040239661931992,0.17468130588531494
1766480461.730043,0.47293554058971826,0.6634036438096735,0.0,1,True,0.3860021233558655,0.4793931245803833,0.08040239661931992,0.17468130588531494
1766480461.73265,0.47293554058971826,0.6634036438096735,0.0,1,True,0.3860021233558655,0.4793931245803833,0.08040239661931992,0.17468130588531494
1766480461.735595,0.4520823322154831,0.5735387331059759,0.42548287259677786,1,True,0.3794918358325958,0.4817836880683899,0.09039924293756485,0.20049189031124115
1766480462.0522292,0.4520823322154831,0.5735387331059759,0.42548287259677786,1,True,0.3794918358325958,0.4817836880683899,0.09039924293756485,0.20049189031124115
1766480462.059267,0.4520823322154831,0.5735387331059759,0.42548287259677786,1,True,0.3794918358325958,0.4817836880683899,0.09039924293756485,0.20049189031124115
1766480462.062479,0.4520823322154831,0.5735387331059759,0.42548287259677786,1,True,0.3794918358325958,0.4817836880683899,0.09039924293756485,0.20049189031124115
1766480462.065056,0.4520823322154831,0.5735387331059759,0.42548287259677786,1,True,0.3794918358325958,0.4817836880683899,0.09039924293756485,0.20049189031124115
1766480462.06774,0.4729934227708922,0.6634574502569349,0.0,1,True,0.3815165162086487,0.5014883875846863,0.09240476787090302,0.19527028501033783
1766480462.293566,0.4729934227708922,0.6634574502569349,0.0,1,True,0.3815165162086487,0.5014883875846863,0.09240476787090302,0.19527028501033783
1766480462.300104,0.4729934227708922,0.6634574502569349,0.0,1,True,0.3815165162086487,0.5014883875846863,0.09240476787090302,0.19527028501033783
1766480462.303212,0.4729934227708922,0.6634574502569349,0.0,1,True,0.3815165162086487,0.5014883875846863,0.09240476787090302,0.19527028501033783
1766480462.3061109,0.4729934227708922,0.6634574502569349,0.0,1,True,0.3815165162086487,0.5014883875846863,0.09240476787090302,0.19527028501033783
1766480462.311609,0.4729934227708922,0.6634574502569349,0.0,1,True,0.3834114670753479,0.5125343203544617,0.09040498733520508,0.18872036039829254
1766480462.585849,0.4729934227708922,0.6634574502569349,0.0,1,True,0.3834114670753479,0.5125343203544617,0.09040498733520508,0.18872036039829254
1766480462.59322,0.4729934227708922,0.6634574502569349,0.0,1,True,0.3834114670753479,0.5125343203544617,0.09040498733520508,0.18872036039829254
1766480462.599426,0.4729934227708922,0.6634574502569349,0.0,1,True,0.3834114670753479,0.5125343203544617,0.09040498733520508,0.18872036039829254
1766480462.602596,0.4729934227708922,0.6634574502569349,0.0,1,True,0.3834114670753479,0.5125343203544617,0.09040498733520508,0.18872036039829254
1766480462.60516,0.45125469284422426,0.5731682589272684,0.428519683600828,1,True,0.38755902647972107,0.5112453699111938,0.08890600502490997,0.19382476806640625
1766480462.854742,0.45125469284422426,0.5731682589272684,0.428519683600828,1,True,0.38755902647972107,0.5112453699111938,0.08890600502490997,0.19382476806640625
1766480462.862185,0.45125469284422426,0.5731682589272684,0.428519683600828,1,True,0.38755902647972107,0.5112453699111938,0.08890600502490997,0.19382476806640625
1766480462.868435,0.45125469284422426,0.5731682589272684,0.428519683600828,1,True,0.38755902647972107,0.5112453699111938,0.08890600502490997,0.19382476806640625
1766480462.8721862,0.45125469284422426,0.5731682589272684,0.428519683600828,1,True,0.38755902647972107,0.5112453699111938,0.08890600502490997,0.19382476806640625
1766480462.8748748,0.48224448325266367,0.6414568480157253,0.8342201571195835,1,True,0.3861224055290222,0.45392048358917236,0.09190435707569122,0.19180789589881897
1766480463.1236181,0.48224448325266367,0.6414568480157253,0.8342201571195835,1,True,0.3861224055290222,0.45392048358917236,0.09190435707569122,0.19180789589881897
1766480463.12994,0.48224448325266367,0.6414568480157253,0.8342201571195835,1,True,0.3861224055290222,0.45392048358917236,0.09190435707569122,0.19180789589881897
1766480463.133198,0.48224448325266367,0.6414568480157253,0.8342201571195835,1,True,0.3861224055290222,0.45392048358917236,0.09190435707569122,0.19180789589881897
1766480463.135796,0.48224448325266367,0.6414568480157253,0.8342201571195835,1,True,0.3861224055290222,0.45392048358917236,0.09190435707569122,0.19180789589881897
1766480463.13817,0.501841313832398,0.6701575905983425,0.99,1,False,,,,
1766480463.354058,0.50072396468294,0.6775651364950395,0.3525049651472848,1,False,,,,
1766480463.3626828,0.50072396468294,0.6775651364950395,0.3525049651472848,1,False,,,,
1766480463.365155,0.50072396468294,0.6775651364950395,0.3525049651472848,1,False,,,,
1766480463.36775,0.50072396468294,0.6775651364950395,0.3525049651472848,1,False,,,,
1766480463.3703659,0.4482521529402586,0.5786245043047064,0.12389508589138462,0,False,,,,
1766480463.570752,0.4482521529402586,0.5786245043047064,0.12389508589138462,0,False,,,,
1766480463.578153,0.4482521529402586,0.5786245043047064,0.12389508589138462,0,False,,,,
1766480463.580725,0.4482521529402586,0.5786245043047064,0.12389508589138462,0,False,,,,
1766480463.585839,0.4517756174191952,0.5692158212618694,0.15935586279923716,0,False,,,,
1766480463.588439,0.4729318785553945,0.6634875345750797,0.0,0,False,,,,
1766480463.7929769,0.4729318785553945,0.6634875345750797,0.0,0,False,,,,
1766480463.800546,0.4729318785553945,0.6634875345750797,0.0,0,False,,,,
1766480463.803256,0.4729318785553945,0.6634875345750797,0.0,0,False,,,,
1766480463.806043,0.4729318785553945,0.6634875345750797,0.0,0,False,,,,
1766480463.8087811,0.4729318785553945,0.6634875345750797,0.0,0,False,,,,
1766480463.982956,0.4729318785553945,0.6634875345750797,0.0,0,False,,,,
1766480463.9889438,0.4729318785553945,0.6634875345750797,0.0,0,False,,,,
1766480463.9954329,0.4729318785553945,0.6634875345750797,0.0,0,False,,,,
1766480463.998345,0.4729318785553945,0.6634875345750797,0.0,0,False,,,,
1766480464.0009742,0.5022382034458093,0.6651248937544721,0.715045892784269,0,False,,,,
1766480464.371836,0.5022382034458093,0.6651248937544721,0.715045892784269,0,False,,,,
1766480464.3777852,0.5022382034458093,0.6651248937544721,0.715045892784269,0,False,,,,
1766480464.380406,0.5022382034458093,0.6651248937544721,0.715045892784269,0,False,,,,
1766480464.3832462,0.5022382034458093,0.6651248937544721,0.715045892784269,0,False,,,,
1766480464.386197,0.49685762709074444,0.657152637941748,0.8920112088124689,0,False,,,,
1766480464.59828,0.49685762709074444,0.657152637941748,0.8920112088124689,0,False,,,,
1766480464.6048691,0.49685762709074444,0.657152637941748,0.8920112088124689,0,False,,,,
1766480464.6076841,0.49685762709074444,0.657152637941748,0.8920112088124689,0,False,,,,
1766480464.609932,0.49685762709074444,0.657152637941748,0.8920112088124689,0,False,,,,
1766480464.612263,0.4729318785553945,0.6634875345750797,0.0,1,False,,,,
1766480465.4388852,0.4729318785553945,0.6634875345750797,0.0,1,False,,,,
1766480465.44628,0.4729318785553945,0.6634875345750797,0.0,1,False,,,,
1766480465.451246,0.4729318785553945,0.6634875345750797,0.0,1,False,,,,
1766480465.453702,0.4729318785553945,0.6634875345750797,0.0,1,False,,,,
1766480465.456053,0.47293175157832784,0.663487681464017,0.0,1,False,,,,
1766480465.704661,0.47293175157832784,0.663487681464017,0.0,1,False,,,,
1766480465.711488,0.47293175157832784,0.663487681464017,0.0,1,False,,,,
1766480465.714158,0.47293175157832784,0.663487681464017,0.0,1,False,,,,
1766480465.716664,0.47293175157832784,0.663487681464017,0.0,1,False,,,,
1766480465.719035,0.47293175157832784,0.663487681464017,0.0,1,False,,,,
1766480465.945882,0.47293175157832784,0.663487681464017,0.0,1,False,,,,
1766480465.95232,0.47293175157832784,0.663487681464017,0.0,1,False,,,,
1766480465.955074,0.47293175157832784,0.663487681464017,0.0,1,False,,,,
1766480465.957607,0.47293175157832784,0.663487681464017,0.0,1,False,,,,
1766480465.9629052,0.471898910553424,0.6356298091623772,0.443728388501645,1,False,,,,
1766480466.189774,0.471898910553424,0.6356298091623772,0.443728388501645,1,False,,,,
1766480466.196217,0.47293175157832784,0.663487681464017,0.0,1,False,,,,
1766480466.199276,0.47293175157832784,0.663487681464017,0.0,1,False,,,,
1766480466.202255,0.47293175157832784,0.663487681464017,0.0,1,False,,,,
1766480466.2095292,0.471672070523689,0.634075507566978,0.45780650945715234,1,False,,,,
1766480466.449943,0.471672070523689,0.634075507566978,0.45780650945715234,1,False,,,,
1766480466.455845,0.471672070523689,0.634075507566978,0.45780650945715234,1,False,,,,
1766480466.458622,0.471672070523689,0.634075507566978,0.45780650945715234,1,False,,,,
1766480466.4617019,0.471672070523689,0.634075507566978,0.45780650945715234,1,False,,,,
1766480466.4648929,0.47293175157832784,0.663487681464017,0.0,1,False,,,,
1766480466.691939,0.47293175157832784,0.663487681464017,0.0,1,False,,,,
1766480466.697438,0.47293175157832784,0.663487681464017,0.0,1,False,,,,
1766480466.700222,0.45827387661411595,0.5859731322746814,0.20551340745746727,1,False,,,,
1766480466.704704,0.45827387661411595,0.5859731322746814,0.20551340745746727,1,False,,,,
1766480466.7116978,0.46224113724831,0.6360368453928235,0.7696971297264099,1,False,,,,
1766480466.934069,0.4634190229882619,0.5980122176444634,0.24381565179261816,1,False,,,,
1766480466.9417999,0.47293175157832784,0.663487681464017,0.0,1,False,,,,
1766480466.9481559,0.47293175157832784,0.663487681464017,0.0,1,False,,,,
1766480466.950868,0.47293175157832784,0.663487681464017,0.0,1,False,,,,
1766480466.9534562,0.47293175157832784,0.663487681464017,0.0,1,False,,,,
1766480467.1722062,0.47293175157832784,0.663487681464017,0.0,1,False,,,,
1766480467.179756,0.47293175157832784,0.663487681464017,0.0,1,False,,,,
1766480467.185923,0.47293175157832784,0.663487681464017,0.0,1,False,,,,
1766480467.191113,0.47293175157832784,0.663487681464017,0.0,1,False,,,,
1766480467.193679,0.4729915863035362,0.6462107781843882,0.445082884033732,1,False,,,,
1766480467.403337,0.47488670823780704,0.6464323288040565,0.40269009422864055,1,False,,,,
1766480467.410463,0.47488683694850603,0.646534319077639,0.4437725249966597,1,False,,,,
1766480467.418648,0.47488683694850603,0.646534319077639,0.4437725249966597,1,False,,,,
1766480467.4216802,0.47488683694850603,0.646534319077639,0.4437725249966597,1,False,,,,
1766480467.4243321,0.47293175157832784,0.663487681464017,0.0,1,False,,,,
1766480467.71345,0.47293175157832784,0.663487681464017,0.0,1,False,,,,
1766480467.719899,0.47293175157832784,0.663487681464017,0.0,1,False,,,,
1766480467.7228851,0.47293175157832784,0.663487681464017,0.0,1,False,,,,
1766480467.726207,0.47293175157832784,0.663487681464017,0.0,1,False,,,,
1766480467.728801,0.5120479696580464,0.8947238528138268,0.8054759598762834,1,False,,,,
1766480469.490827,0.5120479696580464,0.8947238528138268,0.8054759598762834,1,False,,,,
1766480469.4982882,0.5120479696580464,0.8947238528138268,0.8054759598762834,1,False,,,,
1766480469.501109,0.5120479696580464,0.8947238528138268,0.8054759598762834,1,False,,,,
1766480469.5043452,0.5120479696580464,0.8947238528138268,0.8054759598762834,1,False,,,,
1766480469.506758,0.20444961750755292,1.188435343060465,0.8846434132807603,1,False,,,,
1766480469.8008058,0.20444961750755292,1.188435343060465,0.8846434132807603,1,False,,,,
1766480469.807358,0.20444961750755292,1.188435343060465,0.8846434132807603,1,False,,,,
1766480469.810433,0.20444961750755292,1.188435343060465,0.8846434132807603,1,False,,,,
1766480469.8130949,0.20444961750755292,1.188435343060465,0.8846434132807603,1,False,,,,
1766480469.816065,0.4492694941310965,0.6115223107901739,0.9275885820388794,1,False,,,,
1766480470.099923,0.4492694941310965,0.6115223107901739,0.9275885820388794,1,False,,,,
1766480470.105731,0.4492694941310965,0.6115223107901739,0.9275885820388794,1,False,,,,
1766480470.110889,0.4492694941310965,0.6115223107901739,0.9275885820388794,1,False,,,,
1766480470.11342,0.4492694941310965,0.6115223107901739,0.9275885820388794,1,False,,,,
1766480470.1158478,0.47294489344535984,0.6635019017786067,0.0,1,False,,,,
1766480470.3283572,0.47294489344535984,0.6635019017786067,0.0,1,False,,,,
1766480470.3356612,0.47294489344535984,0.6635019017786067,0.0,1,False,,,,
1766480470.338416,0.47294489344535984,0.6635019017786067,0.0,1,False,,,,
1766480470.341013,0.47294489344535984,0.6635019017786067,0.0,1,False,,,,
1766480470.343468,0.47294489344535984,0.6635019017786067,0.0,1,False,,,,
1766480470.5634508,0.47294489344535984,0.6635019017786067,0.0,1,False,,,,
1766480470.5708349,0.47294489344535984,0.6635019017786067,0.0,1,False,,,,
1766480470.573705,0.47294489344535984,0.6635019017786067,0.0,1,False,,,,
1766480470.57616,0.47294489344535984,0.6635019017786067,0.0,1,False,,,,
1766480470.581771,0.45234853404541975,0.6199130980926317,0.11960478148751479,1,False,,,,
1766480470.928457,0.4572080763274383,0.6308230234629638,0.0961976401024227,1,False,,,,
1766480470.935721,0.4572080763274383,0.6308230234629638,0.0961976401024227,1,False,,,,
1766480470.942338,0.4572080763274383,0.6308230234629638,0.0961976401024227,1,False,,,,
1766480470.9452941,0.4572080763274383,0.6308230234629638,0.0961976401024227,1,False,,,,
1766480470.947959,0.42365509172383514,0.739927322931965,0.11213997464217675,1,False,,,,
1766480471.185565,0.42365509172383514,0.739927322931965,0.11213997464217675,1,False,,,,
1766480471.192841,0.4658680948465137,0.7140817743452585,0.239254488423951,1,False,,,,
1766480471.198478,0.4658680948465137,0.7140817743452585,0.239254488423951,1,False,,,,
1766480471.204823,0.4658680948465137,0.7140817743452585,0.239254488423951,1,False,,,,
1766480471.207716,0.46824327429188434,0.7154214317680715,0.16690439927989995,1,False,,,,
1766480471.4395268,0.46824327429188434,0.7154214317680715,0.16690439927989995,1,False,,,,
1766480471.444779,0.46824327429188434,0.7154214317680715,0.16690439927989995,1,False,,,,
1766480471.448045,0.46824327429188434,0.7154214317680715,0.16690439927989995,1,False,,,,
1766480471.451148,0.46824327429188434,0.7154214317680715,0.16690439927989995,1,False,,,,
1766480471.4538739,0.4723048908672357,0.7058238297200935,0.1471879198567509,1,False,,,,
1766480471.672114,0.4723048908672357,0.7058238297200935,0.1471879198567509,1,False,,,,
1766480471.6787012,0.4723048908672357,0.7058238297200935,0.1471879198567509,1,False,,,,
1766480471.6819189,0.4723048908672357,0.7058238297200935,0.1471879198567509,1,False,,,,
1766480471.684813,0.4723048908672357,0.7058238297200935,0.1471879198567509,1,False,,,,
1766480471.68744,0.4728447014833762,0.7093879728088159,0.11284006841391658,1,False,,,,
1766480472.1632588,0.45332543373472534,0.6319594897636855,0.11240840763374801,1,False,,,,
1766480472.171144,0.45332543373472534,0.6319594897636855,0.11240840763374801,1,False,,,,
1766480472.178506,0.45332543373472534,0.6319594897636855,0.11240840763374801,1,False,,,,
1766480472.183878,0.45332543373472534,0.6319594897636855,0.11240840763374801,1,False,,,,
1766480472.186433,0.45173558868239444,0.6326828207066986,0.10939299114052321,1,False,,,,
1766480472.4026382,0.45178466000867756,0.628657240246549,0.08201025089929186,1,False,,,,
1766480472.409842,0.45178466000867756,0.628657240246549,0.08201025089929186,1,False,,,,
1766480472.416398,0.45178466000867756,0.628657240246549,0.08201025089929186,1,False,,,,
1766480472.419461,0.45178466000867756,0.628657240246549,0.08201025089929186,1,False,,,,
1766480472.422195,0.4730659703507071,0.6635710884034147,0.0,1,False,,,,
1766480472.771324,0.4730659703507071,0.6635710884034147,0.0,1,False,,,,
1766480472.778334,0.4730659703507071,0.6635710884034147,0.0,1,False,,,,
1766480472.7842078,0.4730659703507071,0.6635710884034147,0.0,1,False,,,,
1766480472.78717,0.4730659703507071,0.6635710884034147,0.0,1,False,,,,
1766480472.790339,0.4730659703507071,0.6635710884034147,0.0,1,False,,,,
1766480473.084355,0.4730659703507071,0.6635710884034147,0.0,1,False,,,,
1766480473.0909598,0.4730659703507071,0.6635710884034147,0.0,1,False,,,,
1766480473.094099,0.4730659703507071,0.6635710884034147,0.0,1,False,,,,
1766480473.0965781,0.4730659703507071,0.6635710884034147,0.0,1,False,,,,
1766480473.099653,0.47804859763410096,0.6166700458487264,0.2711201846678232,1,False,,,,
1766480473.415859,0.47804859763410096,0.6166700458487264,0.2711201846678232,1,False,,,,
1766480473.422344,0.47804859763410096,0.6166700458487264,0.2711201846678232,1,False,,,,
1766480473.425376,0.47804859763410096,0.6166700458487264,0.2711201846678232,1,False,,,,
1766480473.4285362,0.47804859763410096,0.6166700458487264,0.2711201846678232,1,False,,,,
1766480473.431844,0.4840828582961175,0.6359440512367532,0.17956410155728714,1,False,,,,
1766480473.681073,0.4840828582961175,0.6359440512367532,0.17956410155728714,1,False,,,,
1766480473.687337,0.4840828582961175,0.6359440512367532,0.17956410155728714,1,False,,,,
1766480473.6929762,0.4840828582961175,0.6359440512367532,0.17956410155728714,1,False,,,,
1766480473.6956532,0.4840828582961175,0.6359440512367532,0.17956410155728714,1,False,,,,
1766480473.698344,0.48177341962182574,0.6111091893112732,0.2406655045224589,1,False,,,,
1766480473.998794,0.48177341962182574,0.6111091893112732,0.2406655045224589,1,False,,,,
1766480474.00511,0.48098733109187386,0.6108682290758904,0.22322879590505434,1,False,,,,
1766480474.008415,0.48098733109187386,0.6108682290758904,0.22322879590505434,1,False,,,,
1766480474.0119302,0.48098733109187386,0.6108682290758904,0.22322879590505434,1,False,,,,
1766480474.01869,0.5064728935664652,0.6261364621730928,0.23990984246918468,1,False,,,,
1766480474.304717,0.5064728935664652,0.6261364621730928,0.23990984246918468,1,False,,,,
1766480474.311573,0.47523762745069353,0.6087250014316937,0.27306039994376136,1,False,,,,
1766480474.3151512,0.47523762745069353,0.6087250014316937,0.27306039994376136,1,False,,,,
1766480474.322145,0.47523762745069353,0.6087250014316937,0.27306039994376136,1,False,,,,
1766480474.3274748,0.47305384332457256,0.6635979707555418,0.0,1,False,,,,
1766480474.5966852,0.47305384332457256,0.6635979707555418,0.0,1,False,,,,
1766480474.60375,0.47305384332457256,0.6635979707555418,0.0,1,False,,,,
1766480474.606793,0.47305384332457256,0.6635979707555418,0.0,1,False,,,,
1766480474.610126,1.1054764706146503,0.4110048579756571,0.8617982268333435,1,False,,,,
1766480474.6131551,0.44982450144141967,0.5723149712448855,0.8243245482444763,1,True,0.454903781414032,0.3592687249183655,0.08971576392650604,0.19699880480766296
1766480474.875337,0.4749036793166449,0.6074763929897656,0.2977663595735132,1,False,,,,
1766480474.884372,0.47548483193775926,0.6068738712402977,0.259408420191157,1,False,,,,
1766480474.890975,0.47548483193775926,0.6068738712402977,0.259408420191157,1,False,,,,
1766480474.8945138,0.47548483193775926,0.6068738712402977,0.259408420191157,1,False,,,,
1766480474.896953,0.47296130437578343,0.6186030178185792,0.27378872507231305,1,False,,,,
1766480475.191181,0.47296130437578343,0.6186030178185792,0.27378872507231305,1,False,,,,
1766480475.195979,0.47296130437578343,0.6186030178185792,0.27378872507231305,1,False,,,,
1766480475.198797,0.47296130437578343,0.6186030178185792,0.27378872507231305,1,False,,,,
1766480475.201333,0.47296130437578343,0.6186030178185792,0.27378872507231305,1,False,,,,
1766480475.204231,0.49101878311983016,0.7007338784596047,0.7113936692550664,1,False,,,,
1766480475.456741,0.49101878311983016,0.7007338784596047,0.7113936692550664,1,False,,,,
1766480475.463777,0.49101878311983016,0.7007338784596047,0.7113936692550664,1,False,,,,
1766480475.466958,0.49101878311983016,0.7007338784596047,0.7113936692550664,1,False,,,,
1766480475.4693701,0.49101878311983016,0.7007338784596047,0.7113936692550664,1,False,,,,
1766480475.471786,0.4730713454489922,0.6636188619732716,0.0,1,False,,,,
1766480475.725034,0.4730713454489922,0.6636188619732716,0.0,1,False,,,,
1766480475.732037,0.4730713454489922,0.6636188619732716,0.0,1,False,,,,
1766480475.7347531,0.4730713454489922,0.6636188619732716,0.0,1,False,,,,
1766480475.740215,0.4730713454489922,0.6636188619732716,0.0,1,False,,,,
1766480475.743168,0.4761779465318591,0.6105600662716589,0.25652514675616545,1,False,,,,
1766480475.9640079,0.4761779465318591,0.6105600662716589,0.25652514675616545,1,False,,,,
1766480475.97083,0.4761779465318591,0.6105600662716589,0.25652514675616545,1,False,,,,
1766480475.974357,0.4761779465318591,0.6105600662716589,0.25652514675616545,1,False,,,,
1766480475.9768682,0.4761779465318591,0.6105600662716589,0.25652514675616545,1,False,,,,
1766480475.979647,1.0028452101265533,1.142098246289642,0.8554592430591583,1,False,,,,
1766480476.204263,1.0028452101265533,1.142098246289642,0.8554592430591583,1,False,,,,
1766480476.210722,1.0028452101265533,1.142098246289642,0.8554592430591583,1,False,,,,
1766480476.2140749,1.0028452101265533,1.142098246289642,0.8554592430591583,1,False,,,,
1766480476.217076,1.001136867158685,1.138795962099857,0.8895881175994873,1,False,,,,
1766480476.220887,1.0053536295682368,1.1372045710432543,0.7369204163551331,1,False,,,,
1766480476.4947488,1.0053536295682368,1.1372045710432543,0.7369204163551331,1,False,,,,
1766480476.501606,1.0053536295682368,1.1372045710432543,0.7369204163551331,1,False,,,,
1766480476.504534,1.0053536295682368,1.1372045710432543,0.7369204163551331,1,False,,,,
1766480476.5072691,1.0053536295682368,1.1372045710432543,0.7369204163551331,1,False,,,,
1766480476.5101,0.47307168898672936,0.663618611471035,0.0,1,False,,,,
1766480476.7839,0.47307168898672936,0.663618611471035,0.0,1,False,,,,
1766480476.791138,0.47510459304942987,0.6156410207543572,0.3029621267582809,1,True,0.41566529870033264,0.4274260699748993,0.09102239459753036,0.18965403735637665
1766480476.794422,0.47510459304942987,0.6156410207543572,0.3029621267582809,1,True,0.41566529870033264,0.4274260699748993,0.09102239459753036,0.18965403735637665
1766480476.801897,0.47510459304942987,0.6156410207543572,0.3029621267582809,1,True,0.41566529870033264,0.4274260699748993,0.09102239459753036,0.18965403735637665
1766480476.8047621,0.47307168898672936,0.663618611471035,0.0,1,False,,,,
1766480477.042392,0.47307168898672936,0.663618611471035,0.0,1,False,,,,
1766480477.04923,0.47307168898672936,0.663618611471035,0.0,1,False,,,,
1766480477.055167,0.47307168898672936,0.663618611471035,0.0,1,False,,,,
1766480477.0579698,0.47307168898672936,0.663618611471035,0.0,1,False,,,,
1766480477.0611598,0.47734368072472766,0.6077099600045804,0.2849834429376322,1,True,0.4066358506679535,0.40821701288223267,0.09589634090662003,0.20216047763824463
1766480477.28545,0.47734368072472766,0.6077099600045804,0.2849834429376322,1,True,0.4066358506679535,0.40821701288223267,0.09589634090662003,0.20216047763824463
1766480477.293421,0.47229073222142903,0.6283034416632286,0.07210546783566024,1,True,0.4066358506679535,0.40821701288223267,0.09589634090662003,0.20216047763824463
1766480477.300452,0.47229073222142903,0.6283034416632286,0.07210546783566024,1,True,0.4066358506679535,0.40821701288223267,0.09589634090662003,0.20216047763824463
1766480477.303357,0.47229073222142903,0.6283034416632286,0.07210546783566024,1,True,0.4066358506679535,0.40821701288223267,0.09589634090662003,0.20216047763824463
1766480477.306091,0.47174045185728797,0.6283314504103387,0.0787766049127401,1,True,0.4161868691444397,0.4129427671432495,0.09309129416942596,0.2012210488319397
1766480477.579425,0.47174045185728797,0.6283314504103387,0.0787766049127401,1,True,0.4161868691444397,0.4129427671432495,0.09309129416942596,0.2012210488319397
1766480477.586024,0.47174045185728797,0.6283314504103387,0.0787766049127401,1,True,0.4161868691444397,0.4129427671432495,0.09309129416942596,0.2012210488319397
1766480477.588812,0.47174045185728797,0.6283314504103387,0.0787766049127401,1,True,0.4161868691444397,0.4129427671432495,0.09309129416942596,0.2012210488319397
1766480477.5914948,0.47600342146207913,0.611005220022478,0.19791705589883118,1,True,0.4161868691444397,0.4129427671432495,0.09309129416942596,0.2012210488319397
1766480477.59844,0.48404862307154356,0.6264892670156759,0.0,1,True,0.41762295365333557,0.43707695603370667,0.09237489849328995,0.19044074416160583
1766480478.5059478,0.48404862307154356,0.6264892670156759,0.0,1,True,0.41762295365333557,0.43707695603370667,0.09237489849328995,0.19044074416160583
1766480478.512564,0.48404862307154356,0.6264892670156759,0.0,1,True,0.41762295365333557,0.43707695603370667,0.09237489849328995,0.19044074416160583
1766480478.5156338,0.48404862307154356,0.6264892670156759,0.0,1,True,0.41762295365333557,0.43707695603370667,0.09237489849328995,0.19044074416160583
1766480478.518369,0.48404862307154356,0.6264892670156759,0.0,1,True,0.41762295365333557,0.43707695603370667,0.09237489849328995,0.19044074416160583
1766480478.52102,0.4786175109785217,0.6256678276894728,0.014110053725918758,1,True,0.42059341073036194,0.438917875289917,0.10131587833166122,0.20245972275733948
1766480478.809203,0.4786175109785217,0.6256678276894728,0.014110053725918758,1,True,0.42059341073036194,0.438917875289917,0.10131587833166122,0.20245972275733948
1766480478.8161762,0.4786175109785217,0.6256678276894728,0.014110053725918758,1,True,0.42059341073036194,0.438917875289917,0.10131587833166122,0.20245972275733948
1766480478.8191092,0.4786175109785217,0.6256678276894728,0.014110053725918758,1,True,0.42059341073036194,0.438917875289917,0.10131587833166122,0.20245972275733948
1766480478.822002,0.4786175109785217,0.6256678276894728,0.014110053725918758,1,True,0.42059341073036194,0.438917875289917,0.10131587833166122,0.20245972275733948
1766480478.82466,0.47307168898672936,0.663618611471035,0.0,1,False,,,,
1766480479.0431318,0.47307168898672936,0.663618611471035,0.0,1,False,,,,
1766480479.048095,0.47307168898672936,0.663618611471035,0.0,1,False,,,,
1766480479.051135,0.47307168898672936,0.663618611471035,0.0,1,False,,,,
1766480479.053528,0.47307168898672936,0.663618611471035,0.0,1,False,,,,
1766480479.056174,0.46905651252279573,0.6294000314717088,0.10458285204959376,1,False,,,,
1766480479.409549,0.46905651252279573,0.6294000314717088,0.10458285204959376,1,False,,,,
1766480479.416579,0.46905651252279573,0.6294000314717088,0.10458285204959376,1,False,,,,
1766480479.419418,0.46905651252279573,0.6294000314717088,0.10458285204959376,1,False,,,,
1766480479.422013,0.46905651252279573,0.6294000314717088,0.10458285204959376,1,False,,,,
1766480479.4251342,0.47311227800395955,0.6636098140543264,0.0,1,False,,,,
1766480479.797395,0.47311227800395955,0.6636098140543264,0.0,1,False,,,,
1766480479.804694,0.4495230694713242,0.5745042442022235,0.8623526692390442,1,True,0.44322866201400757,0.3435215353965759,0.11320581287145615,0.2249133586883545
1766480479.8078809,0.4495230694713242,0.5745042442022235,0.8623526692390442,1,True,0.44322866201400757,0.3435215353965759,0.11320581287145615,0.2249133586883545
1766480479.8142998,0.4495230694713242,0.5745042442022235,0.8623526692390442,1,True,0.44322866201400757,0.3435215353965759,0.11320581287145615,0.2249133586883545
1766480479.8206148,0.47311227800395955,0.6636098140543264,0.0,1,False,,,,
1766480480.0410612,0.47311227800395955,0.6636098140543264,0.0,1,False,,,,
1766480480.0490339,0.47311227800395955,0.6636098140543264,0.0,1,False,,,,
1766480480.0553138,0.47311227800395955,0.6636098140543264,0.0,1,False,,,,
1766480480.05834,0.47311227800395955,0.6636098140543264,0.0,1,False,,,,
1766480480.061305,0.48410900369147314,0.6411555540584284,0.011097097378413244,1,True,0.4336692690849304,0.4317563772201538,0.10863818973302841,0.21016307175159454
1766480480.6778939,0.4840509523433787,0.6264484182790727,0.0,1,True,0.4336692690849304,0.4317563772201538,0.10863818973302841,0.21016307175159454
1766480480.685144,0.4840509523433787,0.6264484182790727,0.0,1,True,0.4336692690849304,0.4317563772201538,0.10863818973302841,0.21016307175159454
1766480480.691068,0.4840509523433787,0.6264484182790727,0.0,1,True,0.4336692690849304,0.4317563772201538,0.10863818973302841,0.21016307175159454
1766480480.694222,0.4840509523433787,0.6264484182790727,0.0,1,True,0.4336692690849304,0.4317563772201538,0.10863818973302841,0.21016307175159454
1766480480.696935,0.483241338658404,0.6360249927469218,0.03449228377150592,1,True,0.4336242079734802,0.42534393072128296,0.11248703300952911,0.21188117563724518
1766480480.914195,0.4845505995504566,0.636636078737843,0.040106882959657635,1,True,0.4336242079734802,0.42534393072128296,0.11248703300952911,0.21188117563724518
1766480480.92155,0.4845505995504566,0.636636078737843,0.040106882959657635,1,True,0.4336242079734802,0.42534393072128296,0.11248703300952911,0.21188117563724518
1766480480.927967,0.4845505995504566,0.636636078737843,0.040106882959657635,1,True,0.4336242079734802,0.42534393072128296,0.11248703300952911,0.21188117563724518
1766480480.930979,0.4845505995504566,0.636636078737843,0.040106882959657635,1,True,0.4336242079734802,0.42534393072128296,0.11248703300952911,0.21188117563724518
1766480480.933537,0.48312636832398803,0.6486135880800441,0.019256672101782012,1,True,0.4320134222507477,0.428925484418869,0.114069364964962,0.2202623188495636
1766480481.149735,0.48312636832398803,0.6486135880800441,0.019256672101782012,1,True,0.4320134222507477,0.428925484418869,0.114069364964962,0.2202623188495636
1766480481.1573818,0.48312636832398803,0.6486135880800441,0.019256672101782012,1,True,0.4320134222507477,0.428925484418869,0.114069364964962,0.2202623188495636
1766480481.1636539,0.48312636832398803,0.6486135880800441,0.019256672101782012,1,True,0.4320134222507477,0.428925484418869,0.114069364964962,0.2202623188495636
1766480481.1666932,0.48312636832398803,0.6486135880800441,0.019256672101782012,1,True,0.4320134222507477,0.428925484418869,0.114069364964962,0.2202623188495636
1766480481.169554,0.47311227800395955,0.6636098140543264,0.0,1,True,0.43215546011924744,0.43690359592437744,0.11207332462072372,0.20988036692142487
1766480481.404324,0.47311227800395955,0.6636098140543264,0.0,1,True,0.43215546011924744,0.43690359592437744,0.11207332462072372,0.20988036692142487
1766480481.411343,0.47311227800395955,0.6636098140543264,0.0,1,True,0.43215546011924744,0.43690359592437744,0.11207332462072372,0.20988036692142487
1766480481.4175181,0.47311227800395955,0.6636098140543264,0.0,1,True,0.43215546011924744,0.43690359592437744,0.11207332462072372,0.20988036692142487
1766480481.4244952,0.47311227800395955,0.6636098140543264,0.0,1,True,0.43215546011924744,0.43690359592437744,0.11207332462072372,0.20988036692142487
1766480481.427736,0.47311227800395955,0.6636098140543264,0.0,1,True,0.433480829000473,0.4287741482257843,0.11733074486255646,0.21483616530895233
1766480481.699994,0.47311227800395955,0.6636098140543264,0.0,1,True,0.433480829000473,0.4287741482257843,0.11733074486255646,0.21483616530895233
1766480481.706918,0.47311227800395955,0.6636098140543264,0.0,1,True,0.433480829000473,0.4287741482257843,0.11733074486255646,0.21483616530895233
1766480481.710268,0.47311227800395955,0.6636098140543264,0.0,1,True,0.433480829000473,0.4287741482257843,0.11733074486255646,0.21483616530895233
1766480481.714135,0.47311227800395955,0.6636098140543264,0.0,1,True,0.433480829000473,0.4287741482257843,0.11733074486255646,0.21483616530895233
1766480481.7180312,0.4883518324908641,0.6697817806667556,0.283241763157793,1,False,,,,
1766480482.298203,0.4883518324908641,0.6697817806667556,0.283241763157793,1,False,,,,
1766480482.304557,0.4883518324908641,0.6697817806667556,0.283241763157793,1,False,,,,
1766480482.307415,0.4883518324908641,0.6697817806667556,0.283241763157793,1,False,,,,
1766480482.310226,0.4883518324908641,0.6697817806667556,0.283241763157793,1,False,,,,
1766480482.316046,0.4849329641067849,0.6672180546207622,0.10556178338544021,1,False,,,,
1766480482.559511,0.4849329641067849,0.6672180546207622,0.10556178338544021,1,False,,,,
1766480482.5674062,0.4849329641067849,0.6672180546207622,0.10556178338544021,1,False,,,,
1766480482.570411,0.4849329641067849,0.6672180546207622,0.10556178338544021,1,False,,,,
1766480482.573302,0.4849329641067849,0.6672180546207622,0.10556178338544021,1,False,,,,
1766480482.576833,0.48784723902906457,0.6639430570885735,0.3403067696345405,1,False,,,,
1766480482.830648,0.48784723902906457,0.6639430570885735,0.3403067696345405,1,False,,,,
1766480482.8378801,0.48784723902906457,0.6639430570885735,0.3403067696345405,1,False,,,,
1766480482.840992,0.48784723902906457,0.6639430570885735,0.3403067696345405,1,False,,,,
1766480482.844178,0.48784723902906457,0.6639430570885735,0.3403067696345405,1,False,,,,
1766480482.8466702,0.48762502601596786,0.6611520038001909,0.15904899876216855,1,True,0.43094176054000854,0.4891437888145447,0.10524959862232208,0.22583414614200592
1766480483.076402,0.48762502601596786,0.6611520038001909,0.15904899876216855,1,True,0.43094176054000854,0.4891437888145447,0.10524959862232208,0.22583414614200592
1766480483.0817,0.48762502601596786,0.6611520038001909,0.15904899876216855,1,True,0.43094176054000854,0.4891437888145447,0.10524959862232208,0.22583414614200592
1766480483.0845592,0.48762502601596786,0.6611520038001909,0.15904899876216855,1,True,0.43094176054000854,0.4891437888145447,0.10524959862232208,0.22583414614200592
1766480483.088266,0.4491770344426146,0.6224161764797103,0.08346705429754513,1,True,0.43094176054000854,0.4891437888145447,0.10524959862232208,0.22583414614200592
1766480483.0921679,0.4839632646059032,0.666296638102685,0.19122991554309848,1,True,0.42185187339782715,0.48835575580596924,0.1004975289106369,0.21450839936733246
1766480483.333035,0.4839632646059032,0.666296638102685,0.19122991554309848,1,True,0.42185187339782715,0.48835575580596924,0.1004975289106369,0.21450839936733246
1766480483.3397708,0.4839632646059032,0.666296638102685,0.19122991554309848,1,True,0.42185187339782715,0.48835575580596924,0.1004975289106369,0.21450839936733246
1766480483.3429692,0.4839632646059032,0.666296638102685,0.19122991554309848,1,True,0.42185187339782715,0.48835575580596924,0.1004975289106369,0.21450839936733246
1766480483.346227,0.4839632646059032,0.666296638102685,0.19122991554309848,1,True,0.42185187339782715,0.48835575580596924,0.1004975289106369,0.21450839936733246
1766480483.349289,0.06046964891438646,1.2781623288867066,0.9218523156642914,1,False,,,,
1766480483.829049,0.4765733346754143,0.7226416970185738,0.42777614224317284,1,False,,,,
1766480483.837688,0.4765733346754143,0.7226416970185738,0.42777614224317284,1,False,,,,
1766480483.843799,0.4765733346754143,0.7226416970185738,0.42777614224317284,1,False,,,,
1766480483.849087,0.4765733346754143,0.7226416970185738,0.42777614224317284,1,False,,,,
1766480483.8521442,0.47376646686042145,0.7246372886361042,0.358698119495068,1,False,,,,
1766480484.073302,0.47376646686042145,0.7246372886361042,0.358698119495068,1,False,,,,
1766480484.079551,0.47376646686042145,0.7246372886361042,0.358698119495068,1,False,,,,
1766480484.0825589,0.47376646686042145,0.7246372886361042,0.358698119495068,1,False,,,,
1766480484.0856352,0.47376646686042145,0.7246372886361042,0.358698119495068,1,False,,,,
1766480484.0881238,-0.11922876553708024,1.2880785839886626,0.9269784986972809,1,False,,,,
1766480484.3718169,-0.11922876553708024,1.2880785839886626,0.9269784986972809,1,False,,,,
1766480484.3781812,-0.11922876553708024,1.2880785839886626,0.9269784986972809,1,False,,,,
1766480484.381263,-0.11922876553708024,1.2880785839886626,0.9269784986972809,1,False,,,,
1766480484.384148,-0.11922876553708024,1.2880785839886626,0.9269784986972809,1,False,,,,
1766480484.386603,0.45114276980367396,0.6141392027434002,0.9436712861061096,1,False,,,,
1766480484.8557189,0.45114276980367396,0.6141392027434002,0.9436712861061096,1,False,,,,
1766480484.8623822,0.11767657254357462,1.139798282190958,0.7883711107382098,1,False,,,,
1766480484.865961,0.4731701695246048,0.727738529694282,0.36987519764946125,1,False,,,,
1766480484.8691788,0.4731701695246048,0.727738529694282,0.36987519764946125,1,False,,,,
1766480484.876073,0.44962065018286035,0.5717479562862319,0.9345627427101135,1,False,,,,
1766480485.123192,0.44962065018286035,0.5717479562862319,0.9345627427101135,1,False,,,,
1766480485.131157,0.448419999272225,0.5745940314870157,0.9202998876571655,1,False,,,,
1766480485.134758,0.46854445875908307,0.7316936749046535,0.28696263373295755,1,False,,,,
1766480485.1377861,0.46854445875908307,0.7316936749046535,0.28696263373295755,1,False,,,,
1766480485.144649,1.4554048445749792,2.544025561942603,0.8301922976970673,1,False,,,,
1766480485.4385312,1.4554048445749792,2.544025561942603,0.8301922976970673,1,False,,,,
1766480485.446105,1.4554048445749792,2.544025561942603,0.8301922976970673,1,False,,,,
1766480485.451481,1.4554048445749792,2.544025561942603,0.8301922976970673,1,False,,,,
1766480485.4541771,1.4554048445749792,2.544025561942603,0.8301922976970673,1,False,,,,
1766480485.4568782,1.2190326050642017,2.0916500973230243,0.7325043678283691,1,False,,,,
1766480485.708448,1.2190326050642017,2.0916500973230243,0.7325043678283691,1,False,,,,
1766480485.715446,1.2190326050642017,2.0916500973230243,0.7325043678283691,1,False,,,,
1766480485.718205,1.2190326050642017,2.0916500973230243,0.7325043678283691,1,False,,,,
1766480485.721092,1.2190326050642017,2.0916500973230243,0.7325043678283691,1,False,,,,
1766480485.7237608,0.46126313181938644,0.7062402979792198,0.1581415330515348,1,True,0.4025707244873047,0.49226853251457214,0.09638042747974396,0.20618624985218048
1766480486.035315,0.46948357327054574,0.7043096884597619,0.10913417341045983,1,True,0.4025707244873047,0.49226853251457214,0.09638042747974396,0.20618624985218048
1766480486.044329,0.46948357327054574,0.7043096884597619,0.10913417341045983,1,True,0.4025707244873047,0.49226853251457214,0.09638042747974396,0.20618624985218048
1766480486.051211,0.46948357327054574,0.7043096884597619,0.10913417341045983,1,True,0.4025707244873047,0.49226853251457214,0.09638042747974396,0.20618624985218048
1766480486.054094,0.46948357327054574,0.7043096884597619,0.10913417341045983,1,True,0.4025707244873047,0.49226853251457214,0.09638042747974396,0.20618624985218048
1766480486.058885,0.4495382840967378,0.5800682342699021,0.1321442865923172,1,False,,,,
1766480486.307016,0.449674657023751,0.5791102495185655,0.1395076828495256,1,False,,,,
1766480486.314991,0.449674657023751,0.5791102495185655,0.1395076828495256,1,False,,,,
1766480486.321315,0.449674657023751,0.5791102495185655,0.1395076828495256,1,False,,,,
1766480486.324152,0.449674657023751,0.5791102495185655,0.1395076828495256,1,False,,,,
1766480486.3267462,1.0892958755064148,0.46567067001905316,0.9129800200462341,1,False,,,,
1766480486.58306,1.0892958755064148,0.46567067001905316,0.9129800200462341,1,False,,,,
1766480486.589383,1.0892958755064148,0.46567067001905316,0.9129800200462341,1,False,,,,
1766480486.59277,1.0892958755064148,0.46567067001905316,0.9129800200462341,1,False,,,,
1766480486.595239,1.0892958755064148,0.46567067001905316,0.9129800200462341,1,False,,,,
1766480486.59762,0.44470019390744026,0.5913951535423764,0.203424481830692,1,False,,,,
1766480486.8576288,0.44470019390744026,0.5913951535423764,0.203424481830692,1,False,,,,
1766480486.862586,0.44470019390744026,0.5913951535423764,0.203424481830692,1,False,,,,
1766480486.865178,0.44470019390744026,0.5913951535423764,0.203424481830692,1,False,,,,
1766480486.8681831,0.44470019390744026,0.5913951535423764,0.203424481830692,1,False,,,,
1766480486.871385,0.45141774931916706,0.614049314950938,0.9083120226860046,1,False,,,,
1766480487.153012,0.45141774931916706,0.614049314950938,0.9083120226860046,1,False,,,,
1766480487.159283,0.45141774931916706,0.614049314950938,0.9083120226860046,1,False,,,,
1766480487.162299,0.45141774931916706,0.614049314950938,0.9083120226860046,1,False,,,,
1766480487.165555,0.45141774931916706,0.614049314950938,0.9083120226860046,1,False,,,,
1766480487.167928,0.45427098702628427,0.6142495437009552,0.1838424381612246,1,False,,,,
1766480487.387655,0.45427098702628427,0.6142495437009552,0.1838424381612246,1,False,,,,
1766480487.393893,0.45427098702628427,0.6142495437009552,0.1838424381612246,1,False,,,,
1766480487.396723,0.45427098702628427,0.6142495437009552,0.1838424381612246,1,False,,,,
1766480487.401998,0.45427098702628427,0.6142495437009552,0.1838424381612246,1,False,,,,
1766480487.4045901,1.5246483222636407,-0.04783670350954661,0.8525567650794983,1,False,,,,
1766480487.6226711,1.5246483222636407,-0.04783670350954661,0.8525567650794983,1,False,,,,
1766480487.628812,1.5246483222636407,-0.04783670350954661,0.8525567650794983,1,False,,,,
1766480487.631928,1.5246483222636407,-0.04783670350954661,0.8525567650794983,1,False,,,,
1766480487.63468,1.5246483222636407,-0.04783670350954661,0.8525567650794983,1,False,,,,
1766480487.6369972,0.4907037152958451,0.6929764606460125,0.2711397264429073,1,False,,,,
1766480487.8691268,0.4907037152958451,0.6929764606460125,0.2711397264429073,1,False,,,,
1766480487.875183,0.4907037152958451,0.6929764606460125,0.2711397264429073,1,False,,,,
1766480487.880023,0.49104740054577045,0.7024909036884099,0.24967232708199075,1,False,,,,
1766480487.884259,0.49104740054577045,0.7024909036884099,0.24967232708199075,1,False,,,,
1766480487.887251,0.4949698719875862,0.6916387170858773,0.10407589163970288,1,False,,,,
1766480488.104466,0.4949698719875862,0.6916387170858773,0.10407589163970288,1,False,,,,
1766480488.110919,0.4958196691684744,0.688400519236043,0.10969776342999661,1,False,,,,
1766480488.115432,0.46507690269257357,0.6159256816009757,0.9547333121299744,1,False,,,,
1766480488.119043,0.46507690269257357,0.6159256816009757,0.9547333121299744,1,False,,,,
1766480488.125679,0.4945247894875715,0.6920401345117,0.12476906918419353,1,False,,,,
1766480488.356301,0.4945247894875715,0.6920401345117,0.12476906918419353,1,False,,,,
1766480488.3623538,0.4945247894875715,0.6920401345117,0.12476906918419353,1,False,,,,
1766480488.365196,0.4945247894875715,0.6920401345117,0.12476906918419353,1,False,,,,
1766480488.367658,0.4945247894875715,0.6920401345117,0.12476906918419353,1,False,,,,
1766480488.370325,0.4730676191000627,0.6637348182837799,0.0,1,False,,,,
1766480488.593643,0.4730676191000627,0.6637348182837799,0.0,1,False,,,,
1766480488.600327,0.4730676191000627,0.6637348182837799,0.0,1,False,,,,
1766480488.605371,0.4730676191000627,0.6637348182837799,0.0,1,False,,,,
1766480488.6078029,0.4730676191000627,0.6637348182837799,0.0,1,False,,,,
1766480488.610487,0.47310147981265604,0.6637196875488505,0.0,1,False,,,,
1766480488.851459,0.47310147981265604,0.6637196875488505,0.0,1,False,,,,
1766480488.858015,0.47310147981265604,0.6637196875488505,0.0,1,False,,,,
1766480488.8646138,0.47310147981265604,0.6637196875488505,0.0,1,False,,,,
1766480488.867448,0.47310147981265604,0.6637196875488505,0.0,1,False,,,,
1766480488.870176,0.4482066274755631,0.619475280410794,0.17025941892412585,1,False,,,,
1766480489.172569,0.4482066274755631,0.619475280410794,0.17025941892412585,1,False,,,,
1766480489.178405,0.4482066274755631,0.619475280410794,0.17025941892412585,1,False,,,,
1766480489.1813529,0.4482066274755631,0.619475280410794,0.17025941892412585,1,False,,,,
1766480489.1844978,0.44619979762273376,0.6205759522638136,0.2128422033384993,1,False,,,,
1766480489.19133,0.47310147981265604,0.6637196875488505,0.0,1,False,,,,
1766480489.4308228,0.47310147981265604,0.6637196875488505,0.0,1,False,,,,
1766480489.437251,0.47310147981265604,0.6637196875488505,0.0,1,False,,,,
1766480489.440089,0.47310147981265604,0.6637196875488505,0.0,1,False,,,,
1766480489.443083,0.47310147981265604,0.6637196875488505,0.0,1,False,,,,
1766480489.4455218,0.47310147981265604,0.6637196875488505,0.0,1,False,,,,
1766480489.6863968,0.47310147981265604,0.6637196875488505,0.0,1,False,,,,
1766480489.6940758,0.47310147981265604,0.6637196875488505,0.0,1,False,,,,
1766480489.701036,0.47310147981265604,0.6637196875488505,0.0,1,False,,,,
1766480489.703916,0.47310147981265604,0.6637196875488505,0.0,1,False,,,,
1766480489.706629,0.47310147981265604,0.6637196875488505,0.0,1,False,,,,
1766480489.9244668,0.45410376176071254,0.6061498521879672,0.21508368625778515,1,False,,,,
1766480489.92995,0.45410376176071254,0.6061498521879672,0.21508368625778515,1,False,,,,
1766480489.9373188,0.45410376176071254,0.6061498521879672,0.21508368625778515,1,False,,,,
1766480489.9402041,0.45410376176071254,0.6061498521879672,0.21508368625778515,1,False,,,,
1766480489.942933,0.47310147981265604,0.6637196875488505,0.0,1,False,,,,
1766480490.1604,0.2716888394891337,0.7879186378542326,0.7193579140954007,1,False,,,,
1766480490.167686,0.2716888394891337,0.7879186378542326,0.7193579140954007,1,False,,,,
1766480490.17363,0.2716888394891337,0.7879186378542326,0.7193579140954007,1,False,,,,
1766480490.176849,0.2716888394891337,0.7879186378542326,0.7193579140954007,1,False,,,,
1766480490.179531,0.47310147981265604,0.6637196875488505,0.0,1,False,,,,
1766480490.434013,0.47310147981265604,0.6637196875488505,0.0,1,False,,,,
1766480490.440186,0.47310147981265604,0.6637196875488505,0.0,1,False,,,,
1766480490.443137,0.47310147981265604,0.6637196875488505,0.0,1,False,,,,
1766480490.448363,0.47310147981265604,0.6637196875488505,0.0,1,False,,,,
1766480490.451273,0.47310147981265604,0.6637196875488505,0.0,1,False,,,,
1766480490.706754,0.47310147981265604,0.6637196875488505,0.0,1,False,,,,
1766480490.712585,0.47310147981265604,0.6637196875488505,0.0,1,False,,,,
1766480490.715426,0.47310147981265604,0.6637196875488505,0.0,1,False,,,,
1766480490.7180731,0.47310147981265604,0.6637196875488505,0.0,1,False,,,,
1766480490.720669,0.47310147981265604,0.6637196875488505,0.0,1,False,,,,
1766480490.942255,0.47310147981265604,0.6637196875488505,0.0,1,False,,,,
1766480490.947993,0.47310147981265604,0.6637196875488505,0.0,1,False,,,,
1766480490.9514,0.47310147981265604,0.6637196875488505,0.0,1,False,,,,
1766480490.953984,0.47310147981265604,0.6637196875488505,0.0,1,False,,,,
1766480490.956411,0.4584706782526259,0.6036980304136115,0.23565554927447896,1,False,,,,
1766480491.176977,0.4584706782526259,0.6036980304136115,0.23565554927447896,1,False,,,,
1766480491.18317,0.4584706782526259,0.6036980304136115,0.23565554927447896,1,False,,,,
1766480491.18611,0.4584706782526259,0.6036980304136115,0.23565554927447896,1,False,,,,
1766480491.1886709,0.4584706782526259,0.6036980304136115,0.23565554927447896,1,False,,,,
1766480491.191224,0.4635724051451848,0.5959316725383536,0.18604834593627026,1,False,,,,
1766480491.456652,0.4635724051451848,0.5959316725383536,0.18604834593627026,1,False,,,,
1766480491.4632268,0.468506883294328,0.5949320551008654,0.2140587173664258,1,False,,,,
1766480491.46683,0.468506883294328,0.5949320551008654,0.2140587173664258,1,False,,,,
1766480491.469834,0.468506883294328,0.5949320551008654,0.2140587173664258,1,False,,,,
1766480491.476361,0.4544820060565116,0.6003003806178681,0.20252698806871564,1,False,,,,
1766480491.708331,0.4544820060565116,0.6003003806178681,0.20252698806871564,1,False,,,,
1766480491.714993,0.4544820060565116,0.6003003806178681,0.20252698806871564,1,False,,,,
1766480491.720256,0.4544820060565116,0.6003003806178681,0.20252698806871564,1,False,,,,
1766480491.723122,0.4544820060565116,0.6003003806178681,0.20252698806871564,1,False,,,,
1766480491.726073,0.4758393457082935,0.6664871530512534,0.19638514229792273,1,False,,,,
1766480491.982961,0.4758393457082935,0.6664871530512534,0.19638514229792273,1,False,,,,
1766480491.989553,0.4758393457082935,0.6664871530512534,0.19638514229792273,1,False,,,,
1766480491.992953,0.4758393457082935,0.6664871530512534,0.19638514229792273,1,False,,,,
1766480491.9960508,0.4758393457082935,0.6664871530512534,0.19638514229792273,1,False,,,,
1766480491.998799,0.47502155108528266,0.6630677345104677,0.08323754354404668,2,False,,,,
1766480492.326186,0.47502155108528266,0.6630677345104677,0.08323754354404668,2,False,,,,
1766480492.33299,0.47502155108528266,0.6630677345104677,0.08323754354404668,2,False,,,,
1766480492.337034,0.4554182386498331,0.5887760636292919,0.23659783596939893,2,False,,,,
1766480492.340852,0.4554182386498331,0.5887760636292919,0.23659783596939893,2,False,,,,
1766480492.346459,0.47312702582941296,0.6637480253962955,0.0,1,False,,,,
1766480492.614603,0.47312702582941296,0.6637480253962955,0.0,1,False,,,,
1766480492.6210508,0.47312702582941296,0.6637480253962955,0.0,1,False,,,,
1766480492.623947,0.47312702582941296,0.6637480253962955,0.0,1,False,,,,
1766480492.6263099,0.47312702582941296,0.6637480253962955,0.0,1,False,,,,
1766480492.628872,0.46059383658005837,0.5848730756025502,0.23966104579035774,0,False,,,,
1766480492.8101602,0.46059383658005837,0.5848730756025502,0.23966104579035774,0,False,,,,
1766480492.81735,0.46059383658005837,0.5848730756025502,0.23966104579035774,0,False,,,,
1766480492.8231392,0.46059383658005837,0.5848730756025502,0.23966104579035774,0,False,,,,
1766480492.825946,0.46059383658005837,0.5848730756025502,0.23966104579035774,0,False,,,,
1766480492.8283598,0.47312702582941296,0.6637480253962955,0.0,0,False,,,,
1766480493.004813,0.37401141557875495,0.2139758960601057,0.7902144190817122,0,False,,,,
1766480493.010485,0.37401141557875495,0.2139758960601057,0.7902144190817122,0,False,,,,
1766480493.017269,0.37401141557875495,0.2139758960601057,0.7902144190817122,0,False,,,,
1766480493.019893,0.37401141557875495,0.2139758960601057,0.7902144190817122,0,False,,,,
1766480493.022869,0.4625261002158555,0.5931065885749375,0.22817657926088267,1,False,,,,
1766480493.250162,0.4625261002158555,0.5931065885749375,0.22817657926088267,1,False,,,,
1766480493.25635,0.4625261002158555,0.5931065885749375,0.22817657926088267,1,False,,,,
1766480493.259209,0.4625261002158555,0.5931065885749375,0.22817657926088267,1,False,,,,
1766480493.2616918,0.4625261002158555,0.5931065885749375,0.22817657926088267,1,False,,,,
1766480493.264128,0.46387649215717663,0.5957233093657137,0.24729308102604122,1,False,,,,
1766480493.489273,0.46387649215717663,0.5957233093657137,0.24729308102604122,1,False,,,,
1766480493.495172,0.46387649215717663,0.5957233093657137,0.24729308102604122,1,False,,,,
1766480493.497885,0.46387649215717663,0.5957233093657137,0.24729308102604122,1,False,,,,
1766480493.5029309,0.46387649215717663,0.5957233093657137,0.24729308102604122,1,False,,,,
1766480493.506001,0.45927647853374853,0.5863030284261318,0.12432506639717493,1,False,,,,
1766480493.833465,0.45927647853374853,0.5863030284261318,0.12432506639717493,1,False,,,,
1766480493.839971,0.45927647853374853,0.5863030284261318,0.12432506639717493,1,False,,,,
1766480493.843072,0.4569005106555287,0.5864943792317869,0.14976840698312743,1,False,,,,
1766480493.84603,0.4569005106555287,0.5864943792317869,0.14976840698312743,1,False,,,,
1766480493.848963,0.455136798040754,0.5873678779113747,0.1872063636882427,2,False,,,,
1766480494.22192,0.455136798040754,0.5873678779113747,0.1872063636882427,2,False,,,,
1766480494.227921,0.455136798040754,0.5873678779113747,0.1872063636882427,2,False,,,,
1766480494.2305028,0.455136798040754,0.5873678779113747,0.1872063636882427,2,False,,,,
1766480494.233084,0.455136798040754,0.5873678779113747,0.1872063636882427,2,False,,,,
1766480494.235481,0.4541745297060721,0.5847553826412308,0.15227367273558182,1,False,,,,
1766480494.490025,0.4541745297060721,0.5847553826412308,0.15227367273558182,1,False,,,,
1766480494.4964302,0.4541745297060721,0.5847553826412308,0.15227367273558182,1,False,,,,
1766480494.4996648,0.4541745297060721,0.5847553826412308,0.15227367273558182,1,False,,,,
1766480494.5026271,0.4541745297060721,0.5847553826412308,0.15227367273558182,1,False,,,,
1766480494.505475,0.4535763041823236,0.5869383439344888,0.1603684716907878,1,False,,,,
1766480494.7480571,0.4557005202597234,0.5854969037822999,0.1635263027931267,1,False,,,,
1766480494.7544372,0.4557005202597234,0.5854969037822999,0.1635263027931267,1,False,,,,
1766480494.761151,0.4557005202597234,0.5854969037822999,0.1635263027931267,1,False,,,,
1766480494.7638779,0.4557005202597234,0.5854969037822999,0.1635263027931267,1,False,,,,
1766480494.7663848,0.46125997073959224,0.5778170692097803,0.1102002431304454,1,False,,,,
1766480495.1001961,0.46125997073959224,0.5778170692097803,0.1102002431304454,1,False,,,,
1766480495.106167,0.46125997073959224,0.5778170692097803,0.1102002431304454,1,False,,,,
1766480495.1114109,0.46125997073959224,0.5778170692097803,0.1102002431304454,1,False,,,,
1766480495.114509,0.45597077330982516,0.5894025122110849,0.15199278287661439,1,False,,,,
1766480495.1173398,0.46829037606500484,0.5857550509911222,0.2462818139564401,1,False,,,,
1766480495.375316,0.46829037606500484,0.5857550509911222,0.2462818139564401,1,False,,,,
1766480495.381993,0.4731788735940613,0.6637265958639674,0.0,1,False,,,,
1766480495.385535,0.46680790709802905,0.5917910837750551,0.18768179762452158,1,False,,,,
1766480495.388431,0.46680790709802905,0.5917910837750551,0.18768179762452158,1,False,,,,
1766480495.395774,0.4731788735940613,0.6637265958639674,0.0,1,False,,,,
1766480495.7503848,0.4685942350166103,0.5799409438337221,0.1924760138123264,1,False,,,,
1766480495.756983,0.4731787477275934,0.6637266411848082,0.0,1,False,,,,
1766480495.763695,0.4731787477275934,0.6637266411848082,0.0,1,False,,,,
1766480495.766769,0.4731787477275934,0.6637266411848082,0.0,1,False,,,,
1766480495.772039,0.45488321491444034,0.5819678290432586,0.19560362216534932,1,False,,,,
1766480496.0408142,0.45488321491444034,0.5819678290432586,0.19560362216534932,1,False,,,,
1766480496.0473971,0.45488321491444034,0.5819678290432586,0.19560362216534932,1,False,,,,
1766480496.050459,0.45488321491444034,0.5819678290432586,0.19560362216534932,1,False,,,,
1766480496.052995,0.45488321491444034,0.5819678290432586,0.19560362216534932,1,False,,,,
1766480496.056509,0.4568804931889511,0.5847033900668381,0.14293466649757505,1,False,,,,
1766480496.323848,0.4731787477275934,0.6637266411848082,0.0,1,False,,,,
1766480496.331421,0.4731787477275934,0.6637266411848082,0.0,1,False,,,,
1766480496.337876,0.4731787477275934,0.6637266411848082,0.0,1,False,,,,
1766480496.340933,0.4731787477275934,0.6637266411848082,0.0,1,False,,,,
1766480496.3435571,0.4731787477275934,0.6637266411848082,0.0,1,False,,,,
1766480496.640069,0.4731787477275934,0.6637266411848082,0.0,1,False,,,,
1766480496.64557,0.4731787477275934,0.6637266411848082,0.0,1,False,,,,
1766480496.6482959,0.4731787477275934,0.6637266411848082,0.0,1,False,,,,
1766480496.6510148,0.4731787477275934,0.6637266411848082,0.0,1,False,,,,
1766480496.653536,0.462000066609152,0.5781062828220109,0.1301582119428206,1,False,,,,
1766480497.03616,0.462000066609152,0.5781062828220109,0.1301582119428206,1,False,,,,
1766480497.042911,0.462000066609152,0.5781062828220109,0.1301582119428206,1,False,,,,
1766480497.0462568,0.462000066609152,0.5781062828220109,0.1301582119428206,1,False,,,,
1766480497.049033,0.462000066609152,0.5781062828220109,0.1301582119428206,1,False,,,,
1766480497.0520692,0.4671243205660313,0.578696646474644,0.23889394144153933,1,False,,,,
1766480497.342913,0.4671243205660313,0.578696646474644,0.23889394144153933,1,False,,,,
1766480497.34978,0.4671243205660313,0.578696646474644,0.23889394144153933,1,False,,,,
1766480497.352436,0.4671243205660313,0.578696646474644,0.23889394144153933,1,False,,,,
1766480497.357803,0.4671243205660313,0.578696646474644,0.23889394144153933,1,False,,,,
1766480497.360451,0.4667970773311594,0.5823564854666022,0.229536425465949,1,False,,,,
1766480497.611986,0.4667970773311594,0.5823564854666022,0.229536425465949,1,False,,,,
1766480497.619051,0.4667970773311594,0.5823564854666022,0.229536425465949,1,False,,,,
1766480497.621993,0.4667970773311594,0.5823564854666022,0.229536425465949,1,False,,,,
1766480497.624513,0.4667970773311594,0.5823564854666022,0.229536425465949,1,False,,,,
1766480497.627243,0.4771469737324877,0.6767403994434389,0.42859898479266095,1,False,,,,
1766480497.9601312,0.4771469737324877,0.6767403994434389,0.42859898479266095,1,False,,,,
1766480497.9678552,0.4777234226776191,0.676299749018908,0.45057279231241965,1,False,,,,
1766480497.975444,0.4777234226776191,0.676299749018908,0.45057279231241965,1,False,,,,
1766480497.97854,0.4777234226776191,0.676299749018908,0.45057279231241965,1,False,,,,
1766480497.981479,0.4673248750700713,0.5798234612055193,0.05400023191375358,1,True,0.4482211470603943,0.42058563232421875,0.0905214324593544,0.20390625298023224
1766480498.373757,0.4801542844468155,0.7079030616671761,0.7835038900375366,1,False,,,,
1766480498.381561,0.4801542844468155,0.7079030616671761,0.7835038900375366,1,False,,,,
1766480498.384772,0.4801542844468155,0.7079030616671761,0.7835038900375366,1,False,,,,
1766480498.387702,0.4801542844468155,0.7079030616671761,0.7835038900375366,1,False,,,,
1766480498.3904152,0.47532027388384845,0.6737345813464404,0.5170987268888277,2,True,0.44702720642089844,0.46326544880867004,0.08929137885570526,0.19314071536064148
1766480498.6777349,0.47532027388384845,0.6737345813464404,0.5170987268888277,2,True,0.44702720642089844,0.46326544880867004,0.08929137885570526,0.19314071536064148
1766480498.684835,0.47532027388384845,0.6737345813464404,0.5170987268888277,2,True,0.44702720642089844,0.46326544880867004,0.08929137885570526,0.19314071536064148
1766480498.6878788,0.47532027388384845,0.6737345813464404,0.5170987268888277,2,True,0.44702720642089844,0.46326544880867004,0.08929137885570526,0.19314071536064148
1766480498.69056,0.47532027388384845,0.6737345813464404,0.5170987268888277,2,True,0.44702720642089844,0.46326544880867004,0.08929137885570526,0.19314071536064148
1766480498.692945,0.48421398450288516,0.6267750381307782,0.0,1,False,,,,
1766480498.953291,0.48421398450288516,0.6267750381307782,0.0,1,False,,,,
1766480498.9597912,0.48421398450288516,0.6267750381307782,0.0,1,False,,,,
1766480498.965107,0.48421398450288516,0.6267750381307782,0.0,1,False,,,,
1766480498.967628,0.48421398450288516,0.6267750381307782,0.0,1,False,,,,
1766480498.970447,0.4881108268389213,0.7055093323625518,0.19295354275128912,1,False,,,,
1766480499.3912342,0.4881108268389213,0.7055093323625518,0.19295354275128912,1,False,,,,
1766480499.39787,0.4881108268389213,0.7055093323625518,0.19295354275128912,1,False,,,,
1766480499.400964,0.4881108268389213,0.7055093323625518,0.19295354275128912,1,False,,,,
1766480499.404059,0.4881108268389213,0.7055093323625518,0.19295354275128912,1,False,,,,
1766480499.406923,0.48421398450288516,0.6267750381307782,0.0,1,True,0.4334107041358948,0.42535945773124695,0.09336433559656143,0.19301380217075348
1766480499.628,0.48421398450288516,0.6267750381307782,0.0,1,True,0.4334107041358948,0.42535945773124695,0.09336433559656143,0.19301380217075348
1766480499.6345239,0.48421398450288516,0.6267750381307782,0.0,1,True,0.4334107041358948,0.42535945773124695,0.09336433559656143,0.19301380217075348
1766480499.637502,0.48421398450288516,0.6267750381307782,0.0,1,True,0.4334107041358948,0.42535945773124695,0.09336433559656143,0.19301380217075348
1766480499.6414568,0.4889298997298318,0.7036132244311476,0.13772210016285194,1,False,,,,
1766480499.6478112,0.4731809872733761,0.6637256837455745,0.0,1,False,,,,
1766480499.951065,0.4842125427944263,0.626764231743426,0.0,1,True,0.4221877157688141,0.4186643958091736,0.09248809516429901,0.1951870322227478
1766480499.958355,0.4842125427944263,0.626764231743426,0.0,1,True,0.4221877157688141,0.4186643958091736,0.09248809516429901,0.1951870322227478
1766480499.96149,0.4842125427944263,0.626764231743426,0.0,1,True,0.4221877157688141,0.4186643958091736,0.09248809516429901,0.1951870322227478
1766480499.964085,0.4842125427944263,0.626764231743426,0.0,1,True,0.4221877157688141,0.4186643958091736,0.09248809516429901,0.1951870322227478
1766480499.96721,0.4842125427944263,0.626764231743426,0.0,1,True,0.4163103699684143,0.4419792890548706,0.09127359092235565,0.19419284164905548
1766480500.2049952,0.4842125427944263,0.626764231743426,0.0,1,True,0.4163103699684143,0.4419792890548706,0.09127359092235565,0.19419284164905548
1766480500.21201,0.4842125427944263,0.626764231743426,0.0,1,True,0.4163103699684143,0.4419792890548706,0.09127359092235565,0.19419284164905548
1766480500.215598,0.4842125427944263,0.626764231743426,0.0,1,True,0.4163103699684143,0.4419792890548706,0.09127359092235565,0.19419284164905548
1766480500.218851,0.4842125427944263,0.626764231743426,0.0,1,True,0.4163103699684143,0.4419792890548706,0.09127359092235565,0.19419284164905548
1766480500.227041,0.4731809872733761,0.6637256837455745,0.0,1,True,0.4143349528312683,0.4624008536338806,0.09087038040161133,0.19603487849235535
1766480500.65812,0.4731809872733761,0.6637256837455745,0.0,1,True,0.4143349528312683,0.4624008536338806,0.09087038040161133,0.19603487849235535
1766480500.66358,0.4731809872733761,0.6637256837455745,0.0,1,True,0.4143349528312683,0.4624008536338806,0.09087038040161133,0.19603487849235535
1766480500.666475,0.4731809872733761,0.6637256837455745,0.0,1,True,0.4143349528312683,0.4624008536338806,0.09087038040161133,0.19603487849235535
1766480500.668976,0.4731809872733761,0.6637256837455745,0.0,1,True,0.4143349528312683,0.4624008536338806,0.09087038040161133,0.19603487849235535
1766480500.671626,0.4731809872733761,0.6637256837455745,0.0,1,True,0.4133390486240387,0.48180559277534485,0.09193591773509979,0.19252149760723114
1766480500.893162,0.4731809872733761,0.6637256837455745,0.0,1,True,0.4133390486240387,0.48180559277534485,0.09193591773509979,0.19252149760723114
1766480500.899457,0.4731809872733761,0.6637256837455745,0.0,1,True,0.4133390486240387,0.48180559277534485,0.09193591773509979,0.19252149760723114
1766480500.90296,0.4731809872733761,0.6637256837455745,0.0,1,True,0.4133390486240387,0.48180559277534485,0.09193591773509979,0.19252149760723114
1766480500.905636,0.4731809872733761,0.6637256837455745,0.0,1,True,0.4133390486240387,0.48180559277534485,0.09193591773509979,0.19252149760723114
1766480500.908258,0.4842125427944263,0.626764231743426,0.0,1,True,0.4123009741306305,0.47722965478897095,0.09389849007129669,0.197983980178833
1766480501.1280918,0.4842125427944263,0.626764231743426,0.0,1,True,0.4123009741306305,0.47722965478897095,0.09389849007129669,0.197983980178833
1766480501.1345458,0.4842125427944263,0.626764231743426,0.0,1,True,0.4123009741306305,0.47722965478897095,0.09389849007129669,0.197983980178833
1766480501.1374102,0.4842125427944263,0.626764231743426,0.0,1,True,0.4123009741306305,0.47722965478897095,0.09389849007129669,0.197983980178833
1766480501.1431758,0.4842125427944263,0.626764231743426,0.0,1,True,0.4123009741306305,0.47722965478897095,0.09389849007129669,0.197983980178833
1766480501.146282,0.4731809872733761,0.6637256837455745,0.0,1,True,0.4152216911315918,0.4824528098106384,0.09220314025878906,0.19506514072418213
1766480501.441823,0.4731809872733761,0.6637256837455745,0.0,1,True,0.4152216911315918,0.4824528098106384,0.09220314025878906,0.19506514072418213
1766480501.448977,0.4731809872733761,0.6637256837455745,0.0,1,True,0.4152216911315918,0.4824528098106384,0.09220314025878906,0.19506514072418213
1766480501.452514,0.4842125427944263,0.626764231743426,0.0,1,True,0.4152216911315918,0.4824528098106384,0.09220314025878906,0.19506514072418213
1766480501.4564102,0.4842125427944263,0.626764231743426,0.0,1,True,0.4152216911315918,0.4824528098106384,0.09220314025878906,0.19506514072418213
1766480501.471015,0.4731809872733761,0.6637256837455745,0.0,1,True,0.40944966673851013,0.4916501045227051,0.09549589455127716,0.19565145671367645
1766480501.8506722,0.4842125427944263,0.626764231743426,0.0,1,True,0.40944966673851013,0.4916501045227051,0.09549589455127716,0.19565145671367645
1766480501.857729,0.4731809872733761,0.6637256837455745,0.0,1,True,0.40944966673851013,0.4916501045227051,0.09549589455127716,0.19565145671367645
1766480501.86566,0.4731809872733761,0.6637256837455745,0.0,1,True,0.40944966673851013,0.4916501045227051,0.09549589455127716,0.19565145671367645
1766480501.868662,0.4731809872733761,0.6637256837455745,0.0,1,True,0.40944966673851013,0.4916501045227051,0.09549589455127716,0.19565145671367645
1766480501.871244,0.4842125427944263,0.626764231743426,0.0,1,True,0.4051143229007721,0.48541176319122314,0.09698400646448135,0.20131021738052368
1766480502.196662,0.4842125427944263,0.626764231743426,0.0,1,True,0.4051143229007721,0.48541176319122314,0.09698400646448135,0.20131021738052368
1766480502.2030249,0.4842125427944263,0.626764231743426,0.0,1,True,0.4051143229007721,0.48541176319122314,0.09698400646448135,0.20131021738052368
1766480502.206282,0.4842125427944263,0.626764231743426,0.0,1,True,0.4051143229007721,0.48541176319122314,0.09698400646448135,0.20131021738052368
1766480502.209114,0.4842125427944263,0.626764231743426,0.0,1,True,0.4051143229007721,0.48541176319122314,0.09698400646448135,0.20131021738052368
1766480502.212422,0.4731809872733761,0.6637256837455745,0.0,1,True,0.4096578061580658,0.4907803535461426,0.09594907611608505,0.20003505051136017
1766480502.4928992,0.4842125427944263,0.626764231743426,0.0,1,True,0.4096578061580658,0.4907803535461426,0.09594907611608505,0.20003505051136017
1766480502.5006778,0.4842125427944263,0.626764231743426,0.0,1,True,0.4096578061580658,0.4907803535461426,0.09594907611608505,0.20003505051136017
1766480502.50705,0.4842125427944263,0.626764231743426,0.0,1,True,0.4096578061580658,0.4907803535461426,0.09594907611608505,0.20003505051136017
1766480502.509898,0.4842125427944263,0.626764231743426,0.0,1,True,0.4096578061580658,0.4907803535461426,0.09594907611608505,0.20003505051136017
1766480502.51277,0.4731809872733761,0.6637256837455745,0.0,1,True,0.41354599595069885,0.5448681116104126,0.09448127448558807,0.19982147216796875
1766480502.8722649,0.4731809872733761,0.6637256837455745,0.0,1,True,0.41354599595069885,0.5448681116104126,0.09448127448558807,0.19982147216796875
1766480502.878922,0.4731809872733761,0.6637256837455745,0.0,1,True,0.41354599595069885,0.5448681116104126,0.09448127448558807,0.19982147216796875
1766480502.88461,0.4731809872733761,0.6637256837455745,0.0,1,True,0.41354599595069885,0.5448681116104126,0.09448127448558807,0.19982147216796875
1766480502.8882072,0.4731809872733761,0.6637256837455745,0.0,1,True,0.41354599595069885,0.5448681116104126,0.09448127448558807,0.19982147216796875
1766480502.891753,0.48041898657433135,0.7204140722143897,0.7760525162838028,1,True,0.42651233077049255,0.6069474220275879,0.09397878497838974,0.1923612803220749
1766480503.1023638,0.48041898657433135,0.7204140722143897,0.7760525162838028,1,True,0.42651233077049255,0.6069474220275879,0.09397878497838974,0.1923612803220749
1766480503.1091788,0.48041898657433135,0.7204140722143897,0.7760525162838028,1,True,0.42651233077049255,0.6069474220275879,0.09397878497838974,0.1923612803220749
1766480503.112118,0.48041898657433135,0.7204140722143897,0.7760525162838028,1,True,0.42651233077049255,0.6069474220275879,0.09397878497838974,0.1923612803220749
1766480503.114916,0.48041898657433135,0.7204140722143897,0.7760525162838028,1,True,0.42651233077049255,0.6069474220275879,0.09397878497838974,0.1923612803220749
1766480503.1174452,0.48452217128261327,0.7145583496823678,0.7520231093182341,1,True,0.43440335988998413,0.6282768845558167,0.09432744979858398,0.19237332046031952
1766480503.3595252,0.4731809872733761,0.6637256837455745,0.0,1,True,0.43440335988998413,0.6282768845558167,0.09432744979858398,0.19237332046031952
1766480503.366497,0.4731809872733761,0.6637256837455745,0.0,1,True,0.43440335988998413,0.6282768845558167,0.09432744979858398,0.19237332046031952
1766480503.3739898,0.4731809872733761,0.6637256837455745,0.0,1,True,0.43440335988998413,0.6282768845558167,0.09432744979858398,0.19237332046031952
1766480503.377048,0.4731809872733761,0.6637256837455745,0.0,1,True,0.43440335988998413,0.6282768845558167,0.09432744979858398,0.19237332046031952
1766480503.38207,0.4894795104307684,0.6712816240625171,0.03882692583559411,1,True,0.453643262386322,0.6497504115104675,0.09375610202550888,0.19409602880477905
1766480503.695168,0.4835657313976188,0.6716324332927208,0.00459144609772044,1,True,0.453643262386322,0.6497504115104675,0.09375610202550888,0.19409602880477905
1766480503.702301,0.4835657313976188,0.6716324332927208,0.00459144609772044,1,True,0.453643262386322,0.6497504115104675,0.09375610202550888,0.19409602880477905
1766480503.709503,0.4835657313976188,0.6716324332927208,0.00459144609772044,1,True,0.453643262386322,0.6497504115104675,0.09375610202550888,0.19409602880477905
1766480503.7126179,0.4835657313976188,0.6716324332927208,0.00459144609772044,1,True,0.453643262386322,0.6497504115104675,0.09375610202550888,0.19409602880477905
1766480503.715177,0.4857151178594701,0.6688497160569487,0.005147060548987207,1,False,,,,
1766480503.9468732,0.4857151178594701,0.6688497160569487,0.005147060548987207,1,False,,,,
1766480503.952713,0.4857151178594701,0.6688497160569487,0.005147060548987207,1,False,,,,
1766480503.955843,0.4857151178594701,0.6688497160569487,0.005147060548987207,1,False,,,,
1766480503.958681,0.4857151178594701,0.6688497160569487,0.005147060548987207,1,False,,,,
1766480503.962095,0.4731809872733761,0.6637256837455745,0.0,1,False,,,,
1766480504.220104,0.4731809872733761,0.6637256837455745,0.0,1,False,,,,
1766480504.2248662,0.4731809872733761,0.6637256837455745,0.0,1,False,,,,
1766480504.228354,0.4731809872733761,0.6637256837455745,0.0,1,False,,,,
1766480504.231748,0.4731809872733761,0.6637256837455745,0.0,1,False,,,,
1766480504.2359838,0.48533147135245364,0.6728897774889223,0.027369236848785523,1,False,,,,
1766480504.58967,0.48533147135245364,0.6728897774889223,0.027369236848785523,1,False,,,,
1766480504.596394,0.48533147135245364,0.6728897774889223,0.027369236848785523,1,False,,,,
1766480504.600369,0.4889001496048593,0.6749754001016678,0.08266997532826496,1,False,,,,
1766480504.603622,0.4889001496048593,0.6749754001016678,0.08266997532826496,1,False,,,,
1766480504.6096902,0.47590128947135185,0.6847812296507501,0.4408061359040912,1,False,,,,
1766480504.8869948,0.47590128947135185,0.6847812296507501,0.4408061359040912,1,False,,,,
1766480504.894575,0.47590128947135185,0.6847812296507501,0.4408061359040912,1,False,,,,
1766480504.897185,0.47590128947135185,0.6847812296507501,0.4408061359040912,1,False,,,,
1766480504.902362,0.4765798475282795,0.6832977902425298,0.30133332241807326,1,False,,,,
1766480504.906686,0.4830252052217657,0.6798588542556265,0.4603298439449521,1,False,,,,
1766480505.1444921,0.4830252052217657,0.6798588542556265,0.4603298439449521,1,False,,,,
1766480505.152132,0.4830252052217657,0.6798588542556265,0.4603298439449521,1,False,,,,
1766480505.154969,0.4830252052217657,0.6798588542556265,0.4603298439449521,1,False,,,,
1766480505.157428,0.4830252052217657,0.6798588542556265,0.4603298439449521,1,False,,,,
1766480505.159717,0.48031131807686267,0.6785957235051964,0.018951115552678945,1,False,,,,
1766480505.399117,0.48031131807686267,0.6785957235051964,0.018951115552678945,1,False,,,,
1766480505.40649,0.481535724008712,0.7133049729352826,0.7114910012815427,1,False,,,,
1766480505.410722,0.481535724008712,0.7133049729352826,0.7114910012815427,1,False,,,,
1766480505.416977,0.481535724008712,0.7133049729352826,0.7114910012815427,1,False,,,,
1766480505.419635,0.4817146255758938,0.7034214203466493,0.7204288791524446,0,False,,,,
1766480505.5923462,0.4817146255758938,0.7034214203466493,0.7204288791524446,0,False,,,,
1766480505.598447,0.4817146255758938,0.7034214203466493,0.7204288791524446,0,False,,,,
1766480505.60137,0.4778759933021581,0.6850357308315412,0.3982761905801434,0,False,,,,
1766480505.60427,0.32248558337067157,1.1172393835464147,0.741238720907643,0,False,,,,
1766480505.607168,0.4585951156133633,0.5917598090645072,0.257379129730226,1,False,,,,
1766480505.89566,0.4585951156133633,0.5917598090645072,0.257379129730226,1,False,,,,
1766480505.901812,0.4585951156133633,0.5917598090645072,0.257379129730226,1,False,,,,
1766480505.904703,0.4585951156133633,0.5917598090645072,0.257379129730226,1,False,,,,
1766480505.907306,0.4584552998329869,0.5922577092831556,0.2910191960721403,1,False,,,,
1766480505.910244,0.4696131430610536,0.5903090419458379,0.23893507586135412,1,False,,,,
1766480506.1843069,0.4696131430610536,0.5903090419458379,0.23893507586135412,1,False,,,,
1766480506.1900108,0.4696131430610536,0.5903090419458379,0.23893507586135412,1,False,,,,
1766480506.1949508,0.4696131430610536,0.5903090419458379,0.23893507586135412,1,False,,,,
1766480506.1973681,0.4696131430610536,0.5903090419458379,0.23893507586135412,1,False,,,,
1766480506.200165,0.4790984031263905,0.6849362738494863,0.511368822759283,1,False,,,,
1766480506.4948869,0.4790984031263905,0.6849362738494863,0.511368822759283,1,False,,,,
1766480506.500886,0.4790984031263905,0.6849362738494863,0.511368822759283,1,False,,,,
1766480506.504211,0.4790984031263905,0.6849362738494863,0.511368822759283,1,False,,,,
1766480506.506971,0.4790984031263905,0.6849362738494863,0.511368822759283,1,False,,,,
1766480506.509799,0.4615112267237628,1.0518256269049049,0.7402890181685198,1,False,,,,
1766480506.87076,0.4615112267237628,1.0518256269049049,0.7402890181685198,1,False,,,,
1766480506.8767428,0.4615112267237628,1.0518256269049049,0.7402890181685198,1,False,,,,
1766480506.879669,0.5149266539593442,0.860190098657333,0.8846789016144894,1,False,,,,
1766480506.884026,0.5149266539593442,0.860190098657333,0.8846789016144894,1,False,,,,
1766480506.8894122,0.47532899064037093,0.6863916996701112,0.5228789213143384,1,False,,,,
1766480507.1788428,0.46702644134159615,0.5823783674269168,0.27433239321929315,1,False,,,,
1766480507.18669,0.46702644134159615,0.5823783674269168,0.27433239321929315,1,False,,,,
1766480507.1931598,0.46702644134159615,0.5823783674269168,0.27433239321929315,1,False,,,,
1766480507.196189,0.46702644134159615,0.5823783674269168,0.27433239321929315,1,False,,,,
1766480507.1986299,0.4758364692638685,0.6837786484511423,0.4857517263145783,0,False,,,,
1766480507.388947,0.4758364692638685,0.6837786484511423,0.4857517263145783,0,False,,,,
1766480507.3955631,0.4758364692638685,0.6837786484511423,0.4857517263145783,0,False,,,,
1766480507.3984761,0.4758364692638685,0.6837786484511423,0.4857517263145783,0,False,,,,
1766480507.401269,0.4758364692638685,0.6837786484511423,0.4857517263145783,0,False,,,,
1766480507.403693,0.4740584102002952,0.6021100474721448,0.3170499193039144,1,False,,,,
1766480507.621712,0.4740584102002952,0.6021100474721448,0.3170499193039144,1,False,,,,
1766480507.6276999,0.4740584102002952,0.6021100474721448,0.3170499193039144,1,False,,,,
1766480507.630684,0.4740584102002952,0.6021100474721448,0.3170499193039144,1,False,,,,
1766480507.633325,0.4740584102002952,0.6021100474721448,0.3170499193039144,1,False,,,,
1766480507.636155,0.47405478864736017,0.687122661221719,0.6,1,False,,,,
1766480507.9941492,0.47405478864736017,0.687122661221719,0.6,1,False,,,,
1766480508.0013702,0.47405478864736017,0.687122661221719,0.6,1,False,,,,
1766480508.004266,0.47405478864736017,0.687122661221719,0.6,1,False,,,,
1766480508.0070379,0.47405478864736017,0.687122661221719,0.6,1,False,,,,
1766480508.0096881,0.4477958877345965,0.5771036910334189,0.8775472640991211,1,True,0.4414644241333008,0.48799818754196167,0.10288362205028534,0.2083965688943863
1766480508.298274,0.4477958877345965,0.5771036910334189,0.8775472640991211,1,True,0.4414644241333008,0.48799818754196167,0.10288362205028534,0.2083965688943863
1766480508.3048,0.4477958877345965,0.5771036910334189,0.8775472640991211,1,True,0.4414644241333008,0.48799818754196167,0.10288362205028534,0.2083965688943863
1766480508.307625,0.4477958877345965,0.5771036910334189,0.8775472640991211,1,True,0.4414644241333008,0.48799818754196167,0.10288362205028534,0.2083965688943863
1766480508.313345,0.4477958877345965,0.5771036910334189,0.8775472640991211,1,True,0.4414644241333008,0.48799818754196167,0.10288362205028534,0.2083965688943863
1766480508.3167481,0.47189881159362035,0.6020864597560784,0.38631323337951334,1,True,0.44759854674339294,0.45215147733688354,0.1044742614030838,0.2106187641620636
1766480508.598211,0.47189881159362035,0.6020864597560784,0.38631323337951334,1,True,0.44759854674339294,0.45215147733688354,0.1044742614030838,0.2106187641620636
1766480508.6052659,0.47189881159362035,0.6020864597560784,0.38631323337951334,1,True,0.44759854674339294,0.45215147733688354,0.1044742614030838,0.2106187641620636
1766480508.608139,0.47189881159362035,0.6020864597560784,0.38631323337951334,1,True,0.44759854674339294,0.45215147733688354,0.1044742614030838,0.2106187641620636
1766480508.6108532,0.47189881159362035,0.6020864597560784,0.38631323337951334,1,True,0.44759854674339294,0.45215147733688354,0.1044742614030838,0.2106187641620636
1766480508.614082,0.47424430104629367,0.6038734793495274,0.3502325976928009,2,True,0.4444202780723572,0.43863895535469055,0.10856256633996964,0.21378280222415924
1766480508.9781098,0.47424430104629367,0.6038734793495274,0.3502325976928009,2,True,0.4444202780723572,0.43863895535469055,0.10856256633996964,0.21378280222415924
1766480508.98477,0.47424430104629367,0.6038734793495274,0.3502325976928009,2,True,0.4444202780723572,0.43863895535469055,0.10856256633996964,0.21378280222415924
1766480508.9882188,0.47424430104629367,0.6038734793495274,0.3502325976928009,2,True,0.4444202780723572,0.43863895535469055,0.10856256633996964,0.21378280222415924
1766480508.992,0.4676182408108054,0.5994090759307832,0.280495371959577,2,True,0.4444202780723572,0.43863895535469055,0.10856256633996964,0.21378280222415924
1766480508.9953148,0.4727007174930544,0.6925476905512233,0.36967423780537106,1,True,0.43493929505348206,0.461089164018631,0.10837821662425995,0.21540866792201996
1766480509.330039,0.4742830637970572,0.6876492470316959,0.4122998127412921,1,True,0.43493929505348206,0.461089164018631,0.10837821662425995,0.21540866792201996
1766480509.337321,0.4742830637970572,0.6876492470316959,0.4122998127412921,1,True,0.43493929505348206,0.461089164018631,0.10837821662425995,0.21540866792201996
1766480509.3402529,0.4742830637970572,0.6876492470316959,0.4122998127412921,1,True,0.43493929505348206,0.461089164018631,0.10837821662425995,0.21540866792201996
1766480509.342839,0.4742830637970572,0.6876492470316959,0.4122998127412921,1,True,0.43493929505348206,0.461089164018631,0.10837821662425995,0.21540866792201996
1766480509.3455548,0.47115402218272245,0.6885545362753422,0.32098922393141655,1,True,0.43407130241394043,0.4765661060810089,0.10745429992675781,0.21623946726322174
1766480509.650958,0.47115402218272245,0.6885545362753422,0.32098922393141655,1,True,0.43407130241394043,0.4765661060810089,0.10745429992675781,0.21623946726322174
1766480509.657953,0.4700314990089007,0.6942037670536864,0.23309446039377307,1,True,0.43407130241394043,0.4765661060810089,0.10745429992675781,0.21623946726322174
1766480509.66206,0.4840523543072748,0.5957836936923357,0.2445043792898334,1,True,0.43407130241394043,0.4765661060810089,0.10745429992675781,0.21623946726322174
1766480509.6651258,0.4840523543072748,0.5957836936923357,0.2445043792898334,1,True,0.43407130241394043,0.4765661060810089,0.10745429992675781,0.21623946726322174
1766480509.671663,0.48442135982971746,0.613680236600067,0.19936434448747284,1,True,0.43119215965270996,0.487970232963562,0.11158428341150284,0.22153693437576294
1766480509.915265,0.48442135982971746,0.613680236600067,0.19936434448747284,1,True,0.43119215965270996,0.487970232963562,0.11158428341150284,0.22153693437576294
1766480509.921851,0.48442135982971746,0.613680236600067,0.19936434448747284,1,True,0.43119215965270996,0.487970232963562,0.11158428341150284,0.22153693437576294
1766480509.927536,0.46988549983680067,0.6897407430284284,0.2958638470685623,1,True,0.43119215965270996,0.487970232963562,0.11158428341150284,0.22153693437576294
1766480509.93228,0.46988549983680067,0.6897407430284284,0.2958638470685623,1,True,0.43119215965270996,0.487970232963562,0.11158428341150284,0.22153693437576294
1766480509.9395342,0.47025280269975156,0.6871701109987053,0.31167888422614937,1,True,0.42548513412475586,0.5166418552398682,0.11240319907665253,0.21109755337238312
1766480510.197379,0.4751051804810168,0.6894494906662969,0.30040142853592555,1,True,0.42548513412475586,0.5166418552398682,0.11240319907665253,0.21109755337238312
1766480510.204658,0.4751051804810168,0.6894494906662969,0.30040142853592555,1,True,0.42548513412475586,0.5166418552398682,0.11240319907665253,0.21109755337238312
1766480510.2113469,0.4751051804810168,0.6894494906662969,0.30040142853592555,1,True,0.42548513412475586,0.5166418552398682,0.11240319907665253,0.21109755337238312
1766480510.214491,0.4751051804810168,0.6894494906662969,0.30040142853592555,1,True,0.42548513412475586,0.5166418552398682,0.11240319907665253,0.21109755337238312
1766480510.217155,0.4863303274920394,0.6142301316881831,0.2303546460600467,1,True,0.4211808741092682,0.5309867262840271,0.11533632129430771,0.21236079931259155
1766480510.5166569,0.4863303274920394,0.6142301316881831,0.2303546460600467,1,True,0.4211808741092682,0.5309867262840271,0.11533632129430771,0.21236079931259155
1766480510.5231218,0.4863303274920394,0.6142301316881831,0.2303546460600467,1,True,0.4211808741092682,0.5309867262840271,0.11533632129430771,0.21236079931259155
1766480510.5267541,0.4863303274920394,0.6142301316881831,0.2303546460600467,1,True,0.4211808741092682,0.5309867262840271,0.11533632129430771,0.21236079931259155
1766480510.5296671,0.468484488727937,0.6926263239480523,0.26756335188663494,1,True,0.4211808741092682,0.5309867262840271,0.11533632129430771,0.21236079931259155
1766480510.535958,0.9889597000177208,1.3390596719848518,0.8071702122688293,1,False,,,,
1766480510.826934,0.9889597000177208,1.3390596719848518,0.8071702122688293,1,False,,,,
1766480510.8342772,0.49101919485945905,0.5936062371618522,0.29350828463648715,1,True,0.41880935430526733,0.542783796787262,0.11084060370922089,0.21731144189834595
1766480510.837544,0.49101919485945905,0.5936062371618522,0.29350828463648715,1,True,0.41880935430526733,0.542783796787262,0.11084060370922089,0.21731144189834595
1766480510.844918,0.49101919485945905,0.5936062371618522,0.29350828463648715,1,True,0.41880935430526733,0.542783796787262,0.11084060370922089,0.21731144189834595
1766480510.847875,0.9927117926572478,1.3075634885624632,0.8413386344909668,1,False,,,,
1766480511.124175,0.9927117926572478,1.3075634885624632,0.8413386344909668,1,False,,,,
1766480511.131256,0.9927117926572478,1.3075634885624632,0.8413386344909668,1,False,,,,
1766480511.134233,0.9927721335726364,1.3121364797229453,0.841120719909668,1,False,,,,
1766480511.137677,0.9912394126724748,1.2908265886364456,0.8530589640140533,1,False,,,,
1766480511.1405098,0.47085983449668956,0.6969995499898403,0.8474242091178894,1,True,0.41002392768859863,0.5749683976173401,0.10147543251514435,0.20699666440486908
1766480511.434914,0.487041522329258,0.6120672839123547,0.25683115427872916,1,True,0.41002392768859863,0.5749683976173401,0.10147543251514435,0.20699666440486908
1766480511.44083,0.487041522329258,0.6120672839123547,0.25683115427872916,1,True,0.41002392768859863,0.5749683976173401,0.10147543251514435,0.20699666440486908
1766480511.4476569,0.487041522329258,0.6120672839123547,0.25683115427872916,1,True,0.41002392768859863,0.5749683976173401,0.10147543251514435,0.20699666440486908
1766480511.450536,0.487041522329258,0.6120672839123547,0.25683115427872916,1,True,0.41002392768859863,0.5749683976173401,0.10147543251514435,0.20699666440486908
1766480511.4536,0.4890047932061242,0.6123244284348436,0.22707465190998255,1,True,0.41063833236694336,0.6222658753395081,0.10551929473876953,0.19110514223575592
1766480511.903872,0.4891492915375365,0.6121319425994648,0.24777358350477,1,True,0.41063833236694336,0.6222658753395081,0.10551929473876953,0.19110514223575592
1766480511.912116,0.4891492915375365,0.6121319425994648,0.24777358350477,1,True,0.41063833236694336,0.6222658753395081,0.10551929473876953,0.19110514223575592
1766480511.918145,0.4891492915375365,0.6121319425994648,0.24777358350477,1,True,0.41063833236694336,0.6222658753395081,0.10551929473876953,0.19110514223575592
1766480511.9211462,0.4891492915375365,0.6121319425994648,0.24777358350477,1,True,0.41063833236694336,0.6222658753395081,0.10551929473876953,0.19110514223575592
1766480511.924154,0.48608355307326095,0.6084137642870923,0.18894772955366398,1,True,0.40386468172073364,0.6224381327629089,0.11229314655065536,0.21257223188877106
1766480512.1641579,0.48608355307326095,0.6084137642870923,0.18894772955366398,1,True,0.40386468172073364,0.6224381327629089,0.11229314655065536,0.21257223188877106
1766480512.171443,0.48501980028025404,0.6112825965783686,0.256990575509702,1,True,0.40386468172073364,0.6224381327629089,0.11229314655065536,0.21257223188877106
1766480512.174591,0.48501980028025404,0.6112825965783686,0.256990575509702,1,True,0.40386468172073364,0.6224381327629089,0.11229314655065536,0.21257223188877106
1766480512.181229,0.48501980028025404,0.6112825965783686,0.256990575509702,1,True,0.40386468172073364,0.6224381327629089,0.11229314655065536,0.21257223188877106
1766480512.1879349,0.47318016298086923,0.6636944812436657,0.0,1,True,0.3941125273704529,0.6253818273544312,0.11692516505718231,0.21750319004058838
1766480512.447385,0.47318016298086923,0.6636944812436657,0.0,1,True,0.3941125273704529,0.6253818273544312,0.11692516505718231,0.21750319004058838
1766480512.454131,0.47318016298086923,0.6636944812436657,0.0,1,True,0.3941125273704529,0.6253818273544312,0.11692516505718231,0.21750319004058838
1766480512.460371,0.47318016298086923,0.6636944812436657,0.0,1,True,0.3941125273704529,0.6253818273544312,0.11692516505718231,0.21750319004058838
1766480512.463549,0.47318016298086923,0.6636944812436657,0.0,1,True,0.3941125273704529,0.6253818273544312,0.11692516505718231,0.21750319004058838
1766480512.466506,0.4875212587122181,0.6138366472755509,0.15804036987625814,1,True,0.3895377516746521,0.6282474994659424,0.11961515247821808,0.2196146696805954
1766480512.697379,0.4875212587122181,0.6138366472755509,0.15804036987625814,1,True,0.3895377516746521,0.6282474994659424,0.11961515247821808,0.2196146696805954
1766480512.704096,0.4875212587122181,0.6138366472755509,0.15804036987625814,1,True,0.3895377516746521,0.6282474994659424,0.11961515247821808,0.2196146696805954
1766480512.707882,0.4875212587122181,0.6138366472755509,0.15804036987625814,1,True,0.3895377516746521,0.6282474994659424,0.11961515247821808,0.2196146696805954
1766480512.712329,0.48953422676372427,0.6117499505008159,0.21218522463220751,1,True,0.3895377516746521,0.6282474994659424,0.11961515247821808,0.2196146696805954
1766480512.715084,0.47318016298086923,0.6636944812436657,0.0,1,True,0.3962639570236206,0.5968369245529175,0.10841343551874161,0.21501345932483673
1766480512.931679,0.47318016298086923,0.6636944812436657,0.0,1,True,0.3962639570236206,0.5968369245529175,0.10841343551874161,0.21501345932483673
1766480512.9383092,0.47318016298086923,0.6636944812436657,0.0,1,True,0.3962639570236206,0.5968369245529175,0.10841343551874161,0.21501345932483673
1766480512.941251,0.4876891999895229,0.6085540286363328,0.145746788617984,1,True,0.3962639570236206,0.5968369245529175,0.10841343551874161,0.21501345932483673
1766480512.945222,0.48871441609170185,0.6070917086697148,0.17752803126698935,1,True,0.3962639570236206,0.5968369245529175,0.10841343551874161,0.21501345932483673
1766480512.948569,0.4908212843059686,0.6136861601075011,0.327258472918948,1,True,0.3963215947151184,0.553635835647583,0.0983988493680954,0.20859543979167938
1766480513.707226,0.4908212843059686,0.6136861601075011,0.327258472918948,1,True,0.3963215947151184,0.553635835647583,0.0983988493680954,0.20859543979167938
1766480513.714331,0.47318016298086923,0.6636944812436657,0.0,1,True,0.3963215947151184,0.553635835647583,0.0983988493680954,0.20859543979167938
1766480513.717531,0.48922542075577,0.598095492868345,0.20391545389264307,1,True,0.3963215947151184,0.553635835647583,0.0983988493680954,0.20859543979167938
1766480513.72173,0.48922542075577,0.598095492868345,0.20391545389264307,1,True,0.3963215947151184,0.553635835647583,0.0983988493680954,0.20859543979167938
1766480513.7286558,0.49164024568476056,0.6011521347137141,0.18058483761127195,1,True,0.3991093039512634,0.603920042514801,0.09665326774120331,0.20114949345588684
1766480514.038087,0.49164024568476056,0.6011521347137141,0.18058483761127195,1,True,0.3991093039512634,0.603920042514801,0.09665326774120331,0.20114949345588684
1766480514.044864,0.49164024568476056,0.6011521347137141,0.18058483761127195,1,True,0.3991093039512634,0.603920042514801,0.09665326774120331,0.20114949345588684
1766480514.0501351,0.47318016298086923,0.6636944812436657,0.0,1,True,0.3991093039512634,0.603920042514801,0.09665326774120331,0.20114949345588684
1766480514.053325,0.47318016298086923,0.6636944812436657,0.0,1,True,0.3991093039512634,0.603920042514801,0.09665326774120331,0.20114949345588684
1766480514.0560262,0.49034146053171473,0.6014228735302969,0.22723045378771914,1,False,,,,
1766480514.333162,0.49034146053171473,0.6014228735302969,0.22723045378771914,1,False,,,,
1766480514.339612,0.49034146053171473,0.6014228735302969,0.22723045378771914,1,False,,,,
1766480514.342466,0.49034146053171473,0.6014228735302969,0.22723045378771914,1,False,,,,
1766480514.345242,0.49034146053171473,0.6014228735302969,0.22723045378771914,1,False,,,,
1766480514.347688,0.47318016298086923,0.6636944812436657,0.0,1,True,0.3933776915073395,0.6603419184684753,0.10448770225048065,0.19919009506702423
1766480514.622998,0.49523769218364777,0.6032192022826208,0.27616944058061976,1,False,,,,
1766480514.6298828,0.49523769218364777,0.6032192022826208,0.27616944058061976,1,False,,,,
1766480514.636422,0.49523769218364777,0.6032192022826208,0.27616944058061976,1,False,,,,
1766480514.639968,0.49523769218364777,0.6032192022826208,0.27616944058061976,1,False,,,,
1766480514.645157,0.49561704048197514,0.6041981152262678,0.6,1,False,,,,
1766480514.961471,0.4961985950483706,0.6014972889129763,0.35535258189634805,1,False,,,,
1766480514.968564,0.4961985950483706,0.6014972889129763,0.35535258189634805,1,False,,,,
1766480514.97177,0.4961985950483706,0.6014972889129763,0.35535258189634805,1,False,,,,
1766480514.9749482,0.4961985950483706,0.6014972889129763,0.35535258189634805,1,False,,,,
1766480514.97772,0.47318016298086923,0.6636944812436657,0.0,1,True,0.39194193482398987,0.6740186214447021,0.10062208026647568,0.20346713066101074
1766480515.1989062,0.47318016298086923,0.6636944812436657,0.0,1,True,0.39194193482398987,0.6740186214447021,0.10062208026647568,0.20346713066101074
1766480515.205159,0.47318016298086923,0.6636944812436657,0.0,1,True,0.39194193482398987,0.6740186214447021,0.10062208026647568,0.20346713066101074
1766480515.207923,0.47318016298086923,0.6636944812436657,0.0,1,True,0.39194193482398987,0.6740186214447021,0.10062208026647568,0.20346713066101074
1766480515.210722,0.47318016298086923,0.6636944812436657,0.0,1,True,0.39194193482398987,0.6740186214447021,0.10062208026647568,0.20346713066101074
1766480515.2137852,0.5009419931789969,0.5983931046230857,0.3092702260779759,1,False,,,,
1766480515.471406,0.5009419931789969,0.5983931046230857,0.3092702260779759,1,False,,,,
1766480515.476659,0.5009419931789969,0.5983931046230857,0.3092702260779759,1,False,,,,
1766480515.479305,0.5009419931789969,0.5983931046230857,0.3092702260779759,1,False,,,,
1766480515.482337,0.5009419931789969,0.5983931046230857,0.3092702260779759,1,False,,,,
1766480515.4851022,0.4991914464011932,0.6021234464357768,0.5569762457360674,1,False,,,,
1766480515.767383,0.4991914464011932,0.6021234464357768,0.5569762457360674,1,False,,,,
1766480515.773603,0.4991914464011932,0.6021234464357768,0.5569762457360674,1,False,,,,
1766480515.7765539,0.4991914464011932,0.6021234464357768,0.5569762457360674,1,False,,,,
1766480515.779139,0.4991914464011932,0.6021234464357768,0.5569762457360674,1,False,,,,
1766480515.781674,0.5006111931083718,0.5987481522896015,0.37087881494873154,1,False,,,,
1766480516.063054,0.503252885808525,0.5944082041787314,0.5351635212956204,1,False,,,,
1766480516.069952,0.503252885808525,0.5944082041787314,0.5351635212956204,1,False,,,,
1766480516.0763252,0.503252885808525,0.5944082041787314,0.5351635212956204,1,False,,,,
1766480516.081654,0.503252885808525,0.5944082041787314,0.5351635212956204,1,False,,,,
1766480516.084981,0.47318002253799796,0.6636945295820952,0.0,1,True,0.3849110007286072,0.6294995546340942,0.0993267074227333,0.20328809320926666
1766480516.391003,0.47318002253799796,0.6636945295820952,0.0,1,True,0.3849110007286072,0.6294995546340942,0.0993267074227333,0.20328809320926666
1766480516.398415,0.4576092759368332,0.5726360514058423,0.8427655893306687,1,False,,,,
1766480516.402739,0.4576092759368332,0.5726360514058423,0.8427655893306687,1,False,,,,
1766480516.410064,0.4576092759368332,0.5726360514058423,0.8427655893306687,1,False,,,,
1766480516.413224,0.4520416309231344,0.5654262468967146,0.30649506106134683,1,False,,,,
1766480516.70346,0.4520416309231344,0.5654262468967146,0.30649506106134683,1,False,,,,
1766480516.710424,0.4520416309231344,0.5654262468967146,0.30649506106134683,1,False,,,,
1766480516.7133682,0.4520416309231344,0.5654262468967146,0.30649506106134683,1,False,,,,
1766480516.715977,0.4520416309231344,0.5654262468967146,0.30649506106134683,1,False,,,,
1766480516.718625,0.45451021503227107,0.5582329209843052,0.5295716578212654,1,False,,,,
1766480516.986274,0.45451021503227107,0.5582329209843052,0.5295716578212654,1,False,,,,
1766480516.992861,0.45451021503227107,0.5582329209843052,0.5295716578212654,1,False,,,,
1766480516.9958122,0.45451021503227107,0.5582329209843052,0.5295716578212654,1,False,,,,
1766480516.999496,0.45402949737893417,0.5594567195328206,0.3503575201197507,1,False,,,,
1766480517.004756,0.45446840650900533,0.5601312400471973,0.39967714842195606,1,False,,,,
1766480517.3144069,0.45446840650900533,0.5601312400471973,0.39967714842195606,1,False,,,,
1766480517.320798,0.45446840650900533,0.5601312400471973,0.39967714842195606,1,False,,,,
1766480517.3244128,0.45446840650900533,0.5601312400471973,0.39967714842195606,1,False,,,,
1766480517.327737,0.45446840650900533,0.5601312400471973,0.39967714842195606,1,False,,,,
1766480517.330352,0.47318002253799796,0.6636945295820952,0.0,1,True,0.3933491110801697,0.5878555178642273,0.08981220424175262,0.19046512246131897
1766480517.611896,0.47318002253799796,0.6636945295820952,0.0,1,True,0.3933491110801697,0.5878555178642273,0.08981220424175262,0.19046512246131897
1766480517.618738,0.47318002253799796,0.6636945295820952,0.0,1,True,0.3933491110801697,0.5878555178642273,0.08981220424175262,0.19046512246131897
1766480517.6239018,0.47318002253799796,0.6636945295820952,0.0,1,True,0.3933491110801697,0.5878555178642273,0.08981220424175262,0.19046512246131897
1766480517.626508,0.47318002253799796,0.6636945295820952,0.0,1,True,0.3933491110801697,0.5878555178642273,0.08981220424175262,0.19046512246131897
1766480517.6292648,0.8676687557876626,1.0262437783146914,0.8273461487706334,1,False,,,,
1766480517.925844,0.8676687557876626,1.0262437783146914,0.8273461487706334,1,False,,,,
1766480517.9336262,0.4976860630555042,0.6742448856098276,0.3571092066106058,1,False,,,,
1766480517.937202,0.4952354046437545,0.6896842942466536,0.3818746218318662,1,False,,,,
1766480517.941202,0.4952354046437545,0.6896842942466536,0.3818746218318662,1,False,,,,
1766480517.948506,0.4981297170246021,0.6813898149684284,0.19584983863613434,1,False,,,,
1766480518.162488,0.4981297170246021,0.6813898149684284,0.19584983863613434,1,False,,,,
1766480518.169594,0.46865858752105555,0.6129365422855197,0.7657347667139427,1,False,,,,
1766480518.172809,0.46702603832265155,0.6268982367174643,0.2707093808354087,1,False,,,,
1766480518.175724,0.46702603832265155,0.6268982367174643,0.2707093808354087,1,False,,,,
1766480518.182008,0.4997973262570314,0.6649622604861666,0.2846508322370629,1,False,,,,
1766480518.4599528,0.4997973262570314,0.6649622604861666,0.2846508322370629,1,False,,,,
1766480518.4666471,0.4997973262570314,0.6649622604861666,0.2846508322370629,1,False,,,,
1766480518.46961,0.46919444923044,0.6169840311696382,0.2615184120111474,1,False,,,,
1766480518.472985,0.4682460964941571,0.6130370406836871,0.2022310853666411,1,False,,,,
1766480518.476035,0.4690595173931363,0.6127734957738736,0.2561185794726929,0,False,,,,
1766480518.658271,0.4690595173931363,0.6127734957738736,0.2561185794726929,0,False,,,,
1766480518.665332,0.4690595173931363,0.6127734957738736,0.2561185794726929,0,False,,,,
1766480518.667967,0.4690595173931363,0.6127734957738736,0.2561185794726929,0,False,,,,
1766480518.67054,0.4690595173931363,0.6127734957738736,0.2561185794726929,0,False,,,,
1766480518.6729128,0.4994733813488878,0.6654440020563938,0.25979479773997327,0,False,,,,
1766480518.8527958,0.4994733813488878,0.6654440020563938,0.25979479773997327,0,False,,,,
1766480518.857633,0.4994733813488878,0.6654440020563938,0.25979479773997327,0,False,,,,
1766480518.8606641,0.4994733813488878,0.6654440020563938,0.25979479773997327,0,False,,,,
1766480518.8635662,0.4994733813488878,0.6654440020563938,0.25979479773997327,0,False,,,,
1766480518.865747,0.46771730121718524,0.6100637270482906,0.3035073294153506,0,False,,,,
1766480519.0528052,0.46771730121718524,0.6100637270482906,0.3035073294153506,0,False,,,,
1766480519.059337,0.46771730121718524,0.6100637270482906,0.3035073294153506,0,False,,,,
1766480519.062465,0.46771730121718524,0.6100637270482906,0.3035073294153506,0,False,,,,
1766480519.065241,0.46771730121718524,0.6100637270482906,0.3035073294153506,0,False,,,,
1766480519.067874,0.4685287691582105,0.6090029031543719,0.3090045589573414,0,False,,,,
1766480519.251698,0.4685287691582105,0.6090029031543719,0.3090045589573414,0,False,,,,
1766480519.256904,0.4685287691582105,0.6090029031543719,0.3090045589573414,0,False,,,,
1766480519.26004,0.4685287691582105,0.6090029031543719,0.3090045589573414,0,False,,,,
1766480519.265127,0.4685287691582105,0.6090029031543719,0.3090045589573414,0,False,,,,
1766480519.2673862,0.46848270450613094,0.6101944942494507,0.3045399891529604,0,False,,,,
1766480519.4604611,0.46848270450613094,0.6101944942494507,0.3045399891529604,0,False,,,,
1766480519.4663491,0.46848270450613094,0.6101944942494507,0.3045399891529604,0,False,,,,
1766480519.469207,0.46848270450613094,0.6101944942494507,0.3045399891529604,0,False,,,,
1766480519.471586,0.46848270450613094,0.6101944942494507,0.3045399891529604,0,False,,,,
1766480519.473825,0.4679068247466782,0.6111843221421773,0.3063087761809873,0,False,,,,
1766480519.705808,0.4679068247466782,0.6111843221421773,0.3063087761809873,0,False,,,,
1766480519.711338,0.46843501782666064,0.610623738752614,0.2939712835640883,0,False,,,,
1766480519.7153862,0.46843501782666064,0.610623738752614,0.2939712835640883,0,False,,,,
1766480519.721461,0.46843501782666064,0.610623738752614,0.2939712835640883,0,False,,,,
1766480519.724386,0.46732975145127886,0.6148678237585377,0.18836048305899014,0,False,,,,
1766480519.9555771,0.46732975145127886,0.6148678237585377,0.18836048305899014,0,False,,,,
1766480519.961159,0.46732975145127886,0.6148678237585377,0.18836048305899014,0,False,,,,
1766480519.96387,0.46732975145127886,0.6148678237585377,0.18836048305899014,0,False,,,,
1766480519.966325,0.46732975145127886,0.6148678237585377,0.18836048305899014,0,False,,,,
1766480519.968891,0.46943125293276616,0.6153733350591991,0.2042288278735093,0,False,,,,
1766480520.123919,0.46943125293276616,0.6153733350591991,0.2042288278735093,0,False,,,,
1766480520.1294332,0.46943125293276616,0.6153733350591991,0.2042288278735093,0,False,,,,
1766480520.132087,0.46943125293276616,0.6153733350591991,0.2042288278735093,0,False,,,,
1766480520.135082,0.46943125293276616,0.6153733350591991,0.2042288278735093,0,False,,,,
1766480520.1373491,0.4993947650062361,0.6650016702004352,0.27570263383966404,0,False,,,,
1766480520.303033,0.4993947650062361,0.6650016702004352,0.27570263383966404,0,False,,,,
1766480520.30849,0.4993947650062361,0.6650016702004352,0.27570263383966404,0,False,,,,
1766480520.3137379,0.499518501505076,0.662861501401295,0.235781109154779,0,False,,,,
1766480520.3163588,0.46684657053859785,0.6135269886187061,0.27949622076216585,0,False,,,,
1766480520.318797,0.4996127508636792,0.663698230725344,0.3199449823795741,0,False,,,,
1766480520.47589,0.4996127508636792,0.663698230725344,0.3199449823795741,0,False,,,,
1766480520.481406,0.49938332012084563,0.6613235207530015,0.24808681543619998,0,False,,,,
1766480520.484724,0.4991869300720125,0.6534843518447415,0.23670112372996602,0,False,,,,
1766480520.4885812,0.4991869300720125,0.6534843518447415,0.23670112372996602,0,False,,,,
1766480520.493778,0.456859750085043,0.6102014584263965,0.32277005026537253,0,False,,,,
1766480520.6819232,0.4681078768826742,0.6139356960718021,0.2959605188804534,0,False,,,,
1766480520.688791,0.46669411124693044,0.6132392935549559,0.24772459232181643,0,False,,,,
1766480520.695124,0.46669411124693044,0.6132392935549559,0.24772459232181643,0,False,,,,
1766480520.697962,0.46669411124693044,0.6132392935549559,0.24772459232181643,0,False,,,,
1766480520.702715,0.5001477369092218,0.6617123747970275,0.22430570145264592,0,False,,,,
1766480520.9795918,0.5001477369092218,0.6617123747970275,0.22430570145264592,0,False,,,,
1766480520.985693,0.5036214044254883,0.652473064901447,0.2636073278392868,0,False,,,,
1766480520.988723,0.5017299478497106,0.6463708741424519,0.43149806054866385,0,False,,,,
1766480520.9912791,0.5017299478497106,0.6463708741424519,0.43149806054866385,0,False,,,,
1766480520.996615,0.501224881901268,0.6568331178818156,0.2923864641295659,0,False,,,,
1766480521.197255,0.501224881901268,0.6568331178818156,0.2923864641295659,0,False,,,,
1766480521.202778,0.501224881901268,0.6568331178818156,0.2923864641295659,0,False,,,,
1766480521.205657,0.501224881901268,0.6568331178818156,0.2923864641295659,0,False,,,,
1766480521.2084968,0.501224881901268,0.6568331178818156,0.2923864641295659,0,False,,,,
1766480521.211169,0.501508658865182,0.6611452899075048,0.3014920825330096,0,False,,,,
1766480521.412409,0.501508658865182,0.6611452899075048,0.3014920825330096,0,False,,,,
1766480521.4173498,0.501508658865182,0.6611452899075048,0.3014920825330096,0,False,,,,
1766480521.4199839,0.501508658865182,0.6611452899075048,0.3014920825330096,0,False,,,,
1766480521.4227781,0.4638852552031617,0.6279506840335513,0.2465261436881656,0,False,,,,
1766480521.4259899,0.5019473325698034,0.6536963983397461,0.25456854215968766,1,False,,,,
1766480521.644727,0.5019473325698034,0.6536963983397461,0.25456854215968766,1,False,,,,
1766480521.6516411,0.5019473325698034,0.6536963983397461,0.25456854215968766,1,False,,,,
1766480521.655095,0.4654560908292623,0.630172470819696,0.22100610790746297,1,False,,,,
1766480521.660531,0.4654560908292623,0.630172470819696,0.22100610790746297,1,False,,,,
1766480521.6667361,0.4613101914090062,0.62494050489058,0.18986620786936478,1,False,,,,
1766480521.9053812,0.4613101914090062,0.62494050489058,0.18986620786936478,1,False,,,,
1766480521.912821,0.4613101914090062,0.62494050489058,0.18986620786936478,1,False,,,,
1766480521.915422,0.4613101914090062,0.62494050489058,0.18986620786936478,1,False,,,,
1766480521.920044,0.4613101914090062,0.62494050489058,0.18986620786936478,1,False,,,,
1766480521.922783,0.4925909530218443,0.6539128636716944,0.11652043211450185,0,False,,,,
1766480522.095493,0.493038524962527,0.652694132265559,0.22951833604281457,0,False,,,,
1766480522.103433,0.493038524962527,0.652694132265559,0.22951833604281457,0,False,,,,
1766480522.1086762,0.493038524962527,0.652694132265559,0.22951833604281457,0,False,,,,
1766480522.111521,0.493038524962527,0.652694132265559,0.22951833604281457,0,False,,,,
1766480522.1139798,0.46074381164094846,0.6070157194846204,0.30351896462574784,0,False,,,,
1766480522.459442,0.4590622726622689,0.6078585355018777,0.2977507135342199,0,False,,,,
1766480522.46754,0.4590622726622689,0.6078585355018777,0.2977507135342199,0,False,,,,
1766480522.4733598,0.4590622726622689,0.6078585355018777,0.2977507135342199,0,False,,,,
1766480522.476036,0.4590622726622689,0.6078585355018777,0.2977507135342199,0,False,,,,
1766480522.478473,0.46704756722174173,0.6083147671840787,0.3693465777357203,0,False,,,,
1766480522.639262,0.46704756722174173,0.6083147671840787,0.3693465777357203,0,False,,,,
1766480522.646433,0.46704756722174173,0.6083147671840787,0.3693465777357203,0,False,,,,
1766480522.648952,0.46704756722174173,0.6083147671840787,0.3693465777357203,0,False,,,,
1766480522.65167,0.46704756722174173,0.6083147671840787,0.3693465777357203,0,False,,,,
1766480522.654934,0.47317102250509463,0.6637436420625248,0.0,0,False,,,,
1766480522.83791,0.47317102250509463,0.6637436420625248,0.0,0,False,,,,
1766480522.844428,0.47317102250509463,0.6637436420625248,0.0,0,False,,,,
1766480522.847029,0.47317102250509463,0.6637436420625248,0.0,0,False,,,,
1766480522.849587,0.47317102250509463,0.6637436420625248,0.0,0,False,,,,
1766480522.851966,0.4577512345389992,0.619250086200689,0.3336924526880401,0,False,,,,
1766480523.044399,0.4577512345389992,0.619250086200689,0.3336924526880401,0,False,,,,
1766480523.050404,0.4577512345389992,0.619250086200689,0.3336924526880401,0,False,,,,
1766480523.055012,0.4577512345389992,0.619250086200689,0.3336924526880401,0,False,,,,
1766480523.057753,0.4577512345389992,0.619250086200689,0.3336924526880401,0,False,,,,
1766480523.060715,0.477925541365454,0.6831195080455816,0.3697856547259483,0,False,,,,
1766480523.235679,0.45325255940853404,0.6279540539638903,0.2900520073071308,0,False,,,,
1766480523.2429812,0.45325255940853404,0.6279540539638903,0.2900520073071308,0,False,,,,
1766480523.2481658,0.45325255940853404,0.6279540539638903,0.2900520073071308,0,False,,,,
1766480523.250875,0.45325255940853404,0.6279540539638903,0.2900520073071308,0,False,,,,
1766480523.2534451,0.4500227488385004,0.6195826454221183,0.3560970900299794,0,False,,,,
1766480523.482651,0.4500227488385004,0.6195826454221183,0.3560970900299794,0,False,,,,
1766480523.490269,0.4500227488385004,0.6195826454221183,0.3560970900299794,0,False,,,,
1766480523.493495,0.4500227488385004,0.6195826454221183,0.3560970900299794,0,False,,,,
1766480523.495994,0.4500227488385004,0.6195826454221183,0.3560970900299794,0,False,,,,
1766480523.501715,0.46829795531396423,0.6127088818597591,0.7497001905662293,1,False,,,,
1766480523.8662121,0.46848821414136516,0.6116544316743568,0.7794636317420176,1,False,,,,
1766480523.875982,0.46848821414136516,0.6116544316743568,0.7794636317420176,1,False,,,,
1766480523.882292,0.46848821414136516,0.6116544316743568,0.7794636317420176,1,False,,,,
1766480523.885383,0.46848821414136516,0.6116544316743568,0.7794636317420176,1,False,,,,
1766480523.8879192,0.4830979346186018,0.671743724224252,0.4755817133947667,0,False,,,,
1766480524.109653,0.45206589038155737,0.6190617498403331,0.3117969243871732,0,False,,,,
1766480524.116894,0.45206589038155737,0.6190617498403331,0.3117969243871732,0,False,,,,
1766480524.122377,0.45206589038155737,0.6190617498403331,0.3117969243871732,0,False,,,,
1766480524.125159,0.45206589038155737,0.6190617498403331,0.3117969243871732,0,False,,,,
1766480524.1279309,0.48275407709328766,0.6716848293449427,0.5947632742811065,0,False,,,,
1766480524.447906,0.48275407709328766,0.6716848293449427,0.5947632742811065,0,False,,,,
1766480524.453017,0.48275407709328766,0.6716848293449427,0.5947632742811065,0,False,,,,
1766480524.45561,0.48275407709328766,0.6716848293449427,0.5947632742811065,0,False,,,,
1766480524.457978,0.48275407709328766,0.6716848293449427,0.5947632742811065,0,False,,,,
1766480524.4609332,0.48229655251936554,0.6718611371240782,0.43576289205852087,0,False,,,,
1766480524.6174679,0.48229655251936554,0.6718611371240782,0.43576289205852087,0,False,,,,
1766480524.622795,0.48229655251936554,0.6718611371240782,0.43576289205852087,0,False,,,,
1766480524.625483,0.48229655251936554,0.6718611371240782,0.43576289205852087,0,False,,,,
1766480524.628167,0.48229655251936554,0.6718611371240782,0.43576289205852087,0,False,,,,
1766480524.631008,0.4500525821886628,0.6246792298714788,0.31142215571186255,0,False,,,,
1766480524.833857,0.4500525821886628,0.6246792298714788,0.31142215571186255,0,False,,,,
1766480524.8408132,0.44296328084997344,0.617996444746014,0.4493235631024817,0,False,,,,
1766480524.844508,0.44296328084997344,0.617996444746014,0.4493235631024817,0,False,,,,
1766480524.849919,0.44296328084997344,0.617996444746014,0.4493235631024817,0,False,,,,
1766480524.852469,0.4532681773120527,0.6101779441443178,0.1904919590539985,1,False,,,,
1766480525.112187,0.4734204034075732,0.6881257568430409,0.8209612537237254,1,False,,,,
1766480525.1195898,0.4734204034075732,0.6881257568430409,0.8209612537237254,1,False,,,,
1766480525.1258109,0.4734204034075732,0.6881257568430409,0.8209612537237254,1,False,,,,
1766480525.1287732,0.4734204034075732,0.6881257568430409,0.8209612537237254,1,False,,,,
1766480525.131268,0.9996051881245386,1.1069975735737456,0.8869493007659912,1,False,,,,
1766480525.731372,0.9996051881245386,1.1069975735737456,0.8869493007659912,1,False,,,,
1766480525.739341,0.9996051881245386,1.1069975735737456,0.8869493007659912,1,False,,,,
1766480525.7428842,0.9987036036688597,1.1036950071613514,0.8513154089450836,1,False,,,,
1766480525.746335,0.9991953906389137,1.1003925404843125,0.8647072315216064,1,False,,,,
1766480525.749346,0.44977027578838713,0.5747785292609326,0.8885062336921692,1,True,0.42271798849105835,0.473813533782959,0.10559606552124023,0.20443709194660187
1766480526.068695,0.44977027578838713,0.5747785292609326,0.8885062336921692,1,True,0.42271798849105835,0.473813533782959,0.10559606552124023,0.20443709194660187
1766480526.075518,0.44977027578838713,0.5747785292609326,0.8885062336921692,1,True,0.42271798849105835,0.473813533782959,0.10559606552124023,0.20443709194660187
1766480526.0793102,0.475910922315445,0.6631590724666867,0.09006328797378697,1,True,0.42271798849105835,0.473813533782959,0.10559606552124023,0.20443709194660187
1766480526.082628,0.475910922315445,0.6631590724666867,0.09006328797378697,1,True,0.42271798849105835,0.473813533782959,0.10559606552124023,0.20443709194660187
1766480526.085862,0.4593985297895101,0.5875225460471136,0.45797758402896566,1,True,0.4403342604637146,0.4642734229564667,0.11047534644603729,0.21465402841567993
1766480526.320101,0.47572435765324855,0.6555532798115613,0.02191360146635436,1,True,0.4403342604637146,0.4642734229564667,0.11047534644603729,0.21465402841567993
1766480526.327352,0.47572435765324855,0.6555532798115613,0.02191360146635436,1,True,0.4403342604637146,0.4642734229564667,0.11047534644603729,0.21465402841567993
1766480526.330422,0.47572435765324855,0.6555532798115613,0.02191360146635436,1,True,0.4403342604637146,0.4642734229564667,0.11047534644603729,0.21465402841567993
1766480526.3333068,0.47572435765324855,0.6555532798115613,0.02191360146635436,1,True,0.4403342604637146,0.4642734229564667,0.11047534644603729,0.21465402841567993
1766480526.3357189,0.4608890850509749,0.5885065132244321,0.29034598928190547,1,True,0.43074145913124084,0.4800507426261902,0.11819429695606232,0.219502255320549
1766480526.575914,0.4608890850509749,0.5885065132244321,0.29034598928190547,1,True,0.43074145913124084,0.4800507426261902,0.11819429695606232,0.219502255320549
1766480526.583752,0.47317998228503216,0.6637405470223213,0.0,1,True,0.43074145913124084,0.4800507426261902,0.11819429695606232,0.219502255320549
1766480526.589665,0.47317998228503216,0.6637405470223213,0.0,1,True,0.43074145913124084,0.4800507426261902,0.11819429695606232,0.219502255320549
1766480526.596829,0.47317998228503216,0.6637405470223213,0.0,1,True,0.43074145913124084,0.4800507426261902,0.11819429695606232,0.219502255320549
1766480526.599852,0.47317998228503216,0.6637405470223213,0.0,1,True,0.4242921471595764,0.5076625347137451,0.12078189849853516,0.2119450867176056
1766480526.913381,0.47317998228503216,0.6637405470223213,0.0,1,True,0.4242921471595764,0.5076625347137451,0.12078189849853516,0.2119450867176056
1766480526.92033,0.45984280421229357,0.579690409872884,0.16654014853124496,1,True,0.4242921471595764,0.5076625347137451,0.12078189849853516,0.2119450867176056
1766480526.9237928,0.45984280421229357,0.579690409872884,0.16654014853124496,1,True,0.4242921471595764,0.5076625347137451,0.12078189849853516,0.2119450867176056
1766480526.93046,0.45984280421229357,0.579690409872884,0.16654014853124496,1,True,0.4242921471595764,0.5076625347137451,0.12078189849853516,0.2119450867176056
1766480526.933289,0.4590915870321327,0.5802484685676954,0.1593609437497043,1,True,0.416534960269928,0.5427057147026062,0.12361154705286026,0.2195468544960022
1766480527.1991081,0.4590915870321327,0.5802484685676954,0.1593609437497043,1,True,0.416534960269928,0.5427057147026062,0.12361154705286026,0.2195468544960022
1766480527.205834,0.4590915870321327,0.5802484685676954,0.1593609437497043,1,True,0.416534960269928,0.5427057147026062,0.12361154705286026,0.2195468544960022
1766480527.208641,0.4590915870321327,0.5802484685676954,0.1593609437497043,1,True,0.416534960269928,0.5427057147026062,0.12361154705286026,0.2195468544960022
1766480527.211433,0.4590915870321327,0.5802484685676954,0.1593609437497043,1,True,0.416534960269928,0.5427057147026062,0.12361154705286026,0.2195468544960022
1766480527.2175648,0.47317998228503216,0.6637405470223213,0.0,1,True,0.41635942459106445,0.5655866861343384,0.12057113647460938,0.21812744438648224
1766480527.484908,0.4589769226743087,0.5776303103291899,0.18024202996071506,1,True,0.41635942459106445,0.5655866861343384,0.12057113647460938,0.21812744438648224
1766480527.492898,0.47317998228503216,0.6637405470223213,0.0,1,True,0.41635942459106445,0.5655866861343384,0.12057113647460938,0.21812744438648224
1766480527.499603,0.47317998228503216,0.6637405470223213,0.0,1,True,0.41635942459106445,0.5655866861343384,0.12057113647460938,0.21812744438648224
1766480527.502738,0.47317998228503216,0.6637405470223213,0.0,1,True,0.41635942459106445,0.5655866861343384,0.12057113647460938,0.21812744438648224
1766480527.505594,0.47317998228503216,0.6637405470223213,0.0,1,True,0.4170445501804352,0.5314871668815613,0.11197090148925781,0.2176474630832672
1766480527.7212749,0.45881704930333383,0.5777137384202369,0.16849346583759453,1,True,0.4170445501804352,0.5314871668815613,0.11197090148925781,0.2176474630832672
1766480527.730481,0.4591877524212042,0.5779315462790874,0.16655601276471027,1,True,0.4170445501804352,0.5314871668815613,0.11197090148925781,0.2176474630832672
1766480527.737484,0.4591877524212042,0.5779315462790874,0.16655601276471027,1,True,0.4170445501804352,0.5314871668815613,0.11197090148925781,0.2176474630832672
1766480527.7404082,0.4591877524212042,0.5779315462790874,0.16655601276471027,1,True,0.4170445501804352,0.5314871668815613,0.11197090148925781,0.2176474630832672
1766480527.743541,0.4593552088076384,0.5766415032260215,0.16572197625412755,1,True,0.41618067026138306,0.5318571329116821,0.10473509132862091,0.20591260492801666
1766480529.7218418,0.4593552088076384,0.5766415032260215,0.16572197625412755,1,True,0.41618067026138306,0.5318571329116821,0.10473509132862091,0.20591260492801666
1766480529.7272692,0.4593552088076384,0.5766415032260215,0.16572197625412755,1,True,0.41618067026138306,0.5318571329116821,0.10473509132862091,0.20591260492801666
1766480529.7302551,0.45912854762873356,0.5772665568810483,0.1397930283000464,1,True,0.41618067026138306,0.5318571329116821,0.10473509132862091,0.20591260492801666
1766480529.7330492,0.45912854762873356,0.5772665568810483,0.1397930283000464,1,True,0.41618067026138306,0.5318571329116821,0.10473509132862091,0.20591260492801666
1766480529.7374878,0.4594529179907433,0.5750876634786136,0.1616196082937088,1,True,0.3917960524559021,0.5776106119155884,0.09263356029987335,0.19867469370365143
1766480529.97967,0.4594529179907433,0.5750876634786136,0.1616196082937088,1,True,0.3917960524559021,0.5776106119155884,0.09263356029987335,0.19867469370365143
1766480529.9861739,0.4594529179907433,0.5750876634786136,0.1616196082937088,1,True,0.3917960524559021,0.5776106119155884,0.09263356029987335,0.19867469370365143
1766480529.989195,0.4594529179907433,0.5750876634786136,0.1616196082937088,1,True,0.3917960524559021,0.5776106119155884,0.09263356029987335,0.19867469370365143
1766480529.9918919,0.4594529179907433,0.5750876634786136,0.1616196082937088,1,True,0.3917960524559021,0.5776106119155884,0.09263356029987335,0.19867469370365143
1766480529.995125,0.48486109684452544,0.6948699466405822,0.3130163558238802,1,True,0.39473921060562134,0.6111980676651001,0.09224369376897812,0.19598016142845154
1766480530.840378,0.4853770753456937,0.6945146804130768,0.2930560333644665,1,True,0.39473921060562134,0.6111980676651001,0.09224369376897812,0.19598016142845154
1766480530.847685,0.4853770753456937,0.6945146804130768,0.2930560333644665,1,True,0.39473921060562134,0.6111980676651001,0.09224369376897812,0.19598016142845154
1766480530.854372,0.4853770753456937,0.6945146804130768,0.2930560333644665,1,True,0.39473921060562134,0.6111980676651001,0.09224369376897812,0.19598016142845154
1766480530.85953,0.4853770753456937,0.6945146804130768,0.2930560333644665,1,True,0.39473921060562134,0.6111980676651001,0.09224369376897812,0.19598016142845154
1766480530.862342,0.4558501978378895,0.5598278495656946,0.005284248364753233,1,True,0.3899689018726349,0.541228175163269,0.09337480366230011,0.20449845492839813
1766480531.146032,0.4558501978378895,0.5598278495656946,0.005284248364753233,1,True,0.3899689018726349,0.541228175163269,0.09337480366230011,0.20449845492839813
1766480531.1535418,0.4558501978378895,0.5598278495656946,0.005284248364753233,1,True,0.3899689018726349,0.541228175163269,0.09337480366230011,0.20449845492839813
1766480531.1565068,0.4558501978378895,0.5598278495656946,0.005284248364753233,1,True,0.3899689018726349,0.541228175163269,0.09337480366230011,0.20449845492839813
1766480531.159023,0.4558501978378895,0.5598278495656946,0.005284248364753233,1,True,0.3899689018726349,0.541228175163269,0.09337480366230011,0.20449845492839813
1766480531.161726,0.4976307366920435,0.6543542386869035,0.7650731205940247,1,False,,,,
1766480531.37394,0.4731777468300423,0.663734235489026,0.0,1,False,,,,
1766480531.3820071,0.4731777468300423,0.663734235489026,0.0,1,False,,,,
1766480531.389039,0.4731777468300423,0.663734235489026,0.0,1,False,,,,
1766480531.392054,0.4731777468300423,0.663734235489026,0.0,1,False,,,,
1766480531.3949492,1.0930110346655364,0.22918964586794122,0.8938584923744202,1,False,,,,
1766480531.693048,1.0930110346655364,0.22918964586794122,0.8938584923744202,1,False,,,,
1766480531.699865,1.0930110346655364,0.22918964586794122,0.8938584923744202,1,False,,,,
1766480531.702674,1.0930110346655364,0.22918964586794122,0.8938584923744202,1,False,,,,
1766480531.705439,1.0930110346655364,0.22918964586794122,0.8938584923744202,1,False,,,,
1766480531.708128,1.3859611948729516,-0.04287694380382212,0.8680135607719421,0,False,,,,
1766480531.891156,1.3859611948729516,-0.04287694380382212,0.8680135607719421,0,False,,,,
1766480531.89782,1.3859611948729516,-0.04287694380382212,0.8680135607719421,0,False,,,,
1766480531.900712,1.3859611948729516,-0.04287694380382212,0.8680135607719421,0,False,,,,
1766480531.903775,1.3859611948729516,-0.04287694380382212,0.8680135607719421,0,False,,,,
1766480531.9062212,0.47317239645220477,0.6637415905623049,0.0,0,False,,,,
1766480532.08635,0.47317239645220477,0.6637415905623049,0.0,0,False,,,,
1766480532.092582,0.47317239645220477,0.6637415905623049,0.0,0,False,,,,
1766480532.097538,0.47317239645220477,0.6637415905623049,0.0,0,False,,,,
1766480532.100296,0.47317239645220477,0.6637415905623049,0.0,0,False,,,,
1766480532.102707,0.47317239645220477,0.6637415905623049,0.0,0,False,,,,
1766480532.288741,0.47317239645220477,0.6637415905623049,0.0,0,False,,,,
1766480532.2949371,0.47317239645220477,0.6637415905623049,0.0,0,False,,,,
1766480532.298076,0.47317239645220477,0.6637415905623049,0.0,0,False,,,,
1766480532.300964,0.47317239645220477,0.6637415905623049,0.0,0,False,,,,
1766480532.3033018,0.45433052584790046,0.6286646679664422,0.1059722893361926,1,False,,,,
1766480532.514251,0.4616457546988818,0.718538309460452,0.24737633313135282,1,False,,,,
1766480532.523511,0.45423400258398267,0.6287361623348209,0.09398887721610089,1,False,,,,
1766480532.530303,0.45423400258398267,0.6287361623348209,0.09398887721610089,1,False,,,,
1766480532.533118,0.45423400258398267,0.6287361623348209,0.09398887721610089,1,False,,,,
1766480532.538377,0.47316508665319423,0.6637496253689318,0.0,1,False,,,,
1766480532.774542,0.47316508665319423,0.6637496253689318,0.0,1,False,,,,
1766480532.782656,0.45087215275998344,0.5778930671476198,0.99,1,True,0.4506162106990814,0.34392860531806946,0.09822702407836914,0.2237316519021988
1766480532.786336,0.45087215275998344,0.5778930671476198,0.99,1,True,0.4506162106990814,0.34392860531806946,0.09822702407836914,0.2237316519021988
1766480532.7896378,0.45087215275998344,0.5778930671476198,0.99,1,True,0.4506162106990814,0.34392860531806946,0.09822702407836914,0.2237316519021988
1766480532.79677,0.4752397406415493,0.6452005321924094,0.8412136090792648,1,True,0.4348908066749573,0.47424158453941345,0.0969579666852951,0.1949414163827896
1766480533.100917,0.4752397406415493,0.6452005321924094,0.8412136090792648,1,True,0.4348908066749573,0.47424158453941345,0.0969579666852951,0.1949414163827896
1766480533.108693,0.4752397406415493,0.6452005321924094,0.8412136090792648,1,True,0.4348908066749573,0.47424158453941345,0.0969579666852951,0.1949414163827896
1766480533.111561,0.4752397406415493,0.6452005321924094,0.8412136090792648,1,True,0.4348908066749573,0.47424158453941345,0.0969579666852951,0.1949414163827896
1766480533.114493,0.4596743927293903,0.6203266645742864,0.2774167518967479,1,True,0.4348908066749573,0.47424158453941345,0.0969579666852951,0.1949414163827896
1766480533.117082,0.47316508665319423,0.6637496253689318,0.0,1,False,,,,
1766480533.432244,0.47316508665319423,0.6637496253689318,0.0,1,False,,,,
1766480533.442252,0.47316508665319423,0.6637496253689318,0.0,1,False,,,,
1766480533.4452019,0.47316508665319423,0.6637496253689318,0.0,1,False,,,,
1766480533.447874,0.47316508665319423,0.6637496253689318,0.0,1,False,,,,
1766480533.4511108,0.47316508665319423,0.6637496253689318,0.0,1,False,,,,
1766480533.6699,0.47316508665319423,0.6637496253689318,0.0,1,False,,,,
1766480533.675945,0.47316508665319423,0.6637496253689318,0.0,1,False,,,,
1766480533.678592,0.47316508665319423,0.6637496253689318,0.0,1,False,,,,
1766480533.681271,0.47316508665319423,0.6637496253689318,0.0,1,False,,,,
1766480533.683866,0.4590281128699319,0.6063023503153215,0.2263162620893108,0,False,,,,
1766480533.862066,0.4590281128699319,0.6063023503153215,0.2263162620893108,0,False,,,,
1766480533.868372,0.4590281128699319,0.6063023503153215,0.2263162620893108,0,False,,,,
1766480533.870964,0.4590281128699319,0.6063023503153215,0.2263162620893108,0,False,,,,
1766480533.876259,0.4590281128699319,0.6063023503153215,0.2263162620893108,0,False,,,,
1766480533.8790479,0.47316508665319423,0.6637496253689318,0.0,0,False,,,,
1766480534.063746,0.47316508665319423,0.6637496253689318,0.0,0,False,,,,
1766480534.070806,0.47316508665319423,0.6637496253689318,0.0,0,False,,,,
1766480534.0736692,0.47316508665319423,0.6637496253689318,0.0,0,False,,,,
1766480534.076104,0.47316508665319423,0.6637496253689318,0.0,0,False,,,,
1766480534.078323,0.48863171241834663,0.7073610591630749,0.702286884604135,0,False,,,,
1766480534.26478,0.48863171241834663,0.7073610591630749,0.702286884604135,0,False,,,,
1766480534.272018,0.48863171241834663,0.7073610591630749,0.702286884604135,0,False,,,,
1766480534.2745442,0.48863171241834663,0.7073610591630749,0.702286884604135,0,False,,,,
1766480534.276833,0.48863171241834663,0.7073610591630749,0.702286884604135,0,False,,,,
1766480534.27919,0.45856400700375965,0.6092359096132823,0.31947104534126447,0,False,,,,
1766480534.4352388,0.45856400700375965,0.6092359096132823,0.31947104534126447,0,False,,,,
1766480534.4417229,0.45856400700375965,0.6092359096132823,0.31947104534126447,0,False,,,,
1766480534.4446578,0.45856400700375965,0.6092359096132823,0.31947104534126447,0,False,,,,
1766480534.447223,0.45856400700375965,0.6092359096132823,0.31947104534126447,0,False,,,,
1766480534.449468,0.47316508665319423,0.6637496253689318,0.0,0,False,,,,
1766480534.729058,0.4515679413138862,0.6123833967037896,0.7504093575728361,0,False,,,,
1766480534.735322,0.4515679413138862,0.6123833967037896,0.7504093575728361,0,False,,,,
1766480534.7406971,0.4515679413138862,0.6123833967037896,0.7504093575728361,0,False,,,,
1766480534.7435389,0.4515679413138862,0.6123833967037896,0.7504093575728361,0,False,,,,
1766480534.745887,0.47316508665319423,0.6637496253689318,0.0,0,False,,,,
1766480534.909055,0.47316508665319423,0.6637496253689318,0.0,0,False,,,,
1766480534.9144151,0.47316508665319423,0.6637496253689318,0.0,0,False,,,,
1766480534.9193442,0.47316508665319423,0.6637496253689318,0.0,0,False,,,,
1766480534.921847,0.47316508665319423,0.6637496253689318,0.0,0,False,,,,
1766480534.92431,0.4622930775872834,0.6073123764173446,0.1544747254393724,0,False,,,,
1766480535.0796301,0.4622930775872834,0.6073123764173446,0.1544747254393724,0,False,,,,
1766480535.085681,0.4622930775872834,0.6073123764173446,0.1544747254393724,0,False,,,,
1766480535.088545,0.4622930775872834,0.6073123764173446,0.1544747254393724,0,False,,,,
1766480535.0910451,0.4622930775872834,0.6073123764173446,0.1544747254393724,0,False,,,,
1766480535.094146,0.44617780974251825,0.582399927726207,0.22150394344409166,0,False,,,,
1766480535.305644,0.44617780974251825,0.582399927726207,0.22150394344409166,0,False,,,,
1766480535.311415,0.44617780974251825,0.582399927726207,0.22150394344409166,0,False,,,,
1766480535.3142898,0.44617780974251825,0.582399927726207,0.22150394344409166,0,False,,,,
1766480535.31653,0.44617780974251825,0.582399927726207,0.22150394344409166,0,False,,,,
1766480535.3213298,0.4731648009007755,0.663749707954558,0.0,1,False,,,,
1766480535.7070441,0.4731648009007755,0.663749707954558,0.0,1,False,,,,
1766480535.7127051,0.4731648009007755,0.663749707954558,0.0,1,False,,,,
1766480535.715627,0.4731648009007755,0.663749707954558,0.0,1,False,,,,
1766480535.718074,0.4731648009007755,0.663749707954558,0.0,1,False,,,,
1766480535.720355,0.4566869185169658,0.6193423192906184,0.2033677984866525,1,False,,,,
1766480535.928479,0.4731648009007755,0.663749707954558,0.0,1,False,,,,
1766480535.934419,0.4558090215587141,0.6188459613171778,0.23505556895929786,1,False,,,,
1766480535.937848,0.4558090215587141,0.6188459613171778,0.23505556895929786,1,False,,,,
1766480535.943891,0.4558090215587141,0.6188459613171778,0.23505556895929786,1,False,,,,
1766480535.946443,0.46241818911298527,0.602682018472744,0.21708206084783224,1,False,,,,
1766480536.17859,0.46241818911298527,0.602682018472744,0.21708206084783224,1,False,,,,
1766480536.1832042,0.46241818911298527,0.602682018472744,0.21708206084783224,1,False,,,,
1766480536.186351,0.46241818911298527,0.602682018472744,0.21708206084783224,1,False,,,,
1766480536.188608,0.46241818911298527,0.602682018472744,0.21708206084783224,1,False,,,,
1766480536.1916769,0.49402220084182524,0.694391495837279,0.7465705236315515,1,False,,,,
1766480536.444414,0.49402220084182524,0.694391495837279,0.7465705236315515,1,False,,,,
1766480536.449989,0.49402220084182524,0.694391495837279,0.7465705236315515,1,False,,,,
1766480536.4526908,0.49402220084182524,0.694391495837279,0.7465705236315515,1,False,,,,
1766480536.45529,0.49402220084182524,0.694391495837279,0.7465705236315515,1,False,,,,
1766480536.457824,0.5013132914844773,0.6504717642411806,0.34880060651300543,1,False,,,,
1766480536.7744482,0.46161450434024626,0.6036658263251635,0.17332872253771497,1,False,,,,
1766480536.782901,0.46161450434024626,0.6036658263251635,0.17332872253771497,1,False,,,,
1766480536.78848,0.46161450434024626,0.6036658263251635,0.17332872253771497,1,False,,,,
1766480536.792993,0.46161450434024626,0.6036658263251635,0.17332872253771497,1,False,,,,
1766480536.795657,0.4606214671138472,0.5871641119346632,0.21323075391094426,1,False,,,,
1766480537.067991,0.4606214671138472,0.5871641119346632,0.21323075391094426,1,False,,,,
1766480537.0783339,0.5039727045113434,0.642001374844923,0.3867703431245087,1,False,,,,
1766480537.085904,0.5039727045113434,0.642001374844923,0.3867703431245087,1,False,,,,
1766480537.089119,0.5039727045113434,0.642001374844923,0.3867703431245087,1,False,,,,
1766480537.091562,0.04523177995553231,0.9250913145896393,0.8453645706176758,1,False,,,,
1766480537.3811011,0.04523177995553231,0.9250913145896393,0.8453645706176758,1,False,,,,
1766480537.3888159,0.04523177995553231,0.9250913145896393,0.8453645706176758,1,False,,,,
1766480537.391786,0.04523177995553231,0.9250913145896393,0.8453645706176758,1,False,,,,
1766480537.39454,0.04523177995553231,0.9250913145896393,0.8453645706176758,1,False,,,,
1766480537.397068,0.467989479954004,0.6128140898068792,0.2953301513439628,1,True,0.4091643691062927,0.47055256366729736,0.09984894096851349,0.20902743935585022
1766480537.726352,0.467989479954004,0.6128140898068792,0.2953301513439628,1,True,0.4091643691062927,0.47055256366729736,0.09984894096851349,0.20902743935585022
1766480537.7331772,0.467989479954004,0.6128140898068792,0.2953301513439628,1,True,0.4091643691062927,0.47055256366729736,0.09984894096851349,0.20902743935585022
1766480537.7362702,0.467989479954004,0.6128140898068792,0.2953301513439628,1,True,0.4091643691062927,0.47055256366729736,0.09984894096851349,0.20902743935585022
1766480537.738982,0.467989479954004,0.6128140898068792,0.2953301513439628,1,True,0.4091643691062927,0.47055256366729736,0.09984894096851349,0.20902743935585022
1766480537.742309,0.46037873269742813,0.5908023928014059,0.24428354271497066,1,True,0.4115186631679535,0.446363240480423,0.09384355694055557,0.19804026186466217
1766480537.982927,0.46037873269742813,0.5908023928014059,0.24428354271497066,1,True,0.4115186631679535,0.446363240480423,0.09384355694055557,0.19804026186466217
1766480537.989723,0.46037873269742813,0.5908023928014059,0.24428354271497066,1,True,0.4115186631679535,0.446363240480423,0.09384355694055557,0.19804026186466217
1766480537.9930491,0.46037873269742813,0.5908023928014059,0.24428354271497066,1,True,0.4115186631679535,0.446363240480423,0.09384355694055557,0.19804026186466217
1766480537.9958148,0.46037873269742813,0.5908023928014059,0.24428354271497066,1,True,0.4115186631679535,0.446363240480423,0.09384355694055557,0.19804026186466217
1766480537.998421,0.4583907340321457,0.592341364616052,0.30287329847962446,1,True,0.4032713770866394,0.40142881870269775,0.09361877292394638,0.20232611894607544
1766480538.2219179,0.4583907340321457,0.592341364616052,0.30287329847962446,1,True,0.4032713770866394,0.40142881870269775,0.09361877292394638,0.20232611894607544
1766480538.228866,0.4583907340321457,0.592341364616052,0.30287329847962446,1,True,0.4032713770866394,0.40142881870269775,0.09361877292394638,0.20232611894607544
1766480538.23413,0.4583907340321457,0.592341364616052,0.30287329847962446,1,True,0.4032713770866394,0.40142881870269775,0.09361877292394638,0.20232611894607544
1766480538.237042,0.4583907340321457,0.592341364616052,0.30287329847962446,1,True,0.4032713770866394,0.40142881870269775,0.09361877292394638,0.20232611894607544
1766480538.239717,0.5052323815624258,0.6347569808331434,0.2940746545797853,1,False,,,,
1766480538.494602,0.5052323815624258,0.6347569808331434,0.2940746545797853,1,False,,,,
1766480538.5009658,0.5052323815624258,0.6347569808331434,0.2940746545797853,1,False,,,,
1766480538.503884,0.5052323815624258,0.6347569808331434,0.2940746545797853,1,False,,,,
1766480538.5066721,0.5052323815624258,0.6347569808331434,0.2940746545797853,1,False,,,,
1766480538.509604,0.45951143537238437,0.5923213425104337,0.27077197296571737,1,True,0.40700316429138184,0.3928188681602478,0.087458036839962,0.19379238784313202
1766480538.749124,0.4596995514440224,0.5915670522409571,0.3074222970477201,1,True,0.40700316429138184,0.3928188681602478,0.087458036839962,0.19379238784313202
1766480538.7563038,0.4596995514440224,0.5915670522409571,0.3074222970477201,1,True,0.40700316429138184,0.3928188681602478,0.087458036839962,0.19379238784313202
1766480538.76303,0.4596995514440224,0.5915670522409571,0.3074222970477201,1,True,0.40700316429138184,0.3928188681602478,0.087458036839962,0.19379238784313202
1766480538.766214,0.4596995514440224,0.5915670522409571,0.3074222970477201,1,True,0.40700316429138184,0.3928188681602478,0.087458036839962,0.19379238784313202
1766480538.771534,0.5045618854555798,0.647930100834061,0.3713204489155614,1,False,,,,
1766480539.0509539,0.5039194230912984,0.6424368470994365,0.453735208343179,1,False,,,,
1766480539.0583448,0.5039194230912984,0.6424368470994365,0.453735208343179,1,False,,,,
1766480539.06521,0.5039194230912984,0.6424368470994365,0.453735208343179,1,False,,,,
1766480539.068135,0.5039194230912984,0.6424368470994365,0.453735208343179,1,False,,,,
1766480539.071254,0.47314141167097407,0.6637363636280345,0.0,1,False,,,,
1766480539.425863,0.47314141167097407,0.6637363636280345,0.0,1,False,,,,
1766480539.432815,0.47314141167097407,0.6637363636280345,0.0,1,False,,,,
1766480539.4361,0.47314141167097407,0.6637363636280345,0.0,1,False,,,,
1766480539.4392068,0.47314141167097407,0.6637363636280345,0.0,1,False,,,,
1766480539.441822,0.5043280355843709,0.6610152623334012,0.2526349902177322,1,False,,,,
1766480539.677975,0.5043280355843709,0.6610152623334012,0.2526349902177322,1,False,,,,
1766480539.683742,0.47221296298392,0.6620469795022935,0.2871857165745296,1,False,,,,
1766480539.686702,0.47221296298392,0.6620469795022935,0.2871857165745296,1,False,,,,
1766480539.6942668,0.47221296298392,0.6620469795022935,0.2871857165745296,1,False,,,,
1766480539.6973498,0.4731348368361874,0.6637668437449726,0.0,1,False,,,,
1766480540.0443761,0.4731348368361874,0.6637668437449726,0.0,1,False,,,,
1766480540.050849,0.4731348368361874,0.6637668437449726,0.0,1,False,,,,
1766480540.0540302,0.48394616665270107,0.6617214938009768,0.05341661390289905,1,False,,,,
1766480540.05779,0.4834347451804729,0.6609007132337412,0.022538190889840527,1,False,,,,
1766480540.062141,0.4854569128736951,0.6644670806568939,0.030173954227927104,1,False,,,,
1766480540.3566499,0.4740165001432584,0.6542480003271967,0.011979938130522758,1,False,,,,
1766480540.364182,0.4740165001432584,0.6542480003271967,0.011979938130522758,1,False,,,,
1766480540.370414,0.4740165001432584,0.6542480003271967,0.011979938130522758,1,False,,,,
1766480540.376102,0.4740165001432584,0.6542480003271967,0.011979938130522758,1,False,,,,
1766480540.378997,0.4731348368361874,0.6637668437449726,0.0,1,False,,,,
1766480540.6762712,0.4731348368361874,0.6637668437449726,0.0,1,False,,,,
1766480540.682961,0.4731348368361874,0.6637668437449726,0.0,1,False,,,,
1766480540.685954,0.4731348368361874,0.6637668437449726,0.0,1,False,,,,
1766480540.689664,0.4731348368361874,0.6637668437449726,0.0,1,False,,,,
1766480540.692907,0.49726518277183285,0.6775645411263979,0.7676599621772766,1,True,0.41575026512145996,0.5264346599578857,0.0917753204703331,0.19399277865886688
1766480540.956022,0.49726518277183285,0.6775645411263979,0.7676599621772766,1,True,0.41575026512145996,0.5264346599578857,0.0917753204703331,0.19399277865886688
1766480540.9643788,0.4774989701158199,0.6645189555050026,0.99,1,True,0.41575026512145996,0.5264346599578857,0.0917753204703331,0.19399277865886688
1766480540.971015,0.4774989701158199,0.6645189555050026,0.99,1,True,0.41575026512145996,0.5264346599578857,0.0917753204703331,0.19399277865886688
1766480540.974766,0.4774989701158199,0.6645189555050026,0.99,1,True,0.41575026512145996,0.5264346599578857,0.0917753204703331,0.19399277865886688
1766480540.977501,0.4731348368361874,0.6637668437449726,0.0,1,True,0.41285547614097595,0.5131486654281616,0.09237174689769745,0.19225159287452698
1766480541.493192,0.4834926574871955,0.6679036117194707,0.18406078031808323,1,True,0.41285547614097595,0.5131486654281616,0.09237174689769745,0.19225159287452698
1766480541.503029,0.4924686103152851,0.667575094820831,0.7785238799665135,1,True,0.41285547614097595,0.5131486654281616,0.09237174689769745,0.19225159287452698
1766480541.5094159,0.4924686103152851,0.667575094820831,0.7785238799665135,1,True,0.41285547614097595,0.5131486654281616,0.09237174689769745,0.19225159287452698
1766480541.512297,0.4924686103152851,0.667575094820831,0.7785238799665135,1,True,0.41285547614097595,0.5131486654281616,0.09237174689769745,0.19225159287452698
1766480541.514903,0.47443930099081505,0.6826729484902722,0.028161282842192048,1,False,,,,
1766480541.888892,0.47443930099081505,0.6826729484902722,0.028161282842192048,1,False,,,,
1766480541.896082,0.46769780705875535,0.6830877979867385,0.08785243839373574,1,False,,,,
1766480541.89939,0.46769780705875535,0.6830877979867385,0.08785243839373574,1,False,,,,
1766480541.9058099,0.46769780705875535,0.6830877979867385,0.08785243839373574,1,False,,,,
1766480541.9090471,0.48085152940246195,0.6790220263126165,0.11166215988946714,1,False,,,,
1766480542.131531,-0.009729809586559491,1.2607556018020507,0.7297313489416801,1,False,,,,
1766480542.138192,-0.009729809586559491,1.2607556018020507,0.7297313489416801,1,False,,,,
1766480542.144259,-0.009729809586559491,1.2607556018020507,0.7297313489416801,1,False,,,,
1766480542.1469262,-0.009729809586559491,1.2607556018020507,0.7297313489416801,1,False,,,,
1766480542.1500852,0.4731113143284702,0.6637427868409187,0.0,1,False,,,,
1766480542.4370508,0.4731113143284702,0.6637427868409187,0.0,1,False,,,,
1766480542.4439821,0.4731113143284702,0.6637427868409187,0.0,1,False,,,,
1766480542.446771,0.4731113143284702,0.6637427868409187,0.0,1,False,,,,
1766480542.4493499,0.4731113143284702,0.6637427868409187,0.0,1,False,,,,
1766480542.451843,0.4731113143284702,0.6637427868409187,0.0,1,False,,,,
1766480542.757731,0.4731113143284702,0.6637427868409187,0.0,1,False,,,,
1766480542.763969,0.4731113143284702,0.6637427868409187,0.0,1,False,,,,
1766480542.7671711,0.47427229944343996,0.683471810551378,0.3735698115169704,1,False,,,,
1766480542.7704651,0.47427229944343996,0.683471810551378,0.3735698115169704,1,False,,,,
1766480542.7762969,0.4731113143284702,0.6637427868409187,0.0,1,False,,,,
1766480543.079641,0.4731113143284702,0.6637427868409187,0.0,1,False,,,,
1766480543.0859299,0.4731113143284702,0.6637427868409187,0.0,1,False,,,,
1766480543.0887501,0.4731113143284702,0.6637427868409187,0.0,1,False,,,,
1766480543.091729,0.4731113143284702,0.6637427868409187,0.0,1,False,,,,
1766480543.095134,0.4733626354518698,0.6857321019392161,0.45269845543114,1,False,,,,
1766480543.421841,0.4733626354518698,0.6857321019392161,0.45269845543114,1,False,,,,
1766480543.428386,0.4733626354518698,0.6857321019392161,0.45269845543114,1,False,,,,
1766480543.43119,0.4733626354518698,0.6857321019392161,0.45269845543114,1,False,,,,
1766480543.4344351,0.4733626354518698,0.6857321019392161,0.45269845543114,1,False,,,,
1766480543.4371462,0.46960068285811696,0.6866617965853823,0.28037904397635083,1,False,,,,
1766480543.647014,0.46960068285811696,0.6866617965853823,0.28037904397635083,1,False,,,,
1766480543.652095,0.46960068285811696,0.6866617965853823,0.28037904397635083,1,False,,,,
1766480543.6549919,0.46960068285811696,0.6866617965853823,0.28037904397635083,1,False,,,,
1766480543.6579552,0.46960068285811696,0.6866617965853823,0.28037904397635083,1,False,,,,
1766480543.660845,0.47309095376836563,0.6637195125038505,0.0,1,False,,,,
1766480543.957792,0.47309095376836563,0.6637195125038505,0.0,1,False,,,,
1766480543.965117,0.47309095376836563,0.6637195125038505,0.0,1,False,,,,
1766480543.968053,0.47309095376836563,0.6637195125038505,0.0,1,False,,,,
1766480543.970669,0.47309095376836563,0.6637195125038505,0.0,1,False,,,,
1766480543.974059,0.47309095376836563,0.6637195125038505,0.0,1,False,,,,
1766480544.3459358,0.47309095376836563,0.6637195125038505,0.0,1,False,,,,
1766480544.354901,0.47309095376836563,0.6637195125038505,0.0,1,False,,,,
1766480544.360748,0.47309095376836563,0.6637195125038505,0.0,1,False,,,,
1766480544.365931,0.47309095376836563,0.6637195125038505,0.0,1,False,,,,
1766480544.368562,0.47456473924426756,0.6821357963731927,0.5050144583009122,1,False,,,,
1766480544.589377,0.47456473924426756,0.6821357963731927,0.5050144583009122,1,False,,,,
1766480544.59616,0.47456473924426756,0.6821357963731927,0.5050144583009122,1,False,,,,
1766480544.599512,0.47456473924426756,0.6821357963731927,0.5050144583009122,1,False,,,,
1766480544.60214,0.47456473924426756,0.6821357963731927,0.5050144583009122,1,False,,,,
1766480544.604457,0.49806526683017865,0.6529529004453658,0.41833500086495307,1,False,,,,
1766480544.841971,0.49806526683017865,0.6529529004453658,0.41833500086495307,1,False,,,,
1766480544.84966,0.4968083821438357,0.6490739853026356,0.3800622675197723,1,False,,,,
1766480544.8530428,0.4968083821438357,0.6490739853026356,0.3800622675197723,1,False,,,,
1766480544.8599901,0.4968083821438357,0.6490739853026356,0.3800622675197723,1,False,,,,
1766480544.8628402,0.4954004765888471,0.6018698711618423,0.29874409775615784,1,False,,,,
1766480545.088394,0.4954004765888471,0.6018698711618423,0.29874409775615784,1,False,,,,
1766480545.094827,0.4954004765888471,0.6018698711618423,0.29874409775615784,1,False,,,,
1766480545.097802,0.4954004765888471,0.6018698711618423,0.29874409775615784,1,False,,,,
1766480545.100731,0.4954004765888471,0.6018698711618423,0.29874409775615784,1,False,,,,
1766480545.103194,0.47778416668660084,0.6033173932649184,0.700080931186676,1,False,,,,
1766480545.809099,0.47778416668660084,0.6033173932649184,0.700080931186676,1,False,,,,
1766480545.81621,0.47778416668660084,0.6033173932649184,0.700080931186676,1,False,,,,
1766480545.819184,0.5041215755083485,0.6443284173896658,0.26001830091049355,1,False,,,,
1766480545.823203,0.5041215755083485,0.6443284173896658,0.26001830091049355,1,False,,,,
1766480545.826625,0.5050088839724424,0.6391801110847152,0.3141256039782893,1,False,,,,
1766480546.338943,0.5050088839724424,0.6391801110847152,0.3141256039782893,1,False,,,,
1766480546.345809,0.5050088839724424,0.6391801110847152,0.3141256039782893,1,False,,,,
1766480546.350816,0.5050088839724424,0.6391801110847152,0.3141256039782893,1,False,,,,
1766480546.3545952,0.5045961101477262,0.6356587438605721,0.14898102743356198,1,False,,,,
1766480546.3573701,0.5059266584432586,0.6288758615685976,0.23859390912404743,1,False,,,,
1766480546.8601851,0.476261777124457,0.6259263846878816,0.3413689063518441,1,False,,,,
1766480546.868184,0.476261777124457,0.6259263846878816,0.3413689063518441,1,False,,,,
1766480546.8744268,0.476261777124457,0.6259263846878816,0.3413689063518441,1,False,,,,
1766480546.877747,0.476261777124457,0.6259263846878816,0.3413689063518441,1,False,,,,
1766480546.880238,0.4428564661170589,0.6678737153017097,0.4400401030260644,1,False,,,,
1766480547.38375,0.4428564661170589,0.6678737153017097,0.4400401030260644,1,False,,,,
1766480547.3907928,0.43684801563982323,0.6587337247837562,0.3386327367076299,1,False,,,,
1766480547.3963149,0.43684801563982323,0.6587337247837562,0.3386327367076299,1,False,,,,
1766480547.403708,0.43684801563982323,0.6587337247837562,0.3386327367076299,1,False,,,,
1766480547.4089441,0.443953225470431,0.6734048512099163,0.25984899780143916,1,False,,,,
1766480547.907477,0.443953225470431,0.6734048512099163,0.25984899780143916,1,False,,,,
1766480547.914732,0.443953225470431,0.6734048512099163,0.25984899780143916,1,False,,,,
1766480547.917509,0.443953225470431,0.6734048512099163,0.25984899780143916,1,False,,,,
1766480547.919944,0.443953225470431,0.6734048512099163,0.25984899780143916,1,False,,,,
1766480547.922546,0.4430333472776633,0.6722912820269928,0.27439406611417844,1,True,0.4226803779602051,0.5126883387565613,0.12100982666015625,0.2133665233850479
1766480548.432859,0.4432640911565624,0.672580489961925,0.1541873247818768,1,True,0.4226803779602051,0.5126883387565613,0.12100982666015625,0.2133665233850479
1766480548.439682,0.4432640911565624,0.672580489961925,0.1541873247818768,1,True,0.4226803779602051,0.5126883387565613,0.12100982666015625,0.2133665233850479
1766480548.44559,0.4432640911565624,0.672580489961925,0.1541873247818768,1,True,0.4226803779602051,0.5126883387565613,0.12100982666015625,0.2133665233850479
1766480548.448663,0.4432640911565624,0.672580489961925,0.1541873247818768,1,True,0.4226803779602051,0.5126883387565613,0.12100982666015625,0.2133665233850479
1766480548.451503,0.5058122114091259,0.6087195007217232,0.30126901330479,1,True,0.42432132363319397,0.4781010150909424,0.11530132591724396,0.21807827055454254
1766480548.960971,0.5058122114091259,0.6087195007217232,0.30126901330479,1,True,0.42432132363319397,0.4781010150909424,0.11530132591724396,0.21807827055454254
1766480548.9667761,0.5061116407941175,0.610336428016384,0.2784848389239234,1,True,0.42432132363319397,0.4781010150909424,0.11530132591724396,0.21807827055454254
1766480548.969834,0.5061116407941175,0.610336428016384,0.2784848389239234,1,True,0.42432132363319397,0.4781010150909424,0.11530132591724396,0.21807827055454254
1766480548.9728189,0.5061116407941175,0.610336428016384,0.2784848389239234,1,True,0.42432132363319397,0.4781010150909424,0.11530132591724396,0.21807827055454254
1766480548.980384,0.4762202359614528,0.5964738038775756,0.3999341836845486,1,True,0.4110264778137207,0.41054055094718933,0.10537376254796982,0.21831779181957245
1766480549.479957,0.4762202359614528,0.5964738038775756,0.3999341836845486,1,True,0.4110264778137207,0.41054055094718933,0.10537376254796982,0.21831779181957245
1766480549.4866638,0.4762202359614528,0.5964738038775756,0.3999341836845486,1,True,0.4110264778137207,0.41054055094718933,0.10537376254796982,0.21831779181957245
1766480549.4896371,0.4762202359614528,0.5964738038775756,0.3999341836845486,1,True,0.4110264778137207,0.41054055094718933,0.10537376254796982,0.21831779181957245
1766480549.4925199,0.4762202359614528,0.5964738038775756,0.3999341836845486,1,True,0.4110264778137207,0.41054055094718933,0.10537376254796982,0.21831779181957245
1766480549.495361,0.47707457246022533,0.5991488935680844,0.3226791227282512,1,True,0.4112715721130371,0.4230475127696991,0.10374565422534943,0.20540903508663177
1766480550.004171,0.47707457246022533,0.5991488935680844,0.3226791227282512,1,True,0.4112715721130371,0.4230475127696991,0.10374565422534943,0.20540903508663177
1766480550.012056,0.5040323688571424,0.5986468045053899,0.2215662588188918,1,True,0.4112715721130371,0.4230475127696991,0.10374565422534943,0.20540903508663177
1766480550.0184052,0.5040323688571424,0.5986468045053899,0.2215662588188918,1,True,0.4112715721130371,0.4230475127696991,0.10374565422534943,0.20540903508663177
1766480550.023631,0.5040323688571424,0.5986468045053899,0.2215662588188918,1,True,0.4112715721130371,0.4230475127696991,0.10374565422534943,0.20540903508663177
1766480550.026431,0.5034862466695602,0.596945162859724,0.24163910445426517,1,True,0.41016119718551636,0.5071310997009277,0.10584430396556854,0.21014760434627533
1766480550.527225,0.5034862466695602,0.596945162859724,0.24163910445426517,1,True,0.41016119718551636,0.5071310997009277,0.10584430396556854,0.21014760434627533
1766480550.534324,0.5034862466695602,0.596945162859724,0.24163910445426517,1,True,0.41016119718551636,0.5071310997009277,0.10584430396556854,0.21014760434627533
1766480550.537484,0.5034862466695602,0.596945162859724,0.24163910445426517,1,True,0.41016119718551636,0.5071310997009277,0.10584430396556854,0.21014760434627533
1766480550.540638,0.47660198859877223,0.598294176028804,0.3904336407137106,1,True,0.41016119718551636,0.5071310997009277,0.10584430396556854,0.21014760434627533
1766480550.5454552,0.47838083048091173,0.5819265249953043,0.3901504360436025,1,True,0.4053282141685486,0.5811185836791992,0.10889682918787003,0.19815318286418915
1766480550.858467,0.47838083048091173,0.5819265249953043,0.3901504360436025,1,True,0.4053282141685486,0.5811185836791992,0.10889682918787003,0.19815318286418915
1766480550.865056,0.47838083048091173,0.5819265249953043,0.3901504360436025,1,True,0.4053282141685486,0.5811185836791992,0.10889682918787003,0.19815318286418915
1766480550.8680692,0.47838083048091173,0.5819265249953043,0.3901504360436025,1,True,0.4053282141685486,0.5811185836791992,0.10889682918787003,0.19815318286418915
1766480550.870665,0.47838083048091173,0.5819265249953043,0.3901504360436025,1,True,0.4053282141685486,0.5811185836791992,0.10889682918787003,0.19815318286418915
1766480550.873975,0.4737768731944147,0.5844950634761209,0.39121690001085074,1,True,0.40090814232826233,0.5946900248527527,0.10889101028442383,0.20441962778568268
1766480551.156839,0.4737768731944147,0.5844950634761209,0.39121690001085074,1,True,0.40090814232826233,0.5946900248527527,0.10889101028442383,0.20441962778568268
1766480551.163914,0.4737768731944147,0.5844950634761209,0.39121690001085074,1,True,0.40090814232826233,0.5946900248527527,0.10889101028442383,0.20441962778568268
1766480551.166757,0.4737768731944147,0.5844950634761209,0.39121690001085074,1,True,0.40090814232826233,0.5946900248527527,0.10889101028442383,0.20441962778568268
1766480551.1695611,0.4737768731944147,0.5844950634761209,0.39121690001085074,1,True,0.40090814232826233,0.5946900248527527,0.10889101028442383,0.20441962778568268
1766480551.1721442,0.47288536396489517,0.5815316843897581,0.3342363182972123,1,True,0.39319321513175964,0.5852320194244385,0.10594580322504044,0.21069030463695526
1766480551.42255,0.47288536396489517,0.5815316843897581,0.3342363182972123,1,True,0.39319321513175964,0.5852320194244385,0.10594580322504044,0.21069030463695526
1766480551.42941,0.47288536396489517,0.5815316843897581,0.3342363182972123,1,True,0.39319321513175964,0.5852320194244385,0.10594580322504044,0.21069030463695526
1766480551.4323819,0.47288536396489517,0.5815316843897581,0.3342363182972123,1,True,0.39319321513175964,0.5852320194244385,0.10594580322504044,0.21069030463695526
1766480551.435083,0.47288536396489517,0.5815316843897581,0.3342363182972123,1,True,0.39319321513175964,0.5852320194244385,0.10594580322504044,0.21069030463695526
1766480551.4377458,0.4788185532501975,0.5832951611184585,0.38641415741049107,1,True,0.39172786474227905,0.5835095643997192,0.10557343810796738,0.20961304008960724
1766480551.909615,0.4788185532501975,0.5832951611184585,0.38641415741049107,1,True,0.39172786474227905,0.5835095643997192,0.10557343810796738,0.20961304008960724
1766480551.916808,0.47853755911397444,0.5818746455703374,0.37759975844464266,1,True,0.39172786474227905,0.5835095643997192,0.10557343810796738,0.20961304008960724
1766480551.922923,0.47853755911397444,0.5818746455703374,0.37759975844464266,1,True,0.39172786474227905,0.5835095643997192,0.10557343810796738,0.20961304008960724
1766480551.929012,0.47853755911397444,0.5818746455703374,0.37759975844464266,1,True,0.39172786474227905,0.5835095643997192,0.10557343810796738,0.20961304008960724
1766480551.932103,0.5006174697532846,0.5941933698132863,0.09389431081569695,1,False,,,,
1766480552.228179,0.5006174697532846,0.5941933698132863,0.09389431081569695,1,False,,,,
1766480552.235054,0.5006174697532846,0.5941933698132863,0.09389431081569695,1,False,,,,
1766480552.2378979,0.5006174697532846,0.5941933698132863,0.09389431081569695,1,False,,,,
1766480552.240782,0.5006174697532846,0.5941933698132863,0.09389431081569695,1,False,,,,
1766480552.243813,0.45077464924911137,0.6681966779354029,0.8921042084693909,1,False,,,,
1766480552.530163,0.45077464924911137,0.6681966779354029,0.8921042084693909,1,False,,,,
1766480552.537038,0.45077464924911137,0.6681966779354029,0.8921042084693909,1,False,,,,
1766480552.54022,0.45077464924911137,0.6681966779354029,0.8921042084693909,1,False,,,,
1766480552.5426612,0.45077464924911137,0.6681966779354029,0.8921042084693909,1,False,,,,
1766480552.547733,0.476537287876722,0.6743029711023847,0.41241827345600074,1,False,,,,
1766480553.047474,0.476537287876722,0.6743029711023847,0.41241827345600074,1,False,,,,
1766480553.054006,0.4702215489513416,0.5710258772904527,0.3548845476627999,1,False,,,,
1766480553.0579379,0.4702215489513416,0.5710258772904527,0.3548845476627999,1,False,,,,
1766480553.060962,0.4702215489513416,0.5710258772904527,0.3548845476627999,1,False,,,,
1766480553.068835,0.47700485891061817,0.6750956847672557,0.3254694568353814,1,True,0.3959687054157257,0.6458038091659546,0.102849081158638,0.20887145400047302
1766480553.48338,0.47700485891061817,0.6750956847672557,0.3254694568353814,1,True,0.3959687054157257,0.6458038091659546,0.102849081158638,0.20887145400047302
1766480553.491711,0.4805679481848781,0.5739945077794825,0.18326363414801997,1,False,,,,
1766480553.495857,0.4805679481848781,0.5739945077794825,0.18326363414801997,1,False,,,,
1766480553.502698,0.4805679481848781,0.5739945077794825,0.18326363414801997,1,False,,,,
1766480553.505905,0.43459123432800145,0.664126244355693,0.7440412512671795,1,True,0.40874212980270386,0.49421393871307373,0.09853725135326385,0.2100490927696228
1766480553.747193,0.43459123432800145,0.664126244355693,0.7440412512671795,1,True,0.40874212980270386,0.49421393871307373,0.09853725135326385,0.2100490927696228
1766480553.752643,0.43459123432800145,0.664126244355693,0.7440412512671795,1,True,0.40874212980270386,0.49421393871307373,0.09853725135326385,0.2100490927696228
1766480553.7556102,0.43459123432800145,0.664126244355693,0.7440412512671795,1,True,0.40874212980270386,0.49421393871307373,0.09853725135326385,0.2100490927696228
1766480553.758361,0.4772863745274898,0.6716988214890072,0.31983811214381974,1,True,0.40874212980270386,0.49421393871307373,0.09853725135326385,0.2100490927696228
1766480553.762024,0.4723902626884907,0.5653556948065941,0.19139382861514168,1,True,0.41134634613990784,0.4691445231437683,0.09617777168750763,0.19879472255706787
1766480554.0048928,0.4723902626884907,0.5653556948065941,0.19139382861514168,1,True,0.41134634613990784,0.4691445231437683,0.09617777168750763,0.19879472255706787
1766480554.011683,0.4723902626884907,0.5653556948065941,0.19139382861514168,1,True,0.41134634613990784,0.4691445231437683,0.09617777168750763,0.19879472255706787
1766480554.015222,0.4723902626884907,0.5653556948065941,0.19139382861514168,1,True,0.41134634613990784,0.4691445231437683,0.09617777168750763,0.19879472255706787
1766480554.018445,0.4723902626884907,0.5653556948065941,0.19139382861514168,1,True,0.41134634613990784,0.4691445231437683,0.09617777168750763,0.19879472255706787
1766480554.021077,0.4749634651054019,0.5596966073120957,0.09196890408474445,1,True,0.40756186842918396,0.46856868267059326,0.0959741622209549,0.19729970395565033
1766480554.312454,0.4749634651054019,0.5596966073120957,0.09196890408474445,1,True,0.40756186842918396,0.46856868267059326,0.0959741622209549,0.19729970395565033
1766480554.319167,0.4749634651054019,0.5596966073120957,0.09196890408474445,1,True,0.40756186842918396,0.46856868267059326,0.0959741622209549,0.19729970395565033
1766480554.322398,0.4749634651054019,0.5596966073120957,0.09196890408474445,1,True,0.40756186842918396,0.46856868267059326,0.0959741622209549,0.19729970395565033
1766480554.327517,0.4749634651054019,0.5596966073120957,0.09196890408474445,1,True,0.40756186842918396,0.46856868267059326,0.0959741622209549,0.19729970395565033
1766480554.331064,0.47683920181955736,0.6704112898914949,0.14485954598378947,1,False,,,,
1766480554.608469,0.47683920181955736,0.6704112898914949,0.14485954598378947,1,False,,,,
1766480554.6164448,0.47683920181955736,0.6704112898914949,0.14485954598378947,1,False,,,,
1766480554.618946,0.47683920181955736,0.6704112898914949,0.14485954598378947,1,False,,,,
1766480554.621705,0.47683920181955736,0.6704112898914949,0.14485954598378947,1,False,,,,
1766480554.624467,0.4751612855609412,0.5589073831992136,0.08011377261719778,1,False,,,,
1766480554.9507442,0.4751612855609412,0.5589073831992136,0.08011377261719778,1,False,,,,
1766480554.957313,0.4751612855609412,0.5589073831992136,0.08011377261719778,1,False,,,,
1766480554.9614441,0.4751612855609412,0.5589073831992136,0.08011377261719778,1,False,,,,
1766480554.9643898,0.6322248520357393,0.6035517965046908,0.7481429958319366,1,False,,,,
1766480554.9681401,0.6174915871475705,0.7242875198159493,0.7597505816394705,1,False,,,,
1766480555.2694669,0.4739431032979008,0.5576632182341412,0.12953798455955576,1,False,,,,
1766480555.276542,0.4739431032979008,0.5576632182341412,0.12953798455955576,1,False,,,,
1766480555.282913,0.4739431032979008,0.5576632182341412,0.12953798455955576,1,False,,,,
1766480555.285918,0.4739431032979008,0.5576632182341412,0.12953798455955576,1,False,,,,
1766480555.2883892,0.4841086529016684,0.6265320325364889,0.0,1,False,,,,
1766480555.578856,0.4841086529016684,0.6265320325364889,0.0,1,False,,,,
1766480555.5845509,0.4841086529016684,0.6265320325364889,0.0,1,False,,,,
1766480555.587272,0.4841086529016684,0.6265320325364889,0.0,1,False,,,,
1766480555.590421,0.4841086529016684,0.6265320325364889,0.0,1,False,,,,
1766480555.593515,0.47295467324973456,0.6637445692616704,0.0,2,False,,,,
1766480555.9136488,0.47295467324973456,0.6637445692616704,0.0,2,False,,,,
1766480555.9198332,0.47295467324973456,0.6637445692616704,0.0,2,False,,,,
1766480555.925258,0.47295467324973456,0.6637445692616704,0.0,2,False,,,,
1766480555.927973,0.47295467324973456,0.6637445692616704,0.0,2,False,,,,
1766480555.930368,0.47295467324973456,0.6637445692616704,0.0,1,False,,,,
1766480556.209265,0.45227765082441895,0.6029342088719948,0.7336116433143616,1,False,,,,
1766480556.2160242,0.45227765082441895,0.6029342088719948,0.7336116433143616,1,False,,,,
1766480556.221588,0.45227765082441895,0.6029342088719948,0.7336116433143616,1,False,,,,
1766480556.22418,0.45227765082441895,0.6029342088719948,0.7336116433143616,1,False,,,,
1766480556.227083,0.4513666967442842,0.6022184304216981,0.747990608215332,1,False,,,,
1766480556.5074391,0.4512829466571091,0.6022704305110796,0.7523477673530579,1,False,,,,
1766480556.5150678,0.4512829466571091,0.6022704305110796,0.7523477673530579,1,False,,,,
1766480556.520697,0.4512829466571091,0.6022704305110796,0.7523477673530579,1,False,,,,
1766480556.5235891,0.4512829466571091,0.6022704305110796,0.7523477673530579,1,False,,,,
1766480556.5287738,0.44859716292777085,0.606414754597473,0.7193543910980225,1,False,,,,
1766480556.871948,0.48410833007604664,0.6265313995625392,0.0,1,False,,,,
1766480556.878185,0.47295467324973456,0.6637445692616704,0.0,1,False,,,,
1766480556.885283,0.47295467324973456,0.6637445692616704,0.0,1,False,,,,
1766480556.888512,0.47295467324973456,0.6637445692616704,0.0,1,False,,,,
1766480556.8910358,1.9698871335988841,-0.5189670214240365,0.7540860772132874,1,False,,,,
1766480557.153779,1.9698871335988841,-0.5189670214240365,0.7540860772132874,1,False,,,,
1766480557.16016,1.9698871335988841,-0.5189670214240365,0.7540860772132874,1,False,,,,
1766480557.163022,1.9698871335988841,-0.5189670214240365,0.7540860772132874,1,False,,,,
1766480557.165714,1.9698871335988841,-0.5189670214240365,0.7540860772132874,1,False,,,,
1766480557.168044,1.0404487685382304,0.6963804258238573,0.7577022910118103,1,False,,,,
1766480557.380757,0.47295467324973456,0.6637445692616704,0.0,1,False,,,,
1766480557.387199,0.47295467324973456,0.6637445692616704,0.0,1,False,,,,
1766480557.393439,0.47295467324973456,0.6637445692616704,0.0,1,False,,,,
1766480557.3962848,0.47295467324973456,0.6637445692616704,0.0,1,False,,,,
1766480557.398852,0.44456568910664124,0.6047627314470476,0.7645859122276306,1,False,,,,
1766480557.780821,0.48410833007604664,0.6265313995625392,0.0,1,False,,,,
1766480557.787859,0.48410833007604664,0.6265313995625392,0.0,1,False,,,,
1766480557.7936041,0.48410833007604664,0.6265313995625392,0.0,1,False,,,,
1766480557.796566,0.48410833007604664,0.6265313995625392,0.0,1,False,,,,
1766480557.799167,0.48410833007604664,0.6265313995625392,0.0,1,False,,,,
1766480558.203438,0.48410833007604664,0.6265313995625392,0.0,1,False,,,,
1766480558.209974,0.48410833007604664,0.6265313995625392,0.0,1,False,,,,
1766480558.2132668,0.47295467324973456,0.6637445692616704,0.0,1,False,,,,
1766480558.218938,0.48410833007604664,0.6265313995625392,0.0,1,False,,,,
1766480558.2218812,0.47295467324973456,0.6637445692616704,0.0,1,False,,,,
1766480558.525758,0.454444826560825,0.5871814429741297,0.3939232049387358,1,False,,,,
1766480558.5332658,0.454444826560825,0.5871814429741297,0.3939232049387358,1,False,,,,
1766480558.5369542,0.454444826560825,0.5871814429741297,0.3939232049387358,1,False,,,,
1766480558.539613,0.454444826560825,0.5871814429741297,0.3939232049387358,1,False,,,,
1766480558.542093,-0.47118484983722597,1.264914998697337,0.7983994729070562,1,False,,,,
1766480558.811082,-0.47118484983722597,1.264914998697337,0.7983994729070562,1,False,,,,
1766480558.817856,0.45046604519331834,0.5857074590968606,0.4786699180574602,1,False,,,,
1766480558.8217878,0.45046604519331834,0.5857074590968606,0.4786699180574602,1,False,,,,
1766480558.825105,0.45046604519331834,0.5857074590968606,0.4786699180574602,1,False,,,,
1766480558.832712,0.4821054150563568,0.7171907835943239,0.4087470198071786,1,False,,,,
1766480559.252049,0.4821054150563568,0.7171907835943239,0.4087470198071786,1,False,,,,
1766480559.2590342,0.4806835448346608,0.7185030413763083,0.48913345314946316,1,False,,,,
1766480559.265695,0.4806835448346608,0.7185030413763083,0.48913345314946316,1,False,,,,
1766480559.268778,0.4806835448346608,0.7185030413763083,0.48913345314946316,1,False,,,,
1766480559.271418,0.4823587930045184,0.7151361643608035,0.47638044373196964,1,False,,,,
1766480559.541386,0.4823587930045184,0.7151361643608035,0.47638044373196964,1,False,,,,
1766480559.547445,0.4823587930045184,0.7151361643608035,0.47638044373196964,1,False,,,,
1766480559.550288,0.4823587930045184,0.7151361643608035,0.47638044373196964,1,False,,,,
1766480559.5533571,0.48117814745649434,0.7165190285456474,0.4002236256602937,1,False,,,,
1766480559.557137,0.4766314248062001,0.7215181662532723,0.36630901140473576,1,False,,,,
1766480559.854464,0.4766314248062001,0.7215181662532723,0.36630901140473576,1,False,,,,
1766480559.861883,0.47744017376791115,0.7204933932537462,0.32736427259694034,1,False,,,,
1766480559.868005,0.47744017376791115,0.7204933932537462,0.32736427259694034,1,False,,,,
1766480559.87391,0.47744017376791115,0.7204933932537462,0.32736427259694034,1,False,,,,
1766480559.877986,0.4864004392053565,0.6954349005434337,0.42852997506097257,1,False,,,,
1766480560.300687,0.4602724830979845,0.5784395565454228,0.19478551122466967,1,False,,,,
1766480560.3078852,0.4602724830979845,0.5784395565454228,0.19478551122466967,1,False,,,,
1766480560.3143628,0.4602724830979845,0.5784395565454228,0.19478551122466967,1,False,,,,
1766480560.317178,0.4602724830979845,0.5784395565454228,0.19478551122466967,1,False,,,,
1766480560.3197708,0.44867801932828594,0.608551994455646,0.7053101937510892,1,False,,,,
1766480560.624426,0.44867801932828594,0.608551994455646,0.7053101937510892,1,False,,,,
1766480560.630935,0.464135879445,0.568199125185896,0.25803060813865375,1,False,,,,
1766480560.6350331,0.464135879445,0.568199125185896,0.25803060813865375,1,False,,,,
1766480560.641581,0.464135879445,0.568199125185896,0.25803060813865375,1,False,,,,
1766480560.646718,0.46560545991167557,0.5653048642591223,0.1943764372060826,1,False,,,,
1766480560.927155,0.46560545991167557,0.5653048642591223,0.1943764372060826,1,False,,,,
1766480560.9365141,0.4849302729035084,0.6972671752593615,0.38040353620002365,1,False,,,,
1766480560.941052,0.4849302729035084,0.6972671752593615,0.38040353620002365,1,False,,,,
1766480560.9468858,0.4849302729035084,0.6972671752593615,0.38040353620002365,1,False,,,,
1766480560.95009,0.46477372052892746,0.5777759850340914,0.22612106836889526,1,False,,,,
1766480561.3422348,0.46477372052892746,0.5777759850340914,0.22612106836889526,1,False,,,,
1766480561.348068,0.46477372052892746,0.5777759850340914,0.22612106836889526,1,False,,,,
1766480561.351083,0.46477372052892746,0.5777759850340914,0.22612106836889526,1,False,,,,
1766480561.354228,0.46477372052892746,0.5777759850340914,0.22612106836889526,1,False,,,,
1766480561.356833,0.46266292452892854,0.5699613458904916,0.26852389680913735,2,False,,,,
1766480561.6400719,0.4848065922604704,0.7058236952456955,0.5838532562510236,2,False,,,,
1766480561.6467462,0.4848065922604704,0.7058236952456955,0.5838532562510236,2,False,,,,
1766480561.6526332,0.4848065922604704,0.7058236952456955,0.5838532562510236,2,False,,,,
1766480561.6553888,0.4848065922604704,0.7058236952456955,0.5838532562510236,2,False,,,,
1766480561.658313,0.4864096217664998,0.7028102120712438,0.4593130619762955,1,False,,,,
1766480561.965655,0.4864096217664998,0.7028102120712438,0.4593130619762955,1,False,,,,
1766480561.973572,0.4615276677882475,0.5687284256060847,0.325846012643987,1,False,,,,
1766480561.976702,0.4615276677882475,0.5687284256060847,0.325846012643987,1,False,,,,
1766480561.983777,0.4615276677882475,0.5687284256060847,0.325846012643987,1,False,,,,
1766480561.986824,0.46237615595375764,0.5705537390375494,0.31154037433474596,1,False,,,,
1766480562.41087,0.4587687340528782,0.5832109324162807,0.19544265379237064,1,False,,,,
1766480562.418915,0.4587687340528782,0.5832109324162807,0.19544265379237064,1,False,,,,
1766480562.425684,0.4587687340528782,0.5832109324162807,0.19544265379237064,1,False,,,,
1766480562.431068,0.4587687340528782,0.5832109324162807,0.19544265379237064,1,False,,,,
1766480562.433888,0.4495953877016309,0.5721701104969199,0.20016561124455354,1,False,,,,
1766480562.9828212,0.4495953877016309,0.5721701104969199,0.20016561124455354,1,False,,,,
1766480562.990054,0.4495953877016309,0.5721701104969199,0.20016561124455354,1,False,,,,
1766480562.993043,0.4495953877016309,0.5721701104969199,0.20016561124455354,1,False,,,,
1766480562.995886,0.4495953877016309,0.5721701104969199,0.20016561124455354,1,False,,,,
1766480562.998542,0.4713355087385155,0.7278865718441503,0.2901114289260853,1,False,,,,
1766480563.446214,0.472314755369299,0.7292834407072823,0.47625912536203435,1,False,,,,
1766480563.453311,0.472314755369299,0.7292834407072823,0.47625912536203435,1,False,,,,
1766480563.459706,0.472314755369299,0.7292834407072823,0.47625912536203435,1,False,,,,
1766480563.4626298,0.472314755369299,0.7292834407072823,0.47625912536203435,1,False,,,,
1766480563.465633,0.4551369225580791,0.5873337467252969,0.36302087857492527,1,True,0.4193817973136902,0.4266209602355957,0.09084882587194443,0.191253200173378
1766480563.969451,0.4551369225580791,0.5873337467252969,0.36302087857492527,1,True,0.4193817973136902,0.4266209602355957,0.09084882587194443,0.191253200173378
1766480563.977098,0.4542396815471007,0.5865957355328907,0.39036794702108857,1,True,0.4193817973136902,0.4266209602355957,0.09084882587194443,0.191253200173378
1766480563.9800909,0.45136403693183025,0.589260794039897,0.27756081054371395,1,True,0.4193817973136902,0.4266209602355957,0.09084882587194443,0.191253200173378
1766480563.983039,0.45136403693183025,0.589260794039897,0.27756081054371395,1,True,0.4193817973136902,0.4266209602355957,0.09084882587194443,0.191253200173378
1766480563.989749,0.4498283311266961,0.5747176634524876,0.32965946361398296,1,False,,,,
1766480564.3067951,0.4498283311266961,0.5747176634524876,0.32965946361398296,1,False,,,,
1766480564.313529,0.44776279905953753,0.5814454532419594,0.31040140413920014,1,False,,,,
1766480564.317784,0.44776279905953753,0.5814454532419594,0.31040140413920014,1,False,,,,
1766480564.324427,0.44776279905953753,0.5814454532419594,0.31040140413920014,1,False,,,,
1766480564.327957,0.45160643384962007,0.5636155497397872,0.349278425355995,1,False,,,,
1766480564.6846652,0.4491470278796008,0.566339398841794,0.31200842230915576,1,False,,,,
1766480564.692286,0.4491470278796008,0.566339398841794,0.31200842230915576,1,False,,,,
1766480564.697691,0.4491470278796008,0.566339398841794,0.31200842230915576,1,False,,,,
1766480564.700407,0.4491470278796008,0.566339398841794,0.31200842230915576,1,False,,,,
1766480564.7028139,0.4516818428802579,0.5613944902716207,0.365830300098816,1,True,0.4305420517921448,0.40271294116973877,0.094446562230587,0.20144924521446228
1766480565.017214,0.4510909363792511,0.5618068253695689,0.2847232550936172,1,True,0.4305420517921448,0.40271294116973877,0.094446562230587,0.20144924521446228
1766480565.0240881,0.4510909363792511,0.5618068253695689,0.2847232550936172,1,True,0.4305420517921448,0.40271294116973877,0.094446562230587,0.20144924521446228
1766480565.032191,0.4510909363792511,0.5618068253695689,0.2847232550936172,1,True,0.4305420517921448,0.40271294116973877,0.094446562230587,0.20144924521446228
1766480565.035257,0.4510909363792511,0.5618068253695689,0.2847232550936172,1,True,0.4305420517921448,0.40271294116973877,0.094446562230587,0.20144924521446228
1766480565.037916,0.45261247085255996,0.5625352598582345,0.3948247171354846,1,True,0.4159526824951172,0.4186324179172516,0.09290190041065216,0.19828711450099945
1766480565.281136,0.45261247085255996,0.5625352598582345,0.3948247171354846,1,True,0.4159526824951172,0.4186324179172516,0.09290190041065216,0.19828711450099945
1766480565.28849,0.45334556072818105,0.5792441720411143,0.2596127158753197,1,True,0.4159526824951172,0.4186324179172516,0.09290190041065216,0.19828711450099945
1766480565.29207,0.45334556072818105,0.5792441720411143,0.2596127158753197,1,True,0.4159526824951172,0.4186324179172516,0.09290190041065216,0.19828711450099945
1766480565.298796,0.45334556072818105,0.5792441720411143,0.2596127158753197,1,True,0.4159526824951172,0.4186324179172516,0.09290190041065216,0.19828711450099945
1766480565.3045151,0.48893581705169026,0.7072181799912214,0.37605708951477607,1,False,,,,
1766480565.555385,0.4534084763033614,0.583518497449869,0.2541831743446385,1,True,0.40905848145484924,0.4005527198314667,0.09466381371021271,0.20823974907398224
1766480565.564897,0.4534084763033614,0.583518497449869,0.2541831743446385,1,True,0.40905848145484924,0.4005527198314667,0.09466381371021271,0.20823974907398224
1766480565.571213,0.4534084763033614,0.583518497449869,0.2541831743446385,1,True,0.40905848145484924,0.4005527198314667,0.09466381371021271,0.20823974907398224
1766480565.574068,0.4534084763033614,0.583518497449869,0.2541831743446385,1,True,0.40905848145484924,0.4005527198314667,0.09466381371021271,0.20823974907398224
1766480565.5767329,0.4523606206671271,0.5813266845238123,0.34225050673288976,1,False,,,,
1766480565.7981892,0.4523606206671271,0.5813266845238123,0.34225050673288976,1,False,,,,
1766480565.805428,0.4523606206671271,0.5813266845238123,0.34225050673288976,1,False,,,,
1766480565.80814,0.4523606206671271,0.5813266845238123,0.34225050673288976,1,False,,,,
1766480565.810553,0.4523606206671271,0.5813266845238123,0.34225050673288976,1,False,,,,
1766480565.813317,0.45459574612030484,0.5799123004939244,0.44469980244887036,1,False,,,,
1766480566.066992,0.45459574612030484,0.5799123004939244,0.44469980244887036,1,False,,,,
1766480566.0719402,0.45459574612030484,0.5799123004939244,0.44469980244887036,1,False,,,,
1766480566.074315,0.45459574612030484,0.5799123004939244,0.44469980244887036,1,False,,,,
1766480566.076532,0.45459574612030484,0.5799123004939244,0.44469980244887036,1,False,,,,
1766480566.079374,0.47753610542494956,0.6735700022297102,0.4603527400241938,0,False,,,,
1766480566.266546,0.47753610542494956,0.6735700022297102,0.4603527400241938,0,False,,,,
1766480566.2738829,0.47753610542494956,0.6735700022297102,0.4603527400241938,0,False,,,,
1766480566.276475,0.47753610542494956,0.6735700022297102,0.4603527400241938,0,False,,,,
1766480566.278749,0.47753610542494956,0.6735700022297102,0.4603527400241938,0,False,,,,
1766480566.28096,0.48223766731229534,0.6726845388842164,0.3988188085458385,0,False,,,,
1766480566.4505432,0.48223766731229534,0.6726845388842164,0.3988188085458385,0,False,,,,
1766480566.457064,0.44973954842501424,0.5739303376218365,0.19527722618196972,0,False,,,,
1766480566.4618812,0.44629333133975163,0.5767100782204412,0.1470090120184288,0,False,,,,
1766480566.4677272,0.44629333133975163,0.5767100782204412,0.1470090120184288,0,False,,,,
1766480566.473618,0.48031649117352737,0.6768054299151478,0.3571160235817108,0,False,,,,
1766480566.6693408,0.48031649117352737,0.6768054299151478,0.3571160235817108,0,False,,,,
1766480566.6753862,0.48031649117352737,0.6768054299151478,0.3571160235817108,0,False,,,,
1766480566.677809,0.48031649117352737,0.6768054299151478,0.3571160235817108,0,False,,,,
1766480566.6801522,0.48031649117352737,0.6768054299151478,0.3571160235817108,0,False,,,,
1766480566.6827142,0.48548225000546286,0.6640143761661296,0.3058107189431348,0,False,,,,
1766480566.930841,0.490167181035169,0.6131514413255253,0.09403823755720052,0,False,,,,
1766480566.9380229,0.490167181035169,0.6131514413255253,0.09403823755720052,0,False,,,,
1766480566.94318,0.490167181035169,0.6131514413255253,0.09403823755720052,0,False,,,,
1766480566.9457889,0.490167181035169,0.6131514413255253,0.09403823755720052,0,False,,,,
1766480566.947965,0.4825979944331671,0.6700529693673596,0.2630073633210321,0,False,,,,
1766480567.14139,0.4825979944331671,0.6700529693673596,0.2630073633210321,0,False,,,,
1766480567.1472158,0.4825979944331671,0.6700529693673596,0.2630073633210321,0,False,,,,
1766480567.149896,0.4825979944331671,0.6700529693673596,0.2630073633210321,0,False,,,,
1766480567.152319,0.4825979944331671,0.6700529693673596,0.2630073633210321,0,False,,,,
1766480567.154596,0.4836716644880094,0.6645453559056703,0.3296024551094893,0,False,,,,
1766480567.3148758,0.4836716644880094,0.6645453559056703,0.3296024551094893,0,False,,,,
1766480567.319914,0.4836716644880094,0.6645453559056703,0.3296024551094893,0,False,,,,
1766480567.3224802,0.4836716644880094,0.6645453559056703,0.3296024551094893,0,False,,,,
1766480567.325074,0.4836716644880094,0.6645453559056703,0.3296024551094893,0,False,,,,
1766480567.32758,0.4881063364698611,0.6167422120219171,0.15157483126020868,0,False,,,,
1766480567.529768,0.48919251542825465,0.6335722462539048,0.21461418237734006,0,False,,,,
1766480567.536015,0.48919251542825465,0.6335722462539048,0.21461418237734006,0,False,,,,
1766480567.5412412,0.48919251542825465,0.6335722462539048,0.21461418237734006,0,False,,,,
1766480567.543906,0.48919251542825465,0.6335722462539048,0.21461418237734006,0,False,,,,
1766480567.546358,0.4803840070287754,0.6781668472332348,0.47960116103851924,0,False,,,,
1766480567.845749,0.4803840070287754,0.6781668472332348,0.47960116103851924,0,False,,,,
1766480567.851234,0.4803840070287754,0.6781668472332348,0.47960116103851924,0,False,,,,
1766480567.8539991,0.4803840070287754,0.6781668472332348,0.47960116103851924,0,False,,,,
1766480567.8564951,0.4803840070287754,0.6781668472332348,0.47960116103851924,0,False,,,,
1766480567.8587961,0.4796622835007838,0.6781027249955098,0.44517850296778294,0,False,,,,
1766480568.028386,0.4796622835007838,0.6781027249955098,0.44517850296778294,0,False,,,,
1766480568.033817,0.491806717441796,0.6212816283322123,0.24933831273730028,0,False,,,,
1766480568.036848,0.491806717441796,0.6212816283322123,0.24933831273730028,0,False,,,,
1766480568.040191,0.491806717441796,0.6212816283322123,0.24933831273730028,0,False,,,,
1766480568.046402,0.4812773564054715,0.6728270931692274,0.48875958203559283,0,False,,,,
1766480568.2086751,0.491851636892763,0.6240786827703944,0.2915228319201665,0,False,,,,
1766480568.21567,0.491851636892763,0.6240786827703944,0.2915228319201665,0,False,,,,
1766480568.218397,0.491851636892763,0.6240786827703944,0.2915228319201665,0,False,,,,
1766480568.221233,0.491851636892763,0.6240786827703944,0.2915228319201665,0,False,,,,
1766480568.2238169,0.4959865181339902,0.6044022309431627,0.29895623213649036,0,False,,,,
1766480568.3873868,0.4959865181339902,0.6044022309431627,0.29895623213649036,0,False,,,,
1766480568.392698,0.4959865181339902,0.6044022309431627,0.29895623213649036,0,False,,,,
1766480568.395628,0.4959865181339902,0.6044022309431627,0.29895623213649036,0,False,,,,
1766480568.3984928,0.4959865181339902,0.6044022309431627,0.29895623213649036,0,False,,,,
1766480568.4014442,0.441980943968448,0.6333119495461205,0.3687117499008156,0,False,,,,
1766480568.681831,0.441980943968448,0.6333119495461205,0.3687117499008156,0,False,,,,
1766480568.686492,0.441980943968448,0.6333119495461205,0.3687117499008156,0,False,,,,
1766480568.688889,0.441980943968448,0.6333119495461205,0.3687117499008156,0,False,,,,
1766480568.6914308,0.441980943968448,0.6333119495461205,0.3687117499008156,0,False,,,,
1766480568.694328,0.479339979821941,0.6799572666146859,0.5487370636152082,0,False,,,,
1766480569.1009479,0.479339979821941,0.6799572666146859,0.5487370636152082,0,False,,,,
1766480569.109177,0.47870703243049295,0.6789125135536467,0.5215378907837721,0,False,,,,
1766480569.1124501,0.47870703243049295,0.6789125135536467,0.5215378907837721,0,False,,,,
1766480569.1191602,0.47870703243049295,0.6789125135536467,0.5215378907837721,0,False,,,,
1766480569.121654,0.479774997426906,0.6716307590970403,0.5307386978279629,0,False,,,,
1766480569.427302,0.479774997426906,0.6716307590970403,0.5307386978279629,0,False,,,,
1766480569.4332821,0.479774997426906,0.6716307590970403,0.5307386978279629,0,False,,,,
1766480569.436618,0.479774997426906,0.6716307590970403,0.5307386978279629,0,False,,,,
1766480569.4419148,0.4380676533505231,0.6317357468735398,0.2852904862522656,0,False,,,,
1766480569.444798,0.438801746889828,0.628946890342829,0.245074621184461,0,False,,,,
1766480569.620238,0.438801746889828,0.628946890342829,0.245074621184461,0,False,,,,
1766480569.6274781,0.438801746889828,0.628946890342829,0.245074621184461,0,False,,,,
1766480569.630346,0.438801746889828,0.628946890342829,0.245074621184461,0,False,,,,
1766480569.632745,0.438801746889828,0.628946890342829,0.245074621184461,0,False,,,,
1766480569.635063,0.43758627077579365,0.6375853576538951,0.26088222691137775,0,False,,,,
1766480569.922451,0.43758627077579365,0.6375853576538951,0.26088222691137775,0,False,,,,
1766480569.92897,0.43758627077579365,0.6375853576538951,0.26088222691137775,0,False,,,,
1766480569.931458,0.43758627077579365,0.6375853576538951,0.26088222691137775,0,False,,,,
1766480569.933857,0.43758627077579365,0.6375853576538951,0.26088222691137775,0,False,,,,
1766480569.936408,0.43684920408322714,0.6385835285123741,0.1993821204332607,0,False,,,,
1766480570.136152,0.43684920408322714,0.6385835285123741,0.1993821204332607,0,False,,,,
1766480570.142242,0.43684920408322714,0.6385835285123741,0.1993821204332607,0,False,,,,
1766480570.1462688,0.4774819480020508,0.6723609571211946,0.3247625945120132,0,False,,,,
1766480570.1494029,0.4774819480020508,0.6723609571211946,0.3247625945120132,0,False,,,,
1766480570.152288,0.4728599987828236,0.6638161435752238,0.0,0,False,,,,
1766480571.309346,0.4728599987828236,0.6638161435752238,0.0,0,False,,,,
1766480571.318157,0.43133678197878156,0.6332935846397509,0.12260673067475669,0,False,,,,
1766480571.320843,0.43133678197878156,0.6332935846397509,0.12260673067475669,0,False,,,,
1766480571.3242528,0.43133678197878156,0.6332935846397509,0.12260673067475669,0,False,,,,
1766480571.331636,0.4728599987828236,0.6638161435752238,0.0,1,False,,,,
1766480571.576295,0.4728599987828236,0.6638161435752238,0.0,1,False,,,,
1766480571.582248,0.4728599987828236,0.6638161435752238,0.0,1,False,,,,
1766480571.587192,0.4277141574151502,0.6288882370056474,0.27436456124750547,1,False,,,,
1766480571.5907981,0.4277141574151502,0.6288882370056474,0.27436456124750547,1,False,,,,
1766480571.5949178,0.4308402067942764,0.6380500482520165,0.36230108555888046,1,False,,,,
1766480571.862601,0.4275636876017034,0.6301103064006505,0.3754216924500177,1,False,,,,
1766480571.868361,0.4275636876017034,0.6301103064006505,0.3754216924500177,1,False,,,,
1766480571.871253,0.4275636876017034,0.6301103064006505,0.3754216924500177,1,False,,,,
1766480571.8739882,0.4275636876017034,0.6301103064006505,0.3754216924500177,1,False,,,,
1766480571.876672,0.42803646267955814,0.630792253487007,0.1774734250921118,1,False,,,,
1766480572.129998,0.42803646267955814,0.630792253487007,0.1774734250921118,1,False,,,,
1766480572.1360378,0.42803646267955814,0.630792253487007,0.1774734250921118,1,False,,,,
1766480572.1389282,0.42803646267955814,0.630792253487007,0.1774734250921118,1,False,,,,
1766480572.1413498,0.42803646267955814,0.630792253487007,0.1774734250921118,1,False,,,,
1766480572.1462688,0.47287008891863797,0.6637543729291052,0.0,1,False,,,,
1766480572.37957,0.47287008891863797,0.6637543729291052,0.0,1,False,,,,
1766480572.3853061,0.47287008891863797,0.6637543729291052,0.0,1,False,,,,
1766480572.3883488,0.4297700827197639,0.6379874254414513,0.22414494436186255,1,False,,,,
1766480572.391516,0.47287008891863797,0.6637543729291052,0.0,1,False,,,,
1766480572.394816,0.4324809331348701,0.6481560789402293,0.1834093719561981,1,False,,,,
1766480572.6979232,0.47287008891863797,0.6637543729291052,0.0,1,False,,,,
1766480572.704245,0.47287008891863797,0.6637543729291052,0.0,1,False,,,,
1766480572.706678,0.47287008891863797,0.6637543729291052,0.0,1,False,,,,
1766480572.709277,0.47287008891863797,0.6637543729291052,0.0,1,False,,,,
1766480572.712137,0.47769821118050304,0.6080804685819355,0.7413616022400986,0,False,,,,
1766480572.9019258,0.47769821118050304,0.6080804685819355,0.7413616022400986,0,False,,,,
1766480572.9068658,0.47769821118050304,0.6080804685819355,0.7413616022400986,0,False,,,,
1766480572.909566,0.47769821118050304,0.6080804685819355,0.7413616022400986,0,False,,,,
1766480572.911883,0.47769821118050304,0.6080804685819355,0.7413616022400986,0,False,,,,
1766480572.9140139,0.43105777576468707,0.645688549348051,0.1557709284852579,1,False,,,,
1766480573.189769,0.43105777576468707,0.645688549348051,0.1557709284852579,1,False,,,,
1766480573.198874,0.42998821399547066,0.6443983834838066,0.18792771673366784,1,False,,,,
1766480573.205467,0.42998821399547066,0.6443983834838066,0.18792771673366784,1,False,,,,
1766480573.208343,0.42998821399547066,0.6443983834838066,0.18792771673366784,1,False,,,,
1766480573.211086,0.4331320399360422,0.6551521289628243,0.09554478020863351,1,False,,,,
1766480573.491183,0.4331320399360422,0.6551521289628243,0.09554478020863351,1,False,,,,
1766480573.498753,0.43235670556747785,0.6530883321537303,0.11163948377205057,1,False,,,,
1766480573.501665,0.43235670556747785,0.6530883321537303,0.11163948377205057,1,False,,,,
1766480573.507328,0.43235670556747785,0.6530883321537303,0.11163948377205057,1,False,,,,
1766480573.514477,0.4796867044691709,0.678224557149686,0.42304619965259305,1,False,,,,
1766480573.819999,0.4796867044691709,0.678224557149686,0.42304619965259305,1,False,,,,
1766480573.826802,0.4796867044691709,0.678224557149686,0.42304619965259305,1,False,,,,
1766480573.830601,0.47861070214274476,0.6774955675573876,0.4500916523383428,1,False,,,,
1766480573.833555,0.47861070214274476,0.6774955675573876,0.4500916523383428,1,False,,,,
1766480573.840099,0.4899197285267788,0.6693688818172302,0.3514248595951999,1,False,,,,
1766480574.176236,0.4899197285267788,0.6693688818172302,0.3514248595951999,1,False,,,,
1766480574.182517,0.4899197285267788,0.6693688818172302,0.3514248595951999,1,False,,,,
1766480574.185565,0.4899197285267788,0.6693688818172302,0.3514248595951999,1,False,,,,
1766480574.188103,0.4899197285267788,0.6693688818172302,0.3514248595951999,1,False,,,,
1766480574.190562,0.43024943728918147,0.6468936819130685,0.0798246537704635,1,False,,,,
1766480574.4818702,0.43024943728918147,0.6468936819130685,0.0798246537704635,1,False,,,,
1766480574.48804,0.43024943728918147,0.6468936819130685,0.0798246537704635,1,False,,,,
1766480574.491348,0.43024943728918147,0.6468936819130685,0.0798246537704635,1,False,,,,
1766480574.494272,0.43024943728918147,0.6468936819130685,0.0798246537704635,1,False,,,,
1766480574.496873,0.4822256514955351,0.6730115923894743,0.4938683065794187,1,False,,,,
1766480574.859413,0.4822256514955351,0.6730115923894743,0.4938683065794187,1,False,,,,
1766480574.866247,0.4822256514955351,0.6730115923894743,0.4938683065794187,1,False,,,,
1766480574.870344,0.4828262143265992,0.674592332828445,0.5741017542466972,1,False,,,,
1766480574.874308,0.4828262143265992,0.674592332828445,0.5741017542466972,1,False,,,,
1766480574.880704,0.4357315210838597,0.6569474167274105,0.08956869102600615,0,False,,,,
1766480575.16749,0.48893872536071087,0.6785229399764046,0.5510455396033087,0,False,,,,
1766480575.174913,0.4337004941020689,0.6524249341248048,0.04147576994445613,0,False,,,,
1766480575.180901,0.4337004941020689,0.6524249341248048,0.04147576994445613,0,False,,,,
1766480575.183383,0.4337004941020689,0.6524249341248048,0.04147576994445613,0,False,,,,
1766480575.185626,0.48048595107693687,0.6849352613057165,0.2663705589101371,0,False,,,,
1766480575.344189,0.48732958981079966,0.6777713612817245,0.37775617817147444,0,False,,,,
1766480575.352118,0.48732958981079966,0.6777713612817245,0.37775617817147444,0,False,,,,
1766480575.3569138,0.48732958981079966,0.6777713612817245,0.37775617817147444,0,False,,,,
1766480575.360105,0.48732958981079966,0.6777713612817245,0.37775617817147444,0,False,,,,
1766480575.362346,0.4859993747442912,0.5903831433820252,0.36253994897577513,0,False,,,,
1766480575.918614,0.4859993747442912,0.5903831433820252,0.36253994897577513,0,False,,,,
1766480575.925728,0.4859993747442912,0.5903831433820252,0.36253994897577513,0,False,,,,
1766480575.9282172,0.4859993747442912,0.5903831433820252,0.36253994897577513,0,False,,,,
1766480575.9312158,0.4859993747442912,0.5903831433820252,0.36253994897577513,0,False,,,,
1766480575.935925,0.4779566247973719,0.5832735676194973,0.2831184539347739,1,False,,,,
1766480576.3171022,0.4779566247973719,0.5832735676194973,0.2831184539347739,1,False,,,,
1766480576.326041,0.4779566247973719,0.5832735676194973,0.2831184539347739,1,False,,,,
1766480576.331854,0.4779566247973719,0.5832735676194973,0.2831184539347739,1,False,,,,
1766480576.33492,0.4779566247973719,0.5832735676194973,0.2831184539347739,1,False,,,,
1766480576.337895,0.484467859950675,0.5856542334814351,0.287535875794379,1,False,,,,
1766480576.60531,0.484467859950675,0.5856542334814351,0.287535875794379,1,False,,,,
1766480576.6117299,0.4831867510145095,0.5867959312816143,0.25830633784548934,1,False,,,,
1766480576.6149309,0.48365311852738974,0.5799532311270633,0.2746351047971055,1,False,,,,
1766480576.618237,0.48365311852738974,0.5799532311270633,0.2746351047971055,1,False,,,,
1766480576.6242418,0.4849337171988643,0.5882347805578729,0.22932090713813902,1,False,,,,
1766480576.954741,0.4849337171988643,0.5882347805578729,0.22932090713813902,1,False,,,,
1766480576.9597461,0.4849337171988643,0.5882347805578729,0.22932090713813902,1,False,,,,
1766480576.962164,0.4849337171988643,0.5882347805578729,0.22932090713813902,1,False,,,,
1766480576.964502,0.4849337171988643,0.5882347805578729,0.22932090713813902,1,False,,,,
1766480576.966847,0.48181085490549275,0.5857566118388129,0.2044087900967219,1,False,,,,
1766480577.264121,0.48181085490549275,0.5857566118388129,0.2044087900967219,1,False,,,,
1766480577.270404,0.48181085490549275,0.5857566118388129,0.2044087900967219,1,False,,,,
1766480577.273442,0.48181085490549275,0.5857566118388129,0.2044087900967219,1,False,,,,
1766480577.2760398,0.48181085490549275,0.5857566118388129,0.2044087900967219,1,False,,,,
1766480577.2787359,0.5008670596706717,0.6407154030032737,0.4391735679855758,1,False,,,,
1766480577.599879,0.5008670596706717,0.6407154030032737,0.4391735679855758,1,False,,,,
1766480577.6059022,0.5008670596706717,0.6407154030032737,0.4391735679855758,1,False,,,,
1766480577.608883,0.5008670596706717,0.6407154030032737,0.4391735679855758,1,False,,,,
1766480577.614165,0.5008670596706717,0.6407154030032737,0.4391735679855758,1,False,,,,
1766480577.617059,0.501421416843944,0.6382988682144801,0.35254329340413,1,False,,,,
1766480578.124693,0.48261412527859776,0.5800114806455338,0.22176457041968226,1,False,,,,
1766480578.132141,0.48261412527859776,0.5800114806455338,0.22176457041968226,1,False,,,,
1766480578.138509,0.48261412527859776,0.5800114806455338,0.22176457041968226,1,False,,,,
1766480578.1414988,0.48261412527859776,0.5800114806455338,0.22176457041968226,1,False,,,,
1766480578.144295,0.489106408353274,0.5801826765252956,0.23997455528617273,1,False,,,,
1766480578.836131,0.489106408353274,0.5801826765252956,0.23997455528617273,1,False,,,,
1766480578.842705,0.489106408353274,0.5801826765252956,0.23997455528617273,1,False,,,,
1766480578.845427,0.489106408353274,0.5801826765252956,0.23997455528617273,1,False,,,,
1766480578.848162,0.489106408353274,0.5801826765252956,0.23997455528617273,1,False,,,,
1766480578.850724,0.48574418352361787,0.5737721612440508,0.31810090099237964,1,False,,,,
1766480579.170584,0.48574418352361787,0.5737721612440508,0.31810090099237964,1,False,,,,
1766480579.176977,0.48574418352361787,0.5737721612440508,0.31810090099237964,1,False,,,,
1766480579.179677,0.48574418352361787,0.5737721612440508,0.31810090099237964,1,False,,,,
1766480579.182245,0.48574418352361787,0.5737721612440508,0.31810090099237964,1,False,,,,
1766480579.184588,0.48087193430797565,0.6873527388918933,0.4575808876100436,1,False,,,,
1766480579.439666,0.48087193430797565,0.6873527388918933,0.4575808876100436,1,False,,,,
1766480579.446629,0.48087193430797565,0.6873527388918933,0.4575808876100436,1,False,,,,
1766480579.449619,0.48087193430797565,0.6873527388918933,0.4575808876100436,1,False,,,,
1766480579.4520519,0.48087193430797565,0.6873527388918933,0.4575808876100436,1,False,,,,
1766480579.454219,0.48026806522188015,0.681819319477101,0.5033569227756696,0,False,,,,
1766480579.693793,0.48087421990758167,0.681484136445278,0.3835042418955345,0,False,,,,
1766480579.7023702,0.48087421990758167,0.681484136445278,0.3835042418955345,0,False,,,,
1766480579.707576,0.48087421990758167,0.681484136445278,0.3835042418955345,0,False,,,,
1766480579.7098129,0.48087421990758167,0.681484136445278,0.3835042418955345,0,False,,,,
1766480579.712029,0.4907184349405738,0.6672165864991195,0.9768130861770081,0,False,,,,
1766480580.051091,0.4907184349405738,0.6672165864991195,0.9768130861770081,0,False,,,,
1766480580.057873,0.4907184349405738,0.6672165864991195,0.9768130861770081,0,False,,,,
1766480580.060398,0.4907184349405738,0.6672165864991195,0.9768130861770081,0,False,,,,
1766480580.063128,0.4907184349405738,0.6672165864991195,0.9768130861770081,0,False,,,,
1766480580.065643,0.48185202575040564,0.5682153875055654,0.10782390677448161,0,False,,,,
1766480580.584862,0.48185202575040564,0.5682153875055654,0.10782390677448161,0,False,,,,
1766480580.590683,0.48185202575040564,0.5682153875055654,0.10782390677448161,0,False,,,,
1766480580.593483,0.48185202575040564,0.5682153875055654,0.10782390677448161,0,False,,,,
1766480580.596372,0.48185202575040564,0.5682153875055654,0.10782390677448161,0,False,,,,
1766480580.601386,0.4653506825432948,0.6193179337818306,0.7121317527725133,1,False,,,,
1766480580.84068,0.4653506825432948,0.6193179337818306,0.7121317527725133,1,False,,,,
1766480580.8496692,0.4653506825432948,0.6193179337818306,0.7121317527725133,1,False,,,,
1766480580.852244,0.4653506825432948,0.6193179337818306,0.7121317527725133,1,False,,,,
1766480580.854549,0.4653506825432948,0.6193179337818306,0.7121317527725133,1,False,,,,
1766480580.857078,0.4594715639499696,0.619203886339603,0.7205831629459061,1,False,,,,
1766480581.269314,0.439441180367434,1.1352743350164891,0.6579376011059755,1,False,,,,
1766480581.2768278,0.439441180367434,1.1352743350164891,0.6579376011059755,1,False,,,,
1766480581.28475,0.439441180367434,1.1352743350164891,0.6579376011059755,1,False,,,,
1766480581.28765,0.439441180367434,1.1352743350164891,0.6579376011059755,1,False,,,,
1766480581.290367,0.48891953692446427,0.6864795334538015,0.2383981338844227,1,False,,,,
1766480581.583488,0.48891953692446427,0.6864795334538015,0.2383981338844227,1,False,,,,
1766480581.588902,0.48891953692446427,0.6864795334538015,0.2383981338844227,1,False,,,,
1766480581.591404,0.48891953692446427,0.6864795334538015,0.2383981338844227,1,False,,,,
1766480581.59408,0.48891953692446427,0.6864795334538015,0.2383981338844227,1,False,,,,
1766480581.5966458,0.4841031214250817,0.6265539752450734,0.0,1,False,,,,
1766480582.1540532,0.4841031214250817,0.6265539752450734,0.0,1,False,,,,
1766480582.160893,0.4841031214250817,0.6265539752450734,0.0,1,False,,,,
1766480582.16359,0.4841031214250817,0.6265539752450734,0.0,1,False,,,,
1766480582.166037,0.4841031214250817,0.6265539752450734,0.0,1,False,,,,
1766480582.1686049,0.5077692313041514,0.5751755002451101,0.04471400346847832,1,False,,,,
1766480583.256331,0.5077692313041514,0.5751755002451101,0.04471400346847832,1,False,,,,
1766480583.2642932,0.5077692313041514,0.5751755002451101,0.04471400346847832,1,False,,,,
1766480583.267046,0.5077692313041514,0.5751755002451101,0.04471400346847832,1,False,,,,
1766480583.272289,0.5077692313041514,0.5751755002451101,0.04471400346847832,1,False,,,,
1766480583.2758982,0.4520990653230503,0.649666192527324,0.24028323681858338,1,False,,,,
1766480583.944927,0.4520990653230503,0.649666192527324,0.24028323681858338,1,False,,,,
1766480583.9549131,0.4490490860162253,0.6488150155394947,0.20006319835555575,1,False,,,,
1766480583.9631271,0.4490490860162253,0.6488150155394947,0.20006319835555575,1,False,,,,
1766480583.966312,0.4490490860162253,0.6488150155394947,0.20006319835555575,1,False,,,,
1766480583.969035,0.496525857029649,0.6649188963698422,0.4646117122944586,1,False,,,,
1766480584.423873,0.45944929461621653,0.6584400409694807,0.2366998641836087,1,False,,,,
1766480584.432152,0.45944929461621653,0.6584400409694807,0.2366998641836087,1,False,,,,
1766480584.4383519,0.45944929461621653,0.6584400409694807,0.2366998641836087,1,False,,,,
1766480584.441323,0.45944929461621653,0.6584400409694807,0.2366998641836087,1,False,,,,
1766480584.443925,0.4774331938897337,0.6988590482758918,0.8385796546936035,1,False,,,,
1766480584.939191,0.4774331938897337,0.6988590482758918,0.8385796546936035,1,False,,,,
1766480584.946548,0.4774331938897337,0.6988590482758918,0.8385796546936035,1,False,,,,
1766480584.9492538,0.4774331938897337,0.6988590482758918,0.8385796546936035,1,False,,,,
1766480584.951786,0.4774331938897337,0.6988590482758918,0.8385796546936035,1,False,,,,
1766480584.9542458,0.4639213816878988,0.6749645211471386,0.46991899854179475,1,True,0.4099143147468567,0.5113211870193481,0.09856538474559784,0.20663215219974518
1766480585.489954,0.4639213816878988,0.6749645211471386,0.46991899854179475,1,True,0.4099143147468567,0.5113211870193481,0.09856538474559784,0.20663215219974518
1766480585.498967,0.502537795195947,0.6420567790509738,0.4155974652555483,1,True,0.4099143147468567,0.5113211870193481,0.09856538474559784,0.20663215219974518
1766480585.506691,0.502537795195947,0.6420567790509738,0.4155974652555483,1,True,0.4099143147468567,0.5113211870193481,0.09856538474559784,0.20663215219974518
1766480585.509977,0.502537795195947,0.6420567790509738,0.4155974652555483,1,True,0.4099143147468567,0.5113211870193481,0.09856538474559784,0.20663215219974518
1766480585.512867,0.4998586179100034,0.6517314488098832,0.4920036768545327,1,True,0.40686631202697754,0.44621801376342773,0.09657087177038193,0.20203399658203125
1766480585.986049,0.4998586179100034,0.6517314488098832,0.4920036768545327,1,True,0.40686631202697754,0.44621801376342773,0.09657087177038193,0.20203399658203125
1766480585.993948,0.460986009269576,0.6780164176304504,0.26753189307668035,1,False,,,,
1766480586.000831,0.460986009269576,0.6780164176304504,0.26753189307668035,1,False,,,,
1766480586.0075772,0.460986009269576,0.6780164176304504,0.26753189307668035,1,False,,,,
1766480586.010762,0.5002500864033241,0.6511390830591417,0.38518102999248965,1,True,0.3988153040409088,0.5055543780326843,0.09468040615320206,0.19815674424171448
1766480586.411288,0.5002500864033241,0.6511390830591417,0.38518102999248965,1,True,0.3988153040409088,0.5055543780326843,0.09468040615320206,0.19815674424171448
1766480586.4179049,0.5002500864033241,0.6511390830591417,0.38518102999248965,1,True,0.3988153040409088,0.5055543780326843,0.09468040615320206,0.19815674424171448
1766480586.421249,0.5002500864033241,0.6511390830591417,0.38518102999248965,1,True,0.3988153040409088,0.5055543780326843,0.09468040615320206,0.19815674424171448
1766480586.424494,0.5002500864033241,0.6511390830591417,0.38518102999248965,1,True,0.3988153040409088,0.5055543780326843,0.09468040615320206,0.19815674424171448
1766480586.427257,0.48388960765704236,0.6945465864720666,0.7886603320454927,1,True,0.41047796607017517,0.5858765244483948,0.09098672866821289,0.19055989384651184
1766480586.840718,0.48388960765704236,0.6945465864720666,0.7886603320454927,1,True,0.41047796607017517,0.5858765244483948,0.09098672866821289,0.19055989384651184
1766480586.8482828,0.48388960765704236,0.6945465864720666,0.7886603320454927,1,True,0.41047796607017517,0.5858765244483948,0.09098672866821289,0.19055989384651184
1766480586.851282,0.48388960765704236,0.6945465864720666,0.7886603320454927,1,True,0.41047796607017517,0.5858765244483948,0.09098672866821289,0.19055989384651184
1766480586.8537338,0.48388960765704236,0.6945465864720666,0.7886603320454927,1,True,0.41047796607017517,0.5858765244483948,0.09098672866821289,0.19055989384651184
1766480586.858942,0.45799229497675087,0.6830273916873716,0.4196525231797132,1,True,0.40389394760131836,0.584287703037262,0.09039182960987091,0.19025947153568268
1766480587.271538,0.48386126107233124,0.6964205998044836,0.7543960554451373,1,True,0.40389394760131836,0.584287703037262,0.09039182960987091,0.19025947153568268
1766480587.2787452,0.48386126107233124,0.6964205998044836,0.7543960554451373,1,True,0.40389394760131836,0.584287703037262,0.09039182960987091,0.19025947153568268
1766480587.284767,0.48386126107233124,0.6964205998044836,0.7543960554451373,1,True,0.40389394760131836,0.584287703037262,0.09039182960987091,0.19025947153568268
1766480587.28817,0.48386126107233124,0.6964205998044836,0.7543960554451373,1,True,0.40389394760131836,0.584287703037262,0.09039182960987091,0.19025947153568268
1766480587.2908359,0.4566108100363436,0.6824488737544873,0.17338966779757384,1,True,0.4050060212612152,0.6208853721618652,0.09313030540943146,0.191203311085701
1766480587.5958369,0.4566108100363436,0.6824488737544873,0.17338966779757384,1,True,0.4050060212612152,0.6208853721618652,0.09313030540943146,0.191203311085701
1766480587.60253,0.48007558187598115,0.7005376762358735,0.8224189751420647,1,True,0.4050060212612152,0.6208853721618652,0.09313030540943146,0.191203311085701
1766480587.605657,0.48007558187598115,0.7005376762358735,0.8224189751420647,1,True,0.4050060212612152,0.6208853721618652,0.09313030540943146,0.191203311085701
1766480587.6100621,0.48007558187598115,0.7005376762358735,0.8224189751420647,1,True,0.4050060212612152,0.6208853721618652,0.09313030540943146,0.191203311085701
1766480587.616472,0.5042238090803297,0.6276137331874677,0.21144079708368135,1,False,,,,
1766480588.082564,0.5042238090803297,0.6276137331874677,0.21144079708368135,1,False,,,,
1766480588.087688,0.5042238090803297,0.6276137331874677,0.21144079708368135,1,False,,,,
1766480588.0906649,0.5042238090803297,0.6276137331874677,0.21144079708368135,1,False,,,,
1766480588.093308,0.5042238090803297,0.6276137331874677,0.21144079708368135,1,False,,,,
1766480588.095826,0.45452228451148285,0.6826037870994257,0.198231861639365,1,True,0.3832882046699524,0.6000032424926758,0.08949442207813263,0.19448953866958618
1766480588.4363468,0.45452228451148285,0.6826037870994257,0.198231861639365,1,True,0.3832882046699524,0.6000032424926758,0.08949442207813263,0.19448953866958618
1766480588.444223,0.45488544612004667,0.6826787772272368,0.2657145210190383,1,True,0.3832882046699524,0.6000032424926758,0.08949442207813263,0.19448953866958618
1766480588.447915,0.45488544612004667,0.6826787772272368,0.2657145210190383,1,True,0.3832882046699524,0.6000032424926758,0.08949442207813263,0.19448953866958618
1766480588.455009,0.45488544612004667,0.6826787772272368,0.2657145210190383,1,True,0.3832882046699524,0.6000032424926758,0.08949442207813263,0.19448953866958618
1766480588.457727,0.45404963840225554,0.6823095399683473,0.14835902023778927,1,True,0.38078516721725464,0.5793336033821106,0.09403562545776367,0.19790412485599518
1766480588.8347049,0.45404963840225554,0.6823095399683473,0.14835902023778927,1,True,0.38078516721725464,0.5793336033821106,0.09403562545776367,0.19790412485599518
1766480588.841389,0.48671270029290514,0.7055948008240597,0.7029050424184504,1,False,,,,
1766480588.845095,0.48671270029290514,0.7055948008240597,0.7029050424184504,1,False,,,,
1766480588.851243,0.48671270029290514,0.7055948008240597,0.7029050424184504,1,False,,,,
1766480588.857835,0.5039380208643862,0.596541602037835,0.33892966105163846,1,False,,,,
1766480589.132767,0.5039380208643862,0.596541602037835,0.33892966105163846,1,False,,,,
1766480589.139091,0.5039380208643862,0.596541602037835,0.33892966105163846,1,False,,,,
1766480589.1419861,0.5039380208643862,0.596541602037835,0.33892966105163846,1,False,,,,
1766480589.145427,0.4531047802537982,0.6816554167538398,0.1686608064978953,1,True,0.38351213932037354,0.5547114014625549,0.09401848167181015,0.198164701461792
1766480589.1482391,0.5045946451292821,0.5988099777211731,0.34037643847234766,1,False,,,,
1766480589.493888,0.5045946451292821,0.5988099777211731,0.34037643847234766,1,False,,,,
1766480589.5005171,0.5045946451292821,0.5988099777211731,0.34037643847234766,1,False,,,,
1766480589.503594,0.5045946451292821,0.5988099777211731,0.34037643847234766,1,False,,,,
1766480589.505964,0.5045946451292821,0.5988099777211731,0.34037643847234766,1,False,,,,
1766480589.508791,0.4508668855845965,0.6724016458892379,0.030221814443939038,1,True,0.38622841238975525,0.5736738443374634,0.09413690865039825,0.1963794231414795
1766480589.852533,0.4840562430181454,0.7050991482586286,0.2006887833958827,1,True,0.38622841238975525,0.5736738443374634,0.09413690865039825,0.1963794231414795
1766480589.859563,0.4840562430181454,0.7050991482586286,0.2006887833958827,1,True,0.38622841238975525,0.5736738443374634,0.09413690865039825,0.1963794231414795
1766480589.8656168,0.4840562430181454,0.7050991482586286,0.2006887833958827,1,True,0.38622841238975525,0.5736738443374634,0.09413690865039825,0.1963794231414795
1766480589.8684402,0.4840562430181454,0.7050991482586286,0.2006887833958827,1,True,0.38622841238975525,0.5736738443374634,0.09413690865039825,0.1963794231414795
1766480589.8708491,0.44964936343716627,0.67277108597972,0.07066478767314806,1,True,0.38949713110923767,0.5825044512748718,0.09227447211742401,0.20494452118873596
1766480590.208083,0.44964936343716627,0.67277108597972,0.07066478767314806,1,True,0.38949713110923767,0.5825044512748718,0.09227447211742401,0.20494452118873596
1766480590.214248,0.44964936343716627,0.67277108597972,0.07066478767314806,1,True,0.38949713110923767,0.5825044512748718,0.09227447211742401,0.20494452118873596
1766480590.217268,0.4506376005708469,0.6744919752089998,0.05315899629145539,1,True,0.38949713110923767,0.5825044512748718,0.09227447211742401,0.20494452118873596
1766480590.2202492,0.4506376005708469,0.6744919752089998,0.05315899629145539,1,True,0.38949713110923767,0.5825044512748718,0.09227447211742401,0.20494452118873596
1766480590.223486,0.4510757042892524,0.671314287139349,0.06529938439896361,1,True,0.38884180784225464,0.5993583798408508,0.093985915184021,0.1941414773464203
1766480590.475287,0.4510757042892524,0.671314287139349,0.06529938439896361,1,True,0.38884180784225464,0.5993583798408508,0.093985915184021,0.1941414773464203
1766480590.481689,0.4510757042892524,0.671314287139349,0.06529938439896361,1,True,0.38884180784225464,0.5993583798408508,0.093985915184021,0.1941414773464203
1766480590.4875698,0.4840689678905056,0.6264118166547195,0.0,1,True,0.38884180784225464,0.5993583798408508,0.093985915184021,0.1941414773464203
1766480590.490572,0.4840689678905056,0.6264118166547195,0.0,1,True,0.38884180784225464,0.5993583798408508,0.093985915184021,0.1941414773464203
1766480590.497535,0.44673252954745324,0.5828986829801569,0.7460164427757263,1,True,0.39004501700401306,0.598406195640564,0.09549550712108612,0.20396101474761963
1766480590.895094,0.44673252954745324,0.5828986829801569,0.7460164427757263,1,True,0.39004501700401306,0.598406195640564,0.09549550712108612,0.20396101474761963
1766480590.9014552,0.44673252954745324,0.5828986829801569,0.7460164427757263,1,True,0.39004501700401306,0.598406195640564,0.09549550712108612,0.20396101474761963
1766480590.904444,0.44673252954745324,0.5828986829801569,0.7460164427757263,1,True,0.39004501700401306,0.598406195640564,0.09549550712108612,0.20396101474761963
1766480590.9076202,0.44673252954745324,0.5828986829801569,0.7460164427757263,1,True,0.39004501700401306,0.598406195640564,0.09549550712108612,0.20396101474761963
1766480590.9105952,0.4828994471973946,0.7103256409955452,0.18798210593242232,1,True,0.39194029569625854,0.5987275242805481,0.09474468231201172,0.1996268332004547
1766480591.228964,0.4828994471973946,0.7103256409955452,0.18798210593242232,1,True,0.39194029569625854,0.5987275242805481,0.09474468231201172,0.1996268332004547
1766480591.235101,0.4828994471973946,0.7103256409955452,0.18798210593242232,1,True,0.39194029569625854,0.5987275242805481,0.09474468231201172,0.1996268332004547
1766480591.2380512,0.4828994471973946,0.7103256409955452,0.18798210593242232,1,True,0.39194029569625854,0.5987275242805481,0.09474468231201172,0.1996268332004547
1766480591.2407858,0.4828994471973946,0.7103256409955452,0.18798210593242232,1,True,0.39194029569625854,0.5987275242805481,0.09474468231201172,0.1996268332004547
1766480591.246109,0.47249052981582373,0.7261452357689898,0.8337588328599463,1,True,0.38803035020828247,0.6052880883216858,0.09038820117712021,0.19059091806411743
1766480591.462541,0.47249052981582373,0.7261452357689898,0.8337588328599463,1,True,0.38803035020828247,0.6052880883216858,0.09038820117712021,0.19059091806411743
1766480591.470279,0.47249052981582373,0.7261452357689898,0.8337588328599463,1,True,0.38803035020828247,0.6052880883216858,0.09038820117712021,0.19059091806411743
1766480591.476186,0.47249052981582373,0.7261452357689898,0.8337588328599463,1,True,0.38803035020828247,0.6052880883216858,0.09038820117712021,0.19059091806411743
1766480591.47926,0.47249052981582373,0.7261452357689898,0.8337588328599463,1,True,0.38803035020828247,0.6052880883216858,0.09038820117712021,0.19059091806411743
1766480591.481673,0.4840689678905056,0.6264118166547195,0.0,1,True,0.38367944955825806,0.6042976379394531,0.09382455050945282,0.19824354350566864
1766480591.762243,0.4840689678905056,0.6264118166547195,0.0,1,True,0.38367944955825806,0.6042976379394531,0.09382455050945282,0.19824354350566864
1766480591.768833,0.4840689678905056,0.6264118166547195,0.0,1,True,0.38367944955825806,0.6042976379394531,0.09382455050945282,0.19824354350566864
1766480591.7750242,0.4840689678905056,0.6264118166547195,0.0,1,True,0.38367944955825806,0.6042976379394531,0.09382455050945282,0.19824354350566864
1766480591.7780108,0.4840689678905056,0.6264118166547195,0.0,1,True,0.38367944955825806,0.6042976379394531,0.09382455050945282,0.19824354350566864
1766480591.780587,0.4899225867186453,0.7030380723320648,0.10565721419910923,1,False,,,,
1766480592.14978,0.4899225867186453,0.7030380723320648,0.10565721419910923,1,False,,,,
1766480592.154761,0.4899225867186453,0.7030380723320648,0.10565721419910923,1,False,,,,
1766480592.157866,0.4899225867186453,0.7030380723320648,0.10565721419910923,1,False,,,,
1766480592.161479,0.4840689678905056,0.6264118166547195,0.0,1,False,,,,
1766480592.16544,0.48766123819586954,0.7082847440604724,0.19304474684044354,1,False,,,,
1766480592.472096,0.48766123819586954,0.7082847440604724,0.19304474684044354,1,False,,,,
1766480592.4784389,0.48766123819586954,0.7082847440604724,0.19304474684044354,1,False,,,,
1766480592.4814012,0.48766123819586954,0.7082847440604724,0.19304474684044354,1,False,,,,
1766480592.484362,0.48766123819586954,0.7082847440604724,0.19304474684044354,1,False,,,,
1766480592.4872189,0.47289064984735923,0.663715821525612,0.0,1,True,0.36418458819389343,0.6030498743057251,0.1035253256559372,0.21228213608264923
1766480592.802083,0.47289064984735923,0.663715821525612,0.0,1,True,0.36418458819389343,0.6030498743057251,0.1035253256559372,0.21228213608264923
1766480592.8104,0.47289064984735923,0.663715821525612,0.0,1,True,0.36418458819389343,0.6030498743057251,0.1035253256559372,0.21228213608264923
1766480592.813312,0.47289064984735923,0.663715821525612,0.0,1,True,0.36418458819389343,0.6030498743057251,0.1035253256559372,0.21228213608264923
1766480592.818369,0.47289064984735923,0.663715821525612,0.0,1,True,0.36418458819389343,0.6030498743057251,0.1035253256559372,0.21228213608264923
1766480592.820939,0.47289064984735923,0.663715821525612,0.0,1,True,0.3614920973777771,0.5767568945884705,0.10607888549566269,0.2264280468225479
1766480593.13052,0.47289064984735923,0.663715821525612,0.0,1,True,0.3614920973777771,0.5767568945884705,0.10607888549566269,0.2264280468225479
1766480593.137526,0.47289064984735923,0.663715821525612,0.0,1,True,0.3614920973777771,0.5767568945884705,0.10607888549566269,0.2264280468225479
1766480593.14098,0.47289064984735923,0.663715821525612,0.0,1,True,0.3614920973777771,0.5767568945884705,0.10607888549566269,0.2264280468225479
1766480593.1483982,0.47289064984735923,0.663715821525612,0.0,1,True,0.3614920973777771,0.5767568945884705,0.10607888549566269,0.2264280468225479
1766480593.151414,0.44487237764475795,0.5620853170895561,0.3281376243321403,1,True,0.3558996915817261,0.575797975063324,0.10602457821369171,0.2212761789560318
1766480593.51513,0.44487237764475795,0.5620853170895561,0.3281376243321403,1,True,0.3558996915817261,0.575797975063324,0.10602457821369171,0.2212761789560318
1766480593.521248,0.44487237764475795,0.5620853170895561,0.3281376243321403,1,True,0.3558996915817261,0.575797975063324,0.10602457821369171,0.2212761789560318
1766480593.524197,0.44487237764475795,0.5620853170895561,0.3281376243321403,1,True,0.3558996915817261,0.575797975063324,0.10602457821369171,0.2212761789560318
1766480593.5269299,0.44487237764475795,0.5620853170895561,0.3281376243321403,1,True,0.3558996915817261,0.575797975063324,0.10602457821369171,0.2212761789560318
1766480593.52929,0.47238616822606144,0.7103274335604856,0.4841536149281763,1,False,,,,
1766480593.850247,0.47238616822606144,0.7103274335604856,0.4841536149281763,1,False,,,,
1766480593.85731,0.47238616822606144,0.7103274335604856,0.4841536149281763,1,False,,,,
1766480593.8600519,0.47238616822606144,0.7103274335604856,0.4841536149281763,1,False,,,,
1766480593.862644,0.47238616822606144,0.7103274335604856,0.4841536149281763,1,False,,,,
1766480593.8654761,0.4836631710200806,0.6758478026695315,0.42444773871639196,1,False,,,,
1766480594.114176,0.4836631710200806,0.6758478026695315,0.42444773871639196,1,False,,,,
1766480594.121279,0.4836631710200806,0.6758478026695315,0.42444773871639196,1,False,,,,
1766480594.1241071,0.4836631710200806,0.6758478026695315,0.42444773871639196,1,False,,,,
1766480594.12692,0.4836631710200806,0.6758478026695315,0.42444773871639196,1,False,,,,
1766480594.129449,0.4813502165101703,0.7167939660142275,0.3606981346037383,1,False,,,,
1766480594.380068,0.4481045049617647,0.6025462147374268,0.22682863412074986,1,True,0.38240423798561096,0.4444083273410797,0.09622001647949219,0.20253092050552368
1766480594.3890638,0.4481045049617647,0.6025462147374268,0.22682863412074986,1,True,0.38240423798561096,0.4444083273410797,0.09622001647949219,0.20253092050552368
1766480594.39429,0.4481045049617647,0.6025462147374268,0.22682863412074986,1,True,0.38240423798561096,0.4444083273410797,0.09622001647949219,0.20253092050552368
1766480594.3971179,0.4481045049617647,0.6025462147374268,0.22682863412074986,1,True,0.38240423798561096,0.4444083273410797,0.09622001647949219,0.20253092050552368
1766480594.4000251,0.48359948271773484,0.706403193628325,0.39922350903132015,1,False,,,,
1766480594.700042,0.48359948271773484,0.706403193628325,0.39922350903132015,1,False,,,,
1766480594.706903,0.48359948271773484,0.706403193628325,0.39922350903132015,1,False,,,,
1766480594.70969,0.4894404773406905,0.6974311324017853,0.4220169843613684,1,False,,,,
1766480594.712477,0.4894404773406905,0.6974311324017853,0.4220169843613684,1,False,,,,
1766480594.715667,0.012988188602158867,1.1908122597174633,0.7465402185916901,1,False,,,,
1766480594.938412,0.012988188602158867,1.1908122597174633,0.7465402185916901,1,False,,,,
1766480594.945793,-0.2117837500402425,1.2423110818265022,0.7703815400600433,1,False,,,,
1766480594.949385,-0.2117837500402425,1.2423110818265022,0.7703815400600433,1,False,,,,
1766480594.955935,-0.2117837500402425,1.2423110818265022,0.7703815400600433,1,False,,,,
1766480594.9610791,0.4485627087666539,0.5966237584804343,0.9722265601158142,1,False,,,,
1766480595.2653708,0.4485627087666539,0.5966237584804343,0.9722265601158142,1,False,,,,
1766480595.272088,0.4485627087666539,0.5966237584804343,0.9722265601158142,1,False,,,,
1766480595.2747798,0.4485627087666539,0.5966237584804343,0.9722265601158142,1,False,,,,
1766480595.27728,0.48600146600253424,0.7038426773463995,0.4574241768604542,1,False,,,,
1766480595.279681,0.4851336326322843,0.7121300759233796,0.38971272125955,0,False,,,,
1766480595.4380312,0.4851336326322843,0.7121300759233796,0.38971272125955,0,False,,,,
1766480595.445148,0.45734502368984964,0.5992761936522427,0.833291362521032,0,False,,,,
1766480595.450289,0.45734502368984964,0.5992761936522427,0.833291362521032,0,False,,,,
1766480595.457227,0.45734502368984964,0.5992761936522427,0.833291362521032,0,False,,,,
1766480595.460144,0.4607339831272864,0.7312188849903445,0.7080662235225051,1,False,,,,
1766480595.7265332,0.4607339831272864,0.7312188849903445,0.7080662235225051,1,False,,,,
1766480595.731502,0.4607339831272864,0.7312188849903445,0.7080662235225051,1,False,,,,
1766480595.734001,0.4607339831272864,0.7312188849903445,0.7080662235225051,1,False,,,,
1766480595.736604,0.4607339831272864,0.7312188849903445,0.7080662235225051,1,False,,,,
1766480595.7392168,0.45102831330746396,0.6094333595571287,0.7797730565071106,1,False,,,,
1766480596.049401,0.44786415398139817,0.5778710704942196,0.22948762823191188,1,False,,,,
1766480596.055899,0.44786415398139817,0.5778710704942196,0.22948762823191188,1,False,,,,
1766480596.062926,0.44786415398139817,0.5778710704942196,0.22948762823191188,1,False,,,,
1766480596.065682,0.44786415398139817,0.5778710704942196,0.22948762823191188,1,False,,,,
1766480596.0681431,0.488186467250652,0.702409618660167,0.46324123114402294,1,False,,,,
1766480596.471414,0.488186467250652,0.702409618660167,0.46324123114402294,1,False,,,,
1766480596.47881,0.488186467250652,0.702409618660167,0.46324123114402294,1,False,,,,
1766480596.481795,0.488186467250652,0.702409618660167,0.46324123114402294,1,False,,,,
1766480596.487283,0.48206732182449397,0.7164792659445611,0.46760356971481065,1,False,,,,
1766480596.490557,0.46284555039221764,0.6076411181756417,0.15010930404882836,1,False,,,,
1766480596.8774421,0.46284555039221764,0.6076411181756417,0.15010930404882836,1,False,,,,
1766480596.8834538,0.46157517113612856,0.6033171049714259,0.14046130318170286,1,False,,,,
1766480596.8881311,0.48128421032083607,0.7184397411367459,0.41079278048481566,1,False,,,,
1766480596.8920379,0.48128421032083607,0.7184397411367459,0.41079278048481566,1,False,,,,
1766480596.898726,0.47368637197285074,0.7287710051101685,0.7016667723655701,1,False,,,,
1766480597.3032162,0.47368637197285074,0.7287710051101685,0.7016667723655701,1,False,,,,
1766480597.309571,0.47368637197285074,0.7287710051101685,0.7016667723655701,1,False,,,,
1766480597.312386,0.47368637197285074,0.7287710051101685,0.7016667723655701,1,False,,,,
1766480597.315081,0.47368637197285074,0.7287710051101685,0.7016667723655701,1,False,,,,
1766480597.317408,0.47785266196638326,0.7236537945779979,0.3733977211323179,1,False,,,,
1766480597.6020942,0.47785266196638326,0.7236537945779979,0.3733977211323179,1,False,,,,
1766480597.608693,0.47785266196638326,0.7236537945779979,0.3733977211323179,1,False,,,,
1766480597.6115851,0.47785266196638326,0.7236537945779979,0.3733977211323179,1,False,,,,
1766480597.61437,0.47785266196638326,0.7236537945779979,0.3733977211323179,1,False,,,,
1766480597.6170292,0.45568831537888277,0.6149643764945549,0.2897705925961393,1,False,,,,
1766480597.935411,0.45568831537888277,0.6149643764945549,0.2897705925961393,1,False,,,,
1766480597.942185,0.45568831537888277,0.6149643764945549,0.2897705925961393,1,False,,,,
1766480597.944921,0.45568831537888277,0.6149643764945549,0.2897705925961393,1,False,,,,
1766480597.9473312,0.45568831537888277,0.6149643764945549,0.2897705925961393,1,False,,,,
1766480597.950218,0.47165771187481614,0.730315505792307,0.20929032439489856,1,False,,,,
1766480598.2633889,0.4682592572158507,0.7338277122681088,0.2638453788828314,1,False,,,,
1766480598.271394,0.4682592572158507,0.7338277122681088,0.2638453788828314,1,False,,,,
1766480598.276533,0.4682592572158507,0.7338277122681088,0.2638453788828314,1,False,,,,
1766480598.27906,0.4682592572158507,0.7338277122681088,0.2638453788828314,1,False,,,,
1766480598.281705,0.4586800892157553,0.600428843033152,0.23386311526662767,1,False,,,,
1766480598.569348,0.4586800892157553,0.600428843033152,0.23386311526662767,1,False,,,,
1766480598.577225,0.4586800892157553,0.600428843033152,0.23386311526662767,1,False,,,,
1766480598.579752,0.4586800892157553,0.600428843033152,0.23386311526662767,1,False,,,,
1766480598.582253,0.4586800892157553,0.600428843033152,0.23386311526662767,1,False,,,,
1766480598.5846221,0.4729868156280001,0.7291243546150854,0.10858692529972867,0,False,,,,
1766480598.9441438,0.4729868156280001,0.7291243546150854,0.10858692529972867,0,False,,,,
1766480598.950708,0.4729868156280001,0.7291243546150854,0.10858692529972867,0,False,,,,
1766480598.953516,0.4729868156280001,0.7291243546150854,0.10858692529972867,0,False,,,,
1766480598.9559948,0.4729868156280001,0.7291243546150854,0.10858692529972867,0,False,,,,
1766480598.961038,0.4610414596611565,0.5980566844772919,0.19155981288984839,0,False,,,,
1766480599.280436,0.4610414596611565,0.5980566844772919,0.19155981288984839,0,False,,,,
1766480599.288071,0.4610414596611565,0.5980566844772919,0.19155981288984839,0,False,,,,
1766480599.290901,0.4610414596611565,0.5980566844772919,0.19155981288984839,0,False,,,,
1766480599.293587,0.4610414596611565,0.5980566844772919,0.19155981288984839,0,False,,,,
1766480599.29635,0.46439113334058774,0.5922468283718281,0.7097354506367183,0,False,,,,
1766480599.4910662,0.46439113334058774,0.5922468283718281,0.7097354506367183,0,False,,,,
1766480599.4975219,0.46439113334058774,0.5922468283718281,0.7097354506367183,0,False,,,,
1766480599.500669,0.45494292805151104,0.6159269634830135,0.14441369607814386,0,False,,,,
1766480599.505387,0.45494292805151104,0.6159269634830135,0.14441369607814386,0,False,,,,
1766480599.511502,0.4668766749025419,0.616981771446692,0.167341309716544,0,False,,,,
1766480599.808303,0.4668766749025419,0.616981771446692,0.167341309716544,0,False,,,,
1766480599.813816,0.4668766749025419,0.616981771446692,0.167341309716544,0,False,,,,
1766480599.8162482,0.4668766749025419,0.616981771446692,0.167341309716544,0,False,,,,
1766480599.81836,0.4668766749025419,0.616981771446692,0.167341309716544,0,False,,,,
1766480599.820606,0.47288772440409177,0.6637661149451242,0.0,0,False,,,,
1766480599.979012,0.47288772440409177,0.6637661149451242,0.0,0,False,,,,
1766480599.984926,0.47288772440409177,0.6637661149451242,0.0,0,False,,,,
1766480599.987613,0.47288772440409177,0.6637661149451242,0.0,0,False,,,,
1766480599.989973,0.47288772440409177,0.6637661149451242,0.0,0,False,,,,
1766480599.992921,0.4667668545350562,0.6128679370069825,0.18238209553128343,0,False,,,,
1766480600.219487,0.4667668545350562,0.6128679370069825,0.18238209553128343,0,False,,,,
1766480600.224812,0.4667668545350562,0.6128679370069825,0.18238209553128343,0,False,,,,
1766480600.2276962,0.4667668545350562,0.6128679370069825,0.18238209553128343,0,False,,,,
1766480600.232681,0.4667668545350562,0.6128679370069825,0.18238209553128343,0,False,,,,
1766480600.235399,0.47288772440409177,0.6637661149451242,0.0,0,False,,,,
1766480600.469131,0.47288772440409177,0.6637661149451242,0.0,0,False,,,,
1766480600.4749818,0.47288772440409177,0.6637661149451242,0.0,0,False,,,,
1766480600.481436,0.47288772440409177,0.6637661149451242,0.0,0,False,,,,
1766480600.4839838,0.47288772440409177,0.6637661149451242,0.0,0,False,,,,
1766480600.486398,0.4649345269182928,0.6131977415508425,0.150970401059824,0,False,,,,
1766480600.67093,0.4634249303254318,0.6132601823165982,0.14532880213782248,0,False,,,,
1766480600.6779652,0.4633861801123362,0.6132840417506293,0.15504781848740465,0,False,,,,
1766480600.683406,0.4633861801123362,0.6132840417506293,0.15504781848740465,0,False,,,,
1766480600.6861398,0.4633861801123362,0.6132840417506293,0.15504781848740465,0,False,,,,
1766480600.688423,0.47288772440409177,0.6637661149451242,0.0,0,False,,,,
1766480600.862717,0.47288772440409177,0.6637661149451242,0.0,0,False,,,,
1766480600.868124,0.47288772440409177,0.6637661149451242,0.0,0,False,,,,
1766480600.870902,0.47288772440409177,0.6637661149451242,0.0,0,False,,,,
1766480600.8742669,0.47288772440409177,0.6637661149451242,0.0,0,False,,,,
1766480600.878081,0.4624439721797623,0.6113853262603876,0.14085001052528137,0,False,,,,
1766480601.0858839,0.4624439721797623,0.6113853262603876,0.14085001052528137,0,False,,,,
1766480601.091649,0.4624439721797623,0.6113853262603876,0.14085001052528137,0,False,,,,
1766480601.09408,0.4624439721797623,0.6113853262603876,0.14085001052528137,0,False,,,,
1766480601.096342,0.4624439721797623,0.6113853262603876,0.14085001052528137,0,False,,,,
1766480601.098876,0.45591816908608973,0.6023950918772918,0.1458483505168291,0,False,,,,
1766480601.383442,0.45591816908608973,0.6023950918772918,0.1458483505168291,0,False,,,,
1766480601.390271,0.45591816908608973,0.6023950918772918,0.1458483505168291,0,False,,,,
1766480601.394743,0.45591816908608973,0.6023950918772918,0.1458483505168291,0,False,,,,
1766480601.3971012,0.45591816908608973,0.6023950918772918,0.1458483505168291,0,False,,,,
1766480601.3993988,0.4582330678711233,0.6022391847918661,0.15381999092092816,0,False,,,,
1766480601.590036,0.4582330678711233,0.6022391847918661,0.15381999092092816,0,False,,,,
1766480601.5966,0.4582330678711233,0.6022391847918661,0.15381999092092816,0,False,,,,
1766480601.599628,0.4582330678711233,0.6022391847918661,0.15381999092092816,0,False,,,,
1766480601.601942,0.4582330678711233,0.6022391847918661,0.15381999092092816,0,False,,,,
1766480601.604341,0.47288772440409177,0.6637661149451242,0.0,0,False,,,,
1766480601.801138,0.47288772440409177,0.6637661149451242,0.0,0,False,,,,
1766480601.80845,0.47288772440409177,0.6637661149451242,0.0,0,False,,,,
1766480601.8111548,0.47288772440409177,0.6637661149451242,0.0,0,False,,,,
1766480601.81371,0.4620135771131503,0.6110259566961806,0.12971062509696918,0,False,,,,
1766480601.8185248,0.4553901998949822,0.6144120418856753,0.12863935173925284,0,False,,,,
1766480602.0982459,0.4553901998949822,0.6144120418856753,0.12863935173925284,0,False,,,,
1766480602.105301,0.4553901998949822,0.6144120418856753,0.12863935173925284,0,False,,,,
1766480602.1084008,0.4553901998949822,0.6144120418856753,0.12863935173925284,0,False,,,,
1766480602.1108181,0.4553901998949822,0.6144120418856753,0.12863935173925284,0,False,,,,
1766480602.1138408,0.47288772440409177,0.6637661149451242,0.0,0,False,,,,
1766480602.2841752,0.4591994523422002,0.605391592205175,0.2605870963902861,0,False,,,,
1766480602.2907982,0.4591994523422002,0.605391592205175,0.2605870963902861,0,False,,,,
1766480602.2962718,0.4591994523422002,0.605391592205175,0.2605870963902861,0,False,,,,
1766480602.298951,0.4591994523422002,0.605391592205175,0.2605870963902861,0,False,,,,
1766480602.3013802,0.45968309865469026,0.6130734755573918,0.1288416630482972,0,False,,,,
1766480602.564071,0.45968309865469026,0.6130734755573918,0.1288416630482972,0,False,,,,
1766480602.568901,0.45968309865469026,0.6130734755573918,0.1288416630482972,0,False,,,,
1766480602.571431,0.45968309865469026,0.6130734755573918,0.1288416630482972,0,False,,,,
1766480602.573975,0.45968309865469026,0.6130734755573918,0.1288416630482972,0,False,,,,
1766480602.5764842,0.459662832520885,0.6123838655875392,0.12888699081270646,0,False,,,,
1766480602.77717,0.459662832520885,0.6123838655875392,0.12888699081270646,0,False,,,,
1766480602.783455,0.45830635311644913,0.6115851680169175,0.1337063472887848,0,False,,,,
1766480602.787052,0.47288772440409177,0.6637661149451242,0.0,0,False,,,,
1766480602.790076,0.47288772440409177,0.6637661149451242,0.0,0,False,,,,
1766480602.7960398,0.457605015156595,0.6074761164733307,0.42446697229793856,0,False,,,,
1766480603.477301,0.457605015156595,0.6074761164733307,0.42446697229793856,0,False,,,,
1766480603.484691,0.45744195173080565,0.6082997996021939,0.38590030946808496,0,False,,,,
1766480603.488588,0.45744195173080565,0.6082997996021939,0.38590030946808496,0,False,,,,
1766480603.4939032,0.45744195173080565,0.6082997996021939,0.38590030946808496,0,False,,,,
1766480603.499486,0.4523652744852235,0.6271508842886326,0.36828486170973435,1,False,,,,
1766480603.810473,0.4523652744852235,0.6271508842886326,0.36828486170973435,1,False,,,,
1766480603.8169742,0.4523652744852235,0.6271508842886326,0.36828486170973435,1,False,,,,
1766480603.82003,0.47288884730912095,0.6637696551203567,0.0,1,False,,,,
1766480603.82288,0.4564390423100164,0.6314310241638608,0.34377307277859986,1,False,,,,
1766480603.826657,0.45255704898830207,0.6215687810982349,0.42350815739898107,1,False,,,,
1766480604.09836,0.4555156466041786,0.620880730575338,0.4002330181027772,1,False,,,,
1766480604.105813,0.4555156466041786,0.620880730575338,0.4002330181027772,1,False,,,,
1766480604.1085892,0.4555156466041786,0.620880730575338,0.4002330181027772,1,False,,,,
1766480604.111391,0.4555156466041786,0.620880730575338,0.4002330181027772,1,False,,,,
1766480604.114174,0.45893370883783247,0.6317997187292116,0.39286444808160387,1,False,,,,
1766480604.369331,0.45893370883783247,0.6317997187292116,0.39286444808160387,1,False,,,,
1766480604.375947,0.45893370883783247,0.6317997187292116,0.39286444808160387,1,False,,,,
1766480604.378711,0.45893370883783247,0.6317997187292116,0.39286444808160387,1,False,,,,
1766480604.381448,0.45893370883783247,0.6317997187292116,0.39286444808160387,1,False,,,,
1766480604.3842208,0.47288884730912095,0.6637696551203567,0.0,1,False,,,,
1766480604.622582,0.45538346059708623,0.6256783491208752,0.3630693704480966,1,False,,,,
1766480604.630087,0.47288884730912095,0.6637696551203567,0.0,1,False,,,,
1766480604.636483,0.47288884730912095,0.6637696551203567,0.0,1,False,,,,
1766480604.639175,0.47288884730912095,0.6637696551203567,0.0,1,False,,,,
1766480604.641942,0.4531527647611483,0.6141914179942012,0.29504820295998296,1,False,,,,
1766480604.9135098,0.4531527647611483,0.6141914179942012,0.29504820295998296,1,False,,,,
1766480604.920625,0.4531527647611483,0.6141914179942012,0.29504820295998296,1,False,,,,
1766480604.926267,0.4531527647611483,0.6141914179942012,0.29504820295998296,1,False,,,,
1766480604.929601,0.4526921369647877,0.6139181275576248,0.267886376456064,1,False,,,,
1766480604.932875,0.47288884730912095,0.6637696551203567,0.0,1,False,,,,
1766480605.202872,0.47288884730912095,0.6637696551203567,0.0,1,False,,,,
1766480605.211055,0.47288884730912095,0.6637696551203567,0.0,1,False,,,,
1766480605.217032,0.47288884730912095,0.6637696551203567,0.0,1,False,,,,
1766480605.219935,0.47288884730912095,0.6637696551203567,0.0,1,False,,,,
1766480605.2223942,0.47288884730912095,0.6637696551203567,0.0,1,False,,,,
1766480605.4571588,0.47288884730912095,0.6637696551203567,0.0,1,False,,,,
1766480605.464312,0.5057860756480259,0.9402549720115179,0.8574517008253821,1,False,,,,
1766480605.467277,0.5061514881597994,0.941915184927103,0.85628092401362,1,False,,,,
1766480605.470431,0.5061514881597994,0.941915184927103,0.85628092401362,1,False,,,,
1766480605.476966,0.47288866242955924,0.6637696552465278,0.0,1,False,,,,
1766480606.105815,0.47288866242955924,0.6637696552465278,0.0,1,False,,,,
1766480606.1144269,0.47288866242955924,0.6637696552465278,0.0,1,False,,,,
1766480606.117213,0.47288866242955924,0.6637696552465278,0.0,1,False,,,,
1766480606.119887,0.47288866242955924,0.6637696552465278,0.0,1,False,,,,
1766480606.122399,0.45564019237515946,0.6104275354627646,0.22320688838335503,1,True,0.39125341176986694,0.43814417719841003,0.09409425407648087,0.19739176332950592
1766480606.496917,0.45564019237515946,0.6104275354627646,0.22320688838335503,1,True,0.39125341176986694,0.43814417719841003,0.09409425407648087,0.19739176332950592
1766480606.504246,0.4513416298289073,0.6225189241289237,0.22731952346866124,1,True,0.39125341176986694,0.43814417719841003,0.09409425407648087,0.19739176332950592
1766480606.508787,0.4513416298289073,0.6225189241289237,0.22731952346866124,1,True,0.39125341176986694,0.43814417719841003,0.09409425407648087,0.19739176332950592
1766480606.515947,0.4513416298289073,0.6225189241289237,0.22731952346866124,1,True,0.39125341176986694,0.43814417719841003,0.09409425407648087,0.19739176332950592
1766480606.518869,0.45087743010677916,0.6250165612601092,0.26483244207036777,1,False,,,,
1766480606.777809,0.45087743010677916,0.6250165612601092,0.26483244207036777,1,False,,,,
1766480606.7831218,0.45087743010677916,0.6250165612601092,0.26483244207036777,1,False,,,,
1766480606.786401,0.45087743010677916,0.6250165612601092,0.26483244207036777,1,False,,,,
1766480606.789398,0.45087743010677916,0.6250165612601092,0.26483244207036777,1,False,,,,
1766480606.792037,0.5005687520163742,0.6491102776300295,0.46646956675971896,1,False,,,,
1766480607.482538,0.5005687520163742,0.6491102776300295,0.46646956675971896,1,False,,,,
1766480607.4899251,0.5005687520163742,0.6491102776300295,0.46646956675971896,1,False,,,,
1766480607.492877,0.5005687520163742,0.6491102776300295,0.46646956675971896,1,False,,,,
1766480607.495865,0.5005687520163742,0.6491102776300295,0.46646956675971896,1,False,,,,
1766480607.498678,0.4686701360086699,0.5919350490126652,0.17542370017019762,1,False,,,,
1766480608.00894,0.4687034715031372,0.5918847904142853,0.20756740648275004,1,False,,,,
1766480608.0166662,0.4687034715031372,0.5918847904142853,0.20756740648275004,1,False,,,,
1766480608.023801,0.4687034715031372,0.5918847904142853,0.20756740648275004,1,False,,,,
1766480608.029118,0.4687034715031372,0.5918847904142853,0.20756740648275004,1,False,,,,
1766480608.0318668,0.4713269317991581,0.6048580861685745,0.3042995944138502,1,True,0.41411513090133667,0.4291673004627228,0.08907508850097656,0.18861104547977448
1766480608.447783,0.4721754347448129,0.6059984130694155,0.2529522412576467,1,True,0.41411513090133667,0.4291673004627228,0.08907508850097656,0.18861104547977448
1766480608.455319,0.4721754347448129,0.6059984130694155,0.2529522412576467,1,True,0.41411513090133667,0.4291673004627228,0.08907508850097656,0.18861104547977448
1766480608.461998,0.4721754347448129,0.6059984130694155,0.2529522412576467,1,True,0.41411513090133667,0.4291673004627228,0.08907508850097656,0.18861104547977448
1766480608.4652228,0.4721754347448129,0.6059984130694155,0.2529522412576467,1,True,0.41411513090133667,0.4291673004627228,0.08907508850097656,0.18861104547977448
1766480608.467886,0.504809691511859,0.6232680632342722,0.3452609045992989,1,False,,,,
1766480608.7378922,0.504809691511859,0.6232680632342722,0.3452609045992989,1,False,,,,
1766480608.744802,0.504809691511859,0.6232680632342722,0.3452609045992989,1,False,,,,
1766480608.747904,0.4732679382232169,0.589785165450969,0.19440873874928177,1,False,,,,
1766480608.750827,0.4589776101233271,0.6823319846026366,0.9197600434481815,1,False,,,,
1766480608.753663,0.4764021333064181,0.5880347698176066,0.18482520730346058,1,False,,,,
1766480609.053018,0.4726749166240678,0.6090553421480741,0.17763195869884277,1,False,,,,
1766480609.061776,0.4726749166240678,0.6090553421480741,0.17763195869884277,1,False,,,,
1766480609.0679061,0.4726749166240678,0.6090553421480741,0.17763195869884277,1,False,,,,
1766480609.071008,0.4726749166240678,0.6090553421480741,0.17763195869884277,1,False,,,,
1766480609.0733912,0.5065531013003344,0.6222143895960144,0.37072627248304985,1,False,,,,
1766480609.467965,0.5065531013003344,0.6222143895960144,0.37072627248304985,1,False,,,,
1766480609.474167,0.5065531013003344,0.6222143895960144,0.37072627248304985,1,False,,,,
1766480609.477205,0.5065531013003344,0.6222143895960144,0.37072627248304985,1,False,,,,
1766480609.479727,0.5065531013003344,0.6222143895960144,0.37072627248304985,1,False,,,,
1766480609.482702,0.47474070168894744,0.5948979285398968,0.19062326014198502,1,False,,,,
1766480609.763513,0.47474070168894744,0.5948979285398968,0.19062326014198502,1,False,,,,
1766480609.770148,0.47474070168894744,0.5948979285398968,0.19062326014198502,1,False,,,,
1766480609.775669,0.47474070168894744,0.5948979285398968,0.19062326014198502,1,False,,,,
1766480609.778605,0.47474070168894744,0.5948979285398968,0.19062326014198502,1,False,,,,
1766480609.781097,0.47590025026819455,0.5947256249595696,0.1940760731089049,1,False,,,,
1766480610.0344598,0.47590025026819455,0.5947256249595696,0.1940760731089049,1,False,,,,
1766480610.040641,0.47590025026819455,0.5947256249595696,0.1940760731089049,1,False,,,,
1766480610.043535,0.47590025026819455,0.5947256249595696,0.1940760731089049,1,False,,,,
1766480610.0464818,0.47590025026819455,0.5947256249595696,0.1940760731089049,1,False,,,,
1766480610.049294,0.5060750468702205,0.6144091171784605,0.35627733981969695,1,False,,,,
1766480610.272236,0.5060750468702205,0.6144091171784605,0.35627733981969695,1,False,,,,
1766480610.27916,0.5060750468702205,0.6144091171784605,0.35627733981969695,1,False,,,,
1766480610.282308,0.5060750468702205,0.6144091171784605,0.35627733981969695,1,False,,,,
1766480610.284841,0.5060750468702205,0.6144091171784605,0.35627733981969695,1,False,,,,
1766480610.290726,0.504919245149066,0.5977495752414212,0.30870197089622553,1,False,,,,
1766480610.5062752,0.504919245149066,0.5977495752414212,0.30870197089622553,1,False,,,,
1766480610.512744,0.504919245149066,0.5977495752414212,0.30870197089622553,1,False,,,,
1766480610.516289,0.504919245149066,0.5977495752414212,0.30870197089622553,1,False,,,,
1766480610.518902,0.504919245149066,0.5977495752414212,0.30870197089622553,1,False,,,,
1766480610.521982,0.5060582114721376,0.6113906663262267,0.4254670006793669,2,False,,,,
1766480610.903243,0.5060582114721376,0.6113906663262267,0.4254670006793669,2,False,,,,
1766480610.909586,0.5060582114721376,0.6113906663262267,0.4254670006793669,2,False,,,,
1766480610.912361,0.5060582114721376,0.6113906663262267,0.4254670006793669,2,False,,,,
1766480610.914784,0.5060582114721376,0.6113906663262267,0.4254670006793669,2,False,,,,
1766480610.917459,0.5052298155234736,0.6003053692591165,0.38679573656404687,1,False,,,,
1766480611.195499,0.5057756530989374,0.6051495598153405,0.46179821577931324,1,False,,,,
1766480611.201557,0.5057756530989374,0.6051495598153405,0.46179821577931324,1,False,,,,
1766480611.208668,0.5057756530989374,0.6051495598153405,0.46179821577931324,1,False,,,,
1766480611.211649,0.5057756530989374,0.6051495598153405,0.46179821577931324,1,False,,,,
1766480611.214603,0.47421744459915505,0.6624499078810384,0.18239000683663112,1,False,,,,
1766480611.7817442,0.47421744459915505,0.6624499078810384,0.18239000683663112,1,False,,,,
1766480611.788068,0.47421744459915505,0.6624499078810384,0.18239000683663112,1,False,,,,
1766480611.7914848,0.47421744459915505,0.6624499078810384,0.18239000683663112,1,False,,,,
1766480611.7945652,0.47421744459915505,0.6624499078810384,0.18239000683663112,1,False,,,,
1766480611.797973,0.4737856619180566,0.5825485704943488,0.18095134237830487,1,False,,,,
1766480612.111873,0.4737856619180566,0.5825485704943488,0.18095134237830487,1,False,,,,
1766480612.1183481,0.4737856619180566,0.5825485704943488,0.18095134237830487,1,False,,,,
1766480612.121577,0.4737856619180566,0.5825485704943488,0.18095134237830487,1,False,,,,
1766480612.1267788,0.4737856619180566,0.5825485704943488,0.18095134237830487,1,False,,,,
1766480612.129339,0.47547795531445897,0.581731902893307,0.19474322774118236,1,False,,,,
1766480612.4314072,0.47375401926853355,0.5816496042297354,0.1870465220690639,1,False,,,,
1766480612.4393349,0.47418610448789755,0.5818268344451814,0.1756557949860056,1,False,,,,
1766480612.447073,0.47418610448789755,0.5818268344451814,0.1756557949860056,1,False,,,,
1766480612.45008,0.47418610448789755,0.5818268344451814,0.1756557949860056,1,False,,,,
1766480612.452669,0.4750336838300998,0.6503988163581026,0.027471456849973142,1,False,,,,
1766480612.690088,0.4750336838300998,0.6503988163581026,0.027471456849973142,1,False,,,,
1766480612.696543,0.4750336838300998,0.6503988163581026,0.027471456849973142,1,False,,,,
1766480612.699887,0.47523202301495154,0.5823690076315978,0.1918944851031382,1,False,,,,
1766480612.702786,0.4718547566279533,0.6516282096620523,0.0398358503180445,1,False,,,,
1766480612.706128,0.4722729810990625,0.6547424962895312,0.016348410665061583,1,False,,,,
1766480613.0076742,0.4803091025321294,0.5906488923181954,0.19427186243775776,1,False,,,,
1766480613.0146801,0.4803091025321294,0.5906488923181954,0.19427186243775776,1,False,,,,
1766480613.020766,0.4803091025321294,0.5906488923181954,0.19427186243775776,1,False,,,,
1766480613.0236301,0.4803091025321294,0.5906488923181954,0.19427186243775776,1,False,,,,
1766480613.026209,0.4830696147792647,0.5917909040461771,0.21484957491195994,1,True,0.4185463786125183,0.3662305474281311,0.09555721282958984,0.21211086213588715
1766480613.312771,0.4830696147792647,0.5917909040461771,0.21484957491195994,1,True,0.4185463786125183,0.3662305474281311,0.09555721282958984,0.21211086213588715
1766480613.319438,0.4830696147792647,0.5917909040461771,0.21484957491195994,1,True,0.4185463786125183,0.3662305474281311,0.09555721282958984,0.21211086213588715
1766480613.3225951,0.4830696147792647,0.5917909040461771,0.21484957491195994,1,True,0.4185463786125183,0.3662305474281311,0.09555721282958984,0.21211086213588715
1766480613.3257039,0.4830696147792647,0.5917909040461771,0.21484957491195994,1,True,0.4185463786125183,0.3662305474281311,0.09555721282958984,0.21211086213588715
1766480613.3285608,0.47288068529967886,0.663757377019817,0.0,1,False,,,,
1766480613.6341162,0.47288068529967886,0.663757377019817,0.0,1,False,,,,
1766480613.6408372,0.4768125098863088,0.587932353989061,0.1733206372886331,1,True,0.4107125699520111,0.3731823265552521,0.09927387535572052,0.21287332475185394
1766480613.646564,0.4768125098863088,0.587932353989061,0.1733206372886331,1,True,0.4107125699520111,0.3731823265552521,0.09927387535572052,0.21287332475185394
1766480613.652956,0.4768125098863088,0.587932353989061,0.1733206372886331,1,True,0.4107125699520111,0.3731823265552521,0.09927387535572052,0.21287332475185394
1766480613.65613,0.4820911602872574,0.5998309193737822,0.3612923322001755,1,True,0.4091464877128601,0.37556037306785583,0.09558715671300888,0.20829056203365326
1766480613.977391,0.47288068529967886,0.663757377019817,0.0,1,False,,,,
1766480613.986666,0.47288068529967886,0.663757377019817,0.0,1,False,,,,
1766480613.992608,0.47288068529967886,0.663757377019817,0.0,1,False,,,,
1766480613.995602,0.47288068529967886,0.663757377019817,0.0,1,False,,,,
1766480613.9981,0.472503993524127,0.5807155625719405,0.26161192887436574,0,False,,,,
1766480614.184284,0.472503993524127,0.5807155625719405,0.26161192887436574,0,False,,,,
1766480614.19166,0.472503993524127,0.5807155625719405,0.26161192887436574,0,False,,,,
1766480614.194651,0.472503993524127,0.5807155625719405,0.26161192887436574,0,False,,,,
1766480614.197057,0.472503993524127,0.5807155625719405,0.26161192887436574,0,False,,,,
1766480614.20164,0.4795388095990064,0.5865265448627116,0.21928954476878076,1,False,,,,
1766480614.505339,0.4795388095990064,0.5865265448627116,0.21928954476878076,1,False,,,,
1766480614.513251,0.4840025749147478,0.5823510114178048,0.21811113779050342,1,False,,,,
1766480614.517219,0.4840025749147478,0.5823510114178048,0.21811113779050342,1,False,,,,
1766480614.524173,0.4840025749147478,0.5823510114178048,0.21811113779050342,1,False,,,,
1766480614.526986,0.48359392524942474,0.5804038607538745,0.2509357612827963,1,False,,,,
1766480614.84943,0.47837111538729704,0.5847713842687472,0.21341939202107865,1,False,,,,
1766480614.8561852,0.47837111538729704,0.5847713842687472,0.21341939202107865,1,False,,,,
1766480614.8626711,0.47837111538729704,0.5847713842687472,0.21341939202107865,1,False,,,,
1766480614.865293,0.47837111538729704,0.5847713842687472,0.21341939202107865,1,False,,,,
1766480614.867985,0.47827430832442036,0.5845823338780874,0.23076817823221873,1,False,,,,
1766480615.1743438,0.47827430832442036,0.5845823338780874,0.23076817823221873,1,False,,,,
1766480615.179591,0.4787266659953605,0.5846914589182619,0.24447687320660008,1,False,,,,
1766480615.1835022,0.4787266659953605,0.5846914589182619,0.24447687320660008,1,False,,,,
1766480615.1865191,0.4787266659953605,0.5846914589182619,0.24447687320660008,1,False,,,,
1766480615.193027,0.4789687505906176,0.5848143125463485,0.2089967161094059,1,False,,,,
1766480615.512919,0.4789687505906176,0.5848143125463485,0.2089967161094059,1,False,,,,
1766480615.520533,0.48427206834188985,0.5793441561844207,0.23514306648036926,1,False,,,,
1766480615.524159,0.48427206834188985,0.5793441561844207,0.23514306648036926,1,False,,,,
1766480615.531258,0.48427206834188985,0.5793441561844207,0.23514306648036926,1,False,,,,
1766480615.534315,0.48010602252460666,0.5908913882904764,0.16366227678203724,1,False,,,,
1766480615.8371809,0.48010602252460666,0.5908913882904764,0.16366227678203724,1,False,,,,
1766480615.843821,0.48010602252460666,0.5908913882904764,0.16366227678203724,1,False,,,,
1766480615.846702,0.48010602252460666,0.5908913882904764,0.16366227678203724,1,False,,,,
1766480615.8518798,0.4722462173644182,0.6697413218279862,0.20534422129911986,1,False,,,,
1766480615.854721,0.47821689306172555,0.5773524344732128,0.24379412304065645,1,False,,,,
1766480616.117673,0.47821689306172555,0.5773524344732128,0.24379412304065645,1,False,,,,
1766480616.125039,0.48085106242703207,0.575063545277774,0.21919915560821418,1,False,,,,
1766480616.128387,0.48085106242703207,0.575063545277774,0.21919915560821418,1,False,,,,
1766480616.13488,0.48085106242703207,0.575063545277774,0.21919915560821418,1,False,,,,
1766480616.137891,0.478027496557808,0.5848823116708111,0.24295945894499668,1,False,,,,
1766480616.53113,0.478027496557808,0.5848823116708111,0.24295945894499668,1,False,,,,
1766480616.537293,0.478027496557808,0.5848823116708111,0.24295945894499668,1,False,,,,
1766480616.540237,0.478027496557808,0.5848823116708111,0.24295945894499668,1,False,,,,
1766480616.543047,0.478027496557808,0.5848823116708111,0.24295945894499668,1,False,,,,
1766480616.545429,0.4728704701286951,0.6637444014759039,0.0,1,False,,,,
1766480617.0016901,0.48998339065209306,0.5913987279404936,0.3105457959800933,1,False,,,,
1766480617.008329,0.48998339065209306,0.5913987279404936,0.3105457959800933,1,False,,,,
1766480617.011227,0.48998339065209306,0.5913987279404936,0.3105457959800933,1,False,,,,
1766480617.013452,0.48998339065209306,0.5913987279404936,0.3105457959800933,1,False,,,,
1766480617.0159419,0.4728704701286951,0.6637444014759039,0.0,1,False,,,,
1766480617.3044322,0.4728704701286951,0.6637444014759039,0.0,1,False,,,,
1766480617.311269,0.4728704701286951,0.6637444014759039,0.0,1,False,,,,
1766480617.313951,0.4728704701286951,0.6637444014759039,0.0,1,False,,,,
1766480617.3163679,0.4728704701286951,0.6637444014759039,0.0,1,False,,,,
1766480617.319015,0.4829198041996882,0.5708615587918398,0.24069091038278334,1,False,,,,
1766480617.6051772,0.4829198041996882,0.5708615587918398,0.24069091038278334,1,False,,,,
1766480617.6126149,0.4829198041996882,0.5708615587918398,0.24069091038278334,1,False,,,,
1766480617.618492,0.4829198041996882,0.5708615587918398,0.24069091038278334,1,False,,,,
1766480617.621936,0.4829198041996882,0.5708615587918398,0.24069091038278334,1,False,,,,
1766480617.625016,0.4728704701286951,0.6637444014759039,0.0,1,False,,,,
1766480617.970034,0.4728704701286951,0.6637444014759039,0.0,1,False,,,,
1766480617.9770188,0.4728704701286951,0.6637444014759039,0.0,1,False,,,,
1766480617.980181,0.4728704701286951,0.6637444014759039,0.0,1,False,,,,
1766480617.982835,0.4728704701286951,0.6637444014759039,0.0,1,False,,,,
1766480617.985766,0.4728704701286951,0.6637444014759039,0.0,1,False,,,,
1766480618.204202,0.4728704701286951,0.6637444014759039,0.0,1,False,,,,
1766480618.211345,0.4728704701286951,0.6637444014759039,0.0,1,False,,,,
1766480618.214331,0.4728704701286951,0.6637444014759039,0.0,1,False,,,,
1766480618.216985,0.4728704701286951,0.6637444014759039,0.0,1,False,,,,
1766480618.221879,0.4814755968464303,0.5657576754664346,0.2548822799197136,1,False,,,,
1766480618.512956,0.4814755968464303,0.5657576754664346,0.2548822799197136,1,False,,,,
1766480618.5196328,0.4814755968464303,0.5657576754664346,0.2548822799197136,1,False,,,,
1766480618.5223308,0.4814755968464303,0.5657576754664346,0.2548822799197136,1,False,,,,
1766480618.525609,0.4814755968464303,0.5657576754664346,0.2548822799197136,1,False,,,,
1766480618.528278,0.48939780272637456,0.5753737889546028,0.29598093596636066,1,False,,,,
1766480618.8903291,0.48939780272637456,0.5753737889546028,0.29598093596636066,1,False,,,,
1766480618.8967621,0.48939780272637456,0.5753737889546028,0.29598093596636066,1,False,,,,
1766480618.899533,0.4909763988173039,0.5846635469060218,0.14084545527503256,1,False,,,,
1766480618.903245,0.4898661843826978,0.5852894192342398,0.1573118809264365,1,False,,,,
1766480618.907188,0.5038193967760076,0.609709251095199,0.2046311023084522,1,False,,,,
1766480619.2144809,0.5052153942810487,0.5860563212914223,0.25180615659413924,1,False,,,,
1766480619.219563,0.5052153942810487,0.5860563212914223,0.25180615659413924,1,False,,,,
1766480619.222037,0.5052153942810487,0.5860563212914223,0.25180615659413924,1,False,,,,
1766480619.22465,0.5052153942810487,0.5860563212914223,0.25180615659413924,1,False,,,,
1766480619.227565,0.5031563938645836,0.603159130767366,0.13685588440565744,1,False,,,,
1766480619.4932852,0.5031563938645836,0.603159130767366,0.13685588440565744,1,False,,,,
1766480619.4997702,0.5031563938645836,0.603159130767366,0.13685588440565744,1,False,,,,
1766480619.502456,0.5041782948817893,0.5980583804057628,0.11721665008968259,1,False,,,,
1766480619.505101,0.4728289095606499,0.6637650131555012,0.0,1,False,,,,
1766480619.509193,0.5036508017535689,0.606394888762532,0.17130372282621015,1,False,,,,
