timestamp,gaze_x,gaze_y,gaze_confidence,num_faces,is_looking_at_face,face_bbox_left,face_bbox_top,face_bbox_width,face_bbox_height
1766470285.564466,0.5850390463227115,1.0866969642366782,0.9515977400268352,0,False,,,,
1766470286.0602329,0.5850390463227115,1.0866969642366782,0.9515977400268352,0,False,,,,
1766470286.0693781,0.6395770057265825,0.5958635428959855,0.0,0,False,,,,
1766470286.073808,0.6395770057265825,0.5958635428959855,0.0,0,False,,,,
1766470286.079794,0.6395770057265825,0.5958635428959855,0.0,0,False,,,,
1766470286.082703,0.5045288846309073,0.39115157098421816,1.0,0,False,,,,
1766470288.2677279,0.5045288846309073,0.39115157098421816,1.0,0,False,,,,
1766470288.273927,0.5045288846309073,0.39115157098421816,1.0,0,False,,,,
1766470288.27648,0.5045288846309073,0.39115157098421816,1.0,0,False,,,,
1766470288.279826,1.1072904944223638,0.998134128327076,0.9607902866969702,0,False,,,,
1766470288.2833831,0.267248411327937,0.7374759362270912,0.8685482170532254,1,False,,,,
1766470288.651467,0.26766942768367163,0.7419052661280064,0.8685482170532254,1,False,,,,
1766470288.6569002,0.26766942768367163,0.7419052661280064,0.8685482170532254,1,False,,,,
1766470288.661136,0.26766942768367163,0.7419052661280064,0.8685482170532254,1,False,,,,
1766470288.6632588,0.26766942768367163,0.7419052661280064,0.8685482170532254,1,False,,,,
1766470288.6656508,0.5055603238600754,0.3702327854822465,1.0,1,False,,,,
1766470289.443007,0.5055603238600754,0.3702327854822465,1.0,1,False,,,,
1766470289.44793,0.5055603238600754,0.3702327854822465,1.0,1,False,,,,
1766470289.450402,0.5055603238600754,0.3702327854822465,1.0,1,False,,,,
1766470289.4526012,0.5042411583296909,0.3694429816718263,1.0,1,False,,,,
1766470289.4565032,0.6395757737985157,0.5950795737577,0.0,0,False,,,,
1766470289.702351,0.6395757737985157,0.5950795737577,0.0,0,False,,,,
1766470289.706738,0.6395757737985157,0.5950795737577,0.0,0,False,,,,
1766470289.712427,0.6395757737985157,0.5950795737577,0.0,0,False,,,,
1766470289.715102,0.6395757737985157,0.5950795737577,0.0,0,False,,,,
1766470289.719191,0.498978855943683,-0.004140051457309335,0.8712091896570717,0,False,,,,
1766470289.981096,0.498978855943683,-0.004140051457309335,0.8712091896570717,0,False,,,,
1766470289.985037,0.498978855943683,-0.004140051457309335,0.8712091896570717,0,False,,,,
1766470289.9876611,0.498978855943683,-0.004140051457309335,0.8712091896570717,0,False,,,,
1766470289.990586,0.5232281288635454,0.3673368170194081,1.0,0,False,,,,
1766470289.992787,0.6395590530053731,0.5948801258154984,0.0,0,False,,,,
1766470290.2994409,0.6395590530053731,0.5948801258154984,0.0,0,False,,,,
1766470290.3037922,0.6395590530053731,0.5948801258154984,0.0,0,False,,,,
1766470290.306448,0.49934320954590455,0.35937871956463807,1.0,0,False,,,,
1766470290.3087308,0.49934320954590455,0.35937871956463807,1.0,0,False,,,,
1766470290.311193,0.6395590530053731,0.5948801258154984,0.0,0,False,,,,
1766470290.559252,0.6395590530053731,0.5948801258154984,0.0,0,False,,,,
1766470290.56407,0.6395590530053731,0.5948801258154984,0.0,0,False,,,,
1766470290.569461,0.6395590530053731,0.5948801258154984,0.0,0,False,,,,
1766470290.572701,0.6395590530053731,0.5948801258154984,0.0,0,False,,,,
1766470290.575109,0.27224309531726365,0.24050129832655776,0.9329446852207184,1,False,,,,
1766470290.840222,0.27224309531726365,0.24050129832655776,0.9329446852207184,1,False,,,,
1766470290.845047,0.6395590530053731,0.5948801258154984,0.0,1,False,,,,
1766470290.847497,0.6395590530053731,0.5948801258154984,0.0,1,False,,,,
1766470290.851563,0.6395590530053731,0.5948801258154984,0.0,1,False,,,,
1766470290.854589,0.505522298719076,0.3674907734900783,1.0,1,False,,,,
1766470291.130152,0.505522298719076,0.3674907734900783,1.0,1,False,,,,
1766470291.1348832,0.505522298719076,0.3674907734900783,1.0,1,False,,,,
1766470291.137444,0.505522298719076,0.3674907734900783,1.0,1,False,,,,
1766470291.1412349,0.505522298719076,0.3674907734900783,1.0,1,False,,,,
1766470291.143564,0.6395600399613168,0.5949798497288761,0.0,1,False,,,,
1766470291.494999,0.6395600399613168,0.5949798497288761,0.0,1,False,,,,
1766470291.500257,0.6395600399613168,0.5949798497288761,0.0,1,False,,,,
1766470291.503072,0.6395600399613168,0.5949798497288761,0.0,1,False,,,,
1766470291.508398,0.6395600399613168,0.5949798497288761,0.0,1,False,,,,
1766470291.5113978,0.3715585416293915,1.2940046411673576,0.9159649928859589,1,False,,,,
1766470293.499464,0.3715585416293915,1.2940046411673576,0.9159649928859589,1,False,,,,
1766470293.506963,0.6396801601451856,0.5961490387976267,0.0,1,False,,,,
1766470293.5094788,0.6396801601451856,0.5961490387976267,0.0,1,False,,,,
1766470293.513817,0.6396801601451856,0.5961490387976267,0.0,1,False,,,,
1766470293.516783,0.6396801601451856,0.5961490387976267,0.0,0,False,,,,
1766470293.930593,0.6396801601451856,0.5961490387976267,0.0,0,False,,,,
1766470293.93676,0.6396801601451856,0.5961490387976267,0.0,0,False,,,,
1766470293.9398348,0.6396801601451856,0.5961490387976267,0.0,0,False,,,,
1766470293.9426801,0.6396801601451856,0.5961490387976267,0.0,0,False,,,,
1766470293.9451451,0.6396801601451856,0.5961490387976267,0.0,0,False,,,,
1766470294.254069,0.6396801601451856,0.5961490387976267,0.0,0,False,,,,
1766470294.259031,0.6396801601451856,0.5961490387976267,0.0,0,False,,,,
1766470294.261755,0.594616056029629,0.8461692448291314,0.9652159214019775,0,False,,,,
1766470294.264162,0.594616056029629,0.8461692448291314,0.9652159214019775,0,False,,,,
1766470294.266676,0.6816581921459779,0.0015922754447240672,0.9288270623380439,0,False,,,,
1766470294.921087,0.6816581921459779,0.0015922754447240672,0.9288270623380439,0,False,,,,
1766470294.92674,0.6816581921459779,0.0015922754447240672,0.9288270623380439,0,False,,,,
1766470294.9310641,0.6396801601451856,0.5961490387976267,0.0,0,False,,,,
1766470294.93347,0.6396801601451856,0.5961490387976267,0.0,0,False,,,,
1766470294.9373188,0.6396801601451856,0.5961490387976267,0.0,1,False,,,,
1766470295.1790679,0.6396801601451856,0.5961490387976267,0.0,1,False,,,,
1766470295.183875,0.48064298458580773,0.38189129883428397,1.0,1,False,,,,
1766470295.187546,0.48064298458580773,0.38189129883428397,1.0,1,False,,,,
1766470295.19293,0.48064298458580773,0.38189129883428397,1.0,1,False,,,,
1766470295.195727,0.6396781413294612,0.5961515785727994,0.0,0,False,,,,
1766470295.411275,0.6396781413294612,0.5961515785727994,0.0,0,False,,,,
1766470295.415563,0.6396781413294612,0.5961515785727994,0.0,0,False,,,,
1766470295.418724,0.6396781413294612,0.5961515785727994,0.0,0,False,,,,
1766470295.4212968,0.6396781413294612,0.5961515785727994,0.0,0,False,,,,
1766470295.425226,0.47358358691684943,0.37997970683577265,1.0,0,False,,,,
1766470295.642571,0.47358358691684943,0.37997970683577265,1.0,0,False,,,,
1766470295.6467788,0.47358358691684943,0.37997970683577265,1.0,0,False,,,,
1766470295.64942,0.4721413009058468,0.3800719995213837,1.0,0,False,,,,
1766470295.652454,0.4721413009058468,0.3800719995213837,1.0,0,False,,,,
1766470295.6559281,0.4781443255351453,0.34114866085661155,1.0,0,False,,,,
1766470295.829509,0.4781443255351453,0.34114866085661155,1.0,0,False,,,,
1766470295.834383,0.7817846195641808,0.18590698386735394,0.995,0,False,,,,
1766470295.837,0.7817846195641808,0.18590698386735394,0.995,0,False,,,,
1766470295.839478,0.7817846195641808,0.18590698386735394,0.995,0,False,,,,
1766470295.8432581,0.734899832987397,0.19475246117850642,0.9196776551398778,1,False,,,,
1766470296.06554,0.734899832987397,0.19475246117850642,0.9196776551398778,1,False,,,,
1766470296.06977,0.6396781413294612,0.5961515785727994,0.0,1,False,,,,
1766470296.0722718,0.6396781413294612,0.5961515785727994,0.0,1,False,,,,
1766470296.074273,0.6396781413294612,0.5961515785727994,0.0,1,False,,,,
1766470296.078128,0.6395994465217854,0.5955475557536174,0.0,0,False,,,,
1766470296.2988942,0.6395994465217854,0.5955475557536174,0.0,0,False,,,,
1766470296.30355,0.6395994465217854,0.5955475557536174,0.0,0,False,,,,
1766470296.3068979,0.4644568041407163,0.352672220570301,1.0,0,False,,,,
1766470296.309949,0.4644568041407163,0.352672220570301,1.0,0,False,,,,
1766470296.3137999,0.4630970378210198,0.35345077176073014,1.0,0,False,,,,
1766470296.46953,0.4630970378210198,0.35345077176073014,1.0,0,False,,,,
1766470296.4738429,0.4549692346321306,0.06181151917018368,0.995,0,False,,,,
1766470296.477582,0.4549692346321306,0.06181151917018368,0.995,0,False,,,,
1766470296.4822478,0.4549692346321306,0.06181151917018368,0.995,0,False,,,,
1766470296.486707,0.6885300963132032,0.14005372312934794,0.995,1,False,,,,
1766470296.796108,0.6885300963132032,0.14005372312934794,0.995,1,False,,,,
1766470296.800565,0.6885300963132032,0.14005372312934794,0.995,1,False,,,,
1766470296.8030798,0.6885300963132032,0.14005372312934794,0.995,1,False,,,,
1766470296.805554,0.6878752061744686,0.13960626768855255,0.8616023361682892,1,False,,,,
1766470296.8085918,0.4629306529051288,0.3349639867898755,1.0,1,False,,,,
1766470297.186941,0.4629306529051288,0.3349639867898755,1.0,1,False,,,,
1766470297.191821,0.4629306529051288,0.3349639867898755,1.0,1,False,,,,
1766470297.1951628,0.472248392783113,0.3348137605838096,1.0,1,False,,,,
1766470297.197561,0.472248392783113,0.3348137605838096,1.0,1,False,,,,
1766470297.201501,0.4781883372328381,0.2913586445468933,1.0,0,False,,,,
1766470298.024514,0.4781883372328381,0.2913586445468933,1.0,0,False,,,,
1766470298.0294368,0.47641375237053474,0.016915245195393558,0.9871281261960416,0,False,,,,
1766470298.032508,0.47641375237053474,0.016915245195393558,0.9871281261960416,0,False,,,,
1766470298.03513,0.47641375237053474,0.016915245195393558,0.9871281261960416,0,False,,,,
1766470298.0390139,0.6201626429725487,0.005608940350640301,0.9775298022929733,0,False,,,,
1766470298.194456,0.6201626429725487,0.005608940350640301,0.9775298022929733,0,False,,,,
1766470298.199074,0.46634079434111186,0.29161538195914916,1.0,0,False,,,,
1766470298.2017632,0.46634079434111186,0.29161538195914916,1.0,0,False,,,,
1766470298.205699,0.46634079434111186,0.29161538195914916,1.0,0,False,,,,
1766470298.207998,0.639574509346931,0.5957048763116876,0.0,0,False,,,,
1766470298.359453,0.639574509346931,0.5957048763116876,0.0,0,False,,,,
1766470298.363708,0.639574509346931,0.5957048763116876,0.0,0,False,,,,
1766470298.36848,0.4752698594256287,0.28632137048630746,1.0,0,False,,,,
1766470298.371074,0.4752698594256287,0.28632137048630746,1.0,0,False,,,,
1766470298.3764448,0.7320244047727554,0.11400403204762044,0.8681398928165436,0,False,,,,
1766470298.5520709,0.7320643785816211,0.11487031018864069,0.8815511465072632,0,False,,,,
1766470298.556587,0.7320643785816211,0.11487031018864069,0.8815511465072632,0,False,,,,
1766470298.561852,0.7320643785816211,0.11487031018864069,0.8815511465072632,0,False,,,,
1766470298.564456,0.7320643785816211,0.11487031018864069,0.8815511465072632,0,False,,,,
1766470298.5670872,0.639574509346931,0.5957048763116876,0.0,0,False,,,,
1766470298.727011,0.639574509346931,0.5957048763116876,0.0,0,False,,,,
1766470298.7319942,0.639574509346931,0.5957048763116876,0.0,0,False,,,,
1766470298.735143,0.639574509346931,0.5957048763116876,0.0,0,False,,,,
1766470298.737505,0.639574509346931,0.5957048763116876,0.0,0,False,,,,
1766470298.741525,0.639574509346931,0.5957048763116876,0.0,0,False,,,,
1766470298.978205,0.639574509346931,0.5957048763116876,0.0,0,False,,,,
1766470298.9827242,0.639574509346931,0.5957048763116876,0.0,0,False,,,,
1766470298.985657,0.4653742939209636,0.26424929911797246,1.0,0,False,,,,
1766470298.9900439,0.4653742939209636,0.26424929911797246,1.0,0,False,,,,
1766470298.992673,0.4651347194105087,0.25480602806998287,1.0,1,False,,,,
1766470299.308776,0.6395519103737825,0.5954876644186224,0.0,1,False,,,,
1766470299.31372,0.6395519103737825,0.5954876644186224,0.0,1,False,,,,
1766470299.3186119,0.6395519103737825,0.5954876644186224,0.0,1,False,,,,
1766470299.321384,0.6395519103737825,0.5954876644186224,0.0,1,False,,,,
1766470299.3241951,0.6395519103737825,0.5954876644186224,0.0,0,False,,,,
1766470299.5338628,0.6395519103737825,0.5954876644186224,0.0,0,False,,,,
1766470299.5380092,0.4724754162279085,0.23213091238197214,1.0,0,False,,,,
1766470299.5403872,0.4724754162279085,0.23213091238197214,1.0,0,False,,,,
1766470299.544962,0.4724754162279085,0.23213091238197214,1.0,0,False,,,,
1766470299.54744,0.562406173256165,0.9375661417778408,0.7624593377113342,0,False,,,,
1766470299.9638112,0.562406173256165,0.9375661417778408,0.7624593377113342,0,False,,,,
1766470299.969357,0.562406173256165,0.9375661417778408,0.7624593377113342,0,False,,,,
1766470299.9729211,0.7694265678735921,0.6273811354269385,0.8482700412268442,0,False,,,,
1766470299.9757462,0.7681157582171174,0.6253687084443829,0.7854805116648478,0,False,,,,
1766470299.978202,0.5212070354312808,0.8806790482293675,0.9930373430252075,0,False,,,,
1766470300.164095,0.5212070354312808,0.8806790482293675,0.9930373430252075,0,False,,,,
1766470300.168619,0.5212070354312808,0.8806790482293675,0.9930373430252075,0,False,,,,
1766470300.171267,0.5212070354312808,0.8806790482293675,0.9930373430252075,0,False,,,,
1766470300.175838,0.6319334335955854,0.6252287641778743,0.8518869309769393,0,False,,,,
1766470300.179523,0.6395519103737825,0.5954876644186224,0.0,0,False,,,,
1766470300.466969,0.5152379284251526,0.9121469338825474,0.9155056476593018,0,False,,,,
1766470300.472801,0.5152379284251526,0.9121469338825474,0.9155056476593018,0,False,,,,
1766470300.475211,0.5152379284251526,0.9121469338825474,0.9155056476593018,0,False,,,,
1766470300.477823,0.6395519103737825,0.5954876644186224,0.0,0,False,,,,
1766470300.481038,0.5335371415372863,0.9450040358485934,0.952794075012207,0,False,,,,
1766470300.644248,0.5318127636586318,0.9480781031356602,0.8386289477348328,0,False,,,,
1766470300.649864,0.5140435364199323,0.7646378000688954,0.9220862034325019,0,False,,,,
1766470300.654755,0.5140435364199323,0.7646378000688954,0.9220862034325019,0,False,,,,
1766470300.65752,0.5140435364199323,0.7646378000688954,0.9220862034325019,0,False,,,,
1766470300.6596212,0.46957447153724086,0.32699814824170326,1.0,0,False,,,,
1766470301.349519,0.46733550315351735,0.3314860635958812,1.0,0,False,,,,
1766470301.355544,0.46733550315351735,0.3314860635958812,1.0,0,False,,,,
1766470301.360839,0.46733550315351735,0.3314860635958812,1.0,0,False,,,,
1766470301.3636549,0.46733550315351735,0.3314860635958812,1.0,0,False,,,,
1766470301.36671,0.6395280923818667,0.5958340434324378,0.0,0,False,,,,
1766470301.542664,0.6395280923818667,0.5958340434324378,0.0,0,False,,,,
1766470301.5474508,0.6395280923818667,0.5958340434324378,0.0,0,False,,,,
1766470301.550922,0.6395280923818667,0.5958340434324378,0.0,0,False,,,,
1766470301.553517,0.6395280923818667,0.5958340434324378,0.0,0,False,,,,
1766470301.557346,0.6395280923818667,0.5958340434324378,0.0,1,False,,,,
1766470301.809509,0.6395280923818667,0.5958340434324378,0.0,1,False,,,,
1766470301.814075,0.6395280923818667,0.5958340434324378,0.0,1,False,,,,
1766470301.819047,0.6395280923818667,0.5958340434324378,0.0,1,False,,,,
1766470301.822782,0.6395280923818667,0.5958340434324378,0.0,1,False,,,,
1766470301.828359,0.6395280923818667,0.5958340434324378,0.0,0,False,,,,
1766470302.2219741,0.6395280923818667,0.5958340434324378,0.0,0,False,,,,
1766470302.2270012,0.6395280923818667,0.5958340434324378,0.0,0,False,,,,
1766470302.229558,0.6395280923818667,0.5958340434324378,0.0,0,False,,,,
1766470302.232183,0.6395280923818667,0.5958340434324378,0.0,0,False,,,,
1766470302.234598,0.4309087241695752,0.11968243674518819,0.8796813436594881,0,False,,,,
1766470302.4160168,0.4309087241695752,0.11968243674518819,0.8796813436594881,0,False,,,,
1766470302.420428,0.43133945528033235,0.12358205029805369,0.8796813436594881,0,False,,,,
1766470302.424211,0.6395413371547611,0.5960756152402475,0.0,0,False,,,,
1766470302.4265332,0.6395413371547611,0.5960756152402475,0.0,0,False,,,,
1766470302.430911,0.6395413371547611,0.5960756152402475,0.0,0,False,,,,
1766470302.58959,0.49603249981399616,0.3760324396087482,1.0,0,False,,,,
1766470302.5953941,0.49603249981399616,0.3760324396087482,1.0,0,False,,,,
1766470302.600939,0.49603249981399616,0.3760324396087482,1.0,0,False,,,,
1766470302.6035452,0.49603249981399616,0.3760324396087482,1.0,0,False,,,,
1766470302.606463,0.43831931286593956,0.1810115489446117,0.995,0,False,,,,
1766470302.7788,0.43831931286593956,0.1810115489446117,0.995,0,False,,,,
1766470302.784054,0.43831931286593956,0.1810115489446117,0.995,0,False,,,,
1766470302.786796,0.43831931286593956,0.1810115489446117,0.995,0,False,,,,
1766470302.789783,0.6395413371547611,0.5960756152402475,0.0,0,False,,,,
1766470302.7922602,0.6395413371547611,0.5960756152402475,0.0,1,False,,,,
1766470303.067779,0.6395413371547611,0.5960756152402475,0.0,1,False,,,,
1766470303.0718138,0.6395413371547611,0.5960756152402475,0.0,1,False,,,,
1766470303.07435,0.4869168115144277,0.3914720219413379,1.0,1,False,,,,
1766470303.0776289,0.4869168115144277,0.3914720219413379,1.0,1,False,,,,
1766470303.08001,0.6395413371547611,0.5960756152402475,0.0,0,False,,,,
1766470303.258653,0.6398070126803918,0.5980036027005415,0.0,0,False,,,,
1766470303.263009,0.6398070126803918,0.5980036027005415,0.0,0,False,,,,
1766470303.267713,0.6398070126803918,0.5980036027005415,0.0,0,False,,,,
1766470303.2705238,0.6398070126803918,0.5980036027005415,0.0,0,False,,,,
1766470303.2729542,0.6398070126803918,0.5980036027005415,0.0,0,False,,,,
1766470303.443348,0.47944440928848026,0.40027626856574017,1.0,0,False,,,,
1766470303.447953,0.47944440928848026,0.40027626856574017,1.0,0,False,,,,
1766470303.4515681,0.47944440928848026,0.40027626856574017,1.0,0,False,,,,
1766470303.455789,0.47944440928848026,0.40027626856574017,1.0,0,False,,,,
1766470303.458773,0.34567945271771927,0.557978566389531,0.9326970309394313,0,False,,,,
1766470303.6401489,0.34567945271771927,0.557978566389531,0.9326970309394313,0,False,,,,
1766470303.645102,0.6398070126803918,0.5980036027005415,0.0,0,False,,,,
1766470303.6481018,0.6398070126803918,0.5980036027005415,0.0,0,False,,,,
1766470303.6524138,0.6398070126803918,0.5980036027005415,0.0,0,False,,,,
1766470303.654924,0.488946317403551,0.4005936138807564,1.0,0,False,,,,
1766470303.827978,0.490090979744297,0.4012290682842432,1.0,0,False,,,,
1766470303.8323789,0.4515368130192017,0.4619022426323983,0.9341782414769553,0,False,,,,
1766470303.835247,0.4515368130192017,0.4619022426323983,0.9341782414769553,0,False,,,,
1766470303.840321,0.4515368130192017,0.4619022426323983,0.9341782414769553,0,False,,,,
1766470303.842979,0.4907399185019977,0.4032800599423929,1.0,0,False,,,,
1766470304.0059211,0.4907399185019977,0.4032800599423929,1.0,0,False,,,,
1766470304.0103428,0.4907399185019977,0.4032800599423929,1.0,0,False,,,,
1766470304.014025,0.6398070126803918,0.5980036027005415,0.0,0,False,,,,
1766470304.016639,0.6398070126803918,0.5980036027005415,0.0,0,False,,,,
1766470304.018972,0.5511105046216024,0.19841027355099294,0.5521588528603701,0,False,,,,
1766470304.2059069,0.5511105046216024,0.19841027355099294,0.5521588528603701,0,False,,,,
1766470304.210457,0.5511105046216024,0.19841027355099294,0.5521588528603701,0,False,,,,
1766470304.2134159,0.4887049946517849,0.41009282425896354,1.0,0,False,,,,
1766470304.2165601,0.4887049946517849,0.41009282425896354,1.0,0,False,,,,
1766470304.2189188,0.48324471231552346,0.3982542787239274,1.0,0,False,,,,
1766470304.410843,0.48324471231552346,0.3982542787239274,1.0,0,False,,,,
1766470304.4160378,0.4838245217335221,0.39519317222561734,1.0,0,False,,,,
1766470304.420486,0.4838245217335221,0.39519317222561734,1.0,0,False,,,,
1766470304.425094,0.4838245217335221,0.39519317222561734,1.0,0,False,,,,
1766470304.427616,0.4833879755781795,0.3928604245063254,1.0,0,False,,,,
1766470304.622855,0.4833879755781795,0.3928604245063254,1.0,0,False,,,,
1766470304.627618,0.4833879755781795,0.3928604245063254,1.0,0,False,,,,
1766470304.629896,0.4833879755781795,0.3928604245063254,1.0,0,False,,,,
1766470304.632011,0.4833879755781795,0.3928604245063254,1.0,0,False,,,,
1766470304.635231,0.4847927117813534,0.3847231078050035,1.0,0,False,,,,
1766470304.802798,0.4847927117813534,0.3847231078050035,1.0,0,False,,,,
1766470304.8073862,0.4847927117813534,0.3847231078050035,1.0,0,False,,,,
1766470304.810132,0.4847927117813534,0.3847231078050035,1.0,0,False,,,,
1766470304.8126662,0.4847927117813534,0.3847231078050035,1.0,0,False,,,,
1766470304.817003,0.4832364496054284,0.3803245608638217,1.0,0,False,,,,
1766470305.00141,0.4826604614043674,0.3786608747803437,1.0,0,False,,,,
1766470305.005725,0.4826604614043674,0.3786608747803437,1.0,0,False,,,,
1766470305.010012,0.4826604614043674,0.3786608747803437,1.0,0,False,,,,
1766470305.012598,0.4826604614043674,0.3786608747803437,1.0,0,False,,,,
1766470305.015181,0.4708447583177694,0.3707085052591367,1.0,1,False,,,,
1766470305.221587,0.4708447583177694,0.3707085052591367,1.0,1,False,,,,
1766470305.2261581,0.4708447583177694,0.3707085052591367,1.0,1,False,,,,
1766470305.228588,0.4708447583177694,0.3707085052591367,1.0,1,False,,,,
1766470305.230876,0.4708447583177694,0.3707085052591367,1.0,1,False,,,,
1766470305.233688,0.4826988627135826,0.36113611979548477,1.0,0,False,,,,
1766470305.3923788,0.4826988627135826,0.36113611979548477,1.0,0,False,,,,
1766470305.396256,0.4826988627135826,0.36113611979548477,1.0,0,False,,,,
1766470305.398381,0.4826988627135826,0.36113611979548477,1.0,0,False,,,,
1766470305.40095,0.38351597683897615,0.06998428365226927,0.995,0,False,,,,
1766470305.4030871,0.6398563325884887,0.5981229220159439,0.0,0,False,,,,
1766470305.5637271,0.6398563325884887,0.5981229220159439,0.0,0,False,,,,
1766470305.5678122,0.6398563325884887,0.5981229220159439,0.0,0,False,,,,
1766470305.571176,0.6398563325884887,0.5981229220159439,0.0,0,False,,,,
1766470305.574641,0.6398563325884887,0.5981229220159439,0.0,0,False,,,,
1766470305.578746,0.48500105396205917,0.3627351124148721,1.0,1,False,,,,
1766470305.9033961,0.48500105396205917,0.3627351124148721,1.0,1,False,,,,
1766470305.909441,0.6398563325884887,0.5981229220159439,0.0,1,False,,,,
1766470305.914436,0.6398563325884887,0.5981229220159439,0.0,1,False,,,,
1766470305.9186869,0.6398563325884887,0.5981229220159439,0.0,1,False,,,,
1766470305.921298,0.6398563325884887,0.5981229220159439,0.0,1,False,,,,
1766470306.133285,0.6398563325884887,0.5981229220159439,0.0,1,False,,,,
1766470306.137644,0.6398563325884887,0.5981229220159439,0.0,1,False,,,,
1766470306.140295,0.5312207747557819,0.8744158029557305,0.9730661511421204,1,False,,,,
1766470306.144595,0.6398563325884887,0.5981229220159439,0.0,1,False,,,,
1766470306.1479838,0.6398517386189464,0.5981192040902122,0.0,1,False,,,,
1766470306.362356,0.6398517386189464,0.5981192040902122,0.0,1,False,,,,
1766470306.367746,0.6398517386189464,0.5981192040902122,0.0,1,False,,,,
1766470306.370282,0.6398517386189464,0.5981192040902122,0.0,1,False,,,,
1766470306.3732328,0.6398517386189464,0.5981192040902122,0.0,1,False,,,,
1766470306.375715,0.6398517386189464,0.5981192040902122,0.0,1,False,,,,
1766470306.599238,0.6398517386189464,0.5981192040902122,0.0,1,False,,,,
1766470306.604772,0.6398517386189464,0.5981192040902122,0.0,1,False,,,,
1766470306.607311,0.6398517386189464,0.5981192040902122,0.0,1,False,,,,
1766470306.610336,0.5698684515689634,1.0042395253522776,0.8736138939857483,1,False,,,,
1766470306.613077,0.6398517386189464,0.5981192040902122,0.0,0,False,,,,
1766470306.769581,0.6398517386189464,0.5981192040902122,0.0,0,False,,,,
1766470306.774532,0.6398517386189464,0.5981192040902122,0.0,0,False,,,,
1766470306.77788,0.6398517386189464,0.5981192040902122,0.0,0,False,,,,
1766470306.7806778,0.6398517386189464,0.5981192040902122,0.0,0,False,,,,
1766470306.782839,0.6398517386189464,0.5981192040902122,0.0,0,False,,,,
1766470306.947316,0.4730456289520366,0.3231957520785993,1.0,0,False,,,,
1766470306.952119,0.4730456289520366,0.3231957520785993,1.0,0,False,,,,
1766470306.957731,0.4730456289520366,0.3231957520785993,1.0,0,False,,,,
1766470306.960268,0.4751493668667834,0.3191573154344671,1.0,0,False,,,,
1766470306.962501,0.6398517386189464,0.5981192040902122,0.0,0,False,,,,
1766470307.154578,0.6398517386189464,0.5981192040902122,0.0,0,False,,,,
1766470307.159013,0.6398517386189464,0.5981192040902122,0.0,0,False,,,,
1766470307.161815,0.46267893123615045,0.3191008255196317,1.0,0,False,,,,
1766470307.1640131,0.46267893123615045,0.3191008255196317,1.0,0,False,,,,
1766470307.166208,0.4709500363225412,0.318950886450206,1.0,0,False,,,,
1766470307.339944,0.4709500363225412,0.318950886450206,1.0,0,False,,,,
1766470307.343921,0.4709500363225412,0.318950886450206,1.0,0,False,,,,
1766470307.3471859,0.4715511344023861,0.32056555615810023,1.0,0,False,,,,
1766470307.349705,0.4715511344023861,0.32056555615810023,1.0,0,False,,,,
1766470307.353716,0.4895271144612063,0.29836174461436615,1.0,1,False,,,,
1766470307.57433,0.4895271144612063,0.29836174461436615,1.0,1,False,,,,
1766470307.578856,0.4895271144612063,0.29836174461436615,1.0,1,False,,,,
1766470307.581749,0.4897978841601489,0.29747162100827895,1.0,1,False,,,,
1766470307.5840828,0.4897978841601489,0.29747162100827895,1.0,1,False,,,,
1766470307.586825,0.5229775686602003,0.18334172226392897,0.9346600289076725,0,False,,,,
1766470307.8491461,0.4863876822580056,0.148155100073589,0.995,0,False,,,,
1766470307.853556,0.4863876822580056,0.148155100073589,0.995,0,False,,,,
1766470307.8580081,0.4863876822580056,0.148155100073589,0.995,0,False,,,,
1766470307.860607,0.4863876822580056,0.148155100073589,0.995,0,False,,,,
1766470307.863583,0.6309326576119239,0.6532453887310495,0.898682120285741,1,False,,,,
1766470308.089924,0.6309326576119239,0.6532453887310495,0.898682120285741,1,False,,,,
1766470308.093894,0.6309326576119239,0.6532453887310495,0.898682120285741,1,False,,,,
1766470308.0964758,0.6309326576119239,0.6532453887310495,0.898682120285741,1,False,,,,
1766470308.098367,0.6309326576119239,0.6532453887310495,0.898682120285741,1,False,,,,
1766470308.100349,0.639847415865521,0.598099249381653,0.0,0,False,,,,
1766470308.424854,0.639847415865521,0.598099249381653,0.0,0,False,,,,
1766470308.430055,0.639847415865521,0.598099249381653,0.0,0,False,,,,
1766470308.43363,0.639847415865521,0.598099249381653,0.0,0,False,,,,
1766470308.436296,0.639847415865521,0.598099249381653,0.0,0,False,,,,
1766470308.438827,0.639847415865521,0.598099249381653,0.0,1,False,,,,
1766470308.7748868,0.639847415865521,0.598099249381653,0.0,1,False,,,,
1766470308.77933,0.639847415865521,0.598099249381653,0.0,1,False,,,,
1766470308.782115,0.639847415865521,0.598099249381653,0.0,1,False,,,,
1766470308.7862,0.5547060303935267,0.9494486303165396,0.9230696558952332,1,False,,,,
1766470308.789335,0.4241194166828344,0.45144580063947315,0.7358165383338928,0,False,,,,
1766470308.950708,0.4241194166828344,0.45144580063947315,0.7358165383338928,0,False,,,,
1766470308.9556139,0.4108778594766281,0.32967410056990265,1.0,0,False,,,,
1766470308.958899,0.4108778594766281,0.32967410056990265,1.0,0,False,,,,
1766470308.96249,0.4108778594766281,0.32967410056990265,1.0,0,False,,,,
1766470308.9668632,0.639847415865521,0.598099249381653,0.0,0,False,,,,
1766470309.166035,0.639847415865521,0.598099249381653,0.0,0,False,,,,
1766470309.170399,0.639847415865521,0.598099249381653,0.0,0,False,,,,
1766470309.173357,0.639847415865521,0.598099249381653,0.0,0,False,,,,
1766470309.1759942,0.639847415865521,0.598099249381653,0.0,0,False,,,,
1766470309.178602,0.6398562665288653,0.5980541979528732,0.0,0,False,,,,
1766470309.350281,0.6398562665288653,0.5980541979528732,0.0,0,False,,,,
1766470309.3547819,0.6398562665288653,0.5980541979528732,0.0,0,False,,,,
1766470309.357592,0.4603965231554875,0.34582700105352715,1.0,0,False,,,,
1766470309.3599098,0.4603965231554875,0.34582700105352715,1.0,0,False,,,,
1766470309.3626082,0.5488474251502885,0.2153921051988159,0.995,1,False,,,,
1766470309.648431,0.5488474251502885,0.2153921051988159,0.995,1,False,,,,
1766470309.653346,0.5488474251502885,0.2153921051988159,0.995,1,False,,,,
1766470309.656435,0.6398562665288653,0.5980541979528732,0.0,1,False,,,,
1766470309.658998,0.6398562665288653,0.5980541979528732,0.0,1,False,,,,
1766470309.6614,0.46938304457937513,0.3873016181106199,1.0,0,False,,,,
1766470309.820448,0.46938304457937513,0.3873016181106199,1.0,0,False,,,,
1766470309.8246772,0.5693390344020512,0.3004600593526847,0.8996560982858663,0,False,,,,
1766470309.828917,0.5682444025338554,0.30017325593225963,0.8996560982858663,0,False,,,,
1766470309.833117,0.5682444025338554,0.30017325593225963,0.8996560982858663,0,False,,,,
1766470309.8354392,0.4885831675669783,0.3906595414135542,1.0,0,False,,,,
1766470310.1418722,0.4885831675669783,0.3906595414135542,1.0,0,False,,,,
1766470310.146404,0.5931641305339183,0.23342105578056094,0.9810808156402384,0,False,,,,
1766470310.149475,0.5931641305339183,0.23342105578056094,0.9810808156402384,0,False,,,,
1766470310.153362,0.5931641305339183,0.23342105578056094,0.9810808156402384,0,False,,,,
1766470310.156563,0.6396352707706394,0.5964495976822161,0.0,0,False,,,,
1766470310.427642,0.6396352707706394,0.5964495976822161,0.0,0,False,,,,
1766470310.431696,0.49110160040544226,0.3755670103855694,1.0,0,False,,,,
1766470310.4348202,0.49110160040544226,0.3755670103855694,1.0,0,False,,,,
1766470310.440913,0.49110160040544226,0.3755670103855694,1.0,0,False,,,,
1766470310.445108,0.6396352707706394,0.5964495976822161,0.0,1,False,,,,
1766470310.655694,0.6396352707706394,0.5964495976822161,0.0,1,False,,,,
1766470310.660418,0.6396352707706394,0.5964495976822161,0.0,1,False,,,,
1766470310.6629739,0.6396352707706394,0.5964495976822161,0.0,1,False,,,,
1766470310.665659,0.6396352707706394,0.5964495976822161,0.0,1,False,,,,
1766470310.6678941,0.6396352707706394,0.5964495976822161,0.0,1,False,,,,
1766470310.9005609,0.6396352707706394,0.5964495976822161,0.0,1,False,,,,
1766470310.905191,0.6396352707706394,0.5964495976822161,0.0,1,False,,,,
1766470310.9076102,0.6396352707706394,0.5964495976822161,0.0,1,False,,,,
1766470310.909972,0.6396352707706394,0.5964495976822161,0.0,1,False,,,,
1766470310.913246,0.5532333647943296,0.22097617763804922,0.4529901406886715,0,False,,,,
1766470311.1728268,0.5532333647943296,0.22097617763804922,0.4529901406886715,0,False,,,,
1766470311.176789,0.5532333647943296,0.22097617763804922,0.4529901406886715,0,False,,,,
1766470311.179051,0.5532333647943296,0.22097617763804922,0.4529901406886715,0,False,,,,
1766470311.182504,0.553419193611221,0.22118038500569626,0.40340288125101675,0,False,,,,
1766470311.18606,0.5498177252974747,0.21872028743101857,0.5364394454095753,0,False,,,,
1766470311.347937,0.5498177252974747,0.21872028743101857,0.5364394454095753,0,False,,,,
1766470311.3525388,0.4688239845900414,0.361529442320494,1.0,0,False,,,,
1766470311.35594,0.4688239845900414,0.361529442320494,1.0,0,False,,,,
1766470311.361065,0.4688239845900414,0.361529442320494,1.0,0,False,,,,
1766470311.363977,0.5507913620779838,0.21975883016402542,0.5734160160376077,0,False,,,,
1766470311.515754,0.5507913620779838,0.21975883016402542,0.5734160160376077,0,False,,,,
1766470311.520715,0.3726612767570782,0.24930706703891947,0.8,0,False,,,,
1766470311.5232608,0.3726612767570782,0.24930706703891947,0.8,0,False,,,,
1766470311.527432,0.3726612767570782,0.24930706703891947,0.8,0,False,,,,
1766470311.529811,0.3888278547787623,0.10335663267917217,0.855204313993454,1,False,,,,
1766470311.843523,0.3888278547787623,0.10335663267917217,0.855204313993454,1,False,,,,
1766470311.848078,0.3888278547787623,0.10335663267917217,0.855204313993454,1,False,,,,
1766470311.8507469,0.3888278547787623,0.10335663267917217,0.855204313993454,1,False,,,,
1766470311.8534038,0.5490437079708197,0.20918371106764067,0.5805382324463244,1,False,,,,
1766470311.8564842,0.6397125097871753,0.5969684922483816,0.0,1,False,,,,
1766470312.0702112,0.6397125097871753,0.5969684922483816,0.0,1,False,,,,
1766470312.0746958,0.6397125097871753,0.5969684922483816,0.0,1,False,,,,
1766470312.079921,0.6397125097871753,0.5969684922483816,0.0,1,False,,,,
1766470312.0826418,0.6397125097871753,0.5969684922483816,0.0,1,False,,,,
1766470312.08511,0.4906488064468165,0.3334644007259371,1.0,0,False,,,,
1766470312.263565,0.4906488064468165,0.3334644007259371,1.0,0,False,,,,
1766470312.2685661,0.4906488064468165,0.3334644007259371,1.0,0,False,,,,
1766470312.271092,0.4906488064468165,0.3334644007259371,1.0,0,False,,,,
1766470312.273835,0.4919412839247828,0.3356895687290098,1.0,0,False,,,,
1766470312.2773912,0.4680366912277828,0.32862296975309346,1.0,0,False,,,,
1766470312.463524,0.4680366912277828,0.32862296975309346,1.0,0,False,,,,
1766470312.468132,0.4680366912277828,0.32862296975309346,1.0,0,False,,,,
1766470312.4708889,0.4680366912277828,0.32862296975309346,1.0,0,False,,,,
1766470312.47353,0.4674878697639522,0.3258034903171879,1.0,0,False,,,,
1766470312.477041,0.8060063828140954,1.0049112109664629,0.8591706984333161,0,False,,,,
1766470312.706392,0.8060063828140954,1.0049112109664629,0.8591706984333161,0,False,,,,
1766470312.7115788,0.6396687032743767,0.5967954273659947,0.0,0,False,,,,
1766470312.7161632,0.6396687032743767,0.5967954273659947,0.0,0,False,,,,
1766470312.721261,0.6396687032743767,0.5967954273659947,0.0,0,False,,,,
1766470312.723948,0.6396687032743767,0.5967954273659947,0.0,1,False,,,,
1766470313.0630138,0.6396687032743767,0.5967954273659947,0.0,1,False,,,,
1766470313.0681899,0.6396687032743767,0.5967954273659947,0.0,1,False,,,,
1766470313.072835,0.6396687032743767,0.5967954273659947,0.0,1,False,,,,
1766470313.0755148,0.6396687032743767,0.5967954273659947,0.0,1,False,,,,
1766470313.078149,0.6396550465615014,0.5967829885699614,0.0,1,False,,,,
1766470313.297987,0.6396550465615014,0.5967829885699614,0.0,1,False,,,,
1766470313.3032372,0.6396550465615014,0.5967829885699614,0.0,1,False,,,,
1766470313.3058162,0.6396550465615014,0.5967829885699614,0.0,1,False,,,,
1766470313.3084412,0.6396550465615014,0.5967829885699614,0.0,1,False,,,,
1766470313.3126872,0.6396550465615014,0.5967829885699614,0.0,0,False,,,,
1766470313.5187688,0.6396550465615014,0.5967829885699614,0.0,0,False,,,,
1766470313.5242932,0.6396550465615014,0.5967829885699614,0.0,0,False,,,,
1766470313.5269928,0.6396550465615014,0.5967829885699614,0.0,0,False,,,,
1766470313.529964,0.6396550465615014,0.5967829885699614,0.0,0,False,,,,
1766470313.5322392,0.5082955839364033,0.006778277300041102,0.995,0,False,,,,
1766470313.714427,0.5036250323756497,-0.008537699250569242,0.8584978801106253,0,False,,,,
1766470313.719564,0.5036250323756497,-0.008537699250569242,0.8584978801106253,0,False,,,,
1766470313.724375,0.5036250323756497,-0.008537699250569242,0.8584978801106253,0,False,,,,
1766470313.7270331,0.5036250323756497,-0.008537699250569242,0.8584978801106253,0,False,,,,
1766470313.7305942,0.20289881706508797,0.36581923735833954,0.995,0,False,,,,
1766470313.891775,0.20289881706508797,0.36581923735833954,0.995,0,False,,,,
1766470313.896189,0.6396550465615014,0.5967829885699614,0.0,0,False,,,,
1766470313.899418,0.1565807612552632,0.3601339173673379,0.9716339061051276,0,False,,,,
1766470313.9021802,0.1565807612552632,0.3601339173673379,0.9716339061051276,0,False,,,,
1766470313.906822,0.6396550465615014,0.5967829885699614,0.0,0,False,,,,
1766470314.088056,0.6396550465615014,0.5967829885699614,0.0,0,False,,,,
1766470314.092621,0.6396550465615014,0.5967829885699614,0.0,0,False,,,,
1766470314.095077,0.6396550465615014,0.5967829885699614,0.0,0,False,,,,
1766470314.0980952,0.45845505209051246,0.33392973509365786,1.0,0,False,,,,
1766470314.101147,0.3469656506665835,0.48650941089411504,0.995,0,False,,,,
1766470314.25053,0.38375788999616,0.28751787815695096,0.995,0,False,,,,
1766470314.2554991,0.38375788999616,0.28751787815695096,0.995,0,False,,,,
1766470314.2604449,0.38375788999616,0.28751787815695096,0.995,0,False,,,,
1766470314.264817,0.5664349123143565,0.2728054518910268,0.4480882703777651,0,False,,,,
1766470314.267984,0.0824465975499673,0.5844403067486125,0.995,1,False,,,,
1766470314.5122151,0.0824465975499673,0.5844403067486125,0.995,1,False,,,,
1766470314.5168378,0.6393404206717872,0.5942580347996574,0.0,1,False,,,,
1766470314.5211892,0.6393404206717872,0.5942580347996574,0.0,1,False,,,,
1766470314.524601,0.6393404206717872,0.5942580347996574,0.0,1,False,,,,
1766470314.5294259,0.19890339871522503,0.1993568027967607,0.9685112282445021,1,False,,,,
1766470314.811976,0.19890339871522503,0.1993568027967607,0.9685112282445021,1,False,,,,
1766470314.817025,0.6393404206717872,0.5942580347996574,0.0,1,False,,,,
1766470314.820731,0.6393404206717872,0.5942580347996574,0.0,1,False,,,,
1766470314.8232489,0.6393404206717872,0.5942580347996574,0.0,1,False,,,,
1766470314.8285959,0.46135024380726525,0.3169743770304896,1.0,0,False,,,,
1766470314.99748,0.46135024380726525,0.3169743770304896,1.0,0,False,,,,
1766470315.0022788,0.3425164984281397,0.22369950927649418,0.995,0,False,,,,
1766470315.005053,0.3425164984281397,0.22369950927649418,0.995,0,False,,,,
1766470315.008886,0.3425164984281397,0.22369950927649418,0.995,0,False,,,,
1766470315.011266,0.27499753641345637,0.13986585737885937,0.8957144618034363,0,False,,,,
1766470315.183467,0.27499753641345637,0.13986585737885937,0.8957144618034363,0,False,,,,
1766470315.187945,0.5488036141491559,0.16494843693761796,0.30557549654602123,0,False,,,,
1766470315.190866,0.5489489395235326,0.1650379912212392,0.48644826781945827,0,False,,,,
1766470315.194745,0.5489489395235326,0.1650379912212392,0.48644826781945827,0,False,,,,
1766470315.2004879,0.565993938120134,0.7982364314314342,0.9860131144523621,1,False,,,,
1766470315.424242,0.3436678370435774,1.2716159028579157,0.8462403257567748,1,False,,,,
1766470315.429097,0.3436678370435774,1.2716159028579157,0.8462403257567748,1,False,,,,
1766470315.43341,0.3436678370435774,1.2716159028579157,0.8462403257567748,1,False,,,,
1766470315.4358761,0.3436678370435774,1.2716159028579157,0.8462403257567748,1,False,,,,
1766470315.438609,0.15719885340571885,1.297161330823069,0.8647589847441219,0,False,,,,
1766470315.622557,0.43067643771897934,1.1742479082159762,0.9856160548872479,0,False,,,,
1766470315.6278028,0.43067643771897934,1.1742479082159762,0.9856160548872479,0,False,,,,
1766470315.6321988,0.43067643771897934,1.1742479082159762,0.9856160548872479,0,False,,,,
1766470315.634603,0.43067643771897934,1.1742479082159762,0.9856160548872479,0,False,,,,
1766470315.636758,0.4514869423251563,0.8714431110886817,0.8762535774614191,1,False,,,,
1766470316.067841,0.4514869423251563,0.8714431110886817,0.8762535774614191,1,False,,,,
1766470316.07201,0.4514869423251563,0.8714431110886817,0.8762535774614191,1,False,,,,
1766470316.0748968,0.4514869423251563,0.8714431110886817,0.8762535774614191,1,False,,,,
1766470316.078377,0.6394196255324088,0.5952820068920577,0.0,1,False,,,,
1766470316.082772,0.5100500081540488,0.8416724220826448,0.8785035014152527,0,False,,,,
1766470316.277815,0.5877080895641813,0.856783416131943,0.99,0,False,,,,
1766470316.282686,0.5877080895641813,0.856783416131943,0.99,0,False,,,,
1766470316.286814,0.5877080895641813,0.856783416131943,0.99,0,False,,,,
1766470316.289454,0.5877080895641813,0.856783416131943,0.99,0,False,,,,
1766470316.291614,0.5134927047940552,0.9083424818382443,0.4263588228076149,1,False,,,,
1766470316.560849,0.5045534031273093,0.882061934475017,0.41447621442725874,1,False,,,,
1766470316.565436,0.5045534031273093,0.882061934475017,0.41447621442725874,1,False,,,,
1766470316.5697112,0.5045534031273093,0.882061934475017,0.41447621442725874,1,False,,,,
1766470316.5741298,0.5045534031273093,0.882061934475017,0.41447621442725874,1,False,,,,
1766470316.576842,0.6391953011546111,0.5946955844876725,0.0,1,False,,,,
1766470316.7955258,0.6391953011546111,0.5946955844876725,0.0,1,False,,,,
1766470316.800855,0.45585549574641127,0.3205938140790985,1.0,1,False,,,,
1766470316.805938,0.45585549574641127,0.3205938140790985,1.0,1,False,,,,
1766470316.808471,0.45585549574641127,0.3205938140790985,1.0,1,False,,,,
1766470316.811243,0.47518942467684483,0.29926145281651206,1.0,1,False,,,,
1766470317.031735,0.47469435896416157,0.3009773202709769,1.0,1,False,,,,
1766470317.0371258,0.47469435896416157,0.3009773202709769,1.0,1,False,,,,
1766470317.041827,0.47469435896416157,0.3009773202709769,1.0,1,False,,,,
1766470317.0446122,0.47495830647349563,0.3063729542674686,1.0,1,False,,,,
1766470317.0471869,0.097909957085289,-0.1731349351084861,0.8645977538809231,0,False,,,,
1766470317.261131,0.097909957085289,-0.1731349351084861,0.8645977538809231,0,False,,,,
1766470317.26611,0.6391953011546111,0.5946955844876725,0.0,0,False,,,,
1766470317.2687712,0.6391953011546111,0.5946955844876725,0.0,0,False,,,,
1766470317.273571,0.6391953011546111,0.5946955844876725,0.0,0,False,,,,
1766470317.277786,0.4815823278392985,0.8417230048379448,0.8981454968452454,0,False,,,,
1766470317.450357,0.4146054412371705,0.7302259514698496,0.8674076235075181,0,False,,,,
1766470317.4569511,0.4146054412371705,0.7302259514698496,0.8674076235075181,0,False,,,,
1766470317.461954,0.4146054412371705,0.7302259514698496,0.8674076235075181,0,False,,,,
1766470317.464706,0.4346914244156717,0.8190112157795533,0.9416974782943726,0,False,,,,
1766470317.467385,0.42803652163873007,0.7895337759152767,0.735844075679779,0,False,,,,
1766470317.628673,0.42803652163873007,0.7895337759152767,0.735844075679779,0,False,,,,
1766470317.6332521,0.17015904513407168,0.7311429434971409,0.8373522793926336,0,False,,,,
1766470317.63662,0.17015904513407168,0.7311429434971409,0.8373522793926336,0,False,,,,
1766470317.638939,0.17015904513407168,0.7311429434971409,0.8373522793926336,0,False,,,,
1766470317.642935,0.4388618113808168,0.7724477751800477,0.8001594543457031,1,False,,,,
1766470317.850254,0.4388618113808168,0.7724477751800477,0.8001594543457031,1,False,,,,
1766470317.854794,0.11810630663628494,0.7157256736425647,0.8036500835540428,1,False,,,,
1766470317.857839,0.11810630663628494,0.7157256736425647,0.8036500835540428,1,False,,,,
1766470317.862853,0.11810630663628494,0.7157256736425647,0.8036500835540428,1,False,,,,
1766470317.8655648,0.30628263573114956,0.7785273088888641,0.7568616271018982,0,False,,,,
1766470318.044312,0.30628263573114956,0.7785273088888641,0.7568616271018982,0,False,,,,
1766470318.049382,0.30628263573114956,0.7785273088888641,0.7568616271018982,0,False,,,,
1766470318.0520709,0.11273070414286482,0.7224072786998802,0.7439423822596516,0,False,,,,
1766470318.054843,0.1496155233233863,0.954343130609146,0.65385781757383,0,False,,,,
1766470318.05733,0.13196242373930392,0.8676140835655848,0.8021497773968174,0,False,,,,
1766470318.2210371,0.6391953011546111,0.5946955844876725,0.0,0,False,,,,
1766470318.225483,0.6391953011546111,0.5946955844876725,0.0,0,False,,,,
1766470318.2299142,0.6391953011546111,0.5946955844876725,0.0,0,False,,,,
1766470318.232658,0.6391953011546111,0.5946955844876725,0.0,0,False,,,,
1766470318.234773,0.6391953011546111,0.5946955844876725,0.0,0,False,,,,
1766470318.411017,0.6391953011546111,0.5946955844876725,0.0,0,False,,,,
1766470318.415851,0.6391953011546111,0.5946955844876725,0.0,0,False,,,,
1766470318.4184809,0.6391953011546111,0.5946955844876725,0.0,0,False,,,,
1766470318.421113,0.5151710918959337,0.8439651743162137,0.87210613489151,0,False,,,,
1766470318.4245849,0.6391953011546111,0.5946955844876725,0.0,1,False,,,,
1766470318.704681,0.6391953011546111,0.5946955844876725,0.0,1,False,,,,
1766470318.709728,0.6391953011546111,0.5946955844876725,0.0,1,False,,,,
1766470318.7137039,0.6391953011546111,0.5946955844876725,0.0,1,False,,,,
1766470318.716487,0.6391953011546111,0.5946955844876725,0.0,1,False,,,,
1766470318.720555,0.6391953011546111,0.5946955844876725,0.0,0,False,,,,
1766470318.916136,0.6391953011546111,0.5946955844876725,0.0,0,False,,,,
1766470318.9204328,0.6391953011546111,0.5946955844876725,0.0,0,False,,,,
1766470318.923187,0.6391953011546111,0.5946955844876725,0.0,0,False,,,,
1766470318.926271,0.2790209550225172,-0.09502314221456931,0.99,0,False,,,,
1766470318.930069,0.48138032715113666,0.2629113121990213,1.0,0,False,,,,
1766470319.100009,0.4773750045699857,0.2652573500116535,1.0,0,False,,,,
1766470319.104728,0.4773750045699857,0.2652573500116535,1.0,0,False,,,,
1766470319.1074839,0.4773750045699857,0.2652573500116535,1.0,0,False,,,,
1766470319.110286,0.4894237500688801,0.03078735688849299,0.8874039523811195,0,False,,,,
1766470319.112725,0.47022198251824054,0.16508810579500255,0.9430421397591069,1,False,,,,
1766470319.3385952,0.47022198251824054,0.16508810579500255,0.9430421397591069,1,False,,,,
1766470319.343936,0.4330803998691423,0.14567894300092377,0.9262479216991097,1,False,,,,
1766470319.3468108,0.4330803998691423,0.14567894300092377,0.9262479216991097,1,False,,,,
1766470319.352161,0.4330803998691423,0.14567894300092377,0.9262479216991097,1,False,,,,
1766470319.3545148,0.45981659809376174,0.29422149779664064,1.0,1,False,,,,
1766470319.648475,0.45981659809376174,0.29422149779664064,1.0,1,False,,,,
1766470319.653214,0.45981659809376174,0.29422149779664064,1.0,1,False,,,,
1766470319.655707,0.45981659809376174,0.29422149779664064,1.0,1,False,,,,
1766470319.658417,0.45981659809376174,0.29422149779664064,1.0,1,False,,,,
1766470319.6609228,0.3877982999548636,0.3252645715718122,0.99,0,False,,,,
1766470319.837364,0.3877982999548636,0.3252645715718122,0.99,0,False,,,,
1766470319.8418932,0.3877982999548636,0.3252645715718122,0.99,0,False,,,,
1766470319.84463,0.6391953011546111,0.5946955844876725,0.0,0,False,,,,
1766470319.849715,0.6391953011546111,0.5946955844876725,0.0,0,False,,,,
1766470319.856019,0.4690632392833017,0.3894205687150559,0.6,1,False,,,,
1766470320.135218,0.4690632392833017,0.3894205687150559,0.6,1,False,,,,
1766470320.139787,0.4690632392833017,0.3894205687150559,0.6,1,False,,,,
1766470320.142688,0.4690632392833017,0.3894205687150559,0.6,1,False,,,,
1766470320.14625,0.41704972116138517,-0.036131864540791536,0.8413062077274216,1,False,,,,
1766470320.1499221,0.5652317291350553,0.39925966484534525,0.995,0,False,,,,
1766470320.318961,0.5652317291350553,0.39925966484534525,0.995,0,False,,,,
1766470320.324079,0.5652317291350553,0.39925966484534525,0.995,0,False,,,,
1766470320.3272462,0.5652317291350553,0.39925966484534525,0.995,0,False,,,,
1766470320.329716,0.5652317291350553,0.39925966484534525,0.995,0,False,,,,
1766470320.331709,0.6391953011546111,0.5946955844876725,0.0,1,False,,,,
1766470320.651235,0.4938128994216552,0.4115748197301339,1.0,1,False,,,,
1766470320.656158,0.4938128994216552,0.4115748197301339,1.0,1,False,,,,
1766470320.660557,0.4938128994216552,0.4115748197301339,1.0,1,False,,,,
1766470320.6631281,0.4938128994216552,0.4115748197301339,1.0,1,False,,,,
1766470320.6656861,0.525677563725915,0.3808991758938902,1.0,1,False,,,,
1766470321.775852,0.525677563725915,0.3808991758938902,1.0,1,False,,,,
1766470321.780088,0.525677563725915,0.3808991758938902,1.0,1,False,,,,
1766470321.7841191,0.525677563725915,0.3808991758938902,1.0,1,False,,,,
1766470321.7866502,0.525677563725915,0.3808991758938902,1.0,1,False,,,,
1766470321.789471,0.6391489637666797,0.5944028343773123,0.0,0,False,,,,
1766470321.9578612,0.6391489637666797,0.5944028343773123,0.0,0,False,,,,
1766470321.962534,0.6391489637666797,0.5944028343773123,0.0,0,False,,,,
1766470321.966909,0.6391489637666797,0.5944028343773123,0.0,0,False,,,,
1766470321.9691892,0.6391489637666797,0.5944028343773123,0.0,0,False,,,,
1766470321.971049,0.11639560968898381,0.663118912626023,0.8947078287601471,1,False,,,,
1766470322.210837,0.6391489637666797,0.5944028343773123,0.0,1,False,,,,
1766470322.216831,0.6391489637666797,0.5944028343773123,0.0,1,False,,,,
1766470322.2213252,0.6391489637666797,0.5944028343773123,0.0,1,False,,,,
1766470322.2240698,0.6391489637666797,0.5944028343773123,0.0,1,False,,,,
1766470322.226295,0.501811092811188,0.3548689307788956,1.0,1,False,,,,
1766470322.433054,0.501811092811188,0.3548689307788956,1.0,1,False,,,,
1766470322.437251,0.501811092811188,0.3548689307788956,1.0,1,False,,,,
1766470322.439847,0.6394012435203592,0.5960586990594969,0.0,1,False,,,,
1766470322.44305,0.6394012435203592,0.5960586990594969,0.0,1,False,,,,
1766470322.447395,0.491001824543845,0.35526795941760936,1.0,0,False,,,,
1766470322.638344,0.491001824543845,0.35526795941760936,1.0,0,False,,,,
1766470322.6428318,0.491001824543845,0.35526795941760936,1.0,0,False,,,,
1766470322.646365,0.49642584787736627,0.351667442470438,1.0,0,False,,,,
1766470322.650103,0.49642584787736627,0.351667442470438,1.0,0,False,,,,
1766470322.654678,0.507623186306932,0.3509676619785447,1.0,0,False,,,,
1766470322.8164291,0.507623186306932,0.3509676619785447,1.0,0,False,,,,
1766470322.820532,0.507623186306932,0.3509676619785447,1.0,0,False,,,,
1766470322.823366,0.507623186306932,0.3509676619785447,1.0,0,False,,,,
1766470322.8260312,0.507623186306932,0.3509676619785447,1.0,0,False,,,,
1766470322.8286479,0.6394012435203592,0.5960586990594969,0.0,1,False,,,,
1766470323.050173,0.6394012435203592,0.5960586990594969,0.0,1,False,,,,
1766470323.054553,0.6394012435203592,0.5960586990594969,0.0,1,False,,,,
1766470323.057379,0.6394012435203592,0.5960586990594969,0.0,1,False,,,,
1766470323.059398,0.6394012435203592,0.5960586990594969,0.0,1,False,,,,
1766470323.062013,0.6394012435203592,0.5960586990594969,0.0,1,False,,,,
1766470323.2838988,0.4872710229713653,0.3537981152704468,1.0,1,False,,,,
1766470323.28812,0.4872710229713653,0.3537981152704468,1.0,1,False,,,,
1766470323.292544,0.4872710229713653,0.3537981152704468,1.0,1,False,,,,
1766470323.295404,0.4872710229713653,0.3537981152704468,1.0,1,False,,,,
1766470323.297816,0.460431035980824,0.18525227203568662,0.9870103475619282,0,False,,,,
1766470323.470334,0.460431035980824,0.18525227203568662,0.9870103475619282,0,False,,,,
1766470323.474606,0.460431035980824,0.18525227203568662,0.9870103475619282,0,False,,,,
1766470323.4770691,0.460431035980824,0.18525227203568662,0.9870103475619282,0,False,,,,
1766470323.481625,0.48851937916861116,0.1726709383319327,0.8828786574532066,0,False,,,,
1766470323.4860249,0.4968731111883621,0.3580277319515971,1.0,2,False,,,,
1766470323.807424,0.639384734915377,0.5958690419694702,0.0,2,False,,,,
1766470323.812165,0.639384734915377,0.5958690419694702,0.0,2,False,,,,
1766470323.815616,0.639384734915377,0.5958690419694702,0.0,2,False,,,,
1766470323.818452,0.4927738092586561,0.35159978023786187,1.0,2,False,,,,
1766470323.8209028,0.4784481032100613,0.34874563210102294,1.0,0,False,,,,
1766470324.004268,0.639384734915377,0.5958690419694702,0.0,0,False,,,,
1766470324.0088341,0.639384734915377,0.5958690419694702,0.0,0,False,,,,
1766470324.012942,0.639384734915377,0.5958690419694702,0.0,0,False,,,,
1766470324.0154822,0.639384734915377,0.5958690419694702,0.0,0,False,,,,
1766470324.017907,0.7011711778964993,1.3341089469708578,0.8942268333336969,2,False,,,,
1766470324.272885,0.639384734915377,0.5958690419694702,0.0,2,False,,,,
1766470324.277519,0.639384734915377,0.5958690419694702,0.0,2,False,,,,
1766470324.2799628,0.639384734915377,0.5958690419694702,0.0,2,False,,,,
1766470324.2825658,0.639384734915377,0.5958690419694702,0.0,2,False,,,,
1766470324.285577,0.6397336212799943,0.5984828019606152,0.0,1,False,,,,
1766470324.519189,0.6397336212799943,0.5984828019606152,0.0,1,False,,,,
1766470324.52385,0.6397336212799943,0.5984828019606152,0.0,1,False,,,,
1766470324.526324,0.6397336212799943,0.5984828019606152,0.0,1,False,,,,
1766470324.5303192,0.6397336212799943,0.5984828019606152,0.0,1,False,,,,
1766470324.533092,0.4821470764579967,0.38192570864745756,1.0,1,False,,,,
1766470324.774086,0.4820455701128871,0.37875577685805994,1.0,1,False,,,,
1766470324.779061,0.4820455701128871,0.37875577685805994,1.0,1,False,,,,
1766470324.783946,0.4820455701128871,0.37875577685805994,1.0,1,False,,,,
1766470324.786182,0.4820455701128871,0.37875577685805994,1.0,1,False,,,,
1766470324.788536,0.537602988357907,0.0635801003733657,0.8603863155986176,1,False,,,,
1766470325.18244,0.537602988357907,0.0635801003733657,0.8603863155986176,1,False,,,,
1766470325.188001,0.5379999699059905,0.06325623805709824,0.8603863155986176,1,False,,,,
1766470325.191185,0.6397336212799943,0.5984828019606152,0.0,1,False,,,,
1766470325.194428,0.6397336212799943,0.5984828019606152,0.0,1,False,,,,
1766470325.199141,0.48692344890645056,0.3673267506830742,1.0,1,False,,,,
1766470325.435413,0.48692344890645056,0.3673267506830742,1.0,1,False,,,,
1766470325.4395132,0.48692344890645056,0.3673267506830742,1.0,1,False,,,,
1766470325.442894,0.4854631077736234,0.3587455924849823,0.9864320755004883,1,False,,,,
1766470325.445285,0.4854631077736234,0.3587455924849823,0.9864320755004883,1,False,,,,
1766470325.4491851,0.4935971757638472,0.3589573225456184,1.0,2,False,,,,
1766470325.697821,0.4935971757638472,0.3589573225456184,1.0,2,False,,,,
1766470325.702802,0.4935971757638472,0.3589573225456184,1.0,2,False,,,,
1766470325.7053509,0.4935971757638472,0.3589573225456184,1.0,2,False,,,,
1766470325.707631,0.4935971757638472,0.3589573225456184,1.0,2,False,,,,
1766470325.710641,0.4782218128528542,0.3503973924730581,0.9993260502815247,1,False,,,,
1766470325.961178,0.6397336212799943,0.5984828019606152,0.0,1,False,,,,
1766470325.965992,0.6397336212799943,0.5984828019606152,0.0,1,False,,,,
1766470325.9717062,0.6397336212799943,0.5984828019606152,0.0,1,False,,,,
1766470325.974565,0.6397336212799943,0.5984828019606152,0.0,1,False,,,,
1766470325.9774048,0.6397336212799943,0.5984828019606152,0.0,1,False,,,,
1766470326.1955829,0.6397336212799943,0.5984828019606152,0.0,1,False,,,,
1766470326.201025,0.503755637173566,0.35338791975161654,1.0,1,False,,,,
1766470326.20608,0.503755637173566,0.35338791975161654,1.0,1,False,,,,
1766470326.2087219,0.503755637173566,0.35338791975161654,1.0,1,False,,,,
1766470326.211664,0.6397337331747929,0.5984831426539816,0.0,0,False,,,,
1766470326.389515,0.6397337331747929,0.5984831426539816,0.0,0,False,,,,
1766470326.393684,0.6397337331747929,0.5984831426539816,0.0,0,False,,,,
1766470326.39648,0.4613118541500406,0.3510364517119706,1.0,0,False,,,,
1766470326.399057,0.4613118541500406,0.3510364517119706,1.0,0,False,,,,
1766470326.4015691,0.49861731361468287,0.3667150913746213,1.0,2,False,,,,
1766470327.024352,0.49861731361468287,0.3667150913746213,1.0,2,False,,,,
1766470327.028781,0.49861731361468287,0.3667150913746213,1.0,2,False,,,,
1766470327.03126,0.49861731361468287,0.3667150913746213,1.0,2,False,,,,
1766470327.036073,0.6397337331747929,0.5984831426539816,0.0,2,False,,,,
1766470327.038503,0.5501587291222326,0.9020129421297512,0.99,0,False,,,,
1766470327.754421,0.4694289941806199,0.8756004855226303,0.8972005248069763,0,False,,,,
1766470327.7593331,0.4694289941806199,0.8756004855226303,0.8972005248069763,0,False,,,,
1766470327.7632482,0.4694289941806199,0.8756004855226303,0.8972005248069763,0,False,,,,
1766470327.7659378,0.4694289941806199,0.8756004855226303,0.8972005248069763,0,False,,,,
1766470327.768817,0.6397337331747929,0.5984831426539816,0.0,0,False,,,,
1766470328.109196,0.6397337331747929,0.5984831426539816,0.0,0,False,,,,
1766470328.113596,0.6397337331747929,0.5984831426539816,0.0,0,False,,,,
1766470328.117683,0.6397337331747929,0.5984831426539816,0.0,0,False,,,,
1766470328.120353,0.6397337331747929,0.5984831426539816,0.0,0,False,,,,
1766470328.124044,0.6000349342444933,0.6062685145541559,0.8630479630622271,0,False,,,,
1766470328.328769,0.6397337331747929,0.5984831426539816,0.0,0,False,,,,
1766470328.333687,0.6397337331747929,0.5984831426539816,0.0,0,False,,,,
1766470328.338324,0.6397337331747929,0.5984831426539816,0.0,0,False,,,,
1766470328.341543,0.6397337331747929,0.5984831426539816,0.0,0,False,,,,
1766470328.344168,0.26384222917834105,1.035182762192145,0.884213244752367,0,False,,,,
1766470328.517421,0.26384222917834105,1.035182762192145,0.884213244752367,0,False,,,,
1766470328.521985,0.26384222917834105,1.035182762192145,0.884213244752367,0,False,,,,
1766470328.525013,0.5186557141439174,0.7613917765380122,0.8588440269297549,0,False,,,,
1766470328.528148,0.5186557141439174,0.7613917765380122,0.8588440269297549,0,False,,,,
1766470328.5303192,0.5446546830676804,0.6836818449837272,1.0,0,False,,,,
1766470328.71209,0.4291258529640059,0.7420103979332964,0.8609897910570434,0,False,,,,
1766470328.716737,0.4291258529640059,0.7420103979332964,0.8609897910570434,0,False,,,,
1766470328.721096,0.4291258529640059,0.7420103979332964,0.8609897910570434,0,False,,,,
1766470328.7234318,0.4291258529640059,0.7420103979332964,0.8609897910570434,0,False,,,,
1766470328.7265952,0.6397337331747929,0.5984831426539816,0.0,0,False,,,,
1766470328.873321,0.6397337331747929,0.5984831426539816,0.0,0,False,,,,
1766470328.878454,0.4788065725287173,0.6798157515870733,0.9567805528640747,0,False,,,,
1766470328.8811169,0.4788065725287173,0.6798157515870733,0.9567805528640747,0,False,,,,
1766470328.8853,0.4788065725287173,0.6798157515870733,0.9567805528640747,0,False,,,,
1766470328.887842,0.6076905750293634,0.5577859601382434,1.0,0,False,,,,
1766470329.053109,0.6076905750293634,0.5577859601382434,1.0,0,False,,,,
1766470329.057027,0.6076905750293634,0.5577859601382434,1.0,0,False,,,,
1766470329.06048,0.6120002322841126,0.5620953115784835,1.0,0,False,,,,
1766470329.0629911,0.6138761952127113,0.5608496512761417,1.0,0,False,,,,
1766470329.067173,0.6397337331747929,0.5984831426539816,0.0,0,False,,,,
1766470329.22756,0.6397337331747929,0.5984831426539816,0.0,0,False,,,,
1766470329.232057,0.6397337331747929,0.5984831426539816,0.0,0,False,,,,
1766470329.2367098,0.6397337331747929,0.5984831426539816,0.0,0,False,,,,
1766470329.23911,0.6397337331747929,0.5984831426539816,0.0,0,False,,,,
1766470329.241326,0.6444184256808181,0.9032397037211638,0.8956508040428162,0,False,,,,
1766470329.4318888,0.5218914163111124,1.3847408612623164,0.7785474659622965,0,False,,,,
1766470329.4367082,0.5218914163111124,1.3847408612623164,0.7785474659622965,0,False,,,,
1766470329.440759,0.5218914163111124,1.3847408612623164,0.7785474659622965,0,False,,,,
1766470329.443213,0.5218914163111124,1.3847408612623164,0.7785474659622965,0,False,,,,
1766470329.4457211,0.6397968528812239,0.5991402050988056,0.0,0,False,,,,
1766470329.617355,0.6397968528812239,0.5991402050988056,0.0,0,False,,,,
1766470329.621599,0.6397968528812239,0.5991402050988056,0.0,0,False,,,,
1766470329.624039,0.6397968528812239,0.5991402050988056,0.0,0,False,,,,
1766470329.62593,0.6397968528812239,0.5991402050988056,0.0,0,False,,,,
1766470329.6280682,0.6439221046880691,0.9042983322123074,0.8981438875198364,0,False,,,,
1766470329.811921,0.7882260622933481,1.3114540666429801,0.8121243105017993,0,False,,,,
1766470329.817448,0.7879322505210826,1.3132083464505449,0.820434986122832,0,False,,,,
1766470329.822783,0.7879322505210826,1.3132083464505449,0.820434986122832,0,False,,,,
1766470329.825474,0.7879322505210826,1.3132083464505449,0.820434986122832,0,False,,,,
1766470329.827908,0.6897151229165612,0.7678117177601053,0.8693523400421831,1,False,,,,
1766470330.0839,0.6569839978496417,0.8514462161257569,0.8999083301665477,1,False,,,,
1766470330.08927,0.6569839978496417,0.8514462161257569,0.8999083301665477,1,False,,,,
1766470330.093666,0.6569839978496417,0.8514462161257569,0.8999083301665477,1,False,,,,
1766470330.097665,0.6569839978496417,0.8514462161257569,0.8999083301665477,1,False,,,,
1766470330.100491,0.5784261377819798,0.7997728329691315,0.9921846985816956,1,False,,,,
1766470330.322793,0.5784261377819798,0.7997728329691315,0.9921846985816956,1,False,,,,
1766470330.3283598,0.5784261377819798,0.7997728329691315,0.9921846985816956,1,False,,,,
1766470330.331039,0.5784261377819798,0.7997728329691315,0.9921846985816956,1,False,,,,
1766470330.333809,0.5014048538150055,0.9905572163377059,0.9388960990584001,1,False,,,,
1766470330.336478,0.6105532047065804,0.7724347120602904,0.9704408645629883,1,False,,,,
1766470330.910944,0.6105532047065804,0.7724347120602904,0.9704408645629883,1,False,,,,
1766470330.916666,0.6105532047065804,0.7724347120602904,0.9704408645629883,1,False,,,,
1766470330.919318,0.6105532047065804,0.7724347120602904,0.9704408645629883,1,False,,,,
1766470330.9222069,0.454846065362592,1.3188617765768658,0.8982834617052682,1,False,,,,
1766470330.925128,0.7252260091120315,0.8239871059309786,0.24459882672159095,1,False,,,,
1766470331.192735,0.6283300292562513,0.8402283600649838,0.2720689493715016,1,False,,,,
1766470331.1972349,0.6283300292562513,0.8402283600649838,0.2720689493715016,1,False,,,,
1766470331.200326,0.6283300292562513,0.8402283600649838,0.2720689493715016,1,False,,,,
1766470331.2025669,0.6283300292562513,0.8402283600649838,0.2720689493715016,1,False,,,,
1766470331.205247,0.6397968528812239,0.5991402050988056,0.0,0,False,,,,
1766470331.360859,0.6397968528812239,0.5991402050988056,0.0,0,False,,,,
1766470331.365619,0.6397968528812239,0.5991402050988056,0.0,0,False,,,,
1766470331.3699908,0.6397968528812239,0.5991402050988056,0.0,0,False,,,,
1766470331.3728151,0.6397968528812239,0.5991402050988056,0.0,0,False,,,,
1766470331.376158,0.6397968528812239,0.5991402050988056,0.0,1,False,,,,
1766470331.625503,0.557826322079565,0.6892507368684672,0.99,1,False,,,,
1766470331.63041,0.557826322079565,0.6892507368684672,0.99,1,False,,,,
1766470331.6347399,0.557826322079565,0.6892507368684672,0.99,1,False,,,,
1766470331.637435,0.557826322079565,0.6892507368684672,0.99,1,False,,,,
1766470331.639746,0.5597273251858292,0.7344993925424939,1.0,2,False,,,,
1766470332.0130932,0.5597273251858292,0.7344993925424939,1.0,2,False,,,,
1766470332.017995,0.5597273251858292,0.7344993925424939,1.0,2,False,,,,
1766470332.021159,0.5597273251858292,0.7344993925424939,1.0,2,False,,,,
1766470332.023493,0.5597273251858292,0.7344993925424939,1.0,2,False,,,,
1766470332.026138,0.6398947159204476,0.5999594538703511,0.0,1,False,,,,
1766470332.330644,0.6398947159204476,0.5999594538703511,0.0,1,False,,,,
1766470332.3353448,0.6398947159204476,0.5999594538703511,0.0,1,False,,,,
1766470332.340103,0.6398947159204476,0.5999594538703511,0.0,1,False,,,,
1766470332.3428538,0.6398947159204476,0.5999594538703511,0.0,1,False,,,,
1766470332.347232,0.5592293175926872,0.7696475410938673,1.0,1,False,,,,
1766470332.5994298,0.5528130610128651,0.7638991661860353,1.0,1,False,,,,
1766470332.604409,0.5528130610128651,0.7638991661860353,1.0,1,False,,,,
1766470332.608656,0.5528130610128651,0.7638991661860353,1.0,1,False,,,,
1766470332.6123142,0.4886346377929683,0.7374854401003039,0.99,1,False,,,,
1766470332.614924,0.6398947159204476,0.5999594538703511,0.0,2,False,,,,
1766470333.0776289,0.6398947159204476,0.5999594538703511,0.0,2,False,,,,
1766470333.082569,0.6398947159204476,0.5999594538703511,0.0,2,False,,,,
1766470333.085536,0.6398947159204476,0.5999594538703511,0.0,2,False,,,,
1766470333.089644,0.6398947159204476,0.5999594538703511,0.0,2,False,,,,
1766470333.092025,0.4949641339243698,0.4044259048739056,1.0,1,False,,,,
1766470333.401983,0.49253649452425863,0.40239745953951545,1.0,1,False,,,,
1766470333.4062269,0.49253649452425863,0.40239745953951545,1.0,1,False,,,,
1766470333.4108338,0.49253649452425863,0.40239745953951545,1.0,1,False,,,,
1766470333.413375,0.49253649452425863,0.40239745953951545,1.0,1,False,,,,
1766470333.4158962,0.6398771536994785,0.5998052685474708,0.0,1,False,,,,
1766470333.69562,0.6398771536994785,0.5998052685474708,0.0,1,False,,,,
1766470333.699991,0.6398771536994785,0.5998052685474708,0.0,1,False,,,,
1766470333.702524,0.6398771536994785,0.5998052685474708,0.0,1,False,,,,
1766470333.704962,0.6398771536994785,0.5998052685474708,0.0,1,False,,,,
1766470333.7090828,0.5011678521086921,0.38711187249997814,1.0,0,False,,,,
1766470334.063058,0.5011678521086921,0.38711187249997814,1.0,0,False,,,,
1766470334.0670989,0.5011678521086921,0.38711187249997814,1.0,0,False,,,,
1766470334.070323,0.4865565007323232,0.4399627108267451,0.8953644654186087,0,False,,,,
1766470334.0755048,0.4865565007323232,0.4399627108267451,0.8953644654186087,0,False,,,,
1766470334.080578,0.49710131320382595,0.39088118768597546,1.0,0,False,,,,
1766470334.409878,0.49710131320382595,0.39088118768597546,1.0,0,False,,,,
1766470334.414185,0.49710131320382595,0.39088118768597546,1.0,0,False,,,,
1766470334.41672,0.49710131320382595,0.39088118768597546,1.0,0,False,,,,
1766470334.419381,0.49710131320382595,0.39088118768597546,1.0,0,False,,,,
1766470334.421653,0.6398771536994785,0.5998052685474708,0.0,1,False,,,,
1766470334.7703922,0.6398771536994785,0.5998052685474708,0.0,1,False,,,,
1766470334.7749162,0.4917826454872576,0.3893597859711324,1.0,1,False,,,,
1766470334.777602,0.4917826454872576,0.3893597859711324,1.0,1,False,,,,
1766470334.782186,0.4917826454872576,0.3893597859711324,1.0,1,False,,,,
1766470334.784891,0.4018304989760269,0.4670105687686755,0.8643244322074012,1,False,,,,
1766470334.9986,0.3985501585402552,0.46329832821732175,0.8643244322074012,1,False,,,,
1766470335.003018,0.3985501585402552,0.46329832821732175,0.8643244322074012,1,False,,,,
1766470335.005748,0.3985501585402552,0.46329832821732175,0.8643244322074012,1,False,,,,
1766470335.0090592,0.6398771536994785,0.5998052685474708,0.0,1,False,,,,
1766470335.01136,0.3337387428690756,0.4894442075659068,0.8918883836455345,1,False,,,,
1766470335.306772,0.3337387428690756,0.4894442075659068,0.8918883836455345,1,False,,,,
1766470335.3125062,0.6398412738313946,0.5996690568520737,0.0,1,False,,,,
1766470335.3154402,0.6398412738313946,0.5996690568520737,0.0,1,False,,,,
1766470335.3201349,0.6398412738313946,0.5996690568520737,0.0,1,False,,,,
1766470335.3225741,0.5210718715159262,0.37682729385997205,1.0,1,False,,,,
1766470335.539387,0.5210718715159262,0.37682729385997205,1.0,1,False,,,,
1766470335.5436292,0.5197279261568648,0.3762709917623944,1.0,1,False,,,,
1766470335.548413,0.3778460677848616,0.45978146036395895,0.9336739190516326,1,False,,,,
1766470335.551279,0.3778460677848616,0.45978146036395895,0.9336739190516326,1,False,,,,
1766470335.556584,0.3330943811646304,0.5204424873666889,0.9159102256187024,1,False,,,,
1766470335.76541,0.3330943811646304,0.5204424873666889,0.9159102256187024,1,False,,,,
1766470335.770304,0.3330943811646304,0.5204424873666889,0.9159102256187024,1,False,,,,
1766470335.774691,0.3330943811646304,0.5204424873666889,0.9159102256187024,1,False,,,,
1766470335.7773492,0.3330943811646304,0.5204424873666889,0.9159102256187024,1,False,,,,
1766470335.780426,0.4825230580191537,0.3927637973843445,1.0,1,False,,,,
1766470336.006397,0.4825230580191537,0.3927637973843445,1.0,1,False,,,,
1766470336.01113,0.4825230580191537,0.3927637973843445,1.0,1,False,,,,
1766470336.014343,0.6398412738313946,0.5996690568520737,0.0,1,False,,,,
1766470336.016952,0.6398412738313946,0.5996690568520737,0.0,1,False,,,,
1766470336.020878,0.6398412738313946,0.5996690568520737,0.0,1,False,,,,
1766470336.2431092,0.6398412738313946,0.5996690568520737,0.0,1,False,,,,
1766470336.2476952,0.4808457813259627,0.39719302573874593,1.0,1,False,,,,
1766470336.250245,0.6398735822095939,0.5998132991429246,0.0,1,False,,,,
1766470336.252799,0.6398735822095939,0.5998132991429246,0.0,1,False,,,,
1766470336.257138,0.5812482103800407,0.27506410517742275,0.9216727794966983,2,False,,,,
1766470336.527452,0.5812482103800407,0.27506410517742275,0.9216727794966983,2,False,,,,
1766470336.532112,0.6398735822095939,0.5998132991429246,0.0,2,False,,,,
1766470336.5347352,0.6398735822095939,0.5998132991429246,0.0,2,False,,,,
1766470336.5373561,0.6398735822095939,0.5998132991429246,0.0,2,False,,,,
1766470336.541646,0.6398735822095939,0.5998132991429246,0.0,2,False,,,,
1766470336.828182,0.6398735822095939,0.5998132991429246,0.0,2,False,,,,
1766470336.833024,0.6398735822095939,0.5998132991429246,0.0,2,False,,,,
1766470336.835713,0.6398735822095939,0.5998132991429246,0.0,2,False,,,,
1766470336.838374,0.6398735822095939,0.5998132991429246,0.0,2,False,,,,
1766470336.843151,0.6398735822095939,0.5998132991429246,0.0,0,False,,,,
1766470337.032108,0.6398735822095939,0.5998132991429246,0.0,0,False,,,,
1766470337.0366058,0.4853271520329298,0.3916785249817213,1.0,0,False,,,,
1766470337.03983,0.4853271520329298,0.3916785249817213,1.0,0,False,,,,
1766470337.043348,0.4853271520329298,0.3916785249817213,1.0,0,False,,,,
1766470337.0475001,0.4769087924491022,0.5681119580466478,0.99,1,False,,,,
1766470337.267532,0.4852172542109896,0.699711556970769,0.99,1,False,,,,
1766470337.2726998,0.49789572063111587,0.7483106326393592,1.0,1,False,,,,
1766470337.2777112,0.49789572063111587,0.7483106326393592,1.0,1,False,,,,
1766470337.2821,0.49789572063111587,0.7483106326393592,1.0,1,False,,,,
1766470337.284906,0.6398735822095939,0.5998132991429246,0.0,0,False,,,,
1766470337.4702542,0.6398735822095939,0.5998132991429246,0.0,0,False,,,,
1766470337.4753358,0.48970875901530997,0.7561537528601288,0.9915945529937744,0,False,,,,
1766470337.478188,0.48970875901530997,0.7561537528601288,0.9915945529937744,0,False,,,,
1766470337.483349,0.48970875901530997,0.7561537528601288,0.9915945529937744,0,False,,,,
1766470337.485902,0.608092807849884,0.6341287800817461,1.0,0,False,,,,
1766470337.6441321,0.6087312020196155,0.6328942070383677,1.0,0,False,,,,
1766470337.648719,0.6087312020196155,0.6328942070383677,1.0,0,False,,,,
1766470337.6529868,0.6087312020196155,0.6328942070383677,1.0,0,False,,,,
1766470337.655502,0.6069321247379,0.6313541081427096,1.0,0,False,,,,
1766470337.6580539,0.6398735822095939,0.5998132991429246,0.0,0,False,,,,
1766470337.8475142,0.6398735822095939,0.5998132991429246,0.0,0,False,,,,
1766470337.8518221,0.6398735822095939,0.5998132991429246,0.0,0,False,,,,
1766470337.8544772,0.6398735822095939,0.5998132991429246,0.0,0,False,,,,
1766470337.857441,0.6398735822095939,0.5998132991429246,0.0,0,False,,,,
1766470337.859809,0.5522218698472058,0.5739933819756,1.0,2,False,,,,
1766470338.105533,0.5522218698472058,0.5739933819756,1.0,2,False,,,,
1766470338.109754,0.5526810996337199,0.5729034085952809,1.0,2,False,,,,
1766470338.112486,0.5526810996337199,0.5729034085952809,1.0,2,False,,,,
1766470338.116189,0.5526810996337199,0.5729034085952809,1.0,2,False,,,,
1766470338.1187,0.45821603785601817,0.571946418541197,1.0,1,False,,,,
1766470338.3952808,0.4371579338507991,0.6769012386889095,0.8520806237737707,1,False,,,,
1766470338.400053,0.4371579338507991,0.6769012386889095,0.8520806237737707,1,False,,,,
1766470338.404823,0.4371579338507991,0.6769012386889095,0.8520806237737707,1,False,,,,
1766470338.4070668,0.4371579338507991,0.6769012386889095,0.8520806237737707,1,False,,,,
1766470338.410155,0.5111796513138508,0.9904408962464171,0.8744326756094019,2,False,,,,
1766470338.685301,0.5111796513138508,0.9904408962464171,0.8744326756094019,2,False,,,,
1766470338.690027,0.5111796513138508,0.9904408962464171,0.8744326756094019,2,False,,,,
1766470338.694079,0.6396105451527935,0.5982970583445822,0.0,2,False,,,,
1766470338.69741,0.6396105451527935,0.5982970583445822,0.0,2,False,,,,
1766470338.70085,0.4897229667733006,0.3718974723067283,1.0,1,False,,,,
1766470339.077823,0.4897229667733006,0.3718974723067283,1.0,1,False,,,,
1766470339.082881,0.6396105451527935,0.5982970583445822,0.0,1,False,,,,
1766470339.0854678,0.6396105451527935,0.5982970583445822,0.0,1,False,,,,
1766470339.0892348,0.6396105451527935,0.5982970583445822,0.0,1,False,,,,
1766470339.0936162,0.5617382263475218,0.2356205268493674,0.5611218482031483,1,False,,,,
1766470339.374034,0.5617382263475218,0.2356205268493674,0.5611218482031483,1,False,,,,
1766470339.378517,0.5617382263475218,0.2356205268493674,0.5611218482031483,1,False,,,,
1766470339.3817441,0.48658914198264525,0.37044680358900595,1.0,1,False,,,,
1766470339.384215,0.48658914198264525,0.37044680358900595,1.0,1,False,,,,
1766470339.3882408,0.5620545354117499,0.2420140616114409,0.5917306058417536,0,False,,,,
1766470339.587126,0.5620545354117499,0.2420140616114409,0.5917306058417536,0,False,,,,
1766470339.591842,0.5620545354117499,0.2420140616114409,0.5917306058417536,0,False,,,,
1766470339.594639,0.5620545354117499,0.2420140616114409,0.5917306058417536,0,False,,,,
1766470339.597006,0.5620545354117499,0.2420140616114409,0.5917306058417536,0,False,,,,
1766470339.599957,0.56962612674614,0.2926505923091999,0.47943409237329704,1,False,,,,
1766470339.8201962,0.56962612674614,0.2926505923091999,0.47943409237329704,1,False,,,,
1766470339.824744,0.56962612674614,0.2926505923091999,0.47943409237329704,1,False,,,,
1766470339.826976,0.56962612674614,0.2926505923091999,0.47943409237329704,1,False,,,,
1766470339.829356,0.56962612674614,0.2926505923091999,0.47943409237329704,1,False,,,,
1766470339.831779,0.5523292322973228,0.724500998609087,1.0,0,False,,,,
1766470340.0053911,0.5523292322973228,0.724500998609087,1.0,0,False,,,,
1766470340.009834,0.5523292322973228,0.724500998609087,1.0,0,False,,,,
1766470340.01289,0.5523292322973228,0.724500998609087,1.0,0,False,,,,
1766470340.015195,0.5523292322973228,0.724500998609087,1.0,0,False,,,,
1766470340.018167,0.5615731562682459,0.7382508245052007,0.9931192994117737,0,False,,,,
1766470340.182135,0.5615731562682459,0.7382508245052007,0.9931192994117737,0,False,,,,
1766470340.187068,0.5608010473873966,0.7382203248235516,1.0,0,False,,,,
1766470340.189537,0.5608010473873966,0.7382203248235516,1.0,0,False,,,,
1766470340.193554,0.5608010473873966,0.7382203248235516,1.0,0,False,,,,
1766470340.196173,0.4416354005778943,0.682476041586108,0.8490844186958355,2,False,,,,
1766470340.4447029,0.4416354005778943,0.682476041586108,0.8490844186958355,2,False,,,,
1766470340.448971,0.4416354005778943,0.682476041586108,0.8490844186958355,2,False,,,,
1766470340.451981,0.5723701860593733,0.3032491513576169,0.4325276980703246,2,False,,,,
1766470340.454458,0.5723701860593733,0.3032491513576169,0.4325276980703246,2,False,,,,
1766470340.457398,0.5702600894361121,0.3018690190840917,0.5922416018664888,2,False,,,,
1766470340.9135182,0.5702600894361121,0.3018690190840917,0.5922416018664888,2,False,,,,
1766470340.917991,0.5702600894361121,0.3018690190840917,0.5922416018664888,2,False,,,,
1766470340.9207559,0.5702600894361121,0.3018690190840917,0.5922416018664888,2,False,,,,
1766470340.9228969,0.5702600894361121,0.3018690190840917,0.5922416018664888,2,False,,,,
1766470340.9256299,0.5449746051908712,0.5059887496556481,0.850442663920411,1,False,,,,
1766470341.1547399,0.5449746051908712,0.5059887496556481,0.850442663920411,1,False,,,,
1766470341.159362,0.49715545588298726,0.6208917789659518,0.99,1,False,,,,
1766470341.162198,0.49715545588298726,0.6208917789659518,0.99,1,False,,,,
1766470341.1667452,0.49715545588298726,0.6208917789659518,0.99,1,False,,,,
1766470341.169492,0.4488671958219844,0.598025553373087,0.9895243644714355,1,False,,,,
1766470341.446534,0.45003990207681027,0.5975059410537481,1.0,1,False,,,,
1766470341.4517791,0.45003990207681027,0.5975059410537481,1.0,1,False,,,,
1766470341.4548008,0.45003990207681027,0.5975059410537481,1.0,1,False,,,,
1766470341.457174,0.45003990207681027,0.5975059410537481,1.0,1,False,,,,
1766470341.459439,0.5843929655596831,0.66596797009809,0.99,1,False,,,,
1766470341.680614,0.570344158214518,0.30022722370093535,0.5113843578701608,1,False,,,,
1766470341.6859362,0.570344158214518,0.30022722370093535,0.5113843578701608,1,False,,,,
1766470341.6897972,0.570344158214518,0.30022722370093535,0.5113843578701608,1,False,,,,
1766470341.6929972,0.5693690021415956,0.3061613054563972,0.4879296060724858,1,False,,,,
1766470341.695932,0.5710390602663893,0.3032487645029439,0.5595229917572536,0,False,,,,
1766470341.850283,0.5710390602663893,0.3032487645029439,0.5595229917572536,0,False,,,,
1766470341.856344,0.5710390602663893,0.3032487645029439,0.5595229917572536,0,False,,,,
1766470341.85886,0.5710390602663893,0.3032487645029439,0.5595229917572536,0,False,,,,
1766470341.862273,0.615746409266834,0.6562233582495647,1.0,0,False,,,,
1766470341.864678,0.5715992294006625,0.3057250029272549,0.5142671910094319,0,False,,,,
1766470342.036762,0.5715992294006625,0.3057250029272549,0.5142671910094319,0,False,,,,
1766470342.0423172,0.5715992294006625,0.3057250029272549,0.5142671910094319,0,False,,,,
1766470342.045365,0.5090416673721212,0.2765999931085883,0.8838211806861539,0,False,,,,
1766470342.0478568,0.5090416673721212,0.2765999931085883,0.8838211806861539,0,False,,,,
1766470342.052117,0.5764219637917225,0.3193838797752988,0.32433072367677757,0,False,,,,
1766470342.2219572,0.5764219637917225,0.3193838797752988,0.32433072367677757,0,False,,,,
1766470342.228228,0.5754392349648687,0.3255421032723792,0.29791840230397093,0,False,,,,
1766470342.2309592,0.5754392349648687,0.3255421032723792,0.29791840230397093,0,False,,,,
1766470342.233823,0.5754392349648687,0.3255421032723792,0.29791840230397093,0,False,,,,
1766470342.239567,0.38176698735443826,0.27178297525201955,0.9710398316383362,0,False,,,,
1766470342.403527,0.38176698735443826,0.27178297525201955,0.9710398316383362,0,False,,,,
1766470342.4103198,0.38176698735443826,0.27178297525201955,0.9710398316383362,0,False,,,,
1766470342.413781,0.4784196562558874,0.2556079854120752,0.8540093816801853,0,False,,,,
1766470342.4180648,0.4784196562558874,0.2556079854120752,0.8540093816801853,0,False,,,,
1766470342.423648,0.578868034031357,0.32068976849117015,0.25411075349712975,0,False,,,,
1766470342.6016178,0.578868034031357,0.32068976849117015,0.25411075349712975,0,False,,,,
1766470342.607436,0.578868034031357,0.32068976849117015,0.25411075349712975,0,False,,,,
1766470342.6098611,0.578868034031357,0.32068976849117015,0.25411075349712975,0,False,,,,
1766470342.612094,0.578868034031357,0.32068976849117015,0.25411075349712975,0,False,,,,
1766470342.61434,0.3102546425701692,0.6013201212967821,0.29440063380824144,0,False,,,,
1766470342.9933708,0.3102546425701692,0.6013201212967821,0.29440063380824144,0,False,,,,
1766470343.000872,0.3095593060129979,0.6005690735468308,0.31169450773946944,0,False,,,,
1766470343.004618,0.3095593060129979,0.6005690735468308,0.31169450773946944,0,False,,,,
1766470343.0112069,0.3095593060129979,0.6005690735468308,0.31169450773946944,0,False,,,,
1766470343.014324,0.5784738994232981,0.31720749590141983,0.1071181000742173,0,False,,,,
1766470343.242474,0.5784738994232981,0.31720749590141983,0.1071181000742173,0,False,,,,
1766470343.249768,0.5784738994232981,0.31720749590141983,0.1071181000742173,0,False,,,,
1766470343.252646,0.5786053033249318,0.3178340715546908,0.1331629650339569,0,False,,,,
1766470343.257012,0.5786053033249318,0.3178340715546908,0.1331629650339569,0,False,,,,
1766470343.261885,0.6396935770742865,0.5994136631657454,0.0,1,False,,,,
1766470343.484318,0.3718550995594791,0.41704796436142755,0.7912956367702411,1,False,,,,
1766470343.490561,0.3718550995594791,0.41704796436142755,0.7912956367702411,1,False,,,,
1766470343.495826,0.3718550995594791,0.41704796436142755,0.7912956367702411,1,False,,,,
1766470343.498622,0.3718550995594791,0.41704796436142755,0.7912956367702411,1,False,,,,
1766470343.5013728,0.47186792450208576,0.49968176646932716,0.34662651178057513,0,False,,,,
1766470343.6748319,0.6396935770742865,0.5994136631657454,0.0,0,False,,,,
1766470343.680203,0.6396935770742865,0.5994136631657454,0.0,0,False,,,,
1766470343.684952,0.6396935770742865,0.5994136631657454,0.0,0,False,,,,
1766470343.688283,0.6396935770742865,0.5994136631657454,0.0,0,False,,,,
1766470343.690729,0.6396935770742865,0.5994136631657454,0.0,0,False,,,,
1766470343.8819342,0.6396935770742865,0.5994136631657454,0.0,0,False,,,,
1766470343.887174,0.6396935770742865,0.5994136631657454,0.0,0,False,,,,
1766470343.890314,0.3053473129915726,0.5556477825211239,0.29991074362582976,0,False,,,,
1766470343.893332,0.3053473129915726,0.5556477825211239,0.29991074362582976,0,False,,,,
1766470343.899103,0.6396935770742865,0.5994136631657454,0.0,0,False,,,,
1766470344.0794291,0.6396935770742865,0.5994136631657454,0.0,0,False,,,,
1766470344.0841331,0.6396935770742865,0.5994136631657454,0.0,0,False,,,,
1766470344.087113,0.6396935770742865,0.5994136631657454,0.0,0,False,,,,
1766470344.090534,0.33135343111013577,0.5754819761353427,0.25329128160540165,0,False,,,,
1766470344.092891,0.30337401438817213,0.3967451565430111,0.8727318048477173,0,False,,,,
1766470344.249255,0.30337401438817213,0.3967451565430111,0.8727318048477173,0,False,,,,
1766470344.253906,0.30337401438817213,0.3967451565430111,0.8727318048477173,0,False,,,,
1766470344.2581272,0.3256871782867288,0.44749365210857817,0.8196533918380737,0,False,,,,
1766470344.260472,0.3256871782867288,0.44749365210857817,0.8196533918380737,0,False,,,,
1766470344.264829,0.3405720756908564,0.6975314626810901,0.38226461265431455,0,False,,,,
1766470344.439028,0.3405720756908564,0.6975314626810901,0.38226461265431455,0,False,,,,
1766470344.4443798,0.6396672133800643,0.5992168702329808,0.0,0,False,,,,
1766470344.448695,0.6396672133800643,0.5992168702329808,0.0,0,False,,,,
1766470344.451336,0.6396672133800643,0.5992168702329808,0.0,0,False,,,,
1766470344.453944,0.5978004134631388,0.25131496980223056,0.8734177101962644,1,False,,,,
1766470344.673582,0.5978004134631388,0.25131496980223056,0.8734177101962644,1,False,,,,
1766470344.678771,0.6396672133800643,0.5992168702329808,0.0,1,False,,,,
1766470344.6821902,0.6396672133800643,0.5992168702329808,0.0,1,False,,,,
1766470344.686547,0.6396672133800643,0.5992168702329808,0.0,1,False,,,,
1766470344.690965,0.4887689764567839,0.33595451192073145,1.0,0,False,,,,
1766470344.849646,0.4887689764567839,0.33595451192073145,1.0,0,False,,,,
1766470344.854265,0.4887689764567839,0.33595451192073145,1.0,0,False,,,,
1766470344.8572102,0.4887689764567839,0.33595451192073145,1.0,0,False,,,,
1766470344.86092,0.5904993612764446,0.27057338269318265,0.8602760607418511,0,False,,,,
1766470344.8638248,0.4842844201382359,0.3643871441051123,1.0,0,False,,,,
1766470345.040873,0.4842844201382359,0.3643871441051123,1.0,0,False,,,,
1766470345.04598,0.5839079871437096,0.2939894840843976,0.8654497273993846,0,False,,,,
1766470345.050103,0.5839079871437096,0.2939894840843976,0.8654497273993846,0,False,,,,
1766470345.0554612,0.5839079871437096,0.2939894840843976,0.8654497273993846,0,False,,,,
1766470345.058191,0.5901296306056388,0.2535055034459528,0.8522139417414221,0,False,,,,
1766470345.233699,0.5901296306056388,0.2535055034459528,0.8522139417414221,0,False,,,,
1766470345.238753,0.5901296306056388,0.2535055034459528,0.8522139417414221,0,False,,,,
1766470345.241023,0.5901296306056388,0.2535055034459528,0.8522139417414221,0,False,,,,
1766470345.24316,0.5901296306056388,0.2535055034459528,0.8522139417414221,0,False,,,,
1766470345.24635,0.5890955833653185,0.28053913967298727,0.8510743670348853,1,False,,,,
1766470345.4725509,0.5890955833653185,0.28053913967298727,0.8510743670348853,1,False,,,,
1766470345.476964,0.5890955833653185,0.28053913967298727,0.8510743670348853,1,False,,,,
1766470345.48075,0.6396289327060068,0.5988635179709866,0.0,1,False,,,,
1766470345.484477,0.6396289327060068,0.5988635179709866,0.0,1,False,,,,
1766470345.4892359,0.5701821129990678,0.2737937598835135,0.9517665030930732,0,False,,,,
1766470345.65476,0.5701821129990678,0.2737937598835135,0.9517665030930732,0,False,,,,
1766470345.659476,0.5701821129990678,0.2737937598835135,0.9517665030930732,0,False,,,,
1766470345.661949,0.5701821129990678,0.2737937598835135,0.9517665030930732,0,False,,,,
1766470345.66799,0.6396289327060068,0.5988635179709866,0.0,0,False,,,,
1766470345.670581,0.6396289327060068,0.5988635179709866,0.0,0,False,,,,
1766470345.857126,0.6396289327060068,0.5988635179709866,0.0,0,False,,,,
1766470345.861939,0.6396289327060068,0.5988635179709866,0.0,0,False,,,,
1766470345.865083,0.48413017964696803,0.3392445376926009,1.0,0,False,,,,
1766470345.867692,0.48413017964696803,0.3392445376926009,1.0,0,False,,,,
1766470345.869824,0.4846672415341132,0.3418343593481743,0.9919823408126831,0,False,,,,
1766470346.046248,0.4846672415341132,0.3418343593481743,0.9919823408126831,0,False,,,,
1766470346.0531032,0.541930267337218,0.41323325102956476,0.9943182718753815,0,False,,,,
1766470346.05666,0.541930267337218,0.41323325102956476,0.9943182718753815,0,False,,,,
1766470346.0612779,0.541930267337218,0.41323325102956476,0.9943182718753815,0,False,,,,
1766470346.064,0.6395656363503832,0.5982912731684614,0.0,1,False,,,,
1766470346.356541,0.6395656363503832,0.5982912731684614,0.0,1,False,,,,
1766470346.361629,0.6395656363503832,0.5982912731684614,0.0,1,False,,,,
1766470346.364436,0.6395656363503832,0.5982912731684614,0.0,1,False,,,,
1766470346.3670242,0.6395656363503832,0.5982912731684614,0.0,1,False,,,,
1766470346.3693619,0.6395656363503832,0.5982912731684614,0.0,1,False,,,,
1766470346.5937889,0.6395656363503832,0.5982912731684614,0.0,1,False,,,,
1766470346.598428,0.6395656363503832,0.5982912731684614,0.0,1,False,,,,
1766470346.6010938,0.6395656363503832,0.5982912731684614,0.0,1,False,,,,
1766470346.603903,0.6395656363503832,0.5982912731684614,0.0,1,False,,,,
1766470346.606176,0.5002678928517367,0.36675321113577264,1.0,1,False,,,,
1766470347.077129,0.5002678928517367,0.36675321113577264,1.0,1,False,,,,
1766470347.08199,0.5002678928517367,0.36675321113577264,1.0,1,False,,,,
1766470347.086535,0.5002678928517367,0.36675321113577264,1.0,1,False,,,,
1766470347.088969,0.6395656363503832,0.5982912731684614,0.0,1,False,,,,
1766470347.0922701,0.317006063610096,0.5544091336703451,0.995,0,False,,,,
1766470347.333108,0.317006063610096,0.5544091336703451,0.995,0,False,,,,
1766470347.337892,0.317006063610096,0.5544091336703451,0.995,0,False,,,,
1766470347.341177,0.3565683762698667,0.5998411688663895,0.88153250866371,0,False,,,,
1766470347.3438458,0.3565683762698667,0.5998411688663895,0.88153250866371,0,False,,,,
1766470347.34623,0.3177985871877498,0.6381073767641177,0.9094247717369516,2,False,,,,
1766470347.696048,0.6395656363503832,0.5982912731684614,0.0,2,False,,,,
1766470347.700702,0.6395656363503832,0.5982912731684614,0.0,2,False,,,,
1766470347.703312,0.6395656363503832,0.5982912731684614,0.0,2,False,,,,
1766470347.705836,0.6395656363503832,0.5982912731684614,0.0,2,False,,,,
1766470347.71019,0.5063859991526856,0.26544807572656015,0.995,0,False,,,,
1766470347.901846,0.5063859991526856,0.26544807572656015,0.995,0,False,,,,
1766470347.9064791,0.5063859991526856,0.26544807572656015,0.995,0,False,,,,
1766470347.909605,0.5239700075351771,0.21558972600502013,0.41588070051318143,0,False,,,,
1766470347.913297,0.5239700075351771,0.21558972600502013,0.41588070051318143,0,False,,,,
1766470347.917892,0.5234012358251363,0.21484554476644047,0.2977796459544495,0,False,,,,
1766470348.1064909,0.5234012358251363,0.21484554476644047,0.2977796459544495,0,False,,,,
1766470348.110555,0.5234012358251363,0.21484554476644047,0.2977796459544495,0,False,,,,
1766470348.113301,0.5232794844542529,0.2146851869002403,0.3030064495583989,0,False,,,,
1766470348.115805,0.5232794844542529,0.2146851869002403,0.3030064495583989,0,False,,,,
1766470348.119519,0.5104986035218374,0.3369818383605072,1.0,0,False,,,,
1766470348.340703,0.5104986035218374,0.3369818383605072,1.0,0,False,,,,
1766470348.345046,0.5118374961269622,0.3390427461306067,1.0,0,False,,,,
1766470348.3475041,0.5118374961269622,0.3390427461306067,1.0,0,False,,,,
1766470348.352098,0.5118374961269622,0.3390427461306067,1.0,0,False,,,,
1766470348.354563,0.5274897904227195,0.22237780850750166,0.2856120382574381,0,False,,,,
1766470348.537483,0.5274897904227195,0.22237780850750166,0.2856120382574381,0,False,,,,
1766470348.5423,0.5274897904227195,0.22237780850750166,0.2856120382574381,0,False,,,,
1766470348.545614,0.5134523148509149,0.21367951420294917,0.28480696723332083,0,False,,,,
1766470348.54867,0.5134523148509149,0.21367951420294917,0.28480696723332083,0,False,,,,
1766470348.5528169,0.5265702883488306,0.22109297652874038,0.27262079266180855,1,False,,,,
1766470348.784488,0.5265702883488306,0.22109297652874038,0.27262079266180855,1,False,,,,
1766470348.789578,0.5265702883488306,0.22109297652874038,0.27262079266180855,1,False,,,,
1766470348.7923799,0.5265702883488306,0.22109297652874038,0.27262079266180855,1,False,,,,
1766470348.797075,0.5474172590960874,0.35124426791261987,1.0,1,False,,,,
1766470348.8004549,0.5473462941008607,0.34165796949206384,1.0,1,False,,,,
1766470349.093369,0.5473462941008607,0.34165796949206384,1.0,1,False,,,,
1766470349.098075,0.5473462941008607,0.34165796949206384,1.0,1,False,,,,
1766470349.101836,0.5375287373187454,0.3461461238554744,1.0,1,False,,,,
1766470349.104619,0.5375287373187454,0.3461461238554744,1.0,1,False,,,,
1766470349.109062,0.5249361560738145,0.21876955607372073,0.2604592979515634,0,False,,,,
1766470349.315531,0.5230266733276394,0.3492843553686056,0.9783488512039185,0,False,,,,
1766470349.32044,0.4703675211287187,0.4292918875216759,0.9135193939103817,0,False,,,,
1766470349.3246138,0.4703675211287187,0.4292918875216759,0.9135193939103817,0,False,,,,
1766470349.327672,0.4703675211287187,0.4292918875216759,0.9135193939103817,0,False,,,,
1766470349.330616,0.5226759574000298,0.2226185531475242,0.2747412313430145,0,False,,,,
1766470349.519159,0.5171964326867828,0.213304779153068,0.19989500860927922,0,False,,,,
1766470349.525315,0.5171964326867828,0.213304779153068,0.19989500860927922,0,False,,,,
1766470349.530127,0.5171964326867828,0.213304779153068,0.19989500860927922,0,False,,,,
1766470349.532657,0.5171964326867828,0.213304779153068,0.19989500860927922,0,False,,,,
1766470349.534875,0.498090257951539,0.3658101806637959,1.0,1,False,,,,
1766470349.935541,0.36738896567854185,0.30882268798356793,0.9459499886974143,1,False,,,,
1766470349.941453,0.36633797117593614,0.3087794533783015,0.9256899229034232,1,False,,,,
1766470349.946475,0.36633797117593614,0.3087794533783015,0.9256899229034232,1,False,,,,
1766470349.949126,0.36633797117593614,0.3087794533783015,0.9256899229034232,1,False,,,,
1766470349.952582,0.5268583948696391,0.2229972851280677,0.21664230791214878,1,False,,,,
1766470350.225634,0.5268583948696391,0.2229972851280677,0.21664230791214878,1,False,,,,
1766470350.2316082,0.5268583948696391,0.2229972851280677,0.21664230791214878,1,False,,,,
1766470350.2355552,0.5268583948696391,0.2229972851280677,0.21664230791214878,1,False,,,,
1766470350.237998,0.5268583948696391,0.2229972851280677,0.21664230791214878,1,False,,,,
1766470350.240971,0.5140004810041282,0.20875891445665862,0.21454472062243157,0,False,,,,
1766470350.4127328,0.5140004810041282,0.20875891445665862,0.21454472062243157,0,False,,,,
1766470350.417012,0.5140004810041282,0.20875891445665862,0.21454472062243157,0,False,,,,
1766470350.419733,0.5140004810041282,0.20875891445665862,0.21454472062243157,0,False,,,,
1766470350.42275,0.5140004810041282,0.20875891445665862,0.21454472062243157,0,False,,,,
1766470350.425577,0.5708984427701859,0.03147208156857639,0.9038318763803634,1,False,,,,
1766470350.7253902,0.5127265893330152,0.20691796980279664,0.20719479604139643,1,False,,,,
1766470350.731961,0.5127265893330152,0.20691796980279664,0.20719479604139643,1,False,,,,
1766470350.737071,0.5127265893330152,0.20691796980279664,0.20719479604139643,1,False,,,,
1766470350.740384,0.51259573021382,0.20672831913121859,0.1986705701701723,1,False,,,,
1766470350.7448819,0.6396188449091655,0.5985616260325355,0.0,1,False,,,,
1766470351.064609,0.47026350609958156,0.3942241182952494,0.9909213185310364,1,False,,,,
1766470351.069088,0.47026350609958156,0.3942241182952494,0.9909213185310364,1,False,,,,
1766470351.0734432,0.47026350609958156,0.3942241182952494,0.9909213185310364,1,False,,,,
1766470351.076581,0.6396188449091655,0.5985616260325355,0.0,1,False,,,,
1766470351.079805,0.6541495677154696,-0.0009612830754484047,0.8521020114421844,0,False,,,,
1766470351.256581,0.6541495677154696,-0.0009612830754484047,0.8521020114421844,0,False,,,,
1766470351.261183,0.6530953958910138,-0.00011222121340503932,0.8660786151885986,0,False,,,,
1766470351.2639182,0.6530953958910138,-0.00011222121340503932,0.8660786151885986,0,False,,,,
1766470351.267308,0.6530953958910138,-0.00011222121340503932,0.8660786151885986,0,False,,,,
1766470351.2723,0.5035324238380672,0.3783242556319323,1.0,0,False,,,,
1766470351.547589,0.5074239555076818,0.1319111696818609,0.8878016582570296,0,False,,,,
1766470351.551785,0.5074239555076818,0.1319111696818609,0.8878016582570296,0,False,,,,
1766470351.556272,0.5074239555076818,0.1319111696818609,0.8878016582570296,0,False,,,,
1766470351.558727,0.5074239555076818,0.1319111696818609,0.8878016582570296,0,False,,,,
1766470351.562559,0.6396188449091655,0.5985616260325355,0.0,0,False,,,,
1766470351.722778,0.6396188449091655,0.5985616260325355,0.0,0,False,,,,
1766470351.727194,0.5283824185758939,0.37184575968778155,1.0,0,False,,,,
1766470351.7305799,0.5279161441787515,0.3712686087298096,1.0,0,False,,,,
1766470351.7336462,0.5279161441787515,0.3712686087298096,1.0,0,False,,,,
1766470351.738991,0.5490823688488169,0.20412151951063007,0.27668031986532604,1,False,,,,
1766470352.084322,0.5490823688488169,0.20412151951063007,0.27668031986532604,1,False,,,,
1766470352.089371,0.5490823688488169,0.20412151951063007,0.27668031986532604,1,False,,,,
1766470352.093785,0.5490823688488169,0.20412151951063007,0.27668031986532604,1,False,,,,
1766470352.098583,0.49064275344063085,0.37346158252506256,1.0,1,False,,,,
1766470352.101421,0.17280800518828593,0.2470386949193738,0.8666813663826527,2,False,,,,
1766470352.4009678,0.5539663775427816,0.21144243322086143,0.3695504672819532,2,False,,,,
1766470352.406162,0.5539663775427816,0.21144243322086143,0.3695504672819532,2,False,,,,
1766470352.410512,0.5539663775427816,0.21144243322086143,0.3695504672819532,2,False,,,,
1766470352.4130611,0.5539663775427816,0.21144243322086143,0.3695504672819532,2,False,,,,
1766470352.4153721,0.5505579225037467,0.19714310596603024,0.3882682096078411,1,False,,,,
1766470352.839872,0.5505579225037467,0.19714310596603024,0.3882682096078411,1,False,,,,
1766470352.844286,0.5505579225037467,0.19714310596603024,0.3882682096078411,1,False,,,,
1766470352.848864,0.5505579225037467,0.19714310596603024,0.3882682096078411,1,False,,,,
1766470352.851518,0.5503113220970908,0.20106760161401538,0.4745145669222335,1,False,,,,
1766470352.8547761,0.5771822139265821,0.6683565381750043,1.0,1,False,,,,
1766470353.1307788,0.5771822139265821,0.6683565381750043,1.0,1,False,,,,
1766470353.1357498,0.5507362934436778,0.1998941339294248,0.5947003472982263,1,False,,,,
1766470353.1390321,0.5507362934436778,0.1998941339294248,0.5947003472982263,1,False,,,,
1766470353.141313,0.5507362934436778,0.1998941339294248,0.5947003472982263,1,False,,,,
1766470353.1454022,0.555520959043234,0.20334930540779883,0.5137313792374735,1,False,,,,
1766470353.36641,0.555520959043234,0.20334930540779883,0.5137313792374735,1,False,,,,
1766470353.371527,0.43303433378438266,0.9116293081896392,0.8,1,False,,,,
1766470353.3745742,0.4376300443373856,0.9245198624762878,0.8,1,False,,,,
1766470353.3770938,0.4376300443373856,0.9245198624762878,0.8,1,False,,,,
1766470353.3812668,0.5558176788517553,0.20227127383894838,0.5149187690398596,1,False,,,,
1766470353.615059,0.5558176788517553,0.20227127383894838,0.5149187690398596,1,False,,,,
1766470353.61985,0.5558176788517553,0.20227127383894838,0.5149187690398596,1,False,,,,
1766470353.624131,0.5813284740589407,0.8503413701175485,0.8847421315744086,1,False,,,,
1766470353.627557,0.5813284740589407,0.8503413701175485,0.8847421315744086,1,False,,,,
1766470353.630869,0.5519450793199357,0.19612193763893115,0.4478063987984591,1,False,,,,
1766470354.033377,0.5519450793199357,0.19612193763893115,0.4478063987984591,1,False,,,,
1766470354.037664,0.5519450793199357,0.19612193763893115,0.4478063987984591,1,False,,,,
1766470354.041267,0.5519710533233664,0.19606127579790888,0.4375096072337195,1,False,,,,
1766470354.045265,0.5519710533233664,0.19606127579790888,0.4375096072337195,1,False,,,,
1766470354.050397,0.6395706848742865,0.5984065657577214,0.0,1,False,,,,
1766470354.5017679,0.6395706848742865,0.5984065657577214,0.0,1,False,,,,
1766470354.50607,0.6395706848742865,0.5984065657577214,0.0,1,False,,,,
1766470354.508789,0.6395706848742865,0.5984065657577214,0.0,1,False,,,,
1766470354.511948,0.6395706848742865,0.5984065657577214,0.0,1,False,,,,
1766470354.517953,0.6395706848742865,0.5984065657577214,0.0,1,False,,,,
1766470354.954808,0.6395706848742865,0.5984065657577214,0.0,1,False,,,,
1766470354.960077,0.6395706848742865,0.5984065657577214,0.0,1,False,,,,
1766470354.962649,0.6395706848742865,0.5984065657577214,0.0,1,False,,,,
1766470354.965088,0.6395706848742865,0.5984065657577214,0.0,1,False,,,,
1766470354.9674728,0.49750638448244444,0.652659221059107,0.9666746854782104,1,False,,,,
1766470355.227322,0.49750638448244444,0.652659221059107,0.9666746854782104,1,False,,,,
1766470355.2327628,0.49986259521492216,0.6552226418691918,0.9180544018745422,1,False,,,,
1766470355.2355819,0.49986259521492216,0.6552226418691918,0.9180544018745422,1,False,,,,
1766470355.2377338,0.49986259521492216,0.6552226418691918,0.9180544018745422,1,False,,,,
1766470355.241876,0.403426420516138,0.3334646381456876,0.995,1,False,,,,
1766470355.489365,0.403426420516138,0.3334646381456876,0.995,1,False,,,,
1766470355.494657,0.403426420516138,0.3334646381456876,0.995,1,False,,,,
1766470355.497068,0.403426420516138,0.3334646381456876,0.995,1,False,,,,
1766470355.4994402,0.5583670673321253,0.21539914074540656,0.42121716716128943,1,False,,,,
1766470355.502368,0.4342498616943846,0.32096753444083226,0.8,1,False,,,,
1766470355.8748732,0.4342498616943846,0.32096753444083226,0.8,1,False,,,,
1766470355.879952,0.4342498616943846,0.32096753444083226,0.8,1,False,,,,
1766470355.8825989,0.4342498616943846,0.32096753444083226,0.8,1,False,,,,
1766470355.885489,0.368124626545297,0.2586257675611986,0.8824257728233852,1,False,,,,
1766470355.888906,0.531319276137998,0.18021180485675892,0.5229471721620729,1,False,,,,
1766470356.173909,0.44811146237880306,0.2961661911263178,0.8,1,False,,,,
1766470356.17947,0.44811146237880306,0.2961661911263178,0.8,1,False,,,,
1766470356.182111,0.44811146237880306,0.2961661911263178,0.8,1,False,,,,
1766470356.1864,0.44811146237880306,0.2961661911263178,0.8,1,False,,,,
1766470356.189022,0.46166561075414725,0.09539093070097271,0.8794850967761576,2,False,,,,
1766470356.4617379,0.46166561075414725,0.09539093070097271,0.8794850967761576,2,False,,,,
1766470356.467184,0.46166561075414725,0.09539093070097271,0.8794850967761576,2,False,,,,
1766470356.471724,0.6396908699313284,0.5993921539212261,0.0,2,False,,,,
1766470356.474474,0.6396908699313284,0.5993921539212261,0.0,2,False,,,,
1766470356.477037,0.5201767146960895,0.41535829346757824,1.0,1,False,,,,
1766470356.69997,0.5201767146960895,0.41535829346757824,1.0,1,False,,,,
1766470356.704849,0.24691123660422706,0.332695759640377,0.995,1,False,,,,
1766470356.707932,0.24691123660422706,0.332695759640377,0.995,1,False,,,,
1766470356.711539,0.24691123660422706,0.332695759640377,0.995,1,False,,,,
1766470356.7167768,0.6396908699313284,0.5993921539212261,0.0,1,False,,,,
1766470357.089859,0.6396908699313284,0.5993921539212261,0.0,1,False,,,,
1766470357.094827,0.6396908699313284,0.5993921539212261,0.0,1,False,,,,
1766470357.098009,0.6396908699313284,0.5993921539212261,0.0,1,False,,,,
1766470357.102168,0.6396908699313284,0.5993921539212261,0.0,1,False,,,,
1766470357.104796,0.5579304379645238,0.20187262579544096,0.4227072119345794,1,False,,,,
1766470357.312993,0.5243749050785538,0.4071010629487921,1.0,1,False,,,,
1766470357.317618,0.5243749050785538,0.4071010629487921,1.0,1,False,,,,
1766470357.32186,0.5243749050785538,0.4071010629487921,1.0,1,False,,,,
1766470357.325393,0.4215543241833564,0.45107560524660884,0.8637006944633522,1,False,,,,
1766470357.328021,0.5331025563822657,0.40650924070339445,1.0,1,False,,,,
1766470357.642354,0.5331025563822657,0.40650924070339445,1.0,1,False,,,,
1766470357.648293,0.33960030265296437,0.4078204801559795,0.995,1,False,,,,
1766470357.652886,0.33960030265296437,0.4078204801559795,0.995,1,False,,,,
1766470357.6575592,0.33960030265296437,0.4078204801559795,0.995,1,False,,,,
1766470357.660414,0.5281381799545146,0.4152646494299319,1.0,1,False,,,,
1766470358.024611,0.5281381799545146,0.4152646494299319,1.0,1,False,,,,
1766470358.0294101,0.3475795263860588,0.5701824198068295,0.8642499756224258,1,False,,,,
1766470358.033052,0.3475795263860588,0.5701824198068295,0.8642499756224258,1,False,,,,
1766470358.038183,0.3475795263860588,0.5701824198068295,0.8642499756224258,1,False,,,,
1766470358.0406091,0.2956597661224615,0.6986052408643495,0.995,2,False,,,,
1766470358.3867369,0.2956597661224615,0.6986052408643495,0.995,2,False,,,,
1766470358.392064,0.2956597661224615,0.6986052408643495,0.995,2,False,,,,
1766470358.394799,0.2956597661224615,0.6986052408643495,0.995,2,False,,,,
1766470358.3974578,0.640056605089782,0.6021908701156998,0.0,2,False,,,,
1766470358.401969,0.3642067072373247,0.19359375642969523,0.8942201958530136,1,False,,,,
1766470358.632571,0.640056605089782,0.6021908701156998,0.0,1,False,,,,
1766470358.637129,0.640056605089782,0.6021908701156998,0.0,1,False,,,,
1766470358.641418,0.640056605089782,0.6021908701156998,0.0,1,False,,,,
1766470358.644297,0.640056605089782,0.6021908701156998,0.0,1,False,,,,
1766470358.647506,0.5610448657120509,0.18279084543033752,0.1452326341798297,1,False,,,,
1766470358.932909,0.5610448657120509,0.18279084543033752,0.1452326341798297,1,False,,,,
1766470358.937595,0.548014882561596,0.15426872795452806,0.17071525146277397,1,False,,,,
1766470358.940563,0.548014882561596,0.15426872795452806,0.17071525146277397,1,False,,,,
1766470358.944597,0.548014882561596,0.15426872795452806,0.17071525146277397,1,False,,,,
1766470358.947423,0.5335395015455044,0.1583619858412344,0.4043554976632879,1,False,,,,
1766470359.250154,0.5335395015455044,0.1583619858412344,0.4043554976632879,1,False,,,,
1766470359.2552588,0.5332684366171183,0.16164439691793087,0.42810449192239447,1,False,,,,
1766470359.258432,0.5332684366171183,0.16164439691793087,0.42810449192239447,1,False,,,,
1766470359.262729,0.5332684366171183,0.16164439691793087,0.42810449192239447,1,False,,,,
1766470359.265238,0.5316464885807589,0.17021883666338677,0.1998117236937731,1,False,,,,
1766470359.709257,0.5316464885807589,0.17021883666338677,0.1998117236937731,1,False,,,,
1766470359.713492,0.5316464885807589,0.17021883666338677,0.1998117236937731,1,False,,,,
1766470359.7168489,0.5316464885807589,0.17021883666338677,0.1998117236937731,1,False,,,,
1766470359.719757,0.5365362671154819,0.3623245051338302,1.0,1,False,,,,
1766470359.72262,0.5611419227034127,0.07644047805933152,0.9778129221809799,1,False,,,,
1766470359.945694,0.5611419227034127,0.07644047805933152,0.9778129221809799,1,False,,,,
1766470359.949781,0.5611419227034127,0.07644047805933152,0.9778129221809799,1,False,,,,
1766470359.952258,0.5611419227034127,0.07644047805933152,0.9778129221809799,1,False,,,,
1766470359.957355,0.6401686841468719,0.6036073559224724,0.0,1,False,,,,
1766470359.961675,0.6401686841468719,0.6036073559224724,0.0,1,False,,,,
1766470360.2585669,0.4755946806130944,0.15698974070273441,0.85403516571103,1,False,,,,
1766470360.26412,0.4755946806130944,0.15698974070273441,0.85403516571103,1,False,,,,
1766470360.268138,0.4755946806130944,0.15698974070273441,0.85403516571103,1,False,,,,
1766470360.2708852,0.4755946806130944,0.15698974070273441,0.85403516571103,1,False,,,,
1766470360.273084,0.6402358375851946,0.6044922907816195,0.0,1,False,,,,
1766470360.513551,0.6402358375851946,0.6044922907816195,0.0,1,False,,,,
1766470360.519116,0.6402358375851946,0.6044922907816195,0.0,1,False,,,,
1766470360.5217862,0.6402358375851946,0.6044922907816195,0.0,1,False,,,,
1766470360.524622,0.5243010397138286,0.4021459049968381,1.0,1,False,,,,
1766470360.526974,0.6402358375851946,0.6044922907816195,0.0,1,False,,,,
1766470360.755269,0.6402358375851946,0.6044922907816195,0.0,1,False,,,,
1766470360.7598898,0.5325645304174175,0.38641062683032956,1.0,1,False,,,,
1766470360.763183,0.5325645304174175,0.38641062683032956,1.0,1,False,,,,
1766470360.76546,0.5325645304174175,0.38641062683032956,1.0,1,False,,,,
1766470360.769652,0.6402358375851946,0.6044922907816195,0.0,1,False,,,,
1766470361.090572,0.6402358375851946,0.6044922907816195,0.0,1,False,,,,
1766470361.095074,0.5418214992868735,0.3800820660578257,1.0,1,False,,,,
1766470361.097704,0.5416907813470904,0.38095153325223596,1.0,1,False,,,,
1766470361.1001742,0.5416907813470904,0.38095153325223596,1.0,1,False,,,,
1766470361.1042838,0.6402522574032768,0.6047531110914708,0.0,1,False,,,,
1766470361.314809,0.5325893860839512,0.3815184207929284,1.0,1,False,,,,
1766470361.3201652,0.5325893860839512,0.3815184207929284,1.0,1,False,,,,
1766470361.3246112,0.5325893860839512,0.3815184207929284,1.0,1,False,,,,
1766470361.327063,0.5325893860839512,0.3815184207929284,1.0,1,False,,,,
1766470361.329015,0.6228084021102781,0.4915416719466643,0.8657198859794111,1,False,,,,
1766470362.018372,0.6228084021102781,0.4915416719466643,0.8657198859794111,1,False,,,,
1766470362.023175,0.6228084021102781,0.4915416719466643,0.8657198859794111,1,False,,,,
1766470362.02721,0.6228084021102781,0.4915416719466643,0.8657198859794111,1,False,,,,
1766470362.030177,0.6228084021102781,0.4915416719466643,0.8657198859794111,1,False,,,,
1766470362.03317,0.6300728530216144,0.4353117785105489,0.880312228965489,2,False,,,,
1766470362.314197,0.6300728530216144,0.4353117785105489,0.880312228965489,2,False,,,,
1766470362.318712,0.6308037711140255,0.43888510752437593,0.8911389954564253,2,False,,,,
1766470362.321815,0.4959581103592482,0.6103545488311647,0.9890580773353577,2,False,,,,
1766470362.325365,0.4959581103592482,0.6103545488311647,0.9890580773353577,2,False,,,,
1766470362.330382,0.6716602180410378,0.6252119680747861,0.8816388363271728,1,False,,,,
1766470362.550019,0.6716602180410378,0.6252119680747861,0.8816388363271728,1,False,,,,
1766470362.555528,0.6402773781768175,0.6055699635164884,0.0,1,False,,,,
1766470362.558599,0.6402773781768175,0.6055699635164884,0.0,1,False,,,,
1766470362.563595,0.6402773781768175,0.6055699635164884,0.0,1,False,,,,
1766470362.565998,0.6402773781768175,0.6055699635164884,0.0,1,False,,,,
1766470362.812942,0.6402773781768175,0.6055699635164884,0.0,1,False,,,,
1766470362.817193,0.6402773781768175,0.6055699635164884,0.0,1,False,,,,
1766470362.8204842,0.6402773781768175,0.6055699635164884,0.0,1,False,,,,
1766470362.822839,0.6402773781768175,0.6055699635164884,0.0,1,False,,,,
1766470362.8259041,0.5786428109971548,0.7277135556537682,1.0,1,False,,,,
1766470363.0957692,0.5786428109971548,0.7277135556537682,1.0,1,False,,,,
1766470363.100169,0.5786428109971548,0.7277135556537682,1.0,1,False,,,,
1766470363.1026812,0.5786428109971548,0.7277135556537682,1.0,1,False,,,,
1766470363.1047869,0.5786428109971548,0.7277135556537682,1.0,1,False,,,,
1766470363.106921,0.6404665620869837,0.6070199185079119,0.0,1,False,,,,
1766470363.397206,0.6404665620869837,0.6070199185079119,0.0,1,False,,,,
1766470363.401618,0.6404665620869837,0.6070199185079119,0.0,1,False,,,,
1766470363.404842,0.6404665620869837,0.6070199185079119,0.0,1,False,,,,
1766470363.407732,0.5230655172644221,0.36713351095754154,1.0,1,False,,,,
1766470363.410871,0.5011299694600725,0.3827321196358051,1.0,1,False,,,,
1766470363.6625412,0.5021111299598341,0.38121442183947984,1.0,1,False,,,,
1766470363.6671731,0.5021111299598341,0.38121442183947984,1.0,1,False,,,,
1766470363.671572,0.5021111299598341,0.38121442183947984,1.0,1,False,,,,
1766470363.67647,0.5223930611613091,0.0192469124959872,0.995,1,False,,,,
1766470363.679153,0.6404665620869837,0.6070199185079119,0.0,1,False,,,,
1766470363.934556,0.6404665620869837,0.6070199185079119,0.0,1,False,,,,
1766470363.9393,0.6404665620869837,0.6070199185079119,0.0,1,False,,,,
1766470363.942179,0.6404665620869837,0.6070199185079119,0.0,1,False,,,,
1766470363.944584,0.5085151758118361,0.3708872082516731,1.0,1,False,,,,
1766470363.9470341,0.6404665620869837,0.6070199185079119,0.0,1,False,,,,
1766470364.205154,0.6404665620869837,0.6070199185079119,0.0,1,False,,,,
1766470364.2093089,0.6404665620869837,0.6070199185079119,0.0,1,False,,,,
1766470364.212024,0.5202559385453248,0.37455148970030094,1.0,1,False,,,,
1766470364.215928,0.5201967480770332,0.3745284679705998,1.0,1,False,,,,
1766470364.2190132,0.6405642096287776,0.6078491658164679,0.0,1,False,,,,
1766470364.440725,0.6405642096287776,0.6078491658164679,0.0,1,False,,,,
1766470364.4450402,0.6405642096287776,0.6078491658164679,0.0,1,False,,,,
1766470364.4482849,0.6405642096287776,0.6078491658164679,0.0,1,False,,,,
1766470364.4519591,0.6405642096287776,0.6078491658164679,0.0,1,False,,,,
1766470364.454696,0.28125239697145793,0.19373911106420594,0.889042428883241,1,False,,,,
1766470364.6664808,0.6405642096287776,0.6078491658164679,0.0,1,False,,,,
1766470364.670961,0.6405642096287776,0.6078491658164679,0.0,1,False,,,,
1766470364.675046,0.6405642096287776,0.6078491658164679,0.0,1,False,,,,
1766470364.677713,0.6405642096287776,0.6078491658164679,0.0,1,False,,,,
1766470364.681122,0.5313714316365165,0.38474805393528766,1.0,1,False,,,,
1766470364.971381,0.5313714316365165,0.38474805393528766,1.0,1,False,,,,
1766470364.975908,0.5313714316365165,0.38474805393528766,1.0,1,False,,,,
1766470364.980171,0.5313714316365165,0.38474805393528766,1.0,1,False,,,,
1766470364.982848,0.4281827284617867,0.11589872947166824,0.9318887218493064,1,False,,,,
1766470364.985166,0.6405642096287776,0.6078491658164679,0.0,1,False,,,,
1766470365.2597141,0.6405642096287776,0.6078491658164679,0.0,1,False,,,,
1766470365.263843,0.6405642096287776,0.6078491658164679,0.0,1,False,,,,
1766470365.267045,0.6050434295143622,-0.022056944040892867,0.8759346306324005,1,False,,,,
1766470365.26938,0.6002619818535583,-0.021921177381944768,0.8759346306324005,1,False,,,,
1766470365.2725601,0.640400945249173,0.6074457230639128,0.0,1,False,,,,
1766470365.553668,0.537827481345838,0.3692941214432506,1.0,1,False,,,,
1766470365.557719,0.537827481345838,0.3692941214432506,1.0,1,False,,,,
1766470365.561901,0.537827481345838,0.3692941214432506,1.0,1,False,,,,
1766470365.565417,0.537827481345838,0.3692941214432506,1.0,1,False,,,,
1766470365.570487,0.640400945249173,0.6074457230639128,0.0,1,False,,,,
1766470365.783148,0.640400945249173,0.6074457230639128,0.0,1,False,,,,
1766470365.78734,0.640400945249173,0.6074457230639128,0.0,1,False,,,,
1766470365.7905018,0.640400945249173,0.6074457230639128,0.0,1,False,,,,
1766470365.792894,0.640400945249173,0.6074457230639128,0.0,1,False,,,,
1766470365.79691,0.5740743456207849,0.7111328187532224,1.0,1,False,,,,
1766470366.1983612,0.5740743456207849,0.7111328187532224,1.0,1,False,,,,
1766470366.20276,0.640400945249173,0.6074457230639128,0.0,1,False,,,,
1766470366.206024,0.5768119725899057,0.7147309293958797,1.0,1,False,,,,
1766470366.208948,0.5768119725899057,0.7147309293958797,1.0,1,False,,,,
1766470366.2130802,0.5696691865820165,0.7379554651028569,1.0,1,False,,,,
1766470366.4277492,0.5696691865820165,0.7379554651028569,1.0,1,False,,,,
1766470366.432048,0.5696691865820165,0.7379554651028569,1.0,1,False,,,,
1766470366.435143,0.5696691865820165,0.7379554651028569,1.0,1,False,,,,
1766470366.437263,0.5696691865820165,0.7379554651028569,1.0,1,False,,,,
1766470366.440052,0.6403810755447668,0.6071901398122664,0.0,1,False,,,,
1766470366.703264,0.6403810755447668,0.6071901398122664,0.0,1,False,,,,
1766470366.7097769,0.6403810755447668,0.6071901398122664,0.0,1,False,,,,
1766470366.712403,0.6403810755447668,0.6071901398122664,0.0,1,False,,,,
1766470366.716917,0.6403810755447668,0.6071901398122664,0.0,1,False,,,,
1766470366.719697,0.6403810755447668,0.6071901398122664,0.0,1,False,,,,
1766470367.035702,0.6403810755447668,0.6071901398122664,0.0,1,False,,,,
1766470367.040611,0.6403810755447668,0.6071901398122664,0.0,1,False,,,,
1766470367.0438101,0.6403810755447668,0.6071901398122664,0.0,1,False,,,,
1766470367.048783,0.6403810755447668,0.6071901398122664,0.0,1,False,,,,
1766470367.054177,0.5260908589720279,0.723602297100295,0.9259063263039187,0,False,,,,
1766470367.209279,0.5260908589720279,0.723602297100295,0.9259063263039187,0,False,,,,
1766470367.214012,0.6403810755447668,0.6071901398122664,0.0,0,False,,,,
1766470367.217161,0.6403810755447668,0.6071901398122664,0.0,0,False,,,,
1766470367.221823,0.6403810755447668,0.6071901398122664,0.0,0,False,,,,
1766470367.224523,0.6403810755447668,0.6071901398122664,0.0,0,False,,,,
1766470367.389447,0.6403810755447668,0.6071901398122664,0.0,0,False,,,,
1766470367.394006,0.6403810755447668,0.6071901398122664,0.0,0,False,,,,
1766470367.3974159,0.49886715552641664,0.7542092362539399,0.9959728121757507,0,False,,,,
1766470367.399866,0.49886715552641664,0.7542092362539399,0.9959728121757507,0,False,,,,
1766470367.4041002,0.6403810755447668,0.6071901398122664,0.0,0,False,,,,
1766470367.748918,0.5192324488261326,0.7331635969186328,1.0,0,False,,,,
1766470367.753839,0.5192324488261326,0.7331635969186328,1.0,0,False,,,,
1766470367.7583182,0.5192324488261326,0.7331635969186328,1.0,0,False,,,,
1766470367.761357,0.5192324488261326,0.7331635969186328,1.0,0,False,,,,
1766470367.7640371,0.5393971803379836,0.6117247487156203,0.8895936214437341,0,False,,,,
1766470367.954923,0.5393971803379836,0.6117247487156203,0.8895936214437341,0,False,,,,
1766470367.959937,0.5393971803379836,0.6117247487156203,0.8895936214437341,0,False,,,,
1766470367.962615,0.5393971803379836,0.6117247487156203,0.8895936214437341,0,False,,,,
1766470367.965327,0.5168080545436187,0.7379002342696108,1.0,0,False,,,,
1766470367.9694688,0.420409296831538,0.3242290093930633,0.851816555039295,1,False,,,,
1766470368.219488,0.6403810755447668,0.6071901398122664,0.0,1,False,,,,
1766470368.224805,0.6403810755447668,0.6071901398122664,0.0,1,False,,,,
1766470368.229248,0.6403810755447668,0.6071901398122664,0.0,1,False,,,,
1766470368.2319949,0.6403810755447668,0.6071901398122664,0.0,1,False,,,,
1766470368.235073,0.4696328393220723,0.8162020857795036,0.8674433827400208,1,False,,,,
1766470368.462312,0.4696328393220723,0.8162020857795036,0.8674433827400208,1,False,,,,
1766470368.468107,0.47349801493015137,0.8310569260961194,0.9276201128959656,1,False,,,,
1766470368.471963,0.47349801493015137,0.8310569260961194,0.9276201128959656,1,False,,,,
1766470368.477513,0.47349801493015137,0.8310569260961194,0.9276201128959656,1,False,,,,
1766470368.480814,0.6403810755447668,0.6071901398122664,0.0,2,False,,,,
1766470368.750154,0.6403810755447668,0.6071901398122664,0.0,2,False,,,,
1766470368.7573152,0.508579697354475,0.9536020538952964,0.6,2,False,,,,
1766470368.762269,0.508579697354475,0.9536020538952964,0.6,2,False,,,,
1766470368.765239,0.508579697354475,0.9536020538952964,0.6,2,False,,,,
1766470368.769977,0.6403810755447668,0.6071901398122664,0.0,0,False,,,,
1766470368.9502249,0.6403810755447668,0.6071901398122664,0.0,0,False,,,,
1766470368.957336,0.5171367878183195,0.9595256322434911,0.8786123991012573,0,False,,,,
1766470368.964024,0.5171367878183195,0.9595256322434911,0.8786123991012573,0,False,,,,
1766470368.967283,0.5171367878183195,0.9595256322434911,0.8786123991012573,0,False,,,,
1766470368.969685,0.5263783361451162,0.846587423274173,0.7990239262580872,0,False,,,,
1766470369.122454,0.6125439947707495,0.7496417261065015,0.8053501034023203,0,False,,,,
1766470369.128476,0.6125439947707495,0.7496417261065015,0.8053501034023203,0,False,,,,
1766470369.133749,0.6125439947707495,0.7496417261065015,0.8053501034023203,0,False,,,,
1766470369.137001,0.6403810755447668,0.6071901398122664,0.0,0,False,,,,
1766470369.139873,0.488440366484987,0.6723717831570678,0.8802478909492493,0,False,,,,
1766470369.333164,0.488440366484987,0.6723717831570678,0.8802478909492493,0,False,,,,
1766470369.338013,0.488440366484987,0.6723717831570678,0.8802478909492493,0,False,,,,
1766470369.3410182,0.4878996336158704,0.6623726554386443,0.9603667259216309,0,False,,,,
1766470369.343269,0.4878996336158704,0.6623726554386443,0.9603667259216309,0,False,,,,
1766470369.3481019,0.5960386649974122,0.4953087415614954,0.8449818704081378,0,False,,,,
1766470369.5300841,0.5960386649974122,0.4953087415614954,0.8449818704081378,0,False,,,,
1766470369.535347,0.5960386649974122,0.4953087415614954,0.8449818704081378,0,False,,,,
1766470369.538228,0.5960386649974122,0.4953087415614954,0.8449818704081378,0,False,,,,
1766470369.5414348,0.6403810755447668,0.6071901398122664,0.0,0,False,,,,
1766470369.544657,0.6403810755447668,0.6071901398122664,0.0,1,False,,,,
1766470369.801482,0.6403810755447668,0.6071901398122664,0.0,1,False,,,,
1766470369.807511,0.6403810755447668,0.6071901398122664,0.0,1,False,,,,
1766470369.8103302,0.6403810755447668,0.6071901398122664,0.0,1,False,,,,
1766470369.815131,0.6403810755447668,0.6071901398122664,0.0,1,False,,,,
1766470369.82023,0.6403810755447668,0.6071901398122664,0.0,0,False,,,,
1766470370.421349,0.6403810755447668,0.6071901398122664,0.0,0,False,,,,
1766470370.429151,0.6403810755447668,0.6071901398122664,0.0,0,False,,,,
1766470370.433224,0.6403810755447668,0.6071901398122664,0.0,0,False,,,,
1766470370.438921,0.6403810755447668,0.6071901398122664,0.0,0,False,,,,
1766470370.4417028,0.5577827260797577,0.5814110428616294,0.8090379992310481,0,False,,,,
1766470370.604286,0.5577827260797577,0.5814110428616294,0.8090379992310481,0,False,,,,
1766470370.610337,0.5577827260797577,0.5814110428616294,0.8090379992310481,0,False,,,,
1766470370.613334,0.6403810755447668,0.6071901398122664,0.0,0,False,,,,
1766470370.615967,0.6403810755447668,0.6071901398122664,0.0,0,False,,,,
1766470370.620149,0.6403810755447668,0.6071901398122664,0.0,0,False,,,,
1766470372.2116978,0.6403810755447668,0.6071901398122664,0.0,0,False,,,,
1766470372.217085,0.6403810755447668,0.6071901398122664,0.0,0,False,,,,
1766470372.220405,0.6403810755447668,0.6071901398122664,0.0,0,False,,,,
1766470372.223003,0.6403810755447668,0.6071901398122664,0.0,0,False,,,,
1766470372.225494,0.43835539320855627,0.6664314514465316,0.8450907468795776,0,False,,,,
1766470372.450125,0.43835539320855627,0.6664314514465316,0.8450907468795776,0,False,,,,
1766470372.4549382,0.43962744005494087,0.6735081476217519,0.9172439575195312,0,False,,,,
1766470372.457885,0.440743714207651,0.6715949434482228,0.8727898597717285,0,False,,,,
1766470372.4604568,0.440743714207651,0.6715949434482228,0.8727898597717285,0,False,,,,
1766470372.4648378,0.6404143130551063,0.6074193224464172,0.0,0,False,,,,
1766470372.648631,0.6404143130551063,0.6074193224464172,0.0,0,False,,,,
1766470372.653375,0.6404143130551063,0.6074193224464172,0.0,0,False,,,,
1766470372.658178,0.45654250593544843,0.6895819576794249,0.9141368269920349,0,False,,,,
1766470372.660727,0.45654250593544843,0.6895819576794249,0.9141368269920349,0,False,,,,
1766470372.6657631,0.3132334630832071,0.8210736839725308,0.8074060082435608,0,False,,,,
1766470372.868822,0.3132334630832071,0.8210736839725308,0.8074060082435608,0,False,,,,
1766470372.874043,0.3149715723209007,0.8210417051940455,0.763752281665802,0,False,,,,
1766470372.87711,0.32058829348204376,0.8230523639459396,0.9101935625076294,0,False,,,,
1766470372.881085,0.32058829348204376,0.8230523639459396,0.9101935625076294,0,False,,,,
1766470372.8867068,0.4936799558910111,0.6895866793919683,0.8965621590614319,0,False,,,,
1766470373.0520818,0.4936799558910111,0.6895866793919683,0.8965621590614319,0,False,,,,
1766470373.056801,0.4936799558910111,0.6895866793919683,0.8965621590614319,0,False,,,,
1766470373.059702,0.6404143130551063,0.6074193224464172,0.0,0,False,,,,
1766470373.0634649,0.6404143130551063,0.6074193224464172,0.0,0,False,,,,
1766470373.068395,0.6404143130551063,0.6074193224464172,0.0,1,False,,,,
1766470373.3569448,0.6404143130551063,0.6074193224464172,0.0,1,False,,,,
1766470373.362155,0.5325634142134914,0.7213017299510707,0.92365962266922,1,False,,,,
1766470373.365381,0.5325634142134914,0.7213017299510707,0.92365962266922,1,False,,,,
1766470373.370168,0.5325634142134914,0.7213017299510707,0.92365962266922,1,False,,,,
1766470373.372961,0.6404143130551063,0.6074193224464172,0.0,0,False,,,,
1766470373.529474,0.5387716862532204,0.6956212117973053,0.9747886061668396,0,False,,,,
1766470373.535637,0.5387716862532204,0.6956212117973053,0.9747886061668396,0,False,,,,
1766470373.540632,0.5387716862532204,0.6956212117973053,0.9747886061668396,0,False,,,,
1766470373.543882,0.5440214472813247,0.6878687092262559,1.0,0,False,,,,
1766470373.546359,0.6404143130551063,0.6074193224464172,0.0,0,False,,,,
1766470373.722081,0.6404143130551063,0.6074193224464172,0.0,0,False,,,,
1766470373.726487,0.6404143130551063,0.6074193224464172,0.0,0,False,,,,
1766470373.729881,0.5314977968962021,0.6806217918725238,1.0,0,False,,,,
1766470373.732259,0.5314977968962021,0.6806217918725238,1.0,0,False,,,,
1766470373.7364302,0.6404143130551063,0.6074193224464172,0.0,0,False,,,,
1766470373.90677,0.6404143130551063,0.6074193224464172,0.0,0,False,,,,
1766470373.91152,0.5244955814249465,0.6768269699068846,1.0,0,False,,,,
1766470373.914699,0.5244955814249465,0.6768269699068846,1.0,0,False,,,,
1766470373.9179,0.5244955814249465,0.6768269699068846,1.0,0,False,,,,
1766470373.923268,0.4185680618330321,0.9325653329796302,0.8700260313382606,0,False,,,,
1766470374.1025898,0.4185680618330321,0.9325653329796302,0.8700260313382606,0,False,,,,
1766470374.10722,0.4185680618330321,0.9325653329796302,0.8700260313382606,0,False,,,,
1766470374.109654,0.4185680618330321,0.9325653329796302,0.8700260313382606,0,False,,,,
1766470374.114045,0.4185680618330321,0.9325653329796302,0.8700260313382606,0,False,,,,
1766470374.11653,0.5156949988739392,0.6732982048526359,1.0,0,False,,,,
1766470374.2858372,0.5156949988739392,0.6732982048526359,1.0,0,False,,,,
1766470374.290238,0.5156949988739392,0.6732982048526359,1.0,0,False,,,,
1766470374.292989,0.5156949988739392,0.6732982048526359,1.0,0,False,,,,
1766470374.295546,0.5156949988739392,0.6732982048526359,1.0,0,False,,,,
1766470374.297815,0.5194239345194859,0.686585838720449,0.9663988351821899,0,False,,,,
1766470374.4917529,0.5194239345194859,0.686585838720449,0.9663988351821899,0,False,,,,
1766470374.49635,0.5194239345194859,0.686585838720449,0.9663988351821899,0,False,,,,
1766470374.4993548,0.385198851195227,1.0656852729701687,0.8750543333898565,0,False,,,,
1766470374.5028322,0.385198851195227,1.0656852729701687,0.8750543333898565,0,False,,,,
1766470374.5055249,0.6404143130551063,0.6074193224464172,0.0,0,False,,,,
1766470374.7291179,0.6404143130551063,0.6074193224464172,0.0,0,False,,,,
1766470374.733264,0.6404143130551063,0.6074193224464172,0.0,0,False,,,,
1766470374.73613,0.4929380955486719,0.6756596473267339,0.929800271987915,0,False,,,,
1766470374.739114,0.4929380955486719,0.6756596473267339,0.929800271987915,0,False,,,,
1766470374.7417548,0.6404143130551063,0.6074193224464172,0.0,0,False,,,,
1766470374.929285,0.6404143130551063,0.6074193224464172,0.0,0,False,,,,
1766470374.934026,0.6404143130551063,0.6074193224464172,0.0,0,False,,,,
1766470374.9370592,0.49875334346792444,0.6896649189335073,0.9540862441062927,0,False,,,,
1766470374.939979,0.49875334346792444,0.6896649189335073,0.9540862441062927,0,False,,,,
1766470374.9439108,0.6404143130551063,0.6074193224464172,0.0,0,False,,,,
1766470375.226014,0.6404143130551063,0.6074193224464172,0.0,0,False,,,,
1766470375.2310872,0.6404143130551063,0.6074193224464172,0.0,0,False,,,,
1766470375.235627,0.6404143130551063,0.6074193224464172,0.0,0,False,,,,
1766470375.238553,0.6404143130551063,0.6074193224464172,0.0,0,False,,,,
1766470375.2409978,0.6404143130551063,0.6074193224464172,0.0,0,False,,,,
1766470375.431317,0.6404143130551063,0.6074193224464172,0.0,0,False,,,,
1766470375.43583,0.6404143130551063,0.6074193224464172,0.0,0,False,,,,
1766470375.4389818,0.6404143130551063,0.6074193224464172,0.0,0,False,,,,
1766470375.442039,0.6404143130551063,0.6074193224464172,0.0,0,False,,,,
1766470375.4463449,0.47795975571423155,0.7010552520292657,0.8943724632263184,0,False,,,,
1766470375.6376698,0.47795975571423155,0.7010552520292657,0.8943724632263184,0,False,,,,
1766470375.6431801,0.47761903270702855,0.705954744397554,0.9461209177970886,0,False,,,,
1766470375.64594,0.47761903270702855,0.705954744397554,0.9461209177970886,0,False,,,,
1766470375.65023,0.47761903270702855,0.705954744397554,0.9461209177970886,0,False,,,,
1766470375.6542132,0.6404143130551063,0.6074193224464172,0.0,0,False,,,,
1766470375.7990348,0.6404143130551063,0.6074193224464172,0.0,0,False,,,,
1766470375.8040278,0.6404143130551063,0.6074193224464172,0.0,0,False,,,,
1766470375.806956,0.6404143130551063,0.6074193224464172,0.0,0,False,,,,
1766470375.810674,0.40313461688612334,0.2521740551060745,1.0,0,False,,,,
1766470375.813161,0.46164721843195766,0.3094766421165174,1.0,0,False,,,,
1766470376.0098639,0.46168774288779846,0.30304626342836793,1.0,0,False,,,,
1766470376.015148,0.46168774288779846,0.30304626342836793,1.0,0,False,,,,
1766470376.019289,0.46168774288779846,0.30304626342836793,1.0,0,False,,,,
1766470376.022933,0.46038895428336835,0.30513857734790806,1.0,0,False,,,,
1766470376.0257761,0.6404143130551063,0.6074193224464172,0.0,1,False,,,,
1766470376.230195,0.6404143130551063,0.6074193224464172,0.0,1,False,,,,
1766470376.235271,0.6404143130551063,0.6074193224464172,0.0,1,False,,,,
1766470376.23781,0.6404143130551063,0.6074193224464172,0.0,1,False,,,,
1766470376.239861,0.6404143130551063,0.6074193224464172,0.0,1,False,,,,
1766470376.2418518,0.6402673522308904,0.6057153139385225,0.0,2,False,,,,
1766470376.6525939,0.6402673522308904,0.6057153139385225,0.0,2,False,,,,
1766470376.657471,0.6402673522308904,0.6057153139385225,0.0,2,False,,,,
1766470376.661375,0.6402673522308904,0.6057153139385225,0.0,2,False,,,,
1766470376.6649559,0.6402673522308904,0.6057153139385225,0.0,2,False,,,,
1766470376.670388,0.5321787407025325,0.3707667697392132,1.0,1,False,,,,
1766470376.969679,0.5321787407025325,0.3707667697392132,1.0,1,False,,,,
1766470376.974644,0.5321787407025325,0.3707667697392132,1.0,1,False,,,,
1766470376.976973,0.5321787407025325,0.3707667697392132,1.0,1,False,,,,
1766470376.982102,0.6624081212776943,0.26897133617618674,0.8980267967418192,1,False,,,,
1766470376.986207,0.5149669442575628,0.4004889445018812,1.0,1,False,,,,
1766470377.21369,0.6133312868589107,0.2623385430375186,0.8921065688913576,1,False,,,,
1766470377.218097,0.6133312868589107,0.2623385430375186,0.8921065688913576,1,False,,,,
1766470377.2225668,0.6133312868589107,0.2623385430375186,0.8921065688913576,1,False,,,,
1766470377.2251961,0.6133312868589107,0.2623385430375186,0.8921065688913576,1,False,,,,
1766470377.2277708,0.5049562940849517,0.37795311213038296,1.0,1,False,,,,
1766470377.457462,0.5049562940849517,0.37795311213038296,1.0,1,False,,,,
1766470377.4620821,0.5049562940849517,0.37795311213038296,1.0,1,False,,,,
1766470377.4652958,0.5977313878144292,0.17815358488394872,0.8980378606322142,1,False,,,,
1766470377.468533,0.5977313878144292,0.17815358488394872,0.8980378606322142,1,False,,,,
1766470377.473171,0.5704577530245803,0.11271367013144062,0.9401437587068232,2,False,,,,
1766470377.894667,0.5704577530245803,0.11271367013144062,0.9401437587068232,2,False,,,,
1766470377.899115,0.6402298886280525,0.6052098374844789,0.0,2,False,,,,
1766470377.90243,0.6402298886280525,0.6052098374844789,0.0,2,False,,,,
1766470377.9048278,0.6402298886280525,0.6052098374844789,0.0,2,False,,,,
1766470377.90922,0.6402298886280525,0.6052098374844789,0.0,1,False,,,,
1766470378.1615329,0.6402298886280525,0.6052098374844789,0.0,1,False,,,,
1766470378.165826,0.6402298886280525,0.6052098374844789,0.0,1,False,,,,
1766470378.168427,0.5390564381260297,0.3854926696926332,1.0,1,False,,,,
1766470378.172162,0.5390564381260297,0.3854926696926332,1.0,1,False,,,,
1766470378.177048,0.6467695414992585,0.142456511532846,0.9120727429003648,1,False,,,,
1766470378.403809,0.6402570698825076,0.6053563195404053,0.0,1,False,,,,
1766470378.4084659,0.6402570698825076,0.6053563195404053,0.0,1,False,,,,
1766470378.414082,0.6402570698825076,0.6053563195404053,0.0,1,False,,,,
1766470378.416408,0.6402570698825076,0.6053563195404053,0.0,1,False,,,,
1766470378.418762,0.6489943275900185,0.18606480593160213,0.9217508332931637,2,False,,,,
1766470378.812104,0.6489943275900185,0.18606480593160213,0.9217508332931637,2,False,,,,
1766470378.816601,0.6489943275900185,0.18606480593160213,0.9217508332931637,2,False,,,,
1766470378.819289,0.6489943275900185,0.18606480593160213,0.9217508332931637,2,False,,,,
1766470378.8222861,0.6478562304260028,0.184140048088286,0.9217508332931637,2,False,,,,
1766470378.8247721,0.5120552053881491,0.38052613685199155,1.0,1,False,,,,
1766470379.032491,0.5120552053881491,0.38052613685199155,1.0,1,False,,,,
1766470379.0368729,0.5120552053881491,0.38052613685199155,1.0,1,False,,,,
1766470379.039836,0.6402570698825076,0.6053563195404053,0.0,1,False,,,,
1766470379.0436668,0.6402570698825076,0.6053563195404053,0.0,1,False,,,,
1766470379.048882,0.6402570698825076,0.6053563195404053,0.0,1,False,,,,
1766470379.3078458,0.6402570698825076,0.6053563195404053,0.0,1,False,,,,
1766470379.312205,0.6402570698825076,0.6053563195404053,0.0,1,False,,,,
1766470379.3164742,0.6402570698825076,0.6053563195404053,0.0,1,False,,,,
1766470379.319047,0.6402570698825076,0.6053563195404053,0.0,1,False,,,,
1766470379.3216598,0.6402570698825076,0.6053563195404053,0.0,1,False,,,,
1766470379.628798,0.5044947687224449,0.36863687907000875,1.0,1,False,,,,
1766470379.633616,0.5044947687224449,0.36863687907000875,1.0,1,False,,,,
1766470379.6389382,0.5044947687224449,0.36863687907000875,1.0,1,False,,,,
1766470379.641844,0.5044947687224449,0.36863687907000875,1.0,1,False,,,,
1766470379.6443899,0.5925853472847431,0.2071154868973034,0.9055787532616162,1,False,,,,
1766470379.8906019,0.5925853472847431,0.2071154868973034,0.9055787532616162,1,False,,,,
1766470379.8949912,0.6402570698825076,0.6053563195404053,0.0,1,False,,,,
1766470379.897894,0.6402570698825076,0.6053563195404053,0.0,1,False,,,,
1766470379.900277,0.6402570698825076,0.6053563195404053,0.0,1,False,,,,
1766470379.905169,0.6402570698825076,0.6053563195404053,0.0,1,False,,,,
1766470380.161827,0.6402570698825076,0.6053563195404053,0.0,1,False,,,,
1766470380.166523,0.5125311171782025,0.3568823243396224,1.0,1,False,,,,
1766470380.169633,0.5125311171782025,0.3568823243396224,1.0,1,False,,,,
1766470380.174248,0.5125311171782025,0.3568823243396224,1.0,1,False,,,,
1766470380.1769989,0.6400687381889233,0.6038235738621732,0.0,1,False,,,,
1766470380.485995,0.6400687381889233,0.6038235738621732,0.0,1,False,,,,
1766470380.4905658,0.6400687381889233,0.6038235738621732,0.0,1,False,,,,
1766470380.4937742,0.6400687381889233,0.6038235738621732,0.0,1,False,,,,
1766470380.498307,0.6400687381889233,0.6038235738621732,0.0,1,False,,,,
1766470380.50083,0.6400687381889233,0.6038235738621732,0.0,1,False,,,,
1766470380.708458,0.6400687381889233,0.6038235738621732,0.0,1,False,,,,
1766470380.7132,0.6400687381889233,0.6038235738621732,0.0,1,False,,,,
1766470380.716501,0.6400687381889233,0.6038235738621732,0.0,1,False,,,,
1766470380.719903,0.6400687381889233,0.6038235738621732,0.0,1,False,,,,
1766470380.724396,0.5200228957473265,0.39378454992273715,1.0,1,False,,,,
1766470380.979816,0.5200228957473265,0.39378454992273715,1.0,1,False,,,,
1766470380.984952,0.5243923424579682,0.38028379827618686,1.0,1,False,,,,
1766470380.98803,0.5243923424579682,0.38028379827618686,1.0,1,False,,,,
1766470380.9932249,0.5243923424579682,0.38028379827618686,1.0,1,False,,,,
1766470380.995805,0.6400687381889233,0.6038235738621732,0.0,1,False,,,,
1766470381.250272,0.6400687381889233,0.6038235738621732,0.0,1,False,,,,
1766470381.255587,0.4912414349554197,0.3595447160873788,1.0,1,False,,,,
1766470381.260726,0.4912414349554197,0.3595447160873788,1.0,1,False,,,,
1766470381.2635689,0.4912414349554197,0.3595447160873788,1.0,1,False,,,,
1766470381.2663171,0.1582920097483315,0.44352137937714087,0.9824730126960117,1,False,,,,
1766470381.730229,0.1582920097483315,0.44352137937714087,0.9824730126960117,1,False,,,,
1766470381.734655,0.6401421876595088,0.6047360749363359,0.0,1,False,,,,
1766470381.7373922,0.6401421876595088,0.6047360749363359,0.0,1,False,,,,
1766470381.7402828,0.6401421876595088,0.6047360749363359,0.0,1,False,,,,
1766470381.744378,0.3316132112634308,0.12981260695647556,0.959639749956817,1,False,,,,
1766470382.1430762,0.562024756438358,0.18900990757606717,0.3564154196862927,1,False,,,,
1766470382.1483788,0.562024756438358,0.18900990757606717,0.3564154196862927,1,False,,,,
1766470382.153383,0.562024756438358,0.18900990757606717,0.3564154196862927,1,False,,,,
1766470382.155782,0.5098027204379264,0.3638087092154265,1.0,1,False,,,,
1766470382.158011,0.5409501974089256,0.1475098122401064,0.33433663890254417,1,False,,,,
1766470382.468886,0.5409501974089256,0.1475098122401064,0.33433663890254417,1,False,,,,
1766470382.473471,0.5409501974089256,0.1475098122401064,0.33433663890254417,1,False,,,,
1766470382.4773278,0.47448185418515515,0.24539039758671244,0.9631950046909759,1,False,,,,
1766470382.4799302,0.47448185418515515,0.24539039758671244,0.9631950046909759,1,False,,,,
1766470382.484446,0.5222218804590971,0.3713846615598413,1.0,1,False,,,,
1766470382.73924,0.5222218804590971,0.3713846615598413,1.0,1,False,,,,
1766470382.743859,0.33021886237151,0.19126509517352308,0.995,1,False,,,,
1766470382.7464561,0.33021886237151,0.19126509517352308,0.995,1,False,,,,
1766470382.749106,0.33021886237151,0.19126509517352308,0.995,1,False,,,,
1766470382.753237,0.56980797810812,0.2062077355788432,0.21415765078397708,1,False,,,,
1766470383.114691,0.23721387406874817,0.4235654308532121,0.995,1,False,,,,
1766470383.119649,0.23721387406874817,0.4235654308532121,0.995,1,False,,,,
1766470383.12391,0.23721387406874817,0.4235654308532121,0.995,1,False,,,,
1766470383.126467,0.2372324692667259,0.42499142916088606,0.995,1,False,,,,
1766470383.129646,0.2700154954485377,0.41525500458228415,0.995,1,False,,,,
1766470383.356529,0.2700154954485377,0.41525500458228415,0.995,1,False,,,,
1766470383.360747,0.2700154954485377,0.41525500458228415,0.995,1,False,,,,
1766470383.363783,0.2598362269810514,0.3986806137591128,0.953934017775717,1,False,,,,
1766470383.366326,0.2598362269810514,0.3986806137591128,0.953934017775717,1,False,,,,
1766470383.368844,0.5321029513388216,0.35466099125728756,1.0,1,False,,,,
1766470383.5935519,0.5321029513388216,0.35466099125728756,1.0,1,False,,,,
1766470383.5987258,0.5317336190539933,0.35582424541816793,1.0,1,False,,,,
1766470383.6016278,0.5317336190539933,0.35582424541816793,1.0,1,False,,,,
1766470383.6071029,0.5317336190539933,0.35582424541816793,1.0,1,False,,,,
1766470383.609675,0.4241651047770795,0.10039433720779856,0.995,1,False,,,,
1766470383.9341,0.42431114078555804,0.10461339814198722,0.8909823596477509,1,False,,,,
1766470383.93837,0.42431114078555804,0.10461339814198722,0.8909823596477509,1,False,,,,
1766470383.9424279,0.42431114078555804,0.10461339814198722,0.8909823596477509,1,False,,,,
1766470383.945198,0.42431114078555804,0.10461339814198722,0.8909823596477509,1,False,,,,
1766470383.9484851,0.5025987282124446,0.2810498529278689,0.9686744091044699,1,False,,,,
1766470384.22107,0.5025987282124446,0.2810498529278689,0.9686744091044699,1,False,,,,
1766470384.226685,0.5025987282124446,0.2810498529278689,0.9686744091044699,1,False,,,,
1766470384.22925,0.5025987282124446,0.2810498529278689,0.9686744091044699,1,False,,,,
1766470384.233602,0.5025987282124446,0.2810498529278689,0.9686744091044699,1,False,,,,
1766470384.2365298,0.5182240837259074,0.1857910712493268,0.9390294156071588,2,False,,,,
1766470384.628021,0.5182240837259074,0.1857910712493268,0.9390294156071588,2,False,,,,
1766470384.632904,0.5182240837259074,0.1857910712493268,0.9390294156071588,2,False,,,,
1766470384.635974,0.6401563086336574,0.6043800151196262,0.0,2,False,,,,
1766470384.6389701,0.6401563086336574,0.6043800151196262,0.0,2,False,,,,
1766470384.6415942,0.6401563086336574,0.6043800151196262,0.0,1,False,,,,
1766470384.854282,0.6401563086336574,0.6043800151196262,0.0,1,False,,,,
1766470384.859694,0.5447851067331932,0.36697067284127205,1.0,1,False,,,,
1766470384.864539,0.5447851067331932,0.36697067284127205,1.0,1,False,,,,
1766470384.8673851,0.5447851067331932,0.36697067284127205,1.0,1,False,,,,
1766470384.8701382,0.6401563086336574,0.6043800151196262,0.0,1,False,,,,
1766470385.156666,0.4914565340393418,0.3822202321388031,1.0,1,False,,,,
1766470385.162703,0.4914565340393418,0.3822202321388031,1.0,1,False,,,,
1766470385.16752,0.4914565340393418,0.3822202321388031,1.0,1,False,,,,
1766470385.170378,0.4904509044780238,0.38503174543339447,1.0,1,False,,,,
1766470385.172788,0.6399013768370865,0.602088273149512,0.0,1,False,,,,
1766470385.423511,0.6399013768370865,0.602088273149512,0.0,1,False,,,,
1766470385.429725,0.6399013768370865,0.602088273149512,0.0,1,False,,,,
1766470385.435008,0.6399013768370865,0.602088273149512,0.0,1,False,,,,
1766470385.4379258,0.6399013768370865,0.602088273149512,0.0,1,False,,,,
1766470385.4402828,0.5320143353634194,0.37996034618324515,1.0,1,False,,,,
1766470385.695626,0.5320143353634194,0.37996034618324515,1.0,1,False,,,,
1766470385.700309,0.5320143353634194,0.37996034618324515,1.0,1,False,,,,
1766470385.70469,0.5320143353634194,0.37996034618324515,1.0,1,False,,,,
1766470385.7074828,0.38581667746836895,0.41766236665902534,0.995,1,False,,,,
1766470385.7104168,0.5265629899772317,0.7300802004811263,0.9234979748725891,2,False,,,,
1766470386.1210601,0.5265629899772317,0.7300802004811263,0.9234979748725891,2,False,,,,
1766470386.125793,0.5265629899772317,0.7300802004811263,0.9234979748725891,2,False,,,,
1766470386.128582,0.5245062837970049,0.7360558011303187,0.9674718976020813,2,False,,,,
1766470386.1321752,0.5245062837970049,0.7360558011303187,0.9674718976020813,2,False,,,,
1766470386.13772,0.5134745693385868,0.6783058861273241,0.9481373429298401,1,False,,,,
1766470386.348377,0.6399257890226007,0.6022729852604538,0.0,1,False,,,,
1766470386.354084,0.6399257890226007,0.6022729852604538,0.0,1,False,,,,
1766470386.358473,0.6399257890226007,0.6022729852604538,0.0,1,False,,,,
1766470386.361304,0.6399257890226007,0.6022729852604538,0.0,1,False,,,,
1766470386.3666718,0.6399257890226007,0.6022729852604538,0.0,2,False,,,,
1766470386.625996,0.6399257890226007,0.6022729852604538,0.0,2,False,,,,
1766470386.6307242,0.6399257890226007,0.6022729852604538,0.0,2,False,,,,
1766470386.6336582,0.6399257890226007,0.6022729852604538,0.0,2,False,,,,
1766470386.636953,0.6399257890226007,0.6022729852604538,0.0,2,False,,,,
1766470386.642972,0.4685885790883503,0.5753077235019822,0.30156402173034424,1,False,,,,
1766470386.8746939,0.4685885790883503,0.5753077235019822,0.30156402173034424,1,False,,,,
1766470386.879392,0.6399257890226007,0.6022729852604538,0.0,1,False,,,,
1766470386.883431,0.6399257890226007,0.6022729852604538,0.0,1,False,,,,
1766470386.8861592,0.6399257890226007,0.6022729852604538,0.0,1,False,,,,
1766470386.891427,0.42861484262378235,0.26470818537347496,0.9361720979213715,2,False,,,,
1766470387.262188,0.42861484262378235,0.26470818537347496,0.9361720979213715,2,False,,,,
1766470387.267093,0.539842346229787,0.13712182813972906,0.16471914632682516,2,False,,,,
1766470387.270636,0.539842346229787,0.13712182813972906,0.16471914632682516,2,False,,,,
1766470387.272888,0.539842346229787,0.13712182813972906,0.16471914632682516,2,False,,,,
1766470387.277398,0.5370160025499678,0.14353268533234864,0.995,1,False,,,,
1766470387.49559,0.5370160025499678,0.14353268533234864,0.995,1,False,,,,
1766470387.500372,0.5401329515483668,0.1423791195890557,0.8958871130018591,1,False,,,,
1766470387.50352,0.5401329515483668,0.1423791195890557,0.8958871130018591,1,False,,,,
1766470387.508161,0.5401329515483668,0.1423791195890557,0.8958871130018591,1,False,,,,
1766470387.511254,0.5103432734917409,0.4152205277697243,1.0,1,False,,,,
1766470387.825517,0.5103432734917409,0.4152205277697243,1.0,1,False,,,,
1766470387.831084,0.5103432734917409,0.4152205277697243,1.0,1,False,,,,
1766470387.833792,0.5103432734917409,0.4152205277697243,1.0,1,False,,,,
1766470387.838102,0.639906918521272,0.6022084899809936,0.0,1,False,,,,
1766470387.8407838,0.639906918521272,0.6022084899809936,0.0,1,False,,,,
1766470388.093096,0.5089139157449689,0.40920336272109403,1.0,1,False,,,,
1766470388.098402,0.5089139157449689,0.40920336272109403,1.0,1,False,,,,
1766470388.10131,0.5089139157449689,0.40920336272109403,1.0,1,False,,,,
1766470388.104008,0.697012485298258,0.1769147518783123,0.8894660762867379,1,False,,,,
1766470388.10807,0.6399136692782219,0.6022273906835892,0.0,1,False,,,,
1766470388.9481878,0.6399136692782219,0.6022273906835892,0.0,1,False,,,,
1766470388.953685,0.6399136692782219,0.6022273906835892,0.0,1,False,,,,
1766470388.957084,0.6399136692782219,0.6022273906835892,0.0,1,False,,,,
1766470388.960308,0.4927185800806355,0.4052668880534699,1.0,1,False,,,,
1766470388.962987,0.49378238868278074,0.4057418168688415,1.0,1,False,,,,
1766470389.262152,0.4936402586578244,0.4049679691772369,1.0,1,False,,,,
1766470389.267327,0.4936402586578244,0.4049679691772369,1.0,1,False,,,,
1766470389.27172,0.4936402586578244,0.4049679691772369,1.0,1,False,,,,
1766470389.2742631,0.49319227613066624,0.40389125763726497,1.0,1,False,,,,
1766470389.2775512,0.6398921629459636,0.602079885908303,0.0,1,False,,,,
1766470389.502748,0.6398921629459636,0.602079885908303,0.0,1,False,,,,
1766470389.5072541,0.6398921629459636,0.602079885908303,0.0,1,False,,,,
1766470389.510256,0.6398921629459636,0.602079885908303,0.0,1,False,,,,
1766470389.5127969,0.5058314577374519,0.406006114167359,1.0,1,False,,,,
1766470389.515511,0.4813717687833087,0.5230992977706491,0.8592575206395046,1,False,,,,
1766470389.724017,0.4813717687833087,0.5230992977706491,0.8592575206395046,1,False,,,,
1766470389.728176,0.4813717687833087,0.5230992977706491,0.8592575206395046,1,False,,,,
1766470389.732755,0.4835072675472659,0.5185143591003987,0.8566159841962067,1,False,,,,
1766470389.735351,0.4835072675472659,0.5185143591003987,0.8566159841962067,1,False,,,,
1766470389.741119,0.5107510634430954,0.40496622869191023,1.0,1,False,,,,
1766470390.075796,0.5107510634430954,0.40496622869191023,1.0,1,False,,,,
1766470390.0801861,0.5107510634430954,0.40496622869191023,1.0,1,False,,,,
1766470390.082858,0.4742306804505011,0.5551202509801056,0.924913137253508,1,False,,,,
1766470390.086381,0.4742306804505011,0.5551202509801056,0.924913137253508,1,False,,,,
1766470390.08896,0.6398724150188292,0.6018715940538603,0.0,1,False,,,,
1766470390.307966,0.6398724150188292,0.6018715940538603,0.0,1,False,,,,
1766470390.312639,0.6398724150188292,0.6018715940538603,0.0,1,False,,,,
1766470390.315744,0.49929727099764987,0.3982590734214052,1.0,1,False,,,,
1766470390.318441,0.49929727099764987,0.3982590734214052,1.0,1,False,,,,
1766470390.322625,0.48752147172836713,0.4133865945332198,1.0,1,False,,,,
1766470390.54071,0.4893787528813435,0.4139378464887804,1.0,1,False,,,,
1766470390.546911,0.4893787528813435,0.4139378464887804,1.0,1,False,,,,
1766470390.549493,0.4893787528813435,0.4139378464887804,1.0,1,False,,,,
1766470390.552468,0.4919295837100076,0.4106279649791038,1.0,1,False,,,,
1766470390.55515,0.5101808722872996,0.4156571520962973,1.0,1,False,,,,
1766470390.780237,0.5101808722872996,0.4156571520962973,1.0,1,False,,,,
1766470390.7849002,0.48826715393513426,0.6204584904271182,0.9177630033643356,1,False,,,,
1766470390.788526,0.48826715393513426,0.6204584904271182,0.9177630033643356,1,False,,,,
1766470390.792207,0.48826715393513426,0.6204584904271182,0.9177630033643356,1,False,,,,
1766470390.796567,0.5293150229761808,0.31662449537163606,0.933556243579531,1,False,,,,
1766470391.014136,0.5293150229761808,0.31662449537163606,0.933556243579531,1,False,,,,
1766470391.0184808,0.5267197908107503,0.3336125164887437,0.8834484042890995,1,False,,,,
1766470391.0212119,0.5278483583296436,0.333854436814213,0.8834484042890995,1,False,,,,
1766470391.023666,0.5278483583296436,0.333854436814213,0.8834484042890995,1,False,,,,
1766470391.027958,0.6398724150188292,0.6018715940538603,0.0,1,False,,,,
1766470391.28897,0.6399021170454485,0.6021340353151938,0.0,1,False,,,,
1766470391.29359,0.6399021170454485,0.6021340353151938,0.0,1,False,,,,
1766470391.297513,0.6399021170454485,0.6021340353151938,0.0,1,False,,,,
1766470391.300171,0.6399021170454485,0.6021340353151938,0.0,1,False,,,,
1766470391.3030882,0.6399021170454485,0.6021340353151938,0.0,1,False,,,,
1766470391.6923578,0.49831638446810256,0.4172732158150051,1.0,1,False,,,,
1766470391.697099,0.49831638446810256,0.4172732158150051,1.0,1,False,,,,
1766470391.702415,0.49831638446810256,0.4172732158150051,1.0,1,False,,,,
1766470391.7069068,0.6586820275254246,0.055896822769148535,0.9595595126370081,1,False,,,,
1766470391.70953,0.5654544755982441,0.14130912959396968,0.8858504772230669,1,False,,,,
1766470391.929146,0.5654544755982441,0.14130912959396968,0.8858504772230669,1,False,,,,
1766470391.9346151,0.5654544755982441,0.14130912959396968,0.8858504772230669,1,False,,,,
1766470391.937197,0.5654544755982441,0.14130912959396968,0.8858504772230669,1,False,,,,
1766470391.940066,0.6399021170454485,0.6021340353151938,0.0,1,False,,,,
1766470391.942873,0.6399021170454485,0.6021340353151938,0.0,1,False,,,,
1766470392.18129,0.6399021170454485,0.6021340353151938,0.0,1,False,,,,
1766470392.18542,0.6399021170454485,0.6021340353151938,0.0,1,False,,,,
1766470392.1879702,0.6399021170454485,0.6021340353151938,0.0,1,False,,,,
1766470392.191425,0.5202777821024342,0.4019636340254731,1.0,1,False,,,,
1766470392.194276,0.43189231113530163,0.3764191593966315,0.995,2,False,,,,
1766470392.466485,0.43189231113530163,0.3764191593966315,0.995,2,False,,,,
1766470392.471052,0.43189231113530163,0.3764191593966315,0.995,2,False,,,,
1766470392.473805,0.43189231113530163,0.3764191593966315,0.995,2,False,,,,
1766470392.4761899,0.549076408873865,0.2111149416366771,0.2053257632071294,2,False,,,,
1766470392.478441,0.6398196833571832,0.6016374913303767,0.0,1,False,,,,
1766470392.8160799,0.6398196833571832,0.6016374913303767,0.0,1,False,,,,
1766470392.822071,0.6398196833571832,0.6016374913303767,0.0,1,False,,,,
1766470392.824666,0.6398196833571832,0.6016374913303767,0.0,1,False,,,,
1766470392.827518,0.6398196833571832,0.6016374913303767,0.0,1,False,,,,
1766470392.830018,0.5548461452299366,0.6342513131283221,1.0,1,False,,,,
1766470393.045578,0.5548461452299366,0.6342513131283221,1.0,1,False,,,,
1766470393.050195,0.5509651380112285,0.6321526992860546,1.0,1,False,,,,
1766470393.055239,0.5509651380112285,0.6321526992860546,1.0,1,False,,,,
1766470393.059884,0.5509651380112285,0.6321526992860546,1.0,1,False,,,,
1766470393.062836,0.6396830404605389,0.6005796121698146,0.0,1,False,,,,
1766470393.382439,0.6396830404605389,0.6005796121698146,0.0,1,False,,,,
1766470393.38719,0.508096948660486,0.42240867310683894,1.0,1,False,,,,
1766470393.391402,0.508096948660486,0.42240867310683894,1.0,1,False,,,,
1766470393.394272,0.508096948660486,0.42240867310683894,1.0,1,False,,,,
1766470393.3964942,0.5477959131656591,0.08974262180167958,0.9387616721737722,1,False,,,,
1766470393.780596,0.5477959131656591,0.08974262180167958,0.9387616721737722,1,False,,,,
1766470393.785588,0.6396830404605389,0.6005796121698146,0.0,1,False,,,,
1766470393.788355,0.6396830404605389,0.6005796121698146,0.0,1,False,,,,
1766470393.7926679,0.6396830404605389,0.6005796121698146,0.0,1,False,,,,
1766470393.79718,0.6396830404605389,0.6005796121698146,0.0,1,False,,,,
1766470394.060887,0.6396830404605389,0.6005796121698146,0.0,1,False,,,,
1766470394.066659,0.5040015811971571,0.5091034869872446,0.99,1,False,,,,
1766470394.0700102,0.5040015811971571,0.5091034869872446,0.99,1,False,,,,
1766470394.0727198,0.5040015811971571,0.5091034869872446,0.99,1,False,,,,
1766470394.0782661,0.5662533288198127,0.2775835736033878,0.44959388987716015,1,False,,,,
1766470394.2983098,0.5662533288198127,0.2775835736033878,0.44959388987716015,1,False,,,,
1766470394.3034098,0.5663190726063656,0.27781942176136587,0.5136254371105258,1,False,,,,
1766470394.306268,0.5663190726063656,0.27781942176136587,0.5136254371105258,1,False,,,,
1766470394.308568,0.5663190726063656,0.27781942176136587,0.5136254371105258,1,False,,,,
1766470394.313015,0.41169212077587963,0.6977595863832349,0.9062956127753147,1,False,,,,
1766470394.544211,0.41169212077587963,0.6977595863832349,0.9062956127753147,1,False,,,,
1766470394.548366,0.41169212077587963,0.6977595863832349,0.9062956127753147,1,False,,,,
1766470394.5508401,0.41169212077587963,0.6977595863832349,0.9062956127753147,1,False,,,,
1766470394.553271,0.41169212077587963,0.6977595863832349,0.9062956127753147,1,False,,,,
1766470394.555686,0.5729415408746912,0.2882625392573015,0.2776997874193528,1,False,,,,
1766470394.775122,0.5729415408746912,0.2882625392573015,0.2776997874193528,1,False,,,,
1766470394.78077,0.5729415408746912,0.2882625392573015,0.2776997874193528,1,False,,,,
1766470394.786902,0.5729415408746912,0.2882625392573015,0.2776997874193528,1,False,,,,
1766470394.790216,0.5713620059930351,0.29953817483490996,0.38290947375300605,1,False,,,,
1766470394.7929258,0.5667147705030549,0.2572663124036916,0.49495141199860215,1,False,,,,
1766470395.011225,0.5006561567522121,0.702482227695215,1.0,1,False,,,,
1766470395.018351,0.5006561567522121,0.702482227695215,1.0,1,False,,,,
1766470395.021329,0.5006561567522121,0.702482227695215,1.0,1,False,,,,
1766470395.025873,0.5577027859867002,0.24450312236025473,0.5438986193429861,1,False,,,,
1766470395.028525,0.5625487566456766,0.2549325390339816,0.4754330998811584,1,False,,,,
1766470395.247824,0.19661529316608012,0.6013714420667184,0.869907720039598,1,False,,,,
1766470395.254121,0.19661529316608012,0.6013714420667184,0.869907720039598,1,False,,,,
1766470395.2588968,0.5626229064782322,0.2551373346808459,0.5180866562301354,1,False,,,,
1766470395.2617521,0.5626229064782322,0.2551373346808459,0.5180866562301354,1,False,,,,
1766470395.264343,0.5683623252542689,0.26159415507419204,0.3528236638937003,1,False,,,,
1766470395.4789271,0.4866713898728857,0.5302730745831914,1.0,1,False,,,,
1766470395.484434,0.4866713898728857,0.5302730745831914,1.0,1,False,,,,
1766470395.48894,0.4866713898728857,0.5302730745831914,1.0,1,False,,,,
1766470395.4919171,0.12737805191404328,0.5521993829168155,0.8660930549008987,1,False,,,,
1766470395.494548,0.5693670540873923,0.26446549311964307,0.5919434061965296,2,False,,,,
1766470395.804812,0.5693670540873923,0.26446549311964307,0.5919434061965296,2,False,,,,
1766470395.810821,0.4960028842562057,0.520775443942138,1.0,2,False,,,,
1766470395.8146272,0.4960028842562057,0.520775443942138,1.0,2,False,,,,
1766470395.818987,0.4960028842562057,0.520775443942138,1.0,2,False,,,,
1766470395.822161,0.33843161213797057,0.5078652596823424,0.9296534707235942,2,False,,,,
1766470396.117444,0.33843161213797057,0.5078652596823424,0.9296534707235942,2,False,,,,
1766470396.122485,0.33843161213797057,0.5078652596823424,0.9296534707235942,2,False,,,,
1766470396.125185,0.33843161213797057,0.5078652596823424,0.9296534707235942,2,False,,,,
1766470396.1277912,0.33843161213797057,0.5078652596823424,0.9296534707235942,2,False,,,,
1766470396.130372,0.5427726480656097,0.4792174021754012,1.0,2,False,,,,
1766470396.408598,0.5427726480656097,0.4792174021754012,1.0,2,False,,,,
1766470396.413804,0.5430959165684883,0.4785092075586158,1.0,2,False,,,,
1766470396.419248,0.34110473608641106,0.7191401239073176,0.995,2,False,,,,
1766470396.423869,0.34110473608641106,0.7191401239073176,0.995,2,False,,,,
1766470396.427142,0.6397777990800708,0.6012440610633255,0.0,2,False,,,,
1766470396.801179,0.6397777990800708,0.6012440610633255,0.0,2,False,,,,
1766470396.80685,0.6397777990800708,0.6012440610633255,0.0,2,False,,,,
1766470396.8113542,0.6397777990800708,0.6012440610633255,0.0,2,False,,,,
1766470396.814555,0.6397777990800708,0.6012440610633255,0.0,2,False,,,,
1766470396.817148,0.6397777990800708,0.6012440610633255,0.0,1,False,,,,
1766470397.046748,0.6397777990800708,0.6012440610633255,0.0,1,False,,,,
1766470397.0512671,0.5103314456750561,0.5045694411135334,0.9359268271866332,1,False,,,,
1766470397.05491,0.5103314456750561,0.5045694411135334,0.9359268271866332,1,False,,,,
1766470397.0598788,0.5103314456750561,0.5045694411135334,0.9359268271866332,1,False,,,,
1766470397.0640728,0.5521725807684584,0.8297986503885386,0.8936790334830325,1,False,,,,
1766470397.336185,0.6396801740595806,0.6004669506380521,0.0,1,False,,,,
1766470397.34126,0.6396801740595806,0.6004669506380521,0.0,1,False,,,,
1766470397.3460732,0.6396801740595806,0.6004669506380521,0.0,1,False,,,,
1766470397.3487659,0.6396801740595806,0.6004669506380521,0.0,1,False,,,,
1766470397.351439,0.6396801740595806,0.6004669506380521,0.0,1,False,,,,
1766470397.626082,0.6396801740595806,0.6004669506380521,0.0,1,False,,,,
1766470397.630778,0.6396801740595806,0.6004669506380521,0.0,1,False,,,,
1766470397.6338072,0.6396801740595806,0.6004669506380521,0.0,1,False,,,,
1766470397.636478,0.6396801740595806,0.6004669506380521,0.0,1,False,,,,
1766470397.6388962,0.47615737513044526,0.5595356724781847,0.8632356654480662,1,False,,,,
1766470397.8557792,0.6396801740595806,0.6004669506380521,0.0,1,False,,,,
1766470397.86017,0.6396801740595806,0.6004669506380521,0.0,1,False,,,,
1766470397.864685,0.6396801740595806,0.6004669506380521,0.0,1,False,,,,
1766470397.867867,0.6396801740595806,0.6004669506380521,0.0,1,False,,,,
1766470397.8709052,0.5248093302599768,0.4654959383121703,1.0,1,False,,,,
1766470398.10381,0.5248093302599768,0.4654959383121703,1.0,1,False,,,,
1766470398.108958,0.5228846495345412,0.4619711368602306,1.0,1,False,,,,
1766470398.11224,0.5228846495345412,0.4619711368602306,1.0,1,False,,,,
1766470398.1184971,0.5228846495345412,0.4619711368602306,1.0,1,False,,,,
1766470398.121495,0.4413826625993586,0.4575434461605221,0.9464990279753884,1,False,,,,
1766470398.416259,0.4413826625993586,0.4575434461605221,0.9464990279753884,1,False,,,,
1766470398.420832,0.4413826625993586,0.4575434461605221,0.9464990279753884,1,False,,,,
1766470398.4235258,0.4413826625993586,0.4575434461605221,0.9464990279753884,1,False,,,,
1766470398.4289012,0.44235993913434213,0.45918786507632137,0.8702759742736816,1,False,,,,
1766470398.431412,0.5435270548310651,0.4312432938322157,0.9142323286726908,1,False,,,,
1766470398.733696,0.5435270548310651,0.4312432938322157,0.9142323286726908,1,False,,,,
1766470398.7392151,0.5435270548310651,0.4312432938322157,0.9142323286726908,1,False,,,,
1766470398.742295,0.6396837270729635,0.6004049458105963,0.0,1,False,,,,
1766470398.744991,0.6396837270729635,0.6004049458105963,0.0,1,False,,,,
1766470398.747508,0.5446646559758823,0.2216411964151267,0.15753278185657482,1,False,,,,
1766470398.9522948,0.5446646559758823,0.2216411964151267,0.15753278185657482,1,False,,,,
1766470398.957139,0.5446646559758823,0.2216411964151267,0.15753278185657482,1,False,,,,
1766470398.95967,0.5446646559758823,0.2216411964151267,0.15753278185657482,1,False,,,,
1766470398.962469,0.5677030573847764,0.3426353606157686,0.995,1,False,,,,
1766470398.965631,0.6396837270729635,0.6004049458105963,0.0,1,False,,,,
1766470399.2329102,0.6396837270729635,0.6004049458105963,0.0,1,False,,,,
1766470399.2381551,0.6396837270729635,0.6004049458105963,0.0,1,False,,,,
1766470399.243212,0.6396837270729635,0.6004049458105963,0.0,1,False,,,,
1766470399.24628,0.5452230637366307,0.48076384243983994,1.0,1,False,,,,
1766470399.249454,0.5720663112050216,0.20248116420668127,0.8570005670510656,1,False,,,,
1766470399.469708,0.5720663112050216,0.20248116420668127,0.8570005670510656,1,False,,,,
1766470399.474964,0.5720663112050216,0.20248116420668127,0.8570005670510656,1,False,,,,
1766470399.47784,0.5378957368537441,0.29621573189640027,0.8961539748238836,1,False,,,,
1766470399.480466,0.5396997269971491,0.29322000251260993,0.8961539748238836,1,False,,,,
1766470399.482924,0.6397232689945056,0.6005920849324121,0.0,1,False,,,,
1766470399.754399,0.6397232689945056,0.6005920849324121,0.0,1,False,,,,
1766470399.759116,0.6397232689945056,0.6005920849324121,0.0,1,False,,,,
1766470399.76387,0.6397232689945056,0.6005920849324121,0.0,1,False,,,,
1766470399.766253,0.6397232689945056,0.6005920849324121,0.0,1,False,,,,
1766470399.768543,0.6397232689945056,0.6005920849324121,0.0,1,False,,,,
1766470399.9934452,0.6397232689945056,0.6005920849324121,0.0,1,False,,,,
1766470399.998523,0.6397232689945056,0.6005920849324121,0.0,1,False,,,,
1766470400.001764,0.6397232689945056,0.6005920849324121,0.0,1,False,,,,
1766470400.004735,0.6397232689945056,0.6005920849324121,0.0,1,False,,,,
1766470400.010311,0.6396110289473962,0.5999466115877646,0.0,1,False,,,,
1766470400.43434,0.5230687331891744,0.4888948733402684,1.0,1,False,,,,
1766470400.4395678,0.5230687331891744,0.4888948733402684,1.0,1,False,,,,
1766470400.443966,0.5230687331891744,0.4888948733402684,1.0,1,False,,,,
1766470400.447222,0.5230687331891744,0.4888948733402684,1.0,1,False,,,,
1766470400.452325,0.6396110289473962,0.5999466115877646,0.0,1,False,,,,
1766470400.750468,0.6396110289473962,0.5999466115877646,0.0,1,False,,,,
1766470400.755413,0.5539410751908644,0.4760441725216875,1.0,1,False,,,,
1766470400.759032,0.5539410751908644,0.4760441725216875,1.0,1,False,,,,
1766470400.763466,0.5539410751908644,0.4760441725216875,1.0,1,False,,,,
1766470400.766046,0.5412987045267263,0.39915844451454485,0.91087453794502,1,False,,,,
1766470400.978845,0.5412987045267263,0.39915844451454485,0.91087453794502,1,False,,,,
1766470400.9834309,0.5412987045267263,0.39915844451454485,0.91087453794502,1,False,,,,
1766470400.986584,0.6396110289473962,0.5999466115877646,0.0,1,False,,,,
1766470400.99039,0.6396110289473962,0.5999466115877646,0.0,1,False,,,,
1766470400.9959738,0.6396110289473962,0.5999466115877646,0.0,1,False,,,,
1766470401.2289522,0.6396110289473962,0.5999466115877646,0.0,1,False,,,,
1766470401.23399,0.6396110289473962,0.5999466115877646,0.0,1,False,,,,
1766470401.236361,0.6396110289473962,0.5999466115877646,0.0,1,False,,,,
1766470401.23958,0.6161732957923512,0.3125832079063964,0.9640474548755658,1,False,,,,
1766470401.2419379,0.554730076282283,0.46656712628251107,1.0,1,False,,,,
1766470401.484381,0.554730076282283,0.46656712628251107,1.0,1,False,,,,
1766470401.489568,0.5545785311515182,0.46648625886717454,1.0,1,False,,,,
1766470401.4928482,0.5542871901482564,0.46805942185459126,1.0,1,False,,,,
1766470401.4953852,0.5542871901482564,0.46805942185459126,1.0,1,False,,,,
1766470401.499607,0.5346182588741346,0.47971597396322174,1.0,1,False,,,,
1766470401.72097,0.5346182588741346,0.47971597396322174,1.0,1,False,,,,
1766470401.725208,0.5346182588741346,0.47971597396322174,1.0,1,False,,,,
1766470401.72819,0.5341517370568389,0.48240711158872107,1.0,1,False,,,,
1766470401.732991,0.5341517370568389,0.48240711158872107,1.0,1,False,,,,
1766470401.737781,0.5579034235329953,0.46299497844420223,1.0,1,False,,,,
1766470401.9583921,0.5588167760060682,0.46141711057523294,1.0,1,False,,,,
1766470401.963884,0.5588167760060682,0.46141711057523294,1.0,1,False,,,,
1766470401.969492,0.5588167760060682,0.46141711057523294,1.0,1,False,,,,
1766470401.972825,0.5588167760060682,0.46141711057523294,1.0,1,False,,,,
1766470401.975135,0.5307827664002913,0.47879292806398976,1.0,1,False,,,,
1766470402.4235368,0.5307827664002913,0.47879292806398976,1.0,1,False,,,,
1766470402.428187,0.5307827664002913,0.47879292806398976,1.0,1,False,,,,
1766470402.431155,0.6396049291713194,0.599785588318746,0.0,1,False,,,,
1766470402.433673,0.6396049291713194,0.599785588318746,0.0,1,False,,,,
1766470402.437622,0.5285707806344535,0.46927272808721254,1.0,1,False,,,,
1766470402.647645,0.5799182103909246,0.1744919152435791,0.9888655702478997,1,False,,,,
1766470402.652936,0.5799182103909246,0.1744919152435791,0.9888655702478997,1,False,,,,
1766470402.6574411,0.5799182103909246,0.1744919152435791,0.9888655702478997,1,False,,,,
1766470402.6598542,0.5799182103909246,0.1744919152435791,0.9888655702478997,1,False,,,,
1766470402.6623511,0.5402836173324019,0.4723379571208304,1.0,1,False,,,,
1766470402.8817458,0.5398558831060503,0.4692790914511664,1.0,1,False,,,,
1766470402.8867579,0.5336424908256789,0.29522088562245674,0.9053772837702521,1,False,,,,
1766470402.891412,0.5336424908256789,0.29522088562245674,0.9053772837702521,1,False,,,,
1766470402.894122,0.5336424908256789,0.29522088562245674,0.9053772837702521,1,False,,,,
1766470402.896759,0.5670435801832925,0.3063618685522178,0.91840861529432,1,False,,,,
1766470403.140037,0.6396049291713194,0.599785588318746,0.0,1,False,,,,
1766470403.1458828,0.6396049291713194,0.599785588318746,0.0,1,False,,,,
1766470403.1504698,0.6396049291713194,0.599785588318746,0.0,1,False,,,,
1766470403.153096,0.6396049291713194,0.599785588318746,0.0,1,False,,,,
1766470403.15562,0.5293813253248372,0.45890540237207467,1.0,1,False,,,,
1766470403.385463,0.5291093973262126,0.45625420475377987,1.0,1,False,,,,
1766470403.391349,0.5291093973262126,0.45625420475377987,1.0,1,False,,,,
1766470403.396235,0.5291093973262126,0.45625420475377987,1.0,1,False,,,,
1766470403.3991911,0.5291093973262126,0.45625420475377987,1.0,1,False,,,,
1766470403.4019682,0.6396064261703281,0.5998335765839969,0.0,1,False,,,,
1766470403.607591,0.6396064261703281,0.5998335765839969,0.0,1,False,,,,
1766470403.612448,0.6396064261703281,0.5998335765839969,0.0,1,False,,,,
1766470403.6153011,0.6396064261703281,0.5998335765839969,0.0,1,False,,,,
1766470403.618044,0.6396064261703281,0.5998335765839969,0.0,1,False,,,,
1766470403.622425,0.5229371460687896,0.5927958281578192,1.0,1,False,,,,
1766470403.8989089,0.5229371460687896,0.5927958281578192,1.0,1,False,,,,
1766470403.905833,0.6396064261703281,0.5998335765839969,0.0,1,False,,,,
1766470403.909327,0.6396064261703281,0.5998335765839969,0.0,1,False,,,,
1766470403.914536,0.6396064261703281,0.5998335765839969,0.0,1,False,,,,
1766470403.917193,0.536022709606183,0.5819373433533247,0.8771671922188189,1,False,,,,
1766470404.295264,0.5321788484577493,0.5799469312893925,0.8756691275215259,1,False,,,,
1766470404.300709,0.5321788484577493,0.5799469312893925,0.8756691275215259,1,False,,,,
1766470404.305364,0.5321788484577493,0.5799469312893925,0.8756691275215259,1,False,,,,
1766470404.308873,0.5405211016103912,0.21803598334334562,0.3431712493047559,1,False,,,,
1766470404.311842,0.54183084291005,0.21466910137849315,0.29401108196323433,1,False,,,,
1766470404.535427,0.54183084291005,0.21466910137849315,0.29401108196323433,1,False,,,,
1766470404.5398872,0.546595206303149,0.22360909787521388,0.31992132423556874,1,False,,,,
1766470404.5424519,0.546595206303149,0.22360909787521388,0.31992132423556874,1,False,,,,
1766470404.546156,0.546595206303149,0.22360909787521388,0.31992132423556874,1,False,,,,
1766470404.551805,0.42325998148194444,0.22491808274102087,0.995,1,False,,,,
1766470404.764874,0.42325998148194444,0.22491808274102087,0.995,1,False,,,,
1766470404.770654,0.42325998148194444,0.22491808274102087,0.995,1,False,,,,
1766470404.7732549,0.42325998148194444,0.22491808274102087,0.995,1,False,,,,
1766470404.776635,0.6396065712309776,0.5998897285361657,0.0,1,False,,,,
1766470404.779157,0.37865000616442945,0.47248075734787887,0.8864491841929332,1,False,,,,
1766470405.8047318,0.37660813915192337,0.4813726649976623,0.8677872334604386,1,False,,,,
1766470405.8108711,0.37660813915192337,0.4813726649976623,0.8677872334604386,1,False,,,,
1766470405.8136692,0.6396166270108493,0.5999092002390272,0.0,1,False,,,,
1766470405.818441,0.40597593843147123,0.40869885836673214,0.8635532184995799,1,False,,,,
1766470405.820723,0.5551847413150323,0.6580393228007045,1.0,1,False,,,,
1766470406.2994392,0.7985805978684242,-1.0889393061891104,0.8838226579378502,1,False,,,,
1766470406.306439,0.7985805978684242,-1.0889393061891104,0.8838226579378502,1,False,,,,
1766470406.3113222,0.7985805978684242,-1.0889393061891104,0.8838226579378502,1,False,,,,
1766470406.314425,0.5551080384892569,0.6603857108870673,1.0,1,False,,,,
1766470406.3172312,0.5448738199635041,0.21132292925257423,0.5324098300749699,1,False,,,,
1766470406.543757,0.5448738199635041,0.21132292925257423,0.5324098300749699,1,False,,,,
1766470406.549043,0.5448738199635041,0.21132292925257423,0.5324098300749699,1,False,,,,
1766470406.552381,0.5606701370181556,0.6394507189633033,1.0,1,False,,,,
1766470406.555079,0.5606701370181556,0.6394507189633033,1.0,1,False,,,,
1766470406.55937,0.7693142221746745,0.07791197954969342,0.8576324391217769,1,False,,,,
1766470406.766954,0.7693142221746745,0.07791197954969342,0.8576324391217769,1,False,,,,
1766470406.773968,0.7005678614742388,0.3469688038756402,0.858171144905044,1,False,,,,
1766470406.7779741,0.7005678614742388,0.3469688038756402,0.858171144905044,1,False,,,,
1766470406.783953,0.7005678614742388,0.3469688038756402,0.858171144905044,1,False,,,,
1766470406.786867,0.545479601321434,0.21946235864934616,0.444861474666923,1,False,,,,
1766470407.191898,0.545479601321434,0.21946235864934616,0.444861474666923,1,False,,,,
1766470407.198761,0.545479601321434,0.21946235864934616,0.444861474666923,1,False,,,,
1766470407.201796,0.5379030022969639,0.6507037508226282,0.9632493257522583,1,False,,,,
1766470407.205054,0.6891847034135221,0.33660932167710844,0.8411307592000523,1,False,,,,
1766470407.208302,0.6202918653906916,0.4690011544629439,0.8245594043336026,2,False,,,,
1766470407.570464,0.6202918653906916,0.4690011544629439,0.8245594043336026,2,False,,,,
1766470407.576097,0.6476241621506136,0.49072689354279575,0.8449882240095913,2,False,,,,
1766470407.580574,0.6476241621506136,0.49072689354279575,0.8449882240095913,2,False,,,,
1766470407.5865228,0.6476241621506136,0.49072689354279575,0.8449882240095913,2,False,,,,
1766470407.589994,0.5414735215081126,0.69385088492218,0.9757595062255859,2,False,,,,
1766470408.121716,0.5414735215081126,0.69385088492218,0.9757595062255859,2,False,,,,
1766470408.12714,0.5417754407167745,0.697975175891198,0.9764947891235352,2,False,,,,
1766470408.129985,0.5417754407167745,0.697975175891198,0.9764947891235352,2,False,,,,
1766470408.134463,0.5417754407167745,0.697975175891198,0.9764947891235352,2,False,,,,
1766470408.137076,0.5010292248387161,0.6699373701933476,0.99,0,False,,,,
1766470408.3240461,0.5010292248387161,0.6699373701933476,0.99,0,False,,,,
1766470408.3291671,0.5443095609519066,0.21369665517487935,0.3383576988470712,0,False,,,,
1766470408.332272,0.5443095609519066,0.21369665517487935,0.3383576988470712,0,False,,,,
1766470408.336789,0.5443095609519066,0.21369665517487935,0.3383576988470712,0,False,,,,
1766470408.341005,0.5446289235926853,0.2145628670699007,0.5086944163091689,0,False,,,,
1766470408.496064,0.4904968874068983,0.46641027125280665,1.0,0,False,,,,
1766470408.50196,0.4904968874068983,0.46641027125280665,1.0,0,False,,,,
1766470408.5066948,0.4904968874068983,0.46641027125280665,1.0,0,False,,,,
1766470408.509423,0.49221256165425853,0.46759336715920263,1.0,0,False,,,,
1766470408.513023,0.6289257316326071,0.23899815679230885,0.9332977151845729,1,False,,,,
1766470408.7223098,0.6289257316326071,0.23899815679230885,0.9332977151845729,1,False,,,,
1766470408.727193,0.6289257316326071,0.23899815679230885,0.9332977151845729,1,False,,,,
1766470408.730009,0.5404995579380334,0.20753098550505844,0.5783904647194933,1,False,,,,
1766470408.7326,0.5499029622266928,0.22506654710360585,0.4573904179354754,1,False,,,,
1766470408.7350888,0.5511940366005186,0.22224935604312146,0.4697409343249348,1,False,,,,
1766470408.99355,0.5511940366005186,0.22224935604312146,0.4697409343249348,1,False,,,,
1766470408.997961,0.5619627902170383,0.20386228019858788,0.8762618437482599,1,False,,,,
1766470409.0005682,0.5637997139735025,0.20619096517602908,0.8762618437482599,1,False,,,,
1766470409.003892,0.5637997139735025,0.20619096517602908,0.8762618437482599,1,False,,,,
1766470409.009619,0.629851418206791,0.19292371596252966,0.8838212837468764,1,False,,,,
1766470409.3116832,0.629851418206791,0.19292371596252966,0.8838212837468764,1,False,,,,
1766470409.3172338,0.6252338743063637,0.23788148816391053,0.995,1,False,,,,
1766470409.31996,0.6252338743063637,0.23788148816391053,0.995,1,False,,,,
1766470409.3245041,0.6252338743063637,0.23788148816391053,0.995,1,False,,,,
1766470409.327113,0.5218338985831886,0.18277854390339754,0.8579571216428631,1,False,,,,
1766470409.5316422,0.5218338985831886,0.18277854390339754,0.8579571216428631,1,False,,,,
1766470409.536726,0.639700219856719,0.600615537849334,0.0,1,False,,,,
1766470409.539826,0.639700219856719,0.600615537849334,0.0,1,False,,,,
1766470409.544328,0.639700219856719,0.600615537849334,0.0,1,False,,,,
1766470409.546808,0.639700219856719,0.600615537849334,0.0,1,False,,,,
1766470409.781172,0.639700219856719,0.600615537849334,0.0,1,False,,,,
1766470409.7863429,0.5625838225281766,0.16074214027093425,0.9399447824473994,1,False,,,,
1766470409.789578,0.5621693102933984,0.1621467575856974,0.9399447824473994,1,False,,,,
1766470409.7929962,0.5621693102933984,0.1621467575856974,0.9399447824473994,1,False,,,,
1766470409.798125,0.4455254384297974,0.44400640820129444,0.9399251988002311,1,False,,,,
1766470410.59647,0.4455254384297974,0.44400640820129444,0.9399251988002311,1,False,,,,
1766470410.602612,0.4455254384297974,0.44400640820129444,0.9399251988002311,1,False,,,,
1766470410.605644,0.48865484961939554,0.45509692061142504,1.0,1,False,,,,
1766470410.608565,0.42594462830424706,0.43552467076680446,0.9120612740516663,1,False,,,,
1766470410.611149,0.639700219856719,0.600615537849334,0.0,1,False,,,,
1766470411.020541,0.639700219856719,0.600615537849334,0.0,1,False,,,,
1766470411.025415,0.639700219856719,0.600615537849334,0.0,1,False,,,,
1766470411.0288482,0.639700219856719,0.600615537849334,0.0,1,False,,,,
1766470411.03184,0.639700219856719,0.600615537849334,0.0,1,False,,,,
1766470411.037642,0.639700219856719,0.600615537849334,0.0,1,False,,,,
1766470411.2391942,0.639700219856719,0.600615537849334,0.0,1,False,,,,
1766470411.244045,0.639700219856719,0.600615537849334,0.0,1,False,,,,
1766470411.24855,0.639700219856719,0.600615537849334,0.0,1,False,,,,
1766470411.254734,0.639700219856719,0.600615537849334,0.0,1,False,,,,
1766470411.2576451,-0.09956580238975059,0.181411074752585,0.995,2,False,,,,
1766470411.533087,-0.09956580238975059,0.181411074752585,0.995,2,False,,,,
1766470411.537626,-0.09956580238975059,0.181411074752585,0.995,2,False,,,,
1766470411.541894,0.639700219856719,0.600615537849334,0.0,2,False,,,,
1766470411.544317,0.639700219856719,0.600615537849334,0.0,2,False,,,,
1766470411.5474298,0.502127706235843,0.43825078465700984,1.0,1,False,,,,
1766470411.76134,0.502794852623011,0.4374677331391865,1.0,1,False,,,,
1766470411.766577,0.3686606447857677,0.4178993746726869,0.9013985693454742,1,False,,,,
1766470411.77108,0.3686606447857677,0.4178993746726869,0.9013985693454742,1,False,,,,
1766470411.7743318,0.3686606447857677,0.4178993746726869,0.9013985693454742,1,False,,,,
1766470411.776948,0.5138947581739821,0.790061347676067,0.926196277141571,1,False,,,,
1766470412.7343009,0.5134511997549772,0.7852619499980508,0.9732335805892944,1,False,,,,
1766470412.7403278,0.5134511997549772,0.7852619499980508,0.9732335805892944,1,False,,,,
1766470412.7453382,0.5134511997549772,0.7852619499980508,0.9732335805892944,1,False,,,,
1766470412.748208,0.5134511997549772,0.7852619499980508,0.9732335805892944,1,False,,,,
1766470412.7541661,0.6396463791977517,0.600489696767576,0.0,1,False,,,,
1766470412.978324,0.6396463791977517,0.600489696767576,0.0,1,False,,,,
1766470412.983551,0.6396463791977517,0.600489696767576,0.0,1,False,,,,
1766470412.987138,0.5020094493777894,0.6102588404276379,1.0,1,False,,,,
1766470412.9912908,0.5020094493777894,0.6102588404276379,1.0,1,False,,,,
1766470412.996634,0.3897101931276918,0.6735846452749342,0.9084127618725395,1,False,,,,
1766470413.252633,0.3897101931276918,0.6735846452749342,0.9084127618725395,1,False,,,,
1766470413.2587829,0.39190806693350516,0.6661640136897404,0.8505533992878325,1,False,,,,
1766470413.262285,0.39190806693350516,0.6661640136897404,0.8505533992878325,1,False,,,,
1766470413.267642,0.39190806693350516,0.6661640136897404,0.8505533992878325,1,False,,,,
1766470413.270997,0.48514104917653106,0.6143618307577683,1.0,1,False,,,,
1766470413.5469499,0.48514104917653106,0.6143618307577683,1.0,1,False,,,,
1766470413.551758,0.48514104917653106,0.6143618307577683,1.0,1,False,,,,
1766470413.554262,0.4876833583360277,0.62119853911636,0.9991862177848816,1,False,,,,
1766470413.5569558,0.4876833583360277,0.62119853911636,0.9991862177848816,1,False,,,,
1766470413.559191,0.4773736003313226,0.6224216498489358,0.9329638481140137,0,False,,,,
1766470413.78526,0.4773736003313226,0.6224216498489358,0.9329638481140137,0,False,,,,
1766470413.790556,0.6396463791977517,0.600489696767576,0.0,0,False,,,,
1766470413.794127,0.6396463791977517,0.600489696767576,0.0,0,False,,,,
1766470413.79795,0.6396463791977517,0.600489696767576,0.0,0,False,,,,
1766470413.8028648,0.6396463791977517,0.600489696767576,0.0,1,False,,,,
1766470414.034603,0.6396463791977517,0.600489696767576,0.0,1,False,,,,
1766470414.0394628,0.4913039955253969,0.6398058253005512,0.8778772354125977,1,False,,,,
1766470414.042738,0.4913039955253969,0.6398058253005512,0.8778772354125977,1,False,,,,
1766470414.0469,0.4913039955253969,0.6398058253005512,0.8778772354125977,1,False,,,,
1766470414.049527,0.6396463791977517,0.600489696767576,0.0,1,False,,,,
1766470414.276628,0.6396463791977517,0.600489696767576,0.0,1,False,,,,
1766470414.281852,0.6396463791977517,0.600489696767576,0.0,1,False,,,,
1766470414.2862,0.6396463791977517,0.600489696767576,0.0,1,False,,,,
1766470414.2889569,0.6396463791977517,0.600489696767576,0.0,1,False,,,,
1766470414.291957,0.6396463791977517,0.600489696767576,0.0,1,False,,,,
1766470414.53325,0.6396463791977517,0.600489696767576,0.0,1,False,,,,
1766470414.537816,0.6396463791977517,0.600489696767576,0.0,1,False,,,,
1766470414.540575,0.6396463791977517,0.600489696767576,0.0,1,False,,,,
1766470414.545423,0.6396463791977517,0.600489696767576,0.0,1,False,,,,
1766470414.5490172,0.4571438520014178,0.3754973708956575,1.0,0,False,,,,
1766470414.8571079,0.4571438520014178,0.3754973708956575,1.0,0,False,,,,
1766470414.862997,0.4585903650493222,0.3597479377274655,1.0,0,False,,,,
1766470414.866157,0.4585903650493222,0.3597479377274655,1.0,0,False,,,,
1766470414.870517,0.4585903650493222,0.3597479377274655,1.0,0,False,,,,
1766470414.873578,0.6396463791977517,0.600489696767576,0.0,1,False,,,,
1766470415.1375098,0.6396463791977517,0.600489696767576,0.0,1,False,,,,
1766470415.1420941,0.6396463791977517,0.600489696767576,0.0,1,False,,,,
1766470415.145001,0.6396463791977517,0.600489696767576,0.0,1,False,,,,
1766470415.147618,0.6396463791977517,0.600489696767576,0.0,1,False,,,,
1766470415.15135,0.6394996601753644,0.599553587130597,0.0,1,False,,,,
1766470415.3946218,0.6394996601753644,0.599553587130597,0.0,1,False,,,,
1766470415.3998568,0.6394996601753644,0.599553587130597,0.0,1,False,,,,
1766470415.404574,0.6394996601753644,0.599553587130597,0.0,1,False,,,,
1766470415.409051,0.6394996601753644,0.599553587130597,0.0,1,False,,,,
1766470415.4118688,0.6394996601753644,0.599553587130597,0.0,1,False,,,,
1766470415.637249,0.6394996601753644,0.599553587130597,0.0,1,False,,,,
1766470415.642285,0.6394996601753644,0.599553587130597,0.0,1,False,,,,
1766470415.645211,0.6394996601753644,0.599553587130597,0.0,1,False,,,,
1766470415.648183,0.6394996601753644,0.599553587130597,0.0,1,False,,,,
1766470415.6508539,-0.07896854258059767,0.6686181011141233,0.9493482508117175,0,False,,,,
1766470415.971926,-0.07896854258059767,0.6686181011141233,0.9493482508117175,0,False,,,,
1766470415.9768178,-0.07896854258059767,0.6686181011141233,0.9493482508117175,0,False,,,,
1766470415.9795752,-0.07896854258059767,0.6686181011141233,0.9493482508117175,0,False,,,,
1766470415.982131,0.4759894155874219,0.38083916927884953,1.0,0,False,,,,
1766470415.987753,0.6394996601753644,0.599553587130597,0.0,0,False,,,,
1766470416.164542,0.6394996601753644,0.599553587130597,0.0,0,False,,,,
1766470416.1701179,0.6394996601753644,0.599553587130597,0.0,0,False,,,,
1766470416.174678,0.6394996601753644,0.599553587130597,0.0,0,False,,,,
1766470416.177974,0.6394996601753644,0.599553587130597,0.0,0,False,,,,
1766470416.180665,0.2743687527352633,0.5136607241692229,0.995,1,False,,,,
1766470416.4199739,0.6396008458147522,0.6000200990789835,0.0,1,False,,,,
1766470416.424971,0.6396008458147522,0.6000200990789835,0.0,1,False,,,,
1766470416.430491,0.6396008458147522,0.6000200990789835,0.0,1,False,,,,
1766470416.433491,0.6396008458147522,0.6000200990789835,0.0,1,False,,,,
1766470416.436438,0.47353063699716136,0.3837281073924004,1.0,1,False,,,,
1766470416.666371,0.47353063699716136,0.3837281073924004,1.0,1,False,,,,
1766470416.6710851,0.46420446965448364,0.38773727900157584,1.0,1,False,,,,
1766470416.673747,0.46420446965448364,0.38773727900157584,1.0,1,False,,,,
1766470416.678418,0.46420446965448364,0.38773727900157584,1.0,1,False,,,,
1766470416.681066,0.6396008458147522,0.6000200990789835,0.0,1,False,,,,
1766470417.0058482,0.6396008458147522,0.6000200990789835,0.0,1,False,,,,
1766470417.011001,0.6396008458147522,0.6000200990789835,0.0,1,False,,,,
1766470417.01576,0.6396008458147522,0.6000200990789835,0.0,1,False,,,,
1766470417.01856,0.6396008458147522,0.6000200990789835,0.0,1,False,,,,
1766470417.020829,0.6396008458147522,0.6000200990789835,0.0,1,False,,,,
1766470417.26736,0.6396008458147522,0.6000200990789835,0.0,1,False,,,,
1766470417.271874,0.6396008458147522,0.6000200990789835,0.0,1,False,,,,
1766470417.275146,0.47487464209704944,0.358212355850813,1.0,1,False,,,,
1766470417.28107,0.47487464209704944,0.358212355850813,1.0,1,False,,,,
1766470417.286099,0.4768101970900995,0.36110505491687706,1.0,1,False,,,,
1766470417.5010922,0.4768101970900995,0.36110505491687706,1.0,1,False,,,,
1766470417.505547,0.4768101970900995,0.36110505491687706,1.0,1,False,,,,
1766470417.508248,0.4768101970900995,0.36110505491687706,1.0,1,False,,,,
1766470417.511071,0.48019178136884066,0.21712013633130278,0.9137761259606441,1,False,,,,
1766470417.5152378,0.639649161149218,0.6002066250658676,0.0,1,False,,,,
1766470417.720834,0.639649161149218,0.6002066250658676,0.0,1,False,,,,
1766470417.725812,0.639649161149218,0.6002066250658676,0.0,1,False,,,,
1766470417.7306502,0.639649161149218,0.6002066250658676,0.0,1,False,,,,
1766470417.7337742,0.639649161149218,0.6002066250658676,0.0,1,False,,,,
1766470417.738049,0.639649161149218,0.6002066250658676,0.0,2,False,,,,
1766470418.0341141,0.639649161149218,0.6002066250658676,0.0,2,False,,,,
1766470418.039187,0.639649161149218,0.6002066250658676,0.0,2,False,,,,
1766470418.042176,0.639649161149218,0.6002066250658676,0.0,2,False,,,,
1766470418.044586,0.639649161149218,0.6002066250658676,0.0,2,False,,,,
1766470418.047518,0.487268362408065,0.37371386749872626,1.0,1,False,,,,
1766470418.2895591,0.487268362408065,0.37371386749872626,1.0,1,False,,,,
1766470418.294975,0.4999059009770829,0.4066268956407514,0.9299938410538684,1,False,,,,
1766470418.297605,0.4999059009770829,0.4066268956407514,0.9299938410538684,1,False,,,,
1766470418.3004658,0.4999059009770829,0.4066268956407514,0.9299938410538684,1,False,,,,
1766470418.304856,0.48127281537505945,0.3731315034524564,1.0,1,False,,,,
1766470418.870125,0.48127281537505945,0.3731315034524564,1.0,1,False,,,,
1766470418.874947,0.48127281537505945,0.3731315034524564,1.0,1,False,,,,
1766470418.879246,0.48127281537505945,0.3731315034524564,1.0,1,False,,,,
1766470418.882077,0.6397163324319018,0.6005468529263609,0.0,1,False,,,,
1766470418.885688,0.6397163324319018,0.6005468529263609,0.0,1,False,,,,
1766470419.102987,0.4546801199335338,0.7056825962573565,0.884285134597541,1,False,,,,
1766470419.108764,0.4546801199335338,0.7056825962573565,0.884285134597541,1,False,,,,
1766470419.113953,0.4546801199335338,0.7056825962573565,0.884285134597541,1,False,,,,
1766470419.117561,0.6397163324319018,0.6005468529263609,0.0,1,False,,,,
1766470419.1201322,0.6397163324319018,0.6005468529263609,0.0,1,False,,,,
1766470419.421985,0.45267547820472426,0.41007621060398525,0.9595143509192712,1,False,,,,
1766470419.426954,0.45267547820472426,0.41007621060398525,0.9595143509192712,1,False,,,,
1766470419.432061,0.45267547820472426,0.41007621060398525,0.9595143509192712,1,False,,,,
1766470419.435767,0.34478454459834695,0.28990701695545096,0.9099107875601001,1,False,,,,
1766470419.441065,0.3490759514363215,0.08792331727238833,0.8944728908462471,1,False,,,,
1766470419.669943,0.27230026152980125,0.0952699997291161,0.9473162293434143,1,False,,,,
1766470419.675149,0.27238093453628603,0.09533830699843493,0.9473162293434143,1,False,,,,
1766470419.680345,0.27238093453628603,0.09533830699843493,0.9473162293434143,1,False,,,,
1766470419.68391,0.27238093453628603,0.09533830699843493,0.9473162293434143,1,False,,,,
1766470419.6867719,0.6397163324319018,0.6005468529263609,0.0,1,False,,,,
1766470419.907018,0.212889887370756,0.3053952189323639,0.8767582929395807,1,False,,,,
1766470419.911969,0.212889887370756,0.3053952189323639,0.8767582929395807,1,False,,,,
1766470419.917375,0.212889887370756,0.3053952189323639,0.8767582929395807,1,False,,,,
1766470419.920328,0.212889887370756,0.3053952189323639,0.8767582929395807,1,False,,,,
1766470419.922858,0.5446524003746187,0.15619717577300873,0.34353413435455543,1,False,,,,
1766470420.14638,0.5446524003746187,0.15619717577300873,0.34353413435455543,1,False,,,,
1766470420.151316,0.5446524003746187,0.15619717577300873,0.34353413435455543,1,False,,,,
1766470420.15426,0.5441986558024394,0.15301545965632668,0.2936105879980393,1,False,,,,
1766470420.15777,0.5441986558024394,0.15301545965632668,0.2936105879980393,1,False,,,,
1766470420.160519,0.34280914587058653,0.47781905948640335,0.951930227305294,1,False,,,,
1766470420.403647,0.34280914587058653,0.47781905948640335,0.951930227305294,1,False,,,,
1766470420.408621,0.384257210718995,0.04094406339236378,0.9068377017974854,1,False,,,,
1766470420.412009,0.384257210718995,0.04094406339236378,0.9068377017974854,1,False,,,,
1766470420.41671,0.384257210718995,0.04094406339236378,0.9068377017974854,1,False,,,,
1766470420.4194,0.542809762863355,0.1700679923420073,0.4059507068364724,1,False,,,,
1766470420.668436,0.542809762863355,0.1700679923420073,0.4059507068364724,1,False,,,,
1766470420.673463,0.5427683708497438,0.1664408493907389,0.3421841663237116,1,False,,,,
1766470420.6764102,0.5427795743083738,0.16989320160509203,0.4480698472373688,1,False,,,,
1766470420.6833248,0.5427795743083738,0.16989320160509203,0.4480698472373688,1,False,,,,
1766470420.68817,0.3050425796873723,0.16261027678348028,0.995,1,False,,,,
1766470420.906164,0.3050425796873723,0.16261027678348028,0.995,1,False,,,,
1766470420.911423,0.5457160883805535,0.15402830021673197,0.40188914511148044,1,False,,,,
1766470420.916215,0.5457160883805535,0.15402830021673197,0.40188914511148044,1,False,,,,
1766470420.921931,0.5457160883805535,0.15402830021673197,0.40188914511148044,1,False,,,,
1766470420.924839,0.5427679594169187,0.7426572277018771,0.9858739972114563,1,False,,,,
1766470421.213557,0.316422881689315,0.8722610042344531,0.868501262754007,1,False,,,,
1766470421.2188501,0.316422881689315,0.8722610042344531,0.868501262754007,1,False,,,,
1766470421.223705,0.316422881689315,0.8722610042344531,0.868501262754007,1,False,,,,
1766470421.227284,0.5452428483710136,0.1520492872710233,0.48753841672376097,1,False,,,,
1766470421.230689,0.545547164410706,0.15387509006772015,0.3223633623857462,0,False,,,,
1766470421.401425,0.545547164410706,0.15387509006772015,0.3223633623857462,0,False,,,,
1766470421.407399,0.545547164410706,0.15387509006772015,0.3223633623857462,0,False,,,,
1766470421.4104152,0.545547164410706,0.15387509006772015,0.3223633623857462,0,False,,,,
1766470421.4131892,0.5449365669824726,0.15080930590589325,0.3939374412875976,0,False,,,,
1766470421.417156,0.4027017274253192,0.5147737354028521,0.9113833997930839,1,False,,,,
1766470421.635575,0.4027017274253192,0.5147737354028521,0.9113833997930839,1,False,,,,
1766470421.6414862,0.4027017274253192,0.5147737354028521,0.9113833997930839,1,False,,,,
1766470421.6442392,0.4027017274253192,0.5147737354028521,0.9113833997930839,1,False,,,,
1766470421.6474838,0.42361379945725064,0.5281819658664134,0.8408695742430301,1,False,,,,
1766470421.650343,0.5448977948659117,0.15118686476908394,0.3522409580113462,0,False,,,,
1766470421.811508,0.5448977948659117,0.15118686476908394,0.3522409580113462,0,False,,,,
1766470421.818418,0.5144655922530061,0.7036526500078482,0.9188849925994873,0,False,,,,
1766470421.8227289,0.5144655922530061,0.7036526500078482,0.9188849925994873,0,False,,,,
1766470421.825182,0.5144655922530061,0.7036526500078482,0.9188849925994873,0,False,,,,
1766470421.827338,0.5768463822429051,0.6197849197638212,0.8765620725419487,1,False,,,,
1766470422.129584,0.5768463822429051,0.6197849197638212,0.8765620725419487,1,False,,,,
1766470422.134997,0.5395617790562172,0.13917387038615991,0.2215913266899991,1,False,,,,
1766470422.137871,0.5395617790562172,0.13917387038615991,0.2215913266899991,1,False,,,,
1766470422.142504,0.5395617790562172,0.13917387038615991,0.2215913266899991,1,False,,,,
1766470422.1450438,0.5398579473586411,0.14066387248041146,0.2850196907955713,0,False,,,,
1766470422.3547058,0.5398579473586411,0.14066387248041146,0.2850196907955713,0,False,,,,
1766470422.359118,0.5398579473586411,0.14066387248041146,0.2850196907955713,0,False,,,,
1766470422.3621929,0.5398579473586411,0.14066387248041146,0.2850196907955713,0,False,,,,
1766470422.364526,0.5398579473586411,0.14066387248041146,0.2850196907955713,0,False,,,,
1766470422.369954,0.5302143770393631,0.8103181675359838,0.8247847557067871,0,False,,,,
1766470422.5219681,0.5295836908275076,0.8029495322926048,0.9603497982025146,0,False,,,,
1766470422.526743,0.5295836908275076,0.8029495322926048,0.9603497982025146,0,False,,,,
1766470422.5311182,0.5295836908275076,0.8029495322926048,0.9603497982025146,0,False,,,,
1766470422.534104,0.726535583493532,0.5856065695762672,0.8292469952341769,0,False,,,,
1766470422.537159,0.5180619607186493,0.7701824685992891,0.8680671453475952,1,False,,,,
1766470422.944458,0.5180619607186493,0.7701824685992891,0.8680671453475952,1,False,,,,
1766470422.949072,0.5180619607186493,0.7701824685992891,0.8680671453475952,1,False,,,,
1766470422.9515781,0.5180619607186493,0.7701824685992891,0.8680671453475952,1,False,,,,
1766470422.954131,0.6876163714585377,0.5147773446332633,0.8191485580295877,1,False,,,,
1766470422.957566,0.542307504830094,0.14272552282341122,0.3406913083434427,1,False,,,,
1766470423.4436858,0.542307504830094,0.14272552282341122,0.3406913083434427,1,False,,,,
1766470423.449194,0.542307504830094,0.14272552282341122,0.3406913083434427,1,False,,,,
1766470423.451626,0.542307504830094,0.14272552282341122,0.3406913083434427,1,False,,,,
1766470423.453918,0.542307504830094,0.14272552282341122,0.3406913083434427,1,False,,,,
1766470423.456237,0.5174583812556499,0.7632952261122183,0.8422185182571411,1,False,,,,
1766470423.97019,0.5174583812556499,0.7632952261122183,0.8422185182571411,1,False,,,,
1766470423.97578,0.5197900662607888,0.7679766831133572,0.910036563873291,1,False,,,,
1766470423.978722,0.5197900662607888,0.7679766831133572,0.910036563873291,1,False,,,,
1766470423.9831,0.5197900662607888,0.7679766831133572,0.910036563873291,1,False,,,,
1766470423.985607,0.5145189214682657,0.7948746319948883,0.8306779265403748,1,False,,,,
1766470424.207975,0.5145189214682657,0.7948746319948883,0.8306779265403748,1,False,,,,
1766470424.2126951,0.5149419557200707,0.7849384310725612,0.8486975431442261,1,False,,,,
1766470424.2157362,0.5149419557200707,0.7849384310725612,0.8486975431442261,1,False,,,,
1766470424.2205608,0.5149419557200707,0.7849384310725612,0.8486975431442261,1,False,,,,
1766470424.222927,0.5404287874428279,0.1376724283102646,0.1910323439860728,1,False,,,,
1766470424.5122461,0.5404287874428279,0.1376724283102646,0.1910323439860728,1,False,,,,
1766470424.518313,0.5176185319517386,0.768561464152957,0.8005586862564087,1,False,,,,
1766470424.5235991,0.5176185319517386,0.768561464152957,0.8005586862564087,1,False,,,,
1766470424.526229,0.5176185319517386,0.768561464152957,0.8005586862564087,1,False,,,,
1766470424.529196,0.6397394679995695,0.6011010210651739,0.0,1,False,,,,
1766470425.44366,0.6397394679995695,0.6011010210651739,0.0,1,False,,,,
1766470425.449184,0.5323095158485927,0.645424777302658,0.9791468977928162,1,False,,,,
1766470425.452111,0.6397394679995695,0.6011010210651739,0.0,1,False,,,,
1766470425.454713,0.6397394679995695,0.6011010210651739,0.0,1,False,,,,
1766470425.459292,0.6397394679995695,0.6011010210651739,0.0,0,False,,,,
1766470425.629656,0.6397394679995695,0.6011010210651739,0.0,0,False,,,,
1766470425.6354291,0.5096493548397893,0.7228477954415562,0.9181163907051086,0,False,,,,
1766470425.638199,0.5096493548397893,0.7228477954415562,0.9181163907051086,0,False,,,,
1766470425.642424,0.5096493548397893,0.7228477954415562,0.9181163907051086,0,False,,,,
1766470425.645267,0.5155340745247073,0.7256203132363518,0.9499772191047668,0,False,,,,
1766470425.873468,0.5108441791509611,0.7200264271815381,0.9036072492599487,0,False,,,,
1766470425.878585,0.5108441791509611,0.7200264271815381,0.9036072492599487,0,False,,,,
1766470425.883029,0.5108441791509611,0.7200264271815381,0.9036072492599487,0,False,,,,
1766470425.88622,0.5051611031621138,0.7101851831676389,0.8805463910102844,0,False,,,,
1766470425.889516,0.6397394679995695,0.6011010210651739,0.0,1,False,,,,
1766470426.1235971,0.6397394679995695,0.6011010210651739,0.0,1,False,,,,
1766470426.1298208,0.6397394679995695,0.6011010210651739,0.0,1,False,,,,
1766470426.1346078,0.6397394679995695,0.6011010210651739,0.0,1,False,,,,
1766470426.13802,0.6397394679995695,0.6011010210651739,0.0,1,False,,,,
1766470426.140362,0.6397587242455678,0.6011841963163409,0.0,1,False,,,,
1766470426.3651268,0.6397587242455678,0.6011841963163409,0.0,1,False,,,,
1766470426.370359,0.5411529199526377,0.7225465267605427,0.9365878105163574,1,False,,,,
1766470426.3733919,0.5411529199526377,0.7225465267605427,0.9365878105163574,1,False,,,,
1766470426.378201,0.5411529199526377,0.7225465267605427,0.9365878105163574,1,False,,,,
1766470426.380949,0.531931355621979,0.7395427401113923,0.8584670424461365,1,False,,,,
1766470426.592486,0.6397587242455678,0.6011841963163409,0.0,1,False,,,,
1766470426.59852,0.6397587242455678,0.6011841963163409,0.0,1,False,,,,
1766470426.602848,0.6397587242455678,0.6011841963163409,0.0,1,False,,,,
1766470426.606163,0.5268508060115018,0.7448149149836025,0.9159350991249084,1,False,,,,
1766470426.611142,0.5393493178760046,0.7842070279451895,0.8126408226138029,1,False,,,,
1766470427.205374,0.5393493178760046,0.7842070279451895,0.8126408226138029,1,False,,,,
1766470427.211175,0.3793349739488496,0.719005407379881,0.8596701744747514,1,False,,,,
1766470427.213853,0.3793349739488496,0.719005407379881,0.8596701744747514,1,False,,,,
1766470427.217437,0.3793349739488496,0.719005407379881,0.8596701744747514,1,False,,,,
1766470427.2231538,0.5360053547569941,0.7665054596651368,0.9439986348152161,1,False,,,,
1766470427.495032,0.6397587242455678,0.6011841963163409,0.0,1,False,,,,
1766470427.500279,0.6397587242455678,0.6011841963163409,0.0,1,False,,,,
1766470427.5049658,0.6397587242455678,0.6011841963163409,0.0,1,False,,,,
1766470427.508319,0.6397587242455678,0.6011841963163409,0.0,1,False,,,,
1766470427.5111969,0.5434381845087551,0.7269304151436117,0.9071637392044067,0,False,,,,
1766470427.693538,0.5452281313239182,0.7195295584507366,0.9328054189682007,0,False,,,,
1766470427.698407,0.5452281313239182,0.7195295584507366,0.9328054189682007,0,False,,,,
1766470427.7018921,0.5452281313239182,0.7195295584507366,0.9328054189682007,0,False,,,,
1766470427.707444,0.5452281313239182,0.7195295584507366,0.9328054189682007,0,False,,,,
1766470427.70993,0.6397587242455678,0.6011841963163409,0.0,1,False,,,,
1766470427.925612,0.6397587242455678,0.6011841963163409,0.0,1,False,,,,
1766470427.93103,0.6397587242455678,0.6011841963163409,0.0,1,False,,,,
1766470427.9338791,0.6397587242455678,0.6011841963163409,0.0,1,False,,,,
1766470427.938251,0.6397587242455678,0.6011841963163409,0.0,1,False,,,,
1766470427.942904,0.6397587242455678,0.6011841963163409,0.0,1,False,,,,
1766470428.194467,0.6397587242455678,0.6011841963163409,0.0,1,False,,,,
1766470428.2004192,0.5384831780646172,0.743732414648076,0.9640401601791382,1,False,,,,
1766470428.2038841,0.5384831780646172,0.743732414648076,0.9640401601791382,1,False,,,,
1766470428.209362,0.5384831780646172,0.743732414648076,0.9640401601791382,1,False,,,,
1766470428.211522,0.5475073916241302,0.8137999325582723,1.0,0,False,,,,
