timestamp,gaze_x,gaze_y,gaze_confidence,num_faces,is_looking_at_face,face_bbox_left,face_bbox_top,face_bbox_width,face_bbox_height
1766468266.236662,0.5116138847038492,0.2278938068704739,1.0,1,False,,,,
1766468266.861272,0.5116138847038492,0.2278938068704739,1.0,1,False,,,,
1766468266.869674,0.5119979259665146,0.2266850216749119,0.9108568429946899,1,False,,,,
1766468266.874727,0.5119979259665146,0.2266850216749119,0.9108568429946899,1,False,,,,
1766468266.87956,0.5119979259665146,0.2266850216749119,0.9108568429946899,1,False,,,,
1766468266.882596,0.4680975061703145,0.20628281800772919,0.5822547644227537,1,False,,,,
1766468267.200741,0.4680975061703145,0.20628281800772919,0.5822547644227537,1,False,,,,
1766468267.207171,0.5346286891841329,0.24937760739458392,0.9820230603218079,1,True,0.529265284538269,0.17613932490348816,0.08838577568531036,0.17599758505821228
1766468267.21249,0.5346286891841329,0.24937760739458392,0.9820230603218079,1,True,0.529265284538269,0.17613932490348816,0.08838577568531036,0.17599758505821228
1766468267.2154438,0.5346286891841329,0.24937760739458392,0.9820230603218079,1,True,0.529265284538269,0.17613932490348816,0.08838577568531036,0.17599758505821228
1766468267.219052,0.5363134114424495,0.1376316172320633,0.7837678074836731,1,False,,,,
1766468267.48543,0.5363141534013061,0.1371540878773463,0.7960987269878388,1,False,,,,
1766468267.490827,0.5361846012788599,0.13669981650915497,0.7884944558143616,1,False,,,,
1766468267.495479,0.5361846012788599,0.13669981650915497,0.7884944558143616,1,False,,,,
1766468267.498451,0.5361846012788599,0.13669981650915497,0.7884944558143616,1,False,,,,
1766468267.5028648,0.5345803672489428,0.19826235403710868,0.6,2,True,0.5400641560554504,0.20898887515068054,0.09520521014928818,0.17979109287261963
1766468267.912353,0.5345803672489428,0.19826235403710868,0.6,2,True,0.5400641560554504,0.20898887515068054,0.09520521014928818,0.17979109287261963
1766468267.919293,0.5345803672489428,0.19826235403710868,0.6,2,True,0.5400641560554504,0.20898887515068054,0.09520521014928818,0.17979109287261963
1766468267.9228249,0.5526499190853478,0.21261766206069932,0.9888955354690552,2,True,0.5400641560554504,0.20898887515068054,0.09520521014928818,0.17979109287261963
1766468267.9258518,0.5526499190853478,0.21261766206069932,0.9888955354690552,2,True,0.5400641560554504,0.20898887515068054,0.09520521014928818,0.17979109287261963
1766468267.9310641,0.4011319029520967,0.20362090409206013,0.5126537376606587,1,False,,,,
1766468268.299615,0.4011319029520967,0.20362090409206013,0.5126537376606587,1,False,,,,
1766468268.305908,0.40099510032314367,0.20194512822763833,0.5432635412185391,1,False,,,,
1766468268.310106,0.40099510032314367,0.20194512822763833,0.5432635412185391,1,False,,,,
1766468268.312722,0.40099510032314367,0.20194512822763833,0.5432635412185391,1,False,,,,
1766468268.3168619,0.4695216979745358,0.07505623617736756,1.0,1,False,,,,
1766468268.529024,0.4702832182177237,0.0757115422833492,1.0,1,False,,,,
1766468268.535445,0.4702832182177237,0.0757115422833492,1.0,1,False,,,,
1766468268.540948,0.47079854672041943,0.0767595805945398,0.9991492629051208,1,False,,,,
1766468268.544568,0.46976153687109495,0.07410210199365774,0.9901412129402161,1,False,,,,
1766468268.5476348,0.4501455008162222,0.20053216075183888,0.1250433700905853,1,False,,,,
1766468268.7843788,0.4501455008162222,0.20053216075183888,0.1250433700905853,1,False,,,,
1766468268.790907,0.4501455008162222,0.20053216075183888,0.1250433700905853,1,False,,,,
1766468268.793889,0.45002743236391896,0.2004545562598048,0.12944118465104382,1,False,,,,
1766468268.796632,0.45002743236391896,0.2004545562598048,0.12944118465104382,1,False,,,,
1766468268.799509,0.43024936176940703,0.46955042414549353,0.25658067359660586,1,False,,,,
1766468269.02301,0.43024936176940703,0.46955042414549353,0.25658067359660586,1,False,,,,
1766468269.027725,0.45473918218152865,0.46774909412265997,0.26225629165648173,1,False,,,,
1766468269.0306492,0.45473918218152865,0.46774909412265997,0.26225629165648173,1,False,,,,
1766468269.036354,0.45473918218152865,0.46774909412265997,0.26225629165648173,1,False,,,,
1766468269.0393898,0.4957461974627136,0.08244329415022933,0.9212857484817505,1,False,,,,
1766468269.310743,0.4957461974627136,0.08244329415022933,0.9212857484817505,1,False,,,,
1766468269.317884,0.4950611562352868,0.08297922271223823,0.9206154942512512,1,False,,,,
1766468269.321393,0.4950611562352868,0.08297922271223823,0.9206154942512512,1,False,,,,
1766468269.326964,0.4950611562352868,0.08297922271223823,0.9206154942512512,1,False,,,,
1766468269.329935,0.46924167971316716,0.09217187913183467,1.0,1,False,,,,
1766468269.550381,0.46924167971316716,0.09217187913183467,1.0,1,False,,,,
1766468269.555999,0.46924167971316716,0.09217187913183467,1.0,1,False,,,,
1766468269.5592508,0.46924167971316716,0.09217187913183467,1.0,1,False,,,,
1766468269.564367,0.47228223241863104,0.09475545301095589,1.0,1,False,,,,
1766468269.567212,0.4939725066760056,0.08913715278143075,1.0,1,False,,,,
1766468269.884492,0.4950366348862967,0.08813600169866898,0.9721672534942627,1,False,,,,
1766468269.890513,0.4950366348862967,0.08813600169866898,0.9721672534942627,1,False,,,,
1766468269.895434,0.4950366348862967,0.08813600169866898,0.9721672534942627,1,False,,,,
1766468269.898557,0.49546998542968357,0.08894910758317065,1.0,1,False,,,,
1766468269.901949,0.4910868216922931,0.07731318663205577,1.0,1,False,,,,
1766468270.210012,0.4910868216922931,0.07731318663205577,1.0,1,False,,,,
1766468270.215412,0.4910868216922931,0.07731318663205577,1.0,1,False,,,,
1766468270.219367,0.49148937222115885,0.0779478795623374,0.9712542295455933,1,False,,,,
1766468270.222273,0.49148937222115885,0.0779478795623374,0.9712542295455933,1,False,,,,
1766468270.2255008,0.4948309609605328,0.08786461104153898,0.995970219373703,1,False,,,,
1766468270.4369001,0.4949947939750561,0.08587387445683536,0.9960299730300903,1,False,,,,
1766468270.4423769,0.4949947939750561,0.08587387445683536,0.9960299730300903,1,False,,,,
1766468270.447361,0.4949947939750561,0.08587387445683536,0.9960299730300903,1,False,,,,
1766468270.450506,0.49567710913103935,0.0851850237287538,1.0,1,False,,,,
1766468270.454289,0.4882892651709324,0.058806926822855154,0.9889886379241943,1,False,,,,
1766468270.738782,0.48909151722547983,0.05851488709266095,0.9907604157924652,1,False,,,,
1766468270.7456489,0.48909151722547983,0.05851488709266095,0.9907604157924652,1,False,,,,
1766468270.751252,0.48909151722547983,0.05851488709266095,0.9907604157924652,1,False,,,,
1766468270.7543879,0.48965708807235586,0.05983596257327717,0.9758453667163849,1,False,,,,
1766468270.75734,0.5045480402020168,0.0890293545714621,0.9861123263835907,1,False,,,,
1766468271.052893,0.504625451625486,0.08944150701943854,0.9861123263835907,1,False,,,,
1766468271.0582669,0.504882954238457,0.08961433884025727,0.9947422444820404,1,False,,,,
1766468271.0624871,0.504882954238457,0.08961433884025727,0.9947422444820404,1,False,,,,
1766468271.064991,0.504882954238457,0.08961433884025727,0.9947422444820404,1,False,,,,
1766468271.067787,0.4372613493887735,0.18129974256766956,0.14920202389569992,1,False,,,,
1766468271.347543,0.4372613493887735,0.18129974256766956,0.14920202389569992,1,False,,,,
1766468271.355048,0.4372613493887735,0.18129974256766956,0.14920202389569992,1,False,,,,
1766468271.3580868,0.5010956456910358,0.23873443952292306,0.0970927810568906,1,False,,,,
1766468271.361873,0.5010956456910358,0.23873443952292306,0.0970927810568906,1,False,,,,
1766468271.365225,0.4404968883348455,0.18188741953492782,0.15184494399939696,0,False,,,,
1766468271.582408,0.4404968883348455,0.18188741953492782,0.15184494399939696,0,False,,,,
1766468271.592127,0.4243515775207759,0.19776124279690743,0.12990439919302296,0,False,,,,
1766468271.595436,0.4243515775207759,0.19776124279690743,0.12990439919302296,0,False,,,,
1766468271.6002262,0.4243515775207759,0.19776124279690743,0.12990439919302296,0,False,,,,
1766468271.604873,0.45234674906754313,0.18679646640900072,0.1386826408714603,0,False,,,,
1766468271.776366,0.45234674906754313,0.18679646640900072,0.1386826408714603,0,False,,,,
1766468271.783344,0.45234674906754313,0.18679646640900072,0.1386826408714603,0,False,,,,
1766468271.7881558,0.45234674906754313,0.18679646640900072,0.1386826408714603,0,False,,,,
1766468271.791231,0.46029104385059033,0.19040975396293836,0.12155599059314409,0,False,,,,
1766468271.7939289,0.6765477387731674,0.27757987275378593,0.8769847452640533,0,False,,,,
1766468272.100692,0.6765477387731674,0.27757987275378593,0.8769847452640533,0,False,,,,
1766468272.106269,0.6765477387731674,0.27757987275378593,0.8769847452640533,0,False,,,,
1766468272.109102,0.6759758923212921,0.27660612516019145,0.8183430433273315,0,False,,,,
1766468272.111715,0.4623755998332141,0.1908733793628985,0.13159642441563213,0,False,,,,
1766468272.114296,0.5705266661304567,0.46156135455649083,0.9243593811988831,0,False,,,,
1766468272.26099,0.5006249257660009,0.22938158084934956,0.17952087067622155,0,False,,,,
1766468272.265163,0.582821666175995,0.38757973083151753,0.5149331304692053,0,False,,,,
1766468272.269691,0.582821666175995,0.38757973083151753,0.5149331304692053,0,False,,,,
1766468272.272723,0.582821666175995,0.38757973083151753,0.5149331304692053,0,False,,,,
1766468272.27548,0.47364937164709336,0.196620304217081,0.23813123598336472,0,False,,,,
1766468272.45792,0.47364937164709336,0.196620304217081,0.23813123598336472,0,False,,,,
1766468272.463383,0.4636389712426392,0.19119951488321285,0.2248827883320005,0,False,,,,
1766468272.4677591,0.4636389712426392,0.19119951488321285,0.2248827883320005,0,False,,,,
1766468272.473312,0.4636389712426392,0.19119951488321285,0.2248827883320005,0,False,,,,
1766468272.475979,0.5424078248506928,0.11240558608857143,0.8771557652361688,0,False,,,,
1766468272.622398,0.5424078248506928,0.11240558608857143,0.8771557652361688,0,False,,,,
1766468272.62722,0.5424078248506928,0.11240558608857143,0.8771557652361688,0,False,,,,
1766468272.6307971,0.5401857888448761,0.10658622005474672,0.8881228268146515,0,False,,,,
1766468272.63506,0.5401857888448761,0.10658622005474672,0.8881228268146515,0,False,,,,
1766468272.640008,0.3857837094611874,0.1787618065944222,0.1807316488948052,0,False,,,,
1766468272.8770602,0.3857837094611874,0.1787618065944222,0.1807316488948052,0,False,,,,
1766468272.882557,0.38007668867189653,0.18119759957165849,0.1869005493274205,0,False,,,,
1766468272.886071,0.38007668867189653,0.18119759957165849,0.1869005493274205,0,False,,,,
1766468272.890466,0.38007668867189653,0.18119759957165849,0.1869005493274205,0,False,,,,
1766468272.8932018,0.5106569295495926,0.25202377430791,1.0,0,False,,,,
1766468273.0385122,0.5106569295495926,0.25202377430791,1.0,0,False,,,,
1766468273.0436878,0.5106569295495926,0.25202377430791,1.0,0,False,,,,
1766468273.046599,0.5106569295495926,0.25202377430791,1.0,0,False,,,,
1766468273.0492601,0.3861636678455612,0.184579408459833,0.19479811629166854,0,False,,,,
1766468273.052383,0.530803945940645,0.3684396527554945,0.99,0,False,,,,
1766468273.463947,0.530803945940645,0.3684396527554945,0.99,0,False,,,,
1766468273.4708962,0.4625559129064346,0.19470800095060325,0.1982808990084316,0,False,,,,
1766468273.47691,0.4625559129064346,0.19470800095060325,0.1982808990084316,0,False,,,,
1766468273.479601,0.4625559129064346,0.19470800095060325,0.1982808990084316,0,False,,,,
1766468273.4821079,0.45808351178975226,0.19230066566640902,0.24366402292356085,0,False,,,,
1766468273.6788201,0.45808351178975226,0.19230066566640902,0.24366402292356085,0,False,,,,
1766468273.6840909,0.45808351178975226,0.19230066566640902,0.24366402292356085,0,False,,,,
1766468273.6872342,0.4612524985343745,0.19296821212286996,0.21695547815235164,0,False,,,,
1766468273.689913,0.4612524985343745,0.19296821212286996,0.21695547815235164,0,False,,,,
1766468273.6945448,0.4545239063359445,0.19182212326361658,0.17495731706977063,0,False,,,,
1766468273.844644,0.4545239063359445,0.19182212326361658,0.17495731706977063,0,False,,,,
1766468273.8497589,0.4545239063359445,0.19182212326361658,0.17495731706977063,0,False,,,,
1766468273.854035,0.4700403632608525,0.19521058576437322,0.18628173200654977,0,False,,,,
1766468273.857599,0.4700403632608525,0.19521058576437322,0.18628173200654977,0,False,,,,
1766468273.863022,0.49698050273037486,0.21824692416890168,0.16003094110238222,0,False,,,,
1766468274.015233,0.49698050273037486,0.21824692416890168,0.16003094110238222,0,False,,,,
1766468274.01982,0.49698050273037486,0.21824692416890168,0.16003094110238222,0,False,,,,
1766468274.022651,0.5240471859392452,0.385119170194844,0.7646118998527527,0,False,,,,
1766468274.026675,0.5240471859392452,0.385119170194844,0.7646118998527527,0,False,,,,
1766468274.032147,0.5497432789206235,0.4195746566370282,0.8199387192726135,0,False,,,,
1766468274.246679,0.5497432789206235,0.4195746566370282,0.8199387192726135,0,False,,,,
1766468274.2520928,0.5497432789206235,0.4195746566370282,0.8199387192726135,0,False,,,,
1766468274.255079,0.5543458617786949,0.4318731574738446,0.7275599837303162,0,False,,,,
1766468274.2577002,0.5543458617786949,0.4318731574738446,0.7275599837303162,0,False,,,,
1766468274.261409,0.4379260302841731,0.1821070492245227,0.16503205582317834,0,False,,,,
1766468274.445365,0.4379260302841731,0.1821070492245227,0.16503205582317834,0,False,,,,
1766468274.450349,0.4379260302841731,0.1821070492245227,0.16503205582317834,0,False,,,,
1766468274.4532201,0.4851665710215042,0.22190120971264304,0.20617396631307594,0,False,,,,
1766468274.4561338,0.4851665710215042,0.22190120971264304,0.20617396631307594,0,False,,,,
1766468274.458602,0.5431329684736599,0.3194420164187658,0.3682683405399459,0,False,,,,
1766468274.604322,0.5311501981493897,0.3018346422746099,0.38681500491658455,0,False,,,,
1766468274.6107242,0.5373313959072693,0.26474573329841455,0.2386350264843829,0,False,,,,
1766468274.615337,0.5373313959072693,0.26474573329841455,0.2386350264843829,0,False,,,,
1766468274.618062,0.5373313959072693,0.26474573329841455,0.2386350264843829,0,False,,,,
1766468274.620511,0.4905995483048883,0.0925379037256262,1.0,0,False,,,,
1766468274.989443,0.4905995483048883,0.0925379037256262,1.0,0,False,,,,
1766468274.993927,0.4939241533204897,0.09129514267329386,1.0,0,False,,,,
1766468274.996615,0.49553868381600924,0.08955137241896938,1.0,0,False,,,,
1766468274.999021,0.49553868381600924,0.08955137241896938,1.0,0,False,,,,
1766468275.004286,0.5154516002488483,0.08475748726270349,1.0,1,False,,,,
1766468275.253301,0.5154516002488483,0.08475748726270349,1.0,1,False,,,,
1766468275.258663,0.5154516002488483,0.08475748726270349,1.0,1,False,,,,
1766468275.261576,0.5150223443265327,0.08608937124032656,1.0,1,False,,,,
1766468275.2645812,0.5142680510664668,0.08614025697277383,1.0,1,False,,,,
1766468275.2671812,0.47285740698297307,0.20234899222764313,0.703186488282605,1,False,,,,
1766468275.521394,0.47285740698297307,0.20234899222764313,0.703186488282605,1,False,,,,
1766468275.5263512,0.47285740698297307,0.20234899222764313,0.703186488282605,1,False,,,,
1766468275.5294662,0.4794800993336029,0.11398920062411,0.7833642542362214,1,False,,,,
1766468275.5345979,0.4794800993336029,0.11398920062411,0.7833642542362214,1,False,,,,
1766468275.540166,0.5212983313134109,0.09862311627493037,1.0,1,False,,,,
1766468275.768589,0.5212983313134109,0.09862311627493037,1.0,1,False,,,,
1766468275.773839,0.5212983313134109,0.09862311627493037,1.0,1,False,,,,
1766468275.7767382,0.5219268381754858,0.09926595544134975,1.0,1,False,,,,
1766468275.780292,0.5210653068077661,0.09832627118505377,1.0,1,False,,,,
1766468275.782847,0.5169460101985405,0.09812254545931176,1.0,1,False,,,,
1766468276.016078,0.5167157130048711,0.0979809273332316,1.0,1,False,,,,
1766468276.0220082,0.5167157130048711,0.0979809273332316,1.0,1,False,,,,
1766468276.027054,0.5167157130048711,0.0979809273332316,1.0,1,False,,,,
1766468276.0302038,0.5172171878170863,0.09845059523365773,1.0,1,False,,,,
1766468276.0329568,0.5153161329120688,0.10826365488976641,1.0,1,False,,,,
1766468276.296884,0.5155696580793702,0.11039356963883662,0.9933627247810364,1,False,,,,
1766468276.302293,0.5156532196513778,0.11103100502634267,0.9812209904193878,1,False,,,,
1766468276.307363,0.5156532196513778,0.11103100502634267,0.9812209904193878,1,False,,,,
1766468276.310365,0.5156532196513778,0.11103100502634267,0.9812209904193878,1,False,,,,
1766468276.3132439,0.5143598054407581,0.09869369947922779,0.9991960823535919,1,False,,,,
1766468276.596069,0.5143598054407581,0.09869369947922779,0.9991960823535919,1,False,,,,
1766468276.600617,0.5143548293255967,0.09956366091592561,0.9991960823535919,1,False,,,,
1766468276.60417,0.514641703295688,0.10143229807583909,1.0,1,False,,,,
1766468276.606849,0.514641703295688,0.10143229807583909,1.0,1,False,,,,
1766468276.611944,0.4982110112480515,0.11700215387411339,0.9652813971042633,1,False,,,,
1766468276.899641,0.4982110112480515,0.11700215387411339,0.9652813971042633,1,False,,,,
1766468276.905718,0.5725921347968737,0.3076233935431132,0.3088659948520561,1,False,,,,
1766468276.9106402,0.5725921347968737,0.3076233935431132,0.3088659948520561,1,False,,,,
1766468276.915804,0.5725921347968737,0.3076233935431132,0.3088659948520561,1,False,,,,
1766468276.919015,0.5091188277307396,0.10840235891181615,0.9918520748615265,1,False,,,,
1766468277.1262422,0.5091188277307396,0.10840235891181615,0.9918520748615265,1,False,,,,
1766468277.130995,0.5091188277307396,0.10840235891181615,0.9918520748615265,1,False,,,,
1766468277.133919,0.5091188277307396,0.10840235891181615,0.9918520748615265,1,False,,,,
1766468277.1371431,0.5080925684646175,0.1093724466430358,0.9931232929229736,1,False,,,,
1766468277.139922,0.5110468147233427,0.09274186072197266,0.9830336570739746,1,False,,,,
1766468277.485462,0.5110468147233427,0.09274186072197266,0.9830336570739746,1,False,,,,
1766468277.490705,0.512040360795303,0.09267428264833188,1.0,1,False,,,,
1766468277.4951282,0.512040360795303,0.09267428264833188,1.0,1,False,,,,
1766468277.5007832,0.512040360795303,0.09267428264833188,1.0,1,False,,,,
1766468277.505215,0.5109682546747025,0.09009119947083366,0.9479075074195862,1,False,,,,
1766468277.868512,0.5109682546747025,0.09009119947083366,0.9479075074195862,1,False,,,,
1766468277.873844,0.5111431433737798,0.08999554477958316,0.9850893914699554,1,False,,,,
1766468277.877881,0.5111431433737798,0.08999554477958316,0.9850893914699554,1,False,,,,
1766468277.880882,0.5111431433737798,0.08999554477958316,0.9850893914699554,1,False,,,,
1766468277.886374,0.5160731763287045,0.10178899156010446,0.9626929759979248,1,False,,,,
1766468278.2160761,0.5160731763287045,0.10178899156010446,0.9626929759979248,1,False,,,,
1766468278.221018,0.5160731763287045,0.10178899156010446,0.9626929759979248,1,False,,,,
1766468278.224045,0.5160731763287045,0.10178899156010446,0.9626929759979248,1,False,,,,
1766468278.226656,0.513179530907247,0.1041238805808331,0.9679092764854431,1,False,,,,
1766468278.229271,0.5148365340230462,0.09000339507603727,0.9323776364326477,2,False,,,,
1766468278.484756,0.5148365340230462,0.09000339507603727,0.9323776364326477,2,False,,,,
1766468278.488891,0.5148365340230462,0.09000339507603727,0.9323776364326477,2,False,,,,
1766468278.4919522,0.5148365340230462,0.09000339507603727,0.9323776364326477,2,False,,,,
1766468278.495564,0.5142389790374099,0.09163022304577662,0.9803062379360199,2,False,,,,
1766468278.497937,0.513970008958295,0.09439401279328885,0.9578657448291779,2,False,,,,
1766468278.8047712,0.513970008958295,0.09439401279328885,0.9578657448291779,2,False,,,,
1766468278.810068,0.513970008958295,0.09439401279328885,0.9578657448291779,2,False,,,,
1766468278.8132322,0.5128558244578653,0.09397532240080797,0.9414763748645782,2,False,,,,
1766468278.816174,0.5127879549493596,0.09381907616996288,0.9414763748645782,2,False,,,,
1766468278.818739,0.5107815663258597,0.08708319894358951,0.9576011300086975,2,False,,,,
1766468279.174494,0.5107815663258597,0.08708319894358951,0.9576011300086975,2,False,,,,
1766468279.179688,0.5107815663258597,0.08708319894358951,0.9576011300086975,2,False,,,,
1766468279.182623,0.5095950978839533,0.0869130394572305,0.9679199159145355,2,False,,,,
1766468279.1871328,0.5095950978839533,0.0869130394572305,0.9679199159145355,2,False,,,,
1766468279.192097,0.5107332095090877,0.10055709101899934,0.9347761273384094,2,False,,,,
1766468279.518071,0.5107332095090877,0.10055709101899934,0.9347761273384094,2,False,,,,
1766468279.5229042,0.5107332095090877,0.10055709101899934,0.9347761273384094,2,False,,,,
1766468279.526384,0.5107332095090877,0.10055709101899934,0.9347761273384094,2,False,,,,
1766468279.528848,0.5107332095090877,0.10055709101899934,0.9347761273384094,2,False,,,,
1766468279.5317702,0.5129480822944877,0.08642342906882006,0.9258266985416412,2,False,,,,
1766468279.862974,0.5129480822944877,0.08642342906882006,0.9258266985416412,2,False,,,,
1766468279.868182,0.512583942661107,0.08793065009092993,0.9159497916698456,2,False,,,,
1766468279.8712451,0.512583942661107,0.08793065009092993,0.9159497916698456,2,False,,,,
1766468279.875801,0.512583942661107,0.08793065009092993,0.9159497916698456,2,False,,,,
1766468279.878557,0.5164084396068975,0.08607203756683757,0.9540521800518036,2,False,,,,
1766468280.2218502,0.5158119608200866,0.08753560609780309,0.9766541719436646,2,False,,,,
1766468280.2273831,0.5158119608200866,0.08753560609780309,0.9766541719436646,2,False,,,,
1766468280.23267,0.5158119608200866,0.08753560609780309,0.9766541719436646,2,False,,,,
1766468280.23574,0.5158119608200866,0.08753560609780309,0.9766541719436646,2,False,,,,
1766468280.238658,0.5071278442319211,0.08749656975655196,0.9892995357513428,2,False,,,,
1766468280.50634,0.5063552030675823,0.08724030760392432,1.0,2,False,,,,
1766468280.5123892,0.5063552030675823,0.08724030760392432,1.0,2,False,,,,
1766468280.518326,0.5063552030675823,0.08724030760392432,1.0,2,False,,,,
1766468280.5213492,0.506773006718193,0.08718053168592643,0.9963620007038116,2,False,,,,
1766468280.5242372,0.5057122985996789,0.0787601249131199,0.9968562722206116,1,False,,,,
1766468280.733061,0.5057122985996789,0.0787601249131199,0.9968562722206116,1,False,,,,
1766468280.738101,0.5061990424893407,0.07973819254416281,0.9750946164131165,1,False,,,,
1766468280.743341,0.5061990424893407,0.07973819254416281,0.9750946164131165,1,False,,,,
1766468280.74932,0.5061990424893407,0.07973819254416281,0.9750946164131165,1,False,,,,
1766468280.7527199,0.5052935585788492,0.07866841518752743,0.9537149965763092,2,False,,,,
1766468281.023066,0.5056079539593932,0.07744888505965397,0.9563071727752686,2,False,,,,
1766468281.02823,0.5056079539593932,0.07744888505965397,0.9563071727752686,2,False,,,,
1766468281.0328991,0.5056079539593932,0.07744888505965397,0.9563071727752686,2,False,,,,
1766468281.0357702,0.5056079539593932,0.07744888505965397,0.9563071727752686,2,False,,,,
1766468281.0383842,0.5064904468280086,0.07746773603323864,0.9545676708221436,2,False,,,,
1766468281.326676,0.506168150195226,0.07489759563171228,0.9651868343353271,2,False,,,,
1766468281.332073,0.506168150195226,0.07489759563171228,0.9651868343353271,2,False,,,,
1766468281.336483,0.506168150195226,0.07489759563171228,0.9651868343353271,2,False,,,,
1766468281.339547,0.506168150195226,0.07489759563171228,0.9651868343353271,2,False,,,,
1766468281.344733,0.48981297361607384,0.08404487708844799,0.9934799671173096,2,False,,,,
1766468281.802794,0.48981297361607384,0.08404487708844799,0.9934799671173096,2,False,,,,
1766468281.80866,0.4889167945121553,0.08348292536394641,1.0,2,False,,,,
1766468281.8118432,0.48861398239370885,0.08362448119881949,1.0,2,False,,,,
1766468281.8164191,0.48861398239370885,0.08362448119881949,1.0,2,False,,,,
1766468281.8231108,0.46487410641323673,0.075624028023623,1.0,1,False,,,,
1766468282.069632,0.46487410641323673,0.075624028023623,1.0,1,False,,,,
1766468282.075018,0.46487410641323673,0.075624028023623,1.0,1,False,,,,
1766468282.078569,0.4633359930440757,0.07443307163727253,1.0,1,False,,,,
1766468282.08205,0.4633359930440757,0.07443307163727253,1.0,1,False,,,,
1766468282.085799,0.4688260977949459,0.07328611647916294,1.0,1,False,,,,
1766468282.312004,0.4688260977949459,0.07328611647916294,1.0,1,False,,,,
1766468282.317769,0.4682284482542646,0.07304364773467753,1.0,1,False,,,,
1766468282.3205929,0.4682284482542646,0.07304364773467753,1.0,1,False,,,,
1766468282.326485,0.4682284482542646,0.07304364773467753,1.0,1,False,,,,
1766468282.32954,0.4321403324271268,0.024959968550648637,0.9953389465808868,1,False,,,,
1766468282.588243,0.4321403324271268,0.024959968550648637,0.9953389465808868,1,False,,,,
1766468282.59441,0.4321403324271268,0.024959968550648637,0.9953389465808868,1,False,,,,
1766468282.597548,0.43222706847511655,0.026764863923288695,1.0,1,False,,,,
1766468282.6003468,0.43222706847511655,0.026764863923288695,1.0,1,False,,,,
1766468282.603012,0.3975260241249424,0.04479521360212746,1.0,1,False,,,,
1766468282.944733,0.3975260241249424,0.04479521360212746,1.0,1,False,,,,
1766468282.95077,0.3969858113760635,0.04674473672055279,1.0,1,False,,,,
1766468282.953716,0.3969858113760635,0.04674473672055279,1.0,1,False,,,,
1766468282.958137,0.3969858113760635,0.04674473672055279,1.0,1,False,,,,
1766468282.960623,0.37569326201873593,0.04898531970370834,1.0,1,False,,,,
1766468283.201474,0.373866369390971,0.048120713814574834,1.0,1,False,,,,
1766468283.208464,0.373866369390971,0.048120713814574834,1.0,1,False,,,,
1766468283.214514,0.373866369390971,0.048120713814574834,1.0,1,False,,,,
1766468283.218066,0.3719903076739185,0.04554996445173787,1.0,1,False,,,,
1766468283.221375,0.3427294464079155,0.025017525344979252,0.8762892186641693,1,False,,,,
1766468283.470979,0.3427075391889369,0.026894839679027838,0.9758000373840332,1,False,,,,
1766468283.477988,0.3427075391889369,0.026894839679027838,0.9758000373840332,1,False,,,,
1766468283.483058,0.3427075391889369,0.026894839679027838,0.9758000373840332,1,False,,,,
1766468283.4862368,0.3442382056820258,0.027883724789576125,0.9390457570552826,1,False,,,,
1766468283.4890969,0.36276818234662206,0.04056516555181067,1.0,1,False,,,,
1766468283.822077,0.3624138808573297,0.03845425395029389,0.9806757867336273,1,False,,,,
1766468283.828097,0.3624138808573297,0.03845425395029389,0.9806757867336273,1,False,,,,
1766468283.833941,0.3624138808573297,0.03845425395029389,0.9806757867336273,1,False,,,,
1766468283.837098,0.3627910757160525,0.03953788233237365,1.0,1,False,,,,
1766468283.840168,0.34948250242303114,0.03186999064009377,1.0,1,False,,,,
1766468284.051327,0.34948250242303114,0.03186999064009377,1.0,1,False,,,,
1766468284.057374,0.34908940768077545,0.036820815842923627,1.0,1,False,,,,
1766468284.060522,0.34908940768077545,0.036820815842923627,1.0,1,False,,,,
1766468284.0635,0.34908940768077545,0.036820815842923627,1.0,1,False,,,,
1766468284.069761,0.6017068675314793,0.31774337534822295,0.814134272518767,1,False,,,,
1766468284.368729,0.6017068675314793,0.31774337534822295,0.814134272518767,1,False,,,,
1766468284.376628,0.6075054942890203,0.3184874473538417,0.7991124987602234,1,False,,,,
1766468284.380654,0.6075054942890203,0.3184874473538417,0.7991124987602234,1,False,,,,
1766468284.385134,0.6075054942890203,0.3184874473538417,0.7991124987602234,1,False,,,,
1766468284.388214,0.39099359905293396,0.17319862678783327,0.17750089081605938,0,False,,,,
1766468284.568535,0.39099359905293396,0.17319862678783327,0.17750089081605938,0,False,,,,
1766468284.574255,0.39099359905293396,0.17319862678783327,0.17750089081605938,0,False,,,,
1766468284.577436,0.38683541487862744,0.17335994919148512,0.20007114188382807,0,False,,,,
1766468284.579966,0.38683541487862744,0.17335994919148512,0.20007114188382807,0,False,,,,
1766468284.582674,0.3871848288103836,0.17317033893461475,0.13373288521793195,0,False,,,,
1766468284.857475,0.3871848288103836,0.17317033893461475,0.13373288521793195,0,False,,,,
1766468284.863122,0.396985812040887,0.17572417005732832,0.12465294870090624,0,False,,,,
1766468284.866205,0.396985812040887,0.17572417005732832,0.12465294870090624,0,False,,,,
1766468284.870543,0.396985812040887,0.17572417005732832,0.12465294870090624,0,False,,,,
1766468284.874743,0.5764707145209457,0.3633013969849561,0.0,0,False,,,,
1766468285.051741,0.5764707145209457,0.3633013969849561,0.0,0,False,,,,
1766468285.056278,0.5764707145209457,0.3633013969849561,0.0,0,False,,,,
1766468285.059097,0.5764707145209457,0.3633013969849561,0.0,0,False,,,,
1766468285.0628211,0.5764707145209457,0.3633013969849561,0.0,0,False,,,,
1766468285.066603,0.5764170295458311,0.3632924830018298,0.0,0,False,,,,
1766468285.224087,0.5764170295458311,0.3632924830018298,0.0,0,False,,,,
1766468285.2307289,0.5764170295458311,0.3632924830018298,0.0,0,False,,,,
1766468285.233443,0.5764170295458311,0.3632924830018298,0.0,0,False,,,,
1766468285.237528,0.5764170295458311,0.3632924830018298,0.0,0,False,,,,
1766468285.240136,0.467508320748031,0.06909566699364866,1.0,0,False,,,,
1766468285.4415731,0.467508320748031,0.06909566699364866,1.0,0,False,,,,
1766468285.446369,0.45987019824055186,0.06211806384397822,1.0,0,False,,,,
1766468285.4503849,0.45987019824055186,0.06211806384397822,1.0,0,False,,,,
1766468285.4556339,0.45987019824055186,0.06211806384397822,1.0,0,False,,,,
1766468285.4585059,0.4781075000836961,0.06046850222986744,0.9733139276504517,1,False,,,,
1766468285.740569,0.4781075000836961,0.06046850222986744,0.9733139276504517,1,False,,,,
1766468285.747083,0.4781075000836961,0.06046850222986744,0.9733139276504517,1,False,,,,
1766468285.750087,0.4795273462665495,0.05803406540126477,1.0,1,False,,,,
1766468285.752994,0.4795273462665495,0.05803406540126477,1.0,1,False,,,,
1766468285.755696,0.48718486401563055,0.06723335562681709,1.0,1,False,,,,
1766468286.096213,0.48718486401563055,0.06723335562681709,1.0,1,False,,,,
1766468286.102251,0.48646193248380615,0.06659374334375168,0.9963078498840332,1,False,,,,
1766468286.1055171,0.48646193248380615,0.06659374334375168,0.9963078498840332,1,False,,,,
1766468286.110206,0.48646193248380615,0.06659374334375168,0.9963078498840332,1,False,,,,
1766468286.115245,0.48596658883209465,0.07023871586813812,1.0,1,False,,,,
1766468286.365778,0.48596658883209465,0.07023871586813812,1.0,1,False,,,,
1766468286.371105,0.4851840712874681,0.06964070712545278,1.0,1,False,,,,
1766468286.374128,0.4851840712874681,0.06964070712545278,1.0,1,False,,,,
1766468286.378887,0.4851840712874681,0.06964070712545278,1.0,1,False,,,,
1766468286.3819468,0.4891601703511486,0.07182149050765774,1.0,1,False,,,,
1766468286.633949,0.4891601703511486,0.07182149050765774,1.0,1,False,,,,
1766468286.639102,0.4886573083115381,0.0704570335874044,1.0,1,False,,,,
1766468286.642113,0.4886573083115381,0.0704570335874044,1.0,1,False,,,,
1766468286.6468081,0.4886573083115381,0.0704570335874044,1.0,1,False,,,,
1766468286.649546,0.48753515017043,0.07146597852305903,1.0,1,False,,,,
1766468286.861386,0.48753515017043,0.07146597852305903,1.0,1,False,,,,
1766468286.866715,0.48753515017043,0.07146597852305903,1.0,1,False,,,,
1766468286.869781,0.48607619002644914,0.07089538760377045,1.0,1,False,,,,
1766468286.8730528,0.48607619002644914,0.07089538760377045,1.0,1,False,,,,
1766468286.875903,0.5850668747775982,0.2970121084437636,0.31671758551587603,1,False,,,,
1766468287.0906281,0.6037521527630583,0.2390688174496962,0.47437676762020997,1,False,,,,
1766468287.0964742,0.6037521527630583,0.2390688174496962,0.47437676762020997,1,False,,,,
1766468287.1014788,0.6037521527630583,0.2390688174496962,0.47437676762020997,1,False,,,,
1766468287.1044679,0.5955567875717879,0.22820464708009114,0.5543195553402628,1,False,,,,
1766468287.107295,0.48091261531760676,0.062350150221728295,1.0,1,False,,,,
1766468287.339218,0.48091261531760676,0.062350150221728295,1.0,1,False,,,,
1766468287.3444722,0.48017160938555603,0.06199504287432034,1.0,1,False,,,,
1766468287.349049,0.48017160938555603,0.06199504287432034,1.0,1,False,,,,
1766468287.35487,0.48017160938555603,0.06199504287432034,1.0,1,False,,,,
1766468287.3585322,0.47290867032524303,0.0682478246123901,1.0,1,False,,,,
1766468287.631312,0.47290867032524303,0.0682478246123901,1.0,1,False,,,,
1766468287.6364942,0.47290867032524303,0.0682478246123901,1.0,1,False,,,,
1766468287.639508,0.47290867032524303,0.0682478246123901,1.0,1,False,,,,
1766468287.642893,0.4735655950319738,0.06836679424693815,1.0,1,False,,,,
1766468287.64559,0.47909623244382116,0.08568572785775164,1.0,1,False,,,,
1766468287.871648,0.47909623244382116,0.08568572785775164,1.0,1,False,,,,
1766468287.877198,0.47856316980179503,0.0865778990323468,1.0,1,False,,,,
1766468287.8803022,0.47803037828652223,0.08730118558644007,1.0,1,False,,,,
1766468287.882956,0.47803037828652223,0.08730118558644007,1.0,1,False,,,,
1766468287.887007,0.4590298292961189,0.08941598255236882,1.0,1,False,,,,
1766468288.099583,0.4590298292961189,0.08941598255236882,1.0,1,False,,,,
1766468288.104419,0.4590298292961189,0.08941598255236882,1.0,1,False,,,,
1766468288.107372,0.4590298292961189,0.08941598255236882,1.0,1,False,,,,
1766468288.110538,0.477450220797836,0.07115142503436334,0.9966863095760345,1,False,,,,
1766468288.114186,0.4787431085658743,0.07577688913393676,0.9962045252323151,1,False,,,,
1766468288.353327,0.4787431085658743,0.07577688913393676,0.9962045252323151,1,False,,,,
1766468288.358399,0.4787431085658743,0.07577688913393676,0.9962045252323151,1,False,,,,
1766468288.361896,0.4777334592215417,0.0756490084047351,1.0,1,False,,,,
1766468288.3646731,0.4777334592215417,0.0756490084047351,1.0,1,False,,,,
1766468288.367403,0.5861331406783983,0.22331723714185148,0.5540041607787894,1,False,,,,
1766468288.5835059,0.4116405952539953,0.18013288152453222,0.5322633559782903,1,False,,,,
1766468288.5880451,0.4116405952539953,0.18013288152453222,0.5322633559782903,1,False,,,,
1766468288.594107,0.4116405952539953,0.18013288152453222,0.5322633559782903,1,False,,,,
1766468288.597619,0.41960591730990043,0.048208737964592574,0.7740779101848603,1,False,,,,
1766468288.600371,0.4988431917811365,0.218797228904554,0.25472155023455406,1,False,,,,
1766468288.8775098,0.4988431917811365,0.218797228904554,0.25472155023455406,1,False,,,,
1766468288.883111,0.5656077295489615,0.2168496476886772,0.8562089204788208,1,False,,,,
1766468288.88723,0.5656077295489615,0.2168496476886772,0.8562089204788208,1,False,,,,
1766468288.893137,0.5656077295489615,0.2168496476886772,0.8562089204788208,1,False,,,,
1766468288.8962681,0.476700505389042,0.07810237274365628,1.0,1,False,,,,
1766468289.2635431,0.476700505389042,0.07810237274365628,1.0,1,False,,,,
1766468289.2693791,0.4763951926385408,0.07926107342472422,1.0,1,False,,,,
1766468289.275189,0.4763951926385408,0.07926107342472422,1.0,1,False,,,,
1766468289.279774,0.4763951926385408,0.07926107342472422,1.0,1,False,,,,
1766468289.282536,0.47613071038469157,0.07922492605144238,1.0,1,False,,,,
1766468289.501121,0.4770417207568277,0.07976953487869043,1.0,1,False,,,,
1766468289.5075572,0.4770417207568277,0.07976953487869043,1.0,1,False,,,,
1766468289.513839,0.4770417207568277,0.07976953487869043,1.0,1,False,,,,
1766468289.516852,0.47686777833564326,0.08007103884755085,1.0,1,False,,,,
1766468289.519743,0.47561161466004637,0.07571324276119562,1.0,1,False,,,,
1766468289.990866,0.47561161466004637,0.07571324276119562,1.0,1,False,,,,
1766468289.9957252,0.47561161466004637,0.07571324276119562,1.0,1,False,,,,
1766468289.998493,0.47561161466004637,0.07571324276119562,1.0,1,False,,,,
1766468290.001211,0.47561161466004637,0.07571324276119562,1.0,1,False,,,,
1766468290.004228,0.4776075098245518,0.0798610111505188,1.0,1,False,,,,
1766468290.226364,0.4774388583150134,0.08069982638927553,1.0,1,False,,,,
1766468290.231776,0.4774388583150134,0.08069982638927553,1.0,1,False,,,,
1766468290.2347698,0.4774388583150134,0.08069982638927553,1.0,1,False,,,,
1766468290.237874,0.47763459172323613,0.08094932546846534,1.0,1,False,,,,
1766468290.2411299,0.47994879033125615,0.07703874973931824,1.0,1,False,,,,
1766468290.546825,0.47994879033125615,0.07703874973931824,1.0,1,False,,,,
1766468290.5518022,0.47994879033125615,0.07703874973931824,1.0,1,False,,,,
1766468290.55455,0.47994879033125615,0.07703874973931824,1.0,1,False,,,,
1766468290.557526,0.47939814069384024,0.07742307977476215,1.0,1,False,,,,
1766468290.560849,0.4709589192515429,0.05896990446460659,1.0,1,False,,,,
1766468290.7668219,0.4709589192515429,0.05896990446460659,1.0,1,False,,,,
1766468290.772321,0.4709589192515429,0.05896990446460659,1.0,1,False,,,,
1766468290.777351,0.4708713499226646,0.05809098362430709,1.0,1,False,,,,
1766468290.780511,0.4708713499226646,0.05809098362430709,1.0,1,False,,,,
1766468290.7861388,0.4608984538848131,0.06373134759969856,1.0,1,False,,,,
1766468291.224431,0.46016389810556396,0.0632816732689796,1.0,1,False,,,,
1766468291.2296278,0.45987279447425883,0.06297757901985579,1.0,1,False,,,,
1766468291.2347252,0.45987279447425883,0.06297757901985579,1.0,1,False,,,,
1766468291.2383249,0.45987279447425883,0.06297757901985579,1.0,1,False,,,,
1766468291.2411,0.47759896100273747,0.07557367684130634,1.0,1,False,,,,
1766468291.501004,0.47759896100273747,0.07557367684130634,1.0,1,False,,,,
1766468291.505936,0.47759896100273747,0.07557367684130634,1.0,1,False,,,,
1766468291.508873,0.47759896100273747,0.07557367684130634,1.0,1,False,,,,
1766468291.5114849,0.47759896100273747,0.07557367684130634,1.0,1,False,,,,
1766468291.516129,0.46252415867554914,0.08460894238403294,1.0,1,False,,,,
1766468291.833133,0.46214796958657123,0.08364068550622683,1.0,1,False,,,,
1766468291.839662,0.46214796958657123,0.08364068550622683,1.0,1,False,,,,
1766468291.8449962,0.46131334854431827,0.08729326286518557,1.0,1,False,,,,
1766468291.848371,0.46131334854431827,0.08729326286518557,1.0,1,False,,,,
1766468291.8511128,0.40139267756517905,0.07342732291663179,1.0,1,False,,,,
1766468292.549671,0.37509749747739113,0.07680553142836621,0.995,1,False,,,,
1766468292.558114,0.37509749747739113,0.07680553142836621,0.995,1,False,,,,
1766468292.563277,0.37509749747739113,0.07680553142836621,0.995,1,False,,,,
1766468292.566145,0.37509749747739113,0.07680553142836621,0.995,1,False,,,,
1766468292.5688431,0.33505342021438667,0.18870836894488796,1.0,0,False,,,,
1766468292.7654872,0.33505342021438667,0.18870836894488796,1.0,0,False,,,,
1766468292.770014,0.33379276482962644,0.18925230664482884,1.0,0,False,,,,
1766468292.772695,0.33379276482962644,0.18925230664482884,1.0,0,False,,,,
1766468292.777951,0.33379276482962644,0.18925230664482884,1.0,0,False,,,,
1766468292.7812018,0.4284215874531182,0.18019094033302063,0.7988718939784145,0,False,,,,
1766468292.941393,0.4284215874531182,0.18019094033302063,0.7988718939784145,0,False,,,,
1766468292.948759,0.4284215874531182,0.18019094033302063,0.7988718939784145,0,False,,,,
1766468292.9512372,0.4284215874531182,0.18019094033302063,0.7988718939784145,0,False,,,,
1766468292.953784,0.30633882027062054,0.1950861544973579,0.20712359136040553,0,False,,,,
1766468292.957737,0.3542925481466856,0.17955402295300793,0.18501736337878785,0,False,,,,
1766468293.105667,0.34918090875293595,0.17963223582452914,0.19777022184932644,0,False,,,,
1766468293.11376,0.34918090875293595,0.17963223582452914,0.19777022184932644,0,False,,,,
1766468293.1183949,0.34918090875293595,0.17963223582452914,0.19777022184932644,0,False,,,,
1766468293.122592,0.5775908309019229,0.3990840182218126,0.9469445943832397,0,False,,,,
1766468293.125291,0.36966364554326525,0.17697829222642603,0.17964199199736958,0,False,,,,
1766468293.2935522,0.5664404368384331,0.41629840291416187,0.7146562337875366,0,False,,,,
1766468293.299469,0.5664404368384331,0.41629840291416187,0.7146562337875366,0,False,,,,
1766468293.30267,0.5664404368384331,0.41629840291416187,0.7146562337875366,0,False,,,,
1766468293.306186,0.5643859008400633,0.4134376829255437,0.7719236016273499,0,False,,,,
1766468293.308842,0.35046950889922535,0.1812084224683017,0.19667818885704155,0,False,,,,
1766468293.662902,0.35046950889922535,0.1812084224683017,0.19667818885704155,0,False,,,,
1766468293.668888,0.35046950889922535,0.1812084224683017,0.19667818885704155,0,False,,,,
1766468293.671886,0.35046950889922535,0.1812084224683017,0.19667818885704155,0,False,,,,
1766468293.675029,0.3513055525308942,0.17998388493006834,0.19748072641319822,0,False,,,,
1766468293.678477,0.572838139191935,0.3994329723267125,0.8850553035736084,0,False,,,,
1766468293.840487,0.5920923684325112,0.40199374074188843,0.99,0,False,,,,
1766468293.846072,0.5778892229140162,0.30548807863356786,0.3121118151967516,0,False,,,,
1766468293.8511832,0.5778892229140162,0.30548807863356786,0.3121118151967516,0,False,,,,
1766468293.853806,0.5778892229140162,0.30548807863356786,0.3121118151967516,0,False,,,,
1766468293.8562949,0.6199725399515208,0.38571528694069435,0.9927574992179871,0,False,,,,
1766468294.014969,0.6199725399515208,0.38571528694069435,0.9927574992179871,0,False,,,,
1766468294.020014,0.6199725399515208,0.38571528694069435,0.9927574992179871,0,False,,,,
1766468294.022753,0.6199725399515208,0.38571528694069435,0.9927574992179871,0,False,,,,
1766468294.025772,0.6070038789880986,0.1097759045655965,0.8572283022120832,0,False,,,,
1766468294.0282729,0.6264754362864666,0.46373254473397174,0.865799605846405,0,False,,,,
1766468294.2995079,0.6264754362864666,0.46373254473397174,0.865799605846405,0,False,,,,
1766468294.306517,0.6264754362864666,0.46373254473397174,0.865799605846405,0,False,,,,
1766468294.3104599,0.614722423657125,0.4614767462084771,0.9828522801399231,0,False,,,,
1766468294.312803,0.614722423657125,0.4614767462084771,0.9828522801399231,0,False,,,,
1766468294.31727,0.3502730378728694,0.18154083221083406,0.12488185276466084,0,False,,,,
1766468294.486461,0.3502730378728694,0.18154083221083406,0.12488185276466084,0,False,,,,
1766468294.491796,0.6042359107766183,0.4454582444002979,0.970444917678833,0,False,,,,
1766468294.49469,0.3428605887225372,0.18246399578504036,0.14464483661819655,0,False,,,,
1766468294.497092,0.3428605887225372,0.18246399578504036,0.14464483661819655,0,False,,,,
1766468294.500155,0.3132966253074986,0.21127875477070346,0.202158016655872,0,False,,,,
1766468294.987392,0.3132966253074986,0.21127875477070346,0.202158016655872,0,False,,,,
1766468294.993093,0.3132966253074986,0.21127875477070346,0.202158016655872,0,False,,,,
1766468294.995997,0.29568237228782845,0.21816284670158792,0.21532282022921545,0,False,,,,
1766468294.9990132,0.5324872513709522,0.2688297228426799,1.0,0,False,,,,
1766468295.004305,0.5422845712378777,0.02873912401448675,0.9010516107082367,0,False,,,,
1766468295.175539,0.5422845712378777,0.02873912401448675,0.9010516107082367,0,False,,,,
1766468295.180327,0.5424163330796429,0.028806205613679192,0.887372761964798,0,False,,,,
1766468295.182919,0.5447679931347014,0.03620498597042354,0.9165121018886566,0,False,,,,
1766468295.185528,0.5447679931347014,0.03620498597042354,0.9165121018886566,0,False,,,,
1766468295.190625,0.4939530061243901,0.24723866342693668,1.0,0,False,,,,
1766468295.372143,0.4939530061243901,0.24723866342693668,1.0,0,False,,,,
1766468295.377033,0.4939530061243901,0.24723866342693668,1.0,0,False,,,,
1766468295.380126,0.4983597514248438,0.24631345457328113,1.0,0,False,,,,
1766468295.382608,0.5031735646032905,0.24751239267916747,1.0,0,False,,,,
1766468295.385039,0.4949932285285598,0.48971577121537124,0.8821481721655065,0,False,,,,
1766468295.5437949,0.4949932285285598,0.48971577121537124,0.8821481721655065,0,False,,,,
1766468295.547641,0.4949932285285598,0.48971577121537124,0.8821481721655065,0,False,,,,
1766468295.550178,0.2936708327930165,0.38108572024773324,0.04188738207481398,0,False,,,,
1766468295.552733,0.2936708327930165,0.38108572024773324,0.04188738207481398,0,False,,,,
1766468295.5549529,0.5388051451039357,0.07272101008096654,0.9764244867018346,0,False,,,,
1766468295.716204,0.5354064352626865,0.07949315417165048,0.9696050882339478,0,False,,,,
1766468295.72119,0.5375543881090191,0.07139395230419987,0.9830384254455566,0,False,,,,
1766468295.724272,0.5375543881090191,0.07139395230419987,0.9830384254455566,0,False,,,,
1766468295.729546,0.5375543881090191,0.07139395230419987,0.9830384254455566,0,False,,,,
1766468295.732521,0.567695586474523,0.07273863180202189,0.9800345599651337,0,False,,,,
1766468295.899798,0.567695586474523,0.07273863180202189,0.9800345599651337,0,False,,,,
1766468295.904491,0.46912622448368724,0.23299990118994351,0.3773357279332251,0,False,,,,
1766468295.9073439,0.46912622448368724,0.23299990118994351,0.3773357279332251,0,False,,,,
1766468295.9111822,0.46912622448368724,0.23299990118994351,0.3773357279332251,0,False,,,,
1766468295.914022,0.46278109905505876,0.23530358461840428,0.4811042217590734,0,False,,,,
1766468296.074717,0.46278109905505876,0.23530358461840428,0.4811042217590734,0,False,,,,
1766468296.080727,0.46278109905505876,0.23530358461840428,0.4811042217590734,0,False,,,,
1766468296.083458,0.46278109905505876,0.23530358461840428,0.4811042217590734,0,False,,,,
1766468296.0860128,0.46312855860899954,0.2354927980115722,0.49406953425033867,0,False,,,,
1766468296.088334,0.47223127203399295,0.2557653328878191,0.3713498667948752,0,False,,,,
1766468296.2545679,0.4723860529268471,0.2558870338156761,0.38318399152365334,0,False,,,,
1766468296.259066,0.4723860529268471,0.2558870338156761,0.38318399152365334,0,False,,,,
1766468296.2636359,0.4723860529268471,0.2558870338156761,0.38318399152365334,0,False,,,,
1766468296.266434,0.4723860529268471,0.2558870338156761,0.38318399152365334,0,False,,,,
1766468296.269363,0.5020466736617794,0.22473750027101058,1.0,0,False,,,,
1766468296.451016,0.5020466736617794,0.22473750027101058,1.0,0,False,,,,
1766468296.457906,0.5022614494741922,0.22334471318113758,1.0,0,False,,,,
1766468296.462715,0.5022614494741922,0.22334471318113758,1.0,0,False,,,,
1766468296.465374,0.5022614494741922,0.22334471318113758,1.0,0,False,,,,
1766468296.4678369,0.46039306067281716,0.1927593101074554,0.35804941318135947,0,False,,,,
1766468296.63772,0.5620403984902331,0.4024251697395709,0.9564207792282104,0,False,,,,
1766468296.642638,0.5620403984902331,0.4024251697395709,0.9564207792282104,0,False,,,,
1766468296.647407,0.5620403984902331,0.4024251697395709,0.9564207792282104,0,False,,,,
1766468296.650513,0.5620403984902331,0.4024251697395709,0.9564207792282104,0,False,,,,
1766468296.6529121,0.5560464845582423,0.3928390882417333,0.873950183391571,0,False,,,,
1766468296.906684,0.5467704187972848,0.352586222878718,0.8135178767653428,0,False,,,,
1766468296.911982,0.5467704187972848,0.352586222878718,0.8135178767653428,0,False,,,,
1766468296.915859,0.5467704187972848,0.352586222878718,0.8135178767653428,0,False,,,,
1766468296.9181519,0.5467704187972848,0.352586222878718,0.8135178767653428,0,False,,,,
1766468296.9204412,0.39874080223337477,0.36840302142633097,0.3645880145379909,0,False,,,,
1766468297.1081758,0.35710584095660597,0.5564107392685768,0.4305580687795801,0,False,,,,
1766468297.1132858,0.3602080937965897,0.44176338353369893,0.43025525495619876,0,False,,,,
1766468297.1177459,0.3602080937965897,0.44176338353369893,0.43025525495619876,0,False,,,,
1766468297.1207922,0.3602080937965897,0.44176338353369893,0.43025525495619876,0,False,,,,
1766468297.123328,0.5651522511916618,0.4284736093237931,0.9004959464073181,0,False,,,,
1766468297.3165598,0.5651522511916618,0.4284736093237931,0.9004959464073181,0,False,,,,
1766468297.321004,0.5651522511916618,0.4284736093237931,0.9004959464073181,0,False,,,,
1766468297.3236392,0.5651522511916618,0.4284736093237931,0.9004959464073181,0,False,,,,
1766468297.326154,0.571193470661089,0.3234368755992154,0.8251077477331822,0,False,,,,
1766468297.330648,0.3664671178639226,0.4469342825955951,0.3855177145833973,0,False,,,,
1766468297.610164,0.34614528490222274,0.5037276052732287,0.42708721203275285,0,False,,,,
1766468297.615532,0.34614528490222274,0.5037276052732287,0.42708721203275285,0,False,,,,
1766468297.620229,0.34614528490222274,0.5037276052732287,0.42708721203275285,0,False,,,,
1766468297.6230972,0.34614528490222274,0.5037276052732287,0.42708721203275285,0,False,,,,
1766468297.625911,0.5754258545052666,0.4243378640977,0.9773080945014954,0,False,,,,
1766468297.799507,0.5754258545052666,0.4243378640977,0.9773080945014954,0,False,,,,
1766468297.8038661,0.5754258545052666,0.4243378640977,0.9773080945014954,0,False,,,,
1766468297.806325,0.5754258545052666,0.4243378640977,0.9773080945014954,0,False,,,,
1766468297.809087,0.5754258545052666,0.4243378640977,0.9773080945014954,0,False,,,,
1766468297.8115368,0.3564071662260047,0.5520084873895473,0.38848364204516656,0,False,,,,
1766468297.990099,0.3564071662260047,0.5520084873895473,0.38848364204516656,0,False,,,,
1766468297.994197,0.3564071662260047,0.5520084873895473,0.38848364204516656,0,False,,,,
1766468297.9973938,0.5658228540876516,0.3888218831660093,0.8728957772254944,0,False,,,,
1766468298.0005171,0.5658228540876516,0.3888218831660093,0.8728957772254944,0,False,,,,
1766468298.002879,0.5655829084509454,0.3976829445417336,0.9480621814727783,0,False,,,,
1766468298.160619,0.5655829084509454,0.3976829445417336,0.9480621814727783,0,False,,,,
1766468298.165983,0.5781737877570017,0.35455657387121886,0.99,0,False,,,,
1766468298.168577,0.5781737877570017,0.35455657387121886,0.99,0,False,,,,
1766468298.171563,0.5781737877570017,0.35455657387121886,0.99,0,False,,,,
1766468298.177139,0.4693949956846685,0.48653773809007206,0.9858990013599396,0,False,,,,
1766468298.35617,0.4693949956846685,0.48653773809007206,0.9858990013599396,0,False,,,,
1766468298.362709,0.4693949956846685,0.48653773809007206,0.9858990013599396,0,False,,,,
1766468298.365381,0.5527296981002504,0.2343701068518388,0.20408550194581296,0,False,,,,
1766468298.369091,0.5527296981002504,0.2343701068518388,0.20408550194581296,0,False,,,,
1766468298.373672,0.47031420498738186,0.039987305083503455,1.0,0,False,,,,
1766468298.5226948,0.47031420498738186,0.039987305083503455,1.0,0,False,,,,
1766468298.530899,0.47031420498738186,0.039987305083503455,1.0,0,False,,,,
1766468298.536455,0.47422193900346776,0.04009012325548522,0.9932493269443512,0,False,,,,
1766468298.539562,0.47422193900346776,0.04009012325548522,0.9932493269443512,0,False,,,,
1766468298.5441742,0.4546041183039661,0.20233807201435494,0.6,1,False,,,,
1766468298.841054,0.4546041183039661,0.20233807201435494,0.6,1,False,,,,
1766468298.846993,0.4546041183039661,0.20233807201435494,0.6,1,False,,,,
1766468298.8499122,0.5071172533892548,0.13035174983052578,0.7060470759868622,1,False,,,,
1766468298.852749,0.5071172533892548,0.13035174983052578,0.7060470759868622,1,False,,,,
1766468298.85577,0.5255996272004793,0.11685427246833502,1.0,1,False,,,,
1766468299.209409,0.5255996272004793,0.11685427246833502,1.0,1,False,,,,
1766468299.21542,0.5255996272004793,0.11685427246833502,1.0,1,False,,,,
1766468299.2187421,0.5255996272004793,0.11685427246833502,1.0,1,False,,,,
1766468299.22173,0.5205241431255463,0.11949078376965638,1.0,1,False,,,,
1766468299.224759,0.5321747614433452,0.10948398914945923,1.0,1,False,,,,
1766468299.441531,0.5321747614433452,0.10948398914945923,1.0,1,False,,,,
1766468299.44738,0.5321747614433452,0.10948398914945923,1.0,1,False,,,,
1766468299.452201,0.5326268010354135,0.10843152842744219,1.0,1,False,,,,
1766468299.455449,0.5328908958883669,0.10964673752435539,1.0,1,False,,,,
1766468299.458729,0.5198930708249809,0.10947337481656538,1.0,1,False,,,,
1766468299.692908,0.5188842483585646,0.11058142666855686,1.0,1,False,,,,
1766468299.698147,0.5188842483585646,0.11058142666855686,1.0,1,False,,,,
1766468299.7026792,0.5188842483585646,0.11058142666855686,1.0,1,False,,,,
1766468299.7053819,0.517600928767407,0.11253755698715517,1.0,1,False,,,,
1766468299.7081978,0.5182439127562729,0.10912267538910292,1.0,1,False,,,,
1766468299.92242,0.5196549674081247,0.10860038326467103,1.0,1,False,,,,
1766468299.927407,0.5196549674081247,0.10860038326467103,1.0,1,False,,,,
1766468299.9320982,0.5196549674081247,0.10860038326467103,1.0,1,False,,,,
1766468299.935041,0.5196549674081247,0.10860038326467103,1.0,1,False,,,,
1766468299.9380732,0.5206512158107537,0.11660827128668405,0.958387941122055,1,False,,,,
1766468300.269996,0.5206512158107537,0.11660827128668405,0.958387941122055,1,False,,,,
1766468300.275537,0.5207929428828189,0.11720446876551016,0.9459420144557953,1,False,,,,
1766468300.278655,0.5207929428828189,0.11720446876551016,0.9459420144557953,1,False,,,,
1766468300.284083,0.5207929428828189,0.11720446876551016,0.9459420144557953,1,False,,,,
1766468300.288523,0.5092853371547,0.11070865275385,0.9839362800121307,1,False,,,,
1766468300.551668,0.5092853371547,0.11070865275385,0.9839362800121307,1,False,,,,
1766468300.556727,0.5092853371547,0.11070865275385,0.9839362800121307,1,False,,,,
1766468300.559985,0.5122809677094743,0.1078041451028886,0.9839362800121307,1,False,,,,
1766468300.563013,0.5111545142589798,0.10195196698791753,1.0,1,False,,,,
1766468300.565695,0.5179995709766831,0.09874875289310392,0.9985124170780182,1,False,,,,
1766468300.817162,0.5179995709766831,0.09874875289310392,0.9985124170780182,1,False,,,,
1766468300.8222451,0.5179995709766831,0.09874875289310392,0.9985124170780182,1,False,,,,
1766468300.825112,0.5179995709766831,0.09874875289310392,0.9985124170780182,1,False,,,,
1766468300.8278022,0.5179995709766831,0.09874875289310392,0.9985124170780182,1,False,,,,
1766468300.831539,0.5140248093922425,0.1018053845340946,0.9568983018398285,1,False,,,,
1766468301.100637,0.5134280692180538,0.1000121013261146,0.9568983018398285,1,False,,,,
1766468301.106287,0.5134280692180538,0.1000121013261146,0.9568983018398285,1,False,,,,
1766468301.1114528,0.5134280692180538,0.1000121013261146,0.9568983018398285,1,False,,,,
1766468301.114688,0.5141847452719724,0.09971747344655946,0.9500279426574707,1,False,,,,
1766468301.117909,0.5185593354942112,0.10284576210678964,0.9301334917545319,1,False,,,,
1766468301.366967,0.5183610165941401,0.10287801571621191,0.9267874658107758,1,False,,,,
1766468301.3732858,0.5183610165941401,0.10287801571621191,0.9267874658107758,1,False,,,,
1766468301.379332,0.5183610165941401,0.10287801571621191,0.9267874658107758,1,False,,,,
1766468301.3827531,0.5178246572973785,0.10377716581581198,0.9361691474914551,1,False,,,,
1766468301.385443,0.5167074368182017,0.09227044644373061,0.987064927816391,1,False,,,,
1766468301.771264,0.5167074368182017,0.09227044644373061,0.987064927816391,1,False,,,,
1766468301.776663,0.5167074368182017,0.09227044644373061,0.987064927816391,1,False,,,,
1766468301.779438,0.5167074368182017,0.09227044644373061,0.987064927816391,1,False,,,,
1766468301.78392,0.5152742457901821,0.09026304428885357,0.9583279490470886,1,False,,,,
1766468301.7866318,0.5208356976503372,0.07738989279668185,0.9158312082290649,1,False,,,,
1766468302.030591,0.5208356976503372,0.07738989279668185,0.9158312082290649,1,False,,,,
1766468302.0363011,0.5201520752044476,0.0748073229412971,0.9545997381210327,1,False,,,,
1766468302.03953,0.5201520752044476,0.0748073229412971,0.9545997381210327,1,False,,,,
1766468302.0448809,0.5201520752044476,0.0748073229412971,0.9545997381210327,1,False,,,,
1766468302.047926,0.5142731447747143,0.07085294688666333,0.9740173816680908,1,False,,,,
1766468302.379391,0.5142731447747143,0.07085294688666333,0.9740173816680908,1,False,,,,
1766468302.3845499,0.5136673888986913,0.07178537771672533,0.9632748067378998,1,False,,,,
1766468302.387434,0.5134550192948867,0.07083969517184308,0.9673624336719513,1,False,,,,
1766468302.390146,0.5134550192948867,0.07083969517184308,0.9673624336719513,1,False,,,,
1766468302.394988,0.5158963698882171,0.06883083932328093,0.9542424082756042,1,False,,,,
1766468302.6086888,0.515854062708668,0.07204897489120587,0.987344890832901,1,False,,,,
1766468302.614995,0.515854062708668,0.07204897489120587,0.987344890832901,1,False,,,,
1766468302.620406,0.5157623177761154,0.07307754452957016,0.9350942969322205,1,False,,,,
1766468302.623656,0.5158451538102014,0.07614414344926834,0.9551225304603577,1,False,,,,
1766468302.6263301,0.5226534152972352,0.09043563069585914,0.9637791812419891,1,False,,,,
1766468302.9177332,0.5226534152972352,0.09043563069585914,0.9637791812419891,1,False,,,,
1766468302.923431,0.5193036978879145,0.09394589525186003,0.9643903374671936,1,False,,,,
1766468302.9264052,0.5193036978879145,0.09394589525186003,0.9643903374671936,1,False,,,,
1766468302.9312892,0.5193036978879145,0.09394589525186003,0.9643903374671936,1,False,,,,
1766468302.934284,0.5112773787269281,0.0974599124343476,0.9367127418518066,1,False,,,,
1766468303.256379,0.5096542428723633,0.09593724886692101,0.9111000597476959,1,False,,,,
1766468303.261454,0.5074974288234386,0.09254085038672855,0.9642017781734467,1,False,,,,
1766468303.2669451,0.5074974288234386,0.09254085038672855,0.9642017781734467,1,False,,,,
1766468303.272243,0.5070227030562597,0.0907107496923032,0.9293392300605774,1,False,,,,
1766468303.2752051,0.5117369331029188,0.08017378407149334,1.0,1,False,,,,
1766468303.558122,0.5111105275361522,0.0826543469301313,1.0,1,False,,,,
1766468303.563736,0.5111105275361522,0.0826543469301313,1.0,1,False,,,,
1766468303.5700622,0.5111105275361522,0.0826543469301313,1.0,1,False,,,,
1766468303.5731242,0.5111105275361522,0.0826543469301313,1.0,1,False,,,,
1766468303.5757701,0.5096519226288213,0.07464050019704993,0.970975786447525,1,False,,,,
1766468303.787154,0.5096519226288213,0.07464050019704993,0.970975786447525,1,False,,,,
1766468303.792665,0.5101754188048391,0.07553826100097716,0.967392772436142,1,False,,,,
1766468303.795991,0.51041210138833,0.07518538871662606,0.9310914874076843,1,False,,,,
1766468303.799551,0.51041210138833,0.07518538871662606,0.9310914874076843,1,False,,,,
1766468303.8051379,0.5174505837169239,0.07494615448994524,0.9198147356510162,1,False,,,,
1766468304.0820239,0.5174505837169239,0.07494615448994524,0.9198147356510162,1,False,,,,
1766468304.0886872,0.5174505837169239,0.07494615448994524,0.9198147356510162,1,False,,,,
1766468304.0917509,0.5172907306322243,0.07466761866878469,0.8849084973335266,1,False,,,,
1766468304.094581,0.5175200657807622,0.07454182890737127,0.8804804086685181,1,False,,,,
1766468304.097218,0.507126945189112,0.05911737998884459,0.9290976822376251,1,False,,,,
1766468304.330359,0.5079185145099533,0.05962035702468571,0.8922585248947144,1,False,,,,
1766468304.335569,0.5079185145099533,0.05962035702468571,0.8922585248947144,1,False,,,,
1766468304.3404858,0.5079185145099533,0.05962035702468571,0.8922585248947144,1,False,,,,
1766468304.343593,0.5079185145099533,0.05962035702468571,0.8922585248947144,1,False,,,,
1766468304.346485,0.5229216691233292,0.06971240166499315,0.913439929485321,1,False,,,,
1766468304.632531,0.5230800322693974,0.06865712851642947,0.8795818984508514,1,False,,,,
1766468304.637415,0.5223576216746773,0.0671366404645869,0.9401198923587799,1,False,,,,
1766468304.6405609,0.5223576216746773,0.0671366404645869,0.9401198923587799,1,False,,,,
1766468304.6466901,0.5223576216746773,0.0671366404645869,0.9401198923587799,1,False,,,,
1766468304.650133,0.47819904281739756,0.060625856322055416,1.0,1,False,,,,
1766468304.958127,0.47819904281739756,0.060625856322055416,1.0,1,False,,,,
1766468304.9644759,0.4725610981643923,0.06669018344222255,1.0,1,False,,,,
1766468304.9679072,0.4689668659680305,0.0669510910415807,1.0,1,False,,,,
1766468304.971307,0.4689668659680305,0.0669510910415807,1.0,1,False,,,,
1766468304.977221,0.5693585726169111,0.4633795904774892,1.0,1,False,,,,
1766468305.28921,0.448020644923904,0.18676985810995395,0.23306194350964005,1,False,,,,
1766468305.296866,0.448020644923904,0.18676985810995395,0.23306194350964005,1,False,,,,
1766468305.299862,0.448020644923904,0.18676985810995395,0.23306194350964005,1,False,,,,
1766468305.30543,0.42952310302717633,0.18117676545735772,0.22692939153655714,1,False,,,,
1766468305.310348,0.46141618678449803,0.1923238062869157,0.21847930296552734,0,False,,,,
1766468305.4860642,0.4582426649372776,0.19100159961551932,0.18767891382432883,0,False,,,,
1766468305.492644,0.4582426649372776,0.19100159961551932,0.18767891382432883,0,False,,,,
1766468305.497516,0.4582426649372776,0.19100159961551932,0.18767891382432883,0,False,,,,
1766468305.500382,0.45818591037396394,0.19097669229193104,0.1775245965442019,0,False,,,,
1766468305.503532,0.47985203238940677,0.20231520448877272,0.1860974452747505,0,False,,,,
1766468305.689228,0.47985203238940677,0.20231520448877272,0.1860974452747505,0,False,,,,
1766468305.695897,0.47985203238940677,0.20231520448877272,0.1860974452747505,0,False,,,,
1766468305.700525,0.47985203238940677,0.20231520448877272,0.1860974452747505,0,False,,,,
1766468305.703369,0.47985203238940677,0.20231520448877272,0.1860974452747505,0,False,,,,
1766468305.7067258,0.4330480267262454,0.18464657091588643,0.19535880132301967,0,False,,,,
1766468305.893348,0.6377483924758781,0.367387445849791,1.0,0,False,,,,
1766468305.89964,0.6377483924758781,0.367387445849791,1.0,0,False,,,,
1766468305.9024608,0.6377483924758781,0.367387445849791,1.0,0,False,,,,
1766468305.905337,0.6064766473638366,0.05907116863207562,0.8950578221333814,0,False,,,,
1766468305.907712,0.6268992802461129,0.3446886197189749,1.0,0,False,,,,
1766468306.174898,0.4001862219978637,0.17615245560337334,0.21168900431440743,0,False,,,,
1766468306.1801112,0.4001862219978637,0.17615245560337334,0.21168900431440743,0,False,,,,
1766468306.184693,0.4001862219978637,0.17615245560337334,0.21168900431440743,0,False,,,,
1766468306.187595,0.4001862219978637,0.17615245560337334,0.21168900431440743,0,False,,,,
1766468306.190582,0.4014064541925234,0.17976935462506327,0.15694295226040833,0,False,,,,
1766468306.366514,0.4014064541925234,0.17976935462506327,0.15694295226040833,0,False,,,,
1766468306.372437,0.40207544103053944,0.18050731000332676,0.16207111339363778,0,False,,,,
1766468306.376394,0.40207544103053944,0.18050731000332676,0.16207111339363778,0,False,,,,
1766468306.3808498,0.40207544103053944,0.18050731000332676,0.16207111339363778,0,False,,,,
1766468306.38361,0.36638197806761463,0.1792049382897647,0.17063020577715513,0,False,,,,
1766468306.548754,0.36638197806761463,0.1792049382897647,0.17063020577715513,0,False,,,,
1766468306.5534039,0.36638197806761463,0.1792049382897647,0.17063020577715513,0,False,,,,
1766468306.556192,0.37395699499447665,0.17653321116943788,0.14926486194553976,0,False,,,,
1766468306.5585349,0.37395699499447665,0.17653321116943788,0.14926486194553976,0,False,,,,
1766468306.560956,0.60587341543619,-0.013587028875184926,0.8724001695918445,0,False,,,,
1766468306.725506,0.6181617596393083,-0.04510799982403446,0.9008807109218817,0,False,,,,
1766468306.730597,0.6181617596393083,-0.04510799982403446,0.9008807109218817,0,False,,,,
1766468306.7348402,0.6181617596393083,-0.04510799982403446,0.9008807109218817,0,False,,,,
1766468306.737289,0.6181617596393083,-0.04510799982403446,0.9008807109218817,0,False,,,,
1766468306.741225,0.6240105688241615,0.4068214244874233,1.0,0,False,,,,
1766468306.928144,0.6240105688241615,0.4068214244874233,1.0,0,False,,,,
1766468306.9342852,0.6240105688241615,0.4068214244874233,1.0,0,False,,,,
1766468306.938616,0.6240105688241615,0.4068214244874233,1.0,0,False,,,,
1766468306.9412649,0.6240105688241615,0.4068214244874233,1.0,0,False,,,,
1766468306.944112,0.4644166494138834,0.19535339346454772,0.2050418358417506,0,False,,,,
1766468307.082957,0.4644166494138834,0.19535339346454772,0.2050418358417506,0,False,,,,
1766468307.0879202,0.4644166494138834,0.19535339346454772,0.2050418358417506,0,False,,,,
1766468307.0905511,0.4644166494138834,0.19535339346454772,0.2050418358417506,0,False,,,,
1766468307.0934038,0.4548747290276235,0.203450084752977,0.1903885430044932,0,False,,,,
1766468307.097149,0.4384456248838856,0.1914322397759296,0.2700766944471606,0,False,,,,
1766468307.278651,0.40781547211913044,0.17695497876225097,0.27208222946909283,0,False,,,,
1766468307.282582,0.40781547211913044,0.17695497876225097,0.27208222946909283,0,False,,,,
1766468307.2883892,0.40781547211913044,0.17695497876225097,0.27208222946909283,0,False,,,,
1766468307.2912672,0.40781547211913044,0.17695497876225097,0.27208222946909283,0,False,,,,
1766468307.2934,0.41951420212663904,0.18182717465535192,0.21771211859399683,0,False,,,,
1766468307.434637,0.41951420212663904,0.18182717465535192,0.21771211859399683,0,False,,,,
1766468307.441174,0.41951420212663904,0.18182717465535192,0.21771211859399683,0,False,,,,
1766468307.443941,0.39984419464962906,0.17890071329058488,0.26578950249912425,0,False,,,,
1766468307.446781,0.39984419464962906,0.17890071329058488,0.26578950249912425,0,False,,,,
1766468307.4492888,0.538897765957769,0.3386359584033778,0.8700723052024841,0,False,,,,
1766468307.6472,0.5399216111719504,0.3371778881045838,0.869097888469696,0,False,,,,
1766468307.653249,0.5399216111719504,0.3371778881045838,0.869097888469696,0,False,,,,
1766468307.657679,0.5399216111719504,0.3371778881045838,0.869097888469696,0,False,,,,
1766468307.661628,0.5399216111719504,0.3371778881045838,0.869097888469696,0,False,,,,
1766468307.663994,0.5262150440189303,0.2936696191976428,1.0,0,False,,,,
1766468307.9262981,0.5262150440189303,0.2936696191976428,1.0,0,False,,,,
1766468307.932172,0.5271740872949737,0.2951164111622093,1.0,0,False,,,,
1766468307.935746,0.41449117490799425,0.18465831177960912,0.16113979744505533,0,False,,,,
1766468307.938447,0.41449117490799425,0.18465831177960912,0.16113979744505533,0,False,,,,
1766468307.942813,0.5612690246089633,0.2571524096742912,1.0,0,False,,,,
1766468308.101704,0.3578911313512695,0.17806098934789882,0.19060278658562627,0,False,,,,
1766468308.108459,0.3578911313512695,0.17806098934789882,0.19060278658562627,0,False,,,,
1766468308.112812,0.3578911313512695,0.17806098934789882,0.19060278658562627,0,False,,,,
1766468308.1157,0.35546618815224607,0.1789202127172136,0.19249809666529158,0,False,,,,
1766468308.1184158,0.34015622482007074,0.18369005146931017,0.16812555300576354,0,False,,,,
1766468308.2883441,0.34459720842358055,0.18426958722393505,0.16569347203999601,0,False,,,,
1766468308.294378,0.34459720842358055,0.18426958722393505,0.16569347203999601,0,False,,,,
1766468308.297369,0.34459720842358055,0.18426958722393505,0.16569347203999601,0,False,,,,
1766468308.299766,0.3422251860955471,0.1858347704509865,0.16893242233459588,0,False,,,,
1766468308.302092,0.5896741586380967,0.02717026775238507,0.9151919186115265,0,False,,,,
1766468308.450109,0.5896741586380967,0.02717026775238507,0.9151919186115265,0,False,,,,
1766468308.456797,0.5887261136836756,0.031593098352618365,0.9676419794559479,0,False,,,,
1766468308.460507,0.5887261136836756,0.031593098352618365,0.9676419794559479,0,False,,,,
1766468308.46556,0.5887261136836756,0.031593098352618365,0.9676419794559479,0,False,,,,
1766468308.468436,0.5068545647481286,0.22723565399899526,0.10833569978452097,0,False,,,,
1766468308.992619,0.5070436473657326,0.22739356707628167,0.11327008101852272,0,False,,,,
1766468308.998612,0.5070436473657326,0.22739356707628167,0.11327008101852272,0,False,,,,
1766468309.002462,0.5070436473657326,0.22739356707628167,0.11327008101852272,0,False,,,,
1766468309.005187,0.5092331377879644,0.23932676006000042,0.11462218211796477,0,False,,,,
1766468309.0076292,0.49227116001186316,0.24740502249905327,0.3615764420660563,0,False,,,,
1766468309.515153,0.49227116001186316,0.24740502249905327,0.3615764420660563,0,False,,,,
1766468309.520364,0.49227116001186316,0.24740502249905327,0.3615764420660563,0,False,,,,
1766468309.522901,0.49227116001186316,0.24740502249905327,0.3615764420660563,0,False,,,,
1766468309.525586,0.4765819762179054,0.20314747560498625,1.0,0,False,,,,
1766468309.528041,0.49742419414807315,0.2494158887682888,0.19068043560498732,0,False,,,,
1766468309.6925828,0.5491046574123241,0.22721528507893596,1.0,0,False,,,,
1766468309.6974568,0.5491046574123241,0.22721528507893596,1.0,0,False,,,,
1766468309.702563,0.5491046574123241,0.22721528507893596,1.0,0,False,,,,
1766468309.7054,0.5491046574123241,0.22721528507893596,1.0,0,False,,,,
1766468309.709415,0.596606087982793,0.05906972997702509,0.9477527737617493,0,False,,,,
1766468310.4316502,0.5957970259297826,0.05788962821864552,0.9477527737617493,0,False,,,,
1766468310.4374158,0.5957970259297826,0.05788962821864552,0.9477527737617493,0,False,,,,
1766468310.441748,0.5957970259297826,0.05788962821864552,0.9477527737617493,0,False,,,,
1766468310.445038,0.5954026110613905,0.05499368640844693,0.9509647488594055,0,False,,,,
1766468310.448537,0.4826511684885656,0.23804798379603942,0.510818089697044,0,False,,,,
1766468310.7093508,0.4826511684885656,0.23804798379603942,0.510818089697044,0,False,,,,
1766468310.713676,0.48271082798571135,0.2381698390969722,0.49835231218405596,0,False,,,,
1766468310.716202,0.48271082798571135,0.2381698390969722,0.49835231218405596,0,False,,,,
1766468310.71943,0.48271082798571135,0.2381698390969722,0.49835231218405596,0,False,,,,
1766468310.72436,0.5400735739143753,0.0686463882339774,0.9947684705257416,0,False,,,,
1766468311.0780501,0.5400735739143753,0.0686463882339774,0.9947684705257416,0,False,,,,
1766468311.081963,0.47445083881672667,0.2541707193461328,0.39660357466963825,0,False,,,,
1766468311.084728,0.47445083881672667,0.2541707193461328,0.39660357466963825,0,False,,,,
1766468311.089089,0.47445083881672667,0.2541707193461328,0.39660357466963825,0,False,,,,
1766468311.091567,0.3737028842095812,0.1857698670307082,0.2275201242123985,0,False,,,,
1766468311.26332,0.3737028842095812,0.1857698670307082,0.2275201242123985,0,False,,,,
1766468311.269239,0.3779699491360143,0.18602190279841446,0.19534059234006246,0,False,,,,
1766468311.274147,0.3779699491360143,0.18602190279841446,0.19534059234006246,0,False,,,,
1766468311.2768798,0.3779699491360143,0.18602190279841446,0.19534059234006246,0,False,,,,
1766468311.279231,0.5566180118141847,0.28637077453739335,1.0,0,False,,,,
1766468311.441199,0.5566180118141847,0.28637077453739335,1.0,0,False,,,,
1766468311.446018,0.5566180118141847,0.28637077453739335,1.0,0,False,,,,
1766468311.44864,0.5551936839592578,0.2827127154208313,1.0,0,False,,,,
1766468311.454348,0.5551936839592578,0.2827127154208313,1.0,0,False,,,,
1766468311.460226,0.08404102207895345,0.47007291344548174,0.6951434176069685,0,False,,,,
1766468311.6574762,0.4636035905008852,0.20050946797149227,0.2157896209054803,0,False,,,,
1766468311.663428,0.4636035905008852,0.20050946797149227,0.2157896209054803,0,False,,,,
1766468311.668913,0.47988511149295165,0.20491899932739333,0.3735440770166661,0,False,,,,
1766468311.6718981,0.47988511149295165,0.20491899932739333,0.3735440770166661,0,False,,,,
1766468311.67413,0.6137547417204833,0.38169142710617077,1.0,0,False,,,,
1766468311.840043,0.45717156443313317,0.1987545480190822,0.2760839429382145,0,False,,,,
1766468311.845324,0.45717156443313317,0.1987545480190822,0.2760839429382145,0,False,,,,
1766468311.849808,0.45717156443313317,0.1987545480190822,0.2760839429382145,0,False,,,,
1766468311.852573,0.4474332068399439,0.20493198425671455,0.29116042337411613,0,False,,,,
1766468311.855371,0.39970370224434765,0.19992734563973258,0.2621761056883574,0,False,,,,
1766468312.076266,0.39970370224434765,0.19992734563973258,0.2621761056883574,0,False,,,,
1766468312.08069,0.39970370224434765,0.19992734563973258,0.2621761056883574,0,False,,,,
1766468312.0834088,0.39970370224434765,0.19992734563973258,0.2621761056883574,0,False,,,,
1766468312.0861619,0.39970370224434765,0.19992734563973258,0.2621761056883574,0,False,,,,
1766468312.089424,0.4072636972626856,0.19934164222761308,0.27013198175003195,0,False,,,,
1766468312.252831,0.6032985985506312,0.37720983397395824,1.0,0,False,,,,
1766468312.257979,0.6032985985506312,0.37720983397395824,1.0,0,False,,,,
1766468312.263932,0.6032985985506312,0.37720983397395824,1.0,0,False,,,,
1766468312.266908,0.6032985985506312,0.37720983397395824,1.0,0,False,,,,
1766468312.269212,0.5499780465075121,0.33694473420078264,0.9458731412887573,0,False,,,,
1766468312.45667,0.4656379629249188,0.21081251899439812,0.12116103518229823,0,False,,,,
1766468312.462983,0.4656379629249188,0.21081251899439812,0.12116103518229823,0,False,,,,
1766468312.4672399,0.4656379629249188,0.21081251899439812,0.12116103518229823,0,False,,,,
1766468312.469434,0.4656379629249188,0.21081251899439812,0.12116103518229823,0,False,,,,
1766468312.47243,0.38052180897465127,0.10699294759571298,1.0,0,False,,,,
1766468312.6569312,0.3846672557983082,0.11338892220508412,1.0,0,False,,,,
1766468312.6655092,0.3846672557983082,0.11338892220508412,1.0,0,False,,,,
1766468312.6696231,0.3846672557983082,0.11338892220508412,1.0,0,False,,,,
1766468312.672211,0.38917281210258936,0.12704202466220538,0.94375941157341,0,False,,,,
1766468312.674699,0.5229492253174218,0.10758720921648357,0.8875490427017212,1,False,,,,
1766468312.929374,0.5229492253174218,0.10758720921648357,0.8875490427017212,1,False,,,,
1766468312.937601,0.5229492253174218,0.10758720921648357,0.8875490427017212,1,False,,,,
1766468312.942715,0.5257068504732442,0.10821085666908603,0.886478066444397,1,False,,,,
1766468312.945589,0.5257068504732442,0.10821085666908603,0.886478066444397,1,False,,,,
1766468312.94976,0.5340885550241379,0.10184874100438845,0.9145878255367279,1,False,,,,
1766468313.176447,0.535509181327623,0.09990722565324639,0.9462035894393921,1,False,,,,
1766468313.182122,0.535509181327623,0.09990722565324639,0.9462035894393921,1,False,,,,
1766468313.187626,0.535509181327623,0.09990722565324639,0.9462035894393921,1,False,,,,
1766468313.190377,0.535509181327623,0.09990722565324639,0.9462035894393921,1,False,,,,
1766468313.1933298,0.5396402160695457,0.2741415834780495,1.0,1,False,,,,
1766468313.423028,0.5396402160695457,0.2741415834780495,1.0,1,False,,,,
1766468313.428499,0.5344444491002516,0.11413562484231288,0.8799739480018616,1,False,,,,
1766468313.43246,0.5344444491002516,0.11413562484231288,0.8799739480018616,1,False,,,,
1766468313.435992,0.5344444491002516,0.11413562484231288,0.8799739480018616,1,False,,,,
1766468313.441976,0.5253289268536674,0.10651479023909749,0.8650876879692078,1,False,,,,
1766468313.7513118,0.5253289268536674,0.10651479023909749,0.8650876879692078,1,False,,,,
1766468313.756027,0.5253289268536674,0.10651479023909749,0.8650876879692078,1,False,,,,
1766468313.758595,0.5253289268536674,0.10651479023909749,0.8650876879692078,1,False,,,,
1766468313.761559,0.48180455098511166,0.21420667674436378,0.2987094361001795,1,False,,,,
1766468313.764361,0.4896815344770486,0.2179803160168552,0.2639556635501464,1,False,,,,
1766468314.00315,0.4896815344770486,0.2179803160168552,0.2639556635501464,1,False,,,,
1766468314.008904,0.4896815344770486,0.2179803160168552,0.2639556635501464,1,False,,,,
1766468314.012074,0.5306490062629526,0.27945374458220507,1.0,1,False,,,,
1766468314.014848,0.5306490062629526,0.27945374458220507,1.0,1,False,,,,
1766468314.01758,0.4877906540446964,0.2170465152426433,0.2314390118273441,1,False,,,,
1766468314.226814,0.4877906540446964,0.2170465152426433,0.2314390118273441,1,False,,,,
1766468314.232791,0.4873898825351117,0.2156084642368259,0.2530925287046854,1,False,,,,
1766468314.236445,0.4873898825351117,0.2156084642368259,0.2530925287046854,1,False,,,,
1766468314.241914,0.4873898825351117,0.2156084642368259,0.2530925287046854,1,False,,,,
1766468314.2471402,0.4807711584505002,0.20861265736705015,0.29087563871914773,1,False,,,,
1766468314.5509171,0.4805947628522017,0.20853882148779646,0.2597301344483347,1,False,,,,
1766468314.5565891,0.4805947628522017,0.20853882148779646,0.2597301344483347,1,False,,,,
1766468314.561685,0.4805947628522017,0.20853882148779646,0.2597301344483347,1,False,,,,
1766468314.5648031,0.5427363175450064,0.2788821554589255,1.0,1,False,,,,
1766468314.567768,0.4814278740571334,0.2082210639689328,0.26152571114315115,1,False,,,,
1766468314.826546,0.4814278740571334,0.2082210639689328,0.26152571114315115,1,False,,,,
1766468314.831913,0.5442674601844175,0.2806207884170523,1.0,1,False,,,,
1766468314.835011,0.5439878485951183,0.28092079817674875,1.0,1,False,,,,
1766468314.838016,0.5439878485951183,0.28092079817674875,1.0,1,False,,,,
1766468314.8429382,0.4688316533265512,0.21368879230444904,0.2417531431370261,1,False,,,,
1766468315.05872,0.4688316533265512,0.21368879230444904,0.2417531431370261,1,False,,,,
1766468315.064671,0.4688316533265512,0.21368879230444904,0.2417531431370261,1,False,,,,
1766468315.0682151,0.47855462007289057,0.20689556173453028,0.23894126915196034,1,False,,,,
1766468315.070872,0.47855462007289057,0.20689556173453028,0.23894126915196034,1,False,,,,
1766468315.073705,0.47587082137281733,0.20569979239739133,0.24930430838098286,1,False,,,,
1766468315.327569,0.47587082137281733,0.20569979239739133,0.24930430838098286,1,False,,,,
1766468315.333741,0.47587082137281733,0.20569979239739133,0.24930430838098286,1,False,,,,
1766468315.3367512,0.4756947477223875,0.20562421433640476,0.24927378051725013,1,False,,,,
1766468315.3397498,0.4756947477223875,0.20562421433640476,0.24927378051725013,1,False,,,,
1766468315.3423738,0.3797402608063104,0.179291394670688,0.1812309943134169,1,False,,,,
1766468316.0298638,0.3795836319314144,0.1793349081943687,0.1846630426457094,1,False,,,,
1766468316.036221,0.3795836319314144,0.1793349081943687,0.1846630426457094,1,False,,,,
1766468316.041279,0.379412394320444,0.17937001217720705,0.1655901747227326,1,False,,,,
1766468316.043923,0.379412394320444,0.17937001217720705,0.1655901747227326,1,False,,,,
1766468316.0464141,0.5590095795552662,0.29178258999997264,1.0,1,False,,,,
1766468316.276771,0.5601009191485369,0.292855287449973,1.0,1,False,,,,
1766468316.282089,0.5601009191485369,0.292855287449973,1.0,1,False,,,,
1766468316.2869718,0.5601009191485369,0.292855287449973,1.0,1,False,,,,
1766468316.289817,0.5601009191485369,0.292855287449973,1.0,1,False,,,,
1766468316.293348,0.38118943777716485,0.17952522556362527,0.16444673220051972,1,False,,,,
1766468316.5237372,0.38118943777716485,0.17952522556362527,0.16444673220051972,1,False,,,,
1766468316.529429,0.5191999447465134,0.27883675942387776,1.0,1,False,,,,
1766468316.5335639,0.5191999447465134,0.27883675942387776,1.0,1,False,,,,
1766468316.539398,0.5191999447465134,0.27883675942387776,1.0,1,False,,,,
1766468316.544108,0.5156635181703468,0.280551012868546,1.0,1,False,,,,
1766468316.7689621,0.5156635181703468,0.280551012868546,1.0,1,False,,,,
1766468316.774236,0.5156635181703468,0.280551012868546,1.0,1,False,,,,
1766468316.777256,0.5156036942871953,0.2810010243286496,1.0,1,False,,,,
1766468316.78014,0.5156036942871953,0.2810010243286496,1.0,1,False,,,,
1766468316.7854452,0.37298589517609704,0.1805526865192748,0.17601300637541628,1,False,,,,
1766468317.131525,0.3699435629836188,0.17884908425182278,0.17937747471991888,1,False,,,,
1766468317.137084,0.3699435629836188,0.17884908425182278,0.17937747471991888,1,False,,,,
1766468317.141889,0.3699435629836188,0.17884908425182278,0.17937747471991888,1,False,,,,
1766468317.144746,0.3699435629836188,0.17884908425182278,0.17937747471991888,1,False,,,,
1766468317.1477618,0.4942839263938998,0.3065677876720285,0.2779232732517846,1,False,,,,
1766468317.44742,0.45978695872705344,0.32576018548807295,0.3256851156915813,1,False,,,,
1766468317.45227,0.45770737856114707,0.3317003613703259,0.3153598379004648,1,False,,,,
1766468317.45823,0.45770737856114707,0.3317003613703259,0.3153598379004648,1,False,,,,
1766468317.4611242,0.45770737856114707,0.3317003613703259,0.3153598379004648,1,False,,,,
1766468317.463938,0.44473581277598073,0.19954948003536233,0.21283188610256093,1,False,,,,
1766468317.674655,0.44473581277598073,0.19954948003536233,0.21283188610256093,1,False,,,,
1766468317.681856,0.44473581277598073,0.19954948003536233,0.21283188610256093,1,False,,,,
1766468317.68474,0.43878969383349753,0.36018750350113293,0.26954261384642947,1,False,,,,
1766468317.6887739,0.43878969383349753,0.36018750350113293,0.26954261384642947,1,False,,,,
1766468317.692014,0.3844897986772988,0.2925807311735906,0.24052404088764362,0,False,,,,
1766468317.880641,0.3844897986772988,0.2925807311735906,0.24052404088764362,0,False,,,,
1766468317.887618,0.39984134737720023,0.275160110800295,0.3702331737192213,0,False,,,,
1766468317.8923671,0.39984134737720023,0.275160110800295,0.3702331737192213,0,False,,,,
1766468317.8967,0.39984134737720023,0.275160110800295,0.3702331737192213,0,False,,,,
1766468317.899503,0.30207850624718047,0.40533296972305366,0.8439287606723896,0,False,,,,
1766468318.0597389,0.30207850624718047,0.40533296972305366,0.8439287606723896,0,False,,,,
1766468318.0662131,0.30207850624718047,0.40533296972305366,0.8439287606723896,0,False,,,,
1766468318.0692859,0.5279670616560865,0.3310956657641517,0.8959259390830994,0,False,,,,
1766468318.071923,0.5279670616560865,0.3310956657641517,0.8959259390830994,0,False,,,,
1766468318.077078,0.4292320568874072,0.19418936876915716,0.31800145297610305,0,False,,,,
1766468318.2317388,0.4292320568874072,0.19418936876915716,0.31800145297610305,0,False,,,,
1766468318.238186,0.42929092702955574,0.19556286161228775,0.2915477708149372,0,False,,,,
1766468318.241309,0.42929092702955574,0.19556286161228775,0.2915477708149372,0,False,,,,
1766468318.245846,0.42929092702955574,0.19556286161228775,0.2915477708149372,0,False,,,,
1766468318.2487879,0.4222396650583115,0.1895869305001675,0.3297699944139705,0,False,,,,
1766468318.4049559,0.4076387952609906,0.2065404850278434,0.28322554167174835,0,False,,,,
1766468318.4111848,0.4076387952609906,0.2065404850278434,0.28322554167174835,0,False,,,,
1766468318.4158561,0.4076387952609906,0.2065404850278434,0.28322554167174835,0,False,,,,
1766468318.418487,0.4076387952609906,0.2065404850278434,0.28322554167174835,0,False,,,,
1766468318.421084,0.63514808957325,0.3333427398567286,1.0,0,False,,,,
1766468318.5760362,0.6364608477118406,0.33576428372806144,1.0,0,False,,,,
1766468318.581685,0.6364608477118406,0.33576428372806144,1.0,0,False,,,,
1766468318.586091,0.6364608477118406,0.33576428372806144,1.0,0,False,,,,
1766468318.589896,0.513267155634436,0.1316559970975998,0.8522415410335846,0,False,,,,
1766468318.592921,0.3468685940656767,0.1891810840151419,0.21006830000172122,0,False,,,,
1766468318.7548852,0.3468685940656767,0.1891810840151419,0.21006830000172122,0,False,,,,
1766468318.7598138,0.3309952319195836,0.19464594154915627,0.22862241258558047,0,False,,,,
1766468318.764641,0.3309952319195836,0.19464594154915627,0.22862241258558047,0,False,,,,
1766468318.7697659,0.3309952319195836,0.19464594154915627,0.22862241258558047,0,False,,,,
1766468318.772635,0.655070833822782,0.35615392000200097,1.0,0,False,,,,
1766468318.937301,0.655070833822782,0.35615392000200097,1.0,0,False,,,,
1766468318.942168,0.5011117253772579,0.15576529705991937,0.8803339732603563,0,False,,,,
1766468318.944841,0.5011117253772579,0.15576529705991937,0.8803339732603563,0,False,,,,
1766468318.9492218,0.5011117253772579,0.15576529705991937,0.8803339732603563,0,False,,,,
1766468318.9522061,0.4178076698117016,0.20683626634274932,0.35906778643408793,0,False,,,,
1766468319.1024792,0.4178076698117016,0.20683626634274932,0.35906778643408793,0,False,,,,
1766468319.107372,0.4164372148484799,0.1938710598292721,0.3200932681840102,0,False,,,,
1766468319.1100008,0.5045081333505176,0.30160780705667334,0.9364917874336243,0,False,,,,
1766468319.1133351,0.5045081333505176,0.30160780705667334,0.9364917874336243,0,False,,,,
1766468319.118241,1.5697394860490792,-0.17565070014991901,0.8422803580760956,0,False,,,,
1766468319.2812722,1.5697394860490792,-0.17565070014991901,0.8422803580760956,0,False,,,,
1766468319.2877288,1.5697394860490792,-0.17565070014991901,0.8422803580760956,0,False,,,,
1766468319.2922099,0.4091070909701022,0.18838527320701504,0.3602778699938915,0,False,,,,
1766468319.295563,0.4091070909701022,0.18838527320701504,0.3602778699938915,0,False,,,,
1766468319.2988958,0.41561658602174917,0.20201919393244183,0.17994345057876263,0,False,,,,
1766468319.477493,0.38819283021165507,0.18263903039758245,0.26395798490116745,0,False,,,,
1766468319.483962,0.38819283021165507,0.18263903039758245,0.26395798490116745,0,False,,,,
1766468319.488481,0.38819283021165507,0.18263903039758245,0.26395798490116745,0,False,,,,
1766468319.491474,0.4912059126493499,0.3069927515397217,0.19408518179448112,0,False,,,,
1766468319.494064,0.4611709262618386,0.08220830877663843,0.8926505446434021,0,False,,,,
1766468319.683243,0.4611709262618386,0.08220830877663843,0.8926505446434021,0,False,,,,
1766468319.688268,0.4611709262618386,0.08220830877663843,0.8926505446434021,0,False,,,,
1766468319.691723,0.42463672869442315,0.2051681270488228,0.4803700975241362,0,False,,,,
1766468319.694252,0.4384446892061583,0.20936590418591994,0.37709254993373964,0,False,,,,
1766468319.696794,0.42539809051430133,0.1955583483870833,0.2007157919676913,1,False,,,,
1766468320.198783,0.24325880396861863,0.2738207726208628,0.38299163899351446,1,False,,,,
1766468320.208097,0.24325880396861863,0.2738207726208628,0.38299163899351446,1,False,,,,
1766468320.214216,0.23810498809907496,0.2928622378287534,0.393667386393271,1,False,,,,
1766468320.217637,0.23810498809907496,0.2928622378287534,0.393667386393271,1,False,,,,
1766468320.222398,0.36735609230535426,0.18982677307030382,0.19374296129517163,2,False,,,,
1766468320.50943,0.36735609230535426,0.18982677307030382,0.19374296129517163,2,False,,,,
1766468320.5160651,0.2374232842335977,0.2837820689768389,0.34880589365703796,2,False,,,,
1766468320.519059,0.2374232842335977,0.2837820689768389,0.34880589365703796,2,False,,,,
1766468320.523492,0.2374232842335977,0.2837820689768389,0.34880589365703796,2,False,,,,
1766468320.525794,0.21559574485346716,0.33906339335264324,0.26878019297833566,2,False,,,,
1766468320.8919349,0.21559574485346716,0.33906339335264324,0.26878019297833566,2,False,,,,
1766468320.898057,0.21559574485346716,0.33906339335264324,0.26878019297833566,2,False,,,,
1766468320.9010181,0.19620655394197978,0.3396512191525034,0.32822745056858943,2,False,,,,
1766468320.903994,0.19620655394197978,0.3396512191525034,0.32822745056858943,2,False,,,,
1766468320.909083,0.4779165284055222,0.2791642516179582,0.12684461028033928,2,False,,,,
1766468321.240133,0.5765677706714591,0.36348492989679426,0.0,2,False,,,,
1766468321.248371,0.5765677706714591,0.36348492989679426,0.0,2,False,,,,
1766468321.251426,0.44960115456184224,0.265943540187906,0.12458738577559839,2,False,,,,
1766468321.25426,0.5765677706714591,0.36348492989679426,0.0,2,False,,,,
1766468321.256869,0.5542598179026996,0.36155220570745517,0.4236432161139101,1,False,,,,
1766468321.577056,0.5542598179026996,0.36155220570745517,0.4236432161139101,1,False,,,,
1766468321.584415,0.5542598179026996,0.36155220570745517,0.4236432161139101,1,False,,,,
1766468321.5875762,0.4116363717981362,0.3533274867711067,0.7829468250274658,1,False,,,,
1766468321.590079,0.3730029405304536,0.5279043244961754,0.4096208676885003,1,False,,,,
1766468321.592573,0.4067472908329277,0.4950923649839869,0.40800852461447634,0,False,,,,
1766468321.758991,0.4067472908329277,0.4950923649839869,0.40800852461447634,0,False,,,,
1766468321.765683,0.4067472908329277,0.4950923649839869,0.40800852461447634,0,False,,,,
1766468321.7684538,0.4067472908329277,0.4950923649839869,0.40800852461447634,0,False,,,,
1766468321.771203,0.3898310859480146,0.44969229248877784,0.4524658617267213,0,False,,,,
1766468321.7738612,0.4941390193608736,0.21442466726560383,0.5509059001194263,0,False,,,,
1766468321.9516,0.4941390193608736,0.21442466726560383,0.5509059001194263,0,False,,,,
1766468321.95774,0.49599997443940014,0.21493378299129828,0.5909536191391693,0,False,,,,
1766468321.962403,0.49599997443940014,0.21493378299129828,0.5909536191391693,0,False,,,,
1766468321.966615,0.49599997443940014,0.21493378299129828,0.5909536191391693,0,False,,,,
1766468321.9694772,0.3490493298558714,0.3229211752047555,0.29422445283104437,0,False,,,,
1766468322.219993,0.3490493298558714,0.3229211752047555,0.29422445283104437,0,False,,,,
1766468322.2261949,0.3615093077211452,0.3094499524343044,0.2603545270680356,0,False,,,,
1766468322.2287412,0.3615093077211452,0.3094499524343044,0.2603545270680356,0,False,,,,
1766468322.232911,0.3615093077211452,0.3094499524343044,0.2603545270680356,0,False,,,,
1766468322.235618,0.4374594813910882,0.004266712518235183,0.9786356389522552,0,False,,,,
1766468322.408174,0.4476908819347149,0.002535817464066392,1.0,0,False,,,,
1766468322.4158132,0.4476908819347149,0.002535817464066392,1.0,0,False,,,,
1766468322.42105,0.4476908819347149,0.002535817464066392,1.0,0,False,,,,
1766468322.424362,0.45628590484661047,0.006040420847009065,0.9498428404331207,0,False,,,,
1766468322.430128,0.512409883079387,0.04761505224567497,0.9927486479282379,2,False,,,,
1766468322.793612,0.5139062430623871,0.048959794673701484,0.9361564517021179,2,False,,,,
1766468322.799636,0.5139062430623871,0.048959794673701484,0.9361564517021179,2,False,,,,
1766468322.804727,0.5139062430623871,0.048959794673701484,0.9361564517021179,2,False,,,,
1766468322.807646,0.5144794774920589,0.051472797818988614,0.9596173167228699,2,False,,,,
1766468322.810545,0.526266686856395,0.07016732266114256,0.9298781454563141,1,False,,,,
1766468323.1710248,0.526266686856395,0.07016732266114256,0.9298781454563141,1,False,,,,
1766468323.176748,0.526266686856395,0.07016732266114256,0.9298781454563141,1,False,,,,
1766468323.1796322,0.5267386538287836,0.06906895250667577,0.9487250745296478,1,False,,,,
1766468323.1824708,0.5263715772139028,0.06746236456296739,0.9084044396877289,1,False,,,,
1766468323.1851861,0.5230273017944613,0.07653029413875612,0.9137714803218842,1,False,,,,
1766468323.408502,0.5230273017944613,0.07653029413875612,0.9137714803218842,1,False,,,,
1766468323.4147992,0.5225317143639188,0.07489278154602519,0.9437299370765686,1,False,,,,
1766468323.4172668,0.5225317143639188,0.07489278154602519,0.9437299370765686,1,False,,,,
1766468323.4223602,0.5225317143639188,0.07489278154602519,0.9437299370765686,1,False,,,,
1766468323.425148,0.5338821198110103,0.059891274714775844,0.9203379452228546,1,False,,,,
1766468323.637524,0.534007111453165,0.054558255206599515,0.8570134937763214,1,False,,,,
1766468323.6444721,0.534007111453165,0.054558255206599515,0.8570134937763214,1,False,,,,
1766468323.649863,0.537473026112002,0.05399283446160097,0.9031241536140442,1,False,,,,
1766468323.6527722,0.537473026112002,0.05399283446160097,0.9031241536140442,1,False,,,,
1766468323.657867,0.5451186810638088,0.07174463860867897,0.8848828632323509,1,False,,,,
1766468323.92375,0.5451186810638088,0.07174463860867897,0.8848828632323509,1,False,,,,
1766468323.9290822,0.5451186810638088,0.07174463860867897,0.8848828632323509,1,False,,,,
1766468323.932102,0.49319196941959176,0.21491404283180282,0.30190111125984903,1,False,,,,
1766468323.93822,0.49319196941959176,0.21491404283180282,0.30190111125984903,1,False,,,,
1766468323.944594,0.4792838793467615,0.20467549795731932,0.29506605943023445,1,False,,,,
1766468324.179664,0.4792838793467615,0.20467549795731932,0.29506605943023445,1,False,,,,
1766468324.186142,0.5519886906927105,0.08176500823209021,0.8596145139123347,1,False,,,,
1766468324.189471,0.5519886906927105,0.08176500823209021,0.8596145139123347,1,False,,,,
1766468324.194436,0.5519886906927105,0.08176500823209021,0.8596145139123347,1,False,,,,
1766468324.1972852,0.5298700896592846,0.0557270451847105,0.8701174557209015,1,False,,,,
1766468324.47347,0.5298700896592846,0.0557270451847105,0.8701174557209015,1,False,,,,
1766468324.4797702,0.5298700896592846,0.0557270451847105,0.8701174557209015,1,False,,,,
1766468324.482669,0.5298700896592846,0.0557270451847105,0.8701174557209015,1,False,,,,
1766468324.485398,0.501919612905718,0.21904438206855403,0.3211424581116353,1,False,,,,
1766468324.488054,0.5006309040438766,0.22055336491555,0.28890915620448027,1,False,,,,
1766468324.811275,0.5006309040438766,0.22055336491555,0.28890915620448027,1,False,,,,
1766468324.816865,0.5006309040438766,0.22055336491555,0.28890915620448027,1,False,,,,
1766468324.819799,0.5416660771381467,0.07417552610068523,0.8703127161486026,1,False,,,,
1766468324.8241,0.5414506291779648,0.0742281577422591,0.8806788586015897,1,False,,,,
1766468324.8282838,0.5687173844045621,0.28474619848492044,1.0,1,False,,,,
1766468325.038338,0.5323393608754864,0.07712339088092257,0.8609904330700116,1,False,,,,
1766468325.0442612,0.5323393608754864,0.07712339088092257,0.8609904330700116,1,False,,,,
1766468325.049183,0.5323393608754864,0.07712339088092257,0.8609904330700116,1,False,,,,
1766468325.052015,0.5323393608754864,0.07712339088092257,0.8609904330700116,1,False,,,,
1766468325.054642,0.5593743361379098,0.27921238596468334,1.0,1,False,,,,
1766468325.31341,0.5593743361379098,0.27921238596468334,1.0,1,False,,,,
1766468325.318582,0.5593743361379098,0.27921238596468334,1.0,1,False,,,,
1766468325.323232,0.5304124628981197,0.13396752810442236,0.8828233656227371,1,False,,,,
1766468325.3263402,0.49278607045566963,0.21425489242410567,0.26957196938621275,1,False,,,,
1766468325.328943,0.4816761182570334,0.2116426983302584,0.31132396816373503,1,False,,,,
1766468325.615069,0.4816761182570334,0.2116426983302584,0.31132396816373503,1,False,,,,
1766468325.62113,0.4816761182570334,0.2116426983302584,0.31132396816373503,1,False,,,,
1766468325.624219,0.4819859698140313,0.21201566659824056,0.3205318948088554,1,False,,,,
1766468325.6273339,0.4819859698140313,0.21201566659824056,0.3205318948088554,1,False,,,,
1766468325.6299672,0.5243738547645795,0.0670617982900591,0.8725712895393372,1,False,,,,
1766468325.9533691,0.5243738547645795,0.0670617982900591,0.8725712895393372,1,False,,,,
1766468325.95883,0.5242013858016042,0.06686772748305181,0.8725712895393372,1,False,,,,
1766468325.962132,0.5243420230171698,0.06521320084860716,0.8802409768104553,1,False,,,,
1766468325.9646919,0.5243420230171698,0.06521320084860716,0.8802409768104553,1,False,,,,
1766468325.969362,0.4837642017574756,0.21812593604957908,0.16934429588831948,1,False,,,,
1766468326.301047,0.4837642017574756,0.21812593604957908,0.16934429588831948,1,False,,,,
1766468326.307179,0.4837642017574756,0.21812593604957908,0.16934429588831948,1,False,,,,
1766468326.310293,0.4837642017574756,0.21812593604957908,0.16934429588831948,1,False,,,,
1766468326.313598,0.5587883664317298,0.2670084467699083,1.0,1,False,,,,
1766468326.3162959,0.5903050610569932,0.2874960351916843,1.0,1,False,,,,
1766468326.741539,0.5903050610569932,0.2874960351916843,1.0,1,False,,,,
1766468326.746686,0.5903050610569932,0.2874960351916843,1.0,1,False,,,,
1766468326.74988,0.46906863303348467,0.2150307455439724,0.17569734935051126,1,False,,,,
1766468326.752506,0.46906863303348467,0.2150307455439724,0.17569734935051126,1,False,,,,
1766468326.757226,0.480607922443763,0.22474808559121384,0.11436620629768209,1,False,,,,
1766468326.986138,0.480607922443763,0.22474808559121384,0.11436620629768209,1,False,,,,
1766468326.9915462,0.480607922443763,0.22474808559121384,0.11436620629768209,1,False,,,,
1766468326.9942012,0.480607922443763,0.22474808559121384,0.11436620629768209,1,False,,,,
1766468326.996682,0.480607922443763,0.22474808559121384,0.11436620629768209,1,False,,,,
1766468326.999129,0.48518635014536093,0.22920280380560243,0.11812934569233047,1,False,,,,
1766468327.267915,0.5222091368862031,0.23540995249642782,1.0,1,False,,,,
1766468327.273922,0.5222091368862031,0.23540995249642782,1.0,1,False,,,,
1766468327.280459,0.5222091368862031,0.23540995249642782,1.0,1,False,,,,
1766468327.283637,0.5218832421208502,0.2355961748692883,1.0,1,False,,,,
1766468327.286797,0.5060179400709897,0.09453859469725301,0.8781095445245541,1,False,,,,
1766468327.5126011,0.5060179400709897,0.09453859469725301,0.8781095445245541,1,False,,,,
1766468327.518154,0.5158617001267106,0.07561778210762438,0.8535882013185028,1,False,,,,
1766468327.521513,0.5158617001267106,0.07561778210762438,0.8535882013185028,1,False,,,,
1766468327.526904,0.5158617001267106,0.07561778210762438,0.8535882013185028,1,False,,,,
1766468327.5300071,0.40824827584307116,0.21480542728121543,0.10201345640706397,1,False,,,,
1766468327.7761679,0.40824827584307116,0.21480542728121543,0.10201345640706397,1,False,,,,
1766468327.7835772,0.49485012289805574,0.24597405251640947,0.23592690978092948,1,False,,,,
1766468327.7864268,0.49485012289805574,0.24597405251640947,0.23592690978092948,1,False,,,,
1766468327.789504,0.49485012289805574,0.24597405251640947,0.23592690978092948,1,False,,,,
1766468327.796261,0.5546833519352692,0.3608822225039775,0.043497806541814725,0,False,,,,
1766468328.29125,0.5546664388312758,0.3616760772618848,0.038413076371134995,0,False,,,,
1766468328.299115,0.5546664388312758,0.3616760772618848,0.038413076371134995,0,False,,,,
1766468328.303999,0.576480665064756,0.36326420024363715,0.0,0,False,,,,
1766468328.3071759,0.576480665064756,0.36326420024363715,0.0,0,False,,,,
1766468328.310226,0.5660996816777135,0.3848612383555896,0.9742228388786316,0,False,,,,
1766468328.520479,0.5660996816777135,0.3848612383555896,0.9742228388786316,0,False,,,,
1766468328.525867,0.576480665064756,0.36326420024363715,0.0,0,False,,,,
1766468328.529069,0.576480665064756,0.36326420024363715,0.0,0,False,,,,
1766468328.533227,0.576480665064756,0.36326420024363715,0.0,0,False,,,,
1766468328.536021,0.5638421739736932,0.3885852785436652,0.8933426737785339,0,False,,,,
1766468328.700578,0.5638421739736932,0.3885852785436652,0.8933426737785339,0,False,,,,
1766468328.705339,0.5638421739736932,0.3885852785436652,0.8933426737785339,0,False,,,,
1766468328.7085462,0.5688678462364256,0.3908782979019263,0.810630202293396,0,False,,,,
1766468328.711522,0.5688678462364256,0.3908782979019263,0.810630202293396,0,False,,,,
1766468328.7141418,0.576480665064756,0.36326420024363715,0.0,0,False,,,,
1766468329.9027672,0.576480665064756,0.36326420024363715,0.0,0,False,,,,
1766468329.9081118,0.576480665064756,0.36326420024363715,0.0,0,False,,,,
1766468329.913264,0.576480665064756,0.36326420024363715,0.0,0,False,,,,
1766468329.916202,0.576480665064756,0.36326420024363715,0.0,0,False,,,,
1766468329.918994,2.7947196474873857,-0.4557016678923622,0.8512523089108095,0,False,,,,
1766468330.094291,2.7947196474873857,-0.4557016678923622,0.8512523089108095,0,False,,,,
1766468330.100238,0.576480665064756,0.36326420024363715,0.0,0,False,,,,
1766468330.1046069,0.576480665064756,0.36326420024363715,0.0,0,False,,,,
1766468330.1076689,0.576480665064756,0.36326420024363715,0.0,0,False,,,,
1766468330.110074,0.5628213853416419,0.3709661849223608,0.8598724603652954,0,False,,,,
1766468330.3105521,0.5628213853416419,0.3709661849223608,0.8598724603652954,0,False,,,,
1766468330.3157601,0.5586882614898024,0.37027981421269074,0.8652971982955933,0,False,,,,
1766468330.3192399,0.5586882614898024,0.37027981421269074,0.8652971982955933,0,False,,,,
1766468330.322082,0.5586882614898024,0.37027981421269074,0.8652971982955933,0,False,,,,
1766468330.327119,0.576480665064756,0.36326420024363715,0.0,0,False,,,,
1766468330.5417778,0.576480665064756,0.36326420024363715,0.0,0,False,,,,
1766468330.546838,0.576480665064756,0.36326420024363715,0.0,0,False,,,,
1766468330.549312,0.576480665064756,0.36326420024363715,0.0,0,False,,,,
1766468330.551761,0.5768963460365291,0.4016678677250629,0.8433837890625,0,False,,,,
1766468330.554501,0.47193741138057754,0.2283638816522502,0.4204998828562653,0,False,,,,
1766468330.708287,0.47193741138057754,0.2283638816522502,0.4204998828562653,0,False,,,,
1766468330.714477,0.47193741138057754,0.2283638816522502,0.4204998828562653,0,False,,,,
1766468330.717047,0.2685961947673579,0.1337099785740623,0.28032546174747186,0,False,,,,
1766468330.719614,0.2685961947673579,0.1337099785740623,0.28032546174747186,0,False,,,,
1766468330.723619,0.45188171406277017,0.07561441300799654,1.0,0,False,,,,
1766468330.8825338,0.45188171406277017,0.07561441300799654,1.0,0,False,,,,
1766468330.8863192,0.45483056347281564,0.07516427338866993,1.0,0,False,,,,
1766468330.8894022,0.45483056347281564,0.07516427338866993,1.0,0,False,,,,
1766468330.894526,0.45483056347281564,0.07516427338866993,1.0,0,False,,,,
1766468330.897171,0.4829833060086104,0.0798038656949368,1.0,1,False,,,,
1766468331.24077,0.4829833060086104,0.0798038656949368,1.0,1,False,,,,
1766468331.248592,0.4829833060086104,0.0798038656949368,1.0,1,False,,,,
1766468331.251286,0.4829833060086104,0.0798038656949368,1.0,1,False,,,,
1766468331.253954,0.4829833060086104,0.0798038656949368,1.0,1,False,,,,
1766468331.257185,0.4935958192967803,0.07400651400948433,1.0,1,False,,,,
1766468331.481784,0.4935958192967803,0.07400651400948433,1.0,1,False,,,,
1766468331.488014,0.4950461438081003,0.07288258565532546,1.0,1,False,,,,
1766468331.491096,0.4950461438081003,0.07288258565532546,1.0,1,False,,,,
1766468331.495591,0.4950461438081003,0.07288258565532546,1.0,1,False,,,,
1766468331.500551,0.539661417865666,0.08514549961941764,0.9942815005779266,1,False,,,,
1766468331.859919,0.540031637937019,0.0840049112231821,0.9549460709095001,1,False,,,,
1766468331.866001,0.540031637937019,0.0840049112231821,0.9549460709095001,1,False,,,,
1766468331.872561,0.5413129935606289,0.08440577259279525,1.0,1,False,,,,
1766468331.87576,0.5413129935606289,0.08440577259279525,1.0,1,False,,,,
1766468331.8786151,0.5194461565878238,0.07650255187983157,1.0,1,False,,,,
1766468332.089638,0.5194461565878238,0.07650255187983157,1.0,1,False,,,,
1766468332.09525,0.5189071715233236,0.0782353045549955,1.0,1,False,,,,
1766468332.098838,0.5189071715233236,0.0782353045549955,1.0,1,False,,,,
1766468332.104647,0.5189071715233236,0.0782353045549955,1.0,1,False,,,,
1766468332.108106,0.5192870311193925,0.0861654982565585,1.0,1,False,,,,
1766468332.363698,0.5193752476376411,0.08795000416974341,0.9766242206096649,1,False,,,,
1766468332.369858,0.5193752476376411,0.08795000416974341,0.9766242206096649,1,False,,,,
1766468332.373209,0.5193752476376411,0.08795000416974341,0.9766242206096649,1,False,,,,
1766468332.376058,0.5190221207643854,0.08849185335829224,1.0,1,False,,,,
1766468332.379155,0.5170488668003097,0.10229991646297454,0.9233118295669556,1,False,,,,
1766468332.6520472,0.5170488668003097,0.10229991646297454,0.9233118295669556,1,False,,,,
1766468332.658083,0.5170488668003097,0.10229991646297454,0.9233118295669556,1,False,,,,
1766468332.661671,0.5174925730400626,0.10049329331077417,0.9266266524791718,1,False,,,,
1766468332.664525,0.5174925730400626,0.10049329331077417,0.9266266524791718,1,False,,,,
1766468332.667479,0.5212004336081763,0.09915691394013071,0.9355804920196533,1,False,,,,
1766468332.9334111,0.5212573284316635,0.09761767621261108,0.9188671708106995,1,False,,,,
1766468332.939747,0.5212573284316635,0.09761767621261108,0.9188671708106995,1,False,,,,
1766468332.944404,0.5212573284316635,0.09761767621261108,0.9188671708106995,1,False,,,,
1766468332.947423,0.521076501268972,0.09788486961464615,0.9366968870162964,1,False,,,,
1766468332.950061,0.5216288963715747,0.10205546926899534,0.9518854022026062,1,False,,,,
1766468333.178247,0.5216288963715747,0.10205546926899534,0.9518854022026062,1,False,,,,
1766468333.183994,0.520485423532537,0.10135977953598296,0.9443678557872772,1,False,,,,
1766468333.186795,0.520485423532537,0.10135977953598296,0.9443678557872772,1,False,,,,
1766468333.1913862,0.520485423532537,0.10135977953598296,0.9443678557872772,1,False,,,,
1766468333.193967,0.51976912039889,0.2265833393818577,0.9924108982086182,1,False,,,,
1766468333.413974,0.51976912039889,0.2265833393818577,0.9924108982086182,1,False,,,,
1766468333.420703,0.5272633701651384,0.10596669430252148,0.9219717383384705,1,False,,,,
1766468333.424236,0.5272633701651384,0.10596669430252148,0.9219717383384705,1,False,,,,
1766468333.429471,0.5272633701651384,0.10596669430252148,0.9219717383384705,1,False,,,,
1766468333.4339252,0.5243994400960368,0.09812887764954037,0.9383370876312256,1,False,,,,
1766468333.696107,0.5243994400960368,0.09812887764954037,0.9383370876312256,1,False,,,,
1766468333.701893,0.5259709748774055,0.09753406303010781,0.9194687306880951,1,False,,,,
1766468333.705216,0.5259709748774055,0.09753406303010781,0.9194687306880951,1,False,,,,
1766468333.7103539,0.5259709748774055,0.09753406303010781,0.9194687306880951,1,False,,,,
1766468333.713439,0.5286835599603036,0.08763017201686463,0.9445646405220032,1,False,,,,
1766468333.985805,0.5290129967061293,0.08732836667858868,0.9868364632129669,1,False,,,,
1766468333.992613,0.5290129967061293,0.08732836667858868,0.9868364632129669,1,False,,,,
1766468333.997498,0.5290129967061293,0.08732836667858868,0.9868364632129669,1,False,,,,
1766468334.000438,0.5296126771372219,0.08790051813359412,0.9803607761859894,1,False,,,,
1766468334.0032809,0.5251815415856204,0.0806238054138293,1.0,1,False,,,,
1766468334.305284,0.5228337308468592,0.07805063494468556,0.9769411087036133,1,False,,,,
1766468334.3099341,0.5228337308468592,0.07805063494468556,0.9769411087036133,1,False,,,,
1766468334.314867,0.5228337308468592,0.07805063494468556,0.9769411087036133,1,False,,,,
1766468334.317633,0.5228337308468592,0.07805063494468556,0.9769411087036133,1,False,,,,
1766468334.32015,0.5297597704276403,0.09689572347754005,0.9388300776481628,1,False,,,,
1766468334.593942,0.5297597704276403,0.09689572347754005,0.9388300776481628,1,False,,,,
1766468334.598787,0.5297597704276403,0.09689572347754005,0.9388300776481628,1,False,,,,
1766468334.6019578,0.5297597704276403,0.09689572347754005,0.9388300776481628,1,False,,,,
1766468334.604964,0.527999654388856,0.0978173521849931,0.9280571043491364,1,False,,,,
1766468334.60875,0.5258623423383681,0.09114897643142794,0.9707103669643402,1,False,,,,
1766468334.871368,0.5263105547501873,0.09053817838112921,0.9709973335266113,1,False,,,,
1766468334.877453,0.5267506000297036,0.08945601202748776,0.9831047058105469,1,False,,,,
1766468334.883301,0.5267506000297036,0.08945601202748776,0.9831047058105469,1,False,,,,
1766468334.888043,0.5288900913931083,0.08709412389525073,0.9575428664684296,1,False,,,,
1766468334.89089,0.5314508361027466,0.05386645025472725,0.9101338386535645,1,False,,,,
1766468335.135226,0.5314508361027466,0.05386645025472725,0.9101338386535645,1,False,,,,
1766468335.141388,0.5339817120276298,0.05102123040917017,0.9386864900588989,1,False,,,,
1766468335.146569,0.5339817120276298,0.05102123040917017,0.9386864900588989,1,False,,,,
1766468335.152334,0.5339817120276298,0.05102123040917017,0.9386864900588989,1,False,,,,
1766468335.155753,0.5491685986025815,0.09069353713823525,0.8910956382751465,1,False,,,,
1766468335.418178,0.5491685986025815,0.09069353713823525,0.8910956382751465,1,False,,,,
1766468335.4232051,0.5491685986025815,0.09069353713823525,0.8910956382751465,1,False,,,,
1766468335.426226,0.5491685986025815,0.09069353713823525,0.8910956382751465,1,False,,,,
1766468335.429128,0.5488705196615308,0.09026492123080199,0.8903446793556213,1,False,,,,
1766468335.432721,0.4732174153717308,0.2113634064062192,0.3239165441400928,1,False,,,,
1766468335.644248,0.5407028761219503,0.09589380005976167,0.862397749147737,1,False,,,,
1766468335.65026,0.5407028761219503,0.09589380005976167,0.862397749147737,1,False,,,,
1766468335.656349,0.5407028761219503,0.09589380005976167,0.862397749147737,1,False,,,,
1766468335.6596239,0.5386795241922424,0.09741095669629185,0.8810460686495649,1,False,,,,
1766468335.662478,0.5261202395254039,0.08704720718813985,0.9312880039215088,1,False,,,,
1766468336.006451,0.5261202395254039,0.08704720718813985,0.9312880039215088,1,False,,,,
1766468336.012537,0.5202202843468584,0.08526242339606593,0.9068449139595032,1,False,,,,
1766468336.0157251,0.5202202843468584,0.08526242339606593,0.9068449139595032,1,False,,,,
1766468336.018295,0.5202202843468584,0.08526242339606593,0.9068449139595032,1,False,,,,
1766468336.0230982,0.5120614872407931,0.07276765006641328,0.972000241279602,1,False,,,,
1766468336.244276,0.5120614872407931,0.07276765006641328,0.972000241279602,1,False,,,,
1766468336.2499719,0.5130361180333282,0.07057463266410369,0.9399710893630981,1,False,,,,
1766468336.255254,0.5130361180333282,0.07057463266410369,0.9399710893630981,1,False,,,,
1766468336.260055,0.5130361180333282,0.07057463266410369,0.9399710893630981,1,False,,,,
1766468336.263059,0.4585351723205213,0.21104460265834424,0.3552568297992341,1,False,,,,
1766468336.513275,0.4585351723205213,0.21104460265834424,0.3552568297992341,1,False,,,,
1766468336.51897,0.5267717396332863,0.09767271956575174,0.89987513422966,1,False,,,,
1766468336.522249,0.5267717396332863,0.09767271956575174,0.89987513422966,1,False,,,,
1766468336.526957,0.5267717396332863,0.09767271956575174,0.89987513422966,1,False,,,,
1766468336.529723,0.5018688725181029,0.09509903277728593,0.9435833692550659,1,False,,,,
1766468336.7745228,0.5018688725181029,0.09509903277728593,0.9435833692550659,1,False,,,,
1766468336.7818549,0.5018688725181029,0.09509903277728593,0.9435833692550659,1,False,,,,
1766468336.78525,0.4974992354086331,0.09585774103811828,0.9635923206806183,1,False,,,,
1766468336.7883039,0.4974992354086331,0.09585774103811828,0.9635923206806183,1,False,,,,
1766468336.792394,0.508875053479553,0.23552496276895862,0.22135302019763692,1,False,,,,
1766468337.008651,0.508875053479553,0.23552496276895862,0.22135302019763692,1,False,,,,
1766468337.0163252,0.5131773186560429,0.22656894370333125,0.2642985329151029,1,False,,,,
1766468337.019101,0.5131773186560429,0.22656894370333125,0.2642985329151029,1,False,,,,
1766468337.021748,0.5131773186560429,0.22656894370333125,0.2642985329151029,1,False,,,,
1766468337.027725,0.5359560478987591,0.2743300332588934,0.3941581630293642,0,False,,,,
1766468337.420619,0.5359885670643025,0.2746513501109431,0.3850732311035927,0,False,,,,
1766468337.429416,0.5359885670643025,0.2746513501109431,0.3850732311035927,0,False,,,,
1766468337.433909,0.5359885670643025,0.2746513501109431,0.3850732311035927,0,False,,,,
1766468337.437102,0.41860697231686805,0.19807050803668624,0.2636250952246091,0,False,,,,
1766468337.439616,0.5456587393954714,0.37372338987773257,0.8861080408096313,0,False,,,,
1766468337.644398,0.5456587393954714,0.37372338987773257,0.8861080408096313,0,False,,,,
1766468337.6483378,0.5456587393954714,0.37372338987773257,0.8861080408096313,0,False,,,,
1766468337.650733,0.5456587393954714,0.37372338987773257,0.8861080408096313,0,False,,,,
1766468337.6528158,0.5456587393954714,0.37372338987773257,0.8861080408096313,0,False,,,,
1766468337.654929,0.5094891189889751,0.22294311033040293,0.23084167147178736,0,False,,,,
1766468337.83743,0.5094891189889751,0.22294311033040293,0.23084167147178736,0,False,,,,
1766468337.8429,0.5132189140173166,0.22662725510547777,0.19578064123215275,0,False,,,,
1766468337.846076,0.5132189140173166,0.22662725510547777,0.19578064123215275,0,False,,,,
1766468337.8508558,0.5132189140173166,0.22662725510547777,0.19578064123215275,0,False,,,,
1766468337.853772,0.5854733919569199,0.5067983974703132,0.7569552659988403,0,False,,,,
1766468338.0213811,0.5854733919569199,0.5067983974703132,0.7569552659988403,0,False,,,,
1766468338.0267038,0.5406494635881364,0.25649147755168966,0.24960933468227592,0,False,,,,
1766468338.0294049,0.5406494635881364,0.25649147755168966,0.24960933468227592,0,False,,,,
1766468338.0332868,0.5406494635881364,0.25649147755168966,0.24960933468227592,0,False,,,,
1766468338.035696,0.499543384820112,0.4072848136025582,0.291008063420778,0,False,,,,
1766468338.208367,0.524641529243848,0.3535794403673409,0.2780650837326969,0,False,,,,
1766468338.215002,0.524641529243848,0.3535794403673409,0.2780650837326969,0,False,,,,
1766468338.2192929,0.524641529243848,0.3535794403673409,0.2780650837326969,0,False,,,,
1766468338.2220259,0.524641529243848,0.3535794403673409,0.2780650837326969,0,False,,,,
1766468338.2259011,0.4291090602915485,0.26209790012546286,1.0,0,False,,,,
1766468338.414471,0.4291090602915485,0.26209790012546286,1.0,0,False,,,,
1766468338.4217129,0.4291090602915485,0.26209790012546286,1.0,0,False,,,,
1766468338.4248252,0.45588125183668343,0.175633565868614,1.0,0,False,,,,
1766468338.4280179,0.45588125183668343,0.175633565868614,1.0,0,False,,,,
1766468338.431038,0.4971445806641743,0.07913387232136371,1.0,1,False,,,,
1766468338.6722171,0.4971445806641743,0.07913387232136371,1.0,1,False,,,,
1766468338.678317,0.4979504148977121,0.0787843363943872,1.0,1,False,,,,
1766468338.681311,0.4979504148977121,0.0787843363943872,1.0,1,False,,,,
1766468338.686198,0.4979504148977121,0.0787843363943872,1.0,1,False,,,,
1766468338.6890361,-0.04138269211459607,0.3572113246746267,0.9026857572896394,1,False,,,,
1766468338.9519339,-0.04138269211459607,0.3572113246746267,0.9026857572896394,1,False,,,,
1766468338.957248,-0.04138269211459607,0.3572113246746267,0.9026857572896394,1,False,,,,
1766468338.9602299,0.46121701150008787,0.17832262819239175,0.5892823676597958,1,False,,,,
1766468338.9639978,0.46121701150008787,0.17832262819239175,0.5892823676597958,1,False,,,,
1766468338.967287,0.5288271187786269,-0.04642616203446881,0.7775036573410035,1,False,,,,
1766468339.305449,0.5288271187786269,-0.04642616203446881,0.7775036573410035,1,False,,,,
1766468339.312874,0.5375826869747649,-0.00370765588635269,0.7846327602863312,1,False,,,,
1766468339.318007,0.5375826869747649,-0.00370765588635269,0.7846327602863312,1,False,,,,
1766468339.324064,0.5375826869747649,-0.00370765588635269,0.7846327602863312,1,False,,,,
1766468339.3269749,0.529939070601748,0.052885283040673525,0.9455443620681763,2,False,,,,
1766468339.7580218,0.529939070601748,0.052885283040673525,0.9455443620681763,2,False,,,,
1766468339.765286,0.530162982940495,0.05610099486701958,0.9191288352012634,2,False,,,,
1766468339.76993,0.530162982940495,0.05610099486701958,0.9191288352012634,2,False,,,,
1766468339.776015,0.530162982940495,0.05610099486701958,0.9191288352012634,2,False,,,,
1766468339.778903,0.5354816672554079,0.07400909334064809,0.9504866302013397,1,False,,,,
1766468340.029579,0.5354816672554079,0.07400909334064809,0.9504866302013397,1,False,,,,
1766468340.035807,0.5369018665483073,0.07514268004401048,0.8696560859680176,1,False,,,,
1766468340.039017,0.5369018665483073,0.07514268004401048,0.8696560859680176,1,False,,,,
1766468340.044804,0.5369018665483073,0.07514268004401048,0.8696560859680176,1,False,,,,
1766468340.049262,0.5398499007981745,0.07413823517770579,0.948405385017395,1,False,,,,
1766468340.372096,0.5393595815043803,0.07389165933928232,0.9395433962345123,1,False,,,,
1766468340.377878,0.5393595815043803,0.07389165933928232,0.9395433962345123,1,False,,,,
1766468340.382863,0.5393088979199759,0.07311198124730589,0.9564566612243652,1,False,,,,
1766468340.38697,0.5428432501171714,0.0738945824378332,0.9167424440383911,1,False,,,,
1766468340.3899121,0.5383560289946947,0.09401074221271177,0.8885702700581246,1,False,,,,
1766468340.6800199,0.5388645906528309,0.09614629484730197,0.8796553611755371,1,False,,,,
1766468340.685717,0.5388645906528309,0.09614629484730197,0.8796553611755371,1,False,,,,
1766468340.6887622,0.5384077983200511,0.09640196630240994,0.8855724036693573,1,False,,,,
1766468340.691581,0.5384077983200511,0.09640196630240994,0.8855724036693573,1,False,,,,
1766468340.69663,0.5289002831653093,0.07720579421283402,0.934555172920227,1,False,,,,
1766468340.928985,0.5289002831653093,0.07720579421283402,0.934555172920227,1,False,,,,
1766468340.933204,0.5289002831653093,0.07720579421283402,0.934555172920227,1,False,,,,
1766468340.935626,0.5289002831653093,0.07720579421283402,0.934555172920227,1,False,,,,
1766468340.938058,0.5289002831653093,0.07720579421283402,0.934555172920227,1,False,,,,
1766468340.940684,0.5353555673739895,0.0953134153061338,0.9014207422733307,1,False,,,,
1766468341.175502,0.5353555673739895,0.0953134153061338,0.9014207422733307,1,False,,,,
1766468341.181804,0.5353555673739895,0.0953134153061338,0.9014207422733307,1,False,,,,
1766468341.1868842,0.5350668635431101,0.09582455285030422,0.9028919041156769,1,False,,,,
1766468341.189887,0.5353086345774869,0.09634882614031848,0.8893561065196991,1,False,,,,
1766468341.192582,0.5283437750086634,0.07684940917257332,0.8939223885536194,1,False,,,,
1766468341.553212,0.5283437750086634,0.07684940917257332,0.8939223885536194,1,False,,,,
1766468341.55851,0.5286190484922224,0.07665611807402839,0.9213337600231171,1,False,,,,
1766468341.561928,0.5277652543179101,0.07723723640192248,0.9177522957324982,1,False,,,,
1766468341.567209,0.5277652543179101,0.07723723640192248,0.9177522957324982,1,False,,,,
1766468341.5734882,0.5373307711887695,0.07450801537329521,0.8801047205924988,1,False,,,,
1766468341.9657679,0.5373307711887695,0.07450801537329521,0.8801047205924988,1,False,,,,
1766468341.971422,0.5373307711887695,0.07450801537329521,0.8801047205924988,1,False,,,,
1766468341.974485,0.5366695684764983,0.07540249462814175,0.8581333756446838,1,False,,,,
1766468341.977504,0.5375876184001306,0.07720520215938798,0.8663609027862549,1,False,,,,
1766468341.981063,0.5460316352244646,0.09256294916652064,0.8935543295168447,1,False,,,,
1766468342.262989,0.5372092389503134,0.09221779583162826,0.8935543295168447,1,False,,,,
1766468342.268707,0.5367964700921223,0.09057146815530803,0.8925687838789962,1,False,,,,
1766468342.274015,0.5367964700921223,0.09057146815530803,0.8925687838789962,1,False,,,,
1766468342.277627,0.5367964700921223,0.09057146815530803,0.8925687838789962,1,False,,,,
1766468342.281075,0.4908054252045194,0.21837377443422346,0.3175018572290537,1,False,,,,
1766468342.5793438,0.547572051665832,0.0965029256293688,0.8597058203950387,1,False,,,,
1766468342.5857081,0.5347115548690634,0.15218576302597764,0.8601949443557901,1,False,,,,
1766468342.5910962,0.5347115548690634,0.15218576302597764,0.8601949443557901,1,False,,,,
1766468342.593868,0.5347115548690634,0.15218576302597764,0.8601949443557901,1,False,,,,
1766468342.596813,0.5502296441950111,0.285131500687671,1.0,1,False,,,,
1766468342.811845,0.5502296441950111,0.285131500687671,1.0,1,False,,,,
1766468342.817096,0.5429693397027544,0.14879975836015513,0.8506469929291831,1,False,,,,
1766468342.820311,0.5429693397027544,0.14879975836015513,0.8506469929291831,1,False,,,,
1766468342.82528,0.5429693397027544,0.14879975836015513,0.8506469929291831,1,False,,,,
1766468342.82849,0.4999635258778821,0.22384146545175287,0.27166452029981386,1,False,,,,
1766468343.0385642,0.4999635258778821,0.22384146545175287,0.27166452029981386,1,False,,,,
1766468343.0440261,0.4999635258778821,0.22384146545175287,0.27166452029981386,1,False,,,,
1766468343.048692,0.4901463518731443,0.21384213238173988,0.2785208847677647,1,False,,,,
1766468343.0516522,0.4901463518731443,0.21384213238173988,0.2785208847677647,1,False,,,,
1766468343.0550232,0.5746094846055476,0.30842783322247147,1.0,1,False,,,,
1766468343.2869902,0.5751470662448337,0.30943490214310243,1.0,1,False,,,,
1766468343.292586,0.5751470662448337,0.30943490214310243,1.0,1,False,,,,
1766468343.295521,0.5751470662448337,0.30943490214310243,1.0,1,False,,,,
1766468343.298421,0.5751470662448337,0.30943490214310243,1.0,1,False,,,,
1766468343.301475,0.49994925733033285,0.22001261684315354,0.2661430264938221,1,False,,,,
1766468343.572496,0.49994925733033285,0.22001261684315354,0.2661430264938221,1,False,,,,
1766468343.579437,0.49994925733033285,0.22001261684315354,0.2661430264938221,1,False,,,,
1766468343.5845602,0.5001397231823496,0.22023243979843599,0.26852178519284337,1,False,,,,
1766468343.587361,0.5001397231823496,0.22023243979843599,0.26852178519284337,1,False,,,,
1766468343.591829,0.4957570132230109,0.21931178414570407,0.22629558945055922,1,False,,,,
1766468343.802807,0.4958516851628219,0.2194246004732916,0.2509285394986994,1,False,,,,
1766468343.810266,0.4959469546945197,0.2195375918572683,0.24238373018883785,1,False,,,,
1766468343.81597,0.4959469546945197,0.2195375918572683,0.24238373018883785,1,False,,,,
1766468343.818954,0.550873833192469,0.2936227849845209,0.9673023819923401,1,False,,,,
1766468343.8218062,0.4697339791820922,0.20625305689939932,0.30989988873947444,1,False,,,,
1766468344.164254,0.4697339791820922,0.20625305689939932,0.30989988873947444,1,False,,,,
1766468344.169845,0.4697339791820922,0.20625305689939932,0.30989988873947444,1,False,,,,
1766468344.1729999,0.5474615531830299,0.25409395901156584,1.0,1,False,,,,
1766468344.175966,0.5474615531830299,0.25409395901156584,1.0,1,False,,,,
1766468344.181119,0.539495980086669,0.23281827248770137,1.0,1,False,,,,
1766468344.469546,0.539495980086669,0.23281827248770137,1.0,1,False,,,,
1766468344.476085,0.45675480920266703,0.20369301515864502,0.3101922890289948,1,False,,,,
1766468344.482201,0.45675480920266703,0.20369301515864502,0.3101922890289948,1,False,,,,
1766468344.485433,0.45675480920266703,0.20369301515864502,0.3101922890289948,1,False,,,,
1766468344.488162,0.5475959405001649,0.22346078660457336,1.0,1,False,,,,
1766468344.702728,0.5475959405001649,0.22346078660457336,1.0,1,False,,,,
1766468344.708241,0.4597236690487637,0.2037663457307195,0.28916135422925165,1,False,,,,
1766468344.7112908,0.4597236690487637,0.2037663457307195,0.28916135422925165,1,False,,,,
1766468344.715968,0.4597236690487637,0.2037663457307195,0.28916135422925165,1,False,,,,
1766468344.718739,0.5022170112643134,0.11466366510290049,0.8995696306228638,1,False,,,,
1766468344.979491,0.5022170112643134,0.11466366510290049,0.8995696306228638,1,False,,,,
1766468344.984427,0.5022170112643134,0.11466366510290049,0.8995696306228638,1,False,,,,
1766468344.989557,0.5022170112643134,0.11466366510290049,0.8995696306228638,1,False,,,,
1766468344.994844,0.5012848086758643,0.11489043473772442,0.8958673179149628,1,False,,,,
1766468344.997613,0.467507819540251,0.2110785475389333,0.2754469670312204,1,False,,,,
1766468345.279907,0.5157175958242433,0.12686282587539854,0.8504988708851859,1,False,,,,
1766468345.285332,0.5157175958242433,0.12686282587539854,0.8504988708851859,1,False,,,,
1766468345.291199,0.5157175958242433,0.12686282587539854,0.8504988708851859,1,False,,,,
1766468345.2941802,0.5157175958242433,0.12686282587539854,0.8504988708851859,1,False,,,,
1766468345.297033,0.44474131855747856,0.08135485865683267,1.0,1,False,,,,
1766468345.688524,0.44474131855747856,0.08135485865683267,1.0,1,False,,,,
1766468345.6954172,0.46040855340979103,0.20760528859143612,0.23973692101465216,1,False,,,,
1766468345.699511,0.4502589490105008,0.20374905142233835,0.2513738104928039,1,False,,,,
1766468345.7028868,0.4502589490105008,0.20374905142233835,0.2513738104928039,1,False,,,,
1766468345.70892,0.5559444061320162,0.364505057842181,0.9549905061721802,1,False,,,,
1766468345.9613729,0.5559444061320162,0.364505057842181,0.9549905061721802,1,False,,,,
1766468345.969416,0.5538146065809979,0.42329250309084343,0.9852780699729919,1,False,,,,
1766468345.974727,0.5538146065809979,0.42329250309084343,0.9852780699729919,1,False,,,,
1766468345.977301,0.5538146065809979,0.42329250309084343,0.9852780699729919,1,False,,,,
1766468345.9808278,0.5663149867541681,0.40299118900946274,0.7083165645599365,0,False,,,,
1766468346.152127,0.5660664320519136,0.40053555204228486,0.7763358354568481,0,False,,,,
1766468346.159595,0.5660664320519136,0.40053555204228486,0.7763358354568481,0,False,,,,
1766468346.163967,0.5660664320519136,0.40053555204228486,0.7763358354568481,0,False,,,,
1766468346.166775,0.5661088950863153,0.399655755830449,0.8543538451194763,0,False,,,,
1766468346.1693408,0.5349034034371991,0.25396728510041067,0.2495942841962006,0,False,,,,
1766468346.343636,0.5349034034371991,0.25396728510041067,0.2495942841962006,0,False,,,,
1766468346.348423,0.5349034034371991,0.25396728510041067,0.2495942841962006,0,False,,,,
1766468346.3523898,0.5352994041964501,0.2544861160399613,0.2465195486949207,0,False,,,,
1766468346.355937,0.5352994041964501,0.2544861160399613,0.2465195486949207,0,False,,,,
1766468346.361262,0.5752510692531905,0.4100568369966524,0.9132412075996399,0,False,,,,
1766468346.5763829,0.5752510692531905,0.4100568369966524,0.9132412075996399,0,False,,,,
1766468346.5809522,0.5752510692531905,0.4100568369966524,0.9132412075996399,0,False,,,,
1766468346.583748,0.576975206366859,0.41472909286664894,0.8524742126464844,0,False,,,,
1766468346.586424,0.576975206366859,0.41472909286664894,0.8524742126464844,0,False,,,,
1766468346.589212,0.591728838864945,0.439482823701265,0.923022985458374,0,False,,,,
1766468346.869579,0.5020124074555887,0.218139286341271,0.2520062171871916,0,False,,,,
1766468346.874336,0.5020124074555887,0.218139286341271,0.2520062171871916,0,False,,,,
1766468346.878717,0.5020124074555887,0.218139286341271,0.2520062171871916,0,False,,,,
1766468346.881123,0.5020124074555887,0.218139286341271,0.2520062171871916,0,False,,,,
1766468346.884834,0.483353003782767,0.2059290308599313,0.22862872035516457,0,False,,,,
1766468347.116533,0.483353003782767,0.2059290308599313,0.22862872035516457,0,False,,,,
1766468347.12205,0.4805546820773919,0.2033824753571596,0.26420714609270385,0,False,,,,
1766468347.124906,0.4805546820773919,0.2033824753571596,0.26420714609270385,0,False,,,,
1766468347.130007,0.4805546820773919,0.2033824753571596,0.26420714609270385,0,False,,,,
1766468347.132938,0.4689032863354651,0.199147601840867,0.2744661940274195,0,False,,,,
1766468347.287381,0.4691691278840494,0.19934351171146125,0.25421146415119916,0,False,,,,
1766468347.291966,0.4691691278840494,0.19934351171146125,0.25421146415119916,0,False,,,,
1766468347.296472,0.4691691278840494,0.19934351171146125,0.25421146415119916,0,False,,,,
1766468347.298898,0.4691691278840494,0.19934351171146125,0.25421146415119916,0,False,,,,
1766468347.301333,0.5694816023680251,0.3705099383652888,1.0,0,False,,,,
1766468347.456918,0.5700161561546763,0.37138137991556563,1.0,0,False,,,,
1766468347.460959,0.5700161561546763,0.37138137991556563,1.0,0,False,,,,
1766468347.46534,0.5700161561546763,0.37138137991556563,1.0,0,False,,,,
1766468347.468619,0.5700161561546763,0.37138137991556563,1.0,0,False,,,,
1766468347.471257,0.5601217904839173,0.3771108033955686,0.9369620680809021,0,False,,,,
1766468347.685853,0.5601217904839173,0.3771108033955686,0.9369620680809021,0,False,,,,
1766468347.690603,0.5579812370949309,0.378066783606402,0.9376513361930847,0,False,,,,
1766468347.693388,0.5579812370949309,0.378066783606402,0.9376513361930847,0,False,,,,
1766468347.695827,0.5579812370949309,0.378066783606402,0.9376513361930847,0,False,,,,
1766468347.700308,0.45641560499652084,0.10965662851909597,1.0,0,False,,,,
1766468347.935643,0.45641560499652084,0.10965662851909597,1.0,0,False,,,,
1766468347.941958,0.45641560499652084,0.10965662851909597,1.0,0,False,,,,
1766468347.9446669,0.4613448464598064,0.09103694217086289,1.0,0,False,,,,
1766468347.948448,0.4613448464598064,0.09103694217086289,1.0,0,False,,,,
1766468347.952918,0.4788859493796962,0.10991861328807662,1.0,1,False,,,,
1766468348.164583,0.4768843814328464,0.10034723347483165,1.0,1,False,,,,
1766468348.173475,0.4768843814328464,0.10034723347483165,1.0,1,False,,,,
1766468348.1761122,0.47973511918465517,0.0995801415464802,1.0,1,False,,,,
1766468348.1786492,0.47973511918465517,0.0995801415464802,1.0,1,False,,,,
1766468348.181128,0.4988717509058467,0.09237249175251427,1.0,1,False,,,,
1766468348.411343,0.5009507143177647,0.09436389005992207,1.0,1,False,,,,
1766468348.4172711,0.5005305948449298,0.09301593992290247,1.0,1,False,,,,
1766468348.422501,0.5005305948449298,0.09301593992290247,1.0,1,False,,,,
1766468348.425598,0.5005305948449298,0.09301593992290247,1.0,1,False,,,,
1766468348.4285161,0.4413489643242694,0.03629385261242446,0.8368307650089264,1,False,,,,
1766468349.009174,0.4413489643242694,0.03629385261242446,0.8368307650089264,1,False,,,,
1766468349.0154188,0.44416018077448527,0.03349198900603867,0.8420265316963196,1,False,,,,
1766468349.0190861,0.44584516734846613,0.033719883514966686,0.8472611606121063,1,False,,,,
1766468349.022293,0.44584516734846613,0.033719883514966686,0.8472611606121063,1,False,,,,
1766468349.0281,0.5249089935491923,0.08578790821602256,0.9109035134315491,2,False,,,,
1766468349.417768,0.528884799573025,0.0807820301949187,0.8787392377853394,2,False,,,,
1766468349.424423,0.528884799573025,0.0807820301949187,0.8787392377853394,2,False,,,,
1766468349.4293811,0.528884799573025,0.0807820301949187,0.8787392377853394,2,False,,,,
1766468349.4325252,0.5323366304932956,0.0775622034299066,0.8614635765552521,2,False,,,,
1766468349.435389,0.5278118789890134,0.07760578822491904,0.9415039420127869,1,False,,,,
1766468349.723639,0.523560242628804,0.07805781397804257,0.9092116355895996,1,False,,,,
1766468349.729661,0.523560242628804,0.07805781397804257,0.9092116355895996,1,False,,,,
1766468349.734314,0.5222680399310046,0.07910755678029457,0.921539843082428,1,False,,,,
1766468349.736894,0.5233295330586968,0.07509383604369346,0.9081253707408905,1,False,,,,
1766468349.7393222,0.520451675889605,0.09916479019646707,0.8339062631130219,2,False,,,,
1766468350.016047,0.520451675889605,0.09916479019646707,0.8339062631130219,2,False,,,,
1766468350.022041,0.5234725498039309,0.09619951478182953,0.8485525846481323,2,False,,,,
1766468350.0257652,0.5234725498039309,0.09619951478182953,0.8485525846481323,2,False,,,,
1766468350.0316448,0.5234725498039309,0.09619951478182953,0.8485525846481323,2,False,,,,
1766468350.034564,0.5182039087501606,0.21661765035171843,0.4989490131695423,2,False,,,,
1766468350.3080478,0.5182039087501606,0.21661765035171843,0.4989490131695423,2,False,,,,
1766468350.3128378,0.5182039087501606,0.21661765035171843,0.4989490131695423,2,False,,,,
1766468350.316082,0.5182039087501606,0.21661765035171843,0.4989490131695423,2,False,,,,
1766468350.319409,0.5201539107423822,0.10432126826709531,0.9144049887779162,2,False,,,,
1766468350.323852,0.5461485138594971,0.10475957080476928,0.9572731256484985,1,False,,,,
1766468350.604985,0.5461485138594971,0.10475957080476928,0.9572731256484985,1,False,,,,
1766468350.610349,0.5434607971900685,0.10363579274872248,0.9147883951663971,1,False,,,,
1766468350.6141481,0.5434607971900685,0.10363579274872248,0.9147883951663971,1,False,,,,
1766468350.619749,0.5434607971900685,0.10363579274872248,0.9147883951663971,1,False,,,,
1766468350.623321,0.5300159002600513,0.09680594057379455,0.7881566286087036,1,False,,,,
1766468350.8955688,0.5299952449573992,0.096363860029829,0.7997745871543884,1,False,,,,
1766468350.900776,0.5299952449573992,0.096363860029829,0.7997745871543884,1,False,,,,
1766468350.9054039,0.5299952449573992,0.096363860029829,0.7997745871543884,1,False,,,,
1766468350.908958,0.5303984642726556,0.09650124862283882,0.8164481818675995,1,False,,,,
1766468350.9127748,0.5306574575188969,0.09819700784678298,0.9213838279247284,2,False,,,,
1766468351.314954,0.5302599657895221,0.09862742364245125,0.9261312484741211,2,False,,,,
1766468351.319461,0.5302599657895221,0.09862742364245125,0.9261312484741211,2,False,,,,
1766468351.32529,0.5302599657895221,0.09862742364245125,0.9261312484741211,2,False,,,,
1766468351.329043,0.5299370692771043,0.09907819586258826,0.9002831280231476,2,False,,,,
1766468351.332054,0.5532075563080875,0.1031187860084547,0.8593119258726067,2,False,,,,
1766468351.619752,0.5532075563080875,0.1031187860084547,0.8593119258726067,2,False,,,,
1766468351.62484,0.5532075563080875,0.1031187860084547,0.8593119258726067,2,False,,,,
1766468351.627944,0.549190931349061,0.10475165373054807,0.857411652803421,2,False,,,,
1766468351.6307352,0.549190931349061,0.10475165373054807,0.857411652803421,2,False,,,,
1766468351.6333282,0.5306219138906866,0.08994458682474304,0.9062618017196655,2,False,,,,
1766468351.991122,0.5306219138906866,0.08994458682474304,0.9062618017196655,2,False,,,,
1766468351.9958022,0.5308926361484856,0.09033144473733634,0.8612870573997498,2,False,,,,
1766468351.9990358,0.5308926361484856,0.09033144473733634,0.8612870573997498,2,False,,,,
1766468352.003854,0.5308926361484856,0.09033144473733634,0.8612870573997498,2,False,,,,
1766468352.008984,0.5340332284935807,0.08968226685117031,0.8374970853328705,0,False,,,,
1766468352.18208,0.5326244629534932,0.08876859129846826,0.879505842924118,0,False,,,,
1766468352.187108,0.5326244629534932,0.08876859129846826,0.879505842924118,0,False,,,,
1766468352.192512,0.5326244629534932,0.08876859129846826,0.879505842924118,0,False,,,,
1766468352.195499,0.5326244629534932,0.08876859129846826,0.879505842924118,0,False,,,,
1766468352.198229,0.5416852377347345,0.10125002321219578,0.8181995748256236,2,False,,,,
1766468352.448419,0.4737737750437869,0.21187772517958026,0.2786710763591781,2,False,,,,
1766468352.454698,0.4737737750437869,0.21187772517958026,0.2786710763591781,2,False,,,,
1766468352.4600918,0.4737737750437869,0.21187772517958026,0.2786710763591781,2,False,,,,
1766468352.462922,0.4737737750437869,0.21187772517958026,0.2786710763591781,2,False,,,,
1766468352.465645,0.530727234863921,0.1011010478397859,0.8427901268005371,1,False,,,,
1766468352.687186,0.5273943680712321,0.09466567351239608,0.8752461671829224,1,False,,,,
1766468352.693324,0.5273943680712321,0.09466567351239608,0.8752461671829224,1,False,,,,
1766468352.699023,0.5270730199356045,0.09273950663310915,0.8904759287834167,1,False,,,,
1766468352.702037,0.5262102692586685,0.09267297309194578,0.8618563413619995,1,False,,,,
1766468352.704816,0.5299870694426657,0.09080825538686332,0.8669612407684326,1,False,,,,
1766468352.912715,0.5299870694426657,0.09080825538686332,0.8669612407684326,1,False,,,,
1766468352.9181051,0.5299870694426657,0.09080825538686332,0.8669612407684326,1,False,,,,
1766468352.922057,0.5304252248992257,0.09179614793556079,0.8849567472934723,1,False,,,,
1766468352.9262788,0.5304252248992257,0.09179614793556079,0.8849567472934723,1,False,,,,
1766468352.9319959,0.5352971074491611,0.11500536353888069,0.8341887593269348,1,False,,,,
1766468353.258792,0.5352971074491611,0.11500536353888069,0.8341887593269348,1,False,,,,
1766468353.264821,0.5352971074491611,0.11500536353888069,0.8341887593269348,1,False,,,,
1766468353.269506,0.5352971074491611,0.11500536353888069,0.8341887593269348,1,False,,,,
1766468353.27244,0.5379282543319642,0.11885094730051615,0.8410373122306387,1,False,,,,
1766468353.2761412,0.5805134444565897,0.4875320107073311,0.7212684154510498,1,True,0.5547184944152832,0.37656158208847046,0.10350875556468964,0.19098934531211853
1766468353.59116,0.5805134444565897,0.4875320107073311,0.7212684154510498,1,True,0.5547184944152832,0.37656158208847046,0.10350875556468964,0.19098934531211853
1766468353.5988421,0.5805134444565897,0.4875320107073311,0.7212684154510498,1,True,0.5547184944152832,0.37656158208847046,0.10350875556468964,0.19098934531211853
1766468353.604606,0.5763119468281117,0.4899767679604963,1.0,1,True,0.5547184944152832,0.37656158208847046,0.10350875556468964,0.19098934531211853
1766468353.6090481,0.5763119468281117,0.4899767679604963,1.0,1,True,0.5547184944152832,0.37656158208847046,0.10350875556468964,0.19098934531211853
1766468353.61549,0.5892500928476402,0.40231207323779405,0.6,0,False,,,,
1766468353.8149052,0.5892500928476402,0.40231207323779405,0.6,0,False,,,,
1766468353.822367,0.5829446092671577,0.39513463087258693,0.6,0,False,,,,
1766468353.8249211,0.47992242806212293,0.20169630025487495,0.3279430306815395,0,False,,,,
1766468353.8274739,0.47992242806212293,0.20169630025487495,0.3279430306815395,0,False,,,,
1766468353.8316228,0.5539518447113317,0.3637402099305469,0.44811428845100243,0,False,,,,
1766468354.1963809,0.5539518447113317,0.3637402099305469,0.44811428845100243,0,False,,,,
1766468354.2024388,0.5539518447113317,0.3637402099305469,0.44811428845100243,0,False,,,,
1766468354.205528,0.5539518447113317,0.3637402099305469,0.44811428845100243,0,False,,,,
1766468354.2085109,0.5484195421506957,0.3738814415925077,0.523151294132471,0,False,,,,
1766468354.211185,0.48249201859512586,0.20240358979483175,0.3681927472410296,0,False,,,,
1766468354.370937,0.48249201859512586,0.20240358979483175,0.3681927472410296,0,False,,,,
1766468354.3754501,0.4870227638915641,0.20595394153300584,0.28012733910724447,0,False,,,,
1766468354.378625,0.4870227638915641,0.20595394153300584,0.28012733910724447,0,False,,,,
1766468354.382012,0.4870227638915641,0.20595394153300584,0.28012733910724447,0,False,,,,
1766468354.387467,0.48680304351012327,0.204562184424687,0.28367758906400026,0,False,,,,
1766468354.590139,0.48680304351012327,0.204562184424687,0.28367758906400026,0,False,,,,
1766468354.5942159,0.5593442863141537,0.4158075954510342,0.7085997462272644,0,False,,,,
1766468354.597692,0.5594295377559008,0.4161272163909183,0.7294732332229614,0,False,,,,
1766468354.6011982,0.5594295377559008,0.4161272163909183,0.7294732332229614,0,False,,,,
1766468354.606716,0.5010156460053711,0.21463380888009032,0.3055912890113169,0,False,,,,
1766468354.791596,0.5010156460053711,0.21463380888009032,0.3055912890113169,0,False,,,,
1766468354.796849,0.544142118013566,0.40462177941361543,0.23765817424405367,0,False,,,,
1766468354.799675,0.544142118013566,0.40462177941361543,0.23765817424405367,0,False,,,,
1766468354.8039382,0.544142118013566,0.40462177941361543,0.23765817424405367,0,False,,,,
1766468354.806845,0.5497431135226868,0.27197439409297786,0.39582045587789344,0,False,,,,
1766468354.9691598,0.5497431135226868,0.27197439409297786,0.39582045587789344,0,False,,,,
1766468354.976305,0.5497431135226868,0.27197439409297786,0.39582045587789344,0,False,,,,
1766468354.979465,0.5137170047259164,0.22625033512635595,0.45883228732485054,0,False,,,,
1766468354.9834912,0.5137170047259164,0.22625033512635595,0.45883228732485054,0,False,,,,
1766468354.987839,0.5108074119917134,0.3030381396012978,1.0,0,False,,,,
1766468355.139062,0.5108074119917134,0.3030381396012978,1.0,0,False,,,,
1766468355.145785,0.5108074119917134,0.3030381396012978,1.0,0,False,,,,
1766468355.148245,0.4942139258010026,0.21650070341415317,1.0,0,False,,,,
1766468355.150568,0.4942139258010026,0.21650070341415317,1.0,0,False,,,,
1766468355.1529129,0.4791006888952283,0.07896002129219692,1.0,1,False,,,,
1766468355.42349,0.4791006888952283,0.07896002129219692,1.0,1,False,,,,
1766468355.430899,0.4813583625827376,0.07709336560761482,1.0,1,False,,,,
1766468355.434025,0.48208017229795413,0.07554392772972329,1.0,1,False,,,,
1766468355.436775,0.48208017229795413,0.07554392772972329,1.0,1,False,,,,
1766468355.443271,0.5166782001676841,0.08472924074752153,1.0,1,False,,,,
1766468355.7183738,0.5169563568884468,0.08377337205568047,1.0,1,False,,,,
1766468355.723952,0.5169563568884468,0.08377337205568047,1.0,1,False,,,,
1766468355.729001,0.5169563568884468,0.08377337205568047,1.0,1,False,,,,
1766468355.732289,0.51765408138414,0.08237767014660335,1.0,1,False,,,,
1766468355.7358909,0.5401041560388826,0.11783916799103777,0.9379138648509979,1,False,,,,
1766468356.025256,0.5401041560388826,0.11783916799103777,0.9379138648509979,1,False,,,,
1766468356.0320861,0.5401041560388826,0.11783916799103777,0.9379138648509979,1,False,,,,
1766468356.037029,0.5375363286860704,0.12107549074226687,0.96473428606987,1,False,,,,
1766468356.040203,0.5375363286860704,0.12107549074226687,0.96473428606987,1,False,,,,
1766468356.044894,0.5328135425028171,0.11943076188505863,0.9123517274856567,1,False,,,,
1766468356.314792,0.5328135425028171,0.11943076188505863,0.9123517274856567,1,False,,,,
1766468356.32003,0.5343003887580513,0.12060605454937745,0.9231938421726227,1,False,,,,
1766468356.324849,0.5343003887580513,0.12060605454937745,0.9231938421726227,1,False,,,,
1766468356.3314838,0.5343003887580513,0.12060605454937745,0.9231938421726227,1,False,,,,
1766468356.3346071,0.5167999782345143,0.07150726705266597,1.0,1,False,,,,
1766468356.562261,0.5167999782345143,0.07150726705266597,1.0,1,False,,,,
1766468356.568353,0.5167999782345143,0.07150726705266597,1.0,1,False,,,,
1766468356.571423,0.5167871524564384,0.07237204761318994,0.9673502743244171,1,False,,,,
1766468356.574425,0.5167871524564384,0.07237204761318994,0.9673502743244171,1,False,,,,
1766468356.576859,0.5330731033296121,0.11569846116156779,0.8884094059467316,1,False,,,,
1766468356.86352,0.5330731033296121,0.11569846116156779,0.8884094059467316,1,False,,,,
1766468356.868999,0.5330731033296121,0.11569846116156779,0.8884094059467316,1,False,,,,
1766468356.872262,0.5306398152534199,0.11974546086181048,0.8388160467147827,1,False,,,,
1766468356.8751628,0.5306398152534199,0.11974546086181048,0.8388160467147827,1,False,,,,
1766468356.879801,0.5199234258689058,0.10068428945446639,0.9153763353824615,1,False,,,,
1766468357.168312,0.5199234258689058,0.10068428945446639,0.9153763353824615,1,False,,,,
1766468357.173461,0.5199234258689058,0.10068428945446639,0.9153763353824615,1,False,,,,
1766468357.1770701,0.5232946502559519,0.09855637159665298,0.8976202607154846,1,False,,,,
1766468357.180214,0.5232946502559519,0.09855637159665298,0.8976202607154846,1,False,,,,
1766468357.183389,0.5172149483783697,0.12232989218590162,0.7307614432623667,1,False,,,,
1766468357.4028668,0.5172149483783697,0.12232989218590162,0.7307614432623667,1,False,,,,
1766468357.408478,0.5196685821245555,0.13326064408626592,0.7149437248706818,1,False,,,,
1766468357.411857,0.5196685821245555,0.13326064408626592,0.7149437248706818,1,False,,,,
1766468357.416863,0.5196685821245555,0.13326064408626592,0.7149437248706818,1,False,,,,
1766468357.4201531,0.543409962081826,0.25770030927530163,0.8415268891642573,1,False,,,,
1766468357.622488,0.543409962081826,0.25770030927530163,0.8415268891642573,1,False,,,,
1766468357.6267729,0.557108206278204,0.31614744723621624,0.9058589438350328,1,False,,,,
1766468357.630559,0.557108206278204,0.31614744723621624,0.9058589438350328,1,False,,,,
1766468357.634489,0.557108206278204,0.31614744723621624,0.9058589438350328,1,False,,,,
1766468357.640723,0.544234888504897,0.380925697819676,0.2880697885972482,0,False,,,,
1766468358.050897,0.544234888504897,0.380925697819676,0.2880697885972482,0,False,,,,
1766468358.057914,0.544234888504897,0.380925697819676,0.2880697885972482,0,False,,,,
1766468358.060405,0.544234888504897,0.380925697819676,0.2880697885972482,0,False,,,,
1766468358.063049,0.45955918713893035,0.15763212827049233,0.8158193669527516,0,False,,,,
1766468358.066282,0.4854743348581529,0.07317450301304351,0.8859297931194305,1,False,,,,
1766468358.288938,0.4854743348581529,0.07317450301304351,0.8859297931194305,1,False,,,,
1766468358.295862,0.48533080326993094,0.07720160328243131,0.9102820754051208,1,False,,,,
1766468358.2987049,0.48533080326993094,0.07720160328243131,0.9102820754051208,1,False,,,,
1766468358.303572,0.48533080326993094,0.07720160328243131,0.9102820754051208,1,False,,,,
1766468358.3088572,0.5216488819179654,0.05074589997042933,0.8987681269645691,1,False,,,,
1766468358.54619,0.5089671813918193,0.09640570926686531,0.8,1,False,,,,
1766468358.552705,0.523132441256726,0.050355966795694096,0.8766302168369293,1,False,,,,
1766468358.55818,0.523132441256726,0.050355966795694096,0.8766302168369293,1,False,,,,
1766468358.561101,0.523132441256726,0.050355966795694096,0.8766302168369293,1,False,,,,
1766468358.5639832,0.5250265314521942,0.06210182333610037,0.8642074763774872,1,False,,,,
1766468358.875438,0.5250265314521942,0.06210182333610037,0.8642074763774872,1,False,,,,
1766468358.880476,0.5250265314521942,0.06210182333610037,0.8642074763774872,1,False,,,,
1766468358.8845289,0.532591367238265,0.012197692948818117,0.9771033700078632,1,False,,,,
1766468358.8873951,0.532591367238265,0.012197692948818117,0.9771033700078632,1,False,,,,
1766468358.890481,0.5108839974028713,0.11160916834670676,0.958236038684845,1,False,,,,
1766468359.217525,0.5108839974028713,0.11160916834670676,0.958236038684845,1,False,,,,
1766468359.2230358,0.5101614835625787,0.10852047570328072,0.9391094744205475,1,False,,,,
1766468359.226419,0.5101614835625787,0.10852047570328072,0.9391094744205475,1,False,,,,
1766468359.2321029,0.5101614835625787,0.10852047570328072,0.9391094744205475,1,False,,,,
1766468359.23555,0.5175449236022496,0.09020960500248698,0.8345626592636108,1,False,,,,
1766468359.5234509,0.5180568842662514,0.09101941199752661,0.8246415257453918,1,False,,,,
1766468359.529181,0.5180568842662514,0.09101941199752661,0.8246415257453918,1,False,,,,
1766468359.533948,0.5180568842662514,0.09101941199752661,0.8246415257453918,1,False,,,,
1766468359.536906,0.5167264593102338,0.08757295866038173,0.8750718235969543,1,False,,,,
1766468359.539535,0.5208598055396398,0.10105201399187846,0.8185265362262726,1,False,,,,
1766468359.879058,0.5208598055396398,0.10105201399187846,0.8185265362262726,1,False,,,,
1766468359.886179,0.5208598055396398,0.10105201399187846,0.8185265362262726,1,False,,,,
1766468359.891387,0.5203743040846719,0.09864747579093769,0.8452199697494507,1,False,,,,
1766468359.893974,0.5203743040846719,0.09864747579093769,0.8452199697494507,1,False,,,,
1766468359.899051,0.5074612923394791,0.10772093063435584,0.8193855285644531,1,False,,,,
1766468360.239726,0.5083172110252372,0.10726612543206304,0.8011593818664551,1,False,,,,
1766468360.245549,0.5083172110252372,0.10726612543206304,0.8011593818664551,1,False,,,,
1766468360.250654,0.5083172110252372,0.10726612543206304,0.8011593818664551,1,False,,,,
1766468360.253917,0.5083172110252372,0.10726612543206304,0.8011593818664551,1,False,,,,
1766468360.257206,0.4419893232315175,0.20179945929680687,0.9201450675473565,1,False,,,,
1766468360.55043,0.4419893232315175,0.20179945929680687,0.9201450675473565,1,False,,,,
1766468360.5557618,0.4419893232315175,0.20179945929680687,0.9201450675473565,1,False,,,,
1766468360.5587049,0.4394269423131584,0.20153397624043978,0.8345001339912415,1,False,,,,
1766468360.5615308,0.4394269423131584,0.20153397624043978,0.8345001339912415,1,False,,,,
1766468360.5662699,0.5187710144287442,0.194043655850746,0.4524886288080676,1,False,,,,
1766468360.939712,0.5187710144287442,0.194043655850746,0.4524886288080676,1,False,,,,
1766468360.945502,0.4255976386940813,0.18652487852063993,0.99,1,False,,,,
1766468360.948344,0.4255976386940813,0.18652487852063993,0.99,1,False,,,,
1766468360.9529521,0.4255976386940813,0.18652487852063993,0.99,1,False,,,,
1766468360.9556658,0.6053768823973715,0.13326191897601547,0.769835558981278,1,False,,,,
1766468361.264065,0.4937125759759273,0.1962851006964016,0.402227903603719,1,False,,,,
1766468361.2713852,0.4937125759759273,0.1962851006964016,0.402227903603719,1,False,,,,
1766468361.2762399,0.4937125759759273,0.1962851006964016,0.402227903603719,1,False,,,,
1766468361.279318,0.4954610936813074,0.2045859421544587,0.38193065562296263,1,False,,,,
1766468361.2820108,0.6202815203964213,0.11258521260725884,0.8901078701019287,1,False,,,,
1766468361.527585,0.6202815203964213,0.11258521260725884,0.8901078701019287,1,False,,,,
1766468361.531992,0.6197994842143907,0.11131231040017664,0.8792348802089691,1,False,,,,
1766468361.535597,0.6197994842143907,0.11131231040017664,0.8792348802089691,1,False,,,,
1766468361.53909,0.6197994842143907,0.11131231040017664,0.8792348802089691,1,False,,,,
1766468361.5444212,0.6023169170433069,0.12040435791427773,0.9032391309738159,1,False,,,,
1766468361.8672562,0.6023169170433069,0.12040435791427773,0.9032391309738159,1,False,,,,
1766468361.872489,0.6023169170433069,0.12040435791427773,0.9032391309738159,1,False,,,,
1766468361.8756218,0.6023169170433069,0.12040435791427773,0.9032391309738159,1,False,,,,
1766468361.878224,0.6023169170433069,0.12040435791427773,0.9032391309738159,1,False,,,,
1766468361.880687,0.6140564217032823,0.12507550203962303,0.7978388667106628,1,False,,,,
1766468362.1515572,0.6162633700574067,0.12203337279392357,0.8156701326370239,1,False,,,,
1766468362.158756,0.6162721455749359,0.12128102206625546,0.8503520786762238,1,False,,,,
1766468362.164802,0.6162721455749359,0.12128102206625546,0.8503520786762238,1,False,,,,
1766468362.169488,0.6168647724977483,0.11661296384206798,0.8992177844047546,1,False,,,,
1766468362.1720908,0.6228839550099071,0.11122029419859325,0.8778054118156433,1,False,,,,
1766468362.378338,0.6228839550099071,0.11122029419859325,0.8778054118156433,1,False,,,,
1766468362.383436,0.6245864690102698,0.11010817472760714,0.7970775663852692,1,False,,,,
1766468362.3867168,0.6245864690102698,0.11010817472760714,0.7970775663852692,1,False,,,,
1766468362.390029,0.6245864690102698,0.11010817472760714,0.7970775663852692,1,False,,,,
1766468362.396197,0.42124635477620787,0.18573514122097134,0.9190088510513306,2,False,,,,
1766468362.798869,0.42124635477620787,0.18573514122097134,0.9190088510513306,2,False,,,,
1766468362.8045912,0.6671624716003286,0.4247902536462099,0.2615511165278173,2,True,0.5977324843406677,0.2658631503582001,0.10875387489795685,0.19479471445083618
1766468362.807603,0.6671624716003286,0.4247902536462099,0.2615511165278173,2,True,0.5977324843406677,0.2658631503582001,0.10875387489795685,0.19479471445083618
1766468362.812681,0.6671624716003286,0.4247902536462099,0.2615511165278173,2,True,0.5977324843406677,0.2658631503582001,0.10875387489795685,0.19479471445083618
1766468362.81564,0.657120714881661,0.221856860687504,0.8785516619682312,1,True,0.579403817653656,0.21011196076869965,0.11122379451990128,0.2081160694360733
1766468363.108201,0.6545120926437493,0.2293844600141326,0.8688699305057526,1,True,0.579403817653656,0.21011196076869965,0.11122379451990128,0.2081160694360733
1766468363.115204,0.6545120926437493,0.2293844600141326,0.8688699305057526,1,True,0.579403817653656,0.21011196076869965,0.11122379451990128,0.2081160694360733
1766468363.1184692,0.6545120926437493,0.2293844600141326,0.8688699305057526,1,True,0.579403817653656,0.21011196076869965,0.11122379451990128,0.2081160694360733
1766468363.121401,0.6545120926437493,0.2293844600141326,0.8688699305057526,1,True,0.579403817653656,0.21011196076869965,0.11122379451990128,0.2081160694360733
1766468363.1245499,0.6054762456616909,0.1992941789670124,0.8471799194812775,1,True,0.5905508399009705,0.1999405324459076,0.10369691997766495,0.20753784477710724
1766468363.478593,0.6043631211663645,0.19678809189128332,0.834681898355484,1,True,0.5905508399009705,0.1999405324459076,0.10369691997766495,0.20753784477710724
1766468363.48427,0.6043631211663645,0.19678809189128332,0.834681898355484,1,True,0.5905508399009705,0.1999405324459076,0.10369691997766495,0.20753784477710724
1766468363.4890618,0.6043631211663645,0.19678809189128332,0.834681898355484,1,True,0.5905508399009705,0.1999405324459076,0.10369691997766495,0.20753784477710724
1766468363.492757,0.6045972845118504,0.19484680146897793,0.8156262934207916,1,True,0.5905508399009705,0.1999405324459076,0.10369691997766495,0.20753784477710724
1766468363.4958742,0.6000927491343877,0.1645637354602264,0.8843031525611877,1,False,,,,
1766468363.7382011,0.6000927491343877,0.1645637354602264,0.8843031525611877,1,False,,,,
1766468363.743252,0.6005286142798574,0.1628177264835784,0.8737424612045288,1,False,,,,
1766468363.747627,0.6005286142798574,0.1628177264835784,0.8737424612045288,1,False,,,,
1766468363.7533782,0.6005286142798574,0.1628177264835784,0.8737424612045288,1,False,,,,
1766468363.756895,0.5928932209470192,0.15700072371017948,0.8798869252204895,1,False,,,,
1766468363.966676,0.5928932209470192,0.15700072371017948,0.8798869252204895,1,False,,,,
1766468363.9720361,0.5928932209470192,0.15700072371017948,0.8798869252204895,1,False,,,,
1766468363.975035,0.591614624717053,0.15875638285579052,0.879898726940155,1,False,,,,
1766468363.978129,0.591614624717053,0.15875638285579052,0.879898726940155,1,False,,,,
1766468363.980723,0.5816728616345195,0.14445583602118284,0.8713176548480988,1,False,,,,
1766468364.19548,0.5796969194157277,0.14492902206996505,0.9361490309238434,1,False,,,,
1766468364.2005389,0.5796969194157277,0.14492902206996505,0.9361490309238434,1,False,,,,
1766468364.205473,0.5796969194157277,0.14492902206996505,0.9361490309238434,1,False,,,,
1766468364.2084322,0.5796969194157277,0.14492902206996505,0.9361490309238434,1,False,,,,
1766468364.2148612,0.5757346365746228,0.13876269551528897,0.8702743053436279,1,False,,,,
1766468364.48484,0.5757346365746228,0.13876269551528897,0.8702743053436279,1,False,,,,
1766468364.491286,0.5757346365746228,0.13876269551528897,0.8702743053436279,1,False,,,,
1766468364.494577,0.5752874469424991,0.13676942105467105,0.8852668106555939,1,False,,,,
1766468364.49805,0.5761899685495642,0.13860220546074475,0.8899365663528442,1,False,,,,
1766468364.500683,0.6059097697322964,0.16250727680490318,0.9018429517745972,1,False,,,,
1766468364.848474,0.6063731386849216,0.16341806230187184,0.8804828822612762,1,False,,,,
1766468364.853975,0.6063731386849216,0.16341806230187184,0.8804828822612762,1,False,,,,
1766468364.859819,0.6063731386849216,0.16341806230187184,0.8804828822612762,1,False,,,,
1766468364.862751,0.6051683969360488,0.16166490915138154,0.8805520832538605,1,False,,,,
1766468364.8663921,0.5739664847397101,0.14726981092708236,0.8835393190383911,1,False,,,,
1766468365.257049,0.5739664847397101,0.14726981092708236,0.8835393190383911,1,False,,,,
1766468365.2624729,0.5739664847397101,0.14726981092708236,0.8835393190383911,1,False,,,,
1766468365.2653792,0.5739664847397101,0.14726981092708236,0.8835393190383911,1,False,,,,
1766468365.268764,0.5731929562210054,0.14647230744048745,0.8955568969249725,1,False,,,,
1766468365.2715409,0.620028508078541,0.16790543781352896,0.8683250844478607,1,False,,,,
1766468365.503243,0.620028508078541,0.16790543781352896,0.8683250844478607,1,False,,,,
1766468365.5091588,0.620028508078541,0.16790543781352896,0.8683250844478607,1,False,,,,
1766468365.5143218,0.620028508078541,0.16790543781352896,0.8683250844478607,1,False,,,,
1766468365.517482,0.620028508078541,0.16790543781352896,0.8683250844478607,1,False,,,,
1766468365.520739,0.6073486341097869,0.18489361414137784,0.8509722948074341,1,False,,,,
1766468365.767261,0.6075701534952958,0.18362624771664549,0.8068559169769287,1,False,,,,
1766468365.772532,0.6075701534952958,0.18362624771664549,0.8068559169769287,1,False,,,,
1766468365.777832,0.6075701534952958,0.18362624771664549,0.8068559169769287,1,False,,,,
1766468365.782091,0.6075701534952958,0.18362624771664549,0.8068559169769287,1,False,,,,
1766468365.784569,0.5866361853761084,0.19364315987116176,0.889413595199585,1,True,0.5867064595222473,0.19154341518878937,0.10780791938304901,0.2148474007844925
1766468366.0312839,0.5866361853761084,0.19364315987116176,0.889413595199585,1,True,0.5867064595222473,0.19154341518878937,0.10780791938304901,0.2148474007844925
1766468366.037202,0.57962490429903,0.19757957559953554,0.8489458858966827,1,True,0.5867064595222473,0.19154341518878937,0.10780791938304901,0.2148474007844925
1766468366.0409658,0.57962490429903,0.19757957559953554,0.8489458858966827,1,True,0.5867064595222473,0.19154341518878937,0.10780791938304901,0.2148474007844925
1766468366.045915,0.57962490429903,0.19757957559953554,0.8489458858966827,1,True,0.5867064595222473,0.19154341518878937,0.10780791938304901,0.2148474007844925
1766468366.04889,0.5812308134285878,0.22390793441436774,0.5374303736817624,1,False,,,,
1766468366.3794649,0.5812308134285878,0.22390793441436774,0.5374303736817624,1,False,,,,
1766468366.387101,0.353154594628368,0.1772822774688928,0.2628304378434773,1,False,,,,
1766468366.389915,0.353154594628368,0.1772822774688928,0.2628304378434773,1,False,,,,
1766468366.3935208,0.353154594628368,0.1772822774688928,0.2628304378434773,1,False,,,,
1766468366.400046,0.3289819934303153,0.18719944025947022,1.0,0,False,,,,
1766468366.578521,0.5687076048375084,0.21308809232770742,0.38849640500880944,0,False,,,,
1766468366.5857768,0.5687076048375084,0.21308809232770742,0.38849640500880944,0,False,,,,
1766468366.591441,0.5657962966861578,0.21453945751793935,0.38498132849080263,0,False,,,,
1766468366.5943942,0.5657962966861578,0.21453945751793935,0.38498132849080263,0,False,,,,
1766468366.5969532,0.3723954713418068,0.17416930624219462,0.21210502826821315,1,False,,,,
1766468366.858359,0.3767197646524651,0.17732245628480858,0.2185678566295641,1,False,,,,
1766468366.86548,0.5186914366383529,0.2466774897348214,0.7468249265324052,1,False,,,,
1766468366.870959,0.5186914366383529,0.2466774897348214,0.7468249265324052,1,False,,,,
1766468366.87427,0.598331404834416,0.22299680798873733,0.3633301959164667,1,False,,,,
1766468366.87828,0.3816348696712539,0.18775356576229862,0.2390020802580114,0,False,,,,
1766468367.067266,0.3816348696712539,0.18775356576229862,0.2390020802580114,0,False,,,,
1766468367.0745258,0.37431944796839167,0.18915361731880775,0.22076195539875115,0,False,,,,
1766468367.078463,0.37431944796839167,0.18915361731880775,0.22076195539875115,0,False,,,,
1766468367.0830631,0.37431944796839167,0.18915361731880775,0.22076195539875115,0,False,,,,
1766468367.0859962,0.41160211507507843,0.1763019673060653,0.2411222438811536,0,False,,,,
1766468367.3298008,0.41432751551915115,0.17619319565548608,0.25836980605108206,0,False,,,,
1766468367.335783,0.41432751551915115,0.17619319565548608,0.25836980605108206,0,False,,,,
1766468367.340672,0.41432751551915115,0.17619319565548608,0.25836980605108206,0,False,,,,
1766468367.3441439,0.40320177154263187,0.17813524221122568,0.23219849911648294,0,False,,,,
1766468367.347028,0.4101549784529904,0.1776698423230888,0.2088696641239219,0,False,,,,
1766468367.5303621,0.4112288015116441,0.17912117197391508,0.2085738511774528,0,False,,,,
1766468367.535935,0.4112288015116441,0.17912117197391508,0.2085738511774528,0,False,,,,
1766468367.539018,0.4112288015116441,0.17912117197391508,0.2085738511774528,0,False,,,,
1766468367.541705,0.6155328886578844,0.5460374737835836,0.34132281896638433,0,False,,,,
1766468367.545857,0.4019126155223218,0.1987734361948994,0.2000933400218017,0,False,,,,
1766468367.6933298,0.4019126155223218,0.1987734361948994,0.2000933400218017,0,False,,,,
1766468367.698519,0.39474498696601545,0.1991683917969146,0.21472461538355278,0,False,,,,
1766468367.702854,0.39474498696601545,0.1991683917969146,0.21472461538355278,0,False,,,,
1766468367.705834,0.39474498696601545,0.1991683917969146,0.21472461538355278,0,False,,,,
1766468367.708517,0.20341831596466942,0.6018185870625583,0.2010260403262853,0,False,,,,
1766468367.869647,0.20341831596466942,0.6018185870625583,0.2010260403262853,0,False,,,,
1766468367.8746428,0.20341831596466942,0.6018185870625583,0.2010260403262853,0,False,,,,
1766468367.878106,0.2165864678902653,0.6093471726686306,0.1890809235705778,0,False,,,,
1766468367.8805492,0.388172469042546,0.18148591972625006,0.21640096151787977,0,False,,,,
1766468367.88355,0.2893581726581852,0.6617348856519922,0.10589246858511175,0,False,,,,
1766468368.068758,0.2893581726581852,0.6617348856519922,0.10589246858511175,0,False,,,,
1766468368.073508,0.2893581726581852,0.6617348856519922,0.10589246858511175,0,False,,,,
1766468368.076479,0.2893581726581852,0.6617348856519922,0.10589246858511175,0,False,,,,
1766468368.079356,0.2893581726581852,0.6617348856519922,0.10589246858511175,0,False,,,,
1766468368.081752,0.3910228360944946,0.1745153705964464,0.23303551964075547,0,False,,,,
1766468368.273657,0.3910228360944946,0.1745153705964464,0.23303551964075547,0,False,,,,
1766468368.2797902,0.3910228360944946,0.1745153705964464,0.23303551964075547,0,False,,,,
1766468368.283045,0.3906362470052567,0.17452145442272882,0.19084930209573697,0,False,,,,
1766468368.285609,0.3906362470052567,0.17452145442272882,0.19084930209573697,0,False,,,,
1766468368.288339,0.642969367425024,0.6598087939295755,0.26284392221121144,0,False,,,,
1766468368.4634721,0.642969367425024,0.6598087939295755,0.26284392221121144,0,False,,,,
1766468368.468409,0.6362858565486252,0.6056418890495278,0.24861939279016593,0,False,,,,
1766468368.471624,0.6362858565486252,0.6056418890495278,0.24861939279016593,0,False,,,,
1766468368.475688,0.6362858565486252,0.6056418890495278,0.24861939279016593,0,False,,,,
1766468368.478239,0.8362116564453809,0.9025933780125553,0.12297956412205745,0,False,,,,
1766468368.641234,0.8362116564453809,0.9025933780125553,0.12297956412205745,0,False,,,,
1766468368.646904,0.8362116564453809,0.9025933780125553,0.12297956412205745,0,False,,,,
1766468368.6499252,0.8362116564453809,0.9025933780125553,0.12297956412205745,0,False,,,,
1766468368.653277,0.8283828770809245,0.9018484509471746,0.09409687556849296,0,False,,,,
1766468368.657023,0.3902282509025226,0.18712143771148215,1.0,0,False,,,,
1766468368.8451688,0.3902282509025226,0.18712143771148215,1.0,0,False,,,,
1766468368.852222,0.6003245579097362,0.6188696566470971,0.995,0,False,,,,
1766468368.854912,0.6003245579097362,0.6188696566470971,0.995,0,False,,,,
1766468368.859554,0.6003245579097362,0.6188696566470971,0.995,0,False,,,,
1766468368.862509,0.534664017166326,0.14628039791710656,0.9025527238845825,1,False,,,,
1766468369.2233531,0.5351008031130295,0.14610078295116868,0.8878703117370605,1,False,,,,
1766468369.231261,0.5351008031130295,0.14610078295116868,0.8878703117370605,1,False,,,,
1766468369.236989,0.5351008031130295,0.14610078295116868,0.8878703117370605,1,False,,,,
1766468369.241611,0.5300588535277401,0.150849677859885,0.8584028780460358,1,False,,,,
1766468369.2456288,0.4701144338708934,0.20641189959991135,0.9860721826553345,1,False,,,,
1766468369.512068,0.5091879026413664,0.20372991441219745,0.4113263560108174,1,False,,,,
1766468369.518097,0.5091879026413664,0.20372991441219745,0.4113263560108174,1,False,,,,
1766468369.521291,0.5091879026413664,0.20372991441219745,0.4113263560108174,1,False,,,,
1766468369.525271,0.5041423959328194,0.19052659723216592,0.4349855017153676,1,False,,,,
1766468369.5279071,0.46736123997003365,0.20851696790423246,0.8179129362106323,1,False,,,,
1766468369.866714,0.46736123997003365,0.20851696790423246,0.8179129362106323,1,False,,,,
1766468369.8720572,0.46736123997003365,0.20851696790423246,0.8179129362106323,1,False,,,,
1766468369.8770728,0.467112922143024,0.20869078531113705,0.7452036142349243,1,False,,,,
1766468369.8796868,0.467112922143024,0.20869078531113705,0.7452036142349243,1,False,,,,
1766468369.884606,0.5385812750470895,0.3158135357823664,0.25627405779952506,1,False,,,,
1766468370.171206,0.5385812750470895,0.3158135357823664,0.25627405779952506,1,False,,,,
1766468370.1768079,0.6064235570839457,0.3660068512307163,0.24337522633698905,1,True,0.5650314092636108,0.3238298296928406,0.10131072998046875,0.21166475117206573
1766468370.179948,0.6064235570839457,0.3660068512307163,0.24337522633698905,1,True,0.5650314092636108,0.3238298296928406,0.10131072998046875,0.21166475117206573
1766468370.1856441,0.6064235570839457,0.3660068512307163,0.24337522633698905,1,True,0.5650314092636108,0.3238298296928406,0.10131072998046875,0.21166475117206573
1766468370.189188,0.41222312173040904,0.6544954523542804,0.7690654685294227,1,False,,,,
1766468370.4175239,0.41222312173040904,0.6544954523542804,0.7690654685294227,1,False,,,,
1766468370.4226298,0.41222312173040904,0.6544954523542804,0.7690654685294227,1,False,,,,
1766468370.4257221,0.41222312173040904,0.6544954523542804,0.7690654685294227,1,False,,,,
1766468370.4287481,0.28980467371827345,0.44950483908313865,0.0,1,False,,,,
1766468370.433419,-0.04697085427508272,0.17566522444520938,0.7896516480138404,1,False,,,,
1766468370.6741672,-0.04697085427508272,0.17566522444520938,0.7896516480138404,1,False,,,,
1766468370.6798131,1.0386084986847108,0.6887862542576072,0.7707357138809781,1,False,,,,
1766468370.6835442,1.0386084986847108,0.6887862542576072,0.7707357138809781,1,False,,,,
1766468370.688719,1.0386084986847108,0.6887862542576072,0.7707357138809781,1,False,,,,
1766468370.691575,0.2896133646851612,0.44924540966302096,0.0,1,False,,,,
1766468370.909285,0.2896133646851612,0.44924540966302096,0.0,1,False,,,,
1766468370.91534,0.2896133646851612,0.44924540966302096,0.0,1,False,,,,
1766468370.920619,0.2896133646851612,0.44924540966302096,0.0,1,False,,,,
1766468370.9240289,0.2896133646851612,0.44924540966302096,0.0,1,False,,,,
1766468370.926553,0.9630678638895477,0.8819662529257031,0.7612400949001312,1,False,,,,
1766468371.297366,0.9630678638895477,0.8819662529257031,0.7612400949001312,1,False,,,,
1766468371.301953,0.8401647960642471,0.8393346028855982,0.8136293965958037,1,False,,,,
1766468371.304467,0.8401647960642471,0.8393346028855982,0.8136293965958037,1,False,,,,
1766468371.3096051,0.8401647960642471,0.8393346028855982,0.8136293965958037,1,False,,,,
1766468371.312609,0.2896133646851612,0.44924540966302096,0.0,1,False,,,,
1766468371.558721,0.2896133646851612,0.44924540966302096,0.0,1,False,,,,
1766468371.564924,0.2896133646851612,0.44924540966302096,0.0,1,False,,,,
1766468371.567978,0.2896133646851612,0.44924540966302096,0.0,1,False,,,,
1766468371.5706298,0.2896133646851612,0.44924540966302096,0.0,1,False,,,,
1766468371.576423,0.6116281498242457,0.4415812221282015,0.7737385630607605,1,True,0.5654014348983765,0.30261102318763733,0.09696102142333984,0.1955501139163971
1766468371.806258,0.6116281498242457,0.4415812221282015,0.7737385630607605,1,True,0.5654014348983765,0.30261102318763733,0.09696102142333984,0.1955501139163971
1766468371.811899,0.6116281498242457,0.4415812221282015,0.7737385630607605,1,True,0.5654014348983765,0.30261102318763733,0.09696102142333984,0.1955501139163971
1766468371.815179,0.6116281498242457,0.4415812221282015,0.7737385630607605,1,True,0.5654014348983765,0.30261102318763733,0.09696102142333984,0.1955501139163971
1766468371.820174,0.615919301055227,0.4451216460484251,0.8149482905864716,1,True,0.5654014348983765,0.30261102318763733,0.09696102142333984,0.1955501139163971
1766468371.823164,0.47505922520826116,0.20491953665665275,0.7307918667793274,1,False,,,,
1766468372.118978,0.5800215196862111,0.3391446162499061,0.8945241060224056,1,True,0.57036292552948,0.31635352969169617,0.0997067466378212,0.20365676283836365
1766468372.125345,0.5800215196862111,0.3391446162499061,0.8945241060224056,1,True,0.57036292552948,0.31635352969169617,0.0997067466378212,0.20365676283836365
1766468372.131043,0.5800215196862111,0.3391446162499061,0.8945241060224056,1,True,0.57036292552948,0.31635352969169617,0.0997067466378212,0.20365676283836365
1766468372.13454,0.5822008430065497,0.3462211746142305,0.7893455624580383,1,True,0.57036292552948,0.31635352969169617,0.0997067466378212,0.20365676283836365
1766468372.137446,0.4712433244042919,0.20362805989652488,0.3058971525171447,1,False,,,,
1766468372.4424949,0.4692494881235332,0.20353638157062814,0.7439401745796204,1,False,,,,
1766468372.4488692,0.4692494881235332,0.20353638157062814,0.7439401745796204,1,False,,,,
1766468372.4518888,0.4692494881235332,0.20353638157062814,0.7439401745796204,1,False,,,,
1766468372.4555159,0.2896133646851612,0.44924540966302096,0.0,1,False,,,,
1766468372.458465,0.4543740891936395,0.19905301454647972,0.3233993394879743,1,False,,,,
1766468372.668863,0.4543740891936395,0.19905301454647972,0.3233993394879743,1,False,,,,
1766468372.6749818,0.45487375238781036,0.19927331728695852,0.33696294363255513,1,False,,,,
1766468372.679636,0.45487375238781036,0.19927331728695852,0.33696294363255513,1,False,,,,
1766468372.6826298,0.45487375238781036,0.19927331728695852,0.33696294363255513,1,False,,,,
1766468372.6856189,0.2896133646851612,0.44924540966302096,0.0,1,False,,,,
1766468372.942334,0.44054404568540695,0.19489878430288798,0.7604057670131464,1,False,,,,
1766468372.94833,0.44054404568540695,0.19489878430288798,0.7604057670131464,1,False,,,,
1766468372.953784,0.4514374125099502,0.19732810445935045,0.31084137330454525,1,False,,,,
1766468372.9569569,0.45168911760803115,0.19743790332067002,0.3096867468408862,1,False,,,,
1766468372.959637,0.2896133646851612,0.44924540966302096,0.0,1,False,,,,
1766468373.2522051,0.2896133646851612,0.44924540966302096,0.0,1,False,,,,
1766468373.257938,0.2896133646851612,0.44924540966302096,0.0,1,False,,,,
1766468373.262749,0.2896133646851612,0.44924540966302096,0.0,1,False,,,,
1766468373.2678459,0.2896133646851612,0.44924540966302096,0.0,1,False,,,,
1766468373.270957,0.2896133646851612,0.44924540966302096,0.0,1,False,,,,
1766468373.5708532,0.2896133646851612,0.44924540966302096,0.0,1,False,,,,
1766468373.575883,0.2896133646851612,0.44924540966302096,0.0,1,False,,,,
1766468373.5793338,0.2896133646851612,0.44924540966302096,0.0,1,False,,,,
1766468373.584648,0.2896133646851612,0.44924540966302096,0.0,1,False,,,,
1766468373.587554,0.2896133646851612,0.44924540966302096,0.0,1,False,,,,
1766468373.8846872,0.2896133646851612,0.44924540966302096,0.0,1,False,,,,
1766468373.890121,0.2896133646851612,0.44924540966302096,0.0,1,False,,,,
1766468373.893527,0.2896133646851612,0.44924540966302096,0.0,1,False,,,,
1766468373.897988,0.2896133646851612,0.44924540966302096,0.0,1,False,,,,
1766468373.9040918,0.2896133646851612,0.44924540966302096,0.0,1,False,,,,
1766468374.1660109,0.43970925139773154,0.18506010215864266,0.7317030291769271,1,False,,,,
1766468374.171764,0.43970925139773154,0.18506010215864266,0.7317030291769271,1,False,,,,
1766468374.176827,0.43970925139773154,0.18506010215864266,0.7317030291769271,1,False,,,,
1766468374.180796,0.46294248097136387,0.1964797889070119,0.2832592809462734,1,False,,,,
1766468374.183948,0.43701304144640546,0.18217633243835318,0.7285852432250977,1,False,,,,
1766468374.4216661,0.5064395594022948,0.29305131845618404,0.7714067750502427,1,False,,,,
1766468374.426979,0.5064395594022948,0.29305131845618404,0.7714067750502427,1,False,,,,
1766468374.430888,0.508094087007543,0.29605234789695856,0.7358098924160004,1,False,,,,
1766468374.4337149,0.5086182189059649,0.2952728712286753,0.7574763000011444,1,False,,,,
1766468374.436298,0.5185453596743395,0.2683119548521573,0.7299140336503991,1,False,,,,
1766468374.698899,0.5188750784774475,0.26595666924233075,0.7151079628711825,1,False,,,,
1766468374.703546,0.5188750784774475,0.26595666924233075,0.7151079628711825,1,False,,,,
1766468374.709025,0.5188750784774475,0.26595666924233075,0.7151079628711825,1,False,,,,
1766468374.7118561,0.5188750784774475,0.26595666924233075,0.7151079628711825,1,False,,,,
1766468374.714602,0.46994737494483163,0.20300498877166973,0.3172047019956895,1,False,,,,
1766468374.975991,0.46994737494483163,0.20300498877166973,0.3172047019956895,1,False,,,,
1766468374.981388,0.46994737494483163,0.20300498877166973,0.3172047019956895,1,False,,,,
1766468374.985578,0.467033659013864,0.2017011725552328,0.2975617070501621,1,False,,,,
1766468374.988866,0.467033659013864,0.2017011725552328,0.2975617070501621,1,False,,,,
1766468374.994588,0.2896133646851612,0.44924540966302096,0.0,1,False,,,,
1766468375.294251,0.2896133646851612,0.44924540966302096,0.0,1,False,,,,
1766468375.302691,0.5425238764918218,0.2628081092948953,0.30651817214074156,1,False,,,,
1766468375.305771,0.5425238764918218,0.2628081092948953,0.30651817214074156,1,False,,,,
1766468375.311052,0.5425238764918218,0.2628081092948953,0.30651817214074156,1,False,,,,
1766468375.3168142,0.5086169783312621,0.40649148815672176,0.24376663968380607,0,False,,,,
1766468375.509802,0.5086169783312621,0.40649148815672176,0.24376663968380607,0,False,,,,
1766468375.51705,0.5086169783312621,0.40649148815672176,0.24376663968380607,0,False,,,,
1766468375.519996,0.4558163361600899,0.4444158109754175,0.24819115924753415,0,False,,,,
1766468375.523794,0.4558163361600899,0.4444158109754175,0.24819115924753415,0,False,,,,
1766468375.529383,0.623519810713647,0.3875188652851058,0.43160784823538034,0,False,,,,
1766468375.695509,0.623519810713647,0.3875188652851058,0.43160784823538034,0,False,,,,
1766468375.7027268,0.532959868117777,0.2551732544478553,0.3146180719200919,0,False,,,,
1766468375.70686,0.532959868117777,0.2551732544478553,0.3146180719200919,0,False,,,,
1766468375.710509,0.532959868117777,0.2551732544478553,0.3146180719200919,0,False,,,,
1766468375.71518,0.5359846048643121,0.25879583925985195,0.3425855682477453,0,False,,,,
1766468375.9034681,0.5359846048643121,0.25879583925985195,0.3425855682477453,0,False,,,,
1766468375.908555,0.594014236639087,0.3733042422849888,0.3583931182330274,0,False,,,,
1766468375.9126852,0.594014236639087,0.3733042422849888,0.3583931182330274,0,False,,,,
1766468375.9177668,0.594014236639087,0.3733042422849888,0.3583931182330274,0,False,,,,
1766468375.920359,0.5226179383085527,0.24919951267903018,0.3858924966039364,0,False,,,,
1766468376.0673192,0.5226179383085527,0.24919951267903018,0.3858924966039364,0,False,,,,
1766468376.071698,0.5226179383085527,0.24919951267903018,0.3858924966039364,0,False,,,,
1766468376.07484,0.6730605699345109,0.5201790475293796,0.2960940426576115,0,False,,,,
1766468376.078235,0.6730605699345109,0.5201790475293796,0.2960940426576115,0,False,,,,
1766468376.0809941,0.579727108638028,0.3790210119537549,0.35456964700937194,0,False,,,,
1766468376.275491,0.5777753920466131,0.38871238499188987,0.3560206084900592,0,False,,,,
1766468376.2800682,0.5777753920466131,0.38871238499188987,0.3560206084900592,0,False,,,,
1766468376.2848132,0.5777753920466131,0.38871238499188987,0.3560206084900592,0,False,,,,
1766468376.287749,0.5777753920466131,0.38871238499188987,0.3560206084900592,0,False,,,,
1766468376.290475,0.5282389267166868,0.2614555203515365,0.37936647866278284,0,False,,,,
1766468376.480155,0.5282389267166868,0.2614555203515365,0.37936647866278284,0,False,,,,
1766468376.4848168,0.5282389267166868,0.2614555203515365,0.37936647866278284,0,False,,,,
1766468376.487432,0.5282389267166868,0.2614555203515365,0.37936647866278284,0,False,,,,
1766468376.4901829,0.528499906776944,0.2617799283536022,0.374560609842761,0,False,,,,
1766468376.492745,0.4286454433180912,0.43128081631082216,0.2939934100804007,0,False,,,,
1766468376.963407,0.3262618787946086,0.1911633082273959,1.0,0,False,,,,
1766468376.9705641,0.3262618787946086,0.1911633082273959,1.0,0,False,,,,
1766468376.97498,0.3262618787946086,0.1911633082273959,1.0,0,False,,,,
1766468376.978144,0.45071621787084143,0.7248365436989954,0.888091635692688,0,False,,,,
1766468376.982205,0.7585292262999503,0.6517414811823645,0.9383005201816559,1,False,,,,
1766468377.368128,0.7585292262999503,0.6517414811823645,0.9383005201816559,1,False,,,,
1766468377.3753128,0.7585292262999503,0.6517414811823645,0.9383005201816559,1,False,,,,
1766468377.377868,0.7608947879874368,0.6559139643860564,0.8958593010902405,1,False,,,,
1766468377.380449,0.7610290334875842,0.6601628952352999,0.9390396177768707,1,False,,,,
1766468377.3842702,1.0078473415248155,0.8048689187746761,0.9028513133525848,1,False,,,,
1766468377.721289,1.0003305366974256,0.7758979605084739,0.9381524622440338,1,False,,,,
1766468377.727305,1.0003305366974256,0.7758979605084739,0.9381524622440338,1,False,,,,
1766468377.7307782,1.0015844719652978,0.7855296845335143,0.854878842830658,1,False,,,,
1766468377.73419,1.0015844719652978,0.7855296845335143,0.854878842830658,1,False,,,,
1766468377.7371058,0.6653674114516697,0.5483689669684443,0.18073302787416548,1,False,,,,
1766468378.089401,0.6653674114516697,0.5483689669684443,0.18073302787416548,1,False,,,,
1766468378.094292,0.6653674114516697,0.5483689669684443,0.18073302787416548,1,False,,,,
1766468378.0972211,0.6653674114516697,0.5483689669684443,0.18073302787416548,1,False,,,,
1766468378.100179,0.6654847059937301,0.548802251214597,0.203634348755961,1,False,,,,
1766468378.103522,0.7117397074781946,0.6806299669532567,0.651209431886673,1,False,,,,
1766468378.3293068,0.7117397074781946,0.6806299669532567,0.651209431886673,1,False,,,,
1766468378.3354502,0.7345484879224853,0.6640623918972802,0.8783789575099945,1,False,,,,
1766468378.338767,0.7345484879224853,0.6640623918972802,0.8783789575099945,1,False,,,,
1766468378.344415,0.7345484879224853,0.6640623918972802,0.8783789575099945,1,False,,,,
1766468378.347532,0.8416841973365627,0.5081217569556427,0.9035045504570007,1,False,,,,
1766468378.565323,0.8416841973365627,0.5081217569556427,0.9035045504570007,1,False,,,,
1766468378.5706491,0.843138074079447,0.5014186191176311,0.8608433306217194,1,False,,,,
1766468378.5739698,0.843138074079447,0.5014186191176311,0.8608433306217194,1,False,,,,
1766468378.578357,0.843138074079447,0.5014186191176311,0.8608433306217194,1,False,,,,
1766468378.5835478,0.4559649116762195,0.20192611198871058,0.9461246132850647,1,False,,,,
1766468378.886367,0.45618720617963915,0.20180313982699416,1.0,1,False,,,,
1766468378.893599,0.45618720617963915,0.20180313982699416,1.0,1,False,,,,
1766468378.898667,0.45618720617963915,0.20180313982699416,1.0,1,False,,,,
1766468378.901765,0.6062486764080277,0.544062515991994,0.3888322364345091,1,True,0.5828644037246704,0.44294559955596924,0.11084604263305664,0.17595385015010834
1766468378.904931,0.6936643459137818,0.3767418105465602,0.8512952923774719,1,False,,,,
1766468379.160102,0.6936643459137818,0.3767418105465602,0.8512952923774719,1,False,,,,
1766468379.166573,0.6936643459137818,0.3767418105465602,0.8512952923774719,1,False,,,,
1766468379.1699982,0.6028281002200828,0.5337256817750494,0.3838163592249357,1,True,0.6121693849563599,0.4592606723308563,0.11285257339477539,0.17215792834758759
1766468379.172915,0.6947955631512024,0.37137421272864346,0.8555567264556885,1,False,,,,
1766468379.1756742,0.4470420024166805,0.19081841178333825,1.0,1,False,,,,
1766468379.462848,0.7085143871965581,0.34767226451538924,0.8706426024436951,1,False,,,,
1766468379.469634,0.7085143871965581,0.34767226451538924,0.8706426024436951,1,False,,,,
1766468379.4731798,0.7085143871965581,0.34767226451538924,0.8706426024436951,1,False,,,,
1766468379.476727,0.6127103293527701,0.5139472399388921,0.37363362494041796,1,False,,,,
1766468379.4815512,0.7200964830378738,0.35848611695910215,0.8637750446796417,1,False,,,,
1766468379.6991081,0.7200964830378738,0.35848611695910215,0.8637750446796417,1,False,,,,
1766468379.705172,0.7200964830378738,0.35848611695910215,0.8637750446796417,1,False,,,,
1766468379.7078998,0.7200964830378738,0.35848611695910215,0.8637750446796417,1,False,,,,
1766468379.7106628,0.602306603717033,0.5121886204294408,0.4441727117845529,1,False,,,,
1766468379.713815,0.4906162488732231,0.03537739243942628,0.9598853290081024,1,False,,,,
1766468380.01118,0.49187831560885853,0.039457794261649526,0.8993251618724265,1,False,,,,
1766468380.019328,0.49187831560885853,0.039457794261649526,0.8993251618724265,1,False,,,,
1766468380.02455,0.49187831560885853,0.039457794261649526,0.8993251618724265,1,False,,,,
1766468380.027957,0.4959623188766912,0.03936376938853714,0.9477147459983826,1,False,,,,
1766468380.030744,0.518865015963129,0.014812356602944998,0.9089959263801575,2,False,,,,
1766468380.375784,0.518865015963129,0.014812356602944998,0.9089959263801575,2,False,,,,
1766468380.3822331,0.5189385851178269,0.016078596608233298,0.9010767042636871,2,False,,,,
1766468380.3853319,0.5189385851178269,0.016078596608233298,0.9010767042636871,2,False,,,,
1766468380.3906949,0.5189385851178269,0.016078596608233298,0.9010767042636871,2,False,,,,
1766468380.394145,0.5079741906087208,0.06772406883282556,0.934016227722168,2,False,,,,
1766468380.699172,0.5094575750556637,0.06877858833313677,0.9483436942100525,2,False,,,,
1766468380.7064588,0.5094575750556637,0.06877858833313677,0.9483436942100525,2,False,,,,
1766468380.7118762,0.5094575750556637,0.06877858833313677,0.9483436942100525,2,False,,,,
1766468380.7153192,0.5099956000263213,0.06966323651615625,0.9290734231472015,2,False,,,,
1766468380.719907,0.5116463253269734,0.07550401931856676,0.9754072427749634,1,False,,,,
1766468380.9277608,0.5116463253269734,0.07550401931856676,0.9754072427749634,1,False,,,,
1766468380.9347599,0.5103757620568852,0.07488436427391165,0.9506314098834991,1,False,,,,
1766468380.93837,0.5103757620568852,0.07488436427391165,0.9506314098834991,1,False,,,,
1766468380.945054,0.5103757620568852,0.07488436427391165,0.9506314098834991,1,False,,,,
1766468380.9483762,0.5209141505525042,0.08614950995126891,0.9415973126888275,1,False,,,,
1766468381.179481,0.5209141505525042,0.08614950995126891,0.9415973126888275,1,False,,,,
1766468381.1858408,0.5230519789273153,0.08574028888323881,0.9313754439353943,1,False,,,,
1766468381.189121,0.5230519789273153,0.08574028888323881,0.9313754439353943,1,False,,,,
1766468381.1946821,0.5230519789273153,0.08574028888323881,0.9313754439353943,1,False,,,,
1766468381.1977448,0.5091517974775073,0.0755430188301609,0.942939043045044,1,False,,,,
1766468381.414002,0.5091517974775073,0.0755430188301609,0.942939043045044,1,False,,,,
1766468381.419102,0.5122779846343597,0.07700615623448559,0.940782368183136,1,False,,,,
1766468381.422038,0.5122779846343597,0.07700615623448559,0.940782368183136,1,False,,,,
1766468381.425004,0.5122779846343597,0.07700615623448559,0.940782368183136,1,False,,,,
1766468381.431217,0.4568433651040559,0.2079667176387784,0.4734313784641654,1,False,,,,
1766468381.649055,0.4568433651040559,0.2079667176387784,0.4734313784641654,1,False,,,,
1766468381.654763,0.53603976050116,0.2417788037815184,1.0,1,False,,,,
1766468381.660141,0.53603976050116,0.2417788037815184,1.0,1,False,,,,
1766468381.663368,0.53603976050116,0.2417788037815184,1.0,1,False,,,,
1766468381.666539,0.5226441175369605,0.0979386195729155,0.8525818527025443,1,False,,,,
1766468381.903744,0.523485410949364,0.10065645077782992,0.8643192052841187,1,False,,,,
1766468381.911057,0.523485410949364,0.10065645077782992,0.8643192052841187,1,False,,,,
1766468381.9163232,0.523485410949364,0.10065645077782992,0.8643192052841187,1,False,,,,
1766468381.920846,0.5223421053760497,0.10327369090840455,0.9090507328510284,1,False,,,,
1766468381.923302,0.4262853659166829,0.16740847633026856,0.13750248473981835,1,False,,,,
1766468382.258823,0.46920502305723655,0.21699892321238523,0.43020239072604843,1,False,,,,
1766468382.266905,0.46920502305723655,0.21699892321238523,0.43020239072604843,1,False,,,,
1766468382.2699,0.46920502305723655,0.21699892321238523,0.43020239072604843,1,False,,,,
1766468382.2732959,0.4057555470010967,0.2003479772635619,0.36326577767725515,1,False,,,,
1766468382.2767448,0.4285503369195987,0.18481550839670602,0.2459526920168556,0,False,,,,
1766468382.425212,0.4274172024231536,0.18290926083330716,0.22373049161695735,0,False,,,,
1766468382.431586,0.4274172024231536,0.18290926083330716,0.22373049161695735,0,False,,,,
1766468382.4374661,0.4385347295124954,0.18180491756557937,0.1855072208785439,0,False,,,,
1766468382.4410062,0.4248274061478199,0.18424932108795722,0.23553006231300186,0,False,,,,
1766468382.444299,0.4288873059464809,0.18335320434326285,0.20237822078621212,0,False,,,,
1766468382.876817,0.42474659542039445,0.17707105273844892,0.2096163681287694,0,False,,,,
1766468382.883788,0.42474659542039445,0.17707105273844892,0.2096163681287694,0,False,,,,
1766468382.888523,0.42474659542039445,0.17707105273844892,0.2096163681287694,0,False,,,,
1766468382.8913898,0.42472146326464155,0.17707124243472794,0.2231009461996965,0,False,,,,
1766468382.8942761,0.4023469308941614,0.17649038498324154,0.21931111378006396,0,False,,,,
1766468383.089159,0.4023469308941614,0.17649038498324154,0.21931111378006396,0,False,,,,
1766468383.094443,0.5276068610478115,0.36684003518513497,0.99,0,False,,,,
1766468383.097632,0.5276068610478115,0.36684003518513497,0.99,0,False,,,,
1766468383.1016169,0.5276068610478115,0.36684003518513497,0.99,0,False,,,,
1766468383.106264,0.5176008427060319,0.3622932002276482,0.8434978723526001,0,False,,,,
1766468383.265527,-0.009634232755309835,0.5700335359169807,0.9154141060794647,0,False,,,,
1766468383.270581,-0.009634232755309835,0.5700335359169807,0.9154141060794647,0,False,,,,
1766468383.274791,-0.009634232755309835,0.5700335359169807,0.9154141060794647,0,False,,,,
1766468383.27849,0.2917588572362871,0.3133048138233725,0.3148761548581292,0,False,,,,
1766468383.2811918,0.33487990355737346,0.289894714768399,0.2991335768318368,0,False,,,,
1766468383.469478,0.33487990355737346,0.289894714768399,0.2991335768318368,0,False,,,,
1766468383.4745579,0.33487990355737346,0.289894714768399,0.2991335768318368,0,False,,,,
1766468383.477237,0.33487990355737346,0.289894714768399,0.2991335768318368,0,False,,,,
1766468383.480701,0.5169530927629757,0.3570777444461919,0.8797985911369324,0,False,,,,
1766468383.483775,0.3170397845630328,0.27998649324020497,0.2969343633232197,0,False,,,,
1766468383.744406,0.3170397845630328,0.27998649324020497,0.2969343633232197,0,False,,,,
1766468383.750866,0.2998965731713243,0.3841153258976362,0.3384247681043669,0,False,,,,
1766468383.754335,0.2998965731713243,0.3841153258976362,0.3384247681043669,0,False,,,,
1766468383.759236,0.2998965731713243,0.3841153258976362,0.3384247681043669,0,False,,,,
1766468383.763644,0.28761279439666476,0.3104338130744164,0.3399236429051769,0,False,,,,
1766468383.92334,0.28761279439666476,0.3104338130744164,0.3399236429051769,0,False,,,,
1766468383.9283772,0.28761279439666476,0.3104338130744164,0.3399236429051769,0,False,,,,
1766468383.931956,0.2804528415573383,0.32290722813350126,0.3408314973310042,0,False,,,,
1766468383.9348428,0.2804528415573383,0.32290722813350126,0.3408314973310042,0,False,,,,
1766468383.93912,0.2777981453811637,0.3845831494652947,0.3533712362904727,0,False,,,,
1766468384.144553,0.2777981453811637,0.3845831494652947,0.3533712362904727,0,False,,,,
1766468384.149212,0.2777981453811637,0.3845831494652947,0.3533712362904727,0,False,,,,
1766468384.152816,0.3240480638639589,0.3160923598512436,0.26918729452213935,0,False,,,,
1766468384.15576,0.3240480638639589,0.3160923598512436,0.26918729452213935,0,False,,,,
1766468384.1605089,0.5174015662934088,0.3316783116599379,0.99,0,False,,,,
1766468384.317446,0.5174015662934088,0.3316783116599379,0.99,0,False,,,,
1766468384.321598,0.5174015662934088,0.3316783116599379,0.99,0,False,,,,
1766468384.3263428,0.5174015662934088,0.3316783116599379,0.99,0,False,,,,
1766468384.329232,0.5174015662934088,0.3316783116599379,0.99,0,False,,,,
1766468384.331875,0.29095747164336566,0.38447633315227336,0.35109841526196617,0,False,,,,
1766468384.521603,0.2907200848857838,0.38553159719479924,0.34352640585165856,0,False,,,,
1766468384.527505,0.2907200848857838,0.38553159719479924,0.34352640585165856,0,False,,,,
1766468384.531876,0.2907200848857838,0.38553159719479924,0.34352640585165856,0,False,,,,
1766468384.534855,0.28193146867695434,0.38262618393118375,0.35634556502759307,0,False,,,,
1766468384.5387352,0.5674457045437704,0.36937681735612893,0.9319543838500977,0,False,,,,
1766468384.7330759,0.5674457045437704,0.36937681735612893,0.9319543838500977,0,False,,,,
1766468384.7395651,0.2683711361003909,0.3882792697974796,0.326215704312302,0,False,,,,
1766468384.744582,0.2683711361003909,0.3882792697974796,0.326215704312302,0,False,,,,
1766468384.749111,0.2683711361003909,0.3882792697974796,0.326215704312302,0,False,,,,
1766468384.75194,0.5596261020328617,0.360278138025954,0.9325243830680847,0,False,,,,
1766468384.947152,0.5596261020328617,0.360278138025954,0.9325243830680847,0,False,,,,
1766468384.9526432,0.5596261020328617,0.360278138025954,0.9325243830680847,0,False,,,,
1766468384.95553,0.5570497687734453,0.3576801436810897,0.8852499127388,0,False,,,,
1766468384.958296,0.5570497687734453,0.3576801436810897,0.8852499127388,0,False,,,,
1766468384.963191,0.4874169862766228,0.0036311371242487844,0.8933117932967489,0,False,,,,
1766468385.162721,0.4874169862766228,0.0036311371242487844,0.8933117932967489,0,False,,,,
1766468385.168858,0.4874169862766228,0.0036311371242487844,0.8933117932967489,0,False,,,,
1766468385.171686,0.28675988296818805,0.4413529239332111,0.3622717848299645,0,False,,,,
1766468385.174419,0.28675988296818805,0.4413529239332111,0.3622717848299645,0,False,,,,
1766468385.179476,0.5238528147790451,0.09775245094005602,0.9298209846019745,0,False,,,,
1766468385.370087,0.5789667514116219,0.1044009083690417,0.9173692762851715,0,False,,,,
1766468385.3770921,0.5787066949176046,0.10296532054866869,0.9173692762851715,0,False,,,,
1766468385.3824482,0.5787066949176046,0.10296532054866869,0.9173692762851715,0,False,,,,
1766468385.385111,0.5787066949176046,0.10296532054866869,0.9173692762851715,0,False,,,,
1766468385.387537,0.5461679804347035,0.061569323274513366,0.9162395298480988,0,False,,,,
1766468385.618523,0.5461679804347035,0.061569323274513366,0.9162395298480988,0,False,,,,
1766468385.624457,0.5463803309888852,0.060602798184314244,0.9445605874061584,0,False,,,,
1766468385.6278322,0.5463803309888852,0.060602798184314244,0.9445605874061584,0,False,,,,
1766468385.632538,0.5463803309888852,0.060602798184314244,0.9445605874061584,0,False,,,,
1766468385.6356921,0.4967773471748401,0.1889164645159075,1.0,0,False,,,,
1766468385.8316338,0.4967773471748401,0.1889164645159075,1.0,0,False,,,,
1766468385.836997,0.4967773471748401,0.1889164645159075,1.0,0,False,,,,
1766468385.840905,0.4967773471748401,0.1889164645159075,1.0,0,False,,,,
1766468385.843474,0.44485492277638183,0.23897780535424407,0.35757087759168277,0,False,,,,
1766468385.8458161,0.4415173330989319,0.23859028182750164,0.34334362606985747,0,False,,,,
1766468386.010753,0.4751057066493187,0.2037828114150435,0.14631675777347666,0,False,,,,
1766468386.0170581,0.4751057066493187,0.2037828114150435,0.14631675777347666,0,False,,,,
1766468386.022789,0.4751057066493187,0.2037828114150435,0.14631675777347666,0,False,,,,
1766468386.026175,0.4415534880617941,0.23920297067871954,0.34329879821826353,0,False,,,,
1766468386.0289679,0.4661373268063101,0.16770957175904022,1.0,0,False,,,,
1766468386.236137,0.4661373268063101,0.16770957175904022,1.0,0,False,,,,
1766468386.242243,0.47208002894752676,0.17105998158473135,1.0,0,False,,,,
1766468386.2450292,0.47208002894752676,0.17105998158473135,1.0,0,False,,,,
1766468386.247683,0.47208002894752676,0.17105998158473135,1.0,0,False,,,,
1766468386.251395,-0.03736079824161163,0.9348966535012093,0.9604252309704719,0,False,,,,
1766468386.410058,0.47340325670913075,0.24968360149405688,0.2856773622208577,0,False,,,,
1766468386.416332,0.47340325670913075,0.24968360149405688,0.2856773622208577,0,False,,,,
1766468386.42271,0.47340325670913075,0.24968360149405688,0.2856773622208577,0,False,,,,
1766468386.425465,0.47170817364396306,0.25843686213027794,0.26847228403874657,0,False,,,,
1766468386.428669,0.48376320260225086,0.2379773715150113,0.3627115364079622,0,False,,,,
1766468386.630498,0.516302070955069,0.24196113788622808,1.0,0,False,,,,
1766468386.638554,0.516302070955069,0.24196113788622808,1.0,0,False,,,,
1766468386.6432881,0.516302070955069,0.24196113788622808,1.0,0,False,,,,
1766468386.6461692,0.5200627465347838,0.24413334562665256,1.0,0,False,,,,
1766468386.649399,-0.13371790044037118,0.8152692841801809,0.8545231819152832,0,False,,,,
1766468386.8397791,-0.13371790044037118,0.8152692841801809,0.8545231819152832,0,False,,,,
1766468386.84377,-0.13371790044037118,0.8152692841801809,0.8545231819152832,0,False,,,,
1766468386.846766,0.48452157163469095,0.23569110935737758,0.2570262946982015,0,False,,,,
1766468386.849199,0.48452157163469095,0.23569110935737758,0.2570262946982015,0,False,,,,
1766468386.852818,0.4436515996321003,0.2228955143944089,0.18624818786521466,0,False,,,,
1766468388.066298,0.4436515996321003,0.2228955143944089,0.18624818786521466,0,False,,,,
1766468388.074548,0.443452827108204,0.22525337646133137,0.19682505365165448,0,False,,,,
1766468388.0793889,0.443452827108204,0.22525337646133137,0.19682505365165448,0,False,,,,
1766468388.08254,0.443452827108204,0.22525337646133137,0.19682505365165448,0,False,,,,
1766468388.085195,0.4986769428188678,0.20809573245657131,0.39003367495690605,1,False,,,,
1766468388.360269,0.4986769428188678,0.20809573245657131,0.39003367495690605,1,False,,,,
1766468388.367477,0.4986769428188678,0.20809573245657131,0.39003367495690605,1,False,,,,
1766468388.37124,0.5035425840960708,0.20863113422211732,0.40513119045186435,1,False,,,,
1766468388.37654,0.5035425840960708,0.20863113422211732,0.40513119045186435,1,False,,,,
1766468388.3818822,0.3879141585441557,0.15939280134627987,0.8990949988365173,1,False,,,,
1766468388.6640499,0.3879141585441557,0.15939280134627987,0.8990949988365173,1,False,,,,
1766468388.669305,0.3879141585441557,0.15939280134627987,0.8990949988365173,1,False,,,,
1766468388.672263,0.3879141585441557,0.15939280134627987,0.8990949988365173,1,False,,,,
1766468388.67581,0.438313605439726,0.215413236700017,0.18227309776403283,1,False,,,,
1766468388.6785548,0.4080172380100159,0.2048016422589023,0.2465848745460176,1,False,,,,
1766468389.0021288,0.4080172380100159,0.2048016422589023,0.2465848745460176,1,False,,,,
1766468389.008542,0.4284653076172834,0.20874366616222406,0.22033468892432598,1,False,,,,
1766468389.012836,0.4284653076172834,0.20874366616222406,0.22033468892432598,1,False,,,,
1766468389.0182989,0.4284653076172834,0.20874366616222406,0.22033468892432598,1,False,,,,
1766468389.0212102,0.447030601230356,0.18978031981915444,0.7690060138702393,1,False,,,,
1766468389.3218482,0.447030601230356,0.18978031981915444,0.7690060138702393,1,False,,,,
1766468389.327858,0.41140645232988904,0.22415507042247262,0.2091293519824071,1,False,,,,
1766468389.331434,0.41140645232988904,0.22415507042247262,0.2091293519824071,1,False,,,,
1766468389.337887,0.41140645232988904,0.22415507042247262,0.2091293519824071,1,False,,,,
1766468389.3411999,0.4274221359967629,0.2328081307962202,0.17143834773712607,1,False,,,,
1766468389.558323,0.4274221359967629,0.2328081307962202,0.17143834773712607,1,False,,,,
1766468389.563796,0.43111811273451994,0.2256951779548595,0.2138466587508089,1,False,,,,
1766468389.5667698,0.43111811273451994,0.2256951779548595,0.2138466587508089,1,False,,,,
1766468389.5722408,0.43111811273451994,0.2256951779548595,0.2138466587508089,1,False,,,,
1766468389.575551,0.44450965641513795,0.22788531359353548,0.18784008102848754,1,False,,,,
1766468389.890408,0.44450965641513795,0.22788531359353548,0.18784008102848754,1,False,,,,
1766468389.895701,0.4479263569226249,0.22720307523956407,0.18128668523091565,1,False,,,,
1766468389.900834,0.4479263569226249,0.22720307523956407,0.18128668523091565,1,False,,,,
1766468389.907327,0.4479263569226249,0.22720307523956407,0.18128668523091565,1,False,,,,
1766468389.910073,0.45460314616901953,0.19601417314172165,1.0,1,False,,,,
1766468390.1258419,0.45460314616901953,0.19601417314172165,1.0,1,False,,,,
1766468390.131119,0.449604986042102,0.19400882378356332,0.9641671180725098,1,False,,,,
1766468390.1349928,0.449604986042102,0.19400882378356332,0.9641671180725098,1,False,,,,
1766468390.139223,0.449604986042102,0.19400882378356332,0.9641671180725098,1,False,,,,
1766468390.1440718,0.1933782677067685,0.506793782027238,0.35871173567897807,1,False,,,,
1766468390.464567,0.1933782677067685,0.506793782027238,0.35871173567897807,1,False,,,,
1766468390.4701571,0.22177147499840189,0.44057529762868075,0.278442327914382,1,False,,,,
1766468390.4750788,0.22177147499840189,0.44057529762868075,0.278442327914382,1,False,,,,
1766468390.47822,0.22177147499840189,0.44057529762868075,0.278442327914382,1,False,,,,
1766468390.482655,0.16323826256963025,0.20642493418241326,0.8562410533067695,1,False,,,,
1766468390.855619,0.16323826256963025,0.20642493418241326,0.8562410533067695,1,False,,,,
1766468390.860874,0.16323826256963025,0.20642493418241326,0.8562410533067695,1,False,,,,
1766468390.8635972,0.16323826256963025,0.20642493418241326,0.8562410533067695,1,False,,,,
1766468390.8669288,0.46466993483544916,0.24418526005118724,0.21411420146193139,1,False,,,,
1766468390.870807,0.2763228768684778,0.2508439941835974,0.21350906464365088,1,False,,,,
1766468391.1652648,0.2763228768684778,0.2508439941835974,0.21350906464365088,1,False,,,,
1766468391.171678,0.5348316095290041,0.23213355890313125,1.0,1,False,,,,
1766468391.175446,0.5348316095290041,0.23213355890313125,1.0,1,False,,,,
1766468391.181521,0.5348316095290041,0.23213355890313125,1.0,1,False,,,,
1766468391.1848,0.33446307888631893,0.24645724374872435,0.14020497413491503,1,False,,,,
1766468391.456595,0.5403796728610445,0.23606380895410917,1.0,1,False,,,,
1766468391.462553,0.5403796728610445,0.23606380895410917,1.0,1,False,,,,
1766468391.46853,0.5403796728610445,0.23606380895410917,1.0,1,False,,,,
1766468391.471624,0.5349522984353243,0.23063960311490972,1.0,1,False,,,,
1766468391.474308,0.5377121033779163,0.23329650677648117,1.0,1,False,,,,
1766468391.883316,0.5377121033779163,0.23329650677648117,1.0,1,False,,,,
1766468391.888866,0.5377121033779163,0.23329650677648117,1.0,1,False,,,,
1766468391.89242,0.5384721503189336,0.23401542247052465,1.0,1,False,,,,
1766468391.895805,0.5384721503189336,0.23401542247052465,1.0,1,False,,,,
1766468391.900733,0.2888784648990136,0.2748605320910438,0.26293596208032616,1,False,,,,
1766468392.558681,0.29176287875146223,0.27052503298859354,0.288101053822336,1,False,,,,
1766468392.565274,0.29176287875146223,0.27052503298859354,0.288101053822336,1,False,,,,
1766468392.570848,0.29176287875146223,0.27052503298859354,0.288101053822336,1,False,,,,
1766468392.575417,0.29176287875146223,0.27052503298859354,0.288101053822336,1,False,,,,
1766468392.5786529,0.28774721473501563,0.25265058224193704,0.2811837769422677,1,False,,,,
1766468392.888622,0.28774721473501563,0.25265058224193704,0.2811837769422677,1,False,,,,
1766468392.894492,0.2931928637342415,0.2452604487817609,0.28835984013897253,1,False,,,,
1766468392.897541,0.2931928637342415,0.2452604487817609,0.28835984013897253,1,False,,,,
1766468392.902699,0.2931928637342415,0.2452604487817609,0.28835984013897253,1,False,,,,
1766468392.905641,0.28143308955122726,0.24582973855454582,0.3572848124460276,1,False,,,,
1766468393.135686,0.28143308955122726,0.24582973855454582,0.3572848124460276,1,False,,,,
1766468393.14116,0.28143308955122726,0.24582973855454582,0.3572848124460276,1,False,,,,
1766468393.143886,0.28143308955122726,0.24582973855454582,0.3572848124460276,1,False,,,,
1766468393.147039,0.2755899481738104,0.25332711120585216,0.38700058883042926,1,False,,,,
1766468393.1509209,0.3966393207546928,0.2201123731805391,0.15647682132817484,1,False,,,,
1766468393.405571,0.3966393207546928,0.2201123731805391,0.15647682132817484,1,False,,,,
1766468393.412739,0.3966393207546928,0.2201123731805391,0.15647682132817484,1,False,,,,
1766468393.415796,0.49148007399930355,0.23801384712448992,0.12076007953236356,1,False,,,,
1766468393.4189088,0.49148007399930355,0.23801384712448992,0.12076007953236356,1,False,,,,
1766468393.425308,0.5498937862606124,0.30417826265265224,0.31779599891596394,0,False,,,,
1766468393.5932071,0.5498937862606124,0.30417826265265224,0.31779599891596394,0,False,,,,
1766468393.6095848,0.5427525717744828,0.2874421977200632,0.3217930325516514,0,False,,,,
1766468393.615755,0.5573824675587881,0.310919804348491,0.31551156356691823,0,False,,,,
1766468393.6192892,0.5573824675587881,0.310919804348491,0.31551156356691823,0,False,,,,
1766468393.6256168,0.5442933330792954,0.2992669949131046,0.3445749567473702,0,False,,,,
1766468393.813601,0.5442933330792954,0.2992669949131046,0.3445749567473702,0,False,,,,
1766468393.8216698,0.5419845993084215,0.2935818154007874,0.3761649990811323,0,False,,,,
1766468393.826112,0.5419845993084215,0.2935818154007874,0.3761649990811323,0,False,,,,
1766468393.830842,0.5419845993084215,0.2935818154007874,0.3761649990811323,0,False,,,,
1766468393.834286,0.562562691673226,0.3083324300572654,0.3687196679068896,0,False,,,,
1766468393.991633,0.562562691673226,0.3083324300572654,0.3687196679068896,0,False,,,,
1766468393.998784,0.562562691673226,0.3083324300572654,0.3687196679068896,0,False,,,,
1766468394.001739,0.367404989250468,0.18332098482137626,0.4567382513239412,0,False,,,,
1766468394.005193,0.5447836410937317,0.2882904902491449,0.36716661267480505,0,False,,,,
1766468394.008252,0.0966928063370831,0.4418024603682116,0.8780229938030243,0,False,,,,
1766468394.1683688,0.3161947447802019,0.22301526392737037,0.44229217301524304,0,False,,,,
1766468394.1744058,0.3161947447802019,0.22301526392737037,0.44229217301524304,0,False,,,,
1766468394.179123,0.3161947447802019,0.22301526392737037,0.44229217301524304,0,False,,,,
1766468394.181942,0.3161947447802019,0.22301526392737037,0.44229217301524304,0,False,,,,
1766468394.186211,0.3221353988945152,0.2211142284079466,0.43455878038445167,0,False,,,,
1766468394.366176,0.3221353988945152,0.2211142284079466,0.43455878038445167,0,False,,,,
1766468394.372203,0.364645366703931,0.18817010483156194,0.4864093371131371,0,False,,,,
1766468394.375179,0.364645366703931,0.18817010483156194,0.4864093371131371,0,False,,,,
1766468394.379693,0.364645366703931,0.18817010483156194,0.4864093371131371,0,False,,,,
1766468394.382715,0.3742239121919507,0.2549695893804933,0.7092739939689636,1,False,,,,
1766468394.6705642,0.4191034969013364,0.2061939132188637,0.2503191792791282,1,False,,,,
1766468394.6768,0.4191034969013364,0.2061939132188637,0.2503191792791282,1,False,,,,
1766468394.6820018,0.4191034969013364,0.2061939132188637,0.2503191792791282,1,False,,,,
1766468394.684919,0.37810186017511016,0.20808106443015606,0.23616903352819602,1,False,,,,
1766468394.687925,0.4203847587615262,0.2019190612605165,0.21319761940953966,0,False,,,,
1766468394.8583272,0.4203847587615262,0.2019190612605165,0.21319761940953966,0,False,,,,
1766468394.863141,0.4203847587615262,0.2019190612605165,0.21319761940953966,0,False,,,,
1766468394.868504,0.4203847587615262,0.2019190612605165,0.21319761940953966,0,False,,,,
1766468394.8716319,0.3156381022749787,0.20886764873612007,0.2955907107058134,0,False,,,,
1766468394.874471,0.36834078610131693,0.20371524047661393,0.20988155233783687,0,False,,,,
1766468395.034809,0.36834078610131693,0.20371524047661393,0.20988155233783687,0,False,,,,
1766468395.041599,0.35788331689456954,0.2043271460517958,0.19054685290804127,0,False,,,,
1766468395.0451741,0.35788331689456954,0.2043271460517958,0.19054685290804127,0,False,,,,
1766468395.05069,0.35788331689456954,0.2043271460517958,0.19054685290804127,0,False,,,,
1766468395.053602,0.29484785674752556,0.2003966456390367,0.7192063331604004,0,False,,,,
1766468395.226864,0.29484785674752556,0.2003966456390367,0.7192063331604004,0,False,,,,
1766468395.23394,0.29484785674752556,0.2003966456390367,0.7192063331604004,0,False,,,,
1766468395.236594,0.29484785674752556,0.2003966456390367,0.7192063331604004,0,False,,,,
1766468395.240567,0.29484785674752556,0.2003966456390367,0.7192063331604004,0,False,,,,
1766468395.243096,0.3572282723039735,0.21110500662589327,0.1991928521106352,0,False,,,,
1766468395.405751,0.291781738360105,0.2757095962412106,0.2175900904603475,0,False,,,,
1766468395.4121978,0.291781738360105,0.2757095962412106,0.2175900904603475,0,False,,,,
1766468395.418401,0.291781738360105,0.2757095962412106,0.2175900904603475,0,False,,,,
1766468395.421342,0.291781738360105,0.2757095962412106,0.2175900904603475,0,False,,,,
1766468395.4240682,0.2882302064585277,0.2752789316901483,0.2559298737961538,0,False,,,,
1766468395.590552,0.2882302064585277,0.2752789316901483,0.2559298737961538,0,False,,,,
1766468395.5960162,0.4477765000240068,0.2052327833518086,0.7443254590034485,0,False,,,,
1766468395.5995798,0.4477765000240068,0.2052327833518086,0.7443254590034485,0,False,,,,
1766468395.605291,0.4477765000240068,0.2052327833518086,0.7443254590034485,0,False,,,,
1766468395.608333,0.3159511371416329,0.26353003859760415,0.33765834465244016,0,False,,,,
1766468395.767117,0.3159511371416329,0.26353003859760415,0.33765834465244016,0,False,,,,
1766468395.7735832,0.3159511371416329,0.26353003859760415,0.33765834465244016,0,False,,,,
1766468395.776255,0.3159511371416329,0.26353003859760415,0.33765834465244016,0,False,,,,
1766468395.780072,0.3150133182045355,0.25801562979668047,0.3987416727710937,0,False,,,,
1766468395.783784,0.4491567849914812,0.2006956254537836,1.0,0,False,,,,
1766468395.99832,0.17983285288586986,0.26940520440414595,0.930965135546894,0,False,,,,
1766468396.005619,0.17983285288586986,0.26940520440414595,0.930965135546894,0,False,,,,
1766468396.00836,0.17983285288586986,0.26940520440414595,0.930965135546894,0,False,,,,
1766468396.0115478,0.4393382042773576,0.19440011237621102,1.0,0,False,,,,
1766468396.014333,0.33508990367819996,0.2678964699481823,0.42235271051222417,0,False,,,,
1766468396.1779451,0.3351416706222353,0.2679612422608415,0.3661124203408891,0,False,,,,
1766468396.184745,0.3351416706222353,0.2679612422608415,0.3661124203408891,0,False,,,,
1766468396.1891441,0.3351416706222353,0.2679612422608415,0.3661124203408891,0,False,,,,
1766468396.191616,0.3351416706222353,0.2679612422608415,0.3661124203408891,0,False,,,,
1766468396.194169,0.3452052143202121,0.22829588786303734,0.5307361964803216,0,False,,,,
1766468396.411444,0.3452052143202121,0.22829588786303734,0.5307361964803216,0,False,,,,
1766468396.418825,0.41680088656442293,0.23567436267515085,0.34746943597212787,0,False,,,,
1766468396.423599,0.41680088656442293,0.23567436267515085,0.34746943597212787,0,False,,,,
1766468396.426976,0.41680088656442293,0.23567436267515085,0.34746943597212787,0,False,,,,
1766468396.4299798,0.41221279489152807,0.12733854491990793,0.9901398420333862,0,False,,,,
1766468396.6488562,0.4206918803622718,0.10036849856947283,1.0,0,False,,,,
1766468396.655696,0.4206918803622718,0.10036849856947283,1.0,0,False,,,,
1766468396.660347,0.4206918803622718,0.10036849856947283,1.0,0,False,,,,
1766468396.6633651,0.4206918803622718,0.10036849856947283,1.0,0,False,,,,
1766468396.667273,0.45614189899492324,0.1278601628117112,0.8511256277561188,1,False,,,,
1766468396.969682,0.45614189899492324,0.1278601628117112,0.8511256277561188,1,False,,,,
1766468396.977921,0.45614189899492324,0.1278601628117112,0.8511256277561188,1,False,,,,
1766468396.98086,0.45614189899492324,0.1278601628117112,0.8511256277561188,1,False,,,,
1766468396.984003,0.44142289491468,0.19857001027501853,0.37435546823848415,1,False,,,,
1766468396.986583,0.5134493625367803,0.21748091171313644,1.0,1,False,,,,
1766468397.250942,0.44364298841294125,0.20335676701391714,0.24035430383885384,1,False,,,,
1766468397.25761,0.44364298841294125,0.20335676701391714,0.24035430383885384,1,False,,,,
1766468397.2635038,0.44364298841294125,0.20335676701391714,0.24035430383885384,1,False,,,,
1766468397.267067,0.4432235330108926,0.20048077606077896,0.2459301693525646,1,False,,,,
1766468397.2702248,0.5247449020402154,0.21651882666136724,1.0,1,False,,,,
1766468397.563802,0.5247449020402154,0.21651882666136724,1.0,1,False,,,,
1766468397.5687292,0.43439976272710645,0.20480130693320664,0.2429504417137216,1,False,,,,
1766468397.571897,0.5228359822772581,0.21527953037192682,1.0,1,False,,,,
1766468397.574764,0.5228359822772581,0.21527953037192682,1.0,1,False,,,,
1766468397.5796638,0.40825160417865447,0.1699304471289098,0.8547917604446411,1,False,,,,
1766468397.89978,0.40825160417865447,0.1699304471289098,0.8547917604446411,1,False,,,,
1766468397.905257,0.4087983025907115,0.16945986028330728,0.8732706606388092,1,False,,,,
1766468397.908559,0.41033206696638985,0.167673212777518,0.8753422796726227,1,False,,,,
1766468397.9125278,0.41033206696638985,0.167673212777518,0.8753422796726227,1,False,,,,
1766468397.917938,0.439442623928792,0.18799197889654973,0.3129716922263295,1,False,,,,
1766468398.218552,0.439442623928792,0.18799197889654973,0.3129716922263295,1,False,,,,
1766468398.2246358,0.43947645845969835,0.18810054915758823,0.30831513715453784,1,False,,,,
1766468398.227814,0.43947645845969835,0.18810054915758823,0.30831513715453784,1,False,,,,
1766468398.232571,0.43947645845969835,0.18810054915758823,0.30831513715453784,1,False,,,,
1766468398.2350788,0.4036614755823857,0.16443341798295985,0.8646834492683411,1,False,,,,
1766468398.5286279,0.4431460367536529,0.19517802799065387,0.34957767735661877,1,False,,,,
1766468398.5358899,0.4431460367536529,0.19517802799065387,0.34957767735661877,1,False,,,,
1766468398.540724,0.5811114897546272,0.2612305275559832,1.0,1,False,,,,
1766468398.543825,0.562728221459836,0.24625025753350283,1.0,1,False,,,,
1766468398.546537,0.5333302724310233,0.22467264625211048,1.0,1,False,,,,
1766468398.828929,0.5444239919138811,0.23185748810713014,1.0,1,False,,,,
1766468398.8353221,0.5444239919138811,0.23185748810713014,1.0,1,False,,,,
1766468398.840385,0.5444239919138811,0.23185748810713014,1.0,1,False,,,,
1766468398.843719,0.4094974640092812,0.15855210211404513,0.8500687700276648,1,False,,,,
1766468398.846578,0.4364925704593772,0.19458443412847104,0.39379924369990144,1,False,,,,
1766468399.0786932,0.43664522433966313,0.19617867280419243,0.39534895495793027,1,False,,,,
1766468399.085311,0.43664522433966313,0.19617867280419243,0.39534895495793027,1,False,,,,
1766468399.090375,0.43664522433966313,0.19617867280419243,0.39534895495793027,1,False,,,,
1766468399.093745,0.43660774908501016,0.19627392917178654,0.3801768875666039,1,False,,,,
1766468399.097158,0.53810047002899,0.22994540642691885,1.0,1,False,,,,
1766468399.393226,0.539372915236061,0.23039828845908483,1.0,1,False,,,,
1766468399.398751,0.5401053106968586,0.2305583086525511,1.0,1,False,,,,
1766468399.403852,0.5401053106968586,0.2305583086525511,1.0,1,False,,,,
1766468399.407189,0.5401053106968586,0.2305583086525511,1.0,1,False,,,,
1766468399.409774,0.3784271710964321,0.17361568446189768,0.2709819247298334,1,False,,,,
1766468399.640633,0.3784271710964321,0.17361568446189768,0.2709819247298334,1,False,,,,
1766468399.645731,0.45267381113207517,0.19038151164578476,0.29573833003340994,1,False,,,,
1766468399.6506891,0.45267381113207517,0.19038151164578476,0.29573833003340994,1,False,,,,
1766468399.655864,0.45267381113207517,0.19038151164578476,0.29573833003340994,1,False,,,,
1766468399.659302,0.551896417689326,0.23974622416569502,1.0,1,False,,,,
1766468399.929311,0.3810089037646229,0.2272369824702951,0.8567150235176086,1,False,,,,
1766468399.93554,0.4507748128893484,0.18924210317410073,0.32350221064605006,1,False,,,,
1766468399.9417999,0.4507748128893484,0.18924210317410073,0.32350221064605006,1,False,,,,
1766468399.944761,0.4507748128893484,0.18924210317410073,0.32350221064605006,1,False,,,,
1766468399.947276,0.4460276622020971,0.1889251625429359,0.324093480127467,1,False,,,,
1766468400.1570659,0.4460276622020971,0.1889251625429359,0.324093480127467,1,False,,,,
1766468400.1618161,0.4460276622020971,0.1889251625429359,0.324093480127467,1,False,,,,
1766468400.164882,0.5496190432392775,0.23811312463439338,1.0,1,False,,,,
1766468400.1679301,0.43909246664013607,0.18798805615970549,0.3135370594483813,1,False,,,,
1766468400.1737971,0.4295151270678824,0.1980018822812104,0.29594374966739806,1,False,,,,
1766468400.4622169,0.4295151270678824,0.1980018822812104,0.29594374966739806,1,False,,,,
1766468400.468735,0.4331669718682914,0.20030238253099786,0.33961055693804476,1,False,,,,
1766468400.471594,0.4331669718682914,0.20030238253099786,0.33961055693804476,1,False,,,,
1766468400.4768698,0.4331669718682914,0.20030238253099786,0.33961055693804476,1,False,,,,
1766468400.4801111,0.5099158636950715,0.20596106799559988,0.7345832586288452,1,False,,,,
1766468400.8905861,0.5099158636950715,0.20596106799559988,0.7345832586288452,1,False,,,,
1766468400.895547,0.5099158636950715,0.20596106799559988,0.7345832586288452,1,False,,,,
1766468400.8990211,0.5099158636950715,0.20596106799559988,0.7345832586288452,1,False,,,,
1766468400.902175,0.5133842828747082,0.20860951768396274,0.7315148115158081,1,False,,,,
1766468400.9052842,0.5397174417275428,0.23036850087483596,0.8919075727462769,1,False,,,,
1766468401.143723,0.5397174417275428,0.23036850087483596,0.8919075727462769,1,False,,,,
1766468401.148979,0.5397174417275428,0.23036850087483596,0.8919075727462769,1,False,,,,
1766468401.1517298,0.5397174417275428,0.23036850087483596,0.8919075727462769,1,False,,,,
1766468401.154161,0.5281784047611582,0.2250589485401513,0.9514281749725342,1,False,,,,
1766468401.1567209,0.4536468511944135,0.19903041588118653,0.21712381614227286,1,False,,,,
1766468401.449429,0.4536468511944135,0.19903041588118653,0.21712381614227286,1,False,,,,
1766468401.457909,0.46731837632681267,0.20095321580819725,0.23500050510881837,1,False,,,,
1766468401.461888,0.46731837632681267,0.20095321580819725,0.23500050510881837,1,False,,,,
1766468401.465117,0.46731837632681267,0.20095321580819725,0.23500050510881837,1,False,,,,
1766468401.47157,0.5952770428766232,0.4165247126706588,0.37392402890209603,0,False,,,,
1766468402.456026,0.5952770428766232,0.4165247126706588,0.37392402890209603,0,False,,,,
1766468402.4640992,0.581978369107252,0.39586263638581176,0.5858085796037816,0,False,,,,
1766468402.4682739,0.581978369107252,0.39586263638581176,0.5858085796037816,0,False,,,,
1766468402.473261,0.581978369107252,0.39586263638581176,0.5858085796037816,0,False,,,,
1766468402.475948,0.6076177942985053,0.44827079222574684,0.3864178826314495,0,False,,,,
1766468402.6336188,0.6076177942985053,0.44827079222574684,0.3864178826314495,0,False,,,,
1766468402.638006,0.6076177942985053,0.44827079222574684,0.3864178826314495,0,False,,,,
1766468402.6407611,0.6076177942985053,0.44827079222574684,0.3864178826314495,0,False,,,,
1766468402.643326,0.6076177942985053,0.44827079222574684,0.3864178826314495,0,False,,,,
1766468402.646579,0.6007878149061188,0.4959478396818259,0.7313795685768127,0,False,,,,
1766468402.8367841,0.6007878149061188,0.4959478396818259,0.7313795685768127,0,False,,,,
1766468402.841865,0.6007878149061188,0.4959478396818259,0.7313795685768127,0,False,,,,
1766468402.844779,0.6007878149061188,0.4959478396818259,0.7313795685768127,0,False,,,,
1766468402.848064,0.6009524417949895,0.4948640146984662,0.7524129748344421,0,False,,,,
1766468402.85244,0.5418190893578829,0.4528616606111304,0.2660244764851232,0,False,,,,
1766468403.046491,0.5418190893578829,0.4528616606111304,0.2660244764851232,0,False,,,,
1766468403.052004,0.3984117807912969,0.19718648995961963,0.765190936011787,0,False,,,,
1766468403.0550919,0.3984117807912969,0.19718648995961963,0.765190936011787,0,False,,,,
1766468403.0605462,0.3984117807912969,0.19718648995961963,0.765190936011787,0,False,,,,
1766468403.063472,0.5992748350596058,0.4911821379815545,0.31020512512001985,0,False,,,,
1766468403.219509,0.5992748350596058,0.4911821379815545,0.31020512512001985,0,False,,,,
1766468403.2261918,0.5992748350596058,0.4911821379815545,0.31020512512001985,0,False,,,,
1766468403.2288609,0.5992748350596058,0.4911821379815545,0.31020512512001985,0,False,,,,
1766468403.2316191,0.5992748350596058,0.4911821379815545,0.31020512512001985,0,False,,,,
1766468403.2342641,0.457208716952964,0.20382579300567683,0.38750281959092503,0,False,,,,
1766468403.4138281,0.457208716952964,0.20382579300567683,0.38750281959092503,0,False,,,,
1766468403.42004,0.4535524113606776,0.20756537258776142,0.37256919176020975,0,False,,,,
1766468403.424785,0.4535524113606776,0.20756537258776142,0.37256919176020975,0,False,,,,
1766468403.429952,0.4535524113606776,0.20756537258776142,0.37256919176020975,0,False,,,,
1766468403.432906,0.6266056720430558,0.4430415950533617,0.3254327442791099,0,False,,,,
1766468403.640269,0.6266056720430558,0.4430415950533617,0.3254327442791099,0,False,,,,
1766468403.6450078,0.6266056720430558,0.4430415950533617,0.3254327442791099,0,False,,,,
1766468403.647815,0.6266056720430558,0.4430415950533617,0.3254327442791099,0,False,,,,
1766468403.651222,0.45733199119355794,0.1953296360514859,0.23403734733619969,0,False,,,,
1766468403.653832,0.41819045304042335,0.19237181528129998,0.24656509522981765,0,False,,,,
1766468403.825024,0.41819045304042335,0.19237181528129998,0.24656509522981765,0,False,,,,
1766468403.8300622,0.41819045304042335,0.19237181528129998,0.24656509522981765,0,False,,,,
1766468403.833389,0.4424986613992199,0.19430744815049483,0.20805010897522164,0,False,,,,
1766468403.8377972,0.4569802195739475,0.21105153419166967,0.2679752949726253,0,False,,,,
1766468403.842672,0.4520220574448876,0.20532925121132184,0.25898342066006297,0,False,,,,
1766468404.050833,0.4520220574448876,0.20532925121132184,0.25898342066006297,0,False,,,,
1766468404.056394,0.42264151909380077,0.1901617749264426,0.22910098384591648,0,False,,,,
1766468404.059426,0.42264151909380077,0.1901617749264426,0.22910098384591648,0,False,,,,
1766468404.0638452,0.42264151909380077,0.1901617749264426,0.22910098384591648,0,False,,,,
1766468404.066838,0.4465267309377709,0.1969979209573246,0.24592644449713486,0,False,,,,
1766468404.228974,0.4465267309377709,0.1969979209573246,0.24592644449713486,0,False,,,,
1766468404.2339919,0.4465267309377709,0.1969979209573246,0.24592644449713486,0,False,,,,
1766468404.2370932,0.6028264075631358,0.47255831351375865,0.29588310032273807,0,False,,,,
1766468404.239711,0.6028264075631358,0.47255831351375865,0.29588310032273807,0,False,,,,
1766468404.242369,0.41791527942893714,0.1995481252564395,0.19732858486657973,0,False,,,,
1766468404.449774,0.41791527942893714,0.1995481252564395,0.19732858486657973,0,False,,,,
1766468404.453898,0.6631460598726119,0.5055813270268548,0.11428839756000282,0,False,,,,
1766468404.457303,0.6631460598726119,0.5055813270268548,0.11428839756000282,0,False,,,,
1766468404.462524,0.6631460598726119,0.5055813270268548,0.11428839756000282,0,False,,,,
1766468404.465575,0.46399213412235163,0.0803917690286935,1.0,0,False,,,,
1766468404.858398,0.4645344290485271,0.07895051586951196,1.0,0,False,,,,
1766468404.867231,0.4645344290485271,0.07895051586951196,1.0,0,False,,,,
1766468404.8726559,0.46452092565794045,0.07739611896354448,1.0,0,False,,,,
1766468404.8758779,0.46556812203673925,0.07965128604650507,1.0,0,False,,,,
1766468404.8785,0.48053691569828755,0.09066455463870238,1.0,1,False,,,,
1766468405.1940649,0.48071580732651337,0.09055081475116877,1.0,1,False,,,,
1766468405.2008178,0.48071580732651337,0.09055081475116877,1.0,1,False,,,,
1766468405.206335,0.48071580732651337,0.09055081475116877,1.0,1,False,,,,
1766468405.211651,0.4820386116324388,0.091340905157682,1.0,1,False,,,,
1766468405.21488,0.488122749321571,0.0963361960487058,1.0,1,False,,,,
1766468405.529668,0.488122749321571,0.0963361960487058,1.0,1,False,,,,
1766468405.535245,0.488122749321571,0.0963361960487058,1.0,1,False,,,,
1766468405.538651,0.488122749321571,0.0963361960487058,1.0,1,False,,,,
1766468405.5411031,0.488122749321571,0.0963361960487058,1.0,1,False,,,,
1766468405.543505,0.46575435927551734,0.07636720854655155,1.0,1,False,,,,
1766468405.852233,0.46575435927551734,0.07636720854655155,1.0,1,False,,,,
1766468405.8584871,0.46575435927551734,0.07636720854655155,1.0,1,False,,,,
1766468405.8614762,0.468812343779891,0.07360209109895643,1.0,1,False,,,,
1766468405.864696,0.46890624747949694,0.07322339641380848,1.0,1,False,,,,
1766468405.8672361,0.5005054150629993,0.08450551174831689,1.0,1,False,,,,
1766468406.10656,0.5005054150629993,0.08450551174831689,1.0,1,False,,,,
1766468406.112816,0.5005054150629993,0.08450551174831689,1.0,1,False,,,,
1766468406.1167,0.5009008221625252,0.0842592747289419,1.0,1,False,,,,
1766468406.1194859,0.5009008221625252,0.0842592747289419,1.0,1,False,,,,
1766468406.124764,0.4980702271736934,0.0936153486010558,1.0,1,False,,,,
1766468406.337964,0.4985868758833,0.09231505036400689,1.0,1,False,,,,
1766468406.344105,0.4985868758833,0.09231505036400689,1.0,1,False,,,,
1766468406.349699,0.4984897153123433,0.09166208203737058,1.0,1,False,,,,
1766468406.35283,0.4984897153123433,0.09166208203737058,1.0,1,False,,,,
1766468406.3553889,0.4998405986809441,0.09917186150523938,0.97087162733078,1,False,,,,
1766468406.591357,0.4998405986809441,0.09917186150523938,0.97087162733078,1,False,,,,
1766468406.59707,0.4998405986809441,0.09917186150523938,0.97087162733078,1,False,,,,
1766468406.60172,0.49950880078181,0.10199140943318097,0.9672720432281494,1,False,,,,
1766468406.606263,0.49931462671933635,0.10349050308419683,0.9446169137954712,1,False,,,,
1766468406.609868,0.49823358864619527,0.09369869590012414,0.9742311537265778,1,False,,,,
1766468406.935915,0.4987803158634668,0.09510755590688924,0.9579473733901978,1,False,,,,
1766468406.9430919,0.4987803158634668,0.09510755590688924,0.9579473733901978,1,False,,,,
1766468406.9480488,0.4987803158634668,0.09510755590688924,0.9579473733901978,1,False,,,,
1766468406.950814,0.4987803158634668,0.09510755590688924,0.9579473733901978,1,False,,,,
1766468406.9534872,0.506866912399728,0.09699415768877695,0.9992530047893524,1,False,,,,
1766468407.217725,0.506866912399728,0.09699415768877695,0.9992530047893524,1,False,,,,
1766468407.223232,0.5059754057123913,0.09457221087961454,0.9986611604690552,1,False,,,,
1766468407.226305,0.5059754057123913,0.09457221087961454,0.9986611604690552,1,False,,,,
1766468407.23216,0.5059754057123913,0.09457221087961454,0.9986611604690552,1,False,,,,
1766468407.23733,0.5065582885624264,0.09500741512494604,0.9355150163173676,1,False,,,,
1766468407.530844,0.5065582885624264,0.09500741512494604,0.9355150163173676,1,False,,,,
1766468407.5368252,0.5064950920896482,0.0953206022384453,0.9355150163173676,1,False,,,,
1766468407.540181,0.5069369190897725,0.09657507602408621,0.9371785223484039,1,False,,,,
1766468407.542996,0.5069369190897725,0.09657507602408621,0.9371785223484039,1,False,,,,
1766468407.5479438,0.4969361044204531,0.10237821088335974,0.8,1,False,,,,
1766468407.786871,0.4969361044204531,0.10237821088335974,0.8,1,False,,,,
1766468407.79212,0.49783782039247965,0.10272314824828599,0.8,1,False,,,,
1766468407.795302,0.49783782039247965,0.10272314824828599,0.8,1,False,,,,
1766468407.800468,0.49783782039247965,0.10272314824828599,0.8,1,False,,,,
1766468407.803693,0.5015447596696172,0.07861590043639177,0.9494946599006653,1,False,,,,
1766468408.019659,0.5015447596696172,0.07861590043639177,0.9494946599006653,1,False,,,,
1766468408.024818,0.5017664838199438,0.07889398434300443,0.9494946599006653,1,False,,,,
1766468408.0278971,0.5018707316038177,0.07819093176776037,0.9427481889724731,1,False,,,,
1766468408.031269,0.5018707316038177,0.07819093176776037,0.9427481889724731,1,False,,,,
1766468408.0343559,0.5001050692573032,0.07265326207499345,0.9929908812046051,1,False,,,,
1766468408.3215191,0.5001050692573032,0.07265326207499345,0.9929908812046051,1,False,,,,
1766468408.3269,0.503479937815458,0.07763226237996312,0.9582006335258484,1,False,,,,
1766468408.330116,0.503479937815458,0.07763226237996312,0.9582006335258484,1,False,,,,
1766468408.335882,0.503479937815458,0.07763226237996312,0.9582006335258484,1,False,,,,
1766468408.338767,0.5094648977389412,0.0964161081964987,0.9012565016746521,1,False,,,,
1766468408.552882,0.5094648977389412,0.0964161081964987,0.9012565016746521,1,False,,,,
1766468408.558165,0.5094648977389412,0.0964161081964987,0.9012565016746521,1,False,,,,
1766468408.562155,0.5089761710799786,0.09577619452886155,0.9291702508926392,1,False,,,,
1766468408.5677671,0.5096425447561668,0.09608442062322287,0.9056634604930878,1,False,,,,
1766468408.570698,0.49949187800002315,0.0799560577791556,0.8907435834407806,1,False,,,,
1766468408.851425,0.49949187800002315,0.0799560577791556,0.8907435834407806,1,False,,,,
1766468408.85666,0.49949187800002315,0.0799560577791556,0.8907435834407806,1,False,,,,
1766468408.860281,0.49949187800002315,0.0799560577791556,0.8907435834407806,1,False,,,,
1766468408.863988,0.49980407484416245,0.08033332873212251,0.9173335134983063,1,False,,,,
1766468408.8677208,0.4964529791548188,0.09386399303222515,0.9467882513999939,1,False,,,,
1766468409.1715121,0.4964529791548188,0.09386399303222515,0.9467882513999939,1,False,,,,
1766468409.177068,0.4964529791548188,0.09386399303222515,0.9467882513999939,1,False,,,,
1766468409.180046,0.4964529791548188,0.09386399303222515,0.9467882513999939,1,False,,,,
1766468409.182902,0.4964287273150455,0.09198915317935596,0.9117162823677063,1,False,,,,
1766468409.1858392,0.4511442065778068,0.10859833425953758,0.8,1,False,,,,
1766468410.480618,0.4511442065778068,0.10859833425953758,0.8,1,False,,,,
1766468410.488136,0.3889712816840552,0.19100177323555556,0.45183478573013336,1,False,,,,
1766468410.4908879,0.3889712816840552,0.19100177323555556,0.45183478573013336,1,False,,,,
1766468410.4972281,0.3889712816840552,0.19100177323555556,0.45183478573013336,1,False,,,,
1766468410.500533,0.41990508761749934,0.1789489333188784,0.1764616744461064,0,False,,,,
1766468410.682961,0.41990508761749934,0.1789489333188784,0.1764616744461064,0,False,,,,
1766468410.6909409,0.6088731698681114,0.38800467698019414,0.6,0,False,,,,
1766468410.695276,0.6088731698681114,0.38800467698019414,0.6,0,False,,,,
1766468410.702982,0.6088731698681114,0.38800467698019414,0.6,0,False,,,,
1766468410.705755,0.5805281860128378,0.37591964947964374,0.9024222493171692,0,False,,,,
1766468410.8714108,0.5805281860128378,0.37591964947964374,0.9024222493171692,0,False,,,,
1766468410.878805,0.5817238994952103,0.3724478234512387,0.9982139468193054,0,False,,,,
1766468410.8838668,0.5817238994952103,0.3724478234512387,0.9982139468193054,0,False,,,,
1766468410.886343,0.5817238994952103,0.3724478234512387,0.9982139468193054,0,False,,,,
1766468410.8889768,0.3847958683845663,0.2163848334624311,0.24321602357201932,0,False,,,,
1766468411.046902,0.3847958683845663,0.2163848334624311,0.24321602357201932,0,False,,,,
1766468411.054431,0.3847958683845663,0.2163848334624311,0.24321602357201932,0,False,,,,
1766468411.059592,0.3833536659113631,0.20401811256316538,0.21728951218728457,0,False,,,,
1766468411.063004,0.3833536659113631,0.20401811256316538,0.21728951218728457,0,False,,,,
1766468411.067439,0.3883182277469761,0.19948739245018188,0.20372024104810782,0,False,,,,
1766468411.234582,0.3883182277469761,0.19948739245018188,0.20372024104810782,0,False,,,,
1766468411.239233,0.3883182277469761,0.19948739245018188,0.20372024104810782,0,False,,,,
1766468411.242203,0.3976395374549026,0.19576329344888888,0.2046163183649839,0,False,,,,
1766468411.244919,0.3976395374549026,0.19576329344888888,0.2046163183649839,0,False,,,,
1766468411.2490969,0.6356471674632029,0.4137600969027343,0.34930200275059514,0,False,,,,
1766468411.4430342,0.595491250401045,0.35755619293764207,0.7338869571685791,0,False,,,,
1766468411.447625,0.595491250401045,0.35755619293764207,0.7338869571685791,0,False,,,,
1766468411.452418,0.595491250401045,0.35755619293764207,0.7338869571685791,0,False,,,,
1766468411.455265,0.595491250401045,0.35755619293764207,0.7338869571685791,0,False,,,,
1766468411.457663,0.5849316125904308,0.5022255838356462,1.0,0,False,,,,
1766468411.6509051,0.5849316125904308,0.5022255838356462,1.0,0,False,,,,
1766468411.655149,0.5849316125904308,0.5022255838356462,1.0,0,False,,,,
1766468411.657894,0.5849316125904308,0.5022255838356462,1.0,0,False,,,,
1766468411.6609159,0.5896961725368965,0.5562724754606568,0.8591570258140564,0,False,,,,
1766468411.663341,0.3963859941045774,0.19712249361371725,0.21438440331767641,0,False,,,,
1766468411.822764,0.3963859941045774,0.19712249361371725,0.21438440331767641,0,False,,,,
1766468411.8275268,0.38975456124511976,0.19944612524636918,0.22190623993686973,0,False,,,,
1766468411.8309078,0.38975456124511976,0.19944612524636918,0.22190623993686973,0,False,,,,
1766468411.8358169,0.38975456124511976,0.19944612524636918,0.22190623993686973,0,False,,,,
1766468411.838382,0.6211652551149713,0.5692950078823932,0.7903469800949097,0,False,,,,
1766468411.98936,0.6211652551149713,0.5692950078823932,0.7903469800949097,0,False,,,,
1766468411.993709,0.38817003225667734,0.1975468196636404,0.20937960159329433,0,False,,,,
1766468411.9978309,0.38817003225667734,0.1975468196636404,0.20937960159329433,0,False,,,,
1766468412.00075,0.38817003225667734,0.1975468196636404,0.20937960159329433,0,False,,,,
1766468412.006238,0.3930289416719327,0.19722875585170896,0.21700649780161635,0,False,,,,
1766468412.215588,0.3990017997926219,0.193989944621337,0.20509270533103635,0,False,,,,
1766468412.220345,0.3990017997926219,0.193989944621337,0.20509270533103635,0,False,,,,
1766468412.2247832,0.3990017997926219,0.193989944621337,0.20509270533103635,0,False,,,,
1766468412.229567,0.40209361101078656,0.1925037337137594,0.21518810038494313,0,False,,,,
1766468412.2333,0.4173619022194348,0.19156579901593385,0.24767583339871507,0,False,,,,
1766468412.4226072,0.4173619022194348,0.19156579901593385,0.24767583339871507,0,False,,,,
1766468412.4274602,0.4173619022194348,0.19156579901593385,0.24767583339871507,0,False,,,,
1766468412.430529,0.427738584435619,0.19301468091204677,0.20994439337174509,0,False,,,,
1766468412.43349,0.427738584435619,0.19301468091204677,0.20994439337174509,0,False,,,,
1766468412.438307,0.4237820857291001,0.18510408647705612,0.17733143323596753,0,False,,,,
1766468412.599948,0.42319977890666427,0.18409221230661332,0.19241778363451384,0,False,,,,
1766468412.605349,0.42319977890666427,0.18409221230661332,0.19241778363451384,0,False,,,,
1766468412.609757,0.42319977890666427,0.18409221230661332,0.19241778363451384,0,False,,,,
1766468412.612869,0.40814039594474244,0.18973863592234952,0.14712108653682235,0,False,,,,
1766468412.6156769,0.34660038282998074,0.1993517165112315,1.0,0,False,,,,
1766468412.79212,0.34660038282998074,0.1993517165112315,1.0,0,False,,,,
1766468412.799045,0.4349366274440456,0.4533081022033043,1.0,0,False,,,,
1766468412.80164,0.4349366274440456,0.4533081022033043,1.0,0,False,,,,
1766468412.8048708,0.4349366274440456,0.4533081022033043,1.0,0,False,,,,
1766468412.810071,0.4701874081703922,0.05952040125722102,1.0,0,False,,,,
1766468412.986677,0.47095801927996395,0.06022133854281342,1.0,0,False,,,,
1766468412.994082,0.47095801927996395,0.06022133854281342,1.0,0,False,,,,
1766468412.999291,0.47095801927996395,0.06022133854281342,1.0,0,False,,,,
1766468413.003289,0.47242104784390226,0.05565428183734278,1.0,0,False,,,,
1766468413.0061948,0.48919424591923494,0.06690629577007445,1.0,1,False,,,,
1766468413.2690492,0.4893775021895399,0.06756443915075683,1.0,1,False,,,,
1766468413.27514,0.48938672547442186,0.06637748579642466,0.9784270524978638,1,False,,,,
1766468413.279636,0.48938672547442186,0.06637748579642466,0.9784270524978638,1,False,,,,
1766468413.282779,0.48938672547442186,0.06637748579642466,0.9784270524978638,1,False,,,,
1766468413.285899,0.5100857389508139,0.09627006843751851,1.0,1,False,,,,
1766468413.665875,0.5100857389508139,0.09627006843751851,1.0,1,False,,,,
1766468413.671647,0.511805360387362,0.10352631244586419,1.0,1,False,,,,
1766468413.674742,0.511805360387362,0.10352631244586419,1.0,1,False,,,,
1766468413.680077,0.511805360387362,0.10352631244586419,1.0,1,False,,,,
1766468413.6831229,0.5010564845289538,0.08644035881879608,1.0,1,False,,,,
1766468413.923838,0.5005979684868043,0.0854563600573025,1.0,1,False,,,,
1766468413.9287958,0.5005979684868043,0.0854563600573025,1.0,1,False,,,,
1766468413.9340138,0.5005979684868043,0.0854563600573025,1.0,1,False,,,,
1766468413.936903,0.5002508507969501,0.0854704391659118,1.0,1,False,,,,
1766468413.942515,0.5031954869046612,0.07990602101074595,1.0,1,False,,,,
1766468414.18534,0.5031954869046612,0.07990602101074595,1.0,1,False,,,,
1766468414.190795,0.5031764504347194,0.08081021190278392,1.0,1,False,,,,
1766468414.1940942,0.5031764504347194,0.08081021190278392,1.0,1,False,,,,
1766468414.1989272,0.5031764504347194,0.08081021190278392,1.0,1,False,,,,
1766468414.2021198,0.5000303067693166,0.08957344006799017,1.0,1,False,,,,
1766468414.627554,0.4998409257102846,0.09133227739914662,1.0,1,False,,,,
1766468414.6330729,0.4998409257102846,0.09133227739914662,1.0,1,False,,,,
1766468414.639164,0.4998409257102846,0.09133227739914662,1.0,1,False,,,,
1766468414.643053,0.4995137701232239,0.09240545590102733,1.0,1,False,,,,
1766468414.645735,0.49856153864967656,0.08818006958265567,1.0,1,False,,,,
1766468414.861483,0.49900219237478993,0.08708628250252981,1.0,1,False,,,,
1766468414.866097,0.49900219237478993,0.08708628250252981,1.0,1,False,,,,
1766468414.869497,0.49900219237478993,0.08708628250252981,1.0,1,False,,,,
1766468414.875514,0.49900219237478993,0.08708628250252981,1.0,1,False,,,,
1766468414.878529,0.5046274093885665,0.08213058416369545,1.0,1,False,,,,
1766468415.228021,0.5046274093885665,0.08213058416369545,1.0,1,False,,,,
1766468415.234596,0.5042886155439891,0.08231497436520618,1.0,1,False,,,,
1766468415.239585,0.5042886155439891,0.08231497436520618,1.0,1,False,,,,
1766468415.2424462,0.5042886155439891,0.08231497436520618,1.0,1,False,,,,
1766468415.245245,0.5087652562897975,0.07976575615602699,0.9926555752754211,1,False,,,,
1766468415.4787562,0.5087652562897975,0.07976575615602699,0.9926555752754211,1,False,,,,
1766468415.4856598,0.5086470764759666,0.08039971869498908,1.0,1,False,,,,
1766468415.489246,0.5086470764759666,0.08039971869498908,1.0,1,False,,,,
1766468415.494742,0.5086470764759666,0.08039971869498908,1.0,1,False,,,,
1766468415.4977732,0.5154386322303691,0.10127104956819422,0.9374207556247711,1,False,,,,
1766468415.7468328,0.5154386322303691,0.10127104956819422,0.9374207556247711,1,False,,,,
1766468415.752276,0.5200970752941065,0.10154953923794696,0.9258679449558258,1,False,,,,
1766468415.755595,0.5200970752941065,0.10154953923794696,0.9258679449558258,1,False,,,,
1766468415.762145,0.5200970752941065,0.10154953923794696,0.9258679449558258,1,False,,,,
1766468415.765713,0.5046797107521439,0.05194689354745652,0.9545731246471405,1,False,,,,
1766468416.0718322,0.5046797107521439,0.05194689354745652,0.9545731246471405,1,False,,,,
1766468416.076807,0.5046797107521439,0.05194689354745652,0.9545731246471405,1,False,,,,
1766468416.0798562,0.5046797107521439,0.05194689354745652,0.9545731246471405,1,False,,,,
1766468416.082766,0.5044285867593008,0.05065721829770453,0.9384866952896118,1,False,,,,
1766468416.085542,0.5340817068711977,0.10808515142129771,0.8821887373924255,1,False,,,,
1766468416.330718,0.5340817068711977,0.10808515142129771,0.8821887373924255,1,False,,,,
1766468416.338807,0.5346469953105892,0.10755494635142548,0.898635983467102,1,False,,,,
1766468416.344554,0.5346469953105892,0.10755494635142548,0.898635983467102,1,False,,,,
1766468416.34848,0.534954800697288,0.10785880795704195,0.898635983467102,1,False,,,,
1766468416.35241,0.5105951682307796,0.06879424088626174,0.9683361649513245,1,False,,,,
1766468416.5951428,0.5105951682307796,0.06879424088626174,0.9683361649513245,1,False,,,,
1766468416.600221,0.5105951682307796,0.06879424088626174,0.9683361649513245,1,False,,,,
1766468416.603573,0.510565337736694,0.07047761835692812,0.938074916601181,1,False,,,,
1766468416.606446,0.510565337736694,0.07047761835692812,0.938074916601181,1,False,,,,
1766468416.6119459,0.520793024626778,0.09282792166644904,0.9152916073799133,1,False,,,,
1766468416.8764212,0.520793024626778,0.09282792166644904,0.9152916073799133,1,False,,,,
1766468416.8833852,0.520793024626778,0.09282792166644904,0.9152916073799133,1,False,,,,
1766468416.888559,0.5230718958325908,0.09738036927745752,0.9137866199016571,1,False,,,,
1766468416.891526,0.5230718958325908,0.09738036927745752,0.9137866199016571,1,False,,,,
1766468416.89755,0.49937110577107885,0.08129127043475404,0.880297064781189,1,False,,,,
1766468417.375744,0.4989097682293031,0.07965730926672876,0.9001502394676208,1,False,,,,
1766468417.3820858,0.4989097682293031,0.07965730926672876,0.9001502394676208,1,False,,,,
1766468417.3873181,0.4989097682293031,0.07965730926672876,0.9001502394676208,1,False,,,,
1766468417.3904371,0.4980846570997316,0.0795071212609243,0.9028605222702026,1,False,,,,
1766468417.393118,0.5038041629670749,0.08501931360596204,0.9036363661289215,1,False,,,,
1766468417.6869981,0.5038041629670749,0.08501931360596204,0.9036363661289215,1,False,,,,
1766468417.692266,0.5034547151681215,0.08447702016220715,0.9036363661289215,1,False,,,,
1766468417.6954722,0.5023976983110783,0.08302513858725002,0.9304076433181763,1,False,,,,
1766468417.6986911,0.5023976983110783,0.08302513858725002,0.9304076433181763,1,False,,,,
1766468417.703825,0.5764800545243205,0.3350701885319879,0.8147371052819147,1,True,0.5732126235961914,0.256633460521698,0.10454817116260529,0.18988639116287231
1766468418.0084019,0.45562318210878255,0.23359180788169964,0.19939673954143428,1,False,,,,
1766468418.0159,0.5864034011818132,0.3719297607762748,0.8438154928201972,1,True,0.5732126235961914,0.256633460521698,0.10454817116260529,0.18988639116287231
1766468418.0215611,0.5864034011818132,0.3719297607762748,0.8438154928201972,1,True,0.5732126235961914,0.256633460521698,0.10454817116260529,0.18988639116287231
1766468418.024723,0.5576073241234974,0.2700110063056962,0.2427767418741549,1,False,,,,
1766468418.028707,0.5151667464947691,0.2312982913667836,0.24860586181741143,0,False,,,,
1766468418.2965498,0.5151667464947691,0.2312982913667836,0.24860586181741143,0,False,,,,
1766468418.305022,0.5151667464947691,0.2312982913667836,0.24860586181741143,0,False,,,,
1766468418.309945,0.5151667464947691,0.2312982913667836,0.24860586181741143,0,False,,,,
1766468418.313401,0.5286134370851874,0.2380738300423786,0.2001102621510031,0,False,,,,
1766468418.317282,0.5884628498786484,0.40981658184537384,0.26610259656397073,0,False,,,,
1766468418.4905028,0.5884628498786484,0.40981658184537384,0.26610259656397073,0,False,,,,
1766468418.494967,0.5884628498786484,0.40981658184537384,0.26610259656397073,0,False,,,,
1766468418.498337,0.5524794308895917,0.2721638441019788,0.8824341758895864,0,False,,,,
1766468418.500903,0.5524794308895917,0.2721638441019788,0.8824341758895864,0,False,,,,
1766468418.503402,0.47314321579454344,0.08020175708712718,1.0,0,False,,,,
1766468418.6613271,0.47314321579454344,0.08020175708712718,1.0,0,False,,,,
1766468418.6673129,0.4775877990112443,0.08390251296524476,0.9465515911579132,0,False,,,,
1766468418.671474,0.4775877990112443,0.08390251296524476,0.9465515911579132,0,False,,,,
1766468418.6768289,0.4775877990112443,0.08390251296524476,0.9465515911579132,0,False,,,,
1766468418.679869,0.4911146476921985,0.09349356270117126,0.9622301161289215,1,False,,,,
1766468418.904181,0.4911146476921985,0.09349356270117126,0.9622301161289215,1,False,,,,
1766468418.91139,0.4911146476921985,0.09349356270117126,0.9622301161289215,1,False,,,,
1766468418.9146721,0.49180089892227324,0.09446799354999258,0.969508022069931,1,False,,,,
1766468418.921066,0.49180089892227324,0.09446799354999258,0.969508022069931,1,False,,,,
1766468418.9265091,0.5025329739731486,0.0896275244190885,1.0,1,False,,,,
1766468419.137679,0.5025329739731486,0.0896275244190885,1.0,1,False,,,,
1766468419.1429918,0.5025329739731486,0.0896275244190885,1.0,1,False,,,,
1766468419.146127,0.5025329739731486,0.0896275244190885,1.0,1,False,,,,
1766468419.149863,0.502322634226339,0.0894962855795357,1.0,1,False,,,,
1766468419.154113,0.5035465094337043,0.09060766497698702,1.0,1,False,,,,
1766468419.384185,0.5037785961032915,0.09053070236209337,1.0,1,False,,,,
1766468419.390162,0.5042654115250146,0.08820299472971771,0.9786256849765778,1,False,,,,
1766468419.3940392,0.5042654115250146,0.08820299472971771,0.9786256849765778,1,False,,,,
1766468419.399036,0.5042654115250146,0.08820299472971771,0.9786256849765778,1,False,,,,
1766468419.4023418,0.4971569107781577,0.07018244397541518,1.0,1,False,,,,
1766468419.6347241,0.4961776224076796,0.0662688179843941,1.0,1,False,,,,
1766468419.6407402,0.4961776224076796,0.0662688179843941,1.0,1,False,,,,
1766468419.645813,0.4961776224076796,0.0662688179843941,1.0,1,False,,,,
1766468419.649398,0.4961776224076796,0.0662688179843941,1.0,1,False,,,,
1766468419.65226,0.5071197985114255,0.08496638919615418,0.9475754201412201,1,False,,,,
1766468419.963506,0.5071197985114255,0.08496638919615418,0.9475754201412201,1,False,,,,
1766468419.9689112,0.5072023457874304,0.08513510399566371,0.9622530937194824,1,False,,,,
1766468419.97253,0.5081562631573231,0.08690923256107563,0.9404335021972656,1,False,,,,
1766468419.97537,0.5081562631573231,0.08690923256107563,0.9404335021972656,1,False,,,,
1766468419.9800599,0.5064060396159333,0.09231536621165493,0.9252715408802032,1,False,,,,
1766468420.2152472,0.5064060396159333,0.09231536621165493,0.9252715408802032,1,False,,,,
1766468420.2204318,0.5059611152564791,0.0926811267161457,0.9167745113372803,1,False,,,,
1766468420.225188,0.5063807495193736,0.09222833096993888,0.9515215158462524,1,False,,,,
1766468420.228627,0.5063807495193736,0.09222833096993888,0.9515215158462524,1,False,,,,
1766468420.234261,0.508739024383776,0.09581214993725318,0.9178016781806946,1,False,,,,
1766468420.470191,0.508739024383776,0.09581214993725318,0.9178016781806946,1,False,,,,
1766468420.4762182,0.5094873385789165,0.09489879350879316,0.9496546983718872,1,False,,,,
1766468420.479341,0.5094873385789165,0.09489879350879316,0.9496546983718872,1,False,,,,
1766468420.484739,0.5094873385789165,0.09489879350879316,0.9496546983718872,1,False,,,,
1766468420.4877849,0.505981588217173,0.08407075592832702,0.9626672267913818,1,False,,,,
1766468420.8589199,0.5049457471833103,0.0838175632911966,0.96365687251091,1,False,,,,
1766468420.8640761,0.5049457471833103,0.0838175632911966,0.96365687251091,1,False,,,,
1766468420.869048,0.5049457471833103,0.0838175632911966,0.96365687251091,1,False,,,,
1766468420.872007,0.5049457471833103,0.0838175632911966,0.96365687251091,1,False,,,,
1766468420.877388,0.5057051851125699,0.10141961768047913,0.9775613248348236,1,False,,,,
1766468421.368675,0.5057051851125699,0.10141961768047913,0.9775613248348236,1,False,,,,
1766468421.374274,0.5057051851125699,0.10141961768047913,0.9775613248348236,1,False,,,,
1766468421.3781602,0.5040315387135139,0.10172016051816968,0.9397740364074707,1,False,,,,
1766468421.3815901,0.5040315387135139,0.10172016051816968,0.9397740364074707,1,False,,,,
1766468421.384407,0.4963360562539293,0.11594189390927134,0.8,1,False,,,,
1766468421.656867,0.4963360562539293,0.11594189390927134,0.8,1,False,,,,
1766468421.663178,0.488776694252502,0.11824443962233178,0.9073021411895752,1,False,,,,
1766468421.667122,0.488776694252502,0.11824443962233178,0.9073021411895752,1,False,,,,
1766468421.67246,0.488776694252502,0.11824443962233178,0.9073021411895752,1,False,,,,
1766468421.6754,0.5040198246161166,0.0995303904318503,0.94304558634758,1,False,,,,
1766468421.928469,0.5037950745738323,0.1000457510394136,0.9587889909744263,1,False,,,,
1766468421.9331148,0.5027904316105007,0.09981006318702823,0.9403859674930573,1,False,,,,
1766468421.93628,0.5027904316105007,0.09981006318702823,0.9403859674930573,1,False,,,,
1766468421.941937,0.5027904316105007,0.09981006318702823,0.9403859674930573,1,False,,,,
1766468421.945297,0.4990296212705176,0.10152570248634041,0.9445241987705231,1,False,,,,
1766468422.2916632,0.4990296212705176,0.10152570248634041,0.9445241987705231,1,False,,,,
1766468422.2965262,0.49939035888544314,0.10129766661355288,0.9445241987705231,1,False,,,,
1766468422.299646,0.49939528500582203,0.10106405178294764,0.9453466534614563,1,False,,,,
1766468422.302434,0.49939528500582203,0.10106405178294764,0.9453466534614563,1,False,,,,
1766468422.307557,0.5021252900615629,0.10731038330499632,0.9442797601222992,1,False,,,,
1766468422.5240161,0.5021252900615629,0.10731038330499632,0.9442797601222992,1,False,,,,
1766468422.5304902,0.5021252900615629,0.10731038330499632,0.9442797601222992,1,False,,,,
1766468422.533616,0.5019150419526472,0.1065654170177881,0.9273025691509247,1,False,,,,
1766468422.538974,0.5019150419526472,0.1065654170177881,0.9273025691509247,1,False,,,,
1766468422.544708,0.4996562963799212,0.10101956253466193,0.9473885297775269,1,False,,,,
1766468422.766989,0.4996562963799212,0.10101956253466193,0.9473885297775269,1,False,,,,
1766468422.772953,0.5011793986969048,0.10069337414656798,0.9691720306873322,1,False,,,,
1766468422.776105,0.5011793986969048,0.10069337414656798,0.9691720306873322,1,False,,,,
1766468422.7807171,0.5011793986969048,0.10069337414656798,0.9691720306873322,1,False,,,,
1766468422.7837381,0.49588363407845704,0.0893444717199372,1.0,1,False,,,,
1766468423.01375,0.49588363407845704,0.0893444717199372,1.0,1,False,,,,
1766468423.0195599,0.49588363407845704,0.0893444717199372,1.0,1,False,,,,
1766468423.022723,0.49850341385071645,0.08588462719574275,0.978491485118866,1,False,,,,
1766468423.025513,0.49850341385071645,0.08588462719574275,0.978491485118866,1,False,,,,
1766468423.0291479,0.49536546754119365,0.07344488123126658,1.0,1,False,,,,
1766468423.264649,0.49536546754119365,0.07344488123126658,1.0,1,False,,,,
1766468423.2704809,0.49520587314202225,0.07467709403200684,1.0,1,False,,,,
1766468423.273802,0.49520587314202225,0.07467709403200684,1.0,1,False,,,,
1766468423.2789278,0.49520587314202225,0.07467709403200684,1.0,1,False,,,,
1766468423.282017,0.4958870002997342,0.06874323956052641,1.0,1,False,,,,
1766468423.6959622,0.4958870002997342,0.06874323956052641,1.0,1,False,,,,
1766468423.701304,0.4958870002997342,0.06874323956052641,1.0,1,False,,,,
1766468423.705031,0.49657060390314756,0.06880590257641428,1.0,1,False,,,,
1766468423.708087,0.4967576002471601,0.06885851335877502,1.0,1,False,,,,
1766468423.710752,0.49076802722542306,0.051013968644994745,1.0,1,False,,,,
1766468423.97991,0.49116759611610206,0.05014385932593168,0.9764508306980133,1,False,,,,
1766468423.985915,0.49116759611610206,0.05014385932593168,0.9764508306980133,1,False,,,,
1766468423.991084,0.49116759611610206,0.05014385932593168,0.9764508306980133,1,False,,,,
1766468423.994853,0.4927313833529083,0.04672539487362959,1.0,1,False,,,,
1766468423.998178,0.5028916228903544,0.077731284798642,0.9266974329948425,1,False,,,,
1766468424.232855,0.5028916228903544,0.077731284798642,0.9266974329948425,1,False,,,,
1766468424.2381718,0.5028916228903544,0.077731284798642,0.9266974329948425,1,False,,,,
1766468424.241198,0.5023428871691703,0.08070008122212025,0.9618508219718933,1,False,,,,
1766468424.244738,0.5023428871691703,0.08070008122212025,0.9618508219718933,1,False,,,,
1766468424.248781,0.4911461650091053,0.08851447109488408,0.9412102699279785,1,False,,,,
1766468424.530014,0.49115086683344905,0.08708717236757069,0.9767586886882782,1,False,,,,
1766468424.5366778,0.49115086683344905,0.08708717236757069,0.9767586886882782,1,False,,,,
1766468424.542393,0.49115086683344905,0.08708717236757069,0.9767586886882782,1,False,,,,
1766468424.545422,0.49050190249650455,0.08740661641176439,0.9480710923671722,1,False,,,,
1766468424.5506,0.4828943103078937,0.08180601109388452,0.9674897491931915,1,False,,,,
1766468424.7702882,0.48192788837829487,0.08032341911604901,0.8778633773326874,1,False,,,,
1766468424.7771049,0.48201470844228433,0.07854558252945987,0.8974239230155945,1,False,,,,
1766468424.780728,0.4814402754515054,0.07867768666249353,0.8853588104248047,1,False,,,,
1766468424.7838342,0.4814402754515054,0.07867768666249353,0.8853588104248047,1,False,,,,
1766468424.7897248,0.47186550900880864,0.041787805973271475,1.0,1,False,,,,
1766468425.089987,0.47186550900880864,0.041787805973271475,1.0,1,False,,,,
1766468425.0951931,0.47186550900880864,0.041787805973271475,1.0,1,False,,,,
1766468425.0989609,0.4714149640091728,0.04141820611282365,0.9767074882984161,1,False,,,,
1766468425.102166,0.4714149640091728,0.04141820611282365,0.9767074882984161,1,False,,,,
1766468425.107938,0.4678761569621089,0.06117537394841288,0.9959050118923187,1,False,,,,
1766468425.323568,0.4678761569621089,0.06117537394841288,0.9959050118923187,1,False,,,,
1766468425.3281012,0.4678761569621089,0.06117537394841288,0.9959050118923187,1,False,,,,
1766468425.33073,0.4678761569621089,0.06117537394841288,0.9959050118923187,1,False,,,,
1766468425.333972,0.46700270155900264,0.06343014272814274,1.0,1,False,,,,
1766468425.3374112,0.5728718304835405,0.38529882861369,0.7544603943824768,1,False,,,,
1766468425.9443378,0.5728718304835405,0.38529882861369,0.7544603943824768,1,False,,,,
1766468425.952018,0.5718414032572599,0.38463060884057043,0.732840895652771,1,False,,,,
1766468425.954465,0.46528918684940945,0.19312004956057827,0.23052009445901273,1,False,,,,
1766468425.957088,0.46528918684940945,0.19312004956057827,0.23052009445901273,1,False,,,,
1766468425.961687,0.5749489575031405,0.3947383421980635,0.768468976020813,0,False,,,,
1766468426.140513,0.46173685949407545,0.19074734643473346,0.20885966753218024,0,False,,,,
1766468426.144825,0.46173685949407545,0.19074734643473346,0.20885966753218024,0,False,,,,
1766468426.1492832,0.46173685949407545,0.19074734643473346,0.20885966753218024,0,False,,,,
1766468426.15364,0.466227549595709,0.19273693747930243,0.2282265984157142,0,False,,,,
1766468426.1562922,0.5749780574286816,0.4013984609787362,1.0,0,False,,,,
1766468426.342725,0.5749780574286816,0.4013984609787362,1.0,0,False,,,,
1766468426.349853,0.5749780574286816,0.4013984609787362,1.0,0,False,,,,
1766468426.353007,0.5657470988741591,0.12356664205388646,0.6766344524321543,0,False,,,,
1766468426.35615,0.5657470988741591,0.12356664205388646,0.6766344524321543,0,False,,,,
1766468426.35851,0.5541885310631722,0.6546784384822903,1.0,0,False,,,,
1766468426.531965,0.5541885310631722,0.6546784384822903,1.0,0,False,,,,
1766468426.538309,0.5452327309143273,0.7065554339658843,1.0,0,False,,,,
1766468426.541209,0.5452327309143273,0.7065554339658843,1.0,0,False,,,,
1766468426.545258,0.5452327309143273,0.7065554339658843,1.0,0,False,,,,
1766468426.5482602,0.641130648554877,0.4337810819499517,0.9827035963535309,1,False,,,,
1766468426.763903,0.641130648554877,0.4337810819499517,0.9827035963535309,1,False,,,,
1766468426.77195,0.641130648554877,0.4337810819499517,0.9827035963535309,1,False,,,,
1766468426.775007,0.763799898281141,0.5584556181935972,0.9521286487579346,1,False,,,,
1766468426.778879,0.763799898281141,0.5584556181935972,0.9521286487579346,1,False,,,,
1766468426.785141,0.832552053195549,0.43398571392750207,0.9442368149757385,1,False,,,,
1766468426.994484,0.832552053195549,0.43398571392750207,0.9442368149757385,1,False,,,,
1766468427.000793,0.832552053195549,0.43398571392750207,0.9442368149757385,1,False,,,,
1766468427.003532,0.832552053195549,0.43398571392750207,0.9442368149757385,1,False,,,,
1766468427.0059369,0.832552053195549,0.43398571392750207,0.9442368149757385,1,False,,,,
1766468427.008419,0.7110627960110834,0.17115111769190428,0.9241502285003662,1,False,,,,
1766468427.589248,0.7110627960110834,0.17115111769190428,0.9241502285003662,1,False,,,,
1766468427.5957131,0.7159379929598143,0.17084556460911382,0.8736755549907684,1,False,,,,
1766468427.600605,0.7159379929598143,0.17084556460911382,0.8736755549907684,1,False,,,,
1766468427.605986,0.7159379929598143,0.17084556460911382,0.8736755549907684,1,False,,,,
1766468427.609029,0.7791217583297915,0.39750905504238887,0.8038223087787628,1,False,,,,
1766468427.9021308,0.7826219547774936,0.40188605879302397,0.8613446056842804,1,False,,,,
1766468427.907659,0.7826219547774936,0.40188605879302397,0.8613446056842804,1,False,,,,
1766468427.913242,0.78350701674168,0.3999842334693007,0.7984799146652222,1,False,,,,
1766468427.916815,0.78350701674168,0.3999842334693007,0.7984799146652222,1,False,,,,
1766468427.919821,0.7507376429623852,0.3686085576027647,0.87978795170784,1,False,,,,
1766468428.164913,0.7490904139365249,0.3743890406962843,0.8915149569511414,1,False,,,,
1766468428.170975,0.74890925646091,0.3740391631967366,0.8864497244358063,1,False,,,,
1766468428.177089,0.74890925646091,0.3740391631967366,0.8864497244358063,1,False,,,,
1766468428.1803432,0.74890925646091,0.3740391631967366,0.8864497244358063,1,False,,,,
1766468428.1860712,0.6852530355823039,0.39146662668715937,0.9436988234519958,1,False,,,,
1766468428.4487839,0.6830389550452546,0.3528959485034444,0.9575459361076355,1,False,,,,
1766468428.4542122,0.6830389550452546,0.3528959485034444,0.9575459361076355,1,False,,,,
1766468428.458942,0.6830389550452546,0.3528959485034444,0.9575459361076355,1,False,,,,
1766468428.46222,0.6830389550452546,0.3528959485034444,0.9575459361076355,1,False,,,,
1766468428.465617,0.6642531102723528,0.20445939177517303,0.9122644066810608,1,True,0.6140174865722656,0.1472809612751007,0.10121583938598633,0.18814298510551453
1766468428.6836932,0.6645521508974174,0.20500758410883457,0.870056539773941,1,True,0.6140174865722656,0.1472809612751007,0.10121583938598633,0.18814298510551453
1766468428.6898382,0.6645521508974174,0.20500758410883457,0.870056539773941,1,True,0.6140174865722656,0.1472809612751007,0.10121583938598633,0.18814298510551453
1766468428.694745,0.6645521508974174,0.20500758410883457,0.870056539773941,1,True,0.6140174865722656,0.1472809612751007,0.10121583938598633,0.18814298510551453
1766468428.698318,0.6645521508974174,0.20500758410883457,0.870056539773941,1,True,0.6140174865722656,0.1472809612751007,0.10121583938598633,0.18814298510551453
1766468428.701113,0.4176449646001985,0.1864890632393068,0.8488357365131378,1,False,,,,
1766468428.959645,0.4176449646001985,0.1864890632393068,0.8488357365131378,1,False,,,,
1766468428.9643362,0.4176449646001985,0.1864890632393068,0.8488357365131378,1,False,,,,
1766468428.9671118,0.4176449646001985,0.1864890632393068,0.8488357365131378,1,False,,,,
1766468428.969732,0.42530576580802526,0.16416391106287886,0.8257584869861603,1,False,,,,
1766468428.972297,0.48464054381351696,0.11073061930357797,0.8247668445110321,1,False,,,,
1766468429.207079,0.48464054381351696,0.11073061930357797,0.8247668445110321,1,False,,,,
1766468429.213055,0.48464054381351696,0.11073061930357797,0.8247668445110321,1,False,,,,
1766468429.21651,0.48484750895485684,0.1110548875070484,0.9073677659034729,1,False,,,,
1766468429.2194948,0.48401612303821573,0.11084397364762999,0.8869861960411072,1,False,,,,
1766468429.222134,0.4725473127378274,0.09542029274053132,0.8860076367855072,1,False,,,,
1766468429.500936,0.4725473127378274,0.09542029274053132,0.8860076367855072,1,False,,,,
1766468429.507123,0.47430472759153786,0.08687401825388841,0.8755342960357666,1,False,,,,
1766468429.510468,0.47430472759153786,0.08687401825388841,0.8755342960357666,1,False,,,,
1766468429.515826,0.47430472759153786,0.08687401825388841,0.8755342960357666,1,False,,,,
1766468429.519207,0.4204186459442492,0.18587337190235997,0.43706431698564885,1,False,,,,
1766468430.0361369,0.4204186459442492,0.18587337190235997,0.43706431698564885,1,False,,,,
1766468430.0416682,0.45288355623802073,0.20571307535659789,0.8824902426283496,1,False,,,,
1766468430.044887,0.45288355623802073,0.20571307535659789,0.8824902426283496,1,False,,,,
1766468430.0484622,0.45288355623802073,0.20571307535659789,0.8824902426283496,1,False,,,,
1766468430.053802,0.5338243179820965,0.257070557901515,0.5076105982342662,1,False,,,,
1766468430.265816,0.5338243179820965,0.257070557901515,0.5076105982342662,1,False,,,,
1766468430.270741,0.5338243179820965,0.257070557901515,0.5076105982342662,1,False,,,,
1766468430.273819,0.4320114258343882,0.1914016918369219,1.0,1,False,,,,
1766468430.276903,0.4320114258343882,0.1914016918369219,1.0,1,False,,,,
1766468430.2825012,0.5223280819583672,0.2337576706089155,0.5043481466227034,1,False,,,,
1766468430.5155041,0.5223280819583672,0.2337576706089155,0.5043481466227034,1,False,,,,
1766468430.521964,0.5223280819583672,0.2337576706089155,0.5043481466227034,1,False,,,,
1766468430.525443,0.5446940967752261,0.25786869095918297,0.4972781916359474,1,False,,,,
1766468430.52796,0.5446940967752261,0.25786869095918297,0.4972781916359474,1,False,,,,
1766468430.53089,0.5802292559841661,0.36006383103347417,0.33336746909112686,1,False,,,,
1766468432.897572,0.5802292559841661,0.36006383103347417,0.33336746909112686,1,False,,,,
1766468432.905236,0.6131448180596949,0.4859120942989469,0.3406535320994115,1,False,,,,
1766468432.9079418,0.6131448180596949,0.4859120942989469,0.3406535320994115,1,False,,,,
1766468432.910626,0.6131448180596949,0.4859120942989469,0.3406535320994115,1,False,,,,
1766468432.916466,0.44794887661586164,0.1846103347297643,0.21321832213002317,0,False,,,,
1766468433.2465558,0.44794887661586164,0.1846103347297643,0.21321832213002317,0,False,,,,
1766468433.253123,0.44794887661586164,0.1846103347297643,0.21321832213002317,0,False,,,,
1766468433.2577028,0.6019829826010195,0.4263828915827741,0.3235550154436007,0,False,,,,
1766468433.26133,0.6019829826010195,0.4263828915827741,0.3235550154436007,0,False,,,,
1766468433.265192,0.5913288932675274,0.4689242409981158,0.8197185082616054,0,False,,,,
1766468437.379801,0.5818872694880699,0.44238829994007434,0.3669649970057333,0,False,,,,
1766468437.388052,0.5818872694880699,0.44238829994007434,0.3669649970057333,0,False,,,,
1766468437.392908,0.5818872694880699,0.44238829994007434,0.3669649970057333,0,False,,,,
1766468437.396231,0.6391623174456521,0.17515305210039667,0.7138085706115671,0,False,,,,
1766468437.399501,0.538671864790716,0.24736436074355228,0.09515007180502495,1,False,,,,
1766468437.610375,0.538671864790716,0.24736436074355228,0.09515007180502495,1,False,,,,
1766468437.6227279,0.5373065873663767,0.24743651036742564,0.11208917427031524,1,False,,,,
1766468437.629098,0.5425247275231491,0.251506545286146,0.17861972677036883,1,False,,,,
1766468437.6322,0.5425247275231491,0.251506545286146,0.17861972677036883,1,False,,,,
1766468437.63775,0.5398782936356571,0.031650426539652554,0.8916973349278778,0,False,,,,
1766468438.3605819,0.5398782936356571,0.031650426539652554,0.8916973349278778,0,False,,,,
1766468438.367622,0.5405646745827924,0.03766601493676214,0.8916973349278778,0,False,,,,
1766468438.37025,0.5753687643426517,0.08075770845019448,0.8,0,False,,,,
1766468438.374603,0.5753687643426517,0.08075770845019448,0.8,0,False,,,,
1766468438.380055,0.5925618966074725,0.3988381628628057,1.0,0,False,,,,
1766468438.569654,0.5909108531695041,0.4012750148085523,1.0,0,False,,,,
1766468438.577228,0.5909108531695041,0.4012750148085523,1.0,0,False,,,,
1766468438.581682,0.5909108531695041,0.4012750148085523,1.0,0,False,,,,
1766468438.5849102,0.5920933333917937,0.40791286964828566,0.9763333797454834,0,False,,,,
1766468438.5878952,0.5913263008223993,0.1523369017743419,0.7465433359146119,1,False,,,,
