timestamp,gaze_x,gaze_y,gaze_confidence,num_faces,is_looking_at_face,face_bbox_left,face_bbox_top,face_bbox_width,face_bbox_height
1766483510.663893,0.5093287141812767,0.3540524979498243,1.0,2,False,,,,
1766483511.32953,0.5093287141812767,0.3540524979498243,1.0,2,False,,,,
1766483511.3376482,0.5092248891737372,0.3560906215805626,1.0,2,False,,,,
1766483511.3424609,0.5022296209827759,0.3487170858479469,1.0,2,False,,,,
1766483511.3456829,0.5022296209827759,0.3487170858479469,1.0,2,False,,,,
1766483511.352261,0.5056589710219475,0.34311974139289436,1.0,1,False,,,,
1766483511.679395,0.5066082352303256,0.34066651898583755,1.0,1,False,,,,
1766483511.686222,0.5066082352303256,0.34066651898583755,1.0,1,False,,,,
1766483511.6937,0.5066082352303256,0.34066651898583755,1.0,1,False,,,,
1766483511.697012,0.5066082352303256,0.34066651898583755,1.0,1,False,,,,
1766483511.69959,0.5085370308160942,0.33526858207831256,1.0,1,False,,,,
1766483512.014955,0.5085370308160942,0.33526858207831256,1.0,1,False,,,,
1766483512.022395,0.5085370308160942,0.33526858207831256,1.0,1,False,,,,
1766483512.027578,0.5085370308160942,0.33526858207831256,1.0,1,False,,,,
1766483512.0306718,0.5085370308160942,0.33526858207831256,1.0,1,False,,,,
1766483512.033111,0.4931792202321864,0.3467032791354804,1.0,1,False,,,,
1766483512.2812722,0.49297624098201753,0.34824205744375625,1.0,1,False,,,,
1766483512.289558,0.49297624098201753,0.34824205744375625,1.0,1,False,,,,
1766483512.295935,0.49297624098201753,0.34824205744375625,1.0,1,False,,,,
1766483512.298982,0.49297624098201753,0.34824205744375625,1.0,1,False,,,,
1766483512.3018591,0.48738725890469353,0.3739739041865433,1.0,1,False,,,,
1766483512.6026828,0.48738725890469353,0.3739739041865433,1.0,1,False,,,,
1766483512.610435,0.4879507505844026,0.37686843453168517,1.0,1,False,,,,
1766483512.613947,0.48834926140059365,0.3794327881131103,1.0,1,False,,,,
1766483512.616917,0.48834926140059365,0.3794327881131103,1.0,1,False,,,,
1766483512.62346,0.49087909852065936,0.39246319561526044,1.0,1,False,,,,
1766483513.0617962,0.49087909852065936,0.39246319561526044,1.0,1,False,,,,
1766483513.0679731,0.49087909852065936,0.39246319561526044,1.0,1,False,,,,
1766483513.070924,0.49087909852065936,0.39246319561526044,1.0,1,False,,,,
1766483513.073484,0.49087909852065936,0.39246319561526044,1.0,1,False,,,,
1766483513.076163,0.4914546403353627,0.38916066918041003,1.0,1,False,,,,
1766483513.310057,0.4914546403353627,0.38916066918041003,1.0,1,False,,,,
1766483513.317605,0.500772286892125,0.39052030803477455,1.0,1,False,,,,
1766483513.32102,0.500772286892125,0.39052030803477455,1.0,1,False,,,,
1766483513.327851,0.500772286892125,0.39052030803477455,1.0,1,False,,,,
1766483513.330685,0.5014962694945047,0.38707109525463257,1.0,2,False,,,,
1766483513.768963,0.5014962694945047,0.38707109525463257,1.0,2,False,,,,
1766483513.774199,0.5014962694945047,0.38707109525463257,1.0,2,False,,,,
1766483513.777139,0.5014962694945047,0.38707109525463257,1.0,2,False,,,,
1766483513.7795699,0.5014962694945047,0.38707109525463257,1.0,2,False,,,,
1766483513.7826188,0.4971920229180674,0.41620876027045417,1.0,2,False,,,,
1766483514.1883788,0.4978212815677051,0.41664865213238667,1.0,2,False,,,,
1766483514.195466,0.4978212815677051,0.41664865213238667,1.0,2,False,,,,
1766483514.202504,0.4978212815677051,0.41664865213238667,1.0,2,False,,,,
1766483514.205743,0.4978212815677051,0.41664865213238667,1.0,2,False,,,,
1766483514.20821,0.5186488531294688,0.4009612069711128,1.0,3,False,,,,
1766483514.586733,0.5190425247889782,0.4018820921636712,1.0,3,False,,,,
1766483514.593825,0.5194017015909133,0.4012959933995067,1.0,3,False,,,,
1766483514.5970619,0.5194017015909133,0.4012959933995067,1.0,3,False,,,,
1766483514.602447,0.5194017015909133,0.4012959933995067,1.0,3,False,,,,
1766483514.605101,0.5037037812522606,0.40561717900223604,1.0,3,False,,,,
1766483515.008229,0.5037037812522606,0.40561717900223604,1.0,3,False,,,,
1766483515.0147269,0.5037037812522606,0.40561717900223604,1.0,3,False,,,,
1766483515.0178728,0.5037037812522606,0.40561717900223604,1.0,3,False,,,,
1766483515.021176,0.5038082369676364,0.4054745987390713,1.0,3,False,,,,
1766483515.024144,0.5247384347462709,0.3933173772674876,1.0,2,False,,,,
1766483515.37095,0.5247384347462709,0.3933173772674876,1.0,2,False,,,,
1766483515.3771122,0.5247384347462709,0.3933173772674876,1.0,2,False,,,,
1766483515.379808,0.5247384347462709,0.3933173772674876,1.0,2,False,,,,
1766483515.382454,0.5247384347462709,0.3933173772674876,1.0,2,False,,,,
1766483515.38538,0.5260051693934145,0.39393883109410677,1.0,2,False,,,,
1766483515.767376,0.5256267449287102,0.39344401713331956,1.0,2,False,,,,
1766483515.7746089,0.5256267449287102,0.39344401713331956,1.0,2,False,,,,
1766483515.780513,0.5256267449287102,0.39344401713331956,1.0,2,False,,,,
1766483515.7833111,0.5256267449287102,0.39344401713331956,1.0,2,False,,,,
1766483515.785742,0.5777564002385487,0.9490145858668244,0.823491632938385,2,False,,,,
1766483516.439351,0.5777564002385487,0.9490145858668244,0.823491632938385,2,False,,,,
1766483516.448704,0.5777564002385487,0.9490145858668244,0.823491632938385,2,False,,,,
1766483516.451241,0.5777564002385487,0.9490145858668244,0.823491632938385,2,False,,,,
1766483516.45356,0.5777564002385487,0.9490145858668244,0.823491632938385,2,False,,,,
1766483516.4562619,0.48975985892788965,0.9374210570911683,0.9122908711433411,1,False,,,,
1766483516.918794,0.48975985892788965,0.9374210570911683,0.9122908711433411,1,False,,,,
1766483516.9252748,0.48975985892788965,0.9374210570911683,0.9122908711433411,1,False,,,,
1766483516.930418,0.48975985892788965,0.9374210570911683,0.9122908711433411,1,False,,,,
1766483516.933821,0.4897391941879722,0.9369927355115266,0.9122908711433411,1,False,,,,
1766483516.9374049,0.4428335411431579,1.0116462149033536,0.9303474724292755,1,False,,,,
1766483517.186743,0.4428335411431579,1.0116462149033536,0.9303474724292755,1,False,,,,
1766483517.1927,0.4428335411431579,1.0116462149033536,0.9303474724292755,1,False,,,,
1766483517.19519,0.4428335411431579,1.0116462149033536,0.9303474724292755,1,False,,,,
1766483517.1974568,0.4428335411431579,1.0116462149033536,0.9303474724292755,1,False,,,,
1766483517.201302,0.5286763395341275,1.130051233219356,1.0,1,False,,,,
1766483517.473388,0.5286574101891969,1.129137496033601,1.0,1,False,,,,
1766483517.479758,0.5286574101891969,1.129137496033601,1.0,1,False,,,,
1766483517.486612,0.5286574101891969,1.129137496033601,1.0,1,False,,,,
1766483517.4895208,0.5286574101891969,1.129137496033601,1.0,1,False,,,,
1766483517.494713,0.426537748473074,1.1039374833726097,0.8960422575473785,1,False,,,,
1766483517.7090628,0.42230080490236094,1.1163235946361019,0.8795904815196991,1,False,,,,
1766483517.7162821,0.42230080490236094,1.1163235946361019,0.8795904815196991,1,False,,,,
1766483517.722427,0.42230080490236094,1.1163235946361019,0.8795904815196991,1,False,,,,
1766483517.725413,0.42230080490236094,1.1163235946361019,0.8795904815196991,1,False,,,,
1766483517.7276459,0.5305936559288591,1.0260089287871326,0.9470546841621399,1,False,,,,
1766483518.0289652,0.5305936559288591,1.0260089287871326,0.9470546841621399,1,False,,,,
1766483518.0347662,0.5305936559288591,1.0260089287871326,0.9470546841621399,1,False,,,,
1766483518.037693,0.5324417971507367,1.0221987765773486,0.9828245639801025,1,False,,,,
1766483518.040261,0.5356330365152141,1.01540966727251,0.9784788489341736,1,False,,,,
1766483518.043794,0.5588568613639543,0.9545228258578732,1.0,1,False,,,,
1766483518.292064,0.5588568613639543,0.9545228258578732,1.0,1,False,,,,
1766483518.2976499,0.5588568613639543,0.9545228258578732,1.0,1,False,,,,
1766483518.300257,0.5588568613639543,0.9545228258578732,1.0,1,False,,,,
1766483518.302685,0.5588568613639543,0.9545228258578732,1.0,1,False,,,,
1766483518.305865,0.5566474192804534,0.9611486777834822,0.9852379262447357,1,False,,,,
1766483518.527547,0.5566474192804534,0.9611486777834822,0.9852379262447357,1,False,,,,
1766483518.5331059,0.5566474192804534,0.9611486777834822,0.9852379262447357,1,False,,,,
1766483518.536076,0.5566474192804534,0.9611486777834822,0.9852379262447357,1,False,,,,
1766483518.5386581,0.5566474192804534,0.9611486777834822,0.9852379262447357,1,False,,,,
1766483518.5410712,0.4776133649673964,1.021671615836482,0.9210628867149353,2,False,,,,
1766483518.864428,0.4776133649673964,1.021671615836482,0.9210628867149353,2,False,,,,
1766483518.870761,0.4776133649673964,1.021671615836482,0.9210628867149353,2,False,,,,
1766483518.873499,0.4776133649673964,1.021671615836482,0.9210628867149353,2,False,,,,
1766483518.879024,0.48166500700144255,1.028909677936263,0.9363436698913574,2,False,,,,
1766483518.881614,0.4882063040856065,1.0566810859113676,1.0,2,False,,,,
1766483519.205502,0.4882063040856065,1.0566810859113676,1.0,2,False,,,,
1766483519.211951,0.49098979939181664,1.0566283253581141,1.0,2,False,,,,
1766483519.214842,0.49098979939181664,1.0566283253581141,1.0,2,False,,,,
1766483519.219181,0.49098979939181664,1.0566283253581141,1.0,2,False,,,,
1766483519.22557,0.44950195748266664,0.844723798821637,0.28414180985785437,1,False,,,,
1766483519.53885,0.44950195748266664,0.844723798821637,0.28414180985785437,1,False,,,,
1766483519.546277,0.42417987058368023,0.7862000245037294,0.34961031001443515,1,False,,,,
1766483519.549828,0.42417987058368023,0.7862000245037294,0.34961031001443515,1,False,,,,
1766483519.553055,0.42417987058368023,0.7862000245037294,0.34961031001443515,1,False,,,,
1766483519.5597901,0.536385937785711,0.3538654199194923,1.0,1,False,,,,
1766483519.781409,0.5344132107965469,0.3545521439024485,1.0,1,False,,,,
1766483519.790987,0.5299970551683659,0.3587672935151176,1.0,1,False,,,,
1766483519.79832,0.5299970551683659,0.3587672935151176,1.0,1,False,,,,
1766483519.8013508,0.5299970551683659,0.3587672935151176,1.0,1,False,,,,
1766483519.8043609,0.5385027291561906,0.4149129234691237,1.0,1,False,,,,
1766483520.1042979,0.5385027291561906,0.4149129234691237,1.0,1,False,,,,
1766483520.111663,0.5385027291561906,0.4149129234691237,1.0,1,False,,,,
1766483520.1146472,0.5385027291561906,0.4149129234691237,1.0,1,False,,,,
1766483520.117548,0.5380785406969932,0.4130615210579882,1.0,1,False,,,,
1766483520.120419,0.5352216206298586,0.4239775933718487,1.0,1,False,,,,
1766483520.413337,0.5352216206298586,0.4239775933718487,1.0,1,False,,,,
1766483520.4198558,0.535389287814414,0.42434711276952375,1.0,1,False,,,,
1766483520.425208,0.535389287814414,0.42434711276952375,1.0,1,False,,,,
1766483520.431744,0.535389287814414,0.42434711276952375,1.0,1,False,,,,
1766483520.4348018,0.5370762874331392,0.4358634211665856,1.0,2,False,,,,
1766483520.779882,0.5370762874331392,0.4358634211665856,1.0,2,False,,,,
1766483520.7870002,0.5369424836215206,0.43415568650592007,1.0,2,False,,,,
1766483520.7903318,0.5366860466224189,0.43449366320582494,1.0,2,False,,,,
1766483520.793387,0.5366860466224189,0.43449366320582494,1.0,2,False,,,,
1766483520.7997959,0.5249960690629272,0.4416885451772259,1.0,1,False,,,,
1766483521.1169028,0.5249960690629272,0.4416885451772259,1.0,1,False,,,,
1766483521.122891,0.5232200568408101,0.4435707863842917,1.0,1,False,,,,
1766483521.126157,0.5232200568408101,0.4435707863842917,1.0,1,False,,,,
1766483521.1303658,0.5232200568408101,0.4435707863842917,1.0,1,False,,,,
1766483521.1365619,0.5178983993301356,0.459645936484834,1.0,1,False,,,,
1766483521.36762,0.5178983993301356,0.459645936484834,1.0,1,False,,,,
1766483521.374374,0.5178983993301356,0.459645936484834,1.0,1,False,,,,
1766483521.377082,0.5178983993301356,0.459645936484834,1.0,1,False,,,,
1766483521.379654,0.5178983993301356,0.459645936484834,1.0,1,False,,,,
1766483521.3823318,0.5250623790439308,0.4605623544085351,1.0,1,False,,,,
1766483521.722709,0.5250623790439308,0.4605623544085351,1.0,1,False,,,,
1766483521.728802,0.524663490552092,0.4594654275547996,1.0,1,False,,,,
1766483521.733441,0.524663490552092,0.4594654275547996,1.0,1,False,,,,
1766483521.740299,0.524663490552092,0.4594654275547996,1.0,1,False,,,,
1766483521.743111,0.5220346995057555,0.47904060901429824,1.0,1,False,,,,
1766483522.375962,0.5220346995057555,0.47904060901429824,1.0,1,False,,,,
1766483522.381124,0.5220346995057555,0.47904060901429824,1.0,1,False,,,,
1766483522.3839529,0.5220346995057555,0.47904060901429824,1.0,1,False,,,,
1766483522.3866298,0.5220346995057555,0.47904060901429824,1.0,1,False,,,,
1766483522.389513,0.5341291195085298,0.4968875467126064,1.0,2,False,,,,
1766483522.758656,0.5341291195085298,0.4968875467126064,1.0,2,False,,,,
1766483522.765376,0.5339459485929401,0.498046374447333,1.0,2,False,,,,
1766483522.769098,0.5339459485929401,0.498046374447333,1.0,2,False,,,,
1766483522.775268,0.5339459485929401,0.498046374447333,1.0,2,False,,,,
1766483522.77833,0.5257612120327938,0.4906275534247544,1.0,2,False,,,,
1766483523.300533,0.5257612120327938,0.4906275534247544,1.0,2,False,,,,
1766483523.308463,0.5257919993692146,0.49118499058045784,1.0,2,False,,,,
1766483523.311465,0.5257919993692146,0.49118499058045784,1.0,2,False,,,,
1766483523.316962,0.5257919993692146,0.49118499058045784,1.0,2,False,,,,
1766483523.3195908,0.5238020317286496,0.5085139376988036,1.0,2,False,,,,
1766483523.73519,0.5248749149750507,0.5079072290670555,1.0,2,False,,,,
1766483523.742285,0.5252890052095804,0.5078024974264188,1.0,2,False,,,,
1766483523.748847,0.5252890052095804,0.5078024974264188,1.0,2,False,,,,
1766483523.75198,0.5252890052095804,0.5078024974264188,1.0,2,False,,,,
1766483523.7547379,0.5402797015169425,0.5025136940970054,1.0,2,False,,,,
1766483524.0120409,0.5402797015169425,0.5025136940970054,1.0,2,False,,,,
1766483524.0181508,0.5402797015169425,0.5025136940970054,1.0,2,False,,,,
1766483524.021067,0.5402797015169425,0.5025136940970054,1.0,2,False,,,,
1766483524.0239282,0.5402797015169425,0.5025136940970054,1.0,2,False,,,,
1766483524.026867,0.5574043308660134,0.4986085035674106,1.0,2,False,,,,
1766483524.284719,0.5574043308660134,0.4986085035674106,1.0,2,False,,,,
1766483524.290687,0.5574043308660134,0.4986085035674106,1.0,2,False,,,,
1766483524.293937,0.5574043308660134,0.4986085035674106,1.0,2,False,,,,
1766483524.2964108,0.5574043308660134,0.4986085035674106,1.0,2,False,,,,
1766483524.298838,0.5200722342403526,0.5091024304947882,1.0,2,False,,,,
1766483524.628675,0.5200722342403526,0.5091024304947882,1.0,2,False,,,,
1766483524.6350431,0.5200722342403526,0.5091024304947882,1.0,2,False,,,,
1766483524.637867,0.5200722342403526,0.5091024304947882,1.0,2,False,,,,
1766483524.640723,0.5200722342403526,0.5091024304947882,1.0,2,False,,,,
1766483524.643554,0.5402031631693041,0.432823649151419,1.0,2,False,,,,
1766483524.975471,0.5417564536072088,0.41785600767724274,1.0,2,False,,,,
1766483524.983401,0.5417564536072088,0.41785600767724274,1.0,2,False,,,,
1766483524.9895282,0.5417564536072088,0.41785600767724274,1.0,2,False,,,,
1766483524.9923258,0.5417564536072088,0.41785600767724274,1.0,2,False,,,,
1766483524.9947782,0.5502180688663447,0.27355969538898117,0.9801247417926788,2,False,,,,
1766483525.3062038,0.5502180688663447,0.27355969538898117,0.9801247417926788,2,False,,,,
1766483525.3138828,0.5512212130797568,0.25945481733242626,0.9681670069694519,2,False,,,,
1766483525.318534,0.5512212130797568,0.25945481733242626,0.9681670069694519,2,False,,,,
1766483525.3256772,0.5512212130797568,0.25945481733242626,0.9681670069694519,2,False,,,,
1766483525.328565,0.5727151175814825,0.20271676050574183,0.9215498268604279,2,False,,,,
1766483525.6564429,0.5727151175814825,0.20271676050574183,0.9215498268604279,2,False,,,,
1766483525.663636,0.5727151175814825,0.20271676050574183,0.9215498268604279,2,False,,,,
1766483525.6664681,0.5727151175814825,0.20271676050574183,0.9215498268604279,2,False,,,,
1766483525.668891,0.5727151175814825,0.20271676050574183,0.9215498268604279,2,False,,,,
1766483525.67435,0.523501872423034,0.8955646943252461,0.4657256173109945,1,False,,,,
1766483525.90918,0.523501872423034,0.8955646943252461,0.4657256173109945,1,False,,,,
1766483525.916874,0.5202029832772299,0.8925278166879418,0.5028636601423067,1,False,,,,
1766483525.921063,0.5202029832772299,0.8925278166879418,0.5028636601423067,1,False,,,,
1766483525.9283478,0.5202029832772299,0.8925278166879418,0.5028636601423067,1,False,,,,
1766483525.9311612,0.48657863481319696,1.0343486429346012,0.9093067944049835,1,False,,,,
1766483526.783211,0.48657863481319696,1.0343486429346012,0.9093067944049835,1,False,,,,
1766483526.790208,0.4884121810446575,1.0368277498309348,0.9230511486530304,1,False,,,,
1766483526.794144,0.4884121810446575,1.0368277498309348,0.9230511486530304,1,False,,,,
1766483526.8006458,0.4884121810446575,1.0368277498309348,0.9230511486530304,1,False,,,,
1766483526.803283,0.49086539152080777,0.9925971872759997,0.9057821035385132,1,False,,,,
1766483527.10075,0.49086539152080777,0.9925971872759997,0.9057821035385132,1,False,,,,
1766483527.105846,0.49086539152080777,0.9925971872759997,0.9057821035385132,1,False,,,,
1766483527.1087081,0.49086539152080777,0.9925971872759997,0.9057821035385132,1,False,,,,
1766483527.1113951,0.49086539152080777,0.9925971872759997,0.9057821035385132,1,False,,,,
1766483527.113614,0.4915612234637183,0.9865697583196433,0.948050320148468,1,False,,,,
1766483527.4017909,0.4915612234637183,0.9865697583196433,0.948050320148468,1,False,,,,
1766483527.408772,0.4915612234637183,0.9865697583196433,0.948050320148468,1,False,,,,
1766483527.411474,0.4915612234637183,0.9865697583196433,0.948050320148468,1,False,,,,
1766483527.414019,0.4915612234637183,0.9865697583196433,0.948050320148468,1,False,,,,
1766483527.4166899,0.5789370070740865,0.35712469518935763,1.0,1,True,0.5627614259719849,0.22654762864112854,0.06626339256763458,0.14378026127815247
1766483527.639772,0.5789370070740865,0.35712469518935763,1.0,1,True,0.5627614259719849,0.22654762864112854,0.06626339256763458,0.14378026127815247
1766483527.6472268,0.5789370070740865,0.35712469518935763,1.0,1,True,0.5627614259719849,0.22654762864112854,0.06626339256763458,0.14378026127815247
1766483527.6503198,0.5789370070740865,0.35712469518935763,1.0,1,True,0.5627614259719849,0.22654762864112854,0.06626339256763458,0.14378026127815247
1766483527.655191,0.5789370070740865,0.35712469518935763,1.0,1,True,0.5627614259719849,0.22654762864112854,0.06626339256763458,0.14378026127815247
1766483527.6585999,0.5435543468535717,0.5646885498766562,1.0,2,False,,,,
1766483527.954058,0.5435543468535717,0.5646885498766562,1.0,2,False,,,,
1766483527.960829,0.5410683855868138,0.5703865759737379,1.0,2,False,,,,
1766483527.9640498,0.5410683855868138,0.5703865759737379,1.0,2,False,,,,
1766483527.9712331,0.5410683855868138,0.5703865759737379,1.0,2,False,,,,
1766483527.974459,0.5385904507741437,0.5697819405751633,1.0,2,False,,,,
1766483528.23074,0.537756147732228,0.5685821819739394,1.0,2,False,,,,
1766483528.237665,0.537756147732228,0.5685821819739394,1.0,2,False,,,,
1766483528.2435808,0.537756147732228,0.5685821819739394,1.0,2,False,,,,
1766483528.246741,0.537756147732228,0.5685821819739394,1.0,2,False,,,,
1766483528.2490828,0.539055339090676,0.539196013129648,1.0,2,False,,,,
1766483528.508894,0.539055339090676,0.539196013129648,1.0,2,False,,,,
1766483528.514771,0.539055339090676,0.539196013129648,1.0,2,False,,,,
1766483528.517764,0.539055339090676,0.539196013129648,1.0,2,False,,,,
1766483528.520643,0.539055339090676,0.539196013129648,1.0,2,False,,,,
1766483528.523056,0.5388292144633773,0.5243697270434742,1.0,2,False,,,,
1766483528.858786,0.5388292144633773,0.5243697270434742,1.0,2,False,,,,
1766483528.8648598,0.5383889780940092,0.5236872299988486,1.0,2,False,,,,
1766483528.868921,0.5383889780940092,0.5236872299988486,1.0,2,False,,,,
1766483528.8724842,0.5383889780940092,0.5236872299988486,1.0,2,False,,,,
1766483528.878881,0.5360285482071621,0.5242612485827995,1.0,2,False,,,,
1766483529.233005,0.5372472371410635,0.525089324482599,1.0,2,False,,,,
1766483529.239605,0.5372472371410635,0.525089324482599,1.0,2,False,,,,
1766483529.245255,0.5372472371410635,0.525089324482599,1.0,2,False,,,,
1766483529.247956,0.5372472371410635,0.525089324482599,1.0,2,False,,,,
1766483529.250623,0.5372595174361792,0.5185513507205948,1.0,2,False,,,,
1766483529.5948858,0.5372595174361792,0.5185513507205948,1.0,2,False,,,,
1766483529.601084,0.537255743754186,0.5186453895736467,1.0,2,False,,,,
1766483529.604127,0.5368158104111552,0.5172596183505372,1.0,2,False,,,,
1766483529.607834,0.5368158104111552,0.5172596183505372,1.0,2,False,,,,
1766483529.612385,0.531784779180086,0.5309759156751892,1.0,2,False,,,,
1766483529.9399931,0.5392625560367768,0.5329115400215231,1.0,2,False,,,,
1766483529.9464262,0.5392625560367768,0.5329115400215231,1.0,2,False,,,,
1766483529.952908,0.5392625560367768,0.5329115400215231,1.0,2,False,,,,
1766483529.955901,0.5392625560367768,0.5329115400215231,1.0,2,False,,,,
1766483529.960832,0.5401861214442696,0.5109733756263772,1.0,2,False,,,,
1766483530.307364,0.5401729397763119,0.5109597650964257,1.0,2,False,,,,
1766483530.314186,0.5401729397763119,0.5109597650964257,1.0,2,False,,,,
1766483530.319916,0.5401729397763119,0.5109597650964257,1.0,2,False,,,,
1766483530.3229408,0.5401729397763119,0.5109597650964257,1.0,2,False,,,,
1766483530.3254569,0.5443793211892021,0.5108848461993369,1.0,2,False,,,,
1766483530.743458,0.544702760462496,0.5110778967972619,1.0,2,False,,,,
1766483530.7503319,0.544702760462496,0.5110778967972619,1.0,2,False,,,,
1766483530.756792,0.544702760462496,0.5110778967972619,1.0,2,False,,,,
1766483530.759541,0.544702760462496,0.5110778967972619,1.0,2,False,,,,
1766483530.762035,0.5438105484744491,0.5183890312926509,1.0,2,False,,,,
1766483531.076107,0.5437420983890625,0.5176270444189865,1.0,2,False,,,,
1766483531.082294,0.5437420983890625,0.5176270444189865,1.0,2,False,,,,
1766483531.089225,0.5437420983890625,0.5176270444189865,1.0,2,False,,,,
1766483531.092587,0.5437420983890625,0.5176270444189865,1.0,2,False,,,,
1766483531.0951412,0.5546745600009508,0.5266384518051912,1.0,2,False,,,,
1766483531.3560991,0.5546745600009508,0.5266384518051912,1.0,2,False,,,,
1766483531.3622139,0.5546745600009508,0.5266384518051912,1.0,2,False,,,,
1766483531.364989,0.5546745600009508,0.5266384518051912,1.0,2,False,,,,
1766483531.3677921,0.5546745600009508,0.5266384518051912,1.0,2,False,,,,
1766483531.370827,0.5545496377309347,0.5210755319570654,1.0,2,False,,,,
1766483531.63125,0.5545496377309347,0.5210755319570654,1.0,2,False,,,,
1766483531.637082,0.5545496377309347,0.5210755319570654,1.0,2,False,,,,
1766483531.64011,0.5545496377309347,0.5210755319570654,1.0,2,False,,,,
1766483531.6456902,0.5546160060896691,0.5212278708908423,1.0,2,False,,,,
1766483531.6488802,0.5449482444850673,0.5235743677437268,1.0,2,False,,,,
1766483531.9275331,0.5449482444850673,0.5235743677437268,1.0,2,False,,,,
1766483531.9336529,0.5449482444850673,0.5235743677437268,1.0,2,False,,,,
1766483531.936552,0.5449482444850673,0.5235743677437268,1.0,2,False,,,,
1766483531.939371,0.5449482444850673,0.5235743677437268,1.0,2,False,,,,
1766483531.942036,0.5574965762651127,0.5051486857405639,1.0,2,False,,,,
1766483532.3122518,0.5574965762651127,0.5051486857405639,1.0,2,False,,,,
1766483532.319201,0.5589888967884213,0.5066519645210595,1.0,2,False,,,,
1766483532.323107,0.5589888967884213,0.5066519645210595,1.0,2,False,,,,
1766483532.3297641,0.5589888967884213,0.5066519645210595,1.0,2,False,,,,
1766483532.3325288,0.5561479819697344,0.5051799697423984,1.0,2,False,,,,
1766483532.69747,0.5561479819697344,0.5051799697423984,1.0,2,False,,,,
1766483532.7036018,0.5561479819697344,0.5051799697423984,1.0,2,False,,,,
1766483532.7066538,0.5561479819697344,0.5051799697423984,1.0,2,False,,,,
1766483532.709441,0.5561479819697344,0.5051799697423984,1.0,2,False,,,,
1766483532.711724,0.5533780894237914,0.5041676839617689,1.0,2,False,,,,
1766483532.9792142,0.5533780894237914,0.5041676839617689,1.0,2,False,,,,
1766483532.985055,0.5532259032047424,0.5038153656570218,1.0,2,False,,,,
1766483532.989843,0.5536442290251522,0.5042831352570972,1.0,2,False,,,,
1766483532.9929678,0.5536442290251522,0.5042831352570972,1.0,2,False,,,,
1766483532.996495,0.5530480161165923,0.46549415456197574,1.0,2,False,,,,
1766483533.402199,0.5530480161165923,0.46549415456197574,1.0,2,False,,,,
1766483533.408759,0.5530480161165923,0.46549415456197574,1.0,2,False,,,,
1766483533.41412,0.5530480161165923,0.46549415456197574,1.0,2,False,,,,
1766483533.4173021,0.5530480161165923,0.46549415456197574,1.0,2,False,,,,
1766483533.420074,0.5248947129874997,0.8937971109595547,0.9485434591770172,3,False,,,,
1766483533.746227,0.5248947129874997,0.8937971109595547,0.9485434591770172,3,False,,,,
1766483533.754357,0.5397638395937692,0.9307929291367945,0.9158840108411772,3,False,,,,
1766483533.757967,0.5418687474832083,0.9439964632780611,0.8900192379951477,3,True,0.544663667678833,0.8948944807052612,0.03983259201049805,0.08643815666437149
1766483533.760756,0.5418687474832083,0.9439964632780611,0.8900192379951477,3,True,0.544663667678833,0.8948944807052612,0.03983259201049805,0.08643815666437149
1766483533.7673779,0.5380596507988187,0.8666739003383835,0.884330540895462,1,False,,,,
1766483534.0019672,0.5380596507988187,0.8666739003383835,0.884330540895462,1,False,,,,
1766483534.008369,0.5380596507988187,0.8666739003383835,0.884330540895462,1,False,,,,
1766483534.010939,0.5380596507988187,0.8666739003383835,0.884330540895462,1,False,,,,
1766483534.013271,0.5380596507988187,0.8666739003383835,0.884330540895462,1,False,,,,
1766483534.018883,0.5369397738731227,0.9602360308602019,0.9894059300422668,1,False,,,,
1766483534.294184,0.5361084413317723,0.958308244154407,0.9704839289188385,1,False,,,,
1766483534.3019168,0.5361084413317723,0.958308244154407,0.9704839289188385,1,False,,,,
1766483534.3079271,0.5361084413317723,0.958308244154407,0.9704839289188385,1,False,,,,
1766483534.310847,0.5361084413317723,0.958308244154407,0.9704839289188385,1,False,,,,
1766483534.313579,0.46889816949646085,0.9817050322363414,0.8882010281085968,1,False,,,,
1766483534.622577,0.46889816949646085,0.9817050322363414,0.8882010281085968,1,False,,,,
1766483534.629455,0.4703895211794916,0.9843803007701272,0.8815511167049408,1,False,,,,
1766483534.63235,0.4703895211794916,0.9843803007701272,0.8815511167049408,1,False,,,,
1766483534.638958,0.4703895211794916,0.9843803007701272,0.8815511167049408,1,False,,,,
1766483534.6417122,0.5438919425979691,0.9337886551676099,1.0,2,False,,,,
1766483535.074284,0.5438919425979691,0.9337886551676099,1.0,2,False,,,,
1766483535.081579,0.5438919425979691,0.9337886551676099,1.0,2,False,,,,
1766483535.084615,0.5438919425979691,0.9337886551676099,1.0,2,False,,,,
1766483535.087136,0.5438919425979691,0.9337886551676099,1.0,2,False,,,,
1766483535.0899572,0.5336638428020672,0.3624724114286838,1.0,2,False,,,,
1766483536.411221,0.5336638428020672,0.3624724114286838,1.0,2,False,,,,
1766483536.4208891,0.5336638428020672,0.3624724114286838,1.0,2,False,,,,
1766483536.427134,0.5336638428020672,0.3624724114286838,1.0,2,False,,,,
1766483536.430453,0.5336638428020672,0.3624724114286838,1.0,2,False,,,,
1766483536.433048,0.5319756026065771,0.42703698005321655,1.0,1,False,,,,
1766483537.430225,0.5319756026065771,0.42703698005321655,1.0,1,False,,,,
1766483537.436627,0.5319756026065771,0.42703698005321655,1.0,1,False,,,,
1766483537.43962,0.5319756026065771,0.42703698005321655,1.0,1,False,,,,
1766483537.4461539,0.5313327246294899,0.42475930028256104,1.0,1,False,,,,
1766483537.4493089,0.5325843859938003,0.40908072906822235,1.0,1,False,,,,
1766483537.673507,0.5325843859938003,0.40908072906822235,1.0,1,False,,,,
1766483537.680568,0.5327982485094813,0.41068999589767685,1.0,1,False,,,,
1766483537.683933,0.5327982485094813,0.41068999589767685,1.0,1,False,,,,
1766483537.6869,0.5327982485094813,0.41068999589767685,1.0,1,False,,,,
1766483537.692856,0.5318014666078199,0.4112456623823587,1.0,1,False,,,,
1766483537.9837928,0.5317526245640625,0.41082794531673983,1.0,1,False,,,,
1766483537.991661,0.5317526245640625,0.41082794531673983,1.0,1,False,,,,
1766483537.997725,0.5317526245640625,0.41082794531673983,1.0,1,False,,,,
1766483538.001708,0.5317526245640625,0.41082794531673983,1.0,1,False,,,,
1766483538.004069,0.5300044713990861,0.4227301047059312,1.0,2,False,,,,
1766483538.2840729,0.5303057625876415,0.42392827384642584,1.0,2,False,,,,
1766483538.29086,0.5303057625876415,0.42392827384642584,1.0,2,False,,,,
1766483538.29768,0.5303057625876415,0.42392827384642584,1.0,2,False,,,,
1766483538.3012638,0.5303057625876415,0.42392827384642584,1.0,2,False,,,,
1766483538.3036218,0.5323661582747222,0.4303461419981518,1.0,2,False,,,,
1766483538.760959,0.5323661582747222,0.4303461419981518,1.0,2,False,,,,
1766483538.767618,0.5323661582747222,0.4303461419981518,1.0,2,False,,,,
1766483538.770666,0.5323661582747222,0.4303461419981518,1.0,2,False,,,,
1766483538.773098,0.5323661582747222,0.4303461419981518,1.0,2,False,,,,
1766483538.775712,0.53133736426461,0.43855948720102544,1.0,2,False,,,,
1766483539.170999,0.53133736426461,0.43855948720102544,1.0,2,False,,,,
1766483539.177415,0.53133736426461,0.43855948720102544,1.0,2,False,,,,
1766483539.1827898,0.53133736426461,0.43855948720102544,1.0,2,False,,,,
1766483539.1857438,0.5312510537374101,0.4389327850446767,1.0,2,False,,,,
1766483539.1893592,0.5343014562485686,0.4424815839278322,1.0,2,False,,,,
1766483539.486222,0.534564126667712,0.44386356556935846,1.0,2,False,,,,
1766483539.4945788,0.5312816027447127,0.4454927739183996,1.0,2,False,,,,
1766483539.5013561,0.5312816027447127,0.4454927739183996,1.0,2,False,,,,
1766483539.504283,0.5312816027447127,0.4454927739183996,1.0,2,False,,,,
1766483539.506798,0.5253336943388238,0.44256322426630623,1.0,2,False,,,,
1766483539.766846,0.5253336943388238,0.44256322426630623,1.0,2,False,,,,
1766483539.77297,0.5253336943388238,0.44256322426630623,1.0,2,False,,,,
1766483539.7763,0.5253336943388238,0.44256322426630623,1.0,2,False,,,,
1766483539.778653,0.5253336943388238,0.44256322426630623,1.0,2,False,,,,
1766483539.78354,0.5293882314694389,0.4439579137723151,1.0,2,False,,,,
1766483540.299019,0.5290163878631939,0.4437050073922091,1.0,2,False,,,,
1766483540.307472,0.5290163878631939,0.4437050073922091,1.0,2,False,,,,
1766483540.313462,0.5290163878631939,0.4437050073922091,1.0,2,False,,,,
1766483540.317133,0.5290163878631939,0.4437050073922091,1.0,2,False,,,,
1766483540.319656,0.5554724007694404,0.44991889189187817,1.0,2,False,,,,
1766483540.706974,0.5554724007694404,0.44991889189187817,1.0,2,False,,,,
1766483540.713075,0.5554724007694404,0.44991889189187817,1.0,2,False,,,,
1766483540.715882,0.5554724007694404,0.44991889189187817,1.0,2,False,,,,
1766483540.718604,0.5554724007694404,0.44991889189187817,1.0,2,False,,,,
1766483540.721453,0.5288639683863787,0.4359461497703163,1.0,2,False,,,,
1766483541.0368729,0.5288639683863787,0.4359461497703163,1.0,2,False,,,,
1766483541.042052,0.5288639683863787,0.4359461497703163,1.0,2,False,,,,
1766483541.0450969,0.5288639683863787,0.4359461497703163,1.0,2,False,,,,
1766483541.047662,0.5288639683863787,0.4359461497703163,1.0,2,False,,,,
1766483541.0503669,0.5451568524611211,0.44846666622032594,1.0,2,False,,,,
1766483541.4251142,0.5451568524611211,0.44846666622032594,1.0,2,False,,,,
1766483541.4314198,0.5433048267656954,0.44777464222657337,0.9912680387496948,2,False,,,,
1766483541.435136,0.5436791933288494,0.44692685612066385,1.0,2,False,,,,
1766483541.4395032,0.5436791933288494,0.44692685612066385,1.0,2,False,,,,
1766483541.446012,0.5534082471073464,0.4484094559398961,1.0,2,False,,,,
1766483541.740642,0.5534082471073464,0.4484094559398961,1.0,2,False,,,,
1766483541.746881,0.5534082471073464,0.4484094559398961,1.0,2,False,,,,
1766483541.749748,0.5534082471073464,0.4484094559398961,1.0,2,False,,,,
1766483541.754928,0.5534082471073464,0.4484094559398961,1.0,2,False,,,,
1766483541.757472,0.5347896608898115,0.44852276071181796,1.0,2,False,,,,
1766483542.081921,0.5347896608898115,0.44852276071181796,1.0,2,False,,,,
1766483542.088314,0.5347896608898115,0.44852276071181796,1.0,2,False,,,,
1766483542.0914261,0.5347896608898115,0.44852276071181796,1.0,2,False,,,,
1766483542.093973,0.5347896608898115,0.44852276071181796,1.0,2,False,,,,
1766483542.096252,0.5522672670870883,0.45816798004345327,1.0,2,False,,,,
1766483542.444988,0.5522672670870883,0.45816798004345327,1.0,2,False,,,,
1766483542.450922,0.5522672670870883,0.45816798004345327,1.0,2,False,,,,
1766483542.4536471,0.5522672670870883,0.45816798004345327,1.0,2,False,,,,
1766483542.456445,0.5522672670870883,0.45816798004345327,1.0,2,False,,,,
1766483542.45934,0.5337640905292572,0.46191348669978516,1.0,2,False,,,,
1766483542.8591309,0.5337640905292572,0.46191348669978516,1.0,2,False,,,,
1766483542.8655958,0.5337640905292572,0.46191348669978516,1.0,2,False,,,,
1766483542.869225,0.5338292318434904,0.4624545893193507,1.0,2,False,,,,
1766483542.87237,0.5341299453648661,0.46277687442536963,1.0,2,False,,,,
1766483542.875094,0.5261453781790549,0.45494354798807435,1.0,2,False,,,,
1766483543.143157,0.5255274552204237,0.455149264057896,1.0,2,False,,,,
1766483543.150452,0.5255274552204237,0.455149264057896,1.0,2,False,,,,
1766483543.156856,0.5255274552204237,0.455149264057896,1.0,2,False,,,,
1766483543.159609,0.5255274552204237,0.455149264057896,1.0,2,False,,,,
1766483543.162108,0.5227560603859328,0.4449113982581605,1.0,2,False,,,,
1766483543.486209,0.5227560603859328,0.4449113982581605,1.0,2,False,,,,
1766483543.4929512,0.5227560603859328,0.4449113982581605,1.0,2,False,,,,
1766483543.498464,0.5227560603859328,0.4449113982581605,1.0,2,False,,,,
1766483543.501081,0.5227560603859328,0.4449113982581605,1.0,2,False,,,,
1766483543.503674,0.5089592128821658,0.4452694301297344,1.0,2,False,,,,
1766483543.768362,0.5089592128821658,0.4452694301297344,1.0,2,False,,,,
1766483543.774837,0.5082611806577852,0.4452193346100025,1.0,2,False,,,,
1766483543.778461,0.5086749343705483,0.4453300867378327,1.0,2,False,,,,
1766483543.781678,0.5086749343705483,0.4453300867378327,1.0,2,False,,,,
1766483543.78801,0.5319655968062327,0.4209383787945633,1.0,2,False,,,,
1766483544.0840309,0.5433874734240274,0.41968599922160643,1.0,2,False,,,,
1766483544.09065,0.5433874734240274,0.41968599922160643,1.0,2,False,,,,
1766483544.097108,0.5433874734240274,0.41968599922160643,1.0,2,False,,,,
1766483544.100745,0.5433874734240274,0.41968599922160643,1.0,2,False,,,,
1766483544.1062322,0.5337831576285442,0.4096117467971746,1.0,2,False,,,,
1766483544.506048,0.5337831576285442,0.4096117467971746,1.0,2,False,,,,
1766483544.512257,0.5337831576285442,0.4096117467971746,1.0,2,False,,,,
1766483544.51597,0.5329854804447283,0.41357750432384854,1.0,2,False,,,,
1766483544.519073,0.5328745329351656,0.41436093117429174,1.0,2,False,,,,
1766483544.522342,0.5421396833911449,0.4218623919628183,1.0,2,False,,,,
1766483544.787262,0.5415538195252733,0.4222067189144,1.0,2,False,,,,
1766483544.7942212,0.5415538195252733,0.4222067189144,1.0,2,False,,,,
1766483544.800664,0.5415538195252733,0.4222067189144,1.0,2,False,,,,
1766483544.8035998,0.5415538195252733,0.4222067189144,1.0,2,False,,,,
1766483544.806417,0.5146444880609118,0.4255818264177478,1.0,2,False,,,,
1766483545.0803561,0.5146444880609118,0.4255818264177478,1.0,2,False,,,,
1766483545.086913,0.5148358998987088,0.4260937892858464,1.0,2,False,,,,
1766483545.090367,0.5148358998987088,0.4260937892858464,1.0,2,False,,,,
1766483545.097835,0.5148358998987088,0.4260937892858464,1.0,2,False,,,,
1766483545.101742,0.5154862729027223,0.4211457764685693,1.0,2,False,,,,
1766483545.361603,0.5154862729027223,0.4211457764685693,1.0,2,False,,,,
1766483545.368989,0.5154862729027223,0.4211457764685693,1.0,2,False,,,,
1766483545.372375,0.5154862729027223,0.4211457764685693,1.0,2,False,,,,
1766483545.3750699,0.5154862729027223,0.4211457764685693,1.0,2,False,,,,
1766483545.377717,0.5678824103516009,0.753263983960349,0.27040321432944375,2,True,0.4995347559452057,0.6483824253082275,0.0652649849653244,0.1327841877937317
1766483545.8289778,0.5678824103516009,0.753263983960349,0.27040321432944375,2,True,0.4995347559452057,0.6483824253082275,0.0652649849653244,0.1327841877937317
1766483545.835526,0.5678824103516009,0.753263983960349,0.27040321432944375,2,True,0.4995347559452057,0.6483824253082275,0.0652649849653244,0.1327841877937317
1766483545.838498,0.5678824103516009,0.753263983960349,0.27040321432944375,2,True,0.4995347559452057,0.6483824253082275,0.0652649849653244,0.1327841877937317
1766483545.843578,0.5678824103516009,0.753263983960349,0.27040321432944375,2,True,0.4995347559452057,0.6483824253082275,0.0652649849653244,0.1327841877937317
1766483545.846721,0.5314314987499796,0.8777076829806815,0.9081220924854279,1,False,,,,
1766483546.075437,0.5314314987499796,0.8777076829806815,0.9081220924854279,1,False,,,,
1766483546.0828428,0.5314314987499796,0.8777076829806815,0.9081220924854279,1,False,,,,
1766483546.086112,0.5396576553100163,0.897088014453309,0.8800927901066151,1,False,,,,
1766483546.088937,0.5484491028513421,0.9233181000778269,0.8280541598796844,1,False,,,,
1766483546.091468,0.5478480321363822,0.9258764002975693,0.9072145223617554,1,False,,,,
1766483546.3240771,0.5445186477844238,0.9209705713934969,0.9007898569107056,1,False,,,,
1766483546.3314729,0.5445186477844238,0.9209705713934969,0.9007898569107056,1,False,,,,
1766483546.3383548,0.5445186477844238,0.9209705713934969,0.9007898569107056,1,False,,,,
1766483546.341136,0.5445186477844238,0.9209705713934969,0.9007898569107056,1,False,,,,
1766483546.344007,0.4922166681382415,0.959130016488711,0.9240235686302185,1,False,,,,
1766483547.367477,0.486632486917517,0.9521539087450088,0.9005737900733948,1,False,,,,
1766483547.374112,0.486632486917517,0.9521539087450088,0.9005737900733948,1,False,,,,
1766483547.380259,0.486632486917517,0.9521539087450088,0.9005737900733948,1,False,,,,
1766483547.383169,0.486632486917517,0.9521539087450088,0.9005737900733948,1,False,,,,
1766483547.385864,0.48435347548085383,0.862928450341652,0.9110485911369324,1,False,,,,
1766483547.641217,0.48435347548085383,0.862928450341652,0.9110485911369324,1,False,,,,
1766483547.647251,0.48435347548085383,0.862928450341652,0.9110485911369324,1,False,,,,
1766483547.650196,0.48435347548085383,0.862928450341652,0.9110485911369324,1,False,,,,
1766483547.652961,0.48435347548085383,0.862928450341652,0.9110485911369324,1,False,,,,
1766483547.655731,0.4964094818197241,0.8800299361425232,0.9019423723220825,1,False,,,,
1766483547.9799051,0.4964094818197241,0.8800299361425232,0.9019423723220825,1,False,,,,
1766483547.986538,0.4964094818197241,0.8800299361425232,0.9019423723220825,1,False,,,,
1766483547.99188,0.4964094818197241,0.8800299361425232,0.9019423723220825,1,False,,,,
1766483547.994427,0.4964094818197241,0.8800299361425232,0.9019423723220825,1,False,,,,
1766483547.996962,0.53287233386761,0.9282005032010331,1.0,2,False,,,,
1766483548.387434,0.53287233386761,0.9282005032010331,1.0,2,False,,,,
1766483548.3941572,0.53287233386761,0.9282005032010331,1.0,2,False,,,,
1766483548.396947,0.53287233386761,0.9282005032010331,1.0,2,False,,,,
1766483548.401202,0.5331837107213444,0.9329247263156938,1.0,2,False,,,,
1766483548.4043038,0.43926760312061947,0.7844168326687295,1.0,1,False,,,,
1766483548.9440918,0.43926760312061947,0.7844168326687295,1.0,1,False,,,,
1766483548.9506419,0.43926760312061947,0.7844168326687295,1.0,1,False,,,,
1766483548.953711,0.43926760312061947,0.7844168326687295,1.0,1,False,,,,
1766483548.956056,0.43926760312061947,0.7844168326687295,1.0,1,False,,,,
1766483548.961345,0.5405410287392746,0.9247022826019123,1.0,1,False,,,,
1766483549.311695,0.5347775870993398,0.9346602070382521,0.9751251041889191,1,False,,,,
1766483549.318322,0.5347775870993398,0.9346602070382521,0.9751251041889191,1,False,,,,
1766483549.324734,0.5347775870993398,0.9346602070382521,0.9751251041889191,1,False,,,,
1766483549.327657,0.5347775870993398,0.9346602070382521,0.9751251041889191,1,False,,,,
1766483549.330417,0.558637947977318,1.0842124114621328,1.0,1,False,,,,
1766483549.648161,0.558637947977318,1.0842124114621328,1.0,1,False,,,,
1766483549.65585,0.558637947977318,1.0842124114621328,1.0,1,False,,,,
1766483549.658698,0.558637947977318,1.0842124114621328,1.0,1,False,,,,
1766483549.661449,0.558637947977318,1.0842124114621328,1.0,1,False,,,,
1766483549.663747,0.5745360086125701,0.9019582148741067,0.959806352853775,1,False,,,,
1766483549.9495838,0.5765020099529518,0.9005028060247162,0.9909446537494659,1,False,,,,
1766483549.956008,0.5765020099529518,0.9005028060247162,0.9909446537494659,1,False,,,,
1766483549.95854,0.5765020099529518,0.9005028060247162,0.9909446537494659,1,False,,,,
1766483549.961316,0.5765020099529518,0.9005028060247162,0.9909446537494659,1,False,,,,
1766483549.963728,0.5256693969726343,0.37093964043877137,1.0,1,False,,,,
1766483550.473192,0.5256693969726343,0.37093964043877137,1.0,1,False,,,,
1766483550.481287,0.5280702569354372,0.38485691594295446,1.0,1,False,,,,
1766483550.4856162,0.5280702569354372,0.38485691594295446,1.0,1,False,,,,
1766483550.4923148,0.5280702569354372,0.38485691594295446,1.0,1,False,,,,
1766483550.494991,0.5423814348110533,0.4485749573842861,1.0,1,False,,,,
1766483550.7201788,0.5423814348110533,0.4485749573842861,1.0,1,False,,,,
1766483550.7268429,0.5423814348110533,0.4485749573842861,1.0,1,False,,,,
1766483550.729813,0.5423814348110533,0.4485749573842861,1.0,1,False,,,,
1766483550.7350368,0.5423814348110533,0.4485749573842861,1.0,1,False,,,,
1766483550.737534,0.5334437890079233,0.4771387604046793,1.0,1,False,,,,
1766483550.9959419,0.5334437890079233,0.4771387604046793,1.0,1,False,,,,
1766483551.002288,0.5334437890079233,0.4771387604046793,1.0,1,False,,,,
1766483551.005106,0.5334437890079233,0.4771387604046793,1.0,1,False,,,,
1766483551.007896,0.5334437890079233,0.4771387604046793,1.0,1,False,,,,
1766483551.010586,0.5318206872767974,0.5031264006131891,1.0,1,False,,,,
1766483551.35693,0.5313333923412935,0.5029578849996322,1.0,1,False,,,,
1766483551.36365,0.5313333923412935,0.5029578849996322,1.0,1,False,,,,
1766483551.3698702,0.5313333923412935,0.5029578849996322,1.0,1,False,,,,
1766483551.3731241,0.5313333923412935,0.5029578849996322,1.0,1,False,,,,
1766483551.3757482,0.5306105741245981,0.49225483514010215,1.0,1,False,,,,
1766483551.58516,0.530937055020681,0.489493726052159,1.0,1,False,,,,
1766483551.5920188,0.530937055020681,0.489493726052159,1.0,1,False,,,,
1766483551.598457,0.530937055020681,0.489493726052159,1.0,1,False,,,,
1766483551.601544,0.530937055020681,0.489493726052159,1.0,1,False,,,,
1766483551.604446,0.529081579897189,0.47066246318169613,1.0,2,False,,,,
1766483551.951651,0.5295250573334008,0.469393739814123,1.0,2,False,,,,
1766483551.958645,0.5295250573334008,0.469393739814123,1.0,2,False,,,,
1766483551.9658382,0.5295250573334008,0.469393739814123,1.0,2,False,,,,
1766483551.969146,0.5295250573334008,0.469393739814123,1.0,2,False,,,,
1766483551.971622,0.5332343780158442,0.46988407388621956,1.0,1,False,,,,
1766483552.245863,0.5332343780158442,0.46988407388621956,1.0,1,False,,,,
1766483552.2523189,0.5332343780158442,0.46988407388621956,1.0,1,False,,,,
1766483552.257747,0.5318727082993122,0.4692552590948309,1.0,1,False,,,,
1766483552.262221,0.5318727082993122,0.4692552590948309,1.0,1,False,,,,
1766483552.268377,0.5276128737805645,0.45032255978116553,1.0,1,False,,,,
1766483552.567143,0.5276128737805645,0.45032255978116553,1.0,1,False,,,,
1766483552.573368,0.5276128737805645,0.45032255978116553,1.0,1,False,,,,
1766483552.576234,0.5276128737805645,0.45032255978116553,1.0,1,False,,,,
1766483552.5789921,0.5276128737805645,0.45032255978116553,1.0,1,False,,,,
1766483552.581868,0.5232985932136115,0.44811886397835676,1.0,1,False,,,,
1766483552.889594,0.5232458143318897,0.44798763827229005,1.0,1,False,,,,
1766483552.895915,0.52342057042632,0.4480535410539307,1.0,1,False,,,,
1766483552.899698,0.52342057042632,0.4480535410539307,1.0,1,False,,,,
1766483552.9070709,0.52342057042632,0.4480535410539307,1.0,1,False,,,,
1766483552.912276,0.5537086940525603,0.4893212101034945,1.0,1,False,,,,
1766483555.281368,0.5537086940525603,0.4893212101034945,1.0,1,False,,,,
1766483555.288186,0.5537086940525603,0.4893212101034945,1.0,1,False,,,,
1766483555.291211,0.5537086940525603,0.4893212101034945,1.0,1,False,,,,
1766483555.294335,0.5537086940525603,0.4893212101034945,1.0,1,False,,,,
1766483555.296866,0.5351954005965881,0.4595904283680493,1.0,2,False,,,,
1766483555.7175071,0.5351954005965881,0.4595904283680493,1.0,2,False,,,,
1766483555.724035,0.5351954005965881,0.4595904283680493,1.0,2,False,,,,
1766483555.727145,0.5351954005965881,0.4595904283680493,1.0,2,False,,,,
1766483555.729901,0.5351954005965881,0.4595904283680493,1.0,2,False,,,,
1766483555.732426,0.565521541685742,0.45384141964804514,1.0,1,False,,,,
1766483556.0861251,0.565521541685742,0.45384141964804514,1.0,1,False,,,,
1766483556.091143,0.565521541685742,0.45384141964804514,1.0,1,False,,,,
1766483556.0941608,0.565521541685742,0.45384141964804514,1.0,1,False,,,,
1766483556.096537,0.565521541685742,0.45384141964804514,1.0,1,False,,,,
1766483556.0989351,0.5241785438772729,0.46628365326004073,1.0,1,False,,,,
1766483556.368809,0.5241785438772729,0.46628365326004073,1.0,1,False,,,,
1766483556.3752902,0.5236463567266736,0.4678512145317977,1.0,1,False,,,,
1766483556.379607,0.5236463567266736,0.4678512145317977,1.0,1,False,,,,
1766483556.386941,0.5236463567266736,0.4678512145317977,1.0,1,False,,,,
1766483556.389898,0.5246352949248677,0.47579791897486734,1.0,2,False,,,,
1766483556.646301,0.524636051436213,0.47202227345239867,1.0,2,False,,,,
1766483556.654378,0.524636051436213,0.47202227345239867,1.0,2,False,,,,
1766483556.660567,0.524636051436213,0.47202227345239867,1.0,2,False,,,,
1766483556.665741,0.524636051436213,0.47202227345239867,1.0,2,False,,,,
1766483556.6683168,0.4818406683716727,0.8551520819294913,0.9392007887363434,2,False,,,,
1766483557.39677,0.4818406683716727,0.8551520819294913,0.9392007887363434,2,False,,,,
1766483557.405097,0.4818406683716727,0.8551520819294913,0.9392007887363434,2,False,,,,
1766483557.4080179,0.4818406683716727,0.8551520819294913,0.9392007887363434,2,False,,,,
1766483557.4105442,0.4818406683716727,0.8551520819294913,0.9392007887363434,2,False,,,,
1766483557.4129019,0.49576778321648474,0.8906158149314491,0.9233449995517731,2,False,,,,
1766483557.892747,0.49576778321648474,0.8906158149314491,0.9233449995517731,2,False,,,,
1766483557.899424,0.49576778321648474,0.8906158149314491,0.9233449995517731,2,False,,,,
1766483557.9021661,0.49576778321648474,0.8906158149314491,0.9233449995517731,2,False,,,,
1766483557.9044569,0.49576778321648474,0.8906158149314491,0.9233449995517731,2,False,,,,
1766483557.906806,0.47099217446815433,0.7677921139995707,1.0,2,False,,,,
1766483558.223368,0.47302406130564145,0.7661951693475323,1.0,2,False,,,,
1766483558.2303429,0.47302406130564145,0.7661951693475323,1.0,2,False,,,,
1766483558.236434,0.47302406130564145,0.7661951693475323,1.0,2,False,,,,
1766483558.239112,0.47302406130564145,0.7661951693475323,1.0,2,False,,,,
1766483558.241452,0.5466816643306737,0.722147061615691,1.0,2,False,,,,
1766483558.587782,0.5492439884520814,0.717764889162531,0.9359486997127533,2,False,,,,
1766483558.59663,0.5492439884520814,0.717764889162531,0.9359486997127533,2,False,,,,
1766483558.602527,0.5492439884520814,0.717764889162531,0.9359486997127533,2,False,,,,
1766483558.6054132,0.5492439884520814,0.717764889162531,0.9359486997127533,2,False,,,,
1766483558.60833,0.5377352718873809,0.8972936965246068,1.0,2,False,,,,
1766483558.940172,0.5377352718873809,0.8972936965246068,1.0,2,False,,,,
1766483558.946371,0.5377352718873809,0.8972936965246068,1.0,2,False,,,,
1766483558.951901,0.5377352718873809,0.8972936965246068,1.0,2,False,,,,
1766483558.95521,0.546684234101928,0.9144212656736079,1.0,2,False,,,,
1766483558.958254,0.540185770490515,0.7113529022872909,0.9751830697059631,2,False,,,,
1766483559.446601,0.540185770490515,0.7113529022872909,0.9751830697059631,2,False,,,,
1766483559.453032,0.540185770490515,0.7113529022872909,0.9751830697059631,2,False,,,,
1766483559.455828,0.540185770490515,0.7113529022872909,0.9751830697059631,2,False,,,,
1766483559.458509,0.5402650102392604,0.7143764934620958,0.9666751027107239,2,False,,,,
1766483559.461055,0.5585589907725341,0.8394972996545764,0.9467499506473541,3,False,,,,
1766483559.907638,0.5585589907725341,0.8394972996545764,0.9467499506473541,3,False,,,,
1766483559.913805,0.5585589907725341,0.8394972996545764,0.9467499506473541,3,False,,,,
1766483559.917006,0.5585589907725341,0.8394972996545764,0.9467499506473541,3,False,,,,
1766483559.9194298,0.5585589907725341,0.8394972996545764,0.9467499506473541,3,False,,,,
1766483559.924892,0.49037345479939487,0.8857601859018194,0.85572150349617,2,False,,,,
1766483560.2900622,0.49037345479939487,0.8857601859018194,0.85572150349617,2,False,,,,
1766483560.2975821,0.49335154815127236,0.8937224376157604,0.9167585372924805,2,False,,,,
1766483560.301194,0.49335154815127236,0.8937224376157604,0.9167585372924805,2,False,,,,
1766483560.307842,0.49335154815127236,0.8937224376157604,0.9167585372924805,2,False,,,,
1766483560.310702,0.5354794687449134,0.9625895492643883,0.9838672578334808,2,False,,,,
1766483560.6769788,0.5354794687449134,0.9625895492643883,0.9838672578334808,2,False,,,,
1766483560.683257,0.5354794687449134,0.9625895492643883,0.9838672578334808,2,False,,,,
1766483560.686264,0.5354794687449134,0.9625895492643883,0.9838672578334808,2,False,,,,
1766483560.6886568,0.5354794687449134,0.9625895492643883,0.9838672578334808,2,False,,,,
1766483560.691048,0.4988189743017485,1.026952695783412,0.9261066317558289,2,False,,,,
1766483560.963914,0.4988189743017485,1.026952695783412,0.9261066317558289,2,False,,,,
1766483560.96945,0.49899810991307125,1.0269161562898725,0.9526733160018921,2,False,,,,
1766483560.972864,0.49899810991307125,1.0269161562898725,0.9526733160018921,2,False,,,,
1766483560.976701,0.49899810991307125,1.0269161562898725,0.9526733160018921,2,False,,,,
1766483560.982492,0.489865302913421,0.873386564194513,0.9163201153278351,2,False,,,,
1766483561.293835,0.489865302913421,0.873386564194513,0.9163201153278351,2,False,,,,
1766483561.3000221,0.489865302913421,0.873386564194513,0.9163201153278351,2,False,,,,
1766483561.303454,0.4919942871682048,0.8800337628532181,0.908705860376358,2,False,,,,
1766483561.306745,0.4911625716264701,0.8795089547931528,0.9084272086620331,2,False,,,,
1766483561.30974,0.547439049194495,0.9659066286589068,1.0,2,False,,,,
1766483561.7042282,0.5379621959071204,0.956493941282191,0.9733034074306488,2,False,,,,
1766483561.712013,0.5379621959071204,0.956493941282191,0.9733034074306488,2,False,,,,
1766483561.718165,0.5379621959071204,0.956493941282191,0.9733034074306488,2,False,,,,
1766483561.723669,0.5379621959071204,0.956493941282191,0.9733034074306488,2,False,,,,
1766483561.726594,0.4714248504115271,0.8218653992699596,0.948390781879425,2,False,,,,
1766483562.089878,0.4714248504115271,0.8218653992699596,0.948390781879425,2,False,,,,
1766483562.096302,0.4714248504115271,0.8218653992699596,0.948390781879425,2,False,,,,
1766483562.099484,0.4714248504115271,0.8218653992699596,0.948390781879425,2,False,,,,
1766483562.101892,0.4714248504115271,0.8218653992699596,0.948390781879425,2,False,,,,
1766483562.1046028,0.5576291444004371,0.8269500802018254,1.0,2,False,,,,
1766483562.528747,0.5576291444004371,0.8269500802018254,1.0,2,False,,,,
1766483562.5353868,0.5576291444004371,0.8269500802018254,1.0,2,False,,,,
1766483562.538303,0.5576291444004371,0.8269500802018254,1.0,2,False,,,,
1766483562.541365,0.5574532313550259,0.8263942429615759,1.0,2,False,,,,
1766483562.543728,0.578643158505887,0.42219781485753705,1.0,2,False,,,,
1766483562.893981,0.578643158505887,0.42219781485753705,1.0,2,False,,,,
1766483562.900665,0.578643158505887,0.42219781485753705,1.0,2,False,,,,
1766483562.903807,0.578643158505887,0.42219781485753705,1.0,2,False,,,,
1766483562.906395,0.578643158505887,0.42219781485753705,1.0,2,False,,,,
1766483562.909502,0.538949828786994,0.31706851024927607,1.0,2,False,,,,
1766483563.1642802,0.538949828786994,0.31706851024927607,1.0,2,False,,,,
1766483563.171818,0.538949828786994,0.31706851024927607,1.0,2,False,,,,
1766483563.175112,0.538949828786994,0.31706851024927607,1.0,2,False,,,,
1766483563.177968,0.5405339916944647,0.31722387210232994,1.0,2,False,,,,
1766483563.180877,0.5177804458856552,0.3969630871044325,1.0,2,False,,,,
1766483563.855406,0.5177804458856552,0.3969630871044325,1.0,2,False,,,,
1766483563.863271,0.5177804458856552,0.3969630871044325,1.0,2,False,,,,
1766483563.868651,0.5177804458856552,0.3969630871044325,1.0,2,False,,,,
1766483563.871331,0.5177804458856552,0.3969630871044325,1.0,2,False,,,,
1766483563.874154,0.5168029740966457,0.414304698804592,1.0,2,False,,,,
1766483564.1382132,0.5168029740966457,0.414304698804592,1.0,2,False,,,,
1766483564.144555,0.5168029740966457,0.414304698804592,1.0,2,False,,,,
1766483564.147209,0.5168029740966457,0.414304698804592,1.0,2,False,,,,
1766483564.149893,0.5168949611949688,0.4155435747536016,1.0,2,False,,,,
1766483564.154606,0.5137041121022569,0.4354412235085645,1.0,2,False,,,,
1766483564.486681,0.5134489255180398,0.437824776444939,1.0,2,False,,,,
1766483564.49367,0.5135735905256271,0.43792569977959395,1.0,2,False,,,,
1766483564.500381,0.5135735905256271,0.43792569977959395,1.0,2,False,,,,
1766483564.503063,0.5135735905256271,0.43792569977959395,1.0,2,False,,,,
1766483564.5082839,0.5043841927867321,0.4483973364136664,1.0,2,False,,,,
1766483564.770102,0.5043841927867321,0.4483973364136664,1.0,2,False,,,,
1766483564.776813,0.5043841927867321,0.4483973364136664,1.0,2,False,,,,
1766483564.78036,0.5043841927867321,0.4483973364136664,1.0,2,False,,,,
1766483564.783073,0.5043841927867321,0.4483973364136664,1.0,2,False,,,,
1766483564.785559,0.5039657862174718,0.4497170642931583,1.0,2,False,,,,
1766483565.1541781,0.5045240708600828,0.4491612817443126,1.0,2,False,,,,
1766483565.160886,0.5046703611764005,0.4490413524880996,1.0,2,False,,,,
1766483565.1645372,0.5046703611764005,0.4490413524880996,1.0,2,False,,,,
1766483565.1711948,0.5046703611764005,0.4490413524880996,1.0,2,False,,,,
1766483565.173982,0.5185110444770091,0.4476100055757273,1.0,2,False,,,,
1766483565.5191228,0.5185110444770091,0.4476100055757273,1.0,2,False,,,,
1766483565.5253701,0.5187272472766246,0.4467698050084721,1.0,2,False,,,,
1766483565.528148,0.5187272472766246,0.4467698050084721,1.0,2,False,,,,
1766483565.531292,0.5187272472766246,0.4467698050084721,1.0,2,False,,,,
1766483565.53903,0.5099051088948621,0.43901408880458304,1.0,2,False,,,,
1766483565.895988,0.5098682726396232,0.4386641629977208,1.0,2,False,,,,
1766483565.9027882,0.5098682726396232,0.4386641629977208,1.0,2,False,,,,
1766483565.9086442,0.5098682726396232,0.4386641629977208,1.0,2,False,,,,
1766483565.911715,0.5098682726396232,0.4386641629977208,1.0,2,False,,,,
1766483565.9143848,0.5090381393668605,0.4391888100478527,1.0,3,False,,,,
1766483566.207802,0.5090381393668605,0.4391888100478527,1.0,3,False,,,,
1766483566.2138398,0.5090381393668605,0.4391888100478527,1.0,3,False,,,,
1766483566.217164,0.5090381393668605,0.4391888100478527,1.0,3,False,,,,
1766483566.2225752,0.5090381393668605,0.4391888100478527,1.0,3,False,,,,
1766483566.225584,0.5238471127916894,0.44642075698597417,1.0,3,False,,,,
1766483566.7230878,0.5238471127916894,0.44642075698597417,1.0,3,False,,,,
1766483566.729429,0.523989226169473,0.4469013946081434,1.0,3,False,,,,
1766483566.7327292,0.5238187186746452,0.44865787280266867,1.0,3,False,,,,
1766483566.738239,0.5238187186746452,0.44865787280266867,1.0,3,False,,,,
1766483566.7446709,0.5074873634342676,0.47479575223938564,1.0,2,False,,,,
1766483567.0518909,0.5074873634342676,0.47479575223938564,1.0,2,False,,,,
1766483567.057871,0.5074873634342676,0.47479575223938564,1.0,2,False,,,,
1766483567.060843,0.5074873634342676,0.47479575223938564,1.0,2,False,,,,
1766483567.063624,0.5074873634342676,0.47479575223938564,1.0,2,False,,,,
1766483567.066567,0.5202183752465922,0.4657904609264367,1.0,2,False,,,,
1766483567.446557,0.5202183752465922,0.4657904609264367,1.0,2,False,,,,
1766483567.4528918,0.5202183752465922,0.4657904609264367,1.0,2,False,,,,
1766483567.456157,0.5202183752465922,0.4657904609264367,1.0,2,False,,,,
1766483567.458814,0.5202183752465922,0.4657904609264367,1.0,2,False,,,,
1766483567.461389,0.5114867915385823,0.480131087256889,1.0,2,False,,,,
1766483567.966953,0.5114867915385823,0.480131087256889,1.0,2,False,,,,
1766483567.973633,0.5122291683430369,0.4810972683153072,1.0,2,False,,,,
1766483567.97881,0.5122291683430369,0.4810972683153072,1.0,2,False,,,,
1766483567.9853618,0.5122291683430369,0.4810972683153072,1.0,2,False,,,,
1766483567.988325,0.5191892505615929,0.4402419164853849,1.0,2,False,,,,
1766483568.882427,0.5191892505615929,0.4402419164853849,1.0,2,False,,,,
1766483568.890118,0.5191892505615929,0.4402419164853849,1.0,2,False,,,,
1766483568.9004002,0.5191892505615929,0.4402419164853849,1.0,2,False,,,,
1766483568.903355,0.5191892505615929,0.4402419164853849,1.0,2,False,,,,
1766483568.906454,0.5013976241589313,0.4345273832244181,1.0,2,False,,,,
1766483569.3494458,0.5014282036585633,0.4341801074055609,1.0,2,False,,,,
1766483569.356777,0.5014282036585633,0.4341801074055609,1.0,2,False,,,,
1766483569.3634062,0.5014282036585633,0.4341801074055609,1.0,2,False,,,,
1766483569.36641,0.5014282036585633,0.4341801074055609,1.0,2,False,,,,
1766483569.368788,0.5173943398556915,0.3944529673574081,1.0,2,False,,,,
1766483569.63908,0.5173943398556915,0.3944529673574081,1.0,2,False,,,,
1766483569.645838,0.5174643831151546,0.39298348820682105,1.0,2,False,,,,
1766483569.649929,0.5183413497088486,0.3893997802418394,1.0,2,False,,,,
1766483569.653366,0.5183413497088486,0.3893997802418394,1.0,2,False,,,,
1766483569.658852,0.5295856903888944,0.2735562138465495,0.9410715401172638,2,False,,,,
1766483569.92894,0.5295856903888944,0.2735562138465495,0.9410715401172638,2,False,,,,
1766483569.936915,0.5295856903888944,0.2735562138465495,0.9410715401172638,2,False,,,,
1766483569.939816,0.5295856903888944,0.2735562138465495,0.9410715401172638,2,False,,,,
1766483569.94243,0.5295856903888944,0.2735562138465495,0.9410715401172638,2,False,,,,
1766483569.9450529,0.4964813560968618,0.9485002798428626,0.913160890340805,2,False,,,,
1766483570.2119958,0.4964813560968618,0.9485002798428626,0.913160890340805,2,False,,,,
1766483570.220474,0.5003094588584537,0.9483292448858821,0.9347456097602844,2,False,,,,
1766483570.224364,0.5003094588584537,0.9483292448858821,0.9347456097602844,2,False,,,,
1766483570.2309928,0.5003094588584537,0.9483292448858821,0.9347456097602844,2,False,,,,
1766483570.234118,0.5166706576049637,0.9272392222000285,0.8801072239875793,2,False,,,,
1766483570.494761,0.5166706576049637,0.9272392222000285,0.8801072239875793,2,False,,,,
1766483570.500347,0.5166706576049637,0.9272392222000285,0.8801072239875793,2,False,,,,
1766483570.503552,0.5166706576049637,0.9272392222000285,0.8801072239875793,2,False,,,,
1766483570.506173,0.5166706576049637,0.9272392222000285,0.8801072239875793,2,False,,,,
1766483570.508394,0.5222032109975545,0.9601823058978195,0.9704918265342712,2,False,,,,
1766483570.812861,0.5222032109975545,0.9601823058978195,0.9704918265342712,2,False,,,,
1766483570.819445,0.5227606626153569,0.9906356588976883,0.9400724172592163,2,False,,,,
1766483570.826171,0.5227606626153569,0.9906356588976883,0.9400724172592163,2,False,,,,
1766483570.833193,0.5227606626153569,0.9906356588976883,0.9400724172592163,2,False,,,,
1766483570.8358269,0.5162549554273619,1.0011275850214185,0.9704270362854004,2,False,,,,
1766483571.101915,0.5162549554273619,1.0011275850214185,0.9704270362854004,2,False,,,,
1766483571.108217,0.5162549554273619,1.0011275850214185,0.9704270362854004,2,False,,,,
1766483571.111061,0.5162549554273619,1.0011275850214185,0.9704270362854004,2,False,,,,
1766483571.1166961,0.5162549554273619,1.0011275850214185,0.9704270362854004,2,False,,,,
1766483571.119412,0.5156773635524943,0.8865734650321058,0.9844029321615406,2,False,,,,
1766483571.46998,0.5156773635524943,0.8865734650321058,0.9844029321615406,2,False,,,,
1766483571.4762108,0.5156773635524943,0.8865734650321058,0.9844029321615406,2,False,,,,
1766483571.479629,0.5156773635524943,0.8865734650321058,0.9844029321615406,2,False,,,,
1766483571.4822788,0.5156773635524943,0.8865734650321058,0.9844029321615406,2,False,,,,
1766483571.48465,0.5251959987359712,0.8623164111199348,0.9545529186725616,2,False,,,,
1766483571.744004,0.5251959987359712,0.8623164111199348,0.9545529186725616,2,False,,,,
1766483571.750166,0.5251959987359712,0.8623164111199348,0.9545529186725616,2,False,,,,
1766483571.753325,0.5251959987359712,0.8623164111199348,0.9545529186725616,2,False,,,,
1766483571.7556322,0.5251959987359712,0.8623164111199348,0.9545529186725616,2,False,,,,
1766483571.7584178,0.2976645899581599,0.6842637265623744,0.11021725960566416,2,False,,,,
1766483572.060935,0.33668994666011615,0.7068362698104164,0.12572156411235993,2,False,,,,
1766483572.068518,0.33668994666011615,0.7068362698104164,0.12572156411235993,2,False,,,,
1766483572.075238,0.33668994666011615,0.7068362698104164,0.12572156411235993,2,False,,,,
1766483572.078141,0.33668994666011615,0.7068362698104164,0.12572156411235993,2,False,,,,
1766483572.08048,0.5531775725287418,0.27884946508202446,0.9846220910549164,2,False,,,,
1766483572.4548311,0.5531775725287418,0.27884946508202446,0.9846220910549164,2,False,,,,
1766483572.462519,0.5520940272004685,0.2890838946624037,0.99919793009758,2,False,,,,
1766483572.466368,0.5520940272004685,0.2890838946624037,0.99919793009758,2,False,,,,
1766483572.4705439,0.5520940272004685,0.2890838946624037,0.99919793009758,2,False,,,,
1766483572.476934,0.5459274177614548,0.32384978109180174,1.0,2,False,,,,
1766483572.7787871,0.5459274177614548,0.32384978109180174,1.0,2,False,,,,
1766483572.785443,0.5459274177614548,0.32384978109180174,1.0,2,False,,,,
1766483572.790775,0.5459274177614548,0.32384978109180174,1.0,2,False,,,,
1766483572.793824,0.545132925933591,0.32675960732786047,1.0,2,False,,,,
1766483572.7965708,0.5376853103038131,0.35789997706737675,1.0,2,False,,,,
1766483573.0725849,0.5376853103038131,0.35789997706737675,1.0,2,False,,,,
1766483573.079412,0.5376853103038131,0.35789997706737675,1.0,2,False,,,,
1766483573.082402,0.5376853103038131,0.35789997706737675,1.0,2,False,,,,
1766483573.085532,0.5376853103038131,0.35789997706737675,1.0,2,False,,,,
1766483573.088159,0.5306332722928941,0.38082421112766207,1.0,3,False,,,,
1766483573.473349,0.5300124978652341,0.3819106873624838,1.0,3,False,,,,
1766483573.480372,0.5300124978652341,0.3819106873624838,1.0,3,False,,,,
1766483573.486486,0.5300124978652341,0.3819106873624838,1.0,3,False,,,,
1766483573.489623,0.5300124978652341,0.3819106873624838,1.0,3,False,,,,
1766483573.494851,0.529190334339084,0.39120161554550337,1.0,2,False,,,,
1766483573.783079,0.529190334339084,0.39120161554550337,1.0,2,False,,,,
1766483573.7893078,0.529190334339084,0.39120161554550337,1.0,2,False,,,,
1766483573.7919738,0.529190334339084,0.39120161554550337,1.0,2,False,,,,
1766483573.795281,0.529190334339084,0.39120161554550337,1.0,2,False,,,,
1766483573.798366,0.5347020889671061,0.39836681080861736,1.0,3,False,,,,
1766483574.100373,0.5347020889671061,0.39836681080861736,1.0,3,False,,,,
1766483574.106797,0.5325814438632086,0.4082578208075509,1.0,3,False,,,,
1766483574.111509,0.5325814438632086,0.4082578208075509,1.0,3,False,,,,
1766483574.118499,0.5325814438632086,0.4082578208075509,1.0,3,False,,,,
1766483574.1214788,0.526207887335752,0.4203267354195287,1.0,2,False,,,,
1766483574.479978,0.526207887335752,0.4203267354195287,1.0,2,False,,,,
1766483574.4857779,0.526207887335752,0.4203267354195287,1.0,2,False,,,,
1766483574.4888499,0.526207887335752,0.4203267354195287,1.0,2,False,,,,
1766483574.491232,0.526207887335752,0.4203267354195287,1.0,2,False,,,,
1766483574.49354,0.5150443380344741,0.4250687527516531,1.0,2,False,,,,
1766483574.809417,0.5174623219488412,0.4239043980452104,1.0,2,False,,,,
1766483574.816555,0.5174623219488412,0.4239043980452104,1.0,2,False,,,,
1766483574.8225641,0.5174623219488412,0.4239043980452104,1.0,2,False,,,,
1766483574.825452,0.5174623219488412,0.4239043980452104,1.0,2,False,,,,
1766483574.8283432,0.5241179271954418,0.44384096495073977,1.0,2,False,,,,
1766483575.217247,0.5241179271954418,0.44384096495073977,1.0,2,False,,,,
1766483575.223964,0.5241179271954418,0.44384096495073977,1.0,2,False,,,,
1766483575.2267709,0.5241179271954418,0.44384096495073977,1.0,2,False,,,,
1766483575.23213,0.5241179271954418,0.44384096495073977,1.0,2,False,,,,
1766483575.235481,0.5326405170601516,0.4630363243327569,1.0,2,False,,,,
1766483575.6692832,0.5326405170601516,0.4630363243327569,1.0,2,False,,,,
1766483575.6754198,0.5326405170601516,0.4630363243327569,1.0,2,False,,,,
1766483575.6786401,0.5323986160898272,0.4588369764814004,1.0,2,False,,,,
1766483575.681618,0.5344609464896998,0.4536618369867602,1.0,2,False,,,,
1766483575.685801,0.5536460711116555,0.4612735113933145,1.0,2,False,,,,
1766483576.457716,0.5534381420667386,0.460997192997081,1.0,2,False,,,,
1766483576.464042,0.5534381420667386,0.460997192997081,1.0,2,False,,,,
1766483576.4668958,0.5534381420667386,0.460997192997081,1.0,2,False,,,,
1766483576.4694269,0.5534381420667386,0.460997192997081,1.0,2,False,,,,
1766483576.472244,0.5247417000583077,0.4726981389527265,1.0,2,False,,,,
1766483576.756439,0.5253158509522902,0.47752177035669874,1.0,2,False,,,,
1766483576.763168,0.5253158509522902,0.47752177035669874,1.0,2,False,,,,
1766483576.769366,0.5253158509522902,0.47752177035669874,1.0,2,False,,,,
1766483576.772455,0.5253158509522902,0.47752177035669874,1.0,2,False,,,,
1766483576.775035,0.5533519386431498,0.4746649637077953,1.0,2,False,,,,
1766483577.162606,0.5533519386431498,0.4746649637077953,1.0,2,False,,,,
1766483577.168912,0.5533519386431498,0.4746649637077953,1.0,2,False,,,,
1766483577.172055,0.5533519386431498,0.4746649637077953,1.0,2,False,,,,
1766483577.174973,0.5533519386431498,0.4746649637077953,1.0,2,False,,,,
1766483577.178037,0.5125825223084268,0.4936365035834318,1.0,2,False,,,,
1766483577.467314,0.5125825223084268,0.4936365035834318,1.0,2,False,,,,
1766483577.473175,0.5125825223084268,0.4936365035834318,1.0,2,False,,,,
1766483577.478412,0.5125825223084268,0.4936365035834318,1.0,2,False,,,,
1766483577.481266,0.5125825223084268,0.4936365035834318,1.0,2,False,,,,
1766483577.485176,0.5443223886545137,0.47042266802767296,1.0,2,False,,,,
1766483577.8814,0.5443223886545137,0.47042266802767296,1.0,2,False,,,,
1766483577.888215,0.5443223886545137,0.47042266802767296,1.0,2,False,,,,
1766483577.891652,0.5442541606316226,0.4690445676545085,1.0,2,False,,,,
1766483577.894609,0.5442746510825106,0.46919387188699135,1.0,2,False,,,,
1766483577.8978019,0.5336828782028242,0.4628822973692852,1.0,2,False,,,,
1766483578.293115,0.5333003798910869,0.46297557162654,1.0,2,False,,,,
1766483578.29984,0.5333003798910869,0.46297557162654,1.0,2,False,,,,
1766483578.306606,0.5333003798910869,0.46297557162654,1.0,2,False,,,,
1766483578.30944,0.5333003798910869,0.46297557162654,1.0,2,False,,,,
1766483578.314643,0.5235628705969411,0.46046434542090964,1.0,2,False,,,,
1766483578.581242,0.5235628705969411,0.46046434542090964,1.0,2,False,,,,
1766483578.587562,0.5235628705969411,0.46046434542090964,1.0,2,False,,,,
1766483578.5907042,0.5235628705969411,0.46046434542090964,1.0,2,False,,,,
1766483578.593229,0.5235628705969411,0.46046434542090964,1.0,2,False,,,,
1766483578.596611,0.5357017694895404,0.4804335416671166,1.0,2,False,,,,
1766483578.937922,0.5357017694895404,0.4804335416671166,1.0,2,False,,,,
1766483578.944374,0.5357017694895404,0.4804335416671166,1.0,2,False,,,,
1766483578.94721,0.5357017694895404,0.4804335416671166,1.0,2,False,,,,
1766483578.949661,0.5357017694895404,0.4804335416671166,1.0,2,False,,,,
1766483578.952519,0.5470594755981008,0.4637514731010264,1.0,2,False,,,,
1766483579.3117518,0.5470594755981008,0.4637514731010264,1.0,2,False,,,,
1766483579.316906,0.5470594755981008,0.4637514731010264,1.0,2,False,,,,
1766483579.319743,0.5470594755981008,0.4637514731010264,1.0,2,False,,,,
1766483579.322805,0.5470594755981008,0.4637514731010264,1.0,2,False,,,,
1766483579.325517,0.516607128628669,0.41776254832135495,1.0,2,False,,,,
1766483579.6367328,0.5207785330999626,0.4076657880331398,1.0,2,False,,,,
1766483579.643507,0.5207785330999626,0.4076657880331398,1.0,2,False,,,,
1766483579.6496599,0.5207785330999626,0.4076657880331398,1.0,2,False,,,,
1766483579.652986,0.5207785330999626,0.4076657880331398,1.0,2,False,,,,
1766483579.656127,0.5049219652120468,0.972776994839226,0.910995215177536,1,False,,,,
1766483580.2372422,0.5111266161571388,0.9891522485775973,0.9293383955955505,1,False,,,,
1766483580.245653,0.5111266161571388,0.9891522485775973,0.9293383955955505,1,False,,,,
1766483580.252167,0.5111266161571388,0.9891522485775973,0.9293383955955505,1,False,,,,
1766483580.25747,0.5111266161571388,0.9891522485775973,0.9293383955955505,1,False,,,,
1766483580.260142,0.4839182874139162,0.9971762530377839,0.9033782780170441,3,False,,,,
1766483580.592363,0.4839182874139162,0.9971762530377839,0.9033782780170441,3,False,,,,
1766483580.598835,0.4839182874139162,0.9971762530377839,0.9033782780170441,3,False,,,,
1766483580.601985,0.48366578804257915,0.9974360101656606,0.9033782780170441,3,False,,,,
1766483580.605396,0.4825007299469216,1.0048553038368755,0.9095166921615601,3,False,,,,
1766483580.6080341,0.5281356520593221,0.8553531177856676,0.9132134020328522,2,False,,,,
1766483580.9498072,0.5281356520593221,0.8553531177856676,0.9132134020328522,2,False,,,,
1766483580.9566422,0.5281356520593221,0.8553531177856676,0.9132134020328522,2,False,,,,
1766483580.959737,0.5281356520593221,0.8553531177856676,0.9132134020328522,2,False,,,,
1766483580.9624052,0.5281356520593221,0.8553531177856676,0.9132134020328522,2,False,,,,
1766483580.96471,0.579525170533784,1.0131239000794854,0.9492196440696716,2,False,,,,
1766483581.3335838,0.579525170533784,1.0131239000794854,0.9492196440696716,2,False,,,,
1766483581.340517,0.579525170533784,1.0131239000794854,0.9492196440696716,2,False,,,,
1766483581.34355,0.571895482689331,1.0122260348680217,0.9955880641937256,2,False,,,,
1766483581.34624,0.571895482689331,1.0122260348680217,0.9955880641937256,2,False,,,,
1766483581.3500822,0.5337204566739063,0.37986039122755033,1.0,2,False,,,,
1766483581.774272,0.5313484342844803,0.38514666351454796,1.0,2,False,,,,
1766483581.782893,0.5308855309571212,0.386054471735815,1.0,2,False,,,,
1766483581.790551,0.5308855309571212,0.386054471735815,1.0,2,False,,,,
1766483581.793656,0.5308855309571212,0.386054471735815,1.0,2,False,,,,
1766483581.796246,0.5296141435024234,0.4806452586606764,1.0,2,False,,,,
1766483582.2842638,0.5293484125720972,0.48000424048945955,1.0,2,False,,,,
1766483582.291658,0.5293484125720972,0.48000424048945955,1.0,2,False,,,,
1766483582.296854,0.5293484125720972,0.48000424048945955,1.0,2,False,,,,
1766483582.299627,0.5293484125720972,0.48000424048945955,1.0,2,False,,,,
1766483582.302691,0.5343496714530253,0.484690352412656,1.0,2,False,,,,
1766483582.561768,0.5343496714530253,0.484690352412656,1.0,2,False,,,,
1766483582.567935,0.5343496714530253,0.484690352412656,1.0,2,False,,,,
1766483582.5714471,0.5343496714530253,0.484690352412656,1.0,2,False,,,,
1766483582.5739782,0.5343496714530253,0.484690352412656,1.0,2,False,,,,
1766483582.576478,0.5330973182854942,0.4807074582641967,1.0,2,False,,,,
1766483582.834767,0.5330973182854942,0.4807074582641967,1.0,2,False,,,,
1766483582.840863,0.5330973182854942,0.4807074582641967,1.0,2,False,,,,
1766483582.843939,0.5330973182854942,0.4807074582641967,1.0,2,False,,,,
1766483582.846601,0.5330973182854942,0.4807074582641967,1.0,2,False,,,,
1766483582.8517199,0.3057226161759384,0.6912990010683461,0.1652337315694458,2,False,,,,
1766483583.30992,0.3057226161759384,0.6912990010683461,0.1652337315694458,2,False,,,,
1766483583.3160992,0.3057226161759384,0.6912990010683461,0.1652337315694458,2,False,,,,
1766483583.319788,0.5325151452166581,0.4717376414240029,0.8702939197354105,2,False,,,,
1766483583.323704,0.5325151452166581,0.4717376414240029,0.8702939197354105,2,False,,,,
1766483583.3268301,0.5340479645040606,0.47483875818996246,1.0,2,False,,,,
1766483583.619775,0.5378556692962664,0.47797626721667696,0.8579415678977966,2,False,,,,
1766483583.627126,0.5378556692962664,0.47797626721667696,0.8579415678977966,2,False,,,,
1766483583.634219,0.5378556692962664,0.47797626721667696,0.8579415678977966,2,False,,,,
1766483583.637205,0.5378556692962664,0.47797626721667696,0.8579415678977966,2,False,,,,
1766483583.639808,0.5434883315017587,0.5023845104149155,1.0,2,False,,,,
1766483583.941934,0.5434883315017587,0.5023845104149155,1.0,2,False,,,,
1766483583.947297,0.5434883315017587,0.5023845104149155,1.0,2,False,,,,
1766483583.950078,0.5434883315017587,0.5023845104149155,1.0,2,False,,,,
1766483583.9532008,0.5428803954571755,0.5023895386881136,1.0,2,False,,,,
1766483583.9559538,0.5343350848474502,0.4918246322773827,1.0,2,False,,,,
1766483584.368039,0.5343350848474502,0.4918246322773827,1.0,2,False,,,,
1766483584.3751218,0.5343350848474502,0.4918246322773827,1.0,2,False,,,,
1766483584.381145,0.5343350848474502,0.4918246322773827,1.0,2,False,,,,
1766483584.384213,0.5343350848474502,0.4918246322773827,1.0,2,False,,,,
1766483584.3871071,0.5339880800759458,0.5045970630449775,1.0,2,False,,,,
1766483584.7387571,0.5339880800759458,0.5045970630449775,1.0,2,False,,,,
1766483584.745177,0.5339880800759458,0.5045970630449775,1.0,2,False,,,,
1766483584.747869,0.5339880800759458,0.5045970630449775,1.0,2,False,,,,
1766483584.753838,0.5339880800759458,0.5045970630449775,1.0,2,False,,,,
1766483584.756584,0.5482120135634238,0.489594282539503,1.0,2,False,,,,
1766483585.0351,0.5482120135634238,0.489594282539503,1.0,2,False,,,,
1766483585.0432918,0.5482120135634238,0.489594282539503,1.0,2,False,,,,
1766483585.046274,0.5482120135634238,0.489594282539503,1.0,2,False,,,,
1766483585.048726,0.5482120135634238,0.489594282539503,1.0,2,False,,,,
1766483585.0512269,0.5544949967285578,0.48408532385668124,1.0,2,False,,,,
1766483585.334929,0.5547142729687821,0.48368716418248936,1.0,2,False,,,,
1766483585.342651,0.5547142729687821,0.48368716418248936,1.0,2,False,,,,
1766483585.348572,0.5547142729687821,0.48368716418248936,1.0,2,False,,,,
1766483585.351448,0.5547142729687821,0.48368716418248936,1.0,2,False,,,,
1766483585.353942,0.5266725265648432,0.4750391042054817,1.0,2,False,,,,
1766483585.6135402,0.5266725265648432,0.4750391042054817,1.0,2,False,,,,
1766483585.619623,0.5266725265648432,0.4750391042054817,1.0,2,False,,,,
1766483585.623036,0.5266725265648432,0.4750391042054817,1.0,2,False,,,,
1766483585.625749,0.5266725265648432,0.4750391042054817,1.0,2,False,,,,
1766483585.6280398,0.5475706501339901,0.45975473869520345,1.0,2,False,,,,
1766483586.189578,0.5475706501339901,0.45975473869520345,1.0,2,False,,,,
1766483586.1962938,0.5475706501339901,0.45975473869520345,1.0,2,False,,,,
1766483586.199649,0.5301675432286863,0.4563705762147472,0.995,2,False,,,,
1766483586.2024431,0.5301675432286863,0.4563705762147472,0.995,2,False,,,,
1766483586.205717,0.5210451584151763,0.4551225627356319,1.0,2,False,,,,
1766483586.4803882,0.5210451584151763,0.4551225627356319,1.0,2,False,,,,
1766483586.4864142,0.5210451584151763,0.4551225627356319,1.0,2,False,,,,
1766483586.49172,0.5210451584151763,0.4551225627356319,1.0,2,False,,,,
1766483586.494501,0.5210451584151763,0.4551225627356319,1.0,2,False,,,,
1766483586.4975638,0.5329954602019844,0.45368689113726357,1.0,2,False,,,,
1766483586.780535,0.5329954602019844,0.45368689113726357,1.0,2,False,,,,
1766483586.7872078,0.5329954602019844,0.45368689113726357,1.0,2,False,,,,
1766483586.7901251,0.5329954602019844,0.45368689113726357,1.0,2,False,,,,
1766483586.7928178,0.5329954602019844,0.45368689113726357,1.0,2,False,,,,
1766483586.7956202,0.4995705762458062,0.46218388503484187,0.7949999999999999,2,False,,,,
1766483587.1986601,0.4995705762458062,0.46218388503484187,0.7949999999999999,2,False,,,,
1766483587.20539,0.444821758241665,0.37771407386059064,0.9061665012529407,2,False,,,,
1766483587.208344,0.4501512192599798,0.692676963409674,0.99,2,False,,,,
1766483587.211189,0.4501512192599798,0.692676963409674,0.99,2,False,,,,
1766483587.217104,0.47525305167568915,0.978392786517576,0.9084738194942474,2,False,,,,
1766483587.817712,0.47525305167568915,0.978392786517576,0.9084738194942474,2,False,,,,
1766483587.825641,0.47525305167568915,0.978392786517576,0.9084738194942474,2,False,,,,
1766483587.8288698,0.47525305167568915,0.978392786517576,0.9084738194942474,2,False,,,,
1766483587.831253,0.47525305167568915,0.978392786517576,0.9084738194942474,2,False,,,,
1766483587.83362,0.4773003393799596,1.0146129189286213,0.8929190635681152,2,False,,,,
1766483588.1210198,0.4773003393799596,1.0146129189286213,0.8929190635681152,2,False,,,,
1766483588.128129,0.4773003393799596,1.0146129189286213,0.8929190635681152,2,False,,,,
1766483588.131144,0.4773003393799596,1.0146129189286213,0.8929190635681152,2,False,,,,
1766483588.1341388,0.4773003393799596,1.0146129189286213,0.8929190635681152,2,False,,,,
1766483588.136493,0.5384569431454016,0.3502013411183422,0.9575939774513245,2,False,,,,
1766483588.5023308,0.5384569431454016,0.3502013411183422,0.9575939774513245,2,False,,,,
1766483588.507699,0.5384569431454016,0.3502013411183422,0.9575939774513245,2,False,,,,
1766483588.5110168,0.5381214108214135,0.3391800698959352,1.0,2,False,,,,
1766483588.514115,0.5373507469595545,0.33223653559268573,1.0,2,False,,,,
1766483588.5169642,0.5273999213484853,0.4050567015153903,1.0,2,False,,,,
1766483589.2506409,0.5264503685802577,0.40748058947462795,1.0,2,False,,,,
1766483589.2589161,0.5256614902693553,0.41002538791777177,1.0,2,False,,,,
1766483589.266117,0.5256614902693553,0.41002538791777177,1.0,2,False,,,,
1766483589.268855,0.5256614902693553,0.41002538791777177,1.0,2,False,,,,
1766483589.271511,0.5178776984143763,0.43628007985320816,1.0,2,False,,,,
1766483589.569131,0.5178776984143763,0.43628007985320816,1.0,2,False,,,,
1766483589.575117,0.5178776984143763,0.43628007985320816,1.0,2,False,,,,
1766483589.5781739,0.5178776984143763,0.43628007985320816,1.0,2,False,,,,
1766483589.5835578,0.5192771746334149,0.43845399636487725,1.0,2,False,,,,
1766483589.5867069,0.5305130651913308,0.4542199275208202,1.0,2,False,,,,
1766483589.9679308,0.5305130651913308,0.4542199275208202,1.0,2,False,,,,
1766483589.974272,0.5305130651913308,0.4542199275208202,1.0,2,False,,,,
1766483589.977171,0.5305130651913308,0.4542199275208202,1.0,2,False,,,,
1766483589.9801128,0.5305130651913308,0.4542199275208202,1.0,2,False,,,,
1766483589.9829068,0.5117442962607742,0.4770034593976962,1.0,2,False,,,,
1766483591.6724448,0.5117442962607742,0.4770034593976962,1.0,2,False,,,,
1766483591.6790679,0.5117442962607742,0.4770034593976962,1.0,2,False,,,,
1766483591.682111,0.5117442962607742,0.4770034593976962,1.0,2,False,,,,
1766483591.684871,0.5117442962607742,0.4770034593976962,1.0,2,False,,,,
1766483591.6872199,0.5109960246140808,0.47776359198713325,1.0,2,False,,,,
1766483591.9883788,0.5109960246140808,0.47776359198713325,1.0,2,False,,,,
1766483591.994563,0.5109960246140808,0.47776359198713325,1.0,2,False,,,,
1766483591.997823,0.5107594005452909,0.4772052983144148,1.0,2,False,,,,
1766483592.003007,0.5117066115843852,0.47722904006345224,1.0,2,False,,,,
1766483592.006224,0.5490758420018144,0.4615077785881897,1.0,2,False,,,,
1766483592.315945,0.5490758420018144,0.4615077785881897,1.0,2,False,,,,
1766483592.3221152,0.5490758420018144,0.4615077785881897,1.0,2,False,,,,
1766483592.3250828,0.5490758420018144,0.4615077785881897,1.0,2,False,,,,
1766483592.3281221,0.5490758420018144,0.4615077785881897,1.0,2,False,,,,
1766483592.331431,0.5106352070154723,0.47789705352973966,1.0,2,False,,,,
1766483592.62362,0.5106352070154723,0.47789705352973966,1.0,2,False,,,,
1766483592.629863,0.5106352070154723,0.47789705352973966,1.0,2,False,,,,
1766483592.6359282,0.5097780047770444,0.4785443733158715,1.0,2,False,,,,
1766483592.639065,0.5097780047770444,0.4785443733158715,1.0,2,False,,,,
1766483592.642071,0.5118524413765754,0.4746099726018643,1.0,2,False,,,,
1766483592.931114,0.5118524413765754,0.4746099726018643,1.0,2,False,,,,
1766483592.938675,0.5113034696526266,0.47277949023551613,1.0,2,False,,,,
1766483592.942337,0.5113034696526266,0.47277949023551613,1.0,2,False,,,,
1766483592.949047,0.5113034696526266,0.47277949023551613,1.0,2,False,,,,
1766483592.952192,0.5255704136065844,0.45131494197273836,1.0,2,False,,,,
1766483593.245994,0.5257119898533984,0.45064665361407397,1.0,2,False,,,,
1766483593.2543712,0.5257119898533984,0.45064665361407397,1.0,2,False,,,,
1766483593.2606652,0.5257119898533984,0.45064665361407397,1.0,2,False,,,,
1766483593.263577,0.5257119898533984,0.45064665361407397,1.0,2,False,,,,
1766483593.268765,0.5322292922764686,0.435317278450571,1.0,2,False,,,,
1766483593.620256,0.5322292922764686,0.435317278450571,1.0,2,False,,,,
1766483593.6266859,0.5322292922764686,0.435317278450571,1.0,2,False,,,,
1766483593.6299572,0.5322292922764686,0.435317278450571,1.0,2,False,,,,
1766483593.632593,0.5322292922764686,0.435317278450571,1.0,2,False,,,,
1766483593.635137,0.5112558057638764,0.4357300261653152,1.0,2,False,,,,
1766483593.937859,0.5112558057638764,0.4357300261653152,1.0,2,False,,,,
1766483593.9447649,0.5090747823927224,0.4373585632398693,1.0,2,False,,,,
1766483593.948761,0.5090747823927224,0.4373585632398693,1.0,2,False,,,,
1766483593.952666,0.5090747823927224,0.4373585632398693,1.0,2,False,,,,
1766483593.958642,0.5178965231046957,0.42752201474253737,1.0,2,False,,,,
1766483594.260776,0.5178965231046957,0.42752201474253737,1.0,2,False,,,,
1766483594.2659671,0.5178965231046957,0.42752201474253737,1.0,2,False,,,,
1766483594.268502,0.5178965231046957,0.42752201474253737,1.0,2,False,,,,
1766483594.271046,0.5178965231046957,0.42752201474253737,1.0,2,False,,,,
1766483594.274663,0.5364981282013452,0.4088950015419377,0.9920273125171661,2,False,,,,
1766483594.592895,0.5364981282013452,0.4088950015419377,0.9920273125171661,2,False,,,,
1766483594.59923,0.5364981282013452,0.4088950015419377,0.9920273125171661,2,False,,,,
1766483594.602155,0.5364981282013452,0.4088950015419377,0.9920273125171661,2,False,,,,
1766483594.605396,0.5364981282013452,0.4088950015419377,0.9920273125171661,2,False,,,,
1766483594.608026,0.5234092941364186,0.43295593323704706,1.0,2,False,,,,
1766483594.957786,0.5234092941364186,0.43295593323704706,1.0,2,False,,,,
1766483594.964281,0.5234092941364186,0.43295593323704706,1.0,2,False,,,,
1766483594.9674518,0.5234092941364186,0.43295593323704706,1.0,2,False,,,,
1766483594.972579,0.5234092941364186,0.43295593323704706,1.0,2,False,,,,
1766483594.9752471,0.547207396050869,0.4385784245518124,1.0,2,False,,,,
1766483595.2903712,0.5472063423287725,0.43829099339202915,1.0,2,False,,,,
1766483595.2981172,0.5472063423287725,0.43829099339202915,1.0,2,False,,,,
1766483595.304715,0.5472063423287725,0.43829099339202915,1.0,2,False,,,,
1766483595.308127,0.5472063423287725,0.43829099339202915,1.0,2,False,,,,
1766483595.311845,0.5039519990702248,0.42626032951756543,1.0,2,False,,,,
1766483595.6398919,0.5039519990702248,0.42626032951756543,1.0,2,False,,,,
1766483595.646519,0.5039519990702248,0.42626032951756543,1.0,2,False,,,,
1766483595.649729,0.5032557583954962,0.42523390673978867,1.0,2,False,,,,
1766483595.652638,0.5020386393106405,0.42349424024968974,1.0,2,False,,,,
1766483595.655339,0.2970604869709812,0.6191986680233833,0.24276684530423967,2,False,,,,
1766483595.934088,0.2970604869709812,0.6191986680233833,0.24276684530423967,2,False,,,,
1766483595.941241,0.2970604869709812,0.6191986680233833,0.24276684530423967,2,False,,,,
1766483595.944364,0.2970604869709812,0.6191986680233833,0.24276684530423967,2,False,,,,
1766483595.947053,0.2970604869709812,0.6191986680233833,0.24276684530423967,2,False,,,,
1766483595.949941,0.5623054064713761,0.8499384380271675,0.899294376373291,2,False,,,,
1766483596.222052,0.5637488451258243,0.8448709445342277,0.8803114083242205,2,False,,,,
1766483596.229825,0.5637488451258243,0.8448709445342277,0.8803114083242205,2,False,,,,
1766483596.236369,0.5637488451258243,0.8448709445342277,0.8803114083242205,2,False,,,,
1766483596.239312,0.5637488451258243,0.8448709445342277,0.8803114083242205,2,False,,,,
1766483596.241861,0.4720452692084696,0.9249236690911543,0.9463490929408973,2,False,,,,
1766483596.4964118,0.4720452692084696,0.9249236690911543,0.9463490929408973,2,False,,,,
1766483596.502955,0.4720452692084696,0.9249236690911543,0.9463490929408973,2,False,,,,
1766483596.508737,0.4720452692084696,0.9249236690911543,0.9463490929408973,2,False,,,,
1766483596.511699,0.4720452692084696,0.9249236690911543,0.9463490929408973,2,False,,,,
1766483596.514223,0.5501565222085685,0.33944102376310936,1.0,2,False,,,,
1766483596.9289532,0.5497320927531197,0.3399326633684161,1.0,2,False,,,,
1766483596.936735,0.5497320927531197,0.3399326633684161,1.0,2,False,,,,
1766483596.9435022,0.5497320927531197,0.3399326633684161,1.0,2,False,,,,
1766483596.9469938,0.5497320927531197,0.3399326633684161,1.0,2,False,,,,
1766483596.949733,0.5257129075030572,0.3581189848409271,1.0,2,False,,,,
1766483597.277545,0.5257129075030572,0.3581189848409271,1.0,2,False,,,,
1766483597.283711,0.5257129075030572,0.3581189848409271,1.0,2,False,,,,
1766483597.287477,0.5257129075030572,0.3581189848409271,1.0,2,False,,,,
1766483597.290473,0.5257978738415181,0.35573650573361704,1.0,2,False,,,,
1766483597.2968278,0.5350337674540258,0.36231526024451643,1.0,2,False,,,,
1766483597.5692139,0.5350337674540258,0.36231526024451643,1.0,2,False,,,,
1766483597.575426,0.5350337674540258,0.36231526024451643,1.0,2,False,,,,
1766483597.57847,0.5350337674540258,0.36231526024451643,1.0,2,False,,,,
1766483597.5809522,0.5350337674540258,0.36231526024451643,1.0,2,False,,,,
1766483597.584022,0.5299608776030723,0.3414214626095524,1.0,2,False,,,,
1766483597.938175,0.5299608776030723,0.3414214626095524,1.0,2,False,,,,
1766483597.945136,0.5299608776030723,0.3414214626095524,1.0,2,False,,,,
1766483597.947873,0.5299608776030723,0.3414214626095524,1.0,2,False,,,,
1766483597.9505742,0.5299608776030723,0.3414214626095524,1.0,2,False,,,,
1766483597.953425,0.4831212374384566,0.942846062694162,0.9536675214767456,2,False,,,,
1766483598.25967,0.4831212374384566,0.942846062694162,0.9536675214767456,2,False,,,,
1766483598.269196,0.48631554462445836,0.9384072091662126,0.9449931383132935,2,False,,,,
1766483598.272528,0.48631554462445836,0.9384072091662126,0.9449931383132935,2,False,,,,
1766483598.278986,0.48631554462445836,0.9384072091662126,0.9449931383132935,2,False,,,,
1766483598.281965,0.47205607923810866,0.9572235906527558,0.8932127952575684,2,False,,,,
1766483598.631072,0.4731418776213846,0.9557310935465375,0.8986479341983795,2,False,,,,
1766483598.640308,0.4725186986717496,0.955965610488128,0.9245978891849518,2,False,,,,
1766483598.647205,0.4725186986717496,0.955965610488128,0.9245978891849518,2,False,,,,
1766483598.650284,0.4725186986717496,0.955965610488128,0.9245978891849518,2,False,,,,
1766483598.652769,0.5615410644694928,0.8401998036502291,0.9430739283561707,2,False,,,,
1766483598.941345,0.561902161610684,0.836358726978242,0.9412596821784973,2,False,,,,
1766483598.9483159,0.561902161610684,0.836358726978242,0.9412596821784973,2,False,,,,
1766483598.955243,0.561902161610684,0.836358726978242,0.9412596821784973,2,False,,,,
1766483598.960871,0.561902161610684,0.836358726978242,0.9412596821784973,2,False,,,,
1766483598.963686,0.45647682057490957,0.9643602909069472,0.9426446557044983,2,False,,,,
1766483599.4826329,0.45647682057490957,0.9643602909069472,0.9426446557044983,2,False,,,,
1766483599.489797,0.45647682057490957,0.9643602909069472,0.9426446557044983,2,False,,,,
1766483599.4926999,0.45647682057490957,0.9643602909069472,0.9426446557044983,2,False,,,,
1766483599.49549,0.45647682057490957,0.9643602909069472,0.9426446557044983,2,False,,,,
1766483599.498346,0.5574060314442019,0.8207965384879259,0.9119344353675842,2,False,,,,
1766483599.793408,0.5574060314442019,0.8207965384879259,0.9119344353675842,2,False,,,,
1766483599.799927,0.5574060314442019,0.8207965384879259,0.9119344353675842,2,False,,,,
1766483599.802808,0.5574060314442019,0.8207965384879259,0.9119344353675842,2,False,,,,
1766483599.805677,0.5587468782337619,0.8206995575047322,0.9188726842403412,2,False,,,,
1766483599.809504,0.5559752464933598,0.833884018681809,0.9339399933815002,2,False,,,,
1766483600.2059178,0.5555302668171979,0.8346753119223457,0.9272719919681549,2,False,,,,
1766483600.2134888,0.556313896586228,0.8378822345165862,0.9381137490272522,2,False,,,,
1766483600.2203672,0.556313896586228,0.8378822345165862,0.9381137490272522,2,False,,,,
1766483600.224137,0.556313896586228,0.8378822345165862,0.9381137490272522,2,False,,,,
1766483600.226965,0.5609297897748744,0.31962461748015536,0.9939878582954407,2,False,,,,
1766483600.509714,0.560327384487214,0.32052093498937606,0.9900307357311249,2,False,,,,
1766483600.516959,0.558682787218347,0.32140112085422223,0.97898268699646,2,False,,,,
1766483600.5242188,0.558682787218347,0.32140112085422223,0.97898268699646,2,False,,,,
1766483600.5272079,0.558682787218347,0.32140112085422223,0.97898268699646,2,False,,,,
1766483600.5299652,0.5560713929477596,0.3432326667462896,1.0,2,False,,,,
1766483600.819205,0.5560713929477596,0.3432326667462896,1.0,2,False,,,,
1766483600.827051,0.5560713929477596,0.3432326667462896,1.0,2,False,,,,
1766483600.832576,0.5560713929477596,0.3432326667462896,1.0,2,False,,,,
1766483600.835405,0.5560713929477596,0.3432326667462896,1.0,2,False,,,,
1766483600.837992,0.4993577270298572,0.8762856137340088,0.5166911715538649,2,False,,,,
1766483601.227277,0.4993577270298572,0.8762856137340088,0.5166911715538649,2,False,,,,
1766483601.233985,0.4993577270298572,0.8762856137340088,0.5166911715538649,2,False,,,,
1766483601.2374358,0.4993577270298572,0.8762856137340088,0.5166911715538649,2,False,,,,
1766483601.23998,0.4993577270298572,0.8762856137340088,0.5166911715538649,2,False,,,,
1766483601.242472,0.4918021226647711,0.9235517870828507,0.9409481287002563,2,False,,,,
1766483601.5556889,0.4918021226647711,0.9235517870828507,0.9409481287002563,2,False,,,,
1766483601.562508,0.4918021226647711,0.9235517870828507,0.9409481287002563,2,False,,,,
1766483601.565356,0.4918021226647711,0.9235517870828507,0.9409481287002563,2,False,,,,
1766483601.569366,0.4918021226647711,0.9235517870828507,0.9409481287002563,2,False,,,,
1766483601.5754309,0.484499728620121,0.9286706493103338,0.987919420003891,2,False,,,,
1766483601.957064,0.48454051477341614,0.9304054445316082,0.9302404820919037,2,False,,,,
1766483601.963992,0.48454051477341614,0.9304054445316082,0.9302404820919037,2,False,,,,
1766483601.970273,0.48454051477341614,0.9304054445316082,0.9302404820919037,2,False,,,,
1766483601.974049,0.48454051477341614,0.9304054445316082,0.9302404820919037,2,False,,,,
1766483601.9765918,0.5287350511277538,0.8457336119130691,0.9172345995903015,2,False,,,,
1766483602.4583511,0.5287912528527927,0.8456067384124802,0.9387163519859314,2,False,,,,
1766483602.466004,0.5287912528527927,0.8456067384124802,0.9387163519859314,2,False,,,,
1766483602.47296,0.5287912528527927,0.8456067384124802,0.9387163519859314,2,False,,,,
1766483602.4757462,0.5287912528527927,0.8456067384124802,0.9387163519859314,2,False,,,,
1766483602.478519,0.5482326939396734,0.8019035693029254,0.9366765022277832,2,False,,,,
1766483602.7642932,0.5482326939396734,0.8019035693029254,0.9366765022277832,2,False,,,,
1766483602.7696488,0.5482326939396734,0.8019035693029254,0.9366765022277832,2,False,,,,
1766483602.772435,0.5482326939396734,0.8019035693029254,0.9366765022277832,2,False,,,,
1766483602.774836,0.5482326939396734,0.8019035693029254,0.9366765022277832,2,False,,,,
1766483602.777195,0.5529679247132975,0.7965573821278411,0.9363282918930054,2,False,,,,
1766483603.034436,0.5529679247132975,0.7965573821278411,0.9363282918930054,2,False,,,,
1766483603.0415978,0.5529679247132975,0.7965573821278411,0.9363282918930054,2,False,,,,
1766483603.044841,0.5529679247132975,0.7965573821278411,0.9363282918930054,2,False,,,,
1766483603.047464,0.5529679247132975,0.7965573821278411,0.9363282918930054,2,False,,,,
1766483603.049983,0.4809381638685841,0.9507026532185523,0.9321615993976593,2,False,,,,
1766483603.375175,0.4809381638685841,0.9507026532185523,0.9321615993976593,2,False,,,,
1766483603.3813949,0.4809381638685841,0.9507026532185523,0.9321615993976593,2,False,,,,
1766483603.384941,0.4809381638685841,0.9507026532185523,0.9321615993976593,2,False,,,,
1766483603.391057,0.480346093199249,0.9509205406207369,0.9635708034038544,2,False,,,,
1766483603.395888,0.48620971804873114,0.9216547455506319,0.9546504616737366,2,False,,,,
1766483603.787207,0.48620971804873114,0.9216547455506319,0.9546504616737366,2,False,,,,
1766483603.794229,0.47626473264183267,0.9151516672352215,0.9447377324104309,2,False,,,,
1766483603.798371,0.4759149899982115,0.9157226163983249,0.9406055510044098,2,False,,,,
1766483603.8028002,0.4759149899982115,0.9157226163983249,0.9406055510044098,2,False,,,,
1766483603.810358,0.48427163701085546,0.8342794534737916,0.9734252941608429,2,False,,,,
1766483604.116395,0.48427163701085546,0.8342794534737916,0.9734252941608429,2,False,,,,
1766483604.123286,0.48427163701085546,0.8342794534737916,0.9734252941608429,2,False,,,,
1766483604.1264699,0.40003929880763894,1.0505816909111705,0.2349547084889887,2,False,,,,
1766483604.1292732,0.40003929880763894,1.0505816909111705,0.2349547084889887,2,False,,,,
1766483604.1320279,0.5167055540659264,0.875501117523897,0.9136662483215332,2,False,,,,
1766483604.492379,0.5167055540659264,0.875501117523897,0.9136662483215332,2,False,,,,
1766483604.499825,0.5169740459642986,0.8753090360658078,0.9166387617588043,2,False,,,,
1766483604.503111,0.5169740459642986,0.8753090360658078,0.9166387617588043,2,False,,,,
1766483604.510816,0.5169740459642986,0.8753090360658078,0.9166387617588043,2,False,,,,
1766483604.513841,0.5425081702773941,0.8966155266271835,0.902765154838562,3,False,,,,
1766483604.911264,0.5425081702773941,0.8966155266271835,0.902765154838562,3,False,,,,
1766483604.918011,0.5425081702773941,0.8966155266271835,0.902765154838562,3,False,,,,
1766483604.920882,0.5425081702773941,0.8966155266271835,0.902765154838562,3,False,,,,
1766483604.923924,0.5425081702773941,0.8966155266271835,0.902765154838562,3,False,,,,
1766483604.9270542,0.5111948354878307,0.3704192951174188,1.0,2,False,,,,
1766483605.321714,0.5111948354878307,0.3704192951174188,1.0,2,False,,,,
1766483605.328489,0.5111948354878307,0.3704192951174188,1.0,2,False,,,,
1766483605.33433,0.5190603254750579,0.36009732561990493,1.0,2,False,,,,
1766483605.3386319,0.5192548658326557,0.3466746899296367,1.0,2,False,,,,
1766483605.341415,0.5546663994756605,0.37834080924123825,1.0,2,False,,,,
1766483605.631837,0.5546663994756605,0.37834080924123825,1.0,2,False,,,,
1766483605.6410491,0.5542966955016515,0.38646156715255175,1.0,2,False,,,,
1766483605.6478899,0.5542966955016515,0.38646156715255175,1.0,2,False,,,,
1766483605.6511989,0.5542966955016515,0.38646156715255175,1.0,2,False,,,,
1766483605.6539469,0.5448114984517386,0.42833593766263944,1.0,2,False,,,,
1766483605.939423,0.5452195370449997,0.43401028838586475,1.0,2,False,,,,
1766483605.946831,0.545231401116326,0.4342915983764364,1.0,2,False,,,,
1766483605.953871,0.545231401116326,0.4342915983764364,1.0,2,False,,,,
1766483605.9570172,0.545231401116326,0.4342915983764364,1.0,2,False,,,,
1766483605.962208,0.5302500983817653,0.48541240633166427,1.0,2,False,,,,
1766483606.247159,0.5302500983817653,0.48541240633166427,1.0,2,False,,,,
1766483606.254873,0.5302500983817653,0.48541240633166427,1.0,2,False,,,,
1766483606.257901,0.5302500983817653,0.48541240633166427,1.0,2,False,,,,
1766483606.260301,0.5302500983817653,0.48541240633166427,1.0,2,False,,,,
1766483606.26272,0.5274896394523575,0.492599843854411,1.0,2,False,,,,
1766483606.518993,0.5274896394523575,0.492599843854411,1.0,2,False,,,,
1766483606.5252721,0.5274896394523575,0.492599843854411,1.0,2,False,,,,
1766483606.528162,0.5274896394523575,0.492599843854411,1.0,2,False,,,,
1766483606.530656,0.5274896394523575,0.492599843854411,1.0,2,False,,,,
1766483606.5334249,0.5113059851294578,0.519250324489852,1.0,2,False,,,,
1766483606.8561978,0.5113059851294578,0.519250324489852,1.0,2,False,,,,
1766483606.861566,0.5113059851294578,0.519250324489852,1.0,2,False,,,,
1766483606.8641999,0.5113059851294578,0.519250324489852,1.0,2,False,,,,
1766483606.8668642,0.5113059851294578,0.519250324489852,1.0,2,False,,,,
1766483606.869708,0.5297353989211663,0.4942601533855129,1.0,2,False,,,,
1766483607.146056,0.529545873189965,0.49740717017110037,1.0,2,False,,,,
1766483607.153019,0.529545873189965,0.49740717017110037,1.0,2,False,,,,
1766483607.1599412,0.529545873189965,0.49740717017110037,1.0,2,False,,,,
1766483607.1627789,0.529545873189965,0.49740717017110037,1.0,2,False,,,,
1766483607.165409,0.5425197728740179,0.48876119488344993,1.0,2,False,,,,
1766483607.5525959,0.5425067178481046,0.48440847407538157,1.0,2,False,,,,
1766483607.559492,0.5425067178481046,0.48440847407538157,1.0,2,False,,,,
1766483607.565758,0.5425067178481046,0.48440847407538157,1.0,2,False,,,,
1766483607.570668,0.5425067178481046,0.48440847407538157,1.0,2,False,,,,
1766483607.5734951,0.5259535693581132,0.4279125988792949,1.0,2,False,,,,
1766483607.8853178,0.5287657383531409,0.4147716115353418,1.0,2,False,,,,
1766483607.893139,0.5287657383531409,0.4147716115353418,1.0,2,False,,,,
1766483607.899827,0.5287657383531409,0.4147716115353418,1.0,2,False,,,,
1766483607.9030359,0.5287657383531409,0.4147716115353418,1.0,2,False,,,,
1766483607.905754,0.5267605219969287,0.3825342315489406,0.9450661540031433,3,False,,,,
1766483608.292442,0.5267605219969287,0.3825342315489406,0.9450661540031433,3,False,,,,
1766483608.2990952,0.5267605219969287,0.3825342315489406,0.9450661540031433,3,False,,,,
1766483608.302148,0.5267605219969287,0.3825342315489406,0.9450661540031433,3,False,,,,
1766483608.304883,0.5267605219969287,0.3825342315489406,0.9450661540031433,3,False,,,,
1766483608.307484,0.5251189114068306,0.3981351584886008,0.9853314757347107,2,False,,,,
1766483608.631945,0.5251189114068306,0.3981351584886008,0.9853314757347107,2,False,,,,
1766483608.638398,0.5251189114068306,0.3981351584886008,0.9853314757347107,2,False,,,,
1766483608.641414,0.5251189114068306,0.3981351584886008,0.9853314757347107,2,False,,,,
1766483608.644125,0.5251189114068306,0.3981351584886008,0.9853314757347107,2,False,,,,
1766483608.6465201,0.5262699362897733,0.38665417372282573,0.9801506400108337,2,False,,,,
1766483608.967477,0.5262699362897733,0.38665417372282573,0.9801506400108337,2,False,,,,
1766483608.974387,0.5262699362897733,0.38665417372282573,0.9801506400108337,2,False,,,,
1766483608.977938,0.5262699362897733,0.38665417372282573,0.9801506400108337,2,False,,,,
1766483608.980559,0.5262699362897733,0.38665417372282573,0.9801506400108337,2,False,,,,
1766483608.983142,0.5331924992206716,0.8722559802591445,0.8736752569675446,2,False,,,,
1766483609.31883,0.5331924992206716,0.8722559802591445,0.8736752569675446,2,False,,,,
1766483609.326889,0.5241278634429354,0.8984140262689421,0.8,2,False,,,,
1766483609.332993,0.5241278634429354,0.8984140262689421,0.8,2,False,,,,
1766483609.3400378,0.5241278634429354,0.8984140262689421,0.8,2,False,,,,
1766483609.342901,0.5527667367143281,0.9481819864249361,0.9068942666053772,2,False,,,,
1766483609.990996,0.5521625845632581,0.9474815369064086,0.8795106410980225,2,False,,,,
1766483609.998132,0.5527987664696855,0.9470469714483412,0.9258897006511688,2,False,,,,
1766483610.0059268,0.5527987664696855,0.9470469714483412,0.9258897006511688,2,False,,,,
1766483610.009127,0.5527987664696855,0.9470469714483412,0.9258897006511688,2,False,,,,
1766483610.011678,0.5509032464251042,0.3551812323513973,1.0,2,False,,,,
1766483610.592896,0.5503734820272845,0.3525035749201785,1.0,2,False,,,,
1766483610.600842,0.5453589392793254,0.33592836369374424,1.0,2,False,,,,
1766483610.607656,0.5453589392793254,0.33592836369374424,1.0,2,False,,,,
1766483610.6107352,0.5453589392793254,0.33592836369374424,1.0,2,False,,,,
1766483610.6161978,0.5620235398378334,0.3741812919540327,1.0,2,False,,,,
1766483610.950337,0.5620235398378334,0.3741812919540327,1.0,2,False,,,,
1766483610.956809,0.5620235398378334,0.3741812919540327,1.0,2,False,,,,
1766483610.9601228,0.5620235398378334,0.3741812919540327,1.0,2,False,,,,
1766483610.96358,0.5608857244476183,0.37505220957793095,1.0,2,False,,,,
1766483610.966539,0.5589497460966497,0.3930216467038693,1.0,2,False,,,,
1766483611.264492,0.5589497460966497,0.3930216467038693,1.0,2,False,,,,
1766483611.273113,0.5593813793670858,0.3929359582874905,1.0,2,False,,,,
1766483611.279839,0.5593813793670858,0.3929359582874905,1.0,2,False,,,,
1766483611.2828228,0.5593813793670858,0.3929359582874905,1.0,2,False,,,,
1766483611.285902,0.5294868317431325,0.39938758989350376,1.0,2,False,,,,
1766483611.597044,0.5294868317431325,0.39938758989350376,1.0,2,False,,,,
1766483611.602808,0.5292183641592946,0.3988553094282449,1.0,2,False,,,,
1766483611.605885,0.5294677482427147,0.39844945257112174,1.0,2,False,,,,
1766483611.610115,0.5294677482427147,0.39844945257112174,1.0,2,False,,,,
1766483611.6169941,0.5308116189634975,0.38594936432457994,1.0,2,False,,,,
1766483611.9861069,0.5308116189634975,0.38594936432457994,1.0,2,False,,,,
1766483611.992926,0.5308116189634975,0.38594936432457994,1.0,2,False,,,,
1766483611.9959612,0.5308116189634975,0.38594936432457994,1.0,2,False,,,,
1766483611.9988868,0.5308116189634975,0.38594936432457994,1.0,2,False,,,,
1766483612.0021381,0.5300933598831963,0.4064018872465065,1.0,2,False,,,,
1766483612.287183,0.5300933598831963,0.4064018872465065,1.0,2,False,,,,
1766483612.293507,0.5300933598831963,0.4064018872465065,1.0,2,False,,,,
1766483612.29648,0.5300933598831963,0.4064018872465065,1.0,2,False,,,,
1766483612.3025641,0.529003862883102,0.40981468346223127,0.9970718026161194,2,False,,,,
1766483612.305619,0.5212218665261226,0.45567106917634104,1.0,2,False,,,,
1766483612.61761,0.5212218665261226,0.45567106917634104,1.0,2,False,,,,
1766483612.6239722,0.5212218665261226,0.45567106917634104,1.0,2,False,,,,
1766483612.6267982,0.5212218665261226,0.45567106917634104,1.0,2,False,,,,
1766483612.629245,0.5212218665261226,0.45567106917634104,1.0,2,False,,,,
1766483612.631976,0.5138457548288912,0.4941982540670946,1.0,2,False,,,,
1766483612.953221,0.5138457548288912,0.4941982540670946,1.0,2,False,,,,
1766483612.959519,0.5138457548288912,0.4941982540670946,1.0,2,False,,,,
1766483612.9625878,0.5138457548288912,0.4941982540670946,1.0,2,False,,,,
1766483612.965306,0.5138457548288912,0.4941982540670946,1.0,2,False,,,,
1766483612.9679759,0.5183395285681385,0.47589308869910407,1.0,2,False,,,,
1766483613.318221,0.5174710372818192,0.4823237054611471,1.0,2,False,,,,
1766483613.324558,0.5174710372818192,0.4823237054611471,1.0,2,False,,,,
1766483613.327884,0.5174710372818192,0.4823237054611471,1.0,2,False,,,,
1766483613.330772,0.5174710372818192,0.4823237054611471,1.0,2,False,,,,
1766483613.334026,0.5188913519697177,0.4713197361335023,1.0,2,False,,,,
1766483613.7212968,0.5188913519697177,0.4713197361335023,1.0,2,False,,,,
1766483613.728354,0.5188913519697177,0.4713197361335023,1.0,2,False,,,,
1766483613.731102,0.5188913519697177,0.4713197361335023,1.0,2,False,,,,
1766483613.733984,0.5188913519697177,0.4713197361335023,1.0,2,False,,,,
1766483613.736632,0.5320042924018817,0.4485912024638665,1.0,2,False,,,,
1766483614.0579772,0.5320042924018817,0.4485912024638665,1.0,2,False,,,,
1766483614.064667,0.5320042924018817,0.4485912024638665,1.0,2,False,,,,
1766483614.070198,0.5320042924018817,0.4485912024638665,1.0,2,False,,,,
1766483614.0729432,0.5320042924018817,0.4485912024638665,1.0,2,False,,,,
1766483614.075734,0.5110528029979686,0.4532370474556382,1.0,2,False,,,,
1766483614.436247,0.5110528029979686,0.4532370474556382,1.0,2,False,,,,
1766483614.442448,0.5110528029979686,0.4532370474556382,1.0,2,False,,,,
1766483614.445333,0.5110528029979686,0.4532370474556382,1.0,2,False,,,,
1766483614.448737,0.5114823747899429,0.4526362439091127,1.0,2,False,,,,
1766483614.452306,0.5378603733705292,0.4358042432440432,1.0,2,False,,,,
1766483614.848641,0.5378603733705292,0.4358042432440432,1.0,2,False,,,,
1766483614.8558578,0.537861520469405,0.432984659908909,1.0,2,False,,,,
1766483614.862616,0.537861520469405,0.432984659908909,1.0,2,False,,,,
1766483614.8656461,0.537861520469405,0.432984659908909,1.0,2,False,,,,
1766483614.870979,0.5323421042593319,0.44813722119800214,1.0,2,False,,,,
1766483615.374814,0.5323421042593319,0.44813722119800214,1.0,2,False,,,,
1766483615.381301,0.5323421042593319,0.44813722119800214,1.0,2,False,,,,
1766483615.384544,0.5323421042593319,0.44813722119800214,1.0,2,False,,,,
1766483615.387483,0.532160126357925,0.4499359446101774,1.0,2,False,,,,
1766483615.390597,0.5220622588162465,0.4538684001721143,1.0,2,False,,,,
1766483615.6535501,0.5219895753377888,0.4529457303421469,1.0,2,False,,,,
1766483615.660374,0.5218907162948092,0.45387609361084924,1.0,2,False,,,,
1766483615.667003,0.5218907162948092,0.45387609361084924,1.0,2,False,,,,
1766483615.67001,0.5218907162948092,0.45387609361084924,1.0,2,False,,,,
1766483615.672666,0.5103698660824306,0.45607692320613014,1.0,2,False,,,,
1766483616.135556,0.5103698660824306,0.45607692320613014,1.0,2,False,,,,
1766483616.1409469,0.5103698660824306,0.45607692320613014,1.0,2,False,,,,
1766483616.1437628,0.5103698660824306,0.45607692320613014,1.0,2,False,,,,
1766483616.146463,0.5103698660824306,0.45607692320613014,1.0,2,False,,,,
1766483616.149271,0.5132187871330272,0.45488379106942745,1.0,2,False,,,,
1766483616.485239,0.5132187871330272,0.45488379106942745,1.0,2,False,,,,
1766483616.4915462,0.5132187871330272,0.45488379106942745,1.0,2,False,,,,
1766483616.495282,0.513375992258321,0.45312015308782405,1.0,2,False,,,,
1766483616.4984581,0.513375992258321,0.45312015308782405,1.0,2,False,,,,
1766483616.501229,0.509289025223899,0.45011482219812393,1.0,2,False,,,,
1766483616.796843,0.509190935327416,0.4495799616521815,1.0,2,False,,,,
1766483616.8037708,0.509190935327416,0.4495799616521815,1.0,2,False,,,,
1766483616.811379,0.509190935327416,0.4495799616521815,1.0,2,False,,,,
1766483616.816409,0.509190935327416,0.4495799616521815,1.0,2,False,,,,
1766483616.8195121,0.5211706376045899,0.44623754146806904,1.0,2,False,,,,
1766483617.0987399,0.5214941683359373,0.4445863592745817,1.0,2,False,,,,
1766483617.1058009,0.5214941683359373,0.4445863592745817,1.0,2,False,,,,
1766483617.11254,0.5214941683359373,0.4445863592745817,1.0,2,False,,,,
1766483617.1157389,0.5214941683359373,0.4445863592745817,1.0,2,False,,,,
1766483617.11851,0.5219803709934183,0.44557745945347016,1.0,2,False,,,,
1766483617.500662,0.5215630224972796,0.4458023043404734,1.0,2,False,,,,
1766483617.508497,0.5215630224972796,0.4458023043404734,1.0,2,False,,,,
1766483617.5144398,0.5215630224972796,0.4458023043404734,1.0,2,False,,,,
1766483617.517536,0.5215630224972796,0.4458023043404734,1.0,2,False,,,,
1766483617.5205739,0.5225919149589974,0.3973370840449806,0.9521910846233368,2,False,,,,
1766483617.921859,0.5225919149589974,0.3973370840449806,0.9521910846233368,2,False,,,,
1766483617.928585,0.5225919149589974,0.3973370840449806,0.9521910846233368,2,False,,,,
1766483617.931512,0.5225919149589974,0.3973370840449806,0.9521910846233368,2,False,,,,
1766483617.935688,0.5273402743096083,0.4003710827940423,1.0,2,False,,,,
1766483617.938669,0.5209487311147006,0.9969139560086944,0.9412365555763245,2,False,,,,
1766483618.4329338,0.5209487311147006,0.9969139560086944,0.9412365555763245,2,False,,,,
1766483618.442026,0.5147075756829512,1.0047768220843711,0.9142226576805115,2,False,,,,
1766483618.444931,0.5147075756829512,1.0047768220843711,0.9142226576805115,2,False,,,,
1766483618.4520152,0.5147075756829512,1.0047768220843711,0.9142226576805115,2,False,,,,
1766483618.45521,0.5226190611079303,0.8710723917800526,0.9501374065876007,2,False,,,,
1766483618.842165,0.5235874070902062,0.8789927038076064,0.9945409297943115,2,False,,,,
1766483618.850204,0.5235874070902062,0.8789927038076064,0.9945409297943115,2,False,,,,
1766483618.8560262,0.5235874070902062,0.8789927038076064,0.9945409297943115,2,False,,,,
1766483618.858879,0.5235874070902062,0.8789927038076064,0.9945409297943115,2,False,,,,
1766483618.8617878,0.5770665035173245,0.920018712554673,0.8961639702320099,2,False,,,,
1766483619.250325,0.5777959405470766,0.92191721525707,0.9379427134990692,2,False,,,,
1766483619.2579432,0.5777959405470766,0.92191721525707,0.9379427134990692,2,False,,,,
1766483619.264261,0.5777959405470766,0.92191721525707,0.9379427134990692,2,False,,,,
1766483619.267314,0.5777959405470766,0.92191721525707,0.9379427134990692,2,False,,,,
1766483619.2698188,0.5821193767454833,0.9465352091602226,0.9048801362514496,2,False,,,,
1766483619.548193,0.5820353669303009,0.9446744877066907,0.9280694425106049,2,False,,,,
1766483619.556003,0.5820353669303009,0.9446744877066907,0.9280694425106049,2,False,,,,
1766483619.562477,0.5820353669303009,0.9446744877066907,0.9280694425106049,2,False,,,,
1766483619.565588,0.5820353669303009,0.9446744877066907,0.9280694425106049,2,False,,,,
1766483619.571373,0.49965872796690924,0.9759776481364326,0.9573804140090942,3,False,,,,
1766483619.948265,0.49818119708050723,0.9932581984644622,0.9343482553958893,3,False,,,,
1766483619.956643,0.49818119708050723,0.9932581984644622,0.9343482553958893,3,False,,,,
1766483619.9635851,0.49818119708050723,0.9932581984644622,0.9343482553958893,3,False,,,,
1766483619.966599,0.49818119708050723,0.9932581984644622,0.9343482553958893,3,False,,,,
1766483619.969459,0.5088587167678671,1.0297803507639272,0.9398426413536072,2,False,,,,
1766483620.248363,0.5265933931839841,0.856160738669211,0.45776394418788,2,False,,,,
1766483620.256835,0.5265933931839841,0.856160738669211,0.45776394418788,2,False,,,,
1766483620.263801,0.5265933931839841,0.856160738669211,0.45776394418788,2,False,,,,
1766483620.266881,0.5265933931839841,0.856160738669211,0.45776394418788,2,False,,,,
1766483620.2694201,0.5609233910094588,0.37590976892538785,0.9608510136604309,2,False,,,,
1766483620.583277,0.5595114694528875,0.38602269793150334,0.9815869927406311,2,True,0.49654942750930786,0.3910064697265625,0.06572847068309784,0.14319339394569397
1766483620.5889301,0.5594578647798472,0.388800421306172,1.0,2,True,0.49654942750930786,0.3910064697265625,0.06572847068309784,0.14319339394569397
1766483620.5918028,0.5594578647798472,0.388800421306172,1.0,2,True,0.49654942750930786,0.3910064697265625,0.06572847068309784,0.14319339394569397
1766483620.599332,0.5594578647798472,0.388800421306172,1.0,2,True,0.49654942750930786,0.3910064697265625,0.06572847068309784,0.14319339394569397
1766483620.602294,0.5246146810805391,0.37552746941225434,1.0,2,False,,,,
1766483621.02926,0.5246146810805391,0.37552746941225434,1.0,2,False,,,,
1766483621.0365381,0.5246146810805391,0.37552746941225434,1.0,2,False,,,,
1766483621.039454,0.5246146810805391,0.37552746941225434,1.0,2,False,,,,
1766483621.04217,0.5246146810805391,0.37552746941225434,1.0,2,False,,,,
1766483621.0446038,0.5106546399390846,1.0652682843741583,0.9316917657852173,2,False,,,,
1766483621.606761,0.5106546399390846,1.0652682843741583,0.9316917657852173,2,False,,,,
1766483621.613451,0.5106546399390846,1.0652682843741583,0.9316917657852173,2,False,,,,
1766483621.616629,0.5106546399390846,1.0652682843741583,0.9316917657852173,2,False,,,,
1766483621.623094,0.5130898053680527,1.0614632040352399,0.9346204400062561,2,False,,,,
1766483621.626484,0.4599276683400674,1.124402650735291,0.9277821481227875,2,False,,,,
1766483621.985419,0.4599276683400674,1.124402650735291,0.9277821481227875,2,False,,,,
1766483621.9927711,0.45824687775494893,1.127563997973918,0.9292725622653961,2,False,,,,
1766483621.996781,0.45824687775494893,1.127563997973918,0.9292725622653961,2,False,,,,
1766483622.003654,0.45824687775494893,1.127563997973918,0.9292725622653961,2,False,,,,
1766483622.006783,0.5246632136062168,0.3464227707627343,1.0,2,False,,,,
1766483622.572172,0.5246632136062168,0.3464227707627343,1.0,2,False,,,,
1766483622.579226,0.5246632136062168,0.3464227707627343,1.0,2,False,,,,
1766483622.5820868,0.5246632136062168,0.3464227707627343,1.0,2,False,,,,
1766483622.584676,0.5246632136062168,0.3464227707627343,1.0,2,False,,,,
1766483622.5873358,0.5209379321190682,0.37638854525840504,1.0,2,False,,,,
1766483623.033259,0.5203493694996444,0.3766577895083386,1.0,2,False,,,,
1766483623.0399559,0.5203493694996444,0.3766577895083386,1.0,2,False,,,,
1766483623.043944,0.5203493694996444,0.3766577895083386,1.0,2,False,,,,
1766483623.046939,0.5203493694996444,0.3766577895083386,1.0,2,False,,,,
1766483623.049868,0.515323491601912,0.4069616330630328,0.9585643708705902,2,False,,,,
1766483623.44879,0.515323491601912,0.4069616330630328,0.9585643708705902,2,False,,,,
1766483623.4553978,0.515323491601912,0.4069616330630328,0.9585643708705902,2,False,,,,
1766483623.458318,0.515323491601912,0.4069616330630328,0.9585643708705902,2,False,,,,
1766483623.461744,0.5151829667043656,0.4072889851467516,0.9738007485866547,2,False,,,,
1766483623.4643111,0.5150441511134531,0.42055900990128703,1.0,2,False,,,,
1766483623.856839,0.5150441511134531,0.42055900990128703,1.0,2,False,,,,
1766483623.862834,0.5150441511134531,0.42055900990128703,1.0,2,False,,,,
1766483623.868685,0.5110812148295182,0.42166470748497864,0.9897647202014923,2,False,,,,
1766483623.872871,0.5110812148295182,0.42166470748497864,0.9897647202014923,2,False,,,,
1766483623.876147,0.5129458814147173,0.4233101282830787,0.9943317174911499,2,False,,,,
1766483624.271926,0.5128473057358864,0.42477035106815353,0.9916626214981079,2,False,,,,
1766483624.278888,0.5128473057358864,0.42477035106815353,0.9916626214981079,2,False,,,,
1766483624.281941,0.5128473057358864,0.42477035106815353,0.9916626214981079,2,False,,,,
1766483624.2851589,0.5128473057358864,0.42477035106815353,0.9916626214981079,2,False,,,,
1766483624.287803,0.5173038490380757,0.4203651251124991,1.0,2,False,,,,
1766483624.625385,0.5173038490380757,0.4203651251124991,1.0,2,False,,,,
1766483624.631983,0.5173038490380757,0.4203651251124991,1.0,2,False,,,,
1766483624.63576,0.5174296971619107,0.4207522007327277,0.9889171719551086,2,False,,,,
1766483624.6394591,0.5174296971619107,0.4207522007327277,0.9889171719551086,2,False,,,,
1766483624.645192,0.5187725955317933,0.41433847590378103,1.0,2,False,,,,
1766483624.969871,0.5185939366491594,0.4150352837236859,1.0,2,False,,,,
1766483624.9769201,0.5188709664873391,0.41454626378355486,1.0,2,False,,,,
1766483624.9834712,0.5188709664873391,0.41454626378355486,1.0,2,False,,,,
1766483624.986552,0.5188709664873391,0.41454626378355486,1.0,2,False,,,,
1766483624.989056,0.5273075956846724,0.4042776668686352,1.0,2,False,,,,
1766483625.392747,0.5273075956846724,0.4042776668686352,1.0,2,False,,,,
1766483625.399153,0.5273075956846724,0.4042776668686352,1.0,2,False,,,,
1766483625.402072,0.5273075956846724,0.4042776668686352,1.0,2,False,,,,
1766483625.4057028,0.5276807621024504,0.4042145005513599,0.9813652336597443,2,False,,,,
1766483625.408938,0.5108110142079105,0.413163643888528,0.9686389565467834,2,False,,,,
1766483625.6655622,0.5108110142079105,0.413163643888528,0.9686389565467834,2,False,,,,
1766483625.670731,0.5108110142079105,0.413163643888528,0.9686389565467834,2,False,,,,
1766483625.673952,0.510855329202851,0.41254510794933974,0.999912828207016,2,False,,,,
1766483625.6768441,0.5115488402568004,0.412910504434127,1.0,2,False,,,,
1766483625.6808581,0.530937728435161,0.3938318129577463,0.9796622693538666,2,False,,,,
1766483626.042621,0.5317647606469892,0.39460825024555013,0.9826390445232391,2,False,,,,
1766483626.049429,0.5319099814446169,0.39533702896247247,0.9679115116596222,2,False,,,,
1766483626.055556,0.5319099814446169,0.39533702896247247,0.9679115116596222,2,False,,,,
1766483626.058361,0.5319099814446169,0.39533702896247247,0.9679115116596222,2,False,,,,
1766483626.0611808,0.5161258293155832,0.41974570654624876,1.0,2,False,,,,
1766483626.421963,0.5161258293155832,0.41974570654624876,1.0,2,False,,,,
1766483626.428586,0.5161258293155832,0.41974570654624876,1.0,2,False,,,,
1766483626.431411,0.5161258293155832,0.41974570654624876,1.0,2,False,,,,
1766483626.437362,0.5161258293155832,0.41974570654624876,1.0,2,False,,,,
1766483626.440001,0.5340287662501397,0.40840771183837177,0.9978831112384796,2,False,,,,
1766483626.826808,0.5340287662501397,0.40840771183837177,0.9978831112384796,2,False,,,,
1766483626.833408,0.5340287662501397,0.40840771183837177,0.9978831112384796,2,False,,,,
1766483626.836684,0.5340287662501397,0.40840771183837177,0.9978831112384796,2,False,,,,
1766483626.839694,0.5340287662501397,0.40840771183837177,0.9978831112384796,2,False,,,,
1766483626.84296,0.5009313955255127,0.4200631472039894,1.0,2,False,,,,
1766483627.161068,0.5009313955255127,0.4200631472039894,1.0,2,False,,,,
1766483627.16741,0.5009313955255127,0.4200631472039894,1.0,2,False,,,,
1766483627.170673,0.5009313955255127,0.4200631472039894,1.0,2,False,,,,
1766483627.173599,0.5009313955255127,0.4200631472039894,1.0,2,False,,,,
1766483627.176162,0.5281084120786043,0.3877086138421366,0.961981326341629,2,False,,,,
1766483627.665559,0.5281084120786043,0.3877086138421366,0.961981326341629,2,False,,,,
1766483627.671895,0.5281084120786043,0.3877086138421366,0.961981326341629,2,False,,,,
1766483627.675125,0.5281084120786043,0.3877086138421366,0.961981326341629,2,False,,,,
1766483627.67773,0.5281084120786043,0.3877086138421366,0.961981326341629,2,False,,,,
1766483627.6807098,0.5291072913346835,0.3701815369439593,0.9689258933067322,2,False,,,,
1766483628.030327,0.5291072913346835,0.3701815369439593,0.9689258933067322,2,False,,,,
1766483628.037947,0.5291072913346835,0.3701815369439593,0.9689258933067322,2,False,,,,
1766483628.040834,0.5291072913346835,0.3701815369439593,0.9689258933067322,2,False,,,,
1766483628.043652,0.5291072913346835,0.3701815369439593,0.9689258933067322,2,False,,,,
1766483628.046415,0.3311718401037602,0.47486999204244285,0.5905397922132599,2,False,,,,
1766483628.363759,0.3311718401037602,0.47486999204244285,0.5905397922132599,2,False,,,,
1766483628.37026,0.3311718401037602,0.47486999204244285,0.5905397922132599,2,False,,,,
1766483628.3755891,0.3311718401037602,0.47486999204244285,0.5905397922132599,2,False,,,,
1766483628.378474,0.3311718401037602,0.47486999204244285,0.5905397922132599,2,False,,,,
1766483628.381217,0.4717456433211721,0.7734933949109559,0.4784605069689796,2,False,,,,
1766483628.669695,0.4717456433211721,0.7734933949109559,0.4784605069689796,2,False,,,,
1766483628.676577,0.4717456433211721,0.7734933949109559,0.4784605069689796,2,False,,,,
1766483628.6795268,0.4717456433211721,0.7734933949109559,0.4784605069689796,2,False,,,,
1766483628.682838,0.4717456433211721,0.7734933949109559,0.4784605069689796,2,False,,,,
1766483628.6861172,0.5812210253332624,0.9958531588728293,0.882213830947876,2,False,,,,
1766483629.0376372,0.5812210253332624,0.9958531588728293,0.882213830947876,2,False,,,,
1766483629.0460958,0.5812210253332624,0.9958531588728293,0.882213830947876,2,False,,,,
1766483629.0487301,0.5812210253332624,0.9958531588728293,0.882213830947876,2,False,,,,
1766483629.0514,0.5812210253332624,0.9958531588728293,0.882213830947876,2,False,,,,
1766483629.057309,0.49659834899277866,0.8952500868016904,0.9287583529949188,2,False,,,,
1766483629.4896781,0.49659834899277866,0.8952500868016904,0.9287583529949188,2,False,,,,
1766483629.4978108,0.49258523567045753,0.9117921749859331,0.8983248770236969,2,False,,,,
1766483629.500895,0.49258523567045753,0.9117921749859331,0.8983248770236969,2,False,,,,
1766483629.5072472,0.49258523567045753,0.9117921749859331,0.8983248770236969,2,False,,,,
1766483629.510062,0.486581528482389,0.973964216668406,1.0,2,False,,,,
1766483629.901321,0.4956560511594296,0.9672031442226673,1.0,2,False,,,,
1766483629.908438,0.4956560511594296,0.9672031442226673,1.0,2,False,,,,
1766483629.915414,0.4956560511594296,0.9672031442226673,1.0,2,False,,,,
1766483629.9182248,0.4956560511594296,0.9672031442226673,1.0,2,False,,,,
1766483629.9206011,0.512475807075754,0.9490466826437294,1.0,2,False,,,,
1766483630.3064718,0.512475807075754,0.9490466826437294,1.0,2,False,,,,
1766483630.313358,0.512475807075754,0.9490466826437294,1.0,2,False,,,,
1766483630.3160079,0.512475807075754,0.9490466826437294,1.0,2,False,,,,
1766483630.3188312,0.512475807075754,0.9490466826437294,1.0,2,False,,,,
1766483630.321613,0.5698994594224206,0.8393722865421024,0.9263457357883453,2,False,,,,
1766483630.614707,0.5698994594224206,0.8393722865421024,0.9263457357883453,2,False,,,,
1766483630.62203,0.5698994594224206,0.8393722865421024,0.9263457357883453,2,False,,,,
1766483630.6254468,0.5698994594224206,0.8393722865421024,0.9263457357883453,2,False,,,,
1766483630.627999,0.5698994594224206,0.8393722865421024,0.9263457357883453,2,False,,,,
1766483630.630514,0.5203551631527683,0.9656548128959695,1.0,2,False,,,,
1766483630.9229708,0.5203551631527683,0.9656548128959695,1.0,2,False,,,,
1766483630.929599,0.5203551631527683,0.9656548128959695,1.0,2,False,,,,
1766483630.932928,0.5203551631527683,0.9656548128959695,1.0,2,False,,,,
1766483630.9407191,0.5193092251522438,0.9682388630876324,1.0,2,False,,,,
1766483630.944119,0.5217079514028437,0.9717930493577367,0.981132984161377,2,False,,,,
1766483631.336097,0.5217079514028437,0.9717930493577367,0.981132984161377,2,False,,,,
1766483631.342517,0.5228691646819215,0.9794072076425877,0.9747492074966431,2,False,,,,
1766483631.346591,0.5228691646819215,0.9794072076425877,0.9747492074966431,2,False,,,,
1766483631.353845,0.5228691646819215,0.9794072076425877,0.9747492074966431,2,False,,,,
1766483631.356568,0.5310012965850337,0.2774119646590013,0.9086405038833618,2,True,0.46220046281814575,0.2712021768093109,0.06721029430627823,0.14018596708774567
1766483631.664227,0.5310012965850337,0.2774119646590013,0.9086405038833618,2,True,0.46220046281814575,0.2712021768093109,0.06721029430627823,0.14018596708774567
1766483631.671272,0.5310012965850337,0.2774119646590013,0.9086405038833618,2,True,0.46220046281814575,0.2712021768093109,0.06721029430627823,0.14018596708774567
1766483631.674936,0.5463573232058563,0.2537883389658975,0.9133968949317932,2,False,,,,
1766483631.678103,0.5368816931812577,0.25802075459144214,0.931134819984436,2,False,,,,
1766483631.681129,0.5372472740925731,0.34111351930797373,1.0,2,False,,,,
1766483631.991773,0.537733634511221,0.3436258411740497,1.0,2,False,,,,
1766483631.998944,0.537733634511221,0.3436258411740497,1.0,2,False,,,,
1766483632.00189,0.537733634511221,0.3436258411740497,1.0,2,False,,,,
1766483632.0049448,0.5377934782925091,0.3462761141497004,1.0,2,False,,,,
1766483632.008168,0.524845406033988,0.37732626709405337,0.9926898777484894,2,False,,,,
1766483632.3549252,0.524845406033988,0.37732626709405337,0.9926898777484894,2,False,,,,
1766483632.361418,0.524845406033988,0.37732626709405337,0.9926898777484894,2,False,,,,
1766483632.364256,0.524845406033988,0.37732626709405337,0.9926898777484894,2,False,,,,
1766483632.3672771,0.524845406033988,0.37732626709405337,0.9926898777484894,2,False,,,,
1766483632.370357,0.5212400711280896,0.3605784624279803,1.0,3,False,,,,
1766483632.6997278,0.5212400711280896,0.3605784624279803,1.0,3,False,,,,
1766483632.706423,0.5212400711280896,0.3605784624279803,1.0,3,False,,,,
1766483632.712078,0.5221954884333977,0.36008203443181996,0.9935979247093201,3,False,,,,
1766483632.717909,0.5221954884333977,0.36008203443181996,0.9935979247093201,3,False,,,,
1766483632.724669,0.5208404203119875,0.3635185197905977,1.0,2,False,,,,
1766483632.988161,0.5208404203119875,0.3635185197905977,1.0,2,False,,,,
1766483632.994983,0.5208404203119875,0.3635185197905977,1.0,2,False,,,,
1766483632.9978602,0.5208404203119875,0.3635185197905977,1.0,2,False,,,,
1766483633.000521,0.5208404203119875,0.3635185197905977,1.0,2,False,,,,
1766483633.003032,0.5378882856800252,0.31629531876536554,0.9496283233165741,2,False,,,,
1766483633.381334,0.5375833495007117,0.3144662954725037,0.8950310349464417,2,False,,,,
1766483633.38956,0.5373800845786302,0.3095001565768092,0.9367606341838837,2,False,,,,
1766483633.396912,0.5373800845786302,0.3095001565768092,0.9367606341838837,2,False,,,,
1766483633.400356,0.5373800845786302,0.3095001565768092,0.9367606341838837,2,False,,,,
1766483633.4057732,0.5413538138471405,0.2708584719802505,0.8845670223236084,2,False,,,,
1766483633.691353,0.5410750463783786,0.27071977078053877,0.8845670223236084,2,False,,,,
1766483633.698981,0.5410750463783786,0.27071977078053877,0.8845670223236084,2,False,,,,
1766483633.7018611,0.5410750463783786,0.27071977078053877,0.8845670223236084,2,False,,,,
1766483633.704254,0.5410750463783786,0.27071977078053877,0.8845670223236084,2,False,,,,
1766483633.706785,0.5406583403849725,0.26787430379622734,0.868083655834198,2,False,,,,
1766483633.9948301,0.5406583403849725,0.26787430379622734,0.868083655834198,2,False,,,,
1766483634.002315,0.5406583403849725,0.26787430379622734,0.868083655834198,2,False,,,,
1766483634.008697,0.5406583403849725,0.26787430379622734,0.868083655834198,2,False,,,,
1766483634.011518,0.5406583403849725,0.26787430379622734,0.868083655834198,2,False,,,,
1766483634.0142221,0.48669403982335685,0.7296955266510349,0.2556179630329956,3,False,,,,
1766483634.403303,0.48669403982335685,0.7296955266510349,0.2556179630329956,3,False,,,,
1766483634.409112,0.48669403982335685,0.7296955266510349,0.2556179630329956,3,False,,,,
1766483634.412265,0.48669403982335685,0.7296955266510349,0.2556179630329956,3,False,,,,
1766483634.414836,0.48669403982335685,0.7296955266510349,0.2556179630329956,3,False,,,,
1766483634.4184802,0.537655056843801,1.0529177408806083,0.9573691487312317,2,False,,,,
1766483635.0327501,0.537655056843801,1.0529177408806083,0.9573691487312317,2,False,,,,
1766483635.0402932,0.537655056843801,1.0529177408806083,0.9573691487312317,2,False,,,,
1766483635.0431201,0.537655056843801,1.0529177408806083,0.9573691487312317,2,False,,,,
1766483635.0456161,0.537655056843801,1.0529177408806083,0.9573691487312317,2,False,,,,
1766483635.048903,0.5354574085871776,0.998047509440651,0.9615305960178375,2,False,,,,
1766483635.4297369,0.5312958402867918,0.9999362948881958,0.9827490448951721,2,False,,,,
1766483635.437174,0.5312958402867918,0.9999362948881958,0.9827490448951721,2,False,,,,
1766483635.443699,0.5312958402867918,0.9999362948881958,0.9827490448951721,2,False,,,,
1766483635.4492888,0.5312958402867918,0.9999362948881958,0.9827490448951721,2,False,,,,
1766483635.4519649,0.4952722448361496,0.9572459839628183,1.0,2,False,,,,
1766483635.736316,0.4952722448361496,0.9572459839628183,1.0,2,False,,,,
1766483635.743169,0.4952722448361496,0.9572459839628183,1.0,2,False,,,,
1766483635.746186,0.4952722448361496,0.9572459839628183,1.0,2,False,,,,
1766483635.749256,0.4952722448361496,0.9572459839628183,1.0,2,False,,,,
1766483635.751819,0.42495090739906793,0.9734501721485065,0.920524388551712,2,False,,,,
1766483636.089602,0.42495090739906793,0.9734501721485065,0.920524388551712,2,False,,,,
1766483636.0965812,0.42495090739906793,0.9734501721485065,0.920524388551712,2,False,,,,
1766483636.10001,0.4281807524955436,0.9902990765492687,0.9212458729743958,2,False,,,,
1766483636.1028879,0.4281807524955436,0.9902990765492687,0.9212458729743958,2,False,,,,
1766483636.106484,0.4216066525934196,0.9899488725321716,0.9846099317073822,2,False,,,,
1766483636.3606532,0.4216066525934196,0.9899488725321716,0.9846099317073822,2,False,,,,
1766483636.368208,0.42286015094070334,0.9863765143814791,0.9746676683425903,2,False,,,,
1766483636.371726,0.42286015094070334,0.9863765143814791,0.9746676683425903,2,False,,,,
1766483636.375082,0.42286015094070334,0.9863765143814791,0.9746676683425903,2,False,,,,
1766483636.381781,0.4230979117796661,0.9423194932181161,0.8706023693084717,2,False,,,,
1766483636.6605031,0.4230979117796661,0.9423194932181161,0.8706023693084717,2,False,,,,
1766483636.6686609,0.4254074723667637,0.9386471658200546,0.8190951943397522,2,False,,,,
1766483636.672141,0.4254074723667637,0.9386471658200546,0.8190951943397522,2,False,,,,
1766483636.675777,0.4254074723667637,0.9386471658200546,0.8190951943397522,2,False,,,,
1766483636.682915,0.48579147637126213,0.9142384223973212,0.9499976634979248,2,False,,,,
1766483636.963985,0.48579147637126213,0.9142384223973212,0.9499976634979248,2,False,,,,
1766483636.973599,0.4902416464950017,0.9143953823620621,0.914970338344574,2,False,,,,
1766483636.9801412,0.4902416464950017,0.9143953823620621,0.914970338344574,2,False,,,,
1766483636.982712,0.4902416464950017,0.9143953823620621,0.914970338344574,2,False,,,,
1766483636.985322,0.5306646149021754,0.9500482284895175,0.952754557132721,2,False,,,,
1766483637.272116,0.5324468348508968,0.9399945919336636,0.9485484063625336,2,False,,,,
1766483637.279922,0.5324468348508968,0.9399945919336636,0.9485484063625336,2,False,,,,
1766483637.286528,0.5324468348508968,0.9399945919336636,0.9485484063625336,2,False,,,,
1766483637.2895339,0.5324468348508968,0.9399945919336636,0.9485484063625336,2,False,,,,
1766483637.2923598,0.5497904795873924,0.9115493946992795,0.9743778705596924,2,False,,,,
1766483637.54691,0.5506331746145843,0.9118981399243568,0.95698681473732,2,False,,,,
