timestamp,gaze_x,gaze_y,gaze_confidence,num_faces,is_looking_at_face,face_bbox_left,face_bbox_top,face_bbox_width,face_bbox_height
1766482846.5897942,0.8944047822284865,0.6212181111150278,1.0,0,False,,,,
1766482847.044254,0.8944047822284865,0.6212181111150278,1.0,0,False,,,,
1766482847.050835,0.894756755145583,0.6270178578997506,1.0,0,False,,,,
1766482847.0550048,0.8948926136277391,0.62764866867672,1.0,0,False,,,,
1766482847.0580769,0.8948926136277391,0.62764866867672,1.0,0,False,,,,
1766482847.064024,0.8959995114289155,0.64882835865416,1.0,0,False,,,,
1766482847.337662,0.8959995114289155,0.64882835865416,1.0,0,False,,,,
1766482847.342857,0.8959995114289155,0.64882835865416,1.0,0,False,,,,
1766482847.3455942,0.8959995114289155,0.64882835865416,1.0,0,False,,,,
1766482847.3478038,0.8959995114289155,0.64882835865416,1.0,0,False,,,,
1766482847.350369,0.8955521686158917,0.6369816593003351,0.967064768075943,0,False,,,,
1766482847.5381708,0.8955521686158917,0.6369816593003351,0.967064768075943,0,False,,,,
1766482847.542977,0.8955521686158917,0.6369816593003351,0.967064768075943,0,False,,,,
1766482847.5474792,0.8955521686158917,0.6369816593003351,0.967064768075943,0,False,,,,
1766482847.549783,0.8955521686158917,0.6369816593003351,0.967064768075943,0,False,,,,
1766482847.5528479,0.8978520127739898,0.58610477348683,0.995,0,False,,,,
1766482847.7579992,0.9014499876954106,0.6040843920146044,0.9586684703826904,0,False,,,,
1766482847.7641878,0.9014499876954106,0.6040843920146044,0.9586684703826904,0,False,,,,
1766482847.768663,0.9014499876954106,0.6040843920146044,0.9586684703826904,0,False,,,,
1766482847.771203,0.9014499876954106,0.6040843920146044,0.9586684703826904,0,False,,,,
1766482847.773342,0.9044440986430224,0.8569188983264391,1.0,0,False,,,,
1766482847.975631,0.9044440986430224,0.8569188983264391,1.0,0,False,,,,
1766482847.980675,0.9044440986430224,0.8569188983264391,1.0,0,False,,,,
1766482847.982996,0.9044440986430224,0.8569188983264391,1.0,0,False,,,,
1766482847.985375,0.9045004576319119,0.857475318481184,1.0,0,False,,,,
1766482847.9917262,0.8847746788121589,0.6457057244871057,0.99,0,False,,,,
1766482848.1913369,0.8935294518309561,0.8159710397105442,1.0,0,False,,,,
1766482848.197145,0.8943916854523065,0.8665731920951035,1.0,0,False,,,,
1766482848.2019231,0.8943916854523065,0.8665731920951035,1.0,0,False,,,,
1766482848.2046468,0.8943916854523065,0.8665731920951035,1.0,0,False,,,,
1766482848.207149,0.8916278431290884,0.9929598945046946,1.0,0,False,,,,
1766482848.370539,0.8916278431290884,0.9929598945046946,1.0,0,False,,,,
1766482848.3760011,0.8916278431290884,0.9929598945046946,1.0,0,False,,,,
1766482848.3795369,0.8916278431290884,0.9929598945046946,1.0,0,False,,,,
1766482848.381828,0.8916278431290884,0.9929598945046946,1.0,0,False,,,,
1766482848.384413,0.9008567015614807,0.8813243012649671,1.0,0,False,,,,
1766482848.533206,0.9008567015614807,0.8813243012649671,1.0,0,False,,,,
1766482848.5378351,0.9008567015614807,0.8813243012649671,1.0,0,False,,,,
1766482848.5400598,0.9008567015614807,0.8813243012649671,1.0,0,False,,,,
1766482848.54233,0.9008567015614807,0.8813243012649671,1.0,0,False,,,,
1766482848.545687,0.9009936288413753,0.8578972218998904,1.0,1,False,,,,
1766482848.755546,0.9009936288413753,0.8578972218998904,1.0,1,False,,,,
1766482848.7620459,0.8994727585565663,0.679630660080754,1.0,1,False,,,,
1766482848.765755,0.8994727585565663,0.679630660080754,1.0,1,False,,,,
1766482848.77162,0.8994727585565663,0.679630660080754,1.0,1,False,,,,
1766482848.774305,0.3137328798514261,0.6386722157019185,0.4545013486338419,0,False,,,,
1766482848.956217,0.3137328798514261,0.6386722157019185,0.4545013486338419,0,False,,,,
1766482848.961677,0.29052414401252696,0.5666783822323228,0.413762939666719,0,False,,,,
1766482848.965861,0.29052414401252696,0.5666783822323228,0.413762939666719,0,False,,,,
1766482848.972063,0.29052414401252696,0.5666783822323228,0.413762939666719,0,False,,,,
1766482848.9746199,0.9155874222507802,0.8353156022974926,0.18983786446544537,1,False,,,,
1766482849.201267,0.9155874222507802,0.8353156022974926,0.18983786446544537,1,False,,,,
1766482849.207634,0.9155874222507802,0.8353156022974926,0.18983786446544537,1,False,,,,
1766482849.2107131,0.9155874222507802,0.8353156022974926,0.18983786446544537,1,False,,,,
1766482849.2131588,0.9155874222507802,0.8353156022974926,0.18983786446544537,1,False,,,,
1766482849.215774,0.9220187682652142,0.8380522968195477,0.16889890867420795,1,False,,,,
1766482849.442378,0.9220187682652142,0.8380522968195477,0.16889890867420795,1,False,,,,
1766482849.449724,0.9220187682652142,0.8380522968195477,0.16889890867420795,1,False,,,,
1766482849.452172,0.9220187682652142,0.8380522968195477,0.16889890867420795,1,False,,,,
1766482849.455225,0.9220187682652142,0.8380522968195477,0.16889890867420795,1,False,,,,
1766482849.457679,0.40823399696709944,0.6562238231755798,0.7725240611484597,1,False,,,,
1766482849.7488708,0.40823399696709944,0.6562238231755798,0.7725240611484597,1,False,,,,
1766482849.755766,0.40823399696709944,0.6562238231755798,0.7725240611484597,1,False,,,,
1766482849.7586062,0.40823399696709944,0.6562238231755798,0.7725240611484597,1,False,,,,
1766482849.761156,0.7728115374853523,0.6165424781522739,0.7646255153463886,1,False,,,,
1766482849.7642,0.9189500515607394,0.8399269918246595,0.16822680917373567,1,False,,,,
1766482849.998734,0.7403683935675696,0.6582116210561091,0.7766219739834289,1,False,,,,
1766482850.005839,0.7403683935675696,0.6582116210561091,0.7766219739834289,1,False,,,,
1766482850.0124009,0.7403683935675696,0.6582116210561091,0.7766219739834289,1,False,,,,
1766482850.015244,0.7403683935675696,0.6582116210561091,0.7766219739834289,1,False,,,,
1766482850.017674,0.3346769915747586,0.6456952495964215,0.38487396943186486,1,False,,,,
1766482850.2969081,0.3346769915747586,0.6456952495964215,0.38487396943186486,1,False,,,,
1766482850.303416,0.3279405806587308,0.6473432052839434,0.39710585769016027,1,False,,,,
1766482850.308915,0.3279405806587308,0.6473432052839434,0.39710585769016027,1,False,,,,
1766482850.315892,0.3279405806587308,0.6473432052839434,0.39710585769016027,1,False,,,,
1766482850.31885,0.9089726926017969,0.8568514730226852,0.20732872166359612,1,False,,,,
1766482850.565192,0.9089726926017969,0.8568514730226852,0.20732872166359612,1,False,,,,
1766482850.5715342,0.3301641291815186,0.6349116843076769,0.3846724841171938,1,False,,,,
1766482850.574622,0.3301641291815186,0.6349116843076769,0.3846724841171938,1,False,,,,
1766482850.577794,0.3301641291815186,0.6349116843076769,0.3846724841171938,1,False,,,,
1766482850.584026,0.3124863488546822,0.6563080743896972,0.39400702010604954,1,False,,,,
1766482850.857989,0.3124863488546822,0.6563080743896972,0.39400702010604954,1,False,,,,
1766482850.8635,0.3124863488546822,0.6563080743896972,0.39400702010604954,1,False,,,,
1766482850.866345,0.3124863488546822,0.6563080743896972,0.39400702010604954,1,False,,,,
1766482850.8688571,0.3119922160361585,0.6552066032996968,0.378327285146352,1,False,,,,
1766482850.874495,0.3891060086268852,0.6716926994505549,0.7360516649907743,1,False,,,,
1766482851.136891,0.9041549377143827,0.9912781919464639,0.14524294357434417,1,False,,,,
1766482851.1424088,0.38542460508854476,0.6504063348755158,0.7171184181601136,1,False,,,,
1766482851.146496,0.38542460508854476,0.6504063348755158,0.7171184181601136,1,False,,,,
1766482851.152899,0.38542460508854476,0.6504063348755158,0.7171184181601136,1,False,,,,
1766482851.155402,0.3157116041783161,0.6852161025637803,0.3805642636100798,1,False,,,,
1766482851.435016,0.3157116041783161,0.6852161025637803,0.3805642636100798,1,False,,,,
1766482851.442569,0.34550667728161455,0.697359428608213,0.3642691901063952,1,False,,,,
1766482851.445987,0.34550667728161455,0.697359428608213,0.3642691901063952,1,False,,,,
1766482851.4521,0.34550667728161455,0.697359428608213,0.3642691901063952,1,False,,,,
1766482851.4547951,0.342437046731758,0.6897482024305944,0.36197320542524064,1,False,,,,
1766482851.660562,0.342437046731758,0.6897482024305944,0.36197320542524064,1,False,,,,
1766482851.6654432,0.342437046731758,0.6897482024305944,0.36197320542524064,1,False,,,,
1766482851.6680372,0.342437046731758,0.6897482024305944,0.36197320542524064,1,False,,,,
1766482851.670629,0.342437046731758,0.6897482024305944,0.36197320542524064,1,False,,,,
1766482851.672931,0.3344322067545956,0.6942774666808789,0.3870897589070799,1,False,,,,
1766482851.937454,0.3344322067545956,0.6942774666808789,0.3870897589070799,1,False,,,,
1766482851.9433,0.3401696126063686,0.690520094461307,0.35492314299211675,1,False,,,,
1766482851.947644,0.3401696126063686,0.690520094461307,0.35492314299211675,1,False,,,,
1766482851.95422,0.3401696126063686,0.690520094461307,0.35492314299211675,1,False,,,,
1766482851.956925,0.3398590369511153,0.6672134023559667,0.3891315430860441,1,False,,,,
1766482852.207825,0.3398590369511153,0.6672134023559667,0.3891315430860441,1,False,,,,
1766482852.21421,0.3356975062017152,0.6802427966134902,0.4075419520656621,1,False,,,,
1766482852.2204869,0.3356975062017152,0.6802427966134902,0.4075419520656621,1,False,,,,
1766482852.225764,0.3356975062017152,0.6802427966134902,0.4075419520656621,1,False,,,,
1766482852.228256,0.3373239129114266,0.666102373596424,0.398476965280321,1,False,,,,
1766482852.532792,0.3373239129114266,0.666102373596424,0.398476965280321,1,False,,,,
1766482852.538475,0.3373239129114266,0.666102373596424,0.398476965280321,1,False,,,,
1766482852.5411751,0.3373239129114266,0.666102373596424,0.398476965280321,1,False,,,,
1766482852.543376,0.3373239129114266,0.666102373596424,0.398476965280321,1,False,,,,
1766482852.5462961,0.3379009873465514,0.7052592888092206,0.38623074340991703,1,False,,,,
1766482852.7833972,0.3379009873465514,0.7052592888092206,0.38623074340991703,1,False,,,,
1766482852.789969,0.3379009873465514,0.7052592888092206,0.38623074340991703,1,False,,,,
1766482852.795298,0.3379009873465514,0.7052592888092206,0.38623074340991703,1,False,,,,
1766482852.798068,0.3379009873465514,0.7052592888092206,0.38623074340991703,1,False,,,,
1766482852.8002691,0.34646419745239204,0.6911441928833201,0.413914769252192,1,False,,,,
1766482853.0358741,0.34646419745239204,0.6911441928833201,0.413914769252192,1,False,,,,
1766482853.04145,0.34646419745239204,0.6911441928833201,0.413914769252192,1,False,,,,
1766482853.044051,0.34646419745239204,0.6911441928833201,0.413914769252192,1,False,,,,
1766482853.046974,0.34591251117036925,0.6898564575865492,0.41144378478954774,1,False,,,,
1766482853.050587,0.3313554880308061,0.6960190706464465,0.45497892897243886,1,False,,,,
1766482853.322305,0.3313554880308061,0.6960190706464465,0.45497892897243886,1,False,,,,
1766482853.32788,0.3313554880308061,0.6960190706464465,0.45497892897243886,1,False,,,,
1766482853.330996,0.3313554880308061,0.6960190706464465,0.45497892897243886,1,False,,,,
1766482853.333333,0.3313554880308061,0.6960190706464465,0.45497892897243886,1,False,,,,
1766482853.336302,0.33188631056815854,0.679936326265805,0.4453251592345225,1,False,,,,
1766482853.6597629,0.33188631056815854,0.679936326265805,0.4453251592345225,1,False,,,,
1766482853.664924,0.33188631056815854,0.679936326265805,0.4453251592345225,1,False,,,,
1766482853.670215,0.33188631056815854,0.679936326265805,0.4453251592345225,1,False,,,,
1766482853.672539,0.33188631056815854,0.679936326265805,0.4453251592345225,1,False,,,,
1766482853.674808,0.345692850923331,0.6005971743519046,0.7129122611601841,1,False,,,,
1766482853.964942,0.345692850923331,0.6005971743519046,0.7129122611601841,1,False,,,,
1766482853.970581,0.345692850923331,0.6005971743519046,0.7129122611601841,1,False,,,,
1766482853.9731321,0.345692850923331,0.6005971743519046,0.7129122611601841,1,False,,,,
1766482853.9757388,0.345692850923331,0.6005971743519046,0.7129122611601841,1,False,,,,
1766482853.977966,0.35479871917875594,0.706735589552481,0.4446339772416237,1,False,,,,
1766482854.230399,0.35479871917875594,0.706735589552481,0.4446339772416237,1,False,,,,
1766482854.2364469,0.35479871917875594,0.706735589552481,0.4446339772416237,1,False,,,,
1766482854.2392058,0.35479871917875594,0.706735589552481,0.4446339772416237,1,False,,,,
1766482854.241812,0.35479871917875594,0.706735589552481,0.4446339772416237,1,False,,,,
1766482854.246596,0.3253756178118133,0.7071970379209448,0.40680408986362804,1,False,,,,
1766482854.480501,0.3253756178118133,0.7071970379209448,0.40680408986362804,1,False,,,,
1766482854.486293,0.3253756178118133,0.7071970379209448,0.40680408986362804,1,False,,,,
1766482854.489154,0.9201447572502499,0.8543452676541647,0.1676931332209086,1,False,,,,
1766482854.493026,0.3248330989461047,0.7057595511169157,0.3963342421850747,1,False,,,,
1766482854.496337,0.481973633500834,1.3727109885537467,0.8462153077125549,1,False,,,,
1766482854.891546,0.5169087514671082,1.3275512862351782,0.7924996018409729,1,False,,,,
1766482854.8989298,0.5169087514671082,1.3275512862351782,0.7924996018409729,1,False,,,,
1766482854.904164,0.5169087514671082,1.3275512862351782,0.7924996018409729,1,False,,,,
1766482854.906671,0.5169087514671082,1.3275512862351782,0.7924996018409729,1,False,,,,
1766482854.908952,0.3703828660937838,1.1738388190522087,0.16051772955027957,1,False,,,,
1766482855.14171,0.3703828660937838,1.1738388190522087,0.16051772955027957,1,False,,,,
1766482855.147138,0.3703828660937838,1.1738388190522087,0.16051772955027957,1,False,,,,
1766482855.149581,0.3703828660937838,1.1738388190522087,0.16051772955027957,1,False,,,,
1766482855.1524081,0.3703828660937838,1.1738388190522087,0.16051772955027957,1,False,,,,
1766482855.1557162,0.8921395989361836,0.9881884520004535,0.936905175447464,1,False,,,,
1766482855.845821,0.8921395989361836,0.9881884520004535,0.936905175447464,1,False,,,,
1766482855.852566,0.8921395989361836,0.9881884520004535,0.936905175447464,1,False,,,,
1766482855.855585,0.8921395989361836,0.9881884520004535,0.936905175447464,1,False,,,,
1766482855.857926,0.8921395989361836,0.9881884520004535,0.936905175447464,1,False,,,,
1766482855.8600278,0.3459714850677164,0.9012205553594176,0.4352512344311866,1,False,,,,
1766482856.0802429,0.3459714850677164,0.9012205553594176,0.4352512344311866,1,False,,,,
1766482856.085142,0.3459714850677164,0.9012205553594176,0.4352512344311866,1,False,,,,
1766482856.088372,0.3459714850677164,0.9012205553594176,0.4352512344311866,1,False,,,,
1766482856.0935192,0.3459714850677164,0.9012205553594176,0.4352512344311866,1,False,,,,
1766482856.09616,0.8995979330784944,0.986392484384635,0.10104189720703752,0,False,,,,
1766482856.272158,0.8976613112189618,0.9858675540162845,0.10866516063522798,0,False,,,,
1766482856.280631,0.8976613112189618,0.9858675540162845,0.10866516063522798,0,False,,,,
1766482856.285877,0.8976613112189618,0.9858675540162845,0.10866516063522798,0,False,,,,
1766482856.288623,0.8976613112189618,0.9858675540162845,0.10866516063522798,0,False,,,,
1766482856.291322,0.7896133562235235,0.5665600316464899,0.8501686493178771,1,False,,,,
1766482856.52493,0.7896133562235235,0.5665600316464899,0.8501686493178771,1,False,,,,
1766482856.530138,0.7896133562235235,0.5665600316464899,0.8501686493178771,1,False,,,,
1766482856.533806,0.8894898827909461,1.0067289682276481,0.09703785700169983,1,False,,,,
1766482856.53736,0.8896005686769607,1.0065018147566476,0.12044670601034606,1,False,,,,
1766482856.541465,0.8972627737531973,1.021959859626926,0.1135439794145011,1,False,,,,
1766482856.819241,0.8972627737531973,1.021959859626926,0.1135439794145011,1,False,,,,
1766482856.827144,0.8972627737531973,1.021959859626926,0.1135439794145011,1,False,,,,
1766482856.829792,0.8972627737531973,1.021959859626926,0.1135439794145011,1,False,,,,
1766482856.8325171,0.4424282531550438,0.9947315275948038,0.13196669627043925,1,False,,,,
1766482856.835328,0.8848522006745402,1.0491522425325945,0.11979998822379367,1,False,,,,
1766482857.079207,0.8848522006745402,1.0491522425325945,0.11979998822379367,1,False,,,,
1766482857.085811,0.8848522006745402,1.0491522425325945,0.11979998822379367,1,False,,,,
1766482857.0887418,0.8848522006745402,1.0491522425325945,0.11979998822379367,1,False,,,,
1766482857.090933,0.8848522006745402,1.0491522425325945,0.11979998822379367,1,False,,,,
1766482857.093077,0.8895891242132242,1.0569919792571971,0.11673127001804111,1,False,,,,
1766482857.3120399,0.8895891242132242,1.0569919792571971,0.11673127001804111,1,False,,,,
1766482857.318016,0.8895891242132242,1.0569919792571971,0.11673127001804111,1,False,,,,
1766482857.3229382,0.8895891242132242,1.0569919792571971,0.11673127001804111,1,False,,,,
1766482857.325312,0.8895891242132242,1.0569919792571971,0.11673127001804111,1,False,,,,
1766482857.3273962,0.8824015030116155,1.069300667141449,0.13030118985145334,1,False,,,,
1766482857.5601122,0.8824015030116155,1.069300667141449,0.13030118985145334,1,False,,,,
1766482857.56589,0.8824015030116155,1.069300667141449,0.13030118985145334,1,False,,,,
1766482857.568614,0.4237023683382355,0.6869444784029223,0.7791529893875122,1,False,,,,
1766482857.5720918,0.8805180374106083,1.068463479945967,0.11985171272415271,1,False,,,,
1766482857.5751839,0.8815679466747186,1.066584692066768,0.13241100242497603,1,False,,,,
1766482857.9367301,0.8815679466747186,1.066584692066768,0.13241100242497603,1,False,,,,
1766482857.9430761,0.8696395200088298,1.077828448912351,0.11787773180355547,1,False,,,,
1766482857.946456,0.8696395200088298,1.077828448912351,0.11787773180355547,1,False,,,,
1766482857.949428,0.8696395200088298,1.077828448912351,0.11787773180355547,1,False,,,,
1766482857.9555259,0.9219967191813275,0.8283323878049438,0.26505813840459236,1,False,,,,
1766482858.190161,0.9219967191813275,0.8283323878049438,0.26505813840459236,1,False,,,,
1766482858.196696,0.9219967191813275,0.8283323878049438,0.26505813840459236,1,False,,,,
1766482858.199253,0.9219967191813275,0.8283323878049438,0.26505813840459236,1,False,,,,
1766482858.2017002,0.9219967191813275,0.8283323878049438,0.26505813840459236,1,False,,,,
1766482858.2051132,0.34250765343244927,0.7015975991797139,0.7281097769737244,1,False,,,,
1766482858.44449,0.32042929092686057,0.6931115165359896,0.5114860360549901,1,False,,,,
1766482858.451009,0.32042929092686057,0.6931115165359896,0.5114860360549901,1,False,,,,
1766482858.456484,0.32042929092686057,0.6931115165359896,0.5114860360549901,1,False,,,,
1766482858.45923,0.32042929092686057,0.6931115165359896,0.5114860360549901,1,False,,,,
1766482858.461812,0.31787699428950267,0.6790796351597588,0.5067865136820321,1,False,,,,
1766482858.780503,0.31763213856058947,0.6775137456292271,0.46692808941933955,1,False,,,,
1766482858.787045,0.31763213856058947,0.6775137456292271,0.46692808941933955,1,False,,,,
1766482858.793359,0.31763213856058947,0.6775137456292271,0.46692808941933955,1,False,,,,
1766482858.796166,0.31763213856058947,0.6775137456292271,0.46692808941933955,1,False,,,,
1766482858.798466,0.2697089927947205,0.6120390752905925,0.4099360699594544,1,False,,,,
1766482859.016146,0.2721809143921366,0.6222697914818607,0.42522872854533017,1,False,,,,
1766482859.023423,0.2721809143921366,0.6222697914818607,0.42522872854533017,1,False,,,,
1766482859.028773,0.2721809143921366,0.6222697914818607,0.42522872854533017,1,False,,,,
1766482859.03128,0.2721809143921366,0.6222697914818607,0.42522872854533017,1,False,,,,
1766482859.033729,0.2928281950286497,0.6256263592798625,0.3943735296188998,1,False,,,,
1766482859.2828538,0.8775986132448752,1.0645596242216957,0.11070940822398476,1,False,,,,
1766482859.2893262,0.8775986132448752,1.0645596242216957,0.11070940822398476,1,False,,,,
1766482859.295625,0.8775986132448752,1.0645596242216957,0.11070940822398476,1,False,,,,
1766482859.30076,0.8775986132448752,1.0645596242216957,0.11070940822398476,1,False,,,,
1766482859.3031502,0.41641741456048553,0.9303419529315925,0.2851131301901475,1,False,,,,
1766482859.530706,0.41641741456048553,0.9303419529315925,0.2851131301901475,1,False,,,,
1766482859.536289,0.41641741456048553,0.9303419529315925,0.2851131301901475,1,False,,,,
1766482859.539196,0.41641741456048553,0.9303419529315925,0.2851131301901475,1,False,,,,
1766482859.541569,0.41641741456048553,0.9303419529315925,0.2851131301901475,1,False,,,,
1766482859.5440168,0.873604368591551,1.0666770797790994,0.11969283791416976,1,False,,,,
1766482859.903318,0.873604368591551,1.0666770797790994,0.11969283791416976,1,False,,,,
1766482859.909035,0.873604368591551,1.0666770797790994,0.11969283791416976,1,False,,,,
1766482859.911809,0.873604368591551,1.0666770797790994,0.11969283791416976,1,False,,,,
1766482859.9147258,0.873604368591551,1.0666770797790994,0.11969283791416976,1,False,,,,
1766482859.917492,0.4783770511090192,1.2997727673129893,0.38003805582041633,1,False,,,,
1766482860.28721,-0.3297122016359425,-1.6003266302807022,0.7998844385147095,1,False,,,,
1766482860.294913,-0.3297122016359425,-1.6003266302807022,0.7998844385147095,1,False,,,,
1766482860.300823,-0.3297122016359425,-1.6003266302807022,0.7998844385147095,1,False,,,,
1766482860.303232,-0.3297122016359425,-1.6003266302807022,0.7998844385147095,1,False,,,,
1766482860.305664,0.9057517047712184,1.1718452186742325,0.9135351777076721,0,False,,,,
1766482860.497204,0.9057517047712184,1.1718452186742325,0.9135351777076721,0,False,,,,
1766482860.502414,0.9057517047712184,1.1718452186742325,0.9135351777076721,0,False,,,,
1766482860.505114,0.9057517047712184,1.1718452186742325,0.9135351777076721,0,False,,,,
1766482860.507099,0.9057517047712184,1.1718452186742325,0.9135351777076721,0,False,,,,
1766482860.509123,0.8771613135116321,0.9111455645621267,0.99,1,False,,,,
1766482860.725558,0.7427553983983575,0.4416794458018969,0.9029031892335997,1,False,,,,
1766482860.733363,0.7427553983983575,0.4416794458018969,0.9029031892335997,1,False,,,,
1766482860.738046,0.7427553983983575,0.4416794458018969,0.9029031892335997,1,False,,,,
1766482860.740397,0.7427553983983575,0.4416794458018969,0.9029031892335997,1,False,,,,
1766482860.74279,0.892094702414717,0.9559662163683762,0.11595059296944976,1,False,,,,
1766482860.9747908,0.892094702414717,0.9559662163683762,0.11595059296944976,1,False,,,,
1766482860.981089,0.892094702414717,0.9559662163683762,0.11595059296944976,1,False,,,,
1766482860.9835699,0.892094702414717,0.9559662163683762,0.11595059296944976,1,False,,,,
1766482860.986319,0.892094702414717,0.9559662163683762,0.11595059296944976,1,False,,,,
1766482860.989401,0.4139758539181452,0.9187397062203388,0.1297578111472471,1,False,,,,
1766482861.2451599,0.4139758539181452,0.9187397062203388,0.1297578111472471,1,False,,,,
1766482861.250239,0.4139758539181452,0.9187397062203388,0.1297578111472471,1,False,,,,
1766482861.253303,0.4139758539181452,0.9187397062203388,0.1297578111472471,1,False,,,,
1766482861.2560608,0.4139758539181452,0.9187397062203388,0.1297578111472471,1,False,,,,
1766482861.261364,0.4961124467467144,0.8163445353706897,0.20214040002737327,2,False,,,,
1766482861.5233338,0.4961124467467144,0.8163445353706897,0.20214040002737327,2,False,,,,
1766482861.529686,0.5045775162916926,0.865161841207018,0.15436389307908416,2,False,,,,
1766482861.532762,0.5045775162916926,0.865161841207018,0.15436389307908416,2,False,,,,
1766482861.539378,0.5045775162916926,0.865161841207018,0.15436389307908416,2,False,,,,
1766482861.542154,0.5379623466298802,0.8210409858504283,0.18299932098205027,1,False,,,,
1766482861.855094,0.5379623466298802,0.8210409858504283,0.18299932098205027,1,False,,,,
1766482861.860536,0.5379623466298802,0.8210409858504283,0.18299932098205027,1,False,,,,
1766482861.863487,0.3787230472449674,1.0459196555563184,0.13765646253758876,1,False,,,,
1766482861.8667572,0.3787230472449674,1.0459196555563184,0.13765646253758876,1,False,,,,
1766482861.870102,0.8797313349709034,1.032281191353735,0.12699403955997549,1,False,,,,
1766482862.245398,0.8797313349709034,1.032281191353735,0.12699403955997549,1,False,,,,
1766482862.25024,0.8797313349709034,1.032281191353735,0.12699403955997549,1,False,,,,
1766482862.252714,0.8797313349709034,1.032281191353735,0.12699403955997549,1,False,,,,
1766482862.2552729,0.8797313349709034,1.032281191353735,0.12699403955997549,1,False,,,,
1766482862.258322,0.5435571360660499,0.8974318382404399,0.17561970758834855,1,False,,,,
1766482862.471238,0.8907802214489541,1.0322703857117428,0.1352483703261067,1,False,,,,
1766482862.4770079,0.8907802214489541,1.0322703857117428,0.1352483703261067,1,False,,,,
1766482862.481998,0.8907802214489541,1.0322703857117428,0.1352483703261067,1,False,,,,
1766482862.484376,0.8907802214489541,1.0322703857117428,0.1352483703261067,1,False,,,,
1766482862.4873312,0.8741170023258137,1.0558072080789327,0.1367983532865593,1,False,,,,
1766482862.754404,0.8741170023258137,1.0558072080789327,0.1367983532865593,1,False,,,,
1766482862.759605,0.8741170023258137,1.0558072080789327,0.1367983532865593,1,False,,,,
1766482862.762239,0.8741170023258137,1.0558072080789327,0.1367983532865593,1,False,,,,
1766482862.768002,0.3316827174532252,0.7454096502193969,0.8467692136764526,1,False,,,,
1766482862.772661,0.8887239323157473,1.0419137673190626,0.1571411882722054,1,False,,,,
1766482862.9876852,0.8887239323157473,1.0419137673190626,0.1571411882722054,1,False,,,,
1766482862.99284,0.8887239323157473,1.0419137673190626,0.1571411882722054,1,False,,,,
1766482862.99575,0.8887239323157473,1.0419137673190626,0.1571411882722054,1,False,,,,
1766482862.998212,0.8887239323157473,1.0419137673190626,0.1571411882722054,1,False,,,,
1766482863.000433,0.3037307619102215,0.92747907324952,0.713786780834198,2,False,,,,
1766482863.2806,0.3037307619102215,0.92747907324952,0.713786780834198,2,False,,,,
1766482863.2860641,0.3037307619102215,0.92747907324952,0.713786780834198,2,False,,,,
1766482863.2887108,0.3037307619102215,0.92747907324952,0.713786780834198,2,False,,,,
1766482863.290842,0.3037307619102215,0.92747907324952,0.713786780834198,2,False,,,,
1766482863.292962,0.9205996950144157,0.778513427090518,0.23042818375279386,1,False,,,,
1766482863.692559,0.9205996950144157,0.778513427090518,0.23042818375279386,1,False,,,,
1766482863.69793,0.9205996950144157,0.778513427090518,0.23042818375279386,1,False,,,,
1766482863.700741,0.9205996950144157,0.778513427090518,0.23042818375279386,1,False,,,,
1766482863.702983,0.9205996950144157,0.778513427090518,0.23042818375279386,1,False,,,,
1766482863.705892,0.0855079068321289,0.907936076516185,0.0,1,False,,,,
1766482864.432518,0.0855079068321289,0.907936076516185,0.0,1,False,,,,
1766482864.437854,0.0855079068321289,0.907936076516185,0.0,1,False,,,,
1766482864.440833,0.28092653495572845,0.8101588356543551,0.7650723457336426,1,False,,,,
1766482864.443706,0.9162673060212807,0.8098462801820827,0.2975405109617828,1,False,,,,
1766482864.446523,0.0855079068321289,0.907936076516185,0.0,2,False,,,,
1766482864.8838882,0.9162681421076524,0.8128133966309614,0.29642654404998353,2,False,,,,
1766482864.889122,0.9162681421076524,0.8128133966309614,0.29642654404998353,2,False,,,,
1766482864.894183,0.9162681421076524,0.8128133966309614,0.29642654404998353,2,False,,,,
1766482864.896713,0.9162681421076524,0.8128133966309614,0.29642654404998353,2,False,,,,
1766482864.89923,0.9212392544221994,0.7910070118170678,0.29573486994730336,2,False,,,,
1766482865.163049,0.9212392544221994,0.7910070118170678,0.29573486994730336,2,False,,,,
1766482865.1686049,0.9212392544221994,0.7910070118170678,0.29573486994730336,2,False,,,,
1766482865.1715431,0.9212392544221994,0.7910070118170678,0.29573486994730336,2,False,,,,
1766482865.174016,0.9212392544221994,0.7910070118170678,0.29573486994730336,2,False,,,,
1766482865.176682,0.9254818556026049,0.7777355069512262,0.26055595750906363,2,False,,,,
1766482865.446184,0.9235667726429149,0.7780945343413986,0.25729485788352335,2,False,,,,
1766482865.453119,0.9235667726429149,0.7780945343413986,0.25729485788352335,2,False,,,,
1766482865.459587,0.9235667726429149,0.7780945343413986,0.25729485788352335,2,False,,,,
1766482865.46225,0.9235667726429149,0.7780945343413986,0.25729485788352335,2,False,,,,
1766482865.467341,0.0855079068321289,0.907936076516185,0.0,1,False,,,,
1766482865.7424781,0.0855079068321289,0.907936076516185,0.0,1,False,,,,
1766482865.7482371,0.3466491387686802,0.793045956854078,0.7067956924438477,1,False,,,,
1766482865.75105,0.3423047852688689,0.799321446709609,0.7023155093193054,1,False,,,,
1766482865.754961,0.3423047852688689,0.799321446709609,0.7023155093193054,1,False,,,,
1766482865.761177,0.0855079068321289,0.907936076516185,0.0,1,False,,,,
1766482866.023821,0.9236985237089501,0.7796143833234785,0.240473885816791,1,False,,,,
1766482866.0300648,0.9236985237089501,0.7796143833234785,0.240473885816791,1,False,,,,
1766482866.035288,0.9236985237089501,0.7796143833234785,0.240473885816791,1,False,,,,
1766482866.0380218,0.9236985237089501,0.7796143833234785,0.240473885816791,1,False,,,,
1766482866.040498,0.0855079068321289,0.907936076516185,0.0,2,False,,,,
1766482866.288585,0.9277585584651185,0.781354719188257,0.2598642428096201,2,False,,,,
1766482866.294027,0.9277585584651185,0.781354719188257,0.2598642428096201,2,False,,,,
1766482866.3004422,0.9277585584651185,0.781354719188257,0.2598642428096201,2,False,,,,
1766482866.303658,0.9277585584651185,0.781354719188257,0.2598642428096201,2,False,,,,
1766482866.305975,0.9284144401946769,0.7672989445894041,0.2303897964128701,1,False,,,,
1766482867.235816,0.9284144401946769,0.7672989445894041,0.2303897964128701,1,False,,,,
1766482867.2413728,0.9284144401946769,0.7672989445894041,0.2303897964128701,1,False,,,,
1766482867.2439601,0.9284144401946769,0.7672989445894041,0.2303897964128701,1,False,,,,
1766482867.2465322,0.9284144401946769,0.7672989445894041,0.2303897964128701,1,False,,,,
1766482867.249262,0.9264029691389082,0.7820716396935747,0.27994684731689123,1,False,,,,
1766482867.462139,0.9264394028409978,0.7815228278933741,0.2755169620541293,1,False,,,,
1766482867.468065,0.9264394028409978,0.7815228278933741,0.2755169620541293,1,False,,,,
1766482867.47361,0.9264394028409978,0.7815228278933741,0.2755169620541293,1,False,,,,
1766482867.4785652,0.9264394028409978,0.7815228278933741,0.2755169620541293,1,False,,,,
1766482867.480903,0.9341621757139233,0.7386343042905895,0.25587622395352183,1,False,,,,
1766482867.791279,0.9341621757139233,0.7386343042905895,0.25587622395352183,1,False,,,,
1766482867.797545,0.43579188803421476,0.7568398432038286,0.7185801267623901,1,False,,,,
1766482867.800548,0.43579188803421476,0.7568398432038286,0.7185801267623901,1,False,,,,
1766482867.806537,0.43579188803421476,0.7568398432038286,0.7185801267623901,1,False,,,,
1766482867.809189,0.38033749710051373,0.7039830535561199,0.8094418048858643,1,False,,,,
1766482868.3399181,0.38033749710051373,0.7039830535561199,0.8094418048858643,1,False,,,,
1766482868.345529,0.38033749710051373,0.7039830535561199,0.8094418048858643,1,False,,,,
1766482868.3482938,0.38033749710051373,0.7039830535561199,0.8094418048858643,1,False,,,,
1766482868.350689,0.38033749710051373,0.7039830535561199,0.8094418048858643,1,False,,,,
1766482868.353009,0.9227491035231917,0.7918962119268822,0.279518465951839,1,False,,,,
1766482868.583361,0.9227491035231917,0.7918962119268822,0.279518465951839,1,False,,,,
1766482868.588886,0.9227491035231917,0.7918962119268822,0.279518465951839,1,False,,,,
1766482868.5914738,0.9227491035231917,0.7918962119268822,0.279518465951839,1,False,,,,
1766482868.5938811,0.9227491035231917,0.7918962119268822,0.279518465951839,1,False,,,,
1766482868.5971808,0.9293930748828148,0.765947146751879,0.267661268904033,2,False,,,,
1766482868.915575,0.9293930748828148,0.765947146751879,0.267661268904033,2,False,,,,
1766482868.921112,0.9293930748828148,0.765947146751879,0.267661268904033,2,False,,,,
1766482868.9237618,0.9293930748828148,0.765947146751879,0.267661268904033,2,False,,,,
1766482868.9265192,0.9293930748828148,0.765947146751879,0.267661268904033,2,False,,,,
1766482868.929309,0.9175233550246509,0.7522608309701351,0.2247112337025218,1,False,,,,
1766482869.2307682,0.9175233550246509,0.7522608309701351,0.2247112337025218,1,False,,,,
1766482869.236601,0.9174714055849258,0.7756769527178581,0.2529289808004238,1,False,,,,
1766482869.242514,0.9174714055849258,0.7756769527178581,0.2529289808004238,1,False,,,,
1766482869.248485,0.9174714055849258,0.7756769527178581,0.2529289808004238,1,False,,,,
1766482869.250977,0.47465967375977713,0.9311506849085129,0.23342595343636832,2,False,,,,
1766482869.630829,0.47465967375977713,0.9311506849085129,0.23342595343636832,2,False,,,,
1766482869.637434,0.9163673530568126,0.8115542264686768,0.25872133778933154,2,False,,,,
1766482869.640995,0.9163673530568126,0.8115542264686768,0.25872133778933154,2,False,,,,
1766482869.647522,0.9163673530568126,0.8115542264686768,0.25872133778933154,2,False,,,,
1766482869.650282,0.44597133932610883,0.9569215950105131,0.2712138173353306,2,False,,,,
1766482869.972646,0.47230027555217846,0.9525423101697792,0.26921045681255734,2,False,,,,
1766482869.9796932,0.47230027555217846,0.9525423101697792,0.26921045681255734,2,False,,,,
1766482869.9849799,0.47230027555217846,0.9525423101697792,0.26921045681255734,2,False,,,,
1766482869.987742,0.47230027555217846,0.9525423101697792,0.26921045681255734,2,False,,,,
1766482869.9928262,0.20108853195045132,0.8211180820487503,0.7338897585868835,2,False,,,,
1766482870.2870688,0.20108853195045132,0.8211180820487503,0.7338897585868835,2,False,,,,
1766482870.2925062,0.20108853195045132,0.8211180820487503,0.7338897585868835,2,False,,,,
1766482870.2951412,0.20108853195045132,0.8211180820487503,0.7338897585868835,2,False,,,,
1766482870.297576,0.20108853195045132,0.8211180820487503,0.7338897585868835,2,False,,,,
1766482870.300322,0.8312908660692655,0.9183354938990587,0.7700311422348023,2,False,,,,
1766482870.654589,0.8312908660692655,0.9183354938990587,0.7700311422348023,2,False,,,,
1766482870.6613429,0.8312908660692655,0.9183354938990587,0.7700311422348023,2,False,,,,
1766482870.664024,0.8312908660692655,0.9183354938990587,0.7700311422348023,2,False,,,,
1766482870.666254,0.8312908660692655,0.9183354938990587,0.7700311422348023,2,False,,,,
1766482870.6683571,0.07376189119361234,-0.3575122001458304,0.9786532521247864,1,False,,,,
1766482871.122538,0.07376189119361234,-0.3575122001458304,0.9786532521247864,1,False,,,,
1766482871.126946,0.07376189119361234,-0.3575122001458304,0.9786532521247864,1,False,,,,
1766482871.129689,0.07376189119361234,-0.3575122001458304,0.9786532521247864,1,False,,,,
1766482871.1323562,0.07376189119361234,-0.3575122001458304,0.9786532521247864,1,False,,,,
1766482871.1347609,0.16364576131992417,-0.23198032789921408,0.9959144294261932,1,False,,,,
1766482871.351674,0.16424618450604686,-0.2300507870600872,1.0,1,False,,,,
1766482871.359348,0.16424618450604686,-0.2300507870600872,1.0,1,False,,,,
1766482871.363947,0.16424618450604686,-0.2300507870600872,1.0,1,False,,,,
1766482871.366422,0.16424618450604686,-0.2300507870600872,1.0,1,False,,,,
1766482871.368469,0.08735624465886609,-0.37390779466346435,0.9735032021999359,1,False,,,,
1766482871.6811478,0.0760957904620522,-0.39021417215514176,0.9862267076969147,1,False,,,,
1766482871.6864,0.0760957904620522,-0.39021417215514176,0.9862267076969147,1,False,,,,
1766482871.69219,0.0760957904620522,-0.39021417215514176,0.9862267076969147,1,False,,,,
1766482871.6965911,0.0760957904620522,-0.39021417215514176,0.9862267076969147,1,False,,,,
1766482871.698765,0.8680992089220242,0.8351198293624728,0.14284930162389306,1,False,,,,
1766482871.943149,0.8680992089220242,0.8351198293624728,0.14284930162389306,1,False,,,,
1766482871.950828,0.9192939578879551,0.9034730596277958,0.13141331054312494,1,False,,,,
1766482871.956359,0.9192939578879551,0.9034730596277958,0.13141331054312494,1,False,,,,
1766482871.958984,0.9192939578879551,0.9034730596277958,0.13141331054312494,1,False,,,,
1766482871.961285,0.9200435638232243,0.7680172427279168,0.23763119097950453,1,False,,,,
1766482872.190235,0.9200435638232243,0.7680172427279168,0.23763119097950453,1,False,,,,
1766482872.195811,0.9200435638232243,0.7680172427279168,0.23763119097950453,1,False,,,,
1766482872.1987011,0.9200435638232243,0.7680172427279168,0.23763119097950453,1,False,,,,
1766482872.200994,0.9200435638232243,0.7680172427279168,0.23763119097950453,1,False,,,,
1766482872.203806,0.9151397947331598,0.7996758555282348,0.28817070378195464,2,False,,,,
1766482872.461214,0.9151397947331598,0.7996758555282348,0.28817070378195464,2,False,,,,
1766482872.4687328,0.9151397947331598,0.7996758555282348,0.28817070378195464,2,False,,,,
1766482872.4715168,0.9151397947331598,0.7996758555282348,0.28817070378195464,2,False,,,,
1766482872.4740071,0.9151397947331598,0.7996758555282348,0.28817070378195464,2,False,,,,
1766482872.476588,0.25689308242965414,0.6279553560065023,0.44317459136949255,2,False,,,,
1766482872.8055758,0.25689308242965414,0.6279553560065023,0.44317459136949255,2,False,,,,
1766482872.811782,0.25689308242965414,0.6279553560065023,0.44317459136949255,2,False,,,,
1766482872.8146381,0.25689308242965414,0.6279553560065023,0.44317459136949255,2,False,,,,
1766482872.817342,0.9129376544710383,0.7956672264949062,0.32784817119149634,2,False,,,,
1766482872.8209972,0.9083551631922326,0.8090215409244966,0.3030157804134149,2,False,,,,
1766482873.105479,0.9083551631922326,0.8090215409244966,0.3030157804134149,2,False,,,,
1766482873.111576,0.9083551631922326,0.8090215409244966,0.3030157804134149,2,False,,,,
1766482873.116631,0.9083551631922326,0.8090215409244966,0.3030157804134149,2,False,,,,
1766482873.119018,0.9083551631922326,0.8090215409244966,0.3030157804134149,2,False,,,,
1766482873.1221828,0.9051304480115988,0.8284451932607614,0.3496653567718238,2,False,,,,
1766482873.402567,0.9051304480115988,0.8284451932607614,0.3496653567718238,2,False,,,,
1766482873.408202,0.9051304480115988,0.8284451932607614,0.3496653567718238,2,False,,,,
1766482873.4112,0.9051304480115988,0.8284451932607614,0.3496653567718238,2,False,,,,
1766482873.413806,0.9051304480115988,0.8284451932607614,0.3496653567718238,2,False,,,,
1766482873.416074,0.9019930386391373,0.8403727537394079,0.3462125832608478,2,False,,,,
1766482873.730432,0.9019930386391373,0.8403727537394079,0.3462125832608478,2,False,,,,
1766482873.736452,0.9019930386391373,0.8403727537394079,0.3462125832608478,2,False,,,,
1766482873.739053,0.9019930386391373,0.8403727537394079,0.3462125832608478,2,False,,,,
1766482873.741407,0.9019930386391373,0.8403727537394079,0.3462125832608478,2,False,,,,
1766482873.746495,0.4642314919683043,0.6226091611561928,0.800899088382721,2,False,,,,
1766482874.610045,0.4642314919683043,0.6226091611561928,0.800899088382721,2,False,,,,
1766482874.615712,0.4642314919683043,0.6226091611561928,0.800899088382721,2,False,,,,
1766482874.6186721,0.4642314919683043,0.6226091611561928,0.800899088382721,2,False,,,,
1766482874.621012,0.4642314919683043,0.6226091611561928,0.800899088382721,2,False,,,,
1766482874.6237571,0.4585839114234848,0.6157739464204601,0.7971879243850708,2,False,,,,
1766482874.955591,0.4585839114234848,0.6157739464204601,0.7971879243850708,2,False,,,,
1766482874.961431,0.908328288082906,0.8600322134235056,0.2808343948074828,2,False,,,,
1766482874.965046,0.468454938505883,0.6138362440047211,0.7866254448890686,2,False,,,,
1766482874.967909,0.468454938505883,0.6138362440047211,0.7866254448890686,2,False,,,,
1766482874.974047,0.48263226515782165,0.6132328148131202,0.8111675514143992,2,False,,,,
1766482875.2990541,0.8990724856688095,0.8154296968970213,0.2940428463964261,2,False,,,,
1766482875.3042939,0.8990724856688095,0.8154296968970213,0.2940428463964261,2,False,,,,
1766482875.3104901,0.8990724856688095,0.8154296968970213,0.2940428463964261,2,False,,,,
1766482875.313164,0.8990724856688095,0.8154296968970213,0.2940428463964261,2,False,,,,
1766482875.315831,0.2348446833032216,0.6444758877030402,0.480326347251461,2,False,,,,
1766482876.0275998,0.2348446833032216,0.6444758877030402,0.480326347251461,2,False,,,,
1766482876.0331142,0.2348446833032216,0.6444758877030402,0.480326347251461,2,False,,,,
1766482876.036714,0.23437794815946353,0.6437035785744537,0.5001144723934015,2,False,,,,
1766482876.039542,0.9102208722898002,0.8588693889473341,0.23534097738810286,2,False,,,,
1766482876.042099,0.22811259960711858,0.6068091235440488,0.4121397181336141,2,False,,,,
1766482876.3477702,0.22811259960711858,0.6068091235440488,0.4121397181336141,2,False,,,,
1766482876.3532438,0.22811259960711858,0.6068091235440488,0.4121397181336141,2,False,,,,
1766482876.3557272,0.22811259960711858,0.6068091235440488,0.4121397181336141,2,False,,,,
1766482876.3606741,0.22811259960711858,0.6068091235440488,0.4121397181336141,2,False,,,,
1766482876.362921,0.2577835002696164,0.6403486284838836,0.5022024594172964,2,False,,,,
1766482877.823683,0.2577835002696164,0.6403486284838836,0.5022024594172964,2,False,,,,
1766482877.831254,0.2577835002696164,0.6403486284838836,0.5022024594172964,2,False,,,,
1766482877.834006,0.2577835002696164,0.6403486284838836,0.5022024594172964,2,False,,,,
1766482877.836595,0.2577835002696164,0.6403486284838836,0.5022024594172964,2,False,,,,
1766482877.838721,0.2605847363835009,0.6390702799054889,0.44356672366043753,2,False,,,,
1766482878.0976279,0.2605847363835009,0.6390702799054889,0.44356672366043753,2,False,,,,
1766482878.103083,0.2605847363835009,0.6390702799054889,0.44356672366043753,2,False,,,,
1766482878.1060421,0.2605847363835009,0.6390702799054889,0.44356672366043753,2,False,,,,
1766482878.1091719,0.2605847363835009,0.6390702799054889,0.44356672366043753,2,False,,,,
1766482878.111521,0.25826865940901805,-0.07231851790382926,1.0,2,False,,,,
1766482880.021313,0.2587857022166398,-0.06983705067114854,1.0,2,False,,,,
1766482880.029814,0.25790243977925287,-0.07156102541652953,1.0,2,False,,,,
1766482880.035059,0.25790243977925287,-0.07156102541652953,1.0,2,False,,,,
1766482880.037688,0.25790243977925287,-0.07156102541652953,1.0,2,False,,,,
1766482880.0401511,0.33793700963395257,0.1971467660884001,0.995,1,False,,,,
1766482880.285076,0.33793700963395257,0.1971467660884001,0.995,1,False,,,,
1766482880.294328,0.4038737663805926,0.3926460476710205,1.0,1,False,,,,
1766482880.299338,0.4038737663805926,0.3926460476710205,1.0,1,False,,,,
1766482880.302201,0.4038737663805926,0.3926460476710205,1.0,1,False,,,,
1766482880.304661,0.2997078794098975,0.00432876654228076,1.0,1,False,,,,
1766482880.534708,0.2997078794098975,0.00432876654228076,1.0,1,False,,,,
1766482880.540295,0.2997078794098975,0.00432876654228076,1.0,1,False,,,,
1766482880.544826,0.2997078794098975,0.00432876654228076,1.0,1,False,,,,
1766482880.547262,0.2997078794098975,0.00432876654228076,1.0,1,False,,,,
1766482880.549419,0.9093380341662624,0.9674480957464371,0.3185964491850973,1,False,,,,
1766482881.167445,0.5015222312810751,1.0488642316931387,0.22171240138465764,1,False,,,,
1766482881.172898,0.5015222312810751,1.0488642316931387,0.22171240138465764,1,False,,,,
1766482881.177668,0.5015222312810751,1.0488642316931387,0.22171240138465764,1,False,,,,
1766482881.180089,0.5015222312810751,1.0488642316931387,0.22171240138465764,1,False,,,,
1766482881.182501,0.6967236944670061,0.9149725473098512,0.8869737668227426,1,False,,,,
1766482881.595558,0.6967236944670061,0.9149725473098512,0.8869737668227426,1,False,,,,
1766482881.603518,0.39463856249737156,0.9248457019883142,0.21851555117917681,1,False,,,,
1766482881.609015,0.39463856249737156,0.9248457019883142,0.21851555117917681,1,False,,,,
1766482881.611886,0.39463856249737156,0.9248457019883142,0.21851555117917681,1,False,,,,
1766482881.616825,0.7273320698873066,1.0670975851316642,0.938269317150116,2,False,,,,
1766482881.919661,0.7273320698873066,1.0670975851316642,0.938269317150116,2,False,,,,
1766482881.9273322,0.7273320698873066,1.0670975851316642,0.938269317150116,2,False,,,,
1766482881.9296231,0.7273320698873066,1.0670975851316642,0.938269317150116,2,False,,,,
1766482881.931668,0.7273320698873066,1.0670975851316642,0.938269317150116,2,False,,,,
1766482881.934933,0.28403361026975793,0.10008830910409894,1.0,1,False,,,,
1766482882.30095,0.29479683634307124,0.11987589557860245,0.995,1,False,,,,
1766482882.309848,0.6166635238859699,1.1606586097110922,0.7151197791099548,1,False,,,,
1766482882.315882,0.6166635238859699,1.1606586097110922,0.7151197791099548,1,False,,,,
1766482882.31855,0.6166635238859699,1.1606586097110922,0.7151197791099548,1,False,,,,
1766482882.321078,0.1486332846219542,-0.1103470519692149,0.8977417349815369,0,False,,,,
1766482882.67292,0.11585096231410459,-0.1651038884975793,0.9165703654289246,0,False,,,,
1766482882.677747,0.11585096231410459,-0.1651038884975793,0.9165703654289246,0,False,,,,
1766482882.683577,0.11585096231410459,-0.1651038884975793,0.9165703654289246,0,False,,,,
1766482882.686114,0.11585096231410459,-0.1651038884975793,0.9165703654289246,0,False,,,,
1766482882.688354,0.7349328083783144,0.5763217349231257,0.8416559008744273,0,False,,,,
1766482882.982081,0.7349328083783144,0.5763217349231257,0.8416559008744273,0,False,,,,
1766482882.9884958,0.7349328083783144,0.5763217349231257,0.8416559008744273,0,False,,,,
1766482882.991106,0.7349328083783144,0.5763217349231257,0.8416559008744273,0,False,,,,
1766482882.993567,0.7349328083783144,0.5763217349231257,0.8416559008744273,0,False,,,,
1766482882.995801,0.7658220587580175,0.949740629935,0.13740846837897758,2,False,,,,
1766482883.316737,0.7658220587580175,0.949740629935,0.13740846837897758,2,False,,,,
1766482883.324209,0.7658220587580175,0.949740629935,0.13740846837897758,2,False,,,,
1766482883.3265269,0.7658220587580175,0.949740629935,0.13740846837897758,2,False,,,,
1766482883.331388,0.7658220587580175,0.949740629935,0.13740846837897758,2,False,,,,
1766482883.334312,1.0054128965373135,1.433451760050074,0.910254716873169,2,False,,,,
1766482883.765821,1.0054128965373135,1.433451760050074,0.910254716873169,2,False,,,,
1766482883.773002,1.0054128965373135,1.433451760050074,0.910254716873169,2,False,,,,
1766482883.775622,1.0054128965373135,1.433451760050074,0.910254716873169,2,False,,,,
1766482883.778435,0.9610654150898,1.3199593556887645,0.94074547290802,2,False,,,,
1766482883.780879,1.0081944961781324,1.400458581183699,1.0,1,False,,,,
1766482884.3254862,1.0081944961781324,1.400458581183699,1.0,1,False,,,,
1766482884.332404,1.0081944961781324,1.400458581183699,1.0,1,False,,,,
1766482884.3347251,1.0081944961781324,1.400458581183699,1.0,1,False,,,,
1766482884.337449,1.0081944961781324,1.400458581183699,1.0,1,False,,,,
1766482884.339838,0.4514728943873248,1.2399892756183017,0.12697928556149854,1,False,,,,
1766482884.555305,0.4514728943873248,1.2399892756183017,0.12697928556149854,1,False,,,,
1766482884.561429,0.4514728943873248,1.2399892756183017,0.12697928556149854,1,False,,,,
1766482884.56418,0.4514728943873248,1.2399892756183017,0.12697928556149854,1,False,,,,
1766482884.566442,0.4514728943873248,1.2399892756183017,0.12697928556149854,1,False,,,,
1766482884.568535,0.9140148065414262,0.8389466527967517,0.22147155382593653,2,False,,,,
1766482884.8905852,0.9140148065414262,0.8389466527967517,0.22147155382593653,2,False,,,,
1766482884.89803,0.9140148065414262,0.8389466527967517,0.22147155382593653,2,False,,,,
1766482884.900835,0.9140148065414262,0.8389466527967517,0.22147155382593653,2,False,,,,
1766482884.903643,0.9140148065414262,0.8389466527967517,0.22147155382593653,2,False,,,,
1766482884.905919,0.7450532463482895,0.8811086263597467,0.14771858494807205,2,False,,,,
1766482885.192322,0.6513861512697786,0.8870520561652471,0.10513114801737354,2,False,,,,
1766482885.2014499,0.6513861512697786,0.8870520561652471,0.10513114801737354,2,False,,,,
1766482885.206273,0.6513861512697786,0.8870520561652471,0.10513114801737354,2,False,,,,
1766482885.208443,0.6513861512697786,0.8870520561652471,0.10513114801737354,2,False,,,,
1766482885.2111528,0.5913279461803168,0.8608617881855998,0.11450636444816795,2,False,,,,
1766482885.4965062,0.5913279461803168,0.8608617881855998,0.11450636444816795,2,False,,,,
1766482885.502141,0.5913279461803168,0.8608617881855998,0.11450636444816795,2,False,,,,
1766482885.5047622,0.5913279461803168,0.8608617881855998,0.11450636444816795,2,False,,,,
1766482885.507602,0.5913279461803168,0.8608617881855998,0.11450636444816795,2,False,,,,
1766482885.509779,0.7312146974549585,0.8609113359471963,0.3013216979790591,2,False,,,,
1766482886.016829,0.7312146974549585,0.8609113359471963,0.3013216979790591,2,False,,,,
1766482886.0251992,0.6914423261965965,0.8553216030514089,0.10175288602840557,2,False,,,,
1766482886.028835,0.6914423261965965,0.8553216030514089,0.10175288602840557,2,False,,,,
1766482886.035121,0.6914423261965965,0.8553216030514089,0.10175288602840557,2,False,,,,
1766482886.0399091,0.7255266248628768,0.8602461848776034,0.22527364916719156,2,False,,,,
1766482886.342619,0.7255266248628768,0.8602461848776034,0.22527364916719156,2,False,,,,
1766482886.3477309,0.7255266248628768,0.8602461848776034,0.22527364916719156,2,False,,,,
1766482886.350772,0.7255266248628768,0.8602461848776034,0.22527364916719156,2,False,,,,
1766482886.3534138,0.7255266248628768,0.8602461848776034,0.22527364916719156,2,False,,,,
1766482886.355956,0.678397421087084,0.8041616983585951,0.22385907102401176,2,False,,,,
1766482887.304002,0.678397421087084,0.8041616983585951,0.22385907102401176,2,False,,,,
1766482887.309282,0.678397421087084,0.8041616983585951,0.22385907102401176,2,False,,,,
1766482887.311925,0.678397421087084,0.8041616983585951,0.22385907102401176,2,False,,,,
1766482887.314327,0.678397421087084,0.8041616983585951,0.22385907102401176,2,False,,,,
1766482887.3167942,0.7344648453110165,0.9048241307458873,0.09981195456629974,2,False,,,,
1766482887.565322,0.7260670987350656,0.8904787947575312,0.10586527432458519,2,False,,,,
1766482887.5711942,0.7260670987350656,0.8904787947575312,0.10586527432458519,2,False,,,,
1766482887.576685,0.7260670987350656,0.8904787947575312,0.10586527432458519,2,False,,,,
1766482887.579384,0.7260670987350656,0.8904787947575312,0.10586527432458519,2,False,,,,
1766482887.5817258,0.683478779119608,0.781409336295552,0.24023211556633994,1,False,,,,
1766482887.861055,0.683478779119608,0.781409336295552,0.24023211556633994,1,False,,,,
1766482887.8666592,0.6889493185662865,0.8247307431038757,0.21125371720612565,1,False,,,,
1766482887.869534,0.6889493185662865,0.8247307431038757,0.21125371720612565,1,False,,,,
1766482887.8723211,0.6889493185662865,0.8247307431038757,0.21125371720612565,1,False,,,,
1766482887.87761,0.8943436431491018,1.493907070831279,0.9961177110671997,1,False,,,,
1766482888.989723,0.8943436431491018,1.493907070831279,0.9961177110671997,1,False,,,,
1766482888.9972212,0.8943436431491018,1.493907070831279,0.9961177110671997,1,False,,,,
1766482888.999527,0.8943436431491018,1.493907070831279,0.9961177110671997,1,False,,,,
1766482889.003804,0.8943436431491018,1.493907070831279,0.9961177110671997,1,False,,,,
1766482889.0061991,0.1138750201022372,-0.2549358207348493,1.0,1,False,,,,
1766482889.230933,0.1138750201022372,-0.2549358207348493,1.0,1,False,,,,
1766482889.236183,0.1138750201022372,-0.2549358207348493,1.0,1,False,,,,
1766482889.239281,0.1117927251711465,-0.25963312453584564,1.0,1,False,,,,
1766482889.241733,0.1117927251711465,-0.25963312453584564,1.0,1,False,,,,
1766482889.2450361,0.12232540938265583,-0.23099515880542132,1.0,1,False,,,,
1766482889.500788,0.12232540938265583,-0.23099515880542132,1.0,1,False,,,,
1766482889.5060868,0.04129800871059679,-0.35652203555646533,1.0,1,False,,,,
1766482889.510493,-0.004863097901765557,-0.42916951819083904,1.0,1,False,,,,
1766482889.514635,-0.004863097901765557,-0.42916951819083904,1.0,1,False,,,,
1766482889.5195782,0.9575168214454177,1.28934236786813,1.0,1,False,,,,
1766482889.892815,0.9575168214454177,1.28934236786813,1.0,1,False,,,,
1766482889.897943,0.9575168214454177,1.28934236786813,1.0,1,False,,,,
1766482889.900688,0.9575168214454177,1.28934236786813,1.0,1,False,,,,
1766482889.902976,0.9575168214454177,1.28934236786813,1.0,1,False,,,,
1766482889.905171,0.9419531620745871,1.2715534520390506,1.0,1,False,,,,
1766482890.1200042,0.9419531620745871,1.2715534520390506,1.0,1,False,,,,
1766482890.124639,0.9419531620745871,1.2715534520390506,1.0,1,False,,,,
1766482890.127174,0.9419531620745871,1.2715534520390506,1.0,1,False,,,,
1766482890.129605,0.9419531620745871,1.2715534520390506,1.0,1,False,,,,
1766482890.132226,1.9201847695350804,3.0080529529116093,1.0,1,False,,,,
1766482890.488319,1.9201847695350804,3.0080529529116093,1.0,1,False,,,,
1766482890.493372,1.9201847695350804,3.0080529529116093,1.0,1,False,,,,
1766482890.4977112,1.9201847695350804,3.0080529529116093,1.0,1,False,,,,
1766482890.4998841,1.9201847695350804,3.0080529529116093,1.0,1,False,,,,
1766482890.50222,0.9168391889145221,1.1627454776461141,1.0,0,False,,,,
1766482890.6765702,0.9168391889145221,1.1627454776461141,1.0,0,False,,,,
1766482890.6818151,0.9174356867763933,1.1606761502922947,1.0,0,False,,,,
1766482890.684683,0.9169843185024866,1.152540691719614,1.0,0,False,,,,
1766482890.6879969,0.9169843185024866,1.152540691719614,1.0,0,False,,,,
1766482890.6908832,0.9108799333718597,1.1483200169411323,1.0,0,False,,,,
1766482890.893284,0.9108799333718597,1.1483200169411323,1.0,0,False,,,,
1766482890.898473,0.9108799333718597,1.1483200169411323,1.0,0,False,,,,
1766482890.901315,0.9108799333718597,1.1483200169411323,1.0,0,False,,,,
1766482890.9036338,0.9108799333718597,1.1483200169411323,1.0,0,False,,,,
1766482890.9081001,0.8875895467186934,0.919982859874952,0.9986282587051392,0,False,,,,
1766482891.071209,0.8875895467186934,0.919982859874952,0.9986282587051392,0,False,,,,
1766482891.076176,0.8875895467186934,0.919982859874952,0.9986282587051392,0,False,,,,
1766482891.078669,0.8875895467186934,0.919982859874952,0.9986282587051392,0,False,,,,
1766482891.081262,0.8890923371816115,0.9010989866930749,1.0,0,False,,,,
1766482891.084036,0.9186846134026357,1.1616347854045161,1.0,0,False,,,,
1766482891.267817,0.9186846134026357,1.1616347854045161,1.0,0,False,,,,
1766482891.2724621,0.9186846134026357,1.1616347854045161,1.0,0,False,,,,
1766482891.274679,0.9186846134026357,1.1616347854045161,1.0,0,False,,,,
1766482891.276879,0.9186846134026357,1.1616347854045161,1.0,0,False,,,,
1766482891.279428,0.9292233433422435,1.259750545997942,1.0,0,False,,,,
1766482891.4594162,0.9292233433422435,1.259750545997942,1.0,0,False,,,,
1766482891.4639099,0.9292233433422435,1.259750545997942,1.0,0,False,,,,
1766482891.466314,0.9292233433422435,1.259750545997942,1.0,0,False,,,,
1766482891.468294,0.9292233433422435,1.259750545997942,1.0,0,False,,,,
1766482891.471018,0.9152661138846734,1.2081386070164701,1.0,0,False,,,,
1766482891.6596851,0.9152661138846734,1.2081386070164701,1.0,0,False,,,,
1766482891.6646771,0.9152661138846734,1.2081386070164701,1.0,0,False,,,,
1766482891.667014,0.9152661138846734,1.2081386070164701,1.0,0,False,,,,
1766482891.6692579,0.9152661138846734,1.2081386070164701,1.0,0,False,,,,
1766482891.6718998,0.9170990434731751,1.2276878586801745,1.0,0,False,,,,
1766482891.8382452,0.9170990434731751,1.2276878586801745,1.0,0,False,,,,
1766482891.843078,0.9170990434731751,1.2276878586801745,1.0,0,False,,,,
1766482891.845983,0.9170990434731751,1.2276878586801745,1.0,0,False,,,,
1766482891.850614,0.9170990434731751,1.2276878586801745,1.0,0,False,,,,
1766482891.853207,0.8747487105549094,1.0832733365490022,0.99,0,False,,,,
1766482892.006104,0.8747487105549094,1.0832733365490022,0.99,0,False,,,,
1766482892.011051,0.8747487105549094,1.0832733365490022,0.99,0,False,,,,
1766482892.013717,0.8747487105549094,1.0832733365490022,0.99,0,False,,,,
1766482892.015973,0.8747487105549094,1.0832733365490022,0.99,0,False,,,,
1766482892.018611,0.8821558956314506,0.9828599396613927,0.13902953498429996,0,False,,,,
1766482892.199796,0.8821558956314506,0.9828599396613927,0.13902953498429996,0,False,,,,
1766482892.2051232,0.8821558956314506,0.9828599396613927,0.13902953498429996,0,False,,,,
1766482892.207756,0.8821558956314506,0.9828599396613927,0.13902953498429996,0,False,,,,
1766482892.210119,0.8821558956314506,0.9828599396613927,0.13902953498429996,0,False,,,,
1766482892.2121658,9.50776975350998,-3.3370215707299096,0.06326144267971044,1,False,,,,
1766482892.502583,9.50776975350998,-3.3370215707299096,0.06326144267971044,1,False,,,,
1766482892.5099819,9.50776975350998,-3.3370215707299096,0.06326144267971044,1,False,,,,
1766482892.512706,9.50776975350998,-3.3370215707299096,0.06326144267971044,1,False,,,,
1766482892.514878,9.50776975350998,-3.3370215707299096,0.06326144267971044,1,False,,,,
1766482892.5172448,0.7909935972747428,0.967771070651737,0.1635627014491682,2,False,,,,
1766482893.0365288,0.7909935972747428,0.967771070651737,0.1635627014491682,2,False,,,,
1766482893.044836,0.7909935972747428,0.967771070651737,0.1635627014491682,2,False,,,,
1766482893.0474281,0.7909935972747428,0.967771070651737,0.1635627014491682,2,False,,,,
1766482893.04983,0.7909935972747428,0.967771070651737,0.1635627014491682,2,False,,,,
1766482893.052331,0.7817350855289108,0.9697880305374443,0.11525119394538774,2,False,,,,
1766482893.30619,0.7817350855289108,0.9697880305374443,0.11525119394538774,2,False,,,,
1766482893.313056,0.7817350855289108,0.9697880305374443,0.11525119394538774,2,False,,,,
1766482893.3183548,0.7817350855289108,0.9697880305374443,0.11525119394538774,2,False,,,,
1766482893.321305,0.7817350855289108,0.9697880305374443,0.11525119394538774,2,False,,,,
1766482893.323576,0.7845699462133595,0.986358004262533,0.1303450922652127,2,False,,,,
1766482893.6916091,0.7845699462133595,0.986358004262533,0.1303450922652127,2,False,,,,
1766482893.6984699,0.784241495731479,0.9861437948501757,0.115785576525197,2,False,,,,
1766482893.701555,0.784241495731479,0.9861437948501757,0.115785576525197,2,False,,,,
1766482893.704888,0.784241495731479,0.9861437948501757,0.115785576525197,2,False,,,,
1766482893.7124999,0.4717250959952198,0.7240821043592599,0.7000571489334106,2,False,,,,
1766482894.036353,0.4280612888332692,0.7075187488846902,0.20947741095250472,2,False,,,,
1766482894.043264,0.4280612888332692,0.7075187488846902,0.20947741095250472,2,False,,,,
1766482894.0467572,0.4280612888332692,0.7075187488846902,0.20947741095250472,2,False,,,,
1766482894.0491872,0.4280612888332692,0.7075187488846902,0.20947741095250472,2,False,,,,
1766482894.054323,0.7683477158411908,0.9707736290022764,0.13474118354744294,2,False,,,,
1766482894.394689,0.7683477158411908,0.9707736290022764,0.13474118354744294,2,False,,,,
1766482894.402245,0.36978606200654757,0.6494106520075418,0.22045518778824152,2,False,,,,
1766482894.406037,0.36978606200654757,0.6494106520075418,0.22045518778824152,2,False,,,,
1766482894.412956,0.36978606200654757,0.6494106520075418,0.22045518778824152,2,False,,,,
1766482894.415782,0.7714683527906602,0.9666302068998378,0.15284409621977552,2,False,,,,
1766482894.705767,0.4628824063615573,0.7148794702411093,0.1731733499325024,2,False,,,,
1766482894.713195,0.4628824063615573,0.7148794702411093,0.1731733499325024,2,False,,,,
1766482894.7188952,0.4628824063615573,0.7148794702411093,0.1731733499325024,2,False,,,,
1766482894.721756,0.4628824063615573,0.7148794702411093,0.1731733499325024,2,False,,,,
1766482894.724416,0.757172752585063,0.992432914701552,0.16899113053063175,2,False,,,,
1766482895.037632,0.7642867909170079,0.9975475721910319,0.1956122459250921,2,False,,,,
1766482895.043444,0.7642867909170079,0.9975475721910319,0.1956122459250921,2,False,,,,
1766482895.049883,0.7642867909170079,0.9975475721910319,0.1956122459250921,2,False,,,,
1766482895.052544,0.7642867909170079,0.9975475721910319,0.1956122459250921,2,False,,,,
1766482895.055042,0.7623592743529232,0.9899132510897155,0.11700366522081998,2,False,,,,
1766482895.346518,0.7623592743529232,0.9899132510897155,0.11700366522081998,2,False,,,,
1766482895.3522298,0.7623592743529232,0.9899132510897155,0.11700366522081998,2,False,,,,
1766482895.355227,0.7623592743529232,0.9899132510897155,0.11700366522081998,2,False,,,,
1766482895.357703,0.7623592743529232,0.9899132510897155,0.11700366522081998,2,False,,,,
1766482895.3603818,0.5032761216516131,0.6766544305101069,0.7775766253471375,2,False,,,,
1766482895.709667,0.7596329873816343,0.9820515300533237,0.16042224260231222,2,False,,,,
1766482895.716266,0.7596329873816343,0.9820515300533237,0.16042224260231222,2,False,,,,
1766482895.722014,0.7596329873816343,0.9820515300533237,0.16042224260231222,2,False,,,,
1766482895.727165,0.7596329873816343,0.9820515300533237,0.16042224260231222,2,False,,,,
1766482895.729676,0.755916739280804,0.9802646162218398,0.15162619299478397,2,False,,,,
1766482896.026765,0.755916739280804,0.9802646162218398,0.15162619299478397,2,False,,,,
1766482896.032557,0.755916739280804,0.9802646162218398,0.15162619299478397,2,False,,,,
1766482896.035258,0.755916739280804,0.9802646162218398,0.15162619299478397,2,False,,,,
1766482896.038191,0.755916739280804,0.9802646162218398,0.15162619299478397,2,False,,,,
1766482896.041155,0.7221320370018613,0.9018965930822672,0.13172103175804878,2,False,,,,
1766482896.3763,0.748515587070964,0.9896443471994295,0.16376879787307722,2,False,,,,
1766482896.382538,0.4580069120995637,0.6505011550834714,0.7253473997116089,2,False,,,,
1766482896.3893602,0.4580069120995637,0.6505011550834714,0.7253473997116089,2,False,,,,
1766482896.3922071,0.4580069120995637,0.6505011550834714,0.7253473997116089,2,False,,,,
1766482896.3949199,0.4534651673603617,0.6608942242664384,0.7329962253570557,2,False,,,,
1766482896.872629,0.4534651673603617,0.6608942242664384,0.7329962253570557,2,False,,,,
1766482896.879311,0.7292552128645658,0.9971145286783629,0.14057788653674305,2,False,,,,
1766482896.882741,0.7292552128645658,0.9971145286783629,0.14057788653674305,2,False,,,,
1766482896.889039,0.7292552128645658,0.9971145286783629,0.14057788653674305,2,False,,,,
1766482896.891711,0.4351278071812971,0.6263552058549031,0.726986825466156,2,False,,,,
1766482897.206233,0.4351278071812971,0.6263552058549031,0.726986825466156,2,False,,,,
1766482897.212607,0.72766269262893,0.996751433398125,0.09816933487400839,2,False,,,,
1766482897.2158568,0.44273890572713775,0.630852898375166,0.7118110060691833,2,False,,,,
1766482897.218289,0.44273890572713775,0.630852898375166,0.7118110060691833,2,False,,,,
1766482897.22484,0.4497571996571663,0.5425046724425062,0.17672548650298545,2,False,,,,
1766482897.6914408,0.4497571996571663,0.5425046724425062,0.17672548650298545,2,False,,,,
1766482897.697194,0.4497571996571663,0.5425046724425062,0.17672548650298545,2,False,,,,
1766482897.702284,0.4497571996571663,0.5425046724425062,0.17672548650298545,2,False,,,,
1766482897.704641,0.4497571996571663,0.5425046724425062,0.17672548650298545,2,False,,,,
1766482897.707297,0.7137256538193822,1.008346205701856,0.09881684138334901,2,False,,,,
1766482898.0778618,0.7137256538193822,1.008346205701856,0.09881684138334901,2,False,,,,
1766482898.0835981,0.7137256538193822,1.008346205701856,0.09881684138334901,2,False,,,,
1766482898.087494,0.496762964723101,0.5670430521657485,0.13138165300129445,2,False,,,,
1766482898.090158,0.496762964723101,0.5670430521657485,0.13138165300129445,2,False,,,,
1766482898.096558,0.6991389350837827,0.9092022099174958,0.16975031933995766,2,False,,,,
1766482898.37208,0.6991389350837827,0.9092022099174958,0.16975031933995766,2,False,,,,
1766482898.377791,0.6991389350837827,0.9092022099174958,0.16975031933995766,2,False,,,,
1766482898.3809001,0.6991389350837827,0.9092022099174958,0.16975031933995766,2,False,,,,
1766482898.383188,0.6991389350837827,0.9092022099174958,0.16975031933995766,2,False,,,,
1766482898.3883982,-1.972985613639596,-4.50698603335091,0.9381615221500397,1,False,,,,
1766482898.711725,-1.972985613639596,-4.50698603335091,0.9381615221500397,1,False,,,,
1766482898.719149,-1.972985613639596,-4.50698603335091,0.9381615221500397,1,False,,,,
1766482898.7218869,-7.940211089794801,-17.263457646272045,0.9639921486377716,1,False,,,,
1766482898.725186,-8.316318294281894,-18.188833647075647,0.9898764491081238,1,False,,,,
1766482898.728012,1.3475317136745872,2.2132178745594375,1.0,0,False,,,,
1766482898.914918,1.3475317136745872,2.2132178745594375,1.0,0,False,,,,
1766482898.920513,1.3175260302460483,2.152400676444282,1.0,0,False,,,,
1766482898.923688,1.3350331938059714,2.186063247701963,1.0,0,False,,,,
1766482898.9274838,1.3350331938059714,2.186063247701963,1.0,0,False,,,,
1766482898.932687,-0.12140877671093583,-0.7712525029285913,1.0,0,False,,,,
1766482899.3027232,-0.12140877671093583,-0.7712525029285913,1.0,0,False,,,,
1766482899.308026,-0.12140877671093583,-0.7712525029285913,1.0,0,False,,,,
1766482899.3112352,-0.12140877671093583,-0.7712525029285913,1.0,0,False,,,,
1766482899.3134239,-0.12140877671093583,-0.7712525029285913,1.0,0,False,,,,
1766482899.315954,-1.2365795222319007,-2.9160479750959403,1.0,1,False,,,,
1766482899.59395,-1.2018888960279834,-2.8193239486640973,1.0,1,False,,,,
1766482899.5994492,-1.8943695621627943,-4.161352199048461,1.0,1,False,,,,
1766482899.60554,-1.8943695621627943,-4.161352199048461,1.0,1,False,,,,
1766482899.608286,-1.8943695621627943,-4.161352199048461,1.0,1,False,,,,
1766482899.610643,0.09931811940656501,-0.3583579486750348,0.9918947219848633,1,False,,,,
1766482899.9417338,0.09931811940656501,-0.3583579486750348,0.9918947219848633,1,False,,,,
1766482899.9465191,0.09931811940656501,-0.3583579486750348,0.9918947219848633,1,False,,,,
1766482899.9490051,0.09931811940656501,-0.3583579486750348,0.9918947219848633,1,False,,,,
1766482899.953325,0.09931811940656501,-0.3583579486750348,0.9918947219848633,1,False,,,,
1766482899.955464,3.561691389445657,6.70867641622309,1.0,1,False,,,,
1766482900.32453,3.561691389445657,6.70867641622309,1.0,1,False,,,,
1766482900.329481,2.2264142195328374,3.9971245534534874,1.0,1,False,,,,
1766482900.332774,2.2053216361416825,3.9412025282922825,1.0,1,False,,,,
1766482900.335377,2.2053216361416825,3.9412025282922825,1.0,1,False,,,,
1766482900.33858,63.14368984398597,101.0,1.0,1,False,,,,
1766482900.653396,63.14368984398597,101.0,1.0,1,False,,,,
1766482900.6583989,63.14368984398597,101.0,1.0,1,False,,,,
1766482900.6611168,63.14368984398597,101.0,1.0,1,False,,,,
1766482900.664363,4.555667357965577,8.539329112503989,1.0,1,False,,,,
1766482900.667239,0.9268316650158382,1.2181678022402536,0.9603600800037384,1,False,,,,
1766482900.9701152,0.9226752345845654,1.2025735944658706,1.0,1,False,,,,
1766482900.9761128,0.9226752345845654,1.2025735944658706,1.0,1,False,,,,
1766482900.981277,0.9226752345845654,1.2025735944658706,1.0,1,False,,,,
1766482900.9838872,0.9226752345845654,1.2025735944658706,1.0,1,False,,,,
1766482900.986173,0.3936340979737253,0.8758498043289678,0.1940571612435063,1,False,,,,
1766482901.275973,0.8287886919679579,0.9266858545349845,0.1551657928258685,1,False,,,,
1766482901.2826188,0.8287886919679579,0.9266858545349845,0.1551657928258685,1,False,,,,
1766482901.287529,0.8287886919679579,0.9266858545349845,0.1551657928258685,1,False,,,,
1766482901.290237,0.8287886919679579,0.9266858545349845,0.1551657928258685,1,False,,,,
1766482901.2927139,0.22694622328723799,0.6534053725973942,0.5407089979702366,2,False,,,,
1766482901.600533,0.22694622328723799,0.6534053725973942,0.5407089979702366,2,False,,,,
1766482901.608501,0.8000705329277178,0.9392466490715182,0.17249698574172284,2,False,,,,
1766482901.613791,0.8000705329277178,0.9392466490715182,0.17249698574172284,2,False,,,,
1766482901.6198559,0.8000705329277178,0.9392466490715182,0.17249698574172284,2,False,,,,
1766482901.622998,0.8091094900908222,0.9267122810938762,0.17022207258679092,2,False,,,,
1766482901.989105,0.8091094900908222,0.9267122810938762,0.17022207258679092,2,False,,,,
1766482901.994814,0.8091094900908222,0.9267122810938762,0.17022207258679092,2,False,,,,
1766482901.9974542,0.8091094900908222,0.9267122810938762,0.17022207258679092,2,False,,,,
1766482901.999715,0.8091094900908222,0.9267122810938762,0.17022207258679092,2,False,,,,
1766482902.002453,0.3233614749617474,0.800972307743468,0.8183306455612183,2,False,,,,
1766482902.259542,0.3233614749617474,0.800972307743468,0.8183306455612183,2,False,,,,
1766482902.2649002,0.3233614749617474,0.800972307743468,0.8183306455612183,2,False,,,,
1766482902.267711,0.3233614749617474,0.800972307743468,0.8183306455612183,2,False,,,,
1766482902.2703328,0.3233614749617474,0.800972307743468,0.8183306455612183,2,False,,,,
1766482902.27667,0.7177279774964604,1.0165667250576402,0.14940681461047498,2,False,,,,
1766482902.5688162,0.7177279774964604,1.0165667250576402,0.14940681461047498,2,False,,,,
1766482902.574657,0.7177279774964604,1.0165667250576402,0.14940681461047498,2,False,,,,
1766482902.578003,0.7116420809765828,1.0321535388416772,0.16115967652055338,2,False,,,,
1766482902.580512,0.7116420809765828,1.0321535388416772,0.16115967652055338,2,False,,,,
1766482902.58365,0.7074495310098989,1.0219112378392998,0.14207001038242323,2,False,,,,
1766482903.017667,0.6978247598229453,1.0205805569358188,0.13678181079880541,2,False,,,,
1766482903.024678,0.6978247598229453,1.0205805569358188,0.13678181079880541,2,False,,,,
1766482903.027735,0.6978247598229453,1.0205805569358188,0.13678181079880541,2,False,,,,
1766482903.030092,0.6978247598229453,1.0205805569358188,0.13678181079880541,2,False,,,,
1766482903.032334,0.3887952302799408,0.7052129375489852,0.7579227089881897,2,False,,,,
1766482903.3477771,0.39158571876939696,0.6938873682156824,0.7039560222586355,2,False,,,,
1766482903.353267,0.39158571876939696,0.6938873682156824,0.7039560222586355,2,False,,,,
1766482903.360126,0.39158571876939696,0.6938873682156824,0.7039560222586355,2,False,,,,
1766482903.363155,0.39158571876939696,0.6938873682156824,0.7039560222586355,2,False,,,,
1766482903.365613,0.39943339356213886,0.7006431897195572,0.7424018383026123,2,False,,,,
1766482903.628077,0.39943339356213886,0.7006431897195572,0.7424018383026123,2,False,,,,
1766482903.6344619,0.39943339356213886,0.7006431897195572,0.7424018383026123,2,False,,,,
1766482903.637485,0.39943339356213886,0.7006431897195572,0.7424018383026123,2,False,,,,
1766482903.6407712,0.39943339356213886,0.7006431897195572,0.7424018383026123,2,False,,,,
1766482903.643192,0.24390149008360834,0.7438679923236401,0.5007229305754669,2,False,,,,
1766482904.0375402,0.24390149008360834,0.7438679923236401,0.5007229305754669,2,False,,,,
1766482904.043097,0.24390149008360834,0.7438679923236401,0.5007229305754669,2,False,,,,
1766482904.046238,0.24390149008360834,0.7438679923236401,0.5007229305754669,2,False,,,,
1766482904.052171,0.2567322708603651,0.7730465088216957,0.5625664719798295,2,False,,,,
1766482904.056053,0.6672463049357928,1.0887398534540222,0.029881183165907186,2,False,,,,
1766482904.4043908,0.6672463049357928,1.0887398534540222,0.029881183165907186,2,False,,,,
1766482904.410163,0.6672463049357928,1.0887398534540222,0.029881183165907186,2,False,,,,
1766482904.412947,0.6672463049357928,1.0887398534540222,0.029881183165907186,2,False,,,,
1766482904.415848,0.6745073584448346,1.0546304598414546,0.026858945487214955,2,False,,,,
1766482904.418466,0.2503192464809825,0.7474114858631798,0.5370208869326523,2,False,,,,
1766482904.756344,0.25247393740438234,0.7576410517664213,0.5399169126310669,2,False,,,,
1766482904.762718,0.25247393740438234,0.7576410517664213,0.5399169126310669,2,False,,,,
1766482904.76862,0.25247393740438234,0.7576410517664213,0.5399169126310669,2,False,,,,
1766482904.7712262,0.25247393740438234,0.7576410517664213,0.5399169126310669,2,False,,,,
1766482904.773817,0.2554193821463404,0.7591171841895049,0.4975561017182232,2,False,,,,
1766482905.132352,0.2554193821463404,0.7591171841895049,0.4975561017182232,2,False,,,,
1766482905.138061,0.2554193821463404,0.7591171841895049,0.4975561017182232,2,False,,,,
1766482905.140788,0.2554193821463404,0.7591171841895049,0.4975561017182232,2,False,,,,
1766482905.142972,0.2554193821463404,0.7591171841895049,0.4975561017182232,2,False,,,,
1766482905.145501,0.2517066919889708,0.7537910376688245,0.5669007167600564,2,False,,,,
1766482905.3954968,0.2517066919889708,0.7537910376688245,0.5669007167600564,2,False,,,,
1766482905.402861,0.2517066919889708,0.7537910376688245,0.5669007167600564,2,False,,,,
1766482905.408366,0.2517066919889708,0.7537910376688245,0.5669007167600564,2,False,,,,
1766482905.4110231,0.2517066919889708,0.7537910376688245,0.5669007167600564,2,False,,,,
1766482905.413615,0.25714970769747125,0.7652425633822428,0.5577387702343238,2,False,,,,
1766482905.7809489,0.25714970769747125,0.7652425633822428,0.5577387702343238,2,False,,,,
1766482905.7864718,0.25714970769747125,0.7652425633822428,0.5577387702343238,2,False,,,,
1766482905.791751,0.25714970769747125,0.7652425633822428,0.5577387702343238,2,False,,,,
1766482905.795451,0.43881324592787035,0.8056813354544589,0.7009780406951904,2,False,,,,
1766482905.798551,0.24985229975302908,0.7722703759358069,0.5215767783221509,2,False,,,,
1766482906.0706198,0.24985229975302908,0.7722703759358069,0.5215767783221509,2,False,,,,
1766482906.0765939,0.24985229975302908,0.7722703759358069,0.5215767783221509,2,False,,,,
1766482906.079166,0.24985229975302908,0.7722703759358069,0.5215767783221509,2,False,,,,
1766482906.082006,0.24985229975302908,0.7722703759358069,0.5215767783221509,2,False,,,,
1766482906.084553,0.25370396157551456,0.7503606533533609,0.5300859770906333,2,False,,,,
1766482906.391637,0.25370396157551456,0.7503606533533609,0.5300859770906333,2,False,,,,
1766482906.3978062,0.2532310280152894,0.749664426880283,0.5255089706235451,2,False,,,,
1766482906.400936,0.2532310280152894,0.749664426880283,0.5255089706235451,2,False,,,,
1766482906.404217,0.2532310280152894,0.749664426880283,0.5255089706235451,2,False,,,,
1766482906.409753,0.45787082735893125,0.8057029378787013,0.7536851763725281,2,False,,,,
1766482906.7041621,0.4569807072783564,0.805271985073633,0.7217208743095398,2,False,,,,
1766482906.710609,0.4569807072783564,0.805271985073633,0.7217208743095398,2,False,,,,
1766482906.716382,0.4569807072783564,0.805271985073633,0.7217208743095398,2,False,,,,
1766482906.718891,0.4569807072783564,0.805271985073633,0.7217208743095398,2,False,,,,
1766482906.721309,0.4311197852069367,0.8118058732496516,0.7318721413612366,2,False,,,,
1766482907.0069408,0.4311197852069367,0.8118058732496516,0.7318721413612366,2,False,,,,
1766482907.0124469,0.4311197852069367,0.8118058732496516,0.7318721413612366,2,False,,,,
1766482907.015296,0.4311197852069367,0.8118058732496516,0.7318721413612366,2,False,,,,
1766482907.0178628,0.4311197852069367,0.8118058732496516,0.7318721413612366,2,False,,,,
1766482907.0202198,0.6041924580446415,1.0004082139801826,0.053804956948382755,2,False,,,,
1766482907.299306,0.6041924580446415,1.0004082139801826,0.053804956948382755,2,False,,,,
1766482907.305902,0.2611027983945631,0.7443873529174544,0.5268152855539231,2,False,,,,
1766482907.3087559,0.2611027983945631,0.7443873529174544,0.5268152855539231,2,False,,,,
1766482907.31553,0.2611027983945631,0.7443873529174544,0.5268152855539231,2,False,,,,
1766482907.318101,0.2510661166086406,0.7404423653068011,0.4914437778338906,2,False,,,,
1766482907.594743,0.2510661166086406,0.7404423653068011,0.4914437778338906,2,False,,,,
1766482907.6004748,0.24796665318928518,0.728733877906485,0.47027949317871215,2,False,,,,
1766482907.603607,0.7142078451213155,0.5681049112812634,0.8003977502549565,2,False,,,,
1766482907.606337,0.7142078451213155,0.5681049112812634,0.8003977502549565,2,False,,,,
1766482907.612895,0.24992340797736978,0.721285860705,0.4933580047486017,2,False,,,,
1766482907.8686569,0.7104103244279504,1.012188294286355,0.0,2,False,,,,
1766482907.876168,0.442126125040856,0.7833966957897865,0.766854465007782,2,False,,,,
1766482907.882101,0.442126125040856,0.7833966957897865,0.766854465007782,2,False,,,,
1766482907.889499,0.442126125040856,0.7833966957897865,0.766854465007782,2,False,,,,
1766482907.8926039,0.41971288661606526,0.8238820809807098,0.7895708084106445,2,False,,,,
1766482908.2334871,0.41971288661606526,0.8238820809807098,0.7895708084106445,2,False,,,,
1766482908.239855,0.6553417403702704,0.8323276119858177,0.06234246538122737,2,False,,,,
1766482908.243041,0.6553417403702704,0.8323276119858177,0.06234246538122737,2,False,,,,
1766482908.248523,0.6553417403702704,0.8323276119858177,0.06234246538122737,2,False,,,,
1766482908.250912,0.43418546576585,0.7706188725658326,0.7165566086769104,2,False,,,,
1766482908.5268538,0.43418546576585,0.7706188725658326,0.7165566086769104,2,False,,,,
1766482908.53223,0.43418546576585,0.7706188725658326,0.7165566086769104,2,False,,,,
1766482908.534768,0.43418546576585,0.7706188725658326,0.7165566086769104,2,False,,,,
1766482908.537856,0.43418546576585,0.7706188725658326,0.7165566086769104,2,False,,,,
1766482908.5403461,0.3453481499547773,0.6981871328862216,0.7128515243530273,2,False,,,,
1766482908.902478,0.3453481499547773,0.6981871328862216,0.7128515243530273,2,False,,,,
1766482908.9080179,0.7104103244279504,1.012188294286355,0.0,2,False,,,,
1766482908.9109929,0.24822534112939737,0.737854209115093,0.5249636250961727,2,False,,,,
1766482908.914796,0.24822534112939737,0.737854209115093,0.5249636250961727,2,False,,,,
1766482908.921516,0.3777177948669725,0.6439242148902615,0.8040499687194824,2,False,,,,
1766482909.235491,0.3777177948669725,0.6439242148902615,0.8040499687194824,2,False,,,,
1766482909.241195,0.3777177948669725,0.6439242148902615,0.8040499687194824,2,False,,,,
1766482909.243797,0.7104103244279504,1.012188294286355,0.0,2,False,,,,
1766482909.247612,0.37736886518770374,0.641901286914147,0.7468979954719543,2,False,,,,
1766482909.250713,0.36645637871602066,0.7541849375154287,0.8072760701179504,2,False,,,,
1766482909.733069,0.36645637871602066,0.7541849375154287,0.8072760701179504,2,False,,,,
1766482909.738654,0.36645637871602066,0.7541849375154287,0.8072760701179504,2,False,,,,
1766482909.743414,0.36645637871602066,0.7541849375154287,0.8072760701179504,2,False,,,,
1766482909.745933,0.3577187602404748,0.7733209204578188,0.7672209739685059,2,False,,,,
1766482909.7504451,0.8625015376701629,1.1688849711957845,0.8848056793212891,2,False,,,,
1766482910.130325,0.8625015376701629,1.1688849711957845,0.8848056793212891,2,False,,,,
1766482910.1371882,0.8625015376701629,1.1688849711957845,0.8848056793212891,2,False,,,,
1766482910.139381,0.8625015376701629,1.1688849711957845,0.8848056793212891,2,False,,,,
1766482910.141908,0.8625015376701629,1.1688849711957845,0.8848056793212891,2,False,,,,
1766482910.1445959,-0.4004043338802428,-1.6570122553133944,1.0,0,False,,,,
1766482910.292004,-0.4004043338802428,-1.6570122553133944,1.0,0,False,,,,
1766482910.2994611,-0.4004043338802428,-1.6570122553133944,1.0,0,False,,,,
1766482910.302,-0.4004043338802428,-1.6570122553133944,1.0,0,False,,,,
1766482910.304509,-0.4004043338802428,-1.6570122553133944,1.0,0,False,,,,
1766482910.308706,-0.30094205232102506,-1.4470353452629827,1.0,0,False,,,,
1766482910.461139,-0.30094205232102506,-1.4470353452629827,1.0,0,False,,,,
1766482910.467875,-0.30094205232102506,-1.4470353452629827,1.0,0,False,,,,
1766482910.470477,-0.30094205232102506,-1.4470353452629827,1.0,0,False,,,,
1766482910.472855,-0.30094205232102506,-1.4470353452629827,1.0,0,False,,,,
1766482910.47521,20.12930984647669,44.16317157124574,0.9681752026081085,0,False,,,,
1766482910.659164,-7.926046826377815,-20.299984371034,1.0,0,False,,,,
1766482910.664553,-7.926046826377815,-20.299984371034,1.0,0,False,,,,
1766482910.6694121,-7.926046826377815,-20.299984371034,1.0,0,False,,,,
1766482910.671978,-7.926046826377815,-20.299984371034,1.0,0,False,,,,
1766482910.6742349,1.5536635517684345,2.938767271145142,0.9858865141868591,0,False,,,,
1766482910.822149,1.591353231178699,3.0246384934247335,1.0,0,False,,,,
1766482910.826963,1.591353231178699,3.0246384934247335,1.0,0,False,,,,
1766482910.833146,1.591353231178699,3.0246384934247335,1.0,0,False,,,,
1766482910.835884,1.591353231178699,3.0246384934247335,1.0,0,False,,,,
1766482910.838026,-1.1468098750506546,-3.3925350832078456,1.0,0,False,,,,
1766482911.084387,-0.998460612674197,-3.040887286728929,0.9888123869895935,0,False,,,,
1766482911.091163,-2.7647543911964525,-7.251886663921617,1.0,0,False,,,,
1766482911.0968351,-2.7647543911964525,-7.251886663921617,1.0,0,False,,,,
1766482911.099505,-2.7647543911964525,-7.251886663921617,1.0,0,False,,,,
1766482911.101732,2.1865657926207565,4.320979070261259,1.0,0,False,,,,
1766482911.3561401,1.9841803105698421,3.859740942530468,1.0,0,False,,,,
1766482911.360897,1.9060667962774827,3.657386460315295,1.0,0,False,,,,
1766482911.363568,1.9060667962774827,3.657386460315295,1.0,0,False,,,,
1766482911.368478,1.9060667962774827,3.657386460315295,1.0,0,False,,,,
1766482911.372133,0.17838104293057908,-0.3594718392248877,1.0,0,False,,,,
1766482911.5510368,0.17838104293057908,-0.3594718392248877,1.0,0,False,,,,
1766482911.556531,0.17894774153767257,-0.3605572190504882,1.0,0,False,,,,
1766482911.55955,0.18351786215025329,-0.3504617468501716,1.0,0,False,,,,
1766482911.561831,0.18351786215025329,-0.3504617468501716,1.0,0,False,,,,
1766482911.5648232,0.21459030382767047,-0.2817639879974667,1.0,0,False,,,,
1766482911.767904,0.21459030382767047,-0.2817639879974667,1.0,0,False,,,,
1766482911.7734249,0.21459030382767047,-0.2817639879974667,1.0,0,False,,,,
1766482911.7757912,0.21459030382767047,-0.2817639879974667,1.0,0,False,,,,
1766482911.778216,0.21459030382767047,-0.2817639879974667,1.0,0,False,,,,
1766482911.7805068,-0.89827332530399,-2.705425346078997,1.0,0,False,,,,
1766482912.00491,-0.89827332530399,-2.705425346078997,1.0,0,False,,,,
1766482912.0098119,-0.89827332530399,-2.705425346078997,1.0,0,False,,,,
1766482912.012384,-0.89827332530399,-2.705425346078997,1.0,0,False,,,,
1766482912.014796,-0.89827332530399,-2.705425346078997,1.0,0,False,,,,
1766482912.01731,2.3202971599189426,4.620620765243659,1.0,0,False,,,,
1766482912.173166,2.3202971599189426,4.620620765243659,1.0,0,False,,,,
1766482912.177917,2.3202971599189426,4.620620765243659,1.0,0,False,,,,
1766482912.180505,2.3202971599189426,4.620620765243659,1.0,0,False,,,,
1766482912.183184,2.3202971599189426,4.620620765243659,1.0,0,False,,,,
1766482912.1855948,0.9198129494697508,1.4402545583228528,1.0,0,False,,,,
1766482912.359702,0.9228534639886821,1.4444125482505676,1.0,0,False,,,,
1766482912.365927,0.9127675329363945,1.2932535527224265,1.0,0,False,,,,
1766482912.3711932,0.9127675329363945,1.2932535527224265,1.0,0,False,,,,
1766482912.375917,0.9127675329363945,1.2932535527224265,1.0,0,False,,,,
1766482912.37888,0.897384845153638,1.224651265775255,1.0,0,False,,,,
1766482912.5737119,0.897384845153638,1.224651265775255,1.0,0,False,,,,
1766482912.57803,0.897384845153638,1.224651265775255,1.0,0,False,,,,
1766482912.5805829,0.897384845153638,1.224651265775255,1.0,0,False,,,,
1766482912.58256,0.897384845153638,1.224651265775255,1.0,0,False,,,,
1766482912.584825,1.184496627046527,1.7372322578437316,1.0,0,False,,,,
1766482912.7648299,0.03576106832513757,-0.23762805266503562,0.8703429400920868,0,False,,,,
1766482912.7702641,0.03576106832513757,-0.23762805266503562,0.8703429400920868,0,False,,,,
1766482912.775466,0.03576106832513757,-0.23762805266503562,0.8703429400920868,0,False,,,,
1766482912.778601,0.03576106832513757,-0.23762805266503562,0.8703429400920868,0,False,,,,
1766482912.783505,0.80201242768232,0.998122246405425,0.15423225269171476,0,False,,,,
1766482914.049203,0.80201242768232,0.998122246405425,0.15423225269171476,0,False,,,,
1766482914.056898,0.80201242768232,0.998122246405425,0.15423225269171476,0,False,,,,
1766482914.059378,0.80201242768232,0.998122246405425,0.15423225269171476,0,False,,,,
1766482914.0620868,0.80201242768232,0.998122246405425,0.15423225269171476,0,False,,,,
1766482914.065352,0.7933487248532677,1.001551638656288,0.15162625276693628,2,False,,,,
1766482914.33148,0.7933487248532677,1.001551638656288,0.15162625276693628,2,False,,,,
1766482914.338451,0.8019015953770297,0.9997340888900816,0.13849851275627306,2,False,,,,
1766482914.341841,0.8019015953770297,0.9997340888900816,0.13849851275627306,2,False,,,,
1766482914.344661,0.8019015953770297,0.9997340888900816,0.13849851275627306,2,False,,,,
1766482914.351508,0.4959575945959429,0.6586658596103836,0.8272585868835449,2,False,,,,
1766482914.712735,0.4959575945959429,0.6586658596103836,0.8272585868835449,2,False,,,,
1766482914.7189782,0.4959575945959429,0.6586658596103836,0.8272585868835449,2,False,,,,
1766482914.7216809,0.4959575945959429,0.6586658596103836,0.8272585868835449,2,False,,,,
1766482914.7239082,0.4959575945959429,0.6586658596103836,0.8272585868835449,2,False,,,,
1766482914.726292,0.789377132137936,1.0184175817563952,0.12944045077615463,2,False,,,,
1766482915.23662,0.789377132137936,1.0184175817563952,0.12944045077615463,2,False,,,,
1766482915.243293,0.7916138848420091,0.9988083639885748,0.12448845640839776,2,False,,,,
1766482915.246547,0.7916138848420091,0.9988083639885748,0.12448845640839776,2,False,,,,
1766482915.252755,0.7916138848420091,0.9988083639885748,0.12448845640839776,2,False,,,,
1766482915.255498,0.5012198046881802,0.64345616005282,0.8843225836753845,2,False,,,,
1766482915.769258,0.5012198046881802,0.64345616005282,0.8843225836753845,2,False,,,,
1766482915.775388,0.5012198046881802,0.64345616005282,0.8843225836753845,2,False,,,,
1766482915.7783911,0.7841814441740699,1.0184189313865204,0.11298754056648738,2,False,,,,
1766482915.78393,0.7841814441740699,1.0184189313865204,0.11298754056648738,2,False,,,,
1766482915.79115,0.7676661761942658,1.0176085645967772,0.17967892230766128,2,False,,,,
1766482916.325236,0.7676661761942658,1.0176085645967772,0.17967892230766128,2,False,,,,
1766482916.330857,0.7676661761942658,1.0176085645967772,0.17967892230766128,2,False,,,,
1766482916.333347,0.7676661761942658,1.0176085645967772,0.17967892230766128,2,False,,,,
1766482916.335605,0.7676661761942658,1.0176085645967772,0.17967892230766128,2,False,,,,
1766482916.338058,0.7442630755388856,1.0307284239275296,0.14464510239320066,2,False,,,,
1766482916.736907,0.7442630755388856,1.0307284239275296,0.14464510239320066,2,False,,,,
1766482916.7427468,0.7442630755388856,1.0307284239275296,0.14464510239320066,2,False,,,,
1766482916.7454221,0.7442630755388856,1.0307284239275296,0.14464510239320066,2,False,,,,
1766482916.747761,0.49080613607845897,0.6381409906145826,0.9126881957054138,2,False,,,,
1766482916.7508411,0.7579731443342663,1.0151054896118823,0.22255029978066393,2,False,,,,
1766482917.063494,0.7579731443342663,1.0151054896118823,0.22255029978066393,2,False,,,,
1766482917.06944,0.7579731443342663,1.0151054896118823,0.22255029978066393,2,False,,,,
1766482917.072101,0.7579731443342663,1.0151054896118823,0.22255029978066393,2,False,,,,
1766482917.075105,0.7579731443342663,1.0151054896118823,0.22255029978066393,2,False,,,,
1766482917.077481,0.4732175547863905,0.6389924262236285,0.9009015560150146,2,False,,,,
1766482917.440531,0.4732175547863905,0.6389924262236285,0.9009015560150146,2,False,,,,
1766482917.4460301,0.4732175547863905,0.6389924262236285,0.9009015560150146,2,False,,,,
1766482917.4487438,0.4732175547863905,0.6389924262236285,0.9009015560150146,2,False,,,,
1766482917.4511302,0.4732175547863905,0.6389924262236285,0.9009015560150146,2,False,,,,
1766482917.453902,0.7617435816951877,1.0155806826112785,0.23222280995456934,2,False,,,,
1766482917.863489,0.7586092068030607,1.0345887041283157,0.20188974168281318,2,False,,,,
1766482917.8692858,0.7586092068030607,1.0345887041283157,0.20188974168281318,2,False,,,,
1766482917.87442,0.7586092068030607,1.0345887041283157,0.20188974168281318,2,False,,,,
1766482917.877779,0.7586092068030607,1.0345887041283157,0.20188974168281318,2,False,,,,
1766482917.8803608,0.7509260169357957,1.0377777318195784,0.18494030251300006,2,False,,,,
1766482918.203398,0.7509260169357957,1.0377777318195784,0.18494030251300006,2,False,,,,
1766482918.209242,0.7509260169357957,1.0377777318195784,0.18494030251300006,2,False,,,,
1766482918.2120728,0.7509260169357957,1.0377777318195784,0.18494030251300006,2,False,,,,
1766482918.214237,0.7509260169357957,1.0377777318195784,0.18494030251300006,2,False,,,,
1766482918.216723,0.7451662103572024,1.042689860715949,0.16684357169245623,2,False,,,,
1766482918.5786052,0.7451662103572024,1.042689860715949,0.16684357169245623,2,False,,,,
1766482918.584235,0.7451662103572024,1.042689860715949,0.16684357169245623,2,False,,,,
1766482918.586891,0.7451662103572024,1.042689860715949,0.16684357169245623,2,False,,,,
1766482918.5895739,0.7451662103572024,1.042689860715949,0.16684357169245623,2,False,,,,
1766482918.5949702,0.7423214351901098,1.0376905328125248,0.1783649321037583,2,False,,,,
1766482919.2397819,0.7423214351901098,1.0376905328125248,0.1783649321037583,2,False,,,,
1766482919.2455108,0.7423214351901098,1.0376905328125248,0.1783649321037583,2,False,,,,
1766482919.248147,0.7423214351901098,1.0376905328125248,0.1783649321037583,2,False,,,,
1766482919.250937,0.7423214351901098,1.0376905328125248,0.1783649321037583,2,False,,,,
1766482919.253293,0.4667219200887964,0.6373249549813832,0.8753093481063843,2,False,,,,
1766482919.56702,0.4640737466873885,0.6375578735867756,0.8116472959518433,2,False,,,,
1766482919.57334,0.4640737466873885,0.6375578735867756,0.8116472959518433,2,False,,,,
1766482919.579492,0.4640737466873885,0.6375578735867756,0.8116472959518433,2,False,,,,
1766482919.582369,0.4640737466873885,0.6375578735867756,0.8116472959518433,2,False,,,,
1766482919.584874,0.7036371952698741,0.6934329399433818,0.8611872018013121,2,False,,,,
1766482919.9127061,0.7036371952698741,0.6934329399433818,0.8611872018013121,2,False,,,,
1766482919.917748,0.7036371952698741,0.6934329399433818,0.8611872018013121,2,False,,,,
1766482919.9203148,0.7036371952698741,0.6934329399433818,0.8611872018013121,2,False,,,,
1766482919.9227462,0.7036371952698741,0.6934329399433818,0.8611872018013121,2,False,,,,
1766482919.925343,0.6771737048741566,1.031027621626978,0.2616606406169363,2,False,,,,
1766482920.213835,0.6771737048741566,1.031027621626978,0.2616606406169363,2,False,,,,
1766482920.219689,0.6771737048741566,1.031027621626978,0.2616606406169363,2,False,,,,
1766482920.222389,0.6771737048741566,1.031027621626978,0.2616606406169363,2,False,,,,
1766482920.2245839,0.6771737048741566,1.031027621626978,0.2616606406169363,2,False,,,,
1766482920.226584,0.48810760231580963,1.0199701293244061,0.7990513648770174,2,False,,,,
1766482920.569139,0.5234882481228726,1.1592247164736955,0.8864343166351318,2,False,,,,
1766482920.5771441,0.5234882481228726,1.1592247164736955,0.8864343166351318,2,False,,,,
1766482920.5832498,0.5234882481228726,1.1592247164736955,0.8864343166351318,2,False,,,,
1766482920.588394,0.5234882481228726,1.1592247164736955,0.8864343166351318,2,False,,,,
1766482920.591072,0.7104498107331714,0.9529293247964665,0.2790951471214752,1,False,,,,
1766482920.935755,0.7104498107331714,0.9529293247964665,0.2790951471214752,1,False,,,,
1766482920.942722,0.4507523563867231,0.5614042823572643,0.12814320864648243,1,False,,,,
1766482920.94844,0.4507523563867231,0.5614042823572643,0.12814320864648243,1,False,,,,
1766482920.9509718,0.4507523563867231,0.5614042823572643,0.12814320864648243,1,False,,,,
1766482920.9536462,0.6908655305745727,0.9905166577562641,0.26404687176370883,2,False,,,,
1766482921.241123,0.44352252433779366,0.5033597551410703,0.14933258376147707,2,False,,,,
1766482921.248087,0.44352252433779366,0.5033597551410703,0.14933258376147707,2,False,,,,
1766482921.254286,0.44352252433779366,0.5033597551410703,0.14933258376147707,2,False,,,,
1766482921.257039,0.44352252433779366,0.5033597551410703,0.14933258376147707,2,False,,,,
1766482921.259268,0.6981727742770001,0.9689931479730872,0.19449236892598873,2,False,,,,
1766482921.6177652,0.6981727742770001,0.9689931479730872,0.19449236892598873,2,False,,,,
1766482921.624233,0.6981727742770001,0.9689931479730872,0.19449236892598873,2,False,,,,
1766482921.626994,0.6981727742770001,0.9689931479730872,0.19449236892598873,2,False,,,,
1766482921.629199,0.6981727742770001,0.9689931479730872,0.19449236892598873,2,False,,,,
1766482921.631397,0.7057719277143052,0.9542520679793305,0.21940354393685096,2,False,,,,
1766482922.055933,0.7057719277143052,0.9542520679793305,0.21940354393685096,2,False,,,,
1766482922.061583,0.7057719277143052,0.9542520679793305,0.21940354393685096,2,False,,,,
1766482922.064269,0.7057719277143052,0.9542520679793305,0.21940354393685096,2,False,,,,
1766482922.067074,0.7057719277143052,0.9542520679793305,0.21940354393685096,2,False,,,,
1766482922.06976,0.6865489318327845,0.9108751463582312,0.2077504155326181,2,False,,,,
1766482922.411896,0.6962720598715816,0.8852040541462961,0.2150520572205438,2,False,,,,
1766482922.418427,0.6832342345974565,0.881157971834106,0.16945442994539126,2,False,,,,
1766482922.423937,0.6832342345974565,0.881157971834106,0.16945442994539126,2,False,,,,
1766482922.4268181,0.6832342345974565,0.881157971834106,0.16945442994539126,2,False,,,,
1766482922.429248,0.4481243374397873,1.0056325907718806,0.9043404459953308,2,False,,,,
1766482922.700363,0.4481243374397873,1.0056325907718806,0.9043404459953308,2,False,,,,
1766482922.7053282,0.4481243374397873,1.0056325907718806,0.9043404459953308,2,False,,,,
1766482922.708129,0.4481243374397873,1.0056325907718806,0.9043404459953308,2,False,,,,
1766482922.710454,0.4481243374397873,1.0056325907718806,0.9043404459953308,2,False,,,,
1766482922.712765,0.4208532327174769,0.8811065750621334,0.7938419580459595,2,False,,,,
1766482923.0952792,0.4208532327174769,0.8811065750621334,0.7938419580459595,2,False,,,,
1766482923.10114,0.4208532327174769,0.8811065750621334,0.7938419580459595,2,False,,,,
1766482923.104074,0.4208532327174769,0.8811065750621334,0.7938419580459595,2,False,,,,
1766482923.106432,0.4208532327174769,0.8811065750621334,0.7938419580459595,2,False,,,,
1766482923.111476,0.6812869432540813,0.9046630582407005,0.16103493865905136,2,False,,,,
1766482923.3944151,0.6812869432540813,0.9046630582407005,0.16103493865905136,2,False,,,,
1766482923.400415,0.6812869432540813,0.9046630582407005,0.16103493865905136,2,False,,,,
1766482923.4029682,0.6812869432540813,0.9046630582407005,0.16103493865905136,2,False,,,,
1766482923.4052632,0.6812869432540813,0.9046630582407005,0.16103493865905136,2,False,,,,
1766482923.4077399,0.6693425769606781,0.9011840482754903,0.13383515865232706,1,False,,,,
1766482923.617604,0.6693425769606781,0.9011840482754903,0.13383515865232706,1,False,,,,
1766482923.626335,0.4345799156364579,0.5099003408013348,0.18216484476304046,1,False,,,,
1766482923.6316411,0.4345799156364579,0.5099003408013348,0.18216484476304046,1,False,,,,
1766482923.634184,0.4345799156364579,0.5099003408013348,0.18216484476304046,1,False,,,,
1766482923.637137,-0.4782294095331026,-1.580627946343621,1.0,0,False,,,,
1766482923.835548,-0.4782294095331026,-1.580627946343621,1.0,0,False,,,,
1766482923.8398101,-0.4782294095331026,-1.580627946343621,1.0,0,False,,,,
1766482923.8423512,-0.4782294095331026,-1.580627946343621,1.0,0,False,,,,
1766482923.844553,-0.4782294095331026,-1.580627946343621,1.0,0,False,,,,
1766482923.8465269,0.8816465708673096,1.0603178157060462,0.21411427767228117,0,False,,,,
1766482924.0489678,0.8816465708673096,1.0603178157060462,0.21411427767228117,0,False,,,,
1766482924.054114,0.8816465708673096,1.0603178157060462,0.21411427767228117,0,False,,,,
1766482924.056857,0.8820023657476137,1.0605939133029803,0.22351096704731316,0,False,,,,
1766482924.059393,0.8801013624752201,1.0679927190440521,0.22335454245948824,0,False,,,,
1766482924.061696,3.0939260221229117,6.988112833935864,1.0,0,False,,,,
1766482924.261493,0.013190388886959958,-0.7074969769894546,1.0,0,False,,,,
1766482924.26948,0.013190388886959958,-0.7074969769894546,1.0,0,False,,,,
1766482924.274317,0.013190388886959958,-0.7074969769894546,1.0,0,False,,,,
1766482924.278663,0.013190388886959958,-0.7074969769894546,1.0,0,False,,,,
1766482924.280894,0.280201948500305,-0.2262931050031931,1.0,0,False,,,,
1766482924.826538,0.27871205486239137,-0.23459049838444734,1.0,0,False,,,,
1766482924.833125,0.27871205486239137,-0.23459049838444734,1.0,0,False,,,,
1766482924.839034,0.27871205486239137,-0.23459049838444734,1.0,0,False,,,,
1766482924.841681,0.27871205486239137,-0.23459049838444734,1.0,0,False,,,,
1766482924.8442261,-0.33890470862364125,-1.5726009456118315,1.0,0,False,,,,
1766482925.0405939,-0.33890470862364125,-1.5726009456118315,1.0,0,False,,,,
1766482925.04528,-0.33890470862364125,-1.5726009456118315,1.0,0,False,,,,
1766482925.048176,-0.33890470862364125,-1.5726009456118315,1.0,0,False,,,,
1766482925.050266,-0.33890470862364125,-1.5726009456118315,1.0,0,False,,,,
1766482925.0527291,0.06473750313476287,-0.5218657971188414,0.9758837819099426,0,False,,,,
1766482925.224979,0.06473750313476287,-0.5218657971188414,0.9758837819099426,0,False,,,,
1766482925.2309299,0.018886264353052164,-0.6370370051315632,0.9739066958427429,0,False,,,,
1766482925.23435,0.018886264353052164,-0.6370370051315632,0.9739066958427429,0,False,,,,
1766482925.240309,0.018886264353052164,-0.6370370051315632,0.9739066958427429,0,False,,,,
1766482925.243135,-0.23600753311837677,-1.2974662352691144,1.0,0,False,,,,
1766482925.4060109,-0.23600753311837677,-1.2974662352691144,1.0,0,False,,,,
1766482925.411366,-0.23600753311837677,-1.2974662352691144,1.0,0,False,,,,
1766482925.4141152,-0.23600753311837677,-1.2974662352691144,1.0,0,False,,,,
1766482925.416211,-0.23600753311837677,-1.2974662352691144,1.0,0,False,,,,
1766482925.4189508,0.15122373893653798,-0.38803883457412547,1.0,1,False,,,,
1766482925.747487,0.15122373893653798,-0.38803883457412547,1.0,1,False,,,,
1766482925.752079,0.15122373893653798,-0.38803883457412547,1.0,1,False,,,,
1766482925.756845,0.15122373893653798,-0.38803883457412547,1.0,1,False,,,,
1766482925.759124,0.15122373893653798,-0.38803883457412547,1.0,1,False,,,,
1766482925.76142,10.97585536363297,30.291752409089217,1.0,0,False,,,,
1766482926.004273,-0.17248708423111642,-1.2616292704312553,1.0,0,False,,,,
1766482926.010247,-0.17248708423111642,-1.2616292704312553,1.0,0,False,,,,
1766482926.015687,-0.17248708423111642,-1.2616292704312553,1.0,0,False,,,,
1766482926.0182662,-0.17248708423111642,-1.2616292704312553,1.0,0,False,,,,
1766482926.02062,0.8581360429311026,1.166540188946498,0.14500707076571395,0,False,,,,
1766482926.322649,0.8581360429311026,1.166540188946498,0.14500707076571395,0,False,,,,
1766482926.3282719,0.8581360429311026,1.166540188946498,0.14500707076571395,0,False,,,,
1766482926.331152,0.8581360429311026,1.166540188946498,0.14500707076571395,0,False,,,,
1766482926.333655,0.4066073087676713,0.6868482236401193,0.99,0,False,,,,
1766482926.340149,0.23160868376381355,0.6441534941395115,0.39587903177064254,1,False,,,,
1766482926.777693,0.25333152936898523,0.6318021101519605,0.3704875464332102,1,False,,,,
1766482926.785043,0.25333152936898523,0.6318021101519605,0.3704875464332102,1,False,,,,
1766482926.7874382,0.25333152936898523,0.6318021101519605,0.3704875464332102,1,False,,,,
1766482926.789788,0.25333152936898523,0.6318021101519605,0.3704875464332102,1,False,,,,
1766482926.792394,0.7304148127435852,1.2161950115274842,0.30341120732091764,2,False,,,,
1766482927.1437912,0.7454130768616999,1.2005403485386152,0.28745945679294854,2,False,,,,
1766482927.152352,0.7454130768616999,1.2005403485386152,0.28745945679294854,2,False,,,,
1766482927.1573389,0.7454130768616999,1.2005403485386152,0.28745945679294854,2,False,,,,
1766482927.160457,0.7454130768616999,1.2005403485386152,0.28745945679294854,2,False,,,,
1766482927.162839,0.7486578967516758,1.1916856268594378,0.29109844280947095,2,False,,,,
1766482927.464402,0.7486578967516758,1.1916856268594378,0.29109844280947095,2,False,,,,
1766482927.469547,0.7486578967516758,1.1916856268594378,0.29109844280947095,2,False,,,,
1766482927.472384,0.4902580195859896,0.6363153963989099,0.808977484703064,2,False,,,,
1766482927.4755259,0.748658285469367,1.1920625572957122,0.3227075219775242,2,False,,,,
1766482927.478517,0.746556016783529,1.1947852366919582,0.2928877468351807,2,False,,,,
1766482927.8983302,0.746556016783529,1.1947852366919582,0.2928877468351807,2,False,,,,
1766482927.9044638,0.746556016783529,1.1947852366919582,0.2928877468351807,2,False,,,,
1766482927.9071412,0.746556016783529,1.1947852366919582,0.2928877468351807,2,False,,,,
1766482927.9101288,0.7438740497815297,1.2002882022729096,0.26775166437068687,2,False,,,,
1766482927.912972,0.7465239459957953,1.1983160882130304,0.2686222255572255,2,False,,,,
1766482928.1883159,0.7465239459957953,1.1983160882130304,0.2686222255572255,2,False,,,,
1766482928.1936278,0.7465239459957953,1.1983160882130304,0.2686222255572255,2,False,,,,
1766482928.196606,0.7465239459957953,1.1983160882130304,0.2686222255572255,2,False,,,,
1766482928.201792,0.7465239459957953,1.1983160882130304,0.2686222255572255,2,False,,,,
1766482928.204528,0.44733868905385277,0.611509213810596,0.8624812364578247,2,False,,,,
1766482928.58356,0.4476254750862303,0.6100906457692302,0.8620012998580933,2,False,,,,
1766482928.590167,0.4476254750862303,0.6100906457692302,0.8620012998580933,2,False,,,,
1766482928.59668,0.4476254750862303,0.6100906457692302,0.8620012998580933,2,False,,,,
1766482928.599187,0.4476254750862303,0.6100906457692302,0.8620012998580933,2,False,,,,
1766482928.601623,0.7423249430196435,1.2032307423212618,0.2875426954713778,2,False,,,,
1766482928.9527628,0.7470651417986117,1.2005323077051442,0.28235454867928267,2,False,,,,
1766482928.958872,0.7470651417986117,1.2005323077051442,0.28235454867928267,2,False,,,,
1766482928.965184,0.7470651417986117,1.2005323077051442,0.28235454867928267,2,False,,,,
1766482928.968024,0.7470651417986117,1.2005323077051442,0.28235454867928267,2,False,,,,
1766482928.970399,0.757117500896965,1.190575429257672,0.25469559055549773,2,False,,,,
1766482929.280468,0.757117500896965,1.190575429257672,0.25469559055549773,2,False,,,,
1766482929.287096,0.4587961496759935,0.6020660424124779,0.836336076259613,2,False,,,,
1766482929.291671,0.4587961496759935,0.6020660424124779,0.836336076259613,2,False,,,,
1766482929.297826,0.4587961496759935,0.6020660424124779,0.836336076259613,2,False,,,,
1766482929.3004951,0.9033942435500396,1.0959709078936226,1.0,2,False,,,,
1766482929.740611,0.9033942435500396,1.0959709078936226,1.0,2,False,,,,
1766482929.746523,0.9033942435500396,1.0959709078936226,1.0,2,False,,,,
1766482929.749344,0.9033942435500396,1.0959709078936226,1.0,2,False,,,,
1766482929.752038,0.9041814174853802,1.096578904739416,1.0,2,False,,,,
1766482929.754747,0.8971735992501886,1.0354669143226387,0.9565048217773438,2,False,,,,
1766482930.0480158,0.8971735992501886,1.0354669143226387,0.9565048217773438,2,False,,,,
1766482930.057013,0.8996911383263235,1.049674123012889,0.9636805951595306,2,False,,,,
1766482930.062704,0.8996911383263235,1.049674123012889,0.9636805951595306,2,False,,,,
1766482930.068227,0.8996911383263235,1.049674123012889,0.9636805951595306,2,False,,,,
1766482930.0713332,0.7710974082015059,0.515990363914782,0.7491903877296093,2,False,,,,
1766482930.392035,0.5715508327528485,0.6076754470009744,0.826754514735139,2,False,,,,
1766482930.398415,0.5715508327528485,0.6076754470009744,0.826754514735139,2,False,,,,
1766482930.404085,0.5715508327528485,0.6076754470009744,0.826754514735139,2,False,,,,
1766482930.406666,0.5715508327528485,0.6076754470009744,0.826754514735139,2,False,,,,
1766482930.409031,0.867168352984945,0.8983698680736664,0.9980903267860413,2,False,,,,
1766482930.743736,0.867168352984945,0.8983698680736664,0.9980903267860413,2,False,,,,
1766482930.749007,0.867168352984945,0.8983698680736664,0.9980903267860413,2,False,,,,
1766482930.751936,0.867168352984945,0.8983698680736664,0.9980903267860413,2,False,,,,
1766482930.754441,0.867168352984945,0.8983698680736664,0.9980903267860413,2,False,,,,
1766482930.7610419,0.8579308781824928,0.8373330175533856,1.0,1,False,,,,
1766482931.0247302,0.8543787993454123,0.8238721092262188,1.0,1,False,,,,
1766482931.031487,0.8482240190366437,0.7575879324690795,0.9982470870018005,1,False,,,,
1766482931.037654,0.8482240190366437,0.7575879324690795,0.9982470870018005,1,False,,,,
1766482931.040303,0.8482240190366437,0.7575879324690795,0.9982470870018005,1,False,,,,
1766482931.043208,0.34758012165215046,0.7812034181588025,0.24143501533971354,1,False,,,,
1766482931.289372,0.34758012165215046,0.7812034181588025,0.24143501533971354,1,False,,,,
1766482931.295234,0.8517279438399612,1.0217459511306588,0.14941642133347305,1,False,,,,
1766482931.299208,0.8517279438399612,1.0217459511306588,0.14941642133347305,1,False,,,,
1766482931.306043,0.8517279438399612,1.0217459511306588,0.14941642133347305,1,False,,,,
1766482931.3087769,0.8634235962788932,1.0271623854365117,0.12889425986059688,2,False,,,,
1766482931.7938318,0.8634235962788932,1.0271623854365117,0.12889425986059688,2,False,,,,
1766482931.80022,0.8765688176046732,0.9685063645234651,0.358790497400247,2,False,,,,
1766482931.80354,0.8765688176046732,0.9685063645234651,0.358790497400247,2,False,,,,
1766482931.809799,0.8765688176046732,0.9685063645234651,0.358790497400247,2,False,,,,
1766482931.812521,0.49881134248053655,0.881972205694956,0.1849586506451528,2,False,,,,
1766482932.096119,0.49881134248053655,0.881972205694956,0.1849586506451528,2,False,,,,
1766482932.1035452,0.8708698225104519,1.0712296544713003,0.18430615663092034,2,False,,,,
1766482932.1100218,0.8708698225104519,1.0712296544713003,0.18430615663092034,2,False,,,,
1766482932.112743,0.8708698225104519,1.0712296544713003,0.18430615663092034,2,False,,,,
1766482932.1152809,0.8813539395441155,0.9726540911128304,0.3215685051816504,2,False,,,,
1766482932.4750981,0.8813539395441155,0.9726540911128304,0.3215685051816504,2,False,,,,
1766482932.4820778,0.8813539395441155,0.9726540911128304,0.3215685051816504,2,False,,,,
1766482932.484923,0.8813539395441155,0.9726540911128304,0.3215685051816504,2,False,,,,
1766482932.490381,0.8813539395441155,0.9726540911128304,0.3215685051816504,2,False,,,,
1766482932.492953,0.29628169509189667,0.8203407108283397,0.5430033285113437,2,False,,,,
1766482932.813955,0.29628169509189667,0.8203407108283397,0.5430033285113437,2,False,,,,
1766482932.819957,0.29628169509189667,0.8203407108283397,0.5430033285113437,2,False,,,,
1766482932.8226628,0.29628169509189667,0.8203407108283397,0.5430033285113437,2,False,,,,
1766482932.8251,0.29628169509189667,0.8203407108283397,0.5430033285113437,2,False,,,,
1766482932.8279612,0.3026145803886179,0.7700010875447614,0.46605173290148316,2,False,,,,
1766482933.181756,0.3026145803886179,0.7700010875447614,0.46605173290148316,2,False,,,,
1766482933.187994,0.3026145803886179,0.7700010875447614,0.46605173290148316,2,False,,,,
1766482933.191233,0.3026145803886179,0.7700010875447614,0.46605173290148316,2,False,,,,
1766482933.193592,0.3026145803886179,0.7700010875447614,0.46605173290148316,2,False,,,,
1766482933.1958752,0.27346087196153646,0.7333622092789385,0.35581108617546153,2,False,,,,
1766482933.6422248,0.27346087196153646,0.7333622092789385,0.35581108617546153,2,False,,,,
1766482933.6483588,0.2865583479063778,0.7631837632089332,0.4860132146849349,2,False,,,,
1766482933.651788,0.2865583479063778,0.7631837632089332,0.4860132146849349,2,False,,,,
1766482933.654815,0.2865583479063778,0.7631837632089332,0.4860132146849349,2,False,,,,
1766482933.660703,0.2854494235119667,0.7656533874307064,0.4499495352449607,2,False,,,,
1766482934.04774,0.27687802803926703,0.7562339085092431,0.4898652254683428,2,False,,,,
1766482934.054303,0.27687802803926703,0.7562339085092431,0.4898652254683428,2,False,,,,
1766482934.061406,0.27687802803926703,0.7562339085092431,0.4898652254683428,2,False,,,,
1766482934.0644128,0.27687802803926703,0.7562339085092431,0.4898652254683428,2,False,,,,
1766482934.066803,0.3452794870939778,0.8685848707167021,0.7089434862136841,2,False,,,,
1766482934.3490062,0.3452794870939778,0.8685848707167021,0.7089434862136841,2,False,,,,
1766482934.3561978,0.2819047110668652,0.7575628976042684,0.45756134144778754,2,False,,,,
1766482934.3620129,0.2819047110668652,0.7575628976042684,0.45756134144778754,2,False,,,,
1766482934.367637,0.2819047110668652,0.7575628976042684,0.45756134144778754,2,False,,,,
1766482934.370338,0.30322570674090626,0.7487405157595601,0.3656455926997171,2,False,,,,
1766482934.765461,0.30322570674090626,0.7487405157595601,0.3656455926997171,2,False,,,,
1766482934.771657,0.30322570674090626,0.7487405157595601,0.3656455926997171,2,False,,,,
1766482934.774483,0.30322570674090626,0.7487405157595601,0.3656455926997171,2,False,,,,
1766482934.776917,0.30322570674090626,0.7487405157595601,0.3656455926997171,2,False,,,,
1766482934.780034,0.883459941960043,1.0324834136540733,0.251806212018078,2,False,,,,
1766482935.089658,0.30684960980611314,0.8730016830496322,0.3589511682349862,2,False,,,,
1766482935.097255,0.30684960980611314,0.8730016830496322,0.3589511682349862,2,False,,,,
1766482935.104426,0.30684960980611314,0.8730016830496322,0.3589511682349862,2,False,,,,
1766482935.107542,0.30684960980611314,0.8730016830496322,0.3589511682349862,2,False,,,,
1766482935.113184,0.335427447069989,0.8658492089492128,0.3790465842844769,2,False,,,,
1766482935.536791,0.335427447069989,0.8658492089492128,0.3790465842844769,2,False,,,,
1766482935.543777,0.335427447069989,0.8658492089492128,0.3790465842844769,2,False,,,,
1766482935.5466921,0.335427447069989,0.8658492089492128,0.3790465842844769,2,False,,,,
1766482935.549095,0.335427447069989,0.8658492089492128,0.3790465842844769,2,False,,,,
1766482935.551775,0.8598895913213284,1.1307785992613648,0.1858070463743759,2,False,,,,
1766482936.001709,0.26682246529946296,1.050989144743161,0.39565383738072973,2,False,,,,
1766482936.009737,0.26682246529946296,1.050989144743161,0.39565383738072973,2,False,,,,
1766482936.015862,0.26682246529946296,1.050989144743161,0.39565383738072973,2,False,,,,
1766482936.018472,0.26682246529946296,1.050989144743161,0.39565383738072973,2,False,,,,
1766482936.0209558,0.2636105732105637,1.0507518762226922,0.42709579403684883,2,False,,,,
1766482936.367767,0.8570185385698206,1.1388022843801542,0.17660005334232945,2,False,,,,
1766482936.373945,0.8570185385698206,1.1388022843801542,0.17660005334232945,2,False,,,,
1766482936.3802261,0.8570185385698206,1.1388022843801542,0.17660005334232945,2,False,,,,
1766482936.3830311,0.8570185385698206,1.1388022843801542,0.17660005334232945,2,False,,,,
1766482936.385689,0.29615717467836,1.0612868065589525,0.38671559599339284,2,False,,,,
1766482936.816294,0.29615717467836,1.0612868065589525,0.38671559599339284,2,False,,,,
1766482936.8222651,0.29615717467836,1.0612868065589525,0.38671559599339284,2,False,,,,
1766482936.8256042,0.29615717467836,1.0612868065589525,0.38671559599339284,2,False,,,,
1766482936.827965,0.29615717467836,1.0612868065589525,0.38671559599339284,2,False,,,,
1766482936.830453,0.8504262148423715,1.1376851704973743,0.18057451073552705,2,False,,,,
1766482937.190872,0.8504262148423715,1.1376851704973743,0.18057451073552705,2,False,,,,
1766482937.196908,0.8504262148423715,1.1376851704973743,0.18057451073552705,2,False,,,,
1766482937.199831,0.8504262148423715,1.1376851704973743,0.18057451073552705,2,False,,,,
1766482937.205763,0.5147590477604146,0.7131736182673671,0.9965473413467407,2,False,,,,
1766482937.2092302,0.5150171461913027,0.7117064407802347,0.8890659213066101,2,False,,,,
1766482937.514268,0.5150171461913027,0.7117064407802347,0.8890659213066101,2,False,,,,
1766482937.5217059,0.5150171461913027,0.7117064407802347,0.8890659213066101,2,False,,,,
1766482937.524554,0.5150171461913027,0.7117064407802347,0.8890659213066101,2,False,,,,
1766482937.5270898,0.5150171461913027,0.7117064407802347,0.8890659213066101,2,False,,,,
1766482937.529536,0.8642748752116823,1.1314670902953112,0.16876521925631374,2,False,,,,
1766482937.9489348,0.8643695097340821,1.1315436363833877,0.18470906482814164,2,False,,,,
1766482937.9565928,0.8643695097340821,1.1315436363833877,0.18470906482814164,2,False,,,,
1766482937.962514,0.8643695097340821,1.1315436363833877,0.18470906482814164,2,False,,,,
1766482937.965207,0.8643695097340821,1.1315436363833877,0.18470906482814164,2,False,,,,
1766482937.967731,0.49036824448055977,0.8998486047021582,0.16957353497047287,2,False,,,,
1766482938.357561,0.49036824448055977,0.8998486047021582,0.16957353497047287,2,False,,,,
1766482938.3640509,0.49036824448055977,0.8998486047021582,0.16957353497047287,2,False,,,,
1766482938.3671758,0.49036824448055977,0.8998486047021582,0.16957353497047287,2,False,,,,
1766482938.369716,0.49036824448055977,0.8998486047021582,0.16957353497047287,2,False,,,,
1766482938.371972,0.4926231170312424,0.6916564548714388,0.7846271991729736,2,False,,,,
1766482938.76637,0.4926231170312424,0.6916564548714388,0.7846271991729736,2,False,,,,
1766482938.775936,0.4926231170312424,0.6916564548714388,0.7846271991729736,2,False,,,,
1766482938.77906,0.4926231170312424,0.6916564548714388,0.7846271991729736,2,False,,,,
1766482938.781795,0.8732468435635266,1.1137629894030552,0.17437201516071013,2,False,,,,
1766482938.784657,0.5054452639981962,0.8581192617057503,0.16854278328159078,2,False,,,,
1766482939.090164,0.4952245529465967,0.883948640549478,0.18507533105798932,2,False,,,,
1766482939.096958,0.4952245529465967,0.883948640549478,0.18507533105798932,2,False,,,,
1766482939.102648,0.4952245529465967,0.883948640549478,0.18507533105798932,2,False,,,,
1766482939.105153,0.4952245529465967,0.883948640549478,0.18507533105798932,2,False,,,,
1766482939.107465,0.8715614663711474,1.1153403472423393,0.14466988355191668,2,False,,,,
1766482939.3764539,0.8715614663711474,1.1153403472423393,0.14466988355191668,2,False,,,,
1766482939.382714,0.8715614663711474,1.1153403472423393,0.14466988355191668,2,False,,,,
1766482939.3863292,0.8697515177716838,1.1146152492825183,0.15955062161414427,2,False,,,,
1766482939.3891652,0.8697515177716838,1.1146152492825183,0.15955062161414427,2,False,,,,
1766482939.391615,0.3573256871900292,0.6895554066150595,0.7611818313598633,2,False,,,,
1766482939.799854,0.8636226719531027,1.113154862671629,0.17013118919681977,2,False,,,,
1766482939.8058891,0.8636226719531027,1.113154862671629,0.17013118919681977,2,False,,,,
1766482939.808674,0.8636226719531027,1.113154862671629,0.17013118919681977,2,False,,,,
1766482939.8112278,0.8636226719531027,1.113154862671629,0.17013118919681977,2,False,,,,
1766482939.81641,0.35963126422861,0.6828767618580412,0.7071062922477722,2,False,,,,
1766482940.138828,0.35963126422861,0.6828767618580412,0.7071062922477722,2,False,,,,
1766482940.1448262,0.35963126422861,0.6828767618580412,0.7071062922477722,2,False,,,,
1766482940.147865,0.35963126422861,0.6828767618580412,0.7071062922477722,2,False,,,,
1766482940.150133,0.35963126422861,0.6828767618580412,0.7071062922477722,2,False,,,,
1766482940.152679,0.8862593850207261,1.134201981768556,0.16672794428066862,3,False,,,,
1766482940.6134038,0.8862593850207261,1.134201981768556,0.16672794428066862,3,False,,,,
1766482940.619475,0.8862593850207261,1.134201981768556,0.16672794428066862,3,False,,,,
1766482940.622268,0.8862593850207261,1.134201981768556,0.16672794428066862,3,False,,,,
1766482940.6247969,0.8862593850207261,1.134201981768556,0.16672794428066862,3,False,,,,
1766482940.627248,0.46835390057481324,0.8044586366146217,0.7283135652542114,2,False,,,,
1766482941.139285,0.44836334235554726,0.8316203251177007,0.8397037982940674,2,False,,,,
1766482941.144445,0.44836334235554726,0.8316203251177007,0.8397037982940674,2,False,,,,
1766482941.150058,0.44836334235554726,0.8316203251177007,0.8397037982940674,2,False,,,,
1766482941.1527328,0.44836334235554726,0.8316203251177007,0.8397037982940674,2,False,,,,
1766482941.155369,0.8757579259444878,1.1414777949686687,0.15492010057665204,2,False,,,,
1766482941.412383,0.8757579259444878,1.1414777949686687,0.15492010057665204,2,False,,,,
1766482941.418741,0.8757579259444878,1.1414777949686687,0.15492010057665204,2,False,,,,
1766482941.421515,0.8757579259444878,1.1414777949686687,0.15492010057665204,2,False,,,,
1766482941.424312,0.8757579259444878,1.1414777949686687,0.15492010057665204,2,False,,,,
1766482941.427094,0.2691024922781048,0.7322961333069558,0.540789387532679,2,False,,,,
1766482941.796986,0.2691024922781048,0.7322961333069558,0.540789387532679,2,False,,,,
1766482941.8026838,0.2687633464402084,0.7319685576518984,0.5557156604615798,2,False,,,,
1766482941.806589,0.2687633464402084,0.7319685576518984,0.5557156604615798,2,False,,,,
1766482941.813062,0.2687633464402084,0.7319685576518984,0.5557156604615798,2,False,,,,
1766482941.8188832,0.899520756278422,1.127292396152101,0.1814992194811121,2,False,,,,
1766482942.1128142,0.2653433181697102,0.7293255615225448,0.5245632012582261,2,False,,,,
1766482942.1199841,0.2653433181697102,0.7293255615225448,0.5245632012582261,2,False,,,,
1766482942.12533,0.2653433181697102,0.7293255615225448,0.5245632012582261,2,False,,,,
1766482942.127897,0.2653433181697102,0.7293255615225448,0.5245632012582261,2,False,,,,
1766482942.1300778,0.43479809734286123,0.7526609161347072,0.7848978042602539,2,False,,,,
1766482942.386197,0.43479809734286123,0.7526609161347072,0.7848978042602539,2,False,,,,
1766482942.391685,0.43479809734286123,0.7526609161347072,0.7848978042602539,2,False,,,,
1766482942.394423,0.43479809734286123,0.7526609161347072,0.7848978042602539,2,False,,,,
1766482942.396779,0.43479809734286123,0.7526609161347072,0.7848978042602539,2,False,,,,
1766482942.399184,0.9357620667463735,1.3305753421337827,0.9218375384807587,2,False,,,,
1766482942.7448242,0.9426900991983473,1.356389863882744,0.9728531539440155,2,False,,,,
1766482942.751549,0.9486798390949198,1.3745805098304322,0.9728531539440155,2,False,,,,
1766482942.757319,0.9486798390949198,1.3745805098304322,0.9728531539440155,2,False,,,,
1766482942.7599192,0.9486798390949198,1.3745805098304322,0.9728531539440155,2,False,,,,
1766482942.762135,0.966438084313585,1.6046195496572189,1.0,1,False,,,,
1766482943.091114,0.966438084313585,1.6046195496572189,1.0,1,False,,,,
1766482943.098239,0.966438084313585,1.6046195496572189,1.0,1,False,,,,
1766482943.100672,0.966438084313585,1.6046195496572189,1.0,1,False,,,,
1766482943.103617,0.966438084313585,1.6046195496572189,1.0,1,False,,,,
1766482943.105783,0.8926817585456088,1.3018919007546055,1.0,1,False,,,,
1766482943.385313,0.9005181448939815,1.3353393544790069,1.0,1,False,,,,
1766482943.3931708,0.9005181448939815,1.3353393544790069,1.0,1,False,,,,
1766482943.397919,0.9005181448939815,1.3353393544790069,1.0,1,False,,,,
1766482943.40015,0.9005181448939815,1.3353393544790069,1.0,1,False,,,,
1766482943.402477,0.9240132283512285,1.4271070998813356,1.0,0,False,,,,
1766482943.597445,0.9240132283512285,1.4271070998813356,1.0,0,False,,,,
1766482943.603678,0.9240132283512285,1.4271070998813356,1.0,0,False,,,,
1766482943.606101,0.9240132283512285,1.4271070998813356,1.0,0,False,,,,
1766482943.608921,0.9240132283512285,1.4271070998813356,1.0,0,False,,,,
1766482943.6111841,0.9108104377756694,1.3273278020065666,1.0,0,False,,,,
1766482943.776275,0.9108104377756694,1.3273278020065666,1.0,0,False,,,,
1766482943.781224,0.9108104377756694,1.3273278020065666,1.0,0,False,,,,
1766482943.784835,0.9086229120599333,1.3184875693061666,1.0,0,False,,,,
1766482943.787366,0.9295993216807441,1.402526309334501,1.0,0,False,,,,
1766482943.791944,0.9163549719236288,1.377649566136463,0.9892654716968536,0,False,,,,
1766482943.962636,0.9163549719236288,1.377649566136463,0.9892654716968536,0,False,,,,
1766482943.967975,0.9163549719236288,1.377649566136463,0.9892654716968536,0,False,,,,
1766482943.971175,0.9163549719236288,1.377649566136463,0.9892654716968536,0,False,,,,
1766482943.973585,0.9163549719236288,1.377649566136463,0.9892654716968536,0,False,,,,
1766482943.976005,0.9500786269735615,1.5019745478298572,0.961625874042511,0,False,,,,
1766482944.1625469,0.9500786269735615,1.5019745478298572,0.961625874042511,0,False,,,,
1766482944.168412,0.9500786269735615,1.5019745478298572,0.961625874042511,0,False,,,,
1766482944.173135,0.9500786269735615,1.5019745478298572,0.961625874042511,0,False,,,,
1766482944.175703,0.9500786269735615,1.5019745478298572,0.961625874042511,0,False,,,,
1766482944.17788,1.669320624626366,3.192203167535702,1.0,0,False,,,,
1766482944.3718112,1.669320624626366,3.192203167535702,1.0,0,False,,,,
1766482944.376021,1.669320624626366,3.192203167535702,1.0,0,False,,,,
1766482944.378619,1.669320624626366,3.192203167535702,1.0,0,False,,,,
1766482944.3810308,1.669320624626366,3.192203167535702,1.0,0,False,,,,
1766482944.383115,-1.4242107805097262,-4.040511673990176,0.9573295712471008,0,False,,,,
1766482944.5775418,-1.4242107805097262,-4.040511673990176,0.9573295712471008,0,False,,,,
1766482944.582384,-1.4242107805097262,-4.040511673990176,0.9573295712471008,0,False,,,,
1766482944.5853581,-1.4242107805097262,-4.040511673990176,0.9573295712471008,0,False,,,,
1766482944.587494,-1.4242107805097262,-4.040511673990176,0.9573295712471008,0,False,,,,
1766482944.59021,6.307030003751969,13.647459750214468,0.9790222942829132,0,False,,,,
1766482944.748846,6.307030003751969,13.647459750214468,0.9790222942829132,0,False,,,,
1766482944.7534342,6.307030003751969,13.647459750214468,0.9790222942829132,0,False,,,,
1766482944.755763,6.307030003751969,13.647459750214468,0.9790222942829132,0,False,,,,
1766482944.7612832,6.58732536326009,14.317457379584328,0.9742906093597412,0,False,,,,
1766482944.764014,-1.4422155662563096,-3.983562341731763,0.9726053774356842,0,False,,,,
1766482944.916042,-1.4422155662563096,-3.983562341731763,0.9726053774356842,0,False,,,,
1766482944.920871,-1.4422155662563096,-3.983562341731763,0.9726053774356842,0,False,,,,
1766482944.923535,-1.2424793790099524,-3.48913419658747,0.9425792396068573,0,False,,,,
1766482944.926024,-1.285642975654444,-3.579716101971842,0.9411198496818542,0,False,,,,
1766482944.928559,-6.6359252644502345,-16.121664040578626,1.0,0,False,,,,
1766482945.111876,-6.6359252644502345,-16.121664040578626,1.0,0,False,,,,
1766482945.1166232,-6.6359252644502345,-16.121664040578626,1.0,0,False,,,,
1766482945.11929,-6.6359252644502345,-16.121664040578626,1.0,0,False,,,,
1766482945.121351,-6.6359252644502345,-16.121664040578626,1.0,0,False,,,,
1766482945.12338,1.8404939851928261,3.784847132977468,0.9384357631206512,0,False,,,,
1766482945.32705,0.5552986732934022,1.1167585889182825,0.1877186441158617,0,False,,,,
1766482945.332052,0.49013733609637,0.9342846054221834,0.12981306894703556,0,False,,,,
1766482945.335575,0.49013733609637,0.9342846054221834,0.12981306894703556,0,False,,,,
1766482945.341229,0.49013733609637,0.9342846054221834,0.12981306894703556,0,False,,,,
1766482945.343681,0.5578716864042671,1.1275457231104569,0.17180400804489646,0,False,,,,
1766482945.4968908,0.8638154132062738,1.2254929519740136,1.0,0,False,,,,
1766482945.502014,0.8638154132062738,1.2254929519740136,1.0,0,False,,,,
1766482945.508377,0.8638154132062738,1.2254929519740136,1.0,0,False,,,,
1766482945.5109591,0.8638154132062738,1.2254929519740136,1.0,0,False,,,,
1766482945.5139031,0.584937631374778,1.1789642378305984,0.21862590284909592,0,False,,,,
1766482945.842745,0.584937631374778,1.1789642378305984,0.21862590284909592,0,False,,,,
1766482945.847925,0.584937631374778,1.1789642378305984,0.21862590284909592,0,False,,,,
1766482945.852176,0.584937631374778,1.1789642378305984,0.21862590284909592,0,False,,,,
1766482945.854296,0.584937631374778,1.1789642378305984,0.21862590284909592,0,False,,,,
1766482945.856704,5.700150009855588,13.108928754347236,1.0,0,False,,,,
1766482946.479599,5.700150009855588,13.108928754347236,1.0,0,False,,,,
1766482946.485058,5.700150009855588,13.108928754347236,1.0,0,False,,,,
1766482946.487495,5.700150009855588,13.108928754347236,1.0,0,False,,,,
1766482946.48978,5.700150009855588,13.108928754347236,1.0,0,False,,,,
1766482946.492178,1.7501904865058016,3.5677653019253763,1.0,0,False,,,,
1766482946.671071,2.0432924386069415,4.303796579192005,1.0,0,False,,,,
1766482946.679996,2.0432924386069415,4.303796579192005,1.0,0,False,,,,
1766482946.6848168,2.0432924386069415,4.303796579192005,1.0,0,False,,,,
1766482946.687315,2.0432924386069415,4.303796579192005,1.0,0,False,,,,
1766482946.6918411,1.9154840534664026,3.992297876480869,1.0,0,False,,,,
1766482946.970214,1.9154840534664026,3.992297876480869,1.0,0,False,,,,
1766482946.976465,5.264691314389686,12.144020606415454,1.0,0,False,,,,
1766482946.9792168,5.264691314389686,12.144020606415454,1.0,0,False,,,,
1766482946.9842792,5.264691314389686,12.144020606415454,1.0,0,False,,,,
1766482946.987524,7.397070003418314,16.896779478984413,1.0,0,False,,,,
1766482947.1530292,7.397070003418314,16.896779478984413,1.0,0,False,,,,
1766482947.157542,7.397070003418314,16.896779478984413,1.0,0,False,,,,
1766482947.160473,7.397070003418314,16.896779478984413,1.0,0,False,,,,
1766482947.162764,7.397070003418314,16.896779478984413,1.0,0,False,,,,
1766482947.165001,1.1519402580294453,2.0127004380659463,1.0,0,False,,,,
1766482947.328536,1.1519402580294453,2.0127004380659463,1.0,0,False,,,,
1766482947.3325791,1.1519402580294453,2.0127004380659463,1.0,0,False,,,,
1766482947.33485,1.1519402580294453,2.0127004380659463,1.0,0,False,,,,
1766482947.337808,1.1519402580294453,2.0127004380659463,1.0,0,False,,,,
1766482947.339911,0.5259031521333923,0.9467366797613535,1.0,0,False,,,,
1766482947.687644,0.5259031521333923,0.9467366797613535,1.0,0,False,,,,
1766482947.6924732,0.5259031521333923,0.9467366797613535,1.0,0,False,,,,
1766482947.694942,0.5259031521333923,0.9467366797613535,1.0,0,False,,,,
1766482947.696877,0.5259031521333923,0.9467366797613535,1.0,0,False,,,,
1766482947.699712,0.15197340360248762,-0.3186833221032064,0.8936004638671875,0,False,,,,
1766482947.931574,0.15197340360248762,-0.3186833221032064,0.8936004638671875,0,False,,,,
1766482947.936428,0.15197340360248762,-0.3186833221032064,0.8936004638671875,0,False,,,,
1766482947.938781,0.15197340360248762,-0.3186833221032064,0.8936004638671875,0,False,,,,
1766482947.9434938,0.1446463668635209,-0.4275783933729673,0.9081003069877625,0,False,,,,
1766482947.947445,0.899604360486246,1.6127176911299204,0.8974006815637872,0,False,,,,
1766482948.126362,0.899604360486246,1.6127176911299204,0.8974006815637872,0,False,,,,
1766482948.1309938,0.899604360486246,1.6127176911299204,0.8974006815637872,0,False,,,,
1766482948.133503,0.899604360486246,1.6127176911299204,0.8974006815637872,0,False,,,,
1766482948.135985,0.899604360486246,1.6127176911299204,0.8974006815637872,0,False,,,,
1766482948.138732,0.8411601017165115,1.5019586776283322,0.8758174777030945,0,False,,,,
1766482948.320804,0.8693276086134218,1.7819871110367451,0.9680730352528699,0,False,,,,
1766482948.3260531,0.8693276086134218,1.7819871110367451,0.9680730352528699,0,False,,,,
1766482948.3308642,0.8693276086134218,1.7819871110367451,0.9680730352528699,0,False,,,,
1766482948.333653,0.8693276086134218,1.7819871110367451,0.9680730352528699,0,False,,,,
1766482948.3355992,1.1135919117168522,2.030175235692802,1.0,0,False,,,,
1766482948.795192,1.1135919117168522,2.030175235692802,1.0,0,False,,,,
1766482948.8003578,1.1135919117168522,2.030175235692802,1.0,0,False,,,,
1766482948.803009,1.1135919117168522,2.030175235692802,1.0,0,False,,,,
1766482948.804984,1.1135919117168522,2.030175235692802,1.0,0,False,,,,
1766482948.807294,0.21967914329278154,-0.09005818660559717,0.99,0,False,,,,
1766482949.087703,1.487003588255466,2.487783391391301,1.0,0,False,,,,
1766482949.094738,1.487003588255466,2.487783391391301,1.0,0,False,,,,
1766482949.099338,1.487003588255466,2.487783391391301,1.0,0,False,,,,
1766482949.101839,1.487003588255466,2.487783391391301,1.0,0,False,,,,
1766482949.104125,0.8808892234521061,0.9362254380746502,0.9477671980857849,0,False,,,,
1766482949.3112419,0.8808892234521061,0.9362254380746502,0.9477671980857849,0,False,,,,
1766482949.316153,0.8808892234521061,0.9362254380746502,0.9477671980857849,0,False,,,,
1766482949.320918,0.8783220585004343,0.9323366077138249,0.9946709871292114,0,False,,,,
1766482949.32521,0.8783220585004343,0.9323366077138249,0.9946709871292114,0,False,,,,
1766482949.330928,0.8312798433882971,0.628357625238457,1.0,0,False,,,,
1766482949.536416,0.8312798433882971,0.628357625238457,1.0,0,False,,,,
1766482949.5409439,0.8312798433882971,0.628357625238457,1.0,0,False,,,,
1766482949.543864,0.8312798433882971,0.628357625238457,1.0,0,False,,,,
1766482949.5459762,0.8312798433882971,0.628357625238457,1.0,0,False,,,,
1766482949.548241,0.9306044670943177,1.4853969974342054,0.9964643716812134,0,False,,,,
1766482949.7268312,0.9306044670943177,1.4853969974342054,0.9964643716812134,0,False,,,,
1766482949.7333581,0.9306044670943177,1.4853969974342054,0.9964643716812134,0,False,,,,
1766482949.738605,0.9306044670943177,1.4853969974342054,0.9964643716812134,0,False,,,,
1766482949.7409868,0.9306044670943177,1.4853969974342054,0.9964643716812134,0,False,,,,
1766482949.745219,0.8810638144301823,1.337136986797048,1.0,0,False,,,,
1766482949.946083,0.8810638144301823,1.337136986797048,1.0,0,False,,,,
1766482949.951092,0.8810638144301823,1.337136986797048,1.0,0,False,,,,
1766482949.9537668,0.8810638144301823,1.337136986797048,1.0,0,False,,,,
1766482949.956224,0.9058643179990309,1.42919796868626,1.0,0,False,,,,
1766482949.9585018,1.1583948840596654,2.07428893027741,1.0,0,False,,,,
1766482950.164156,1.1583948840596654,2.07428893027741,1.0,0,False,,,,
1766482950.169746,1.1583948840596654,2.07428893027741,1.0,0,False,,,,
1766482950.174258,1.1583948840596654,2.07428893027741,1.0,0,False,,,,
1766482950.176696,1.1583948840596654,2.07428893027741,1.0,0,False,,,,
1766482950.178692,1.1364535400581495,2.0537082348780933,1.0,0,False,,,,
1766482950.358569,1.1364535400581495,2.0537082348780933,1.0,0,False,,,,
1766482950.364203,5.377316909955719,12.294301694294644,1.0,0,False,,,,
1766482950.36801,5.377316909955719,12.294301694294644,1.0,0,False,,,,
1766482950.37099,5.377316909955719,12.294301694294644,1.0,0,False,,,,
1766482950.3766952,1.5868887938532783,3.1361007791105053,1.0,0,False,,,,
1766482950.5925398,1.4966172788503154,2.918650423490901,1.0,0,False,,,,
1766482950.598132,1.2706357785959939,2.3511121565034445,1.0,0,False,,,,
1766482950.600849,1.2706357785959939,2.3511121565034445,1.0,0,False,,,,
1766482950.60596,1.2706357785959939,2.3511121565034445,1.0,0,False,,,,
1766482950.608512,3.536388820031771,8.019375229065549,1.0,0,False,,,,
1766482950.802766,1.9453530356977322,4.056114363825422,1.0,0,False,,,,
1766482950.807934,1.9453530356977322,4.056114363825422,1.0,0,False,,,,
1766482950.812833,1.9453530356977322,4.056114363825422,1.0,0,False,,,,
1766482950.817089,1.9453530356977322,4.056114363825422,1.0,0,False,,,,
1766482950.8200252,1.1791263876395432,2.1244937045121426,1.0,0,False,,,,
1766482951.000962,1.0960317167110047,1.9204195216389148,1.0,0,False,,,,
1766482951.007025,1.0960317167110047,1.9204195216389148,1.0,0,False,,,,
1766482951.0118148,1.0960317167110047,1.9204195216389148,1.0,0,False,,,,
1766482951.014142,1.0960317167110047,1.9204195216389148,1.0,0,False,,,,
1766482951.016296,0.9287527703723955,1.4897039127302043,1.0,0,False,,,,
1766482951.192992,0.9287527703723955,1.4897039127302043,1.0,0,False,,,,
1766482951.197848,0.9255883869844403,1.4785266358249913,1.0,0,False,,,,
1766482951.200945,0.9251407796405047,1.4767581211603442,1.0,0,False,,,,
1766482951.204694,0.9251407796405047,1.4767581211603442,1.0,0,False,,,,
1766482951.210015,0.9582400363230061,1.566840108908709,1.0,0,False,,,,
1766482951.392434,0.9582400363230061,1.566840108908709,1.0,0,False,,,,
1766482951.397269,0.9556045227468054,1.5603348650709354,0.9894683957099915,0,False,,,,
1766482951.400872,0.9487162582973905,1.5409419465965686,1.0,0,False,,,,
1766482951.404466,0.9487162582973905,1.5409419465965686,1.0,0,False,,,,
1766482951.40961,0.8843999439349168,1.2525009758871208,0.9641351103782654,0,False,,,,
1766482951.583852,0.8843999439349168,1.2525009758871208,0.9641351103782654,0,False,,,,
1766482951.5909498,0.8843999439349168,1.2525009758871208,0.9641351103782654,0,False,,,,
1766482951.5939379,0.8843999439349168,1.2525009758871208,0.9641351103782654,0,False,,,,
1766482951.597287,0.8843999439349168,1.2525009758871208,0.9641351103782654,0,False,,,,
1766482951.59984,0.897824892475176,1.3429385962193487,1.0,0,False,,,,
1766482951.7987368,0.897824892475176,1.3429385962193487,1.0,0,False,,,,
1766482951.805568,0.8935995422241735,1.3747992258018316,0.9940354526042938,0,False,,,,
1766482951.8106399,0.8935995422241735,1.3747992258018316,0.9940354526042938,0,False,,,,
1766482951.81617,0.8935995422241735,1.3747992258018316,0.9940354526042938,0,False,,,,
1766482951.818868,0.8737863950616914,1.2077900058839364,0.19599397144559946,0,False,,,,
1766482951.9804668,0.8737863950616914,1.2077900058839364,0.19599397144559946,0,False,,,,
1766482951.985787,0.8737863950616914,1.2077900058839364,0.19599397144559946,0,False,,,,
1766482951.988789,0.8737863950616914,1.2077900058839364,0.19599397144559946,0,False,,,,
1766482951.991158,0.8737863950616914,1.2077900058839364,0.19599397144559946,0,False,,,,
1766482951.993382,1.002978396736702,1.7613111327323787,0.9944585263729095,0,False,,,,
1766482952.201055,0.9966531637898705,1.7465897690424723,0.9944585263729095,0,False,,,,
1766482952.2067358,0.974486713254349,1.6811776653548949,0.9774322211742401,0,False,,,,
1766482952.2105758,0.974486713254349,1.6811776653548949,0.9774322211742401,0,False,,,,
1766482952.216406,0.974486713254349,1.6811776653548949,0.9774322211742401,0,False,,,,
1766482952.220917,0.8890981494762411,1.4211289292827025,0.9740549921989441,0,False,,,,
1766482952.392826,0.8890981494762411,1.4211289292827025,0.9740549921989441,0,False,,,,
1766482952.397356,0.8890981494762411,1.4211289292827025,0.9740549921989441,0,False,,,,
1766482952.4000971,0.8890981494762411,1.4211289292827025,0.9740549921989441,0,False,,,,
1766482952.402858,0.8890981494762411,1.4211289292827025,0.9740549921989441,0,False,,,,
1766482952.4052281,0.9144765275161901,1.461484831092972,0.9905197024345398,0,False,,,,
1766482952.602551,0.9144765275161901,1.461484831092972,0.9905197024345398,0,False,,,,
1766482952.607799,0.9100795285107747,1.454415771561027,0.9749671220779419,0,False,,,,
1766482952.610545,0.9100795285107747,1.454415771561027,0.9749671220779419,0,False,,,,
1766482952.613106,0.9100795285107747,1.454415771561027,0.9749671220779419,0,False,,,,
1766482952.616066,0.8960772345054518,1.4157336823136464,0.9682774543762207,0,False,,,,
1766482952.783519,0.8946425391227191,1.4091808405384871,0.9381582140922546,0,False,,,,
1766482952.788755,0.8946425391227191,1.4091808405384871,0.9381582140922546,0,False,,,,
1766482952.791661,0.8946425391227191,1.4091808405384871,0.9381582140922546,0,False,,,,
1766482952.7937212,0.8946425391227191,1.4091808405384871,0.9381582140922546,0,False,,,,
1766482952.795997,0.8929221521510964,1.4170711623136245,0.9934023022651672,0,False,,,,
1766482952.9654999,0.8929221521510964,1.4170711623136245,0.9934023022651672,0,False,,,,
1766482952.970301,0.8929221521510964,1.4170711623136245,0.9934023022651672,0,False,,,,
1766482952.9729338,0.8929221521510964,1.4170711623136245,0.9934023022651672,0,False,,,,
1766482952.975542,0.8924296728020973,1.4065803490685629,0.99912029504776,0,False,,,,
1766482952.9780369,0.9205241452379826,1.4990287577358208,0.966744601726532,0,False,,,,
1766482953.136887,0.9205241452379826,1.4990287577358208,0.966744601726532,0,False,,,,
1766482953.14136,0.9205241452379826,1.4990287577358208,0.966744601726532,0,False,,,,
1766482953.1464372,0.9296458933655607,1.5192726059002775,0.9812926650047302,0,False,,,,
1766482953.1509619,0.9296458933655607,1.5192726059002775,0.9812926650047302,0,False,,,,
1766482953.15627,0.9172555861172345,1.4311855325074394,1.0,0,False,,,,
1766482953.332181,0.9172555861172345,1.4311855325074394,1.0,0,False,,,,
1766482953.336687,0.9172555861172345,1.4311855325074394,1.0,0,False,,,,
1766482953.339211,0.9172555861172345,1.4311855325074394,1.0,0,False,,,,
1766482953.341315,0.9172555861172345,1.4311855325074394,1.0,0,False,,,,
1766482953.343946,0.9419959185229668,1.5499806037936628,0.9773987233638763,0,False,,,,
1766482953.5421572,0.9419959185229668,1.5499806037936628,0.9773987233638763,0,False,,,,
1766482953.5468411,0.9435396733745851,1.5536308794966687,0.970846951007843,0,False,,,,
1766482953.55137,0.939518390026658,1.5338634944337843,1.0,0,False,,,,
1766482953.554133,0.939518390026658,1.5338634944337843,1.0,0,False,,,,
1766482953.5589519,0.9451206516368913,1.5343200832701096,1.0,0,False,,,,
1766482953.7330759,0.9451206516368913,1.5343200832701096,1.0,0,False,,,,
1766482953.738688,0.9451206516368913,1.5343200832701096,1.0,0,False,,,,
1766482953.741507,0.9451206516368913,1.5343200832701096,1.0,0,False,,,,
1766482953.743712,0.9451206516368913,1.5343200832701096,1.0,0,False,,,,
1766482953.745827,0.9442776321088747,1.5312146450812911,1.0,0,False,,,,
1766482953.9097311,0.9442776321088747,1.5312146450812911,1.0,0,False,,,,
1766482953.914468,0.9435372777404446,1.5303255333631494,1.0,0,False,,,,
1766482953.9171488,0.9412460832492975,1.5236341514961957,1.0,0,False,,,,
1766482953.920983,0.9412460832492975,1.5236341514961957,1.0,0,False,,,,
1766482953.926806,0.9481298626842124,1.531671053546243,1.0,0,False,,,,
1766482954.138199,0.9481298626842124,1.531671053546243,1.0,0,False,,,,
1766482954.143032,0.9481298626842124,1.531671053546243,1.0,0,False,,,,
1766482954.14752,0.9478369877670356,1.5312465777948356,1.0,0,False,,,,
1766482954.151366,0.9541021454391029,1.5501593401331693,1.0,0,False,,,,
1766482954.155019,0.9513716471466275,1.5322772691512594,0.9924571216106415,0,False,,,,
1766482954.318544,0.9422075144672682,1.5054246075558397,0.9798901379108429,0,False,,,,
1766482954.324932,0.9422075144672682,1.5054246075558397,0.9798901379108429,0,False,,,,
1766482954.330213,0.9422075144672682,1.5054246075558397,0.9798901379108429,0,False,,,,
1766482954.332511,0.9422075144672682,1.5054246075558397,0.9798901379108429,0,False,,,,
1766482954.334518,0.993986592811112,1.6442411675608468,0.984829843044281,0,False,,,,
1766482954.513495,0.993986592811112,1.6442411675608468,0.984829843044281,0,False,,,,
1766482954.519338,0.9958983558744336,1.6459713155843625,0.9896204173564911,0,False,,,,
1766482954.522599,0.9958983558744336,1.6459713155843625,0.9896204173564911,0,False,,,,
1766482954.527921,0.9958983558744336,1.6459713155843625,0.9896204173564911,0,False,,,,
1766482954.5325298,0.9718034812998366,1.5994143318340583,1.0,0,False,,,,
1766482954.6927922,0.9718034812998366,1.5994143318340583,1.0,0,False,,,,
1766482954.6983511,0.9718034812998366,1.5994143318340583,1.0,0,False,,,,
1766482954.700948,0.9718034812998366,1.5994143318340583,1.0,0,False,,,,
1766482954.703444,0.9718034812998366,1.5994143318340583,1.0,0,False,,,,
1766482954.705583,0.8853888053938302,1.084060440466355,0.37963860319102166,0,False,,,,
1766482954.9060118,0.8853888053938302,1.084060440466355,0.37963860319102166,0,False,,,,
1766482954.9109051,0.8853888053938302,1.084060440466355,0.37963860319102166,0,False,,,,
1766482954.913557,0.8853888053938302,1.084060440466355,0.37963860319102166,0,False,,,,
1766482954.916148,0.8853888053938302,1.084060440466355,0.37963860319102166,0,False,,,,
1766482954.9184341,0.459622201919044,0.8599417043953254,0.18519222914465736,0,False,,,,
1766482955.079894,0.459622201919044,0.8599417043953254,0.18519222914465736,0,False,,,,
1766482955.084329,0.459622201919044,0.8599417043953254,0.18519222914465736,0,False,,,,
1766482955.086711,0.459622201919044,0.8599417043953254,0.18519222914465736,0,False,,,,
1766482955.091112,0.38937790108363574,0.8881468632323755,0.18761640599462395,0,False,,,,
1766482955.094403,0.49708870649826,0.7213257526588115,0.8861294984817505,2,False,,,,
1766482955.377813,0.49708870649826,0.7213257526588115,0.8861294984817505,2,False,,,,
1766482955.385004,0.49708870649826,0.7213257526588115,0.8861294984817505,2,False,,,,
1766482955.3877509,0.4830995006433099,0.7279822817716651,0.8552961945533752,2,False,,,,
1766482955.39111,0.8130509057813887,0.9832758209069576,0.18348942389659945,2,False,,,,
1766482955.3944829,0.8036435951842709,0.9898290384895115,0.17810079650616786,2,False,,,,
1766482955.790405,0.8036435951842709,0.9898290384895115,0.17810079650616786,2,False,,,,
1766482955.798906,0.8035362756024609,0.9895173520187074,0.1800341397377658,2,False,,,,
1766482955.805613,0.8035362756024609,0.9895173520187074,0.1800341397377658,2,False,,,,
1766482955.810889,0.8035362756024609,0.9895173520187074,0.1800341397377658,2,False,,,,
1766482955.813319,0.8023927266603488,0.9867712416824037,0.17013775513951304,2,False,,,,
1766482956.109199,0.8023927266603488,0.9867712416824037,0.17013775513951304,2,False,,,,
1766482956.115652,0.8023927266603488,0.9867712416824037,0.17013775513951304,2,False,,,,
1766482956.1181529,0.8023927266603488,0.9867712416824037,0.17013775513951304,2,False,,,,
1766482956.12055,0.8023927266603488,0.9867712416824037,0.17013775513951304,2,False,,,,
1766482956.124732,0.27345388624908107,0.760763485409423,0.49858670415247985,2,False,,,,
1766482956.505145,0.27345388624908107,0.760763485409423,0.49858670415247985,2,False,,,,
1766482956.511622,0.27345388624908107,0.760763485409423,0.49858670415247985,2,False,,,,
1766482956.51454,0.27345388624908107,0.760763485409423,0.49858670415247985,2,False,,,,
1766482956.517028,0.27345388624908107,0.760763485409423,0.49858670415247985,2,False,,,,
1766482956.519928,0.3251493257001119,0.8953004237589053,0.22772035077392389,2,False,,,,
1766482956.918328,0.3251493257001119,0.8953004237589053,0.22772035077392389,2,False,,,,
1766482956.924149,0.3251493257001119,0.8953004237589053,0.22772035077392389,2,False,,,,
1766482956.927279,0.3251493257001119,0.8953004237589053,0.22772035077392389,2,False,,,,
1766482956.929824,0.3251493257001119,0.8953004237589053,0.22772035077392389,2,False,,,,
1766482956.932943,0.8055901563179482,1.0308105815952286,0.2539378353063065,2,False,,,,
1766482957.277903,0.8055901563179482,1.0308105815952286,0.2539378353063065,2,False,,,,
1766482957.2841642,0.8055901563179482,1.0308105815952286,0.2539378353063065,2,False,,,,
1766482957.287075,0.8055901563179482,1.0308105815952286,0.2539378353063065,2,False,,,,
1766482957.2898262,0.8055901563179482,1.0308105815952286,0.2539378353063065,2,False,,,,
1766482957.292151,0.7913388217034304,1.0110952325093157,0.16704561824865913,2,False,,,,
1766482957.7352629,0.7913388217034304,1.0110952325093157,0.16704561824865913,2,False,,,,
1766482957.742265,0.43816404319712926,1.0209835009699637,0.2679022953912353,2,False,,,,
1766482957.748172,0.43816404319712926,1.0209835009699637,0.2679022953912353,2,False,,,,
1766482957.75368,0.43816404319712926,1.0209835009699637,0.2679022953912353,2,False,,,,
1766482957.7568362,0.4299124112262017,1.010845902169412,0.2950904527496613,2,False,,,,
1766482958.11062,0.4237488121911661,1.0117301506489826,0.26539885806669694,2,False,,,,
1766482958.117194,0.4237488121911661,1.0117301506489826,0.26539885806669694,2,False,,,,
1766482958.122813,0.4237488121911661,1.0117301506489826,0.26539885806669694,2,False,,,,
1766482958.125416,0.4237488121911661,1.0117301506489826,0.26539885806669694,2,False,,,,
1766482958.127964,0.4003392301963461,0.993277861448231,0.29617065417060096,2,False,,,,
1766482958.552039,0.4003392301963461,0.993277861448231,0.29617065417060096,2,False,,,,
1766482958.558073,0.4003392301963461,0.993277861448231,0.29617065417060096,2,False,,,,
1766482958.5610182,0.4003392301963461,0.993277861448231,0.29617065417060096,2,False,,,,
1766482958.563267,0.4003392301963461,0.993277861448231,0.29617065417060096,2,False,,,,
1766482958.568298,0.3940027928135646,0.9939968339384355,0.31318900431423685,2,False,,,,
1766482958.8463051,0.3042403261494986,0.9245514166000712,0.7451290488243103,2,False,,,,
1766482958.8532338,0.3042403261494986,0.9245514166000712,0.7451290488243103,2,False,,,,
1766482958.8596249,0.3042403261494986,0.9245514166000712,0.7451290488243103,2,False,,,,
1766482958.862411,0.3042403261494986,0.9245514166000712,0.7451290488243103,2,False,,,,
1766482958.864834,0.4074919083501277,0.9691480868854859,0.32081499887732523,2,False,,,,
1766482959.1279092,0.4074919083501277,0.9691480868854859,0.32081499887732523,2,False,,,,
1766482959.133755,0.4074919083501277,0.9691480868854859,0.32081499887732523,2,False,,,,
1766482959.1367948,0.4074919083501277,0.9691480868854859,0.32081499887732523,2,False,,,,
1766482959.139143,0.4074919083501277,0.9691480868854859,0.32081499887732523,2,False,,,,
1766482959.1416771,0.4071435810878314,0.9686298780869308,0.295369719196224,2,False,,,,
1766482959.4462929,0.804691725813418,0.9760099348557004,0.19910021590969273,2,False,,,,
1766482959.4524019,0.4429929377051868,0.984385563721555,0.23330863281601777,2,False,,,,
1766482959.45535,0.4429929377051868,0.984385563721555,0.23330863281601777,2,False,,,,
1766482959.462141,0.4429929377051868,0.984385563721555,0.23330863281601777,2,False,,,,
1766482959.465021,0.42346094505798587,0.9534647303322867,0.28235122611434216,2,False,,,,
1766482959.884653,0.4233092473059221,0.9534680537331237,0.2779535427219971,2,False,,,,
1766482959.892413,0.4233092473059221,0.9534680537331237,0.2779535427219971,2,False,,,,
1766482959.897901,0.4233092473059221,0.9534680537331237,0.2779535427219971,2,False,,,,
1766482959.900896,0.4233092473059221,0.9534680537331237,0.2779535427219971,2,False,,,,
1766482959.90341,0.4290233436020448,0.9517926205460552,0.23284775359164045,2,False,,,,
1766482960.228618,0.4290233436020448,0.9517926205460552,0.23284775359164045,2,False,,,,
1766482960.234207,0.4290233436020448,0.9517926205460552,0.23284775359164045,2,False,,,,
1766482960.2368698,0.4290233436020448,0.9517926205460552,0.23284775359164045,2,False,,,,
1766482960.241956,0.4290233436020448,0.9517926205460552,0.23284775359164045,2,False,,,,
1766482960.2445571,0.45166145216283765,0.9698272266831937,0.23071150689847808,2,False,,,,
1766482960.595236,0.45166145216283765,0.9698272266831937,0.23071150689847808,2,False,,,,
1766482960.601402,0.45166145216283765,0.9698272266831937,0.23071150689847808,2,False,,,,
1766482960.60446,0.45166145216283765,0.9698272266831937,0.23071150689847808,2,False,,,,
1766482960.607051,0.45166145216283765,0.9698272266831937,0.23071150689847808,2,False,,,,
1766482960.6092858,0.4083405386028215,0.9543814571174486,0.2574782006965479,2,False,,,,
1766482961.0110269,0.4083405386028215,0.9543814571174486,0.2574782006965479,2,False,,,,
1766482961.016639,0.4083405386028215,0.9543814571174486,0.2574782006965479,2,False,,,,
1766482961.019757,0.4083405386028215,0.9543814571174486,0.2574782006965479,2,False,,,,
1766482961.0222762,0.4083405386028215,0.9543814571174486,0.2574782006965479,2,False,,,,
1766482961.025265,0.799525385501043,0.9909911436865908,0.20302966224854951,2,False,,,,
1766482961.409606,0.799525385501043,0.9909911436865908,0.20302966224854951,2,False,,,,
1766482961.415429,0.799525385501043,0.9909911436865908,0.20302966224854951,2,False,,,,
1766482961.41806,0.799525385501043,0.9909911436865908,0.20302966224854951,2,False,,,,
1766482961.420497,0.799525385501043,0.9909911436865908,0.20302966224854951,2,False,,,,
1766482961.423263,0.8076593951628694,0.9773932533049304,0.18741418244528982,2,False,,,,
1766482961.833898,0.4234633485658536,0.9721132027997799,0.2354656975486927,2,False,,,,
1766482961.84039,0.4234633485658536,0.9721132027997799,0.2354656975486927,2,False,,,,
1766482961.846109,0.4234633485658536,0.9721132027997799,0.2354656975486927,2,False,,,,
1766482961.848556,0.4234633485658536,0.9721132027997799,0.2354656975486927,2,False,,,,
1766482961.851053,0.44816296068974576,0.9674724470508819,0.2565057886472487,2,False,,,,
1766482962.122388,0.44816296068974576,0.9674724470508819,0.2565057886472487,2,False,,,,
1766482962.128366,0.43531020002477633,0.9695039407651783,0.24122214287665478,2,False,,,,
1766482962.134482,0.43531020002477633,0.9695039407651783,0.24122214287665478,2,False,,,,
1766482962.141052,0.43531020002477633,0.9695039407651783,0.24122214287665478,2,False,,,,
1766482962.1436858,0.4133915819578922,0.9615449489434216,0.2207796932135095,2,False,,,,
1766482962.537963,0.44734356398555325,0.9666393089855149,0.2437319752498124,2,False,,,,
1766482962.5442219,0.44734356398555325,0.9666393089855149,0.2437319752498124,2,False,,,,
1766482962.549542,0.44734356398555325,0.9666393089855149,0.2437319752498124,2,False,,,,
1766482962.552164,0.44734356398555325,0.9666393089855149,0.2437319752498124,2,False,,,,
1766482962.554237,0.3861530458347864,0.9551554051678539,0.23144484197776027,1,False,,,,
1766482962.8551931,0.3861530458347864,0.9551554051678539,0.23144484197776027,1,False,,,,
1766482962.860828,0.3861530458347864,0.9551554051678539,0.23144484197776027,1,False,,,,
1766482962.863376,0.3861530458347864,0.9551554051678539,0.23144484197776027,1,False,,,,
1766482962.865933,0.3861530458347864,0.9551554051678539,0.23144484197776027,1,False,,,,
1766482962.872222,0.27729754282971597,0.9291895384095208,0.99,2,False,,,,
1766482963.208884,0.3155315524289731,0.8955703457206037,0.4944038127235702,2,False,,,,
1766482963.216147,0.3155315524289731,0.8955703457206037,0.4944038127235702,2,False,,,,
1766482963.218842,0.3155315524289731,0.8955703457206037,0.4944038127235702,2,False,,,,
1766482963.221118,0.3155315524289731,0.8955703457206037,0.4944038127235702,2,False,,,,
1766482963.2231019,0.859533979353442,0.8911480302455821,0.9607560336589813,0,False,,,,
1766482963.3915641,0.859533979353442,0.8911480302455821,0.9607560336589813,0,False,,,,
1766482963.397013,0.859533979353442,0.8911480302455821,0.9607560336589813,0,False,,,,
1766482963.400192,0.859533979353442,0.8911480302455821,0.9607560336589813,0,False,,,,
1766482963.402303,0.859533979353442,0.8911480302455821,0.9607560336589813,0,False,,,,
1766482963.404574,0.8508092489040948,0.7666208461518415,0.9860741198062897,0,False,,,,
1766482963.5848708,0.8508092489040948,0.7666208461518415,0.9860741198062897,0,False,,,,
1766482963.5891619,0.8508092489040948,0.7666208461518415,0.9860741198062897,0,False,,,,
1766482963.591818,0.8508092489040948,0.7666208461518415,0.9860741198062897,0,False,,,,
1766482963.5938392,0.8508092489040948,0.7666208461518415,0.9860741198062897,0,False,,,,
1766482963.5957692,0.864831196294714,0.8324039616878237,0.956075131893158,0,False,,,,
1766482963.805757,0.8657104278227239,0.8565636980098031,0.9947070777416229,0,False,,,,
1766482963.815137,0.8657104278227239,0.8565636980098031,0.9947070777416229,0,False,,,,
1766482963.819749,0.8657104278227239,0.8565636980098031,0.9947070777416229,0,False,,,,
1766482963.822405,0.8657104278227239,0.8565636980098031,0.9947070777416229,0,False,,,,
1766482963.824865,0.8947939932871339,1.1858811298344871,1.0,0,False,,,,
1766482964.114211,0.8947939932871339,1.1858811298344871,1.0,0,False,,,,
1766482964.1218612,0.8947939932871339,1.1858811298344871,1.0,0,False,,,,
1766482964.124251,0.8947939932871339,1.1858811298344871,1.0,0,False,,,,
1766482964.128524,0.8947939932871339,1.1858811298344871,1.0,0,False,,,,
1766482964.131352,-0.008276174681973192,-0.9916204978877787,0.946694016456604,0,False,,,,
1766482964.352407,-0.008276174681973192,-0.9916204978877787,0.946694016456604,0,False,,,,
1766482964.358001,-0.008276174681973192,-0.9916204978877787,0.946694016456604,0,False,,,,
1766482964.360427,-0.008276174681973192,-0.9916204978877787,0.946694016456604,0,False,,,,
1766482964.362401,-0.008276174681973192,-0.9916204978877787,0.946694016456604,0,False,,,,
1766482964.364647,-5.797477834756354,-24.28145474167335,0.9668896496295929,0,False,,,,
1766482964.5308459,-5.797477834756354,-24.28145474167335,0.9668896496295929,0,False,,,,
1766482964.5357718,-5.797477834756354,-24.28145474167335,0.9668896496295929,0,False,,,,
1766482964.538059,-5.797477834756354,-24.28145474167335,0.9668896496295929,0,False,,,,
1766482964.540579,6.944235049377089,18.191389194733684,1.0,0,False,,,,
1766482964.544974,0.8023210701934756,1.245565535321506,0.2106569694132249,0,False,,,,
1766482964.701795,0.8023210701934756,1.245565535321506,0.2106569694132249,0,False,,,,
1766482964.7070951,0.8023210701934756,1.245565535321506,0.2106569694132249,0,False,,,,
1766482964.710058,0.457357714617275,0.8109344627409661,0.99,0,False,,,,
1766482964.712366,0.457357714617275,0.8109344627409661,0.99,0,False,,,,
1766482964.7151518,0.7107288120663795,1.0116099211282625,0.0,0,False,,,,
1766482964.887588,0.7107288120663795,1.0116099211282625,0.0,0,False,,,,
1766482964.893373,0.7107288120663795,1.0116099211282625,0.0,0,False,,,,
1766482964.895753,0.7107288120663795,1.0116099211282625,0.0,0,False,,,,
1766482964.898141,0.7107288120663795,1.0116099211282625,0.0,0,False,,,,
1766482964.900384,0.7106311419002163,1.0113494681459572,0.0,1,False,,,,
1766482965.186264,0.3706221906426802,0.920795098269456,0.28007577653322013,1,False,,,,
1766482965.19379,0.3706221906426802,0.920795098269456,0.28007577653322013,1,False,,,,
1766482965.198158,0.3706221906426802,0.920795098269456,0.28007577653322013,1,False,,,,
1766482965.200615,0.3706221906426802,0.920795098269456,0.28007577653322013,1,False,,,,
1766482965.202682,0.3919523563137968,0.8934550015908753,0.2647568857924645,2,False,,,,
1766482965.472561,0.3919523563137968,0.8934550015908753,0.2647568857924645,2,False,,,,
1766482965.4833732,0.7106311419002163,1.0113494681459572,0.0,2,False,,,,
1766482965.486262,0.7106311419002163,1.0113494681459572,0.0,2,False,,,,
1766482965.492446,0.7106311419002163,1.0113494681459572,0.0,2,False,,,,
1766482965.495044,0.7709035912211594,1.0037066461981687,0.21183628380753042,2,False,,,,
1766482965.92764,0.7709035912211594,1.0037066461981687,0.21183628380753042,2,False,,,,
1766482965.933034,0.7709035912211594,1.0037066461981687,0.21183628380753042,2,False,,,,
1766482965.9353971,0.7709035912211594,1.0037066461981687,0.21183628380753042,2,False,,,,
1766482965.937661,0.7709035912211594,1.0037066461981687,0.21183628380753042,2,False,,,,
1766482965.942452,0.4265083609828242,0.8706728758141938,0.25477405706202066,2,False,,,,
1766482966.207262,0.4265083609828242,0.8706728758141938,0.25477405706202066,2,False,,,,
1766482966.212399,0.4265083609828242,0.8706728758141938,0.25477405706202066,2,False,,,,
1766482966.215762,0.4265083609828242,0.8706728758141938,0.25477405706202066,2,False,,,,
1766482966.2192771,0.42680790980578287,0.8704296286331029,0.2617091848038662,2,False,,,,
1766482966.224067,0.4262297843724608,0.857516140746088,0.27735208562286245,2,False,,,,
1766482966.511782,0.4262297843724608,0.857516140746088,0.27735208562286245,2,False,,,,
1766482966.5176902,0.4262297843724608,0.857516140746088,0.27735208562286245,2,False,,,,
1766482966.5205429,0.4263070305609701,0.8574540734282845,0.28315305187678,2,False,,,,
1766482966.523017,0.4267399838975404,0.8570964577526177,0.2711978432145453,2,False,,,,
1766482966.5252879,0.4157297860879436,0.8584490450999203,0.29272698621527077,2,False,,,,
1766482966.9529989,0.4157297860879436,0.8584490450999203,0.29272698621527077,2,False,,,,
1766482966.9580622,0.40956774270142393,0.8597395354168299,0.31581515750706807,2,False,,,,
1766482966.9615,0.40956774270142393,0.8597395354168299,0.31581515750706807,2,False,,,,
1766482966.964854,0.40956774270142393,0.8597395354168299,0.31581515750706807,2,False,,,,
1766482966.970856,0.410137355271791,0.766972352404288,0.1927673009151611,2,False,,,,
1766482968.5043468,0.410137355271791,0.766972352404288,0.1927673009151611,2,False,,,,
1766482968.512358,0.410137355271791,0.766972352404288,0.1927673009151611,2,False,,,,
1766482968.517498,0.410137355271791,0.766972352404288,0.1927673009151611,2,False,,,,
1766482968.5201678,0.410137355271791,0.766972352404288,0.1927673009151611,2,False,,,,
1766482968.522468,0.2548344785012099,0.614474310071277,0.47486056641731234,2,False,,,,
1766482968.8992589,0.2543387111565484,0.613041350174394,0.4900808463973509,2,False,,,,
1766482968.9064069,0.2543387111565484,0.613041350174394,0.4900808463973509,2,False,,,,
1766482968.912429,0.2543387111565484,0.613041350174394,0.4900808463973509,2,False,,,,
1766482968.917108,0.2543387111565484,0.613041350174394,0.4900808463973509,2,False,,,,
1766482968.919786,0.26578356422027216,0.6096269256702953,0.47538652482458754,2,False,,,,
1766482969.271748,0.7099028329701557,0.9926316456128982,0.99,2,False,,,,
1766482969.277181,0.7099028329701557,0.9926316456128982,0.99,2,False,,,,
1766482969.2835908,0.7099028329701557,0.9926316456128982,0.99,2,False,,,,
1766482969.286407,0.7099028329701557,0.9926316456128982,0.99,2,False,,,,
1766482969.289073,0.7431537187544157,0.9441416109816839,0.4423156920403742,2,False,,,,
1766482969.719158,0.7431537187544157,0.9441416109816839,0.4423156920403742,2,False,,,,
1766482969.724354,0.7431537187544157,0.9441416109816839,0.4423156920403742,2,False,,,,
1766482969.727419,0.7431537187544157,0.9441416109816839,0.4423156920403742,2,False,,,,
1766482969.729641,0.7431537187544157,0.9441416109816839,0.4423156920403742,2,False,,,,
1766482969.732419,0.29662358604697997,0.634075470283793,0.35742349289697084,2,False,,,,
1766482970.124015,0.29662358604697997,0.634075470283793,0.35742349289697084,2,False,,,,
1766482970.129513,0.29662358604697997,0.634075470283793,0.35742349289697084,2,False,,,,
1766482970.132375,0.29662358604697997,0.634075470283793,0.35742349289697084,2,False,,,,
1766482970.134827,0.29662358604697997,0.634075470283793,0.35742349289697084,2,False,,,,
1766482970.137624,0.6699553925217221,0.9806194412849585,0.7197559522832647,2,False,,,,
1766482970.416996,0.6699553925217221,0.9806194412849585,0.7197559522832647,2,False,,,,
1766482970.422016,0.6699553925217221,0.9806194412849585,0.7197559522832647,2,False,,,,
1766482970.424605,0.6699553925217221,0.9806194412849585,0.7197559522832647,2,False,,,,
1766482970.4268758,0.6699553925217221,0.9806194412849585,0.7197559522832647,2,False,,,,
1766482970.429407,0.7450143743986454,0.9543041657868204,0.3224234881128046,2,False,,,,
1766482970.848097,0.29952523695245226,0.6223395932900198,0.3805991924771229,2,False,,,,
1766482970.8548899,0.29952523695245226,0.6223395932900198,0.3805991924771229,2,False,,,,
1766482970.859661,0.29952523695245226,0.6223395932900198,0.3805991924771229,2,False,,,,
1766482970.862219,0.29952523695245226,0.6223395932900198,0.3805991924771229,2,False,,,,
1766482970.864589,0.28599440604872306,0.655241231224265,0.4173174710051744,2,False,,,,
1766482971.764752,0.28599440604872306,0.655241231224265,0.4173174710051744,2,False,,,,
1766482971.770081,0.28599440604872306,0.655241231224265,0.4173174710051744,2,False,,,,
1766482971.772502,0.28599440604872306,0.655241231224265,0.4173174710051744,2,False,,,,
1766482971.775285,0.28599440604872306,0.655241231224265,0.4173174710051744,2,False,,,,
1766482971.778256,0.27990047013514824,0.6589187329299163,0.4146353508916056,2,False,,,,
1766482972.147959,0.27990047013514824,0.6589187329299163,0.4146353508916056,2,False,,,,
1766482972.153733,0.7085728985904559,0.8831834247872363,0.14426608736092922,2,False,,,,
1766482972.157988,0.7085728985904559,0.8831834247872363,0.14426608736092922,2,False,,,,
1766482972.163701,0.7085728985904559,0.8831834247872363,0.14426608736092922,2,False,,,,
1766482972.168461,0.27659036972245793,0.6470174572890954,0.4158850789523935,2,False,,,,
1766482972.539374,0.27659036972245793,0.6470174572890954,0.4158850789523935,2,False,,,,
1766482972.544842,0.27659036972245793,0.6470174572890954,0.4158850789523935,2,False,,,,
1766482972.548013,0.27659036972245793,0.6470174572890954,0.4158850789523935,2,False,,,,
1766482972.551328,0.27659036972245793,0.6470174572890954,0.4158850789523935,2,False,,,,
1766482972.553658,0.26984909832461584,0.6486674296437086,0.42110109285091196,2,False,,,,
1766482972.895689,0.26984909832461584,0.6486674296437086,0.42110109285091196,2,False,,,,
1766482972.9019141,0.26984909832461584,0.6486674296437086,0.42110109285091196,2,False,,,,
1766482972.904872,0.26984909832461584,0.6486674296437086,0.42110109285091196,2,False,,,,
1766482972.9071722,0.26984909832461584,0.6486674296437086,0.42110109285091196,2,False,,,,
1766482972.9092321,0.2718709464824082,0.6323663517611599,0.3511930085602865,2,False,,,,
1766482973.4233222,0.2801336518260499,0.6399882594230498,0.3718408590665477,2,False,,,,
1766482973.429677,0.2801336518260499,0.6399882594230498,0.3718408590665477,2,False,,,,
1766482973.43589,0.2801336518260499,0.6399882594230498,0.3718408590665477,2,False,,,,
1766482973.438762,0.2801336518260499,0.6399882594230498,0.3718408590665477,2,False,,,,
1766482973.440916,0.23922704973488235,0.6561854889122267,0.4364111804181569,2,False,,,,
1766482973.9473028,0.23922704973488235,0.6561854889122267,0.4364111804181569,2,False,,,,
1766482973.952642,0.23922704973488235,0.6561854889122267,0.4364111804181569,2,False,,,,
1766482973.956039,0.23922704973488235,0.6561854889122267,0.4364111804181569,2,False,,,,
1766482973.958893,0.7103418497841758,1.011584467544648,0.0,2,False,,,,
1766482973.962467,0.27033590305954,0.6591643715693783,0.3884772575977049,2,False,,,,
1766482974.471243,0.27033590305954,0.6591643715693783,0.3884772575977049,2,False,,,,
1766482974.476907,0.27033590305954,0.6591643715693783,0.3884772575977049,2,False,,,,
1766482974.47976,0.27033590305954,0.6591643715693783,0.3884772575977049,2,False,,,,
1766482974.4843771,0.27033590305954,0.6591643715693783,0.3884772575977049,2,False,,,,
1766482974.486928,0.2408594051301396,0.6431252301036497,0.3578798816416027,2,False,,,,
1766482974.999112,0.7354296345259808,0.9004641951547162,0.3967004017989401,2,False,,,,
1766482975.006283,0.48589630163166053,0.7811975801191112,0.10593431341996028,2,False,,,,
1766482975.012664,0.48589630163166053,0.7811975801191112,0.10593431341996028,2,False,,,,
1766482975.015399,0.48589630163166053,0.7811975801191112,0.10593431341996028,2,False,,,,
1766482975.0175202,0.45483745876257425,0.5734322965696916,0.10771516236188806,2,False,,,,
1766482975.517302,0.45483745876257425,0.5734322965696916,0.10771516236188806,2,False,,,,
1766482975.5229702,0.45483745876257425,0.5734322965696916,0.10771516236188806,2,False,,,,
1766482975.525525,0.45483745876257425,0.5734322965696916,0.10771516236188806,2,False,,,,
1766482975.527862,0.45483745876257425,0.5734322965696916,0.10771516236188806,2,False,,,,
1766482975.530383,0.8828684204502887,1.2560702809960094,0.8371046483516693,1,False,,,,
1766482976.048149,0.8584377133266543,1.0975857593841358,0.342886499706148,1,False,,,,
1766482976.056067,0.8584377133266543,1.0975857593841358,0.342886499706148,1,False,,,,
1766482976.058547,0.8584377133266543,1.0975857593841358,0.342886499706148,1,False,,,,
1766482976.0608928,0.8584377133266543,1.0975857593841358,0.342886499706148,1,False,,,,
1766482976.06385,0.8636820586332993,1.0687049194472944,0.14091184011337873,0,False,,,,
1766482976.566839,0.8636820586332993,1.0687049194472944,0.14091184011337873,0,False,,,,
1766482976.57389,0.8636820586332993,1.0687049194472944,0.14091184011337873,0,False,,,,
1766482976.57711,0.4080049515458378,0.8553824611040126,0.22526555142775043,0,False,,,,
1766482976.5808241,0.4080049515458378,0.8553824611040126,0.22526555142775043,0,False,,,,
1766482976.58365,0.868926584570078,1.0716425751028285,0.14160057036851595,1,False,,,,
1766482977.093424,0.868926584570078,1.0716425751028285,0.14160057036851595,1,False,,,,
1766482977.1012008,0.868926584570078,1.0716425751028285,0.14160057036851595,1,False,,,,
1766482977.106234,0.868926584570078,1.0716425751028285,0.14160057036851595,1,False,,,,
1766482977.1085818,0.868926584570078,1.0716425751028285,0.14160057036851595,1,False,,,,
1766482977.111237,0.9200104042945695,1.1460439535803864,0.8722785115242004,1,False,,,,
1766482977.6167302,0.5566701560052711,0.8233887930764676,0.16499013492949086,1,False,,,,
1766482977.624515,0.5566701560052711,0.8233887930764676,0.16499013492949086,1,False,,,,
1766482977.630027,0.5566701560052711,0.8233887930764676,0.16499013492949086,1,False,,,,
1766482977.632661,0.5566701560052711,0.8233887930764676,0.16499013492949086,1,False,,,,
1766482977.6352088,0.8773275535894349,0.9041306538149214,0.8621228635311127,1,False,,,,
1766482977.9514508,0.8809688780682448,1.0305274547146301,0.9668983519077301,1,False,,,,
1766482977.959714,0.8809688780682448,1.0305274547146301,0.9668983519077301,1,False,,,,
1766482977.9649699,0.8809688780682448,1.0305274547146301,0.9668983519077301,1,False,,,,
1766482977.96777,0.8809688780682448,1.0305274547146301,0.9668983519077301,1,False,,,,
1766482977.9722629,0.31059186423099655,0.8036090378346226,0.47521403802043755,0,False,,,,
1766482978.147276,0.31059186423099655,0.8036090378346226,0.47521403802043755,0,False,,,,
1766482978.15374,0.4344420830276646,0.887485707787735,0.22331297747582257,0,False,,,,
1766482978.157963,0.4344420830276646,0.887485707787735,0.22331297747582257,0,False,,,,
1766482978.164493,0.4344420830276646,0.887485707787735,0.22331297747582257,0,False,,,,
1766482978.167477,0.3939640069616003,0.9066869095370235,0.13994048113437915,2,False,,,,
1766482978.472378,0.3939640069616003,0.9066869095370235,0.13994048113437915,2,False,,,,
1766482978.479852,0.3939640069616003,0.9066869095370235,0.13994048113437915,2,False,,,,
1766482978.483184,0.31254091808747797,0.8830913757379701,0.11650928630234764,2,False,,,,
1766482978.486214,0.8553045419206791,1.2272788016657388,0.8308814640297402,2,False,,,,
1766482978.489418,0.8896100619712147,1.0042254322617616,0.24092076284396569,2,False,,,,
1766482979.0356,0.8896100619712147,1.0042254322617616,0.24092076284396569,2,False,,,,
1766482979.0408058,0.8896100619712147,1.0042254322617616,0.24092076284396569,2,False,,,,
1766482979.04337,0.8896100619712147,1.0042254322617616,0.24092076284396569,2,False,,,,
1766482979.046171,0.8896100619712147,1.0042254322617616,0.24092076284396569,2,False,,,,
1766482979.049176,0.8554676204578706,1.144183039327894,0.16288522864954877,2,False,,,,
1766482979.341805,0.8554676204578706,1.144183039327894,0.16288522864954877,2,False,,,,
1766482979.3484428,0.8554676204578706,1.144183039327894,0.16288522864954877,2,False,,,,
1766482979.3512478,0.8554676204578706,1.144183039327894,0.16288522864954877,2,False,,,,
1766482979.354163,0.8554676204578706,1.144183039327894,0.16288522864954877,2,False,,,,
1766482979.3582249,0.8298204871071597,1.1452379479064896,0.14904189003050375,2,False,,,,
1766482979.7147038,0.8298204871071597,1.1452379479064896,0.14904189003050375,2,False,,,,
1766482979.7208152,0.8298204871071597,1.1452379479064896,0.14904189003050375,2,False,,,,
1766482979.723729,0.819284998091355,1.1459649945412524,0.15288313614131704,2,False,,,,
1766482979.729621,0.8299052246356297,1.145381750258607,0.14821120027607015,2,False,,,,
1766482979.7328,0.81839637538934,1.1462851419352063,0.14821937781276362,2,False,,,,
1766482980.134368,0.8184874125767895,1.1464379340449287,0.13319037052702457,2,False,,,,
1766482980.1412559,0.8184874125767895,1.1464379340449287,0.13319037052702457,2,False,,,,
1766482980.14405,0.8184874125767895,1.1464379340449287,0.13319037052702457,2,False,,,,
1766482980.146677,0.8184874125767895,1.1464379340449287,0.13319037052702457,2,False,,,,
1766482980.1490822,0.8140010211921449,1.136448891290115,0.14636210907240133,2,False,,,,
1766482980.572047,0.8140010211921449,1.136448891290115,0.14636210907240133,2,False,,,,
1766482980.578933,0.8140010211921449,1.136448891290115,0.14636210907240133,2,False,,,,
1766482980.5846138,0.8140010211921449,1.136448891290115,0.14636210907240133,2,False,,,,
1766482980.5871592,0.8140010211921449,1.136448891290115,0.14636210907240133,2,False,,,,
1766482980.5897028,0.838098792221485,1.1459880746572186,0.18688862651538296,2,False,,,,
1766482980.9840581,0.838098792221485,1.1459880746572186,0.18688862651538296,2,False,,,,
1766482980.990224,0.838098792221485,1.1459880746572186,0.18688862651538296,2,False,,,,
1766482980.9929569,0.838098792221485,1.1459880746572186,0.18688862651538296,2,False,,,,
1766482980.99537,0.838098792221485,1.1459880746572186,0.18688862651538296,2,False,,,,
1766482980.997935,0.4875630965018338,0.7428961379402897,1.0,2,False,,,,
1766482981.3517282,0.4875630965018338,0.7428961379402897,1.0,2,False,,,,
1766482981.357436,0.4875630965018338,0.7428961379402897,1.0,2,False,,,,
1766482981.360123,0.4875630965018338,0.7428961379402897,1.0,2,False,,,,
1766482981.3627698,0.4875630965018338,0.7428961379402897,1.0,2,False,,,,
1766482981.365172,0.7887771559684675,1.167498129156128,0.16944636203226351,2,False,,,,
1766482981.811815,0.7887771559684675,1.167498129156128,0.16944636203226351,2,False,,,,
1766482981.819056,0.7887771559684675,1.167498129156128,0.16944636203226351,2,False,,,,
1766482981.824352,0.7887771559684675,1.167498129156128,0.16944636203226351,2,False,,,,
1766482981.826795,0.7887771559684675,1.167498129156128,0.16944636203226351,2,False,,,,
1766482981.8291981,0.49137342315138194,0.7264499774412634,0.8350467085838318,2,False,,,,
1766482982.146857,0.835777533103137,1.1481016325076379,0.13494366141641728,2,False,,,,
1766482982.153549,0.835777533103137,1.1481016325076379,0.13494366141641728,2,False,,,,
1766482982.159491,0.835777533103137,1.1481016325076379,0.13494366141641728,2,False,,,,
1766482982.162753,0.835777533103137,1.1481016325076379,0.13494366141641728,2,False,,,,
1766482982.165744,0.8350613891888223,1.1576689783890826,0.18097948090897684,2,False,,,,
1766482982.722207,0.8350613891888223,1.1576689783890826,0.18097948090897684,2,False,,,,
1766482982.728409,0.8350613891888223,1.1576689783890826,0.18097948090897684,2,False,,,,
1766482982.73118,0.8350613891888223,1.1576689783890826,0.18097948090897684,2,False,,,,
1766482982.733835,0.8350613891888223,1.1576689783890826,0.18097948090897684,2,False,,,,
1766482982.739858,0.8411594005802758,1.1551228165053218,0.17687565916309292,2,False,,,,
1766482983.192845,0.8411594005802758,1.1551228165053218,0.17687565916309292,2,False,,,,
1766482983.198816,0.8411594005802758,1.1551228165053218,0.17687565916309292,2,False,,,,
1766482983.202024,0.8411594005802758,1.1551228165053218,0.17687565916309292,2,False,,,,
1766482983.204465,0.8411594005802758,1.1551228165053218,0.17687565916309292,2,False,,,,
1766482983.206757,0.8396067934873676,1.163454329301576,0.17246809906674854,2,False,,,,
1766482983.5146391,0.47439313405167444,0.7375627208319786,0.9984468817710876,2,False,,,,
1766482983.5215318,0.47439313405167444,0.7375627208319786,0.9984468817710876,2,False,,,,
1766482983.527693,0.47439313405167444,0.7375627208319786,0.9984468817710876,2,False,,,,
1766482983.5304909,0.47439313405167444,0.7375627208319786,0.9984468817710876,2,False,,,,
1766482983.532925,0.8504935748427928,0.581543320352333,0.8259986639022827,2,False,,,,
1766482983.90993,0.8504935748427928,0.581543320352333,0.8259986639022827,2,False,,,,
1766482983.915228,0.8504935748427928,0.581543320352333,0.8259986639022827,2,False,,,,
1766482983.91821,0.8569029133461743,0.7885491284629328,0.9239306449890137,2,False,,,,
1766482983.9208581,0.856689510284712,0.7860360995204272,0.8853603601455688,2,False,,,,
1766482983.9236631,0.8867964924050222,0.9446821065515748,0.9775007665157318,1,False,,,,
1766482984.2449028,0.8867964924050222,0.9446821065515748,0.9775007665157318,1,False,,,,
1766482984.2537851,0.8880207254916916,0.9337303056753167,0.9944206774234772,1,False,,,,
1766482984.256612,0.8880207254916916,0.9337303056753167,0.9944206774234772,1,False,,,,
1766482984.2635121,0.8880207254916916,0.9337303056753167,0.9944206774234772,1,False,,,,
1766482984.266082,0.8884912592208062,0.8187903727733569,0.75620037317276,0,False,,,,
1766482984.4635031,0.8884912592208062,0.8187903727733569,0.75620037317276,0,False,,,,
1766482984.470031,0.8884912592208062,0.8187903727733569,0.75620037317276,0,False,,,,
1766482984.4731038,0.8884912592208062,0.8187903727733569,0.75620037317276,0,False,,,,
1766482984.477537,0.8884912592208062,0.8187903727733569,0.75620037317276,0,False,,,,
1766482984.479906,0.8479804923175951,1.1411799013756019,0.13131320855496229,0,False,,,,
1766482984.9569988,0.3917169007052581,0.7095182465719796,0.8040282726287842,0,False,,,,
1766482984.964017,0.3917169007052581,0.7095182465719796,0.8040282726287842,0,False,,,,
1766482984.969684,0.3917169007052581,0.7095182465719796,0.8040282726287842,0,False,,,,
1766482984.97263,0.3917169007052581,0.7095182465719796,0.8040282726287842,0,False,,,,
1766482984.974967,0.4427318669168204,0.6749554720651707,0.7898938655853271,2,False,,,,
1766482985.289288,0.8357188356384471,1.1603389016854682,0.1328371204183468,2,False,,,,
1766482985.2986429,0.8357188356384471,1.1603389016854682,0.1328371204183468,2,False,,,,
1766482985.304214,0.8357188356384471,1.1603389016854682,0.1328371204183468,2,False,,,,
1766482985.306819,0.8357188356384471,1.1603389016854682,0.1328371204183468,2,False,,,,
1766482985.3091378,0.4152143367191378,0.9047027231131433,0.24011012851099112,2,False,,,,
1766482985.5744379,0.4152143367191378,0.9047027231131433,0.24011012851099112,2,False,,,,
1766482985.579731,0.4152143367191378,0.9047027231131433,0.24011012851099112,2,False,,,,
1766482985.582906,0.4152143367191378,0.9047027231131433,0.24011012851099112,2,False,,,,
1766482985.585918,0.4152143367191378,0.9047027231131433,0.24011012851099112,2,False,,,,
1766482985.588143,0.943860912200037,1.263599185092267,0.8712588548660278,2,False,,,,
1766482986.004385,0.943860912200037,1.263599185092267,0.8712588548660278,2,False,,,,
1766482986.0104582,0.943860912200037,1.263599185092267,0.8712588548660278,2,False,,,,
1766482986.0130339,0.943860912200037,1.263599185092267,0.8712588548660278,2,False,,,,
1766482986.0154932,0.943860912200037,1.263599185092267,0.8712588548660278,2,False,,,,
1766482986.0179489,0.8858591156980825,0.9065806426162905,1.0,1,False,,,,
1766482986.339686,0.8858591156980825,0.9065806426162905,1.0,1,False,,,,
1766482986.3469949,0.8858591156980825,0.9065806426162905,1.0,1,False,,,,
1766482986.3522072,0.8858591156980825,0.9065806426162905,1.0,1,False,,,,
1766482986.3543942,0.8858591156980825,0.9065806426162905,1.0,1,False,,,,
1766482986.356716,0.8949717300988269,1.0519411536258976,1.0,0,False,,,,
1766482986.5294762,0.897285567023544,1.0419660804435742,1.0,0,False,,,,
1766482986.537794,0.8977302526536249,1.0381793512263124,1.0,0,False,,,,
1766482986.543819,0.8977302526536249,1.0381793512263124,1.0,0,False,,,,
1766482986.5463302,0.8977302526536249,1.0381793512263124,1.0,0,False,,,,
1766482986.5485399,0.8533267030906533,0.847841679354776,0.9380727112293243,0,False,,,,
1766482986.710804,0.8533267030906533,0.847841679354776,0.9380727112293243,0,False,,,,
1766482986.716964,0.8533267030906533,0.847841679354776,0.9380727112293243,0,False,,,,
1766482986.719629,0.8533267030906533,0.847841679354776,0.9380727112293243,0,False,,,,
1766482986.721848,0.8533267030906533,0.847841679354776,0.9380727112293243,0,False,,,,
1766482986.7266932,0.8816190848513953,0.9200906174271823,0.981354296207428,1,False,,,,
1766482986.9675698,0.8822212688556361,0.9141724570022934,0.9782957434654236,1,False,,,,
1766482986.974418,0.8822212688556361,0.9141724570022934,0.9782957434654236,1,False,,,,
1766482986.980233,0.8822212688556361,0.9141724570022934,0.9782957434654236,1,False,,,,
1766482986.982708,0.8822212688556361,0.9141724570022934,0.9782957434654236,1,False,,,,
1766482986.985098,0.8837951170999505,0.9706671593607644,0.9959088265895844,1,False,,,,
1766482987.386509,0.8837951170999505,0.9706671593607644,0.9959088265895844,1,False,,,,
1766482987.39234,0.8837951170999505,0.9706671593607644,0.9959088265895844,1,False,,,,
1766482987.394756,0.8837951170999505,0.9706671593607644,0.9959088265895844,1,False,,,,
1766482987.3972852,0.8837951170999505,0.9706671593607644,0.9959088265895844,1,False,,,,
1766482987.400156,0.8751804857121852,0.8378419898951057,1.0,2,False,,,,
1766482987.772938,0.8773696345900875,0.8538573252537056,0.9774372279644012,2,False,,,,
1766482987.777923,0.8773696345900875,0.8538573252537056,0.9774372279644012,2,False,,,,
1766482987.7857869,0.8773696345900875,0.8538573252537056,0.9774372279644012,2,False,,,,
1766482987.788532,0.8773696345900875,0.8538573252537056,0.9774372279644012,2,False,,,,
1766482987.790945,0.8760346972533124,0.8047649334551974,0.9624734222888947,2,False,,,,
1766482988.105044,0.8755567109338221,0.7985440018770777,0.9623115658760071,2,False,,,,
1766482988.1123042,0.8742713209241536,0.7827274318625796,0.9568053483963013,2,False,,,,
1766482988.118117,0.8742713209241536,0.7827274318625796,0.9568053483963013,2,False,,,,
1766482988.121495,0.8742713209241536,0.7827274318625796,0.9568053483963013,2,False,,,,
1766482988.1240919,0.34260148593465684,0.9196457813915287,0.18167395976566797,1,False,,,,
1766482988.439363,0.34260148593465684,0.9196457813915287,0.18167395976566797,1,False,,,,
1766482988.4468591,0.8122283512877637,0.9804656869373076,0.2040761976087071,1,False,,,,
1766482988.4528341,0.8122283512877637,0.9804656869373076,0.2040761976087071,1,False,,,,
1766482988.457632,0.8122283512877637,0.9804656869373076,0.2040761976087071,1,False,,,,
1766482988.460223,0.8184327370614234,0.9659102378975211,0.21771754551285316,1,False,,,,
1766482988.719745,0.8184327370614234,0.9659102378975211,0.21771754551285316,1,False,,,,
1766482988.725054,0.8184327370614234,0.9659102378975211,0.21771754551285316,1,False,,,,
1766482988.727634,0.8184327370614234,0.9659102378975211,0.21771754551285316,1,False,,,,
1766482988.7303731,0.8184327370614234,0.9659102378975211,0.21771754551285316,1,False,,,,
1766482988.733338,0.755474036529912,0.9942946276208904,0.2207341873891285,1,False,,,,
1766482988.988528,0.755474036529912,0.9942946276208904,0.2207341873891285,1,False,,,,
1766482988.994167,0.755474036529912,0.9942946276208904,0.2207341873891285,1,False,,,,
1766482988.996685,0.755474036529912,0.9942946276208904,0.2207341873891285,1,False,,,,
1766482988.9994721,0.755474036529912,0.9942946276208904,0.2207341873891285,1,False,,,,
1766482989.0015922,0.7242114312783604,0.9071715731608581,0.7283525468196483,2,False,,,,
1766482989.2801971,0.35329958666428524,0.72552343423659,0.7971826730600536,2,False,,,,
1766482989.287074,0.35329958666428524,0.72552343423659,0.7971826730600536,2,False,,,,
1766482989.2924411,0.35329958666428524,0.72552343423659,0.7971826730600536,2,False,,,,
1766482989.295466,0.35329958666428524,0.72552343423659,0.7971826730600536,2,False,,,,
1766482989.297761,0.3417766157196384,0.8815274189824032,0.2106314500250221,2,False,,,,
1766482989.680741,0.7430240560795751,0.7389395690281396,0.99,2,False,,,,
1766482989.69025,0.7775451695520579,0.8233818355316992,0.2555104389206147,2,False,,,,
1766482989.696553,0.7775451695520579,0.8233818355316992,0.2555104389206147,2,False,,,,
1766482989.700089,0.7775451695520579,0.8233818355316992,0.2555104389206147,2,False,,,,
1766482989.702415,0.38008110168047377,0.8815863017534581,0.20707729481825293,2,False,,,,
1766482990.4038038,0.38008110168047377,0.8815863017534581,0.20707729481825293,2,False,,,,
1766482990.409003,0.38008110168047377,0.8815863017534581,0.20707729481825293,2,False,,,,
1766482990.41406,0.38008110168047377,0.8815863017534581,0.20707729481825293,2,False,,,,
1766482990.416919,0.36381479917316106,0.8979024515888553,0.218964564777722,2,False,,,,
1766482990.420971,0.36203991660176593,0.9029808230566898,0.2320584306360328,2,False,,,,
1766482990.7265532,0.36203991660176593,0.9029808230566898,0.2320584306360328,2,False,,,,
1766482990.732477,0.36203991660176593,0.9029808230566898,0.2320584306360328,2,False,,,,
1766482990.735481,0.36203991660176593,0.9029808230566898,0.2320584306360328,2,False,,,,
1766482990.737963,0.36203991660176593,0.9029808230566898,0.2320584306360328,2,False,,,,
1766482990.740569,0.3861355567099195,0.8784184904117522,0.3420918520580488,2,False,,,,
1766482991.059084,0.3671384290356944,0.8840398439039187,0.2934166927381227,2,False,,,,
1766482991.065608,0.3671384290356944,0.8840398439039187,0.2934166927381227,2,False,,,,
1766482991.07098,0.3671384290356944,0.8840398439039187,0.2934166927381227,2,False,,,,
1766482991.074205,0.3671384290356944,0.8840398439039187,0.2934166927381227,2,False,,,,
1766482991.0800571,0.7614828973520437,0.8623436955395061,0.2483066676397378,2,False,,,,
1766482991.3393228,0.7614828973520437,0.8623436955395061,0.2483066676397378,2,False,,,,
1766482991.344764,0.7614828973520437,0.8623436955395061,0.2483066676397378,2,False,,,,
1766482991.3478668,0.7614828973520437,0.8623436955395061,0.2483066676397378,2,False,,,,
1766482991.3507478,0.7614828973520437,0.8623436955395061,0.2483066676397378,2,False,,,,
1766482991.3533719,0.16511403358729443,0.7970189175064835,0.3638120570745405,2,False,,,,
1766482992.298029,0.1859673252886324,0.8647739855519253,0.3485754897940351,2,False,,,,
1766482992.305068,0.1859673252886324,0.8647739855519253,0.3485754897940351,2,False,,,,
1766482992.310782,0.1859673252886324,0.8647739855519253,0.3485754897940351,2,False,,,,
1766482992.313408,0.1859673252886324,0.8647739855519253,0.3485754897940351,2,False,,,,
1766482992.3161511,0.14413989504067048,0.7644762188655883,0.33525131072670555,2,False,,,,
1766482992.657872,0.14413989504067048,0.7644762188655883,0.33525131072670555,2,False,,,,
1766482992.6630678,0.14482225746571356,0.7967562507656234,0.36097732018323025,2,False,,,,
1766482992.6669052,0.14482225746571356,0.7967562507656234,0.36097732018323025,2,False,,,,
1766482992.673238,0.14482225746571356,0.7967562507656234,0.36097732018323025,2,False,,,,
1766482992.676086,0.15226256354586068,0.7825812475829852,0.251416979636088,2,False,,,,
1766482993.15297,0.15226256354586068,0.7825812475829852,0.251416979636088,2,False,,,,
1766482993.1582022,0.15226256354586068,0.7825812475829852,0.251416979636088,2,False,,,,
1766482993.161483,0.15226256354586068,0.7825812475829852,0.251416979636088,2,False,,,,
1766482993.163889,0.15226256354586068,0.7825812475829852,0.251416979636088,2,False,,,,
1766482993.166389,0.11884431875932581,0.7675404757325658,0.18606435680921105,2,False,,,,
1766482993.5767329,0.11884431875932581,0.7675404757325658,0.18606435680921105,2,False,,,,
1766482993.582449,0.11884431875932581,0.7675404757325658,0.18606435680921105,2,False,,,,
1766482993.5852292,0.11884431875932581,0.7675404757325658,0.18606435680921105,2,False,,,,
1766482993.5903301,0.11884431875932581,0.7675404757325658,0.18606435680921105,2,False,,,,
1766482993.5927732,0.7536536983913652,0.8952600537045835,0.3010352518243871,2,False,,,,
1766482993.9444869,0.12508442494352293,0.7653068847049905,0.25416281725525736,2,False,,,,
1766482993.9507189,0.12508442494352293,0.7653068847049905,0.25416281725525736,2,False,,,,
1766482993.956519,0.12508442494352293,0.7653068847049905,0.25416281725525736,2,False,,,,
1766482993.959538,0.12508442494352293,0.7653068847049905,0.25416281725525736,2,False,,,,
1766482993.962346,0.11982191585590103,0.9373488434034515,0.2963664642184953,2,False,,,,
1766482995.0121589,0.09232852926443984,0.8879529583784878,0.29327161792163187,2,False,,,,
1766482995.0190232,0.09232852926443984,0.8879529583784878,0.29327161792163187,2,False,,,,
1766482995.024852,0.09232852926443984,0.8879529583784878,0.29327161792163187,2,False,,,,
1766482995.027442,0.09232852926443984,0.8879529583784878,0.29327161792163187,2,False,,,,
1766482995.0300958,0.05879261593174068,0.8546501437842333,0.4055197110773686,2,False,,,,
1766482995.4453068,0.06740229528459007,0.8593775739040548,0.30790124882618936,2,False,,,,
1766482995.452748,0.06221998951761911,0.8408255795763432,0.33617142630567576,2,False,,,,
1766482995.4591172,0.06221998951761911,0.8408255795763432,0.33617142630567576,2,False,,,,
1766482995.461767,0.06221998951761911,0.8408255795763432,0.33617142630567576,2,False,,,,
1766482995.46402,0.05952280335991693,0.8347590251201221,0.3542677713334131,2,False,,,,
1766482995.775829,0.05952280335991693,0.8347590251201221,0.3542677713334131,2,False,,,,
1766482995.781728,0.03901018597768493,0.8362647809005016,0.35220339826403513,2,False,,,,
1766482995.784705,0.03901018597768493,0.8362647809005016,0.35220339826403513,2,False,,,,
1766482995.790551,0.03901018597768493,0.8362647809005016,0.35220339826403513,2,False,,,,
1766482995.793086,-0.009441902693353122,0.8192983072034454,0.4249837968176719,1,False,,,,
1766482996.133245,-0.009441902693353122,0.8192983072034454,0.4249837968176719,1,False,,,,
1766482996.1388092,-0.009441902693353122,0.8192983072034454,0.4249837968176719,1,False,,,,
1766482996.144046,-0.009441902693353122,0.8192983072034454,0.4249837968176719,1,False,,,,
1766482996.147588,0.3704357133509961,0.7327788511482535,0.7995206991096449,1,False,,,,
1766482996.1513898,0.03798502377149156,0.8846259556525385,0.43177266310780177,1,False,,,,
1766482996.375905,0.03798502377149156,0.8846259556525385,0.43177266310780177,1,False,,,,
1766482996.38203,0.04451359285761969,0.9000897594779144,0.39214000979023417,1,False,,,,
1766482996.3858922,0.0005349732154461328,0.8249181817336718,0.3761620830961085,1,False,,,,
1766482996.3894038,0.0005349732154461328,0.8249181817336718,0.3761620830961085,1,False,,,,
1766482996.395524,0.801265025852883,0.9022702568395806,0.830601692199707,1,False,,,,
1766482996.859207,0.801265025852883,0.9022702568395806,0.830601692199707,1,False,,,,
1766482996.8667169,0.801265025852883,0.9022702568395806,0.830601692199707,1,False,,,,
1766482996.869296,0.801265025852883,0.9022702568395806,0.830601692199707,1,False,,,,
1766482996.8719192,0.801265025852883,0.9022702568395806,0.830601692199707,1,False,,,,
1766482996.8765042,0.8186015938284887,0.5893494553384212,0.9066480277414449,1,False,,,,
1766482997.110219,0.8186015938284887,0.5893494553384212,0.9066480277414449,1,False,,,,
1766482997.1161249,0.8186015938284887,0.5893494553384212,0.9066480277414449,1,False,,,,
1766482997.119721,0.3851138479468621,0.9329261531306713,0.2336928921787529,1,False,,,,
1766482997.1242602,0.3851138479468621,0.9329261531306713,0.2336928921787529,1,False,,,,
1766482997.12944,0.8543090883659857,1.0660153733459015,0.1370444918277654,1,False,,,,
1766482997.419311,0.8543090883659857,1.0660153733459015,0.1370444918277654,1,False,,,,
1766482997.4255319,0.22664123488225568,0.6721593011391528,0.5387185392179074,1,False,,,,
1766482997.4284449,0.22664123488225568,0.6721593011391528,0.5387185392179074,1,False,,,,
1766482997.433734,0.22664123488225568,0.6721593011391528,0.5387185392179074,1,False,,,,
1766482997.436287,0.7189509441827572,0.5652276571459771,0.871106265513014,1,False,,,,
1766482997.777313,0.7189509441827572,0.5652276571459771,0.871106265513014,1,False,,,,
1766482997.78212,0.7189509441827572,0.5652276571459771,0.871106265513014,1,False,,,,
1766482997.784933,0.7189509441827572,0.5652276571459771,0.871106265513014,1,False,,,,
1766482997.787659,0.7189509441827572,0.5652276571459771,0.871106265513014,1,False,,,,
1766482997.7906291,0.24622951642229446,0.707766303363654,0.5233114405150554,1,False,,,,
1766482998.101904,0.24622951642229446,0.707766303363654,0.5233114405150554,1,False,,,,
1766482998.108195,0.24622951642229446,0.707766303363654,0.5233114405150554,1,False,,,,
1766482998.1105778,0.24622951642229446,0.707766303363654,0.5233114405150554,1,False,,,,
1766482998.112797,0.24622951642229446,0.707766303363654,0.5233114405150554,1,False,,,,
1766482998.115675,0.2631000503512898,0.7160748836717409,0.5564814581369111,2,False,,,,
1766482998.4180312,0.2631000503512898,0.7160748836717409,0.5564814581369111,2,False,,,,
1766482998.4240608,0.2631000503512898,0.7160748836717409,0.5564814581369111,2,False,,,,
1766482998.426743,0.26233289058178644,0.7150858374034681,0.4869711488619524,2,False,,,,
1766482998.432343,0.26233289058178644,0.7150858374034681,0.4869711488619524,2,False,,,,
1766482998.439529,0.7731352952756883,1.0000216124543275,0.2356775421295645,2,False,,,,
1766482998.8025322,0.7731352952756883,1.0000216124543275,0.2356775421295645,2,False,,,,
1766482998.808657,0.7731352952756883,1.0000216124543275,0.2356775421295645,2,False,,,,
1766482998.8113642,0.7731352952756883,1.0000216124543275,0.2356775421295645,2,False,,,,
1766482998.8139021,0.7731352952756883,1.0000216124543275,0.2356775421295645,2,False,,,,
1766482998.816011,0.2767215596168789,0.7357129778973371,0.5004872576704746,2,False,,,,
1766482999.24124,0.2767215596168789,0.7357129778973371,0.5004872576704746,2,False,,,,
1766482999.246846,0.2767215596168789,0.7357129778973371,0.5004872576704746,2,False,,,,
1766482999.249616,0.2767215596168789,0.7357129778973371,0.5004872576704746,2,False,,,,
1766482999.252342,0.2767215596168789,0.7357129778973371,0.5004872576704746,2,False,,,,
1766482999.255101,0.7625882047028392,1.0164226373843697,0.2456546000601995,2,False,,,,
1766482999.827024,0.7625882047028392,1.0164226373843697,0.2456546000601995,2,False,,,,
1766482999.8327029,0.41767640901220143,0.6053651498449429,0.8269065618515015,2,False,,,,
1766482999.837122,0.7665014408203461,1.0124212475394399,0.1915976076399252,2,False,,,,
1766482999.839883,0.7665014408203461,1.0124212475394399,0.1915976076399252,2,False,,,,
1766482999.845537,0.7130616860170507,1.0929541084250123,0.23100982828210753,1,False,,,,
1766483000.162356,0.7130616860170507,1.0929541084250123,0.23100982828210753,1,False,,,,
1766483000.168254,0.7130616860170507,1.0929541084250123,0.23100982828210753,1,False,,,,
1766483000.172488,0.711613180907698,1.0709237589373768,0.22711732115204017,1,False,,,,
1766483000.1759648,0.711613180907698,1.0709237589373768,0.22711732115204017,1,False,,,,
1766483000.181908,0.42303848004874495,0.6078156436343901,0.7263409495353699,1,False,,,,
1766483000.4958122,0.42303848004874495,0.6078156436343901,0.7263409495353699,1,False,,,,
1766483000.5021062,0.42303848004874495,0.6078156436343901,0.7263409495353699,1,False,,,,
1766483000.512228,0.7113100906932706,1.088155989445725,0.21357446377264094,1,False,,,,
1766483000.517462,0.7113100906932706,1.088155989445725,0.21357446377264094,1,False,,,,
1766483000.5203671,0.7109357112496936,1.0906084815115784,0.20681863286760302,1,False,,,,
1766483000.784852,0.7109357112496936,1.0906084815115784,0.20681863286760302,1,False,,,,
1766483000.790792,0.7109357112496936,1.0906084815115784,0.20681863286760302,1,False,,,,
1766483000.7937138,0.7109357112496936,1.0906084815115784,0.20681863286760302,1,False,,,,
1766483000.79652,0.7109357112496936,1.0906084815115784,0.20681863286760302,1,False,,,,
1766483000.7989812,0.7077301650996017,1.090919835353073,0.18379560312544183,1,False,,,,
1766483001.1066282,0.6932203909746721,1.0920431916166111,0.19192258787947652,1,False,,,,
1766483001.113863,0.6932203909746721,1.0920431916166111,0.19192258787947652,1,False,,,,
1766483001.120333,0.6932203909746721,1.0920431916166111,0.19192258787947652,1,False,,,,
1766483001.122902,0.6932203909746721,1.0920431916166111,0.19192258787947652,1,False,,,,
1766483001.128095,0.7000147354251164,1.0916041119430087,0.24609756545863293,1,False,,,,
1766483001.7869911,0.7000147354251164,1.0916041119430087,0.24609756545863293,1,False,,,,
1766483001.792747,0.7000147354251164,1.0916041119430087,0.24609756545863293,1,False,,,,
1766483001.795595,0.7000147354251164,1.0916041119430087,0.24609756545863293,1,False,,,,
1766483001.797984,0.7000147354251164,1.0916041119430087,0.24609756545863293,1,False,,,,
1766483001.800255,0.3716169624927028,0.6518723566802903,0.7121783494949341,1,False,,,,
1766483002.467063,0.3716169624927028,0.6518723566802903,0.7121783494949341,1,False,,,,
1766483002.473022,0.3716169624927028,0.6518723566802903,0.7121783494949341,1,False,,,,
1766483002.4759722,0.3716169624927028,0.6518723566802903,0.7121783494949341,1,False,,,,
1766483002.4793239,0.3716169624927028,0.6518723566802903,0.7121783494949341,1,False,,,,
1766483002.4827678,0.253671526862736,0.7158194767499158,0.5207493976737839,1,False,,,,
1766483002.877099,0.253671526862736,0.7158194767499158,0.5207493976737839,1,False,,,,
1766483002.882248,0.290875463882763,0.7709028698364739,0.39323710097915326,1,False,,,,
1766483002.885222,0.29974224449470366,0.7541215104050935,0.49133037980388294,1,False,,,,
1766483002.88836,0.29974224449470366,0.7541215104050935,0.49133037980388294,1,False,,,,
1766483002.894283,0.8256836728020074,0.7512838625101441,0.9599299430847168,1,False,,,,
1766483003.4634922,0.8256836728020074,0.7512838625101441,0.9599299430847168,1,False,,,,
1766483003.4714072,0.8256836728020074,0.7512838625101441,0.9599299430847168,1,False,,,,
1766483003.4740071,0.8256836728020074,0.7512838625101441,0.9599299430847168,1,False,,,,
1766483003.4764538,0.8256836728020074,0.7512838625101441,0.9599299430847168,1,False,,,,
1766483003.478975,0.870196906957321,1.0761067540508413,0.9447257816791534,1,False,,,,
1766483003.716806,0.870196906957321,1.0761067540508413,0.9447257816791534,1,False,,,,
1766483003.722368,0.8663526682555067,1.030963667692587,0.9719277620315552,1,False,,,,
1766483003.725916,0.8666674260775971,1.028018820024809,1.0,1,False,,,,
1766483003.730525,0.8666674260775971,1.028018820024809,1.0,1,False,,,,
1766483003.7365088,0.8666323944471644,0.9273473034946155,0.9439502954483032,1,False,,,,
1766483004.0382001,0.8666323944471644,0.9273473034946155,0.9439502954483032,1,False,,,,
1766483004.043543,0.8666323944471644,0.9273473034946155,0.9439502954483032,1,False,,,,
1766483004.046439,0.8666323944471644,0.9273473034946155,0.9439502954483032,1,False,,,,
1766483004.0494888,0.8666323944471644,0.9273473034946155,0.9439502954483032,1,False,,,,
1766483004.051641,0.41923292159214565,0.9065715201738261,0.2223626250039729,1,False,,,,
1766483004.357037,0.868818165359527,1.0609850155274674,0.15657359025980971,1,False,,,,
1766483004.363487,0.856286300237528,1.063707283713677,0.1309815875176361,1,False,,,,
1766483004.37026,0.856286300237528,1.063707283713677,0.1309815875176361,1,False,,,,
1766483004.372853,0.856286300237528,1.063707283713677,0.1309815875176361,1,False,,,,
1766483004.375305,0.41650534216494145,0.9022349543052864,0.19712609662876257,1,False,,,,
1766483004.6928031,0.4188917149960775,0.9136775792720303,0.2156092963019319,1,False,,,,
1766483004.7000058,0.4331915975977096,0.911811701179133,0.17989749503366523,1,False,,,,
1766483004.702828,0.4331915975977096,0.911811701179133,0.17989749503366523,1,False,,,,
1766483004.708357,0.4331915975977096,0.911811701179133,0.17989749503366523,1,False,,,,
1766483004.71107,0.7765653310562073,1.0239290794245561,0.22502687420594464,1,False,,,,
1766483004.970955,0.7765653310562073,1.0239290794245561,0.22502687420594464,1,False,,,,
1766483004.978025,0.7765653310562073,1.0239290794245561,0.22502687420594464,1,False,,,,
1766483004.980722,0.7765653310562073,1.0239290794245561,0.22502687420594464,1,False,,,,
1766483004.983134,0.7765653310562073,1.0239290794245561,0.22502687420594464,1,False,,,,
1766483004.985766,0.7761078629912294,0.9978590401500184,0.2007219315762142,1,False,,,,
1766483005.286216,0.7761078629912294,0.9978590401500184,0.2007219315762142,1,False,,,,
1766483005.2919822,0.7761078629912294,0.9978590401500184,0.2007219315762142,1,False,,,,
1766483005.297159,0.44442282672556177,0.930914221384742,0.19419760322896185,1,False,,,,
1766483005.3017,0.44656441618351356,0.9424275331109995,0.18516547903267808,1,False,,,,
1766483005.3051462,0.4480884915738189,0.9246327330662496,0.21476676734051442,1,False,,,,
1766483005.620264,0.4480884915738189,0.9246327330662496,0.21476676734051442,1,False,,,,
1766483005.6255722,0.4480884915738189,0.9246327330662496,0.21476676734051442,1,False,,,,
1766483005.6285,0.4480884915738189,0.9246327330662496,0.21476676734051442,1,False,,,,
1766483005.6317482,0.45359379475957085,0.9124101641500693,0.24047308627331576,1,False,,,,
1766483005.635045,0.04058203972007366,0.46621301576185525,0.7291756272315979,1,False,,,,
1766483006.144746,0.04058203972007366,0.46621301576185525,0.7291756272315979,1,False,,,,
1766483006.1502059,0.04058203972007366,0.46621301576185525,0.7291756272315979,1,False,,,,
1766483006.1530938,0.04058203972007366,0.46621301576185525,0.7291756272315979,1,False,,,,
1766483006.155301,0.04058203972007366,0.46621301576185525,0.7291756272315979,1,False,,,,
1766483006.160222,-0.025711216938275605,0.46404506761130104,0.8937232494354248,1,False,,,,
1766483007.093768,-0.025711216938275605,0.46404506761130104,0.8937232494354248,1,False,,,,
1766483007.099211,-0.025711216938275605,0.46404506761130104,0.8937232494354248,1,False,,,,
1766483007.1019032,-0.025711216938275605,0.46404506761130104,0.8937232494354248,1,False,,,,
1766483007.1045609,0.08586523180951415,0.9074639595730588,0.0,1,False,,,,
1766483007.1071901,0.7152096358623921,1.0887424759627038,0.23815225441248233,1,False,,,,
1766483008.167413,0.7152096358623921,1.0887424759627038,0.23815225441248233,1,False,,,,
1766483008.173163,0.7152096358623921,1.0887424759627038,0.23815225441248233,1,False,,,,
1766483008.175665,0.7152096358623921,1.0887424759627038,0.23815225441248233,1,False,,,,
1766483008.178685,0.05108841996348792,0.5525802879909456,0.08933703940762776,1,False,,,,
1766483008.181962,0.7451283073245717,1.0811851387097084,0.25557513931741976,1,False,,,,
1766483008.4212852,0.7451283073245717,1.0811851387097084,0.25557513931741976,1,False,,,,
1766483008.4275122,0.7451283073245717,1.0811851387097084,0.25557513931741976,1,False,,,,
1766483008.432418,0.7451283073245717,1.0811851387097084,0.25557513931741976,1,False,,,,
1766483008.4352262,0.7451283073245717,1.0811851387097084,0.25557513931741976,1,False,,,,
1766483008.438081,0.7128871925643449,1.0843676326356295,0.3040611797133232,1,False,,,,
1766483008.666906,0.7128871925643449,1.0843676326356295,0.3040611797133232,1,False,,,,
1766483008.671948,0.7128871925643449,1.0843676326356295,0.3040611797133232,1,False,,,,
1766483008.674442,0.7128871925643449,1.0843676326356295,0.3040611797133232,1,False,,,,
1766483008.6765609,0.7128871925643449,1.0843676326356295,0.3040611797133232,1,False,,,,
1766483008.679177,0.08686009203830344,0.9084145606664533,0.0,1,False,,,,
1766483008.95873,0.08686009203830344,0.9084145606664533,0.0,1,False,,,,
1766483008.964661,0.08686009203830344,0.9084145606664533,0.0,1,False,,,,
1766483008.96772,0.08686009203830344,0.9084145606664533,0.0,1,False,,,,
1766483008.972725,0.08686009203830344,0.9084145606664533,0.0,1,False,,,,
1766483008.975172,1.1626511045771686,2.000946892094477,0.9343638122081757,1,False,,,,
1766483009.429421,1.1626511045771686,2.000946892094477,0.9343638122081757,1,False,,,,
1766483009.435358,1.1626511045771686,2.000946892094477,0.9343638122081757,1,False,,,,
1766483009.4380538,1.1626511045771686,2.000946892094477,0.9343638122081757,1,False,,,,
1766483009.440335,1.1626511045771686,2.000946892094477,0.9343638122081757,1,False,,,,
1766483009.442564,0.8082890658264785,1.2487667534324283,0.1899423113940429,0,False,,,,
1766483009.642994,0.8082890658264785,1.2487667534324283,0.1899423113940429,0,False,,,,
1766483009.650049,0.8082890658264785,1.2487667534324283,0.1899423113940429,0,False,,,,
1766483009.6526349,0.8082890658264785,1.2487667534324283,0.1899423113940429,0,False,,,,
1766483009.6560068,0.8065747798722727,1.247732421359792,0.19580031276166973,0,False,,,,
1766483009.66021,0.44944025291745693,1.401157464610486,0.850651741027832,0,False,,,,
1766483009.826371,0.8028648977629995,1.247590108572999,0.17007218862400528,0,False,,,,
1766483009.831896,0.8028648977629995,1.247590108572999,0.17007218862400528,0,False,,,,
1766483009.837161,0.8028648977629995,1.247590108572999,0.17007218862400528,0,False,,,,
1766483009.840003,0.8028648977629995,1.247590108572999,0.17007218862400528,0,False,,,,
1766483009.842269,0.7712472516166752,1.024585222750078,0.8,0,False,,,,
1766483010.124871,0.3720727828732326,1.0865773705129593,0.5589006028915398,0,False,,,,
1766483010.132242,0.3720727828732326,1.0865773705129593,0.5589006028915398,0,False,,,,
1766483010.137953,0.3720727828732326,1.0865773705129593,0.5589006028915398,0,False,,,,
1766483010.140832,0.3720727828732326,1.0865773705129593,0.5589006028915398,0,False,,,,
1766483010.143166,0.8623620391208551,1.2717112188896535,0.8950349986553192,0,False,,,,
1766483010.323137,1.0622151314923074,1.5867202326086713,0.9067377150058746,0,False,,,,
1766483010.3290648,1.0567871397047746,1.57514119192721,0.9421744346618652,0,False,,,,
1766483010.334072,1.0567871397047746,1.57514119192721,0.9421744346618652,0,False,,,,
1766483010.3368561,1.0567871397047746,1.57514119192721,0.9421744346618652,0,False,,,,
1766483010.3390238,-0.034598813941348894,-0.5787723866721548,0.9442384839057922,0,False,,,,
1766483010.5272,0.003682993533696344,-0.5194548326502901,0.9203524589538574,0,False,,,,
1766483010.5331001,0.003682993533696344,-0.5194548326502901,0.9203524589538574,0,False,,,,
1766483010.538152,0.003682993533696344,-0.5194548326502901,0.9203524589538574,0,False,,,,
1766483010.540649,0.003682993533696344,-0.5194548326502901,0.9203524589538574,0,False,,,,
1766483010.543156,7.823555415663909,16.06618342932377,0.9271312355995178,0,False,,,,
1766483010.737802,7.823555415663909,16.06618342932377,0.9271312355995178,0,False,,,,
1766483010.74261,7.823555415663909,16.06618342932377,0.9271312355995178,0,False,,,,
1766483010.7453701,7.823555415663909,16.06618342932377,0.9271312355995178,0,False,,,,
1766483010.747482,7.823555415663909,16.06618342932377,0.9271312355995178,0,False,,,,
1766483010.7522829,1.2272119643686685,2.1328516017326935,0.9159981310367584,0,False,,,,
1766483010.978604,1.2272119643686685,2.1328516017326935,0.9159981310367584,0,False,,,,
1766483010.984179,1.2272119643686685,2.1328516017326935,0.9159981310367584,0,False,,,,
1766483010.9870741,1.2272119643686685,2.1328516017326935,0.9159981310367584,0,False,,,,
1766483010.989745,1.2272119643686685,2.1328516017326935,0.9159981310367584,0,False,,,,
1766483010.991982,0.9527450906568664,1.5114547562129714,0.8796619176864624,1,False,,,,
1766483011.206002,0.9527450906568664,1.5114547562129714,0.8796619176864624,1,False,,,,
1766483011.210624,0.9527450906568664,1.5114547562129714,0.8796619176864624,1,False,,,,
1766483011.213328,0.9527450906568664,1.5114547562129714,0.8796619176864624,1,False,,,,
1766483011.2154088,0.9527450906568664,1.5114547562129714,0.8796619176864624,1,False,,,,
1766483011.217747,1.0992722738867016,1.8033231678439923,0.9234524369239807,1,False,,,,
1766483011.503745,1.0992722738867016,1.8033231678439923,0.9234524369239807,1,False,,,,
1766483011.508168,1.0992722738867016,1.8033231678439923,0.9234524369239807,1,False,,,,
1766483011.510565,1.0992722738867016,1.8033231678439923,0.9234524369239807,1,False,,,,
1766483011.51315,1.0992722738867016,1.8033231678439923,0.9234524369239807,1,False,,,,
1766483011.515512,1.2230995498873458,2.116558055426122,0.8570978045463562,1,False,,,,
1766483011.80498,1.2029176610837293,2.0834724253691665,0.9153006672859192,1,False,,,,
1766483011.811594,1.2029176610837293,2.0834724253691665,0.9153006672859192,1,False,,,,
1766483011.8167832,1.2029176610837293,2.0834724253691665,0.9153006672859192,1,False,,,,
1766483011.8192399,1.2029176610837293,2.0834724253691665,0.9153006672859192,1,False,,,,
1766483011.8213701,0.9864791579322493,1.6071206107364104,0.8859358727931976,1,False,,,,
1766483012.116485,0.9864791579322493,1.6071206107364104,0.8859358727931976,1,False,,,,
1766483012.1211698,0.9864791579322493,1.6071206107364104,0.8859358727931976,1,False,,,,
1766483012.123845,0.9864791579322493,1.6071206107364104,0.8859358727931976,1,False,,,,
1766483012.129011,0.9864791579322493,1.6071206107364104,0.8859358727931976,1,False,,,,
1766483012.1323168,0.9907951096641557,1.554846241861764,0.8754469454288483,1,False,,,,
1766483012.462079,0.9907951096641557,1.554846241861764,0.8754469454288483,1,False,,,,
1766483012.4675908,0.9814611343610302,1.5226148163887663,0.95319864153862,1,False,,,,
1766483012.470359,0.9814611343610302,1.5226148163887663,0.95319864153862,1,False,,,,
1766483012.473832,0.9814611343610302,1.5226148163887663,0.95319864153862,1,False,,,,
1766483012.476575,0.7780889985073912,1.1534155228951375,0.1833152678868924,1,False,,,,
1766483013.425608,0.7780889985073912,1.1534155228951375,0.1833152678868924,1,False,,,,
1766483013.433436,0.7780889985073912,1.1534155228951375,0.1833152678868924,1,False,,,,
1766483013.4361641,0.7780889985073912,1.1534155228951375,0.1833152678868924,1,False,,,,
1766483013.439757,0.7869589476898814,1.1458101954379356,0.1546007148012129,1,False,,,,
1766483013.44282,0.7899363702069152,1.1436717237014355,0.16963939779673934,1,False,,,,
1766483013.690559,0.7899363702069152,1.1436717237014355,0.16963939779673934,1,False,,,,
1766483013.695767,0.7899363702069152,1.1436717237014355,0.16963939779673934,1,False,,,,
1766483013.698764,0.7899363702069152,1.1436717237014355,0.16963939779673934,1,False,,,,
1766483013.701005,0.7899363702069152,1.1436717237014355,0.16963939779673934,1,False,,,,
1766483013.703518,0.28324650642674076,0.7781488802737404,0.7113322019577026,1,False,,,,
1766483014.000275,0.28324650642674076,0.7781488802737404,0.7113322019577026,1,False,,,,
1766483014.005603,0.28324650642674076,0.7781488802737404,0.7113322019577026,1,False,,,,
1766483014.0082161,0.28324650642674076,0.7781488802737404,0.7113322019577026,1,False,,,,
1766483014.011831,0.22889907668581316,0.7286850826069825,0.49449293187870064,1,False,,,,
1766483014.014862,0.7601377842051802,1.008655725194065,0.19061617490657526,1,False,,,,
1766483014.3184042,0.7601377842051802,1.008655725194065,0.19061617490657526,1,False,,,,
1766483014.3239338,0.7601377842051802,1.008655725194065,0.19061617490657526,1,False,,,,
1766483014.3288782,0.7601377842051802,1.008655725194065,0.19061617490657526,1,False,,,,
1766483014.3311841,0.7601377842051802,1.008655725194065,0.19061617490657526,1,False,,,,
1766483014.333374,0.7604351609153754,1.004627280294997,0.21381605244703047,1,False,,,,
1766483014.654498,0.7604351609153754,1.004627280294997,0.21381605244703047,1,False,,,,
1766483014.660067,0.7604351609153754,1.004627280294997,0.21381605244703047,1,False,,,,
1766483014.663109,0.7604351609153754,1.004627280294997,0.21381605244703047,1,False,,,,
1766483014.665694,0.7604351609153754,1.004627280294997,0.21381605244703047,1,False,,,,
1766483014.66781,0.26659327654513043,0.7760515770510714,0.46009839690139587,1,False,,,,
1766483014.88374,0.3628441233992916,0.9970262403983412,0.5474736209441088,1,False,,,,
1766483014.8892689,0.3628441233992916,0.9970262403983412,0.5474736209441088,1,False,,,,
1766483014.895296,0.3628441233992916,0.9970262403983412,0.5474736209441088,1,False,,,,
1766483014.89792,0.3628441233992916,0.9970262403983412,0.5474736209441088,1,False,,,,
1766483014.902812,0.7531928362442555,0.9974663399612385,0.8185025155544281,1,False,,,,
1766483015.175433,0.7531928362442555,0.9974663399612385,0.8185025155544281,1,False,,,,
1766483015.181099,0.7531928362442555,0.9974663399612385,0.8185025155544281,1,False,,,,
1766483015.185398,0.8141272451485083,1.2002869735232375,0.8497064113616943,1,False,,,,
1766483015.1890502,0.8141272451485083,1.2002869735232375,0.8497064113616943,1,False,,,,
1766483015.194368,2.4287796547405835,4.396495267424799,0.9168162941932678,1,False,,,,
1766483015.429815,2.4287796547405835,4.396495267424799,0.9168162941932678,1,False,,,,
1766483015.435735,2.4287796547405835,4.396495267424799,0.9168162941932678,1,False,,,,
1766483015.438827,2.4287796547405835,4.396495267424799,0.9168162941932678,1,False,,,,
1766483015.441629,2.4287796547405835,4.396495267424799,0.9168162941932678,1,False,,,,
1766483015.4437919,2.53034643342706,4.6546486329214725,0.9638218283653259,1,False,,,,
1766483015.6980538,2.53034643342706,4.6546486329214725,0.9638218283653259,1,False,,,,
1766483015.703199,2.53034643342706,4.6546486329214725,0.9638218283653259,1,False,,,,
1766483015.7057111,2.53034643342706,4.6546486329214725,0.9638218283653259,1,False,,,,
1766483015.708448,2.53034643342706,4.6546486329214725,0.9638218283653259,1,False,,,,
1766483015.711179,0.8070032280913603,1.1440388030721065,0.13087416970475885,1,False,,,,
1766483016.22281,0.22968583524008634,0.6514461181989147,0.4716193031242881,1,False,,,,
1766483016.2301388,0.22968583524008634,0.6514461181989147,0.4716193031242881,1,False,,,,
1766483016.236491,0.22968583524008634,0.6514461181989147,0.4716193031242881,1,False,,,,
1766483016.2394052,0.22968583524008634,0.6514461181989147,0.4716193031242881,1,False,,,,
1766483016.242023,0.7837905297429046,0.8866854551766588,0.9216134735756369,1,False,,,,
1766483016.498527,0.7825085046029249,0.8805502789097613,0.7917618155479431,1,False,,,,
1766483016.504715,0.7825085046029249,0.8805502789097613,0.7917618155479431,1,False,,,,
1766483016.507533,0.7825085046029249,0.8805502789097613,0.7917618155479431,1,False,,,,
1766483016.512243,0.7825085046029249,0.8805502789097613,0.7917618155479431,1,False,,,,
1766483016.5144372,0.3158844367856899,0.7016498663589485,0.22494918588129278,1,False,,,,
1766483016.76491,0.8175220259132281,1.2278188014221394,0.905358076095581,1,False,,,,
1766483016.771849,0.8175220259132281,1.2278188014221394,0.905358076095581,1,False,,,,
1766483016.777119,0.8175220259132281,1.2278188014221394,0.905358076095581,1,False,,,,
1766483016.78019,0.8175220259132281,1.2278188014221394,0.905358076095581,1,False,,,,
1766483016.7825458,0.9104358295320271,1.4098527472672469,0.8744666874408722,0,False,,,,
1766483016.944864,0.9104358295320271,1.4098527472672469,0.8744666874408722,0,False,,,,
1766483016.950176,0.9104358295320271,1.4098527472672469,0.8744666874408722,0,False,,,,
1766483016.952636,0.9104358295320271,1.4098527472672469,0.8744666874408722,0,False,,,,
1766483016.955086,0.9104358295320271,1.4098527472672469,0.8744666874408722,0,False,,,,
1766483016.9576771,7.0098292821066535,14.240510702096477,0.9647074043750763,0,False,,,,
1766483017.272039,7.0098292821066535,14.240510702096477,0.9647074043750763,0,False,,,,
1766483017.278229,7.0098292821066535,14.240510702096477,0.9647074043750763,0,False,,,,
1766483017.2810738,7.0098292821066535,14.240510702096477,0.9647074043750763,0,False,,,,
1766483017.283364,7.0098292821066535,14.240510702096477,0.9647074043750763,0,False,,,,
1766483017.285701,-0.04612857283395231,-0.6038522789457388,0.9385138154029846,1,False,,,,
1766483017.515726,-0.04612857283395231,-0.6038522789457388,0.9385138154029846,1,False,,,,
1766483017.5220952,-0.04612857283395231,-0.6038522789457388,0.9385138154029846,1,False,,,,
1766483017.525033,-0.015941170564806307,-0.5367383406279771,0.8746354579925537,1,False,,,,
1766483017.528217,-0.02413804418152381,-0.5549568799495166,0.903810441493988,1,False,,,,
1766483017.5326269,0.8754629078288639,1.3192931222168283,0.9197205007076263,2,False,,,,
1766483017.8501408,0.8754629078288639,1.3192931222168283,0.9197205007076263,2,False,,,,
1766483017.856816,0.8754629078288639,1.3192931222168283,0.9197205007076263,2,False,,,,
1766483017.862229,0.870059743908703,1.2771337826674387,0.8654002547264099,2,False,,,,
1766483017.8658402,0.8666898306949307,1.258316124313596,0.9208195507526398,2,False,,,,
1766483017.868927,0.9006575171209026,1.3707634773510216,0.865413652161465,2,False,,,,
1766483018.3798342,0.9006575171209026,1.3707634773510216,0.865413652161465,2,False,,,,
1766483018.388032,0.9006575171209026,1.3707634773510216,0.865413652161465,2,False,,,,
1766483018.39073,0.9006575171209026,1.3707634773510216,0.865413652161465,2,False,,,,
1766483018.393363,0.9006575171209026,1.3707634773510216,0.865413652161465,2,False,,,,
1766483018.3958342,1.1028311108110707,1.9744408720837068,0.8330443799495697,1,False,,,,
1766483018.610444,1.1028311108110707,1.9744408720837068,0.8330443799495697,1,False,,,,
1766483018.616991,1.1028311108110707,1.9744408720837068,0.8330443799495697,1,False,,,,
1766483018.620149,1.1028311108110707,1.9744408720837068,0.8330443799495697,1,False,,,,
1766483018.622999,1.1028311108110707,1.9744408720837068,0.8330443799495697,1,False,,,,
1766483018.628366,-1.3340031738815168,-4.5277498321622325,0.9204227135040175,1,False,,,,
1766483018.93268,-1.3340031738815168,-4.5277498321622325,0.9204227135040175,1,False,,,,
1766483018.939403,-0.6049386786278197,-2.4436689897774624,0.8931863009929657,1,False,,,,
1766483018.9424572,-0.6049386786278197,-2.4436689897774624,0.8931863009929657,1,False,,,,
1766483018.949663,-0.6049386786278197,-2.4436689897774624,0.8931863009929657,1,False,,,,
1766483018.952569,1.126899526275404,1.9773247349914982,0.8983703553676605,1,False,,,,
1766483019.559489,1.126899526275404,1.9773247349914982,0.8983703553676605,1,False,,,,
1766483019.56597,1.126899526275404,1.9773247349914982,0.8983703553676605,1,False,,,,
1766483019.568634,1.126899526275404,1.9773247349914982,0.8983703553676605,1,False,,,,
1766483019.5718222,1.229383616219294,2.2208072902516514,0.928814560174942,1,False,,,,
1766483019.574692,0.47095396230095055,1.0073042941593857,0.23117579991804826,1,False,,,,
1766483019.8961961,0.47095396230095055,1.0073042941593857,0.23117579991804826,1,False,,,,
1766483019.901768,0.47095396230095055,1.0073042941593857,0.23117579991804826,1,False,,,,
1766483019.9048162,0.36610978860472587,0.9599833352108276,0.3867122007984309,1,False,,,,
1766483019.90737,0.8381638062873404,1.2602468064170507,0.9936264753341675,1,False,,,,
1766483019.909965,0.4310586033774292,0.8935754892943661,0.262075371465862,1,False,,,,
1766483020.483558,0.42708573963009566,0.906713096057976,0.28151926679515854,1,False,,,,
1766483020.49104,0.42708573963009566,0.906713096057976,0.28151926679515854,1,False,,,,
1766483020.497131,0.42708573963009566,0.906713096057976,0.28151926679515854,1,False,,,,
1766483020.500245,0.42708573963009566,0.906713096057976,0.28151926679515854,1,False,,,,
1766483020.5025,0.8450860388561103,1.155462305732235,0.1644920697378931,1,False,,,,
1766483021.0237849,0.8450860388561103,1.155462305732235,0.1644920697378931,1,False,,,,
1766483021.030726,0.8450860388561103,1.155462305732235,0.1644920697378931,1,False,,,,
1766483021.0335941,0.8450860388561103,1.155462305732235,0.1644920697378931,1,False,,,,
1766483021.038805,0.8450860388561103,1.155462305732235,0.1644920697378931,1,False,,,,
1766483021.041631,0.8484112667179657,1.1546396579616947,0.15473516220568642,2,False,,,,
1766483021.467057,0.8484112667179657,1.1546396579616947,0.15473516220568642,2,False,,,,
1766483021.473556,0.8484112667179657,1.1546396579616947,0.15473516220568642,2,False,,,,
1766483021.4765708,0.8484112667179657,1.1546396579616947,0.15473516220568642,2,False,,,,
1766483021.479535,0.8484112667179657,1.1546396579616947,0.15473516220568642,2,False,,,,
1766483021.483239,0.8263144346412481,1.28064861082889,0.7456950545310974,2,False,,,,
1766483022.04658,0.8263144346412481,1.28064861082889,0.7456950545310974,2,False,,,,
1766483022.0547788,0.8131910789679205,0.9689428196086396,0.7584254741668701,2,False,,,,
1766483022.058094,0.8131910789679205,0.9689428196086396,0.7584254741668701,2,False,,,,
1766483022.064985,0.8131910789679205,0.9689428196086396,0.7584254741668701,2,False,,,,
1766483022.068497,0.47137148913416416,0.9634482457465111,0.3180137182956266,2,False,,,,
1766483022.3576372,0.8152331326864533,1.2837260133884423,0.7527343034744263,2,False,,,,
1766483022.364959,0.8152331326864533,1.2837260133884423,0.7527343034744263,2,False,,,,
1766483022.3712041,0.8152331326864533,1.2837260133884423,0.7527343034744263,2,False,,,,
1766483022.3742878,0.8152331326864533,1.2837260133884423,0.7527343034744263,2,False,,,,
1766483022.376655,0.4394708815685311,0.9191175272911175,0.34408260857278716,2,False,,,,
1766483022.717131,0.4394708815685311,0.9191175272911175,0.34408260857278716,2,False,,,,
1766483022.723752,0.3987248673759187,0.9157616957108278,0.41944733656765487,2,False,,,,
1766483022.72671,0.3987248673759187,0.9157616957108278,0.41944733656765487,2,False,,,,
1766483022.730054,0.3987248673759187,0.9157616957108278,0.41944733656765487,2,False,,,,
1766483022.7367759,0.8198464473363606,1.2661743044466316,0.7251353716894353,2,False,,,,
1766483023.070194,0.8198464473363606,1.2661743044466316,0.7251353716894353,2,False,,,,
1766483023.076938,0.8198464473363606,1.2661743044466316,0.7251353716894353,2,False,,,,
1766483023.0824041,0.8198464473363606,1.2661743044466316,0.7251353716894353,2,False,,,,
1766483023.084887,0.8198464473363606,1.2661743044466316,0.7251353716894353,2,False,,,,
1766483023.087349,0.3987510256991925,0.7750955209081696,0.16939011627032616,2,False,,,,
1766483023.438145,0.3987510256991925,0.7750955209081696,0.16939011627032616,2,False,,,,
1766483023.444511,0.3987510256991925,0.7750955209081696,0.16939011627032616,2,False,,,,
1766483023.447259,0.3987510256991925,0.7750955209081696,0.16939011627032616,2,False,,,,
1766483023.449575,0.3987510256991925,0.7750955209081696,0.16939011627032616,2,False,,,,
1766483023.4519548,0.8682443675114866,1.179863107933454,0.13727591345833565,2,False,,,,
1766483023.7862039,0.8682443675114866,1.179863107933454,0.13727591345833565,2,False,,,,
1766483023.7925498,0.8682443675114866,1.179863107933454,0.13727591345833565,2,False,,,,
1766483023.795713,0.4232743114458081,0.838541348380634,0.2362475001362603,2,False,,,,
1766483023.800051,0.4232743114458081,0.838541348380634,0.2362475001362603,2,False,,,,
1766483023.805675,0.8161676173024709,1.2342389213483442,0.13610307182937648,2,False,,,,
