timestamp,gaze_x,gaze_y,gaze_confidence,num_faces,is_looking_at_face,face_bbox_left,face_bbox_top,face_bbox_width,face_bbox_height
1766728071.813575,0.3128763188583691,0.6584918173074498,0.22407327266865004,1,False,,,,
1766728072.2845042,0.3128763188583691,0.6584918173074498,0.22407327266865004,1,False,,,,
1766728072.292765,0.3128763188583691,0.6584918173074498,0.22407327266865004,1,False,,,,
1766728072.295837,0.3128763188583691,0.6584918173074498,0.22407327266865004,1,False,,,,
1766728072.299005,0.45965417967593003,0.4520129350579061,1.0,1,True,0.442183256149292,0.33934885263442993,0.08077220618724823,0.16831494867801666
1766728072.30197,0.4847916047154327,0.44851927985211804,1.0,1,False,,,,
1766728072.6387799,0.29389190494299583,0.7090520265324348,0.1690453627160989,1,False,,,,
1766728072.646245,0.29389190494299583,0.7090520265324348,0.1690453627160989,1,False,,,,
1766728072.652658,0.29389190494299583,0.7090520265324348,0.1690453627160989,1,False,,,,
1766728072.655663,0.29389190494299583,0.7090520265324348,0.1690453627160989,1,False,,,,
1766728072.6585448,0.22064184247353508,0.6591347130394009,0.20666712620782215,1,False,,,,
1766728072.921041,0.22064184247353508,0.6591347130394009,0.20666712620782215,1,False,,,,
1766728072.927843,0.22064184247353508,0.6591347130394009,0.20666712620782215,1,False,,,,
1766728072.933097,0.26987608919706163,0.6994611975983425,0.24149649631787165,1,False,,,,
1766728072.93676,0.2681747410954666,0.7291597351558278,0.21289103525421715,1,False,,,,
1766728072.9401338,0.7917725246153897,0.813716224037329,0.18515977469603523,1,False,,,,
1766728073.236136,0.4538908050102455,0.5473818436790113,1.0,1,False,,,,
1766728073.242804,0.4538908050102455,0.5473818436790113,1.0,1,False,,,,
1766728073.249467,0.4538908050102455,0.5473818436790113,1.0,1,False,,,,
1766728073.252744,0.4538908050102455,0.5473818436790113,1.0,1,False,,,,
1766728073.255643,0.4546004038737596,0.5297330208980067,1.0,1,False,,,,
1766728073.513786,0.4546004038737596,0.5297330208980067,1.0,1,False,,,,
1766728073.519991,0.4546004038737596,0.5297330208980067,1.0,1,False,,,,
1766728073.5228841,0.4546004038737596,0.5297330208980067,1.0,1,False,,,,
1766728073.5257049,0.4546004038737596,0.5297330208980067,1.0,1,False,,,,
1766728073.530692,0.8194695071421967,0.6960207878087006,0.10490789663156676,1,False,,,,
1766728073.812128,0.8194695071421967,0.6960207878087006,0.10490789663156676,1,False,,,,
1766728073.818678,0.8194695071421967,0.6960207878087006,0.10490789663156676,1,False,,,,
1766728073.821603,0.8194695071421967,0.6960207878087006,0.10490789663156676,1,False,,,,
1766728073.8242838,0.8194695071421967,0.6960207878087006,0.10490789663156676,1,False,,,,
1766728073.8269482,0.7613514948840525,0.32268894361628186,0.8744965195655823,1,False,,,,
1766728074.4229,0.7613514948840525,0.32268894361628186,0.8744965195655823,1,False,,,,
1766728074.429663,0.7613514948840525,0.32268894361628186,0.8744965195655823,1,False,,,,
1766728074.432532,0.7613514948840525,0.32268894361628186,0.8744965195655823,1,False,,,,
1766728074.435242,0.7613514948840525,0.32268894361628186,0.8744965195655823,1,False,,,,
1766728074.437829,0.45751149846038597,0.4677035324761245,0.8986928462982178,1,False,,,,
1766728074.7990882,0.45751149846038597,0.4677035324761245,0.8986928462982178,1,False,,,,
1766728074.804265,0.45751149846038597,0.4677035324761245,0.8986928462982178,1,False,,,,
1766728074.8071191,0.45751149846038597,0.4677035324761245,0.8986928462982178,1,False,,,,
1766728074.8098948,0.45426637742467646,0.46573873088124884,0.9128532111644745,1,False,,,,
1766728074.8131452,0.894273121533924,1.0935526371667021,0.0,1,False,,,,
1766728075.092063,0.894273121533924,1.0935526371667021,0.0,1,False,,,,
1766728075.098801,0.894273121533924,1.0935526371667021,0.0,1,False,,,,
1766728075.1023638,0.894273121533924,1.0935526371667021,0.0,1,False,,,,
1766728075.104893,0.894273121533924,1.0935526371667021,0.0,1,False,,,,
1766728075.1074948,0.894273121533924,1.0935526371667021,0.0,1,False,,,,
1766728075.529582,0.894273121533924,1.0935526371667021,0.0,1,False,,,,
1766728075.5359008,0.894273121533924,1.0935526371667021,0.0,1,False,,,,
1766728075.538814,0.894273121533924,1.0935526371667021,0.0,1,False,,,,
1766728075.544246,0.894273121533924,1.0935526371667021,0.0,1,False,,,,
1766728075.547116,0.894273121533924,1.0935526371667021,0.0,1,False,,,,
1766728075.8945348,0.894273121533924,1.0935526371667021,0.0,1,False,,,,
1766728075.9008949,0.894273121533924,1.0935526371667021,0.0,1,False,,,,
1766728075.903865,0.894273121533924,1.0935526371667021,0.0,1,False,,,,
1766728075.9064891,0.894273121533924,1.0935526371667021,0.0,1,False,,,,
1766728075.9096441,0.46370397726873563,0.48209478754872537,0.8906766772270203,1,False,,,,
1766728076.2262359,0.46370397726873563,0.48209478754872537,0.8906766772270203,1,False,,,,
1766728076.233531,0.46370397726873563,0.48209478754872537,0.8906766772270203,1,False,,,,
1766728076.239424,0.46370397726873563,0.48209478754872537,0.8906766772270203,1,False,,,,
1766728076.242217,0.46370397726873563,0.48209478754872537,0.8906766772270203,1,False,,,,
1766728076.245402,0.894273121533924,1.0935526371667021,0.0,1,False,,,,
1766728076.534584,0.894273121533924,1.0935526371667021,0.0,1,False,,,,
1766728076.540769,0.894273121533924,1.0935526371667021,0.0,1,False,,,,
1766728076.543803,0.894273121533924,1.0935526371667021,0.0,1,False,,,,
1766728076.546674,0.894273121533924,1.0935526371667021,0.0,1,False,,,,
1766728076.549243,0.894273121533924,1.0935526371667021,0.0,1,False,,,,
1766728076.827153,0.894273121533924,1.0935526371667021,0.0,1,False,,,,
1766728076.83362,0.894273121533924,1.0935526371667021,0.0,1,False,,,,
1766728076.839545,0.894273121533924,1.0935526371667021,0.0,1,False,,,,
1766728076.84253,0.894273121533924,1.0935526371667021,0.0,1,False,,,,
1766728076.845511,0.894273121533924,1.0935526371667021,0.0,1,False,,,,
1766728077.1518989,0.894273121533924,1.0935526371667021,0.0,1,False,,,,
1766728077.1581628,0.45990336068840787,0.5569324372148389,1.0,1,True,0.4484187066555023,0.566888153553009,0.0791042298078537,0.15427789092063904
1766728077.1635342,0.45990336068840787,0.5569324372148389,1.0,1,True,0.4484187066555023,0.566888153553009,0.0791042298078537,0.15427789092063904
1766728077.169853,0.45990336068840787,0.5569324372148389,1.0,1,True,0.4484187066555023,0.566888153553009,0.0791042298078537,0.15427789092063904
1766728077.173088,0.894273121533924,1.0935526371667021,0.0,1,False,,,,
1766728077.53511,0.894273121533924,1.0935526371667021,0.0,1,False,,,,
1766728077.541586,0.894273121533924,1.0935526371667021,0.0,1,False,,,,
1766728077.544493,0.894273121533924,1.0935526371667021,0.0,1,False,,,,
1766728077.5473092,0.894273121533924,1.0935526371667021,0.0,1,False,,,,
1766728077.5498838,0.43013179334119844,0.48678577673916046,0.9144026637077332,1,False,,,,
1766728077.8173969,0.43013179334119844,0.48678577673916046,0.9144026637077332,1,False,,,,
1766728077.823248,0.43013179334119844,0.48678577673916046,0.9144026637077332,1,False,,,,
1766728077.826348,0.422356454327491,0.4839344052018202,0.884754091501236,1,False,,,,
1766728077.829368,0.422356454327491,0.4839344052018202,0.884754091501236,1,False,,,,
1766728077.8352268,0.40667661092659574,0.4732627391519333,0.8854750692844391,1,False,,,,
1766728078.211089,0.40667661092659574,0.4732627391519333,0.8854750692844391,1,False,,,,
1766728078.217115,0.40667661092659574,0.4732627391519333,0.8854750692844391,1,False,,,,
1766728078.219933,0.40667661092659574,0.4732627391519333,0.8854750692844391,1,False,,,,
1766728078.2224169,0.40667661092659574,0.4732627391519333,0.8854750692844391,1,False,,,,
1766728078.225151,0.4257674843286378,0.37225834132192803,0.99,1,False,,,,
1766728078.5432498,0.4257674843286378,0.37225834132192803,0.99,1,False,,,,
1766728078.5500832,0.4257674843286378,0.37225834132192803,0.99,1,False,,,,
1766728078.553115,0.4257674843286378,0.37225834132192803,0.99,1,False,,,,
1766728078.555941,0.4257674843286378,0.37225834132192803,0.99,1,False,,,,
1766728078.558501,0.46797100213738646,0.6597148018155207,0.9225444793701172,1,False,,,,
1766728078.794493,0.46797100213738646,0.6597148018155207,0.9225444793701172,1,False,,,,
1766728078.799159,0.5207483551460973,0.7229279818978837,0.3585393179835271,1,False,,,,
1766728078.80234,0.5207483551460973,0.7229279818978837,0.3585393179835271,1,False,,,,
1766728078.8077152,0.5207483551460973,0.7229279818978837,0.3585393179835271,1,False,,,,
1766728078.8103302,0.45174335024622225,0.7421866012806166,0.881167471408844,0,False,,,,
1766728079.006366,0.45174335024622225,0.7421866012806166,0.881167471408844,0,False,,,,
1766728079.013231,0.45174335024622225,0.7421866012806166,0.881167471408844,0,False,,,,
1766728079.0156958,0.45174335024622225,0.7421866012806166,0.881167471408844,0,False,,,,
1766728079.017924,0.45174335024622225,0.7421866012806166,0.881167471408844,0,False,,,,
1766728079.020093,0.4240246106719458,0.8071079007572589,1.0,0,False,,,,
1766728079.2315361,0.4240246106719458,0.8071079007572589,1.0,0,False,,,,
1766728079.239006,0.4133510945689536,0.8400731192429234,0.9028228521347046,0,False,,,,
1766728079.2464051,0.4133510945689536,0.8400731192429234,0.9028228521347046,0,False,,,,
1766728079.25102,0.4133510945689536,0.8400731192429234,0.9028228521347046,0,False,,,,
1766728079.2533262,0.3924155792483072,0.8466029772648211,0.960871160030365,0,False,,,,
1766728079.430322,0.3924155792483072,0.8466029772648211,0.960871160030365,0,False,,,,
1766728079.4358048,0.3937931510919059,0.8530054704474311,0.9495202600955963,0,False,,,,
1766728079.439115,0.3937931510919059,0.8530054704474311,0.9495202600955963,0,False,,,,
1766728079.445432,0.3937931510919059,0.8530054704474311,0.9495202600955963,0,False,,,,
1766728079.4480572,0.4003880460740351,0.81835347080402,1.0,0,False,,,,
1766728079.6406589,0.39426283827587366,0.8148655048709433,1.0,0,False,,,,
1766728079.647776,0.39426283827587366,0.8148655048709433,1.0,0,False,,,,
1766728079.6543438,0.39426283827587366,0.8148655048709433,1.0,0,False,,,,
1766728079.657344,0.39426283827587366,0.8148655048709433,1.0,0,False,,,,
1766728079.659895,0.403159673058956,0.8231308817479935,1.0,0,False,,,,
1766728079.853694,0.403159673058956,0.8231308817479935,1.0,0,False,,,,
1766728079.858977,0.403159673058956,0.8231308817479935,1.0,0,False,,,,
1766728079.861366,0.403159673058956,0.8231308817479935,1.0,0,False,,,,
1766728079.86362,0.403159673058956,0.8231308817479935,1.0,0,False,,,,
1766728079.866317,0.41327004897638153,0.841225349165142,0.9572683870792389,0,False,,,,
1766728080.07986,0.41327004897638153,0.841225349165142,0.9572683870792389,0,False,,,,
1766728080.08586,0.41327004897638153,0.841225349165142,0.9572683870792389,0,False,,,,
1766728080.088512,0.41327004897638153,0.841225349165142,0.9572683870792389,0,False,,,,
1766728080.0907211,0.41327004897638153,0.841225349165142,0.9572683870792389,0,False,,,,
1766728080.093018,0.4020965814589997,0.8952228841391553,0.9892752468585968,0,False,,,,
1766728080.305242,0.3962856549346424,0.9177724183044039,0.9625653624534607,0,False,,,,
1766728080.311015,0.393992115056984,0.9252997176410203,0.9257392585277557,0,False,,,,
1766728080.315528,0.393992115056984,0.9252997176410203,0.9257392585277557,0,False,,,,
1766728080.317896,0.393992115056984,0.9252997176410203,0.9257392585277557,0,False,,,,
1766728080.3205261,0.5223263396331597,0.7219271829883267,0.25089503326118995,0,False,,,,
1766728080.562036,0.5223263396331597,0.7219271829883267,0.25089503326118995,0,False,,,,
1766728080.568741,0.5223263396331597,0.7219271829883267,0.25089503326118995,0,False,,,,
1766728080.571899,0.5223263396331597,0.7219271829883267,0.25089503326118995,0,False,,,,
1766728080.575233,0.4932619753704044,0.33018154680860046,1.0,0,False,,,,
1766728080.577787,0.5082256624420897,0.524672522975178,0.9145644307136536,1,False,,,,
1766728080.8374422,0.5082256624420897,0.524672522975178,0.9145644307136536,1,False,,,,
1766728080.845205,0.5150530814777827,0.4975568582006884,0.9580148458480835,1,False,,,,
1766728080.8482702,0.5150530814777827,0.4975568582006884,0.9580148458480835,1,False,,,,
1766728080.855243,0.5150530814777827,0.4975568582006884,0.9580148458480835,1,False,,,,
1766728080.860726,0.4657611244134291,0.5286480001801178,0.9233631193637848,1,False,,,,
1766728081.178587,0.4666523756187434,0.532799951959753,0.9875855445861816,1,False,,,,
1766728081.185497,0.4666523756187434,0.532799951959753,0.9875855445861816,1,False,,,,
1766728081.192838,0.4666523756187434,0.532799951959753,0.9875855445861816,1,False,,,,
1766728081.195938,0.4666523756187434,0.532799951959753,0.9875855445861816,1,False,,,,
1766728081.198494,0.48413221572170934,0.5373827083069413,0.969296395778656,1,False,,,,
1766728081.5411441,0.48413221572170934,0.5373827083069413,0.969296395778656,1,False,,,,
1766728081.547437,0.4844362850714233,0.5359290018962602,0.9507054686546326,1,False,,,,
1766728081.550387,0.4844362850714233,0.5359290018962602,0.9507054686546326,1,False,,,,
1766728081.557282,0.4844362850714233,0.5359290018962602,0.9507054686546326,1,False,,,,
1766728081.560439,0.48066349636137684,0.5430918710085888,0.9139160513877869,1,False,,,,
1766728081.849142,0.48903953012094525,0.538641415787184,0.9014648795127869,1,False,,,,
1766728081.854644,0.48870324209866867,0.5391490396935874,0.892564207315445,1,False,,,,
1766728081.8582358,0.48870324209866867,0.5391490396935874,0.892564207315445,1,False,,,,
1766728081.8655071,0.48870324209866867,0.5391490396935874,0.892564207315445,1,False,,,,
1766728081.8684459,0.48987702815018447,0.5401127839278576,0.9259621500968933,1,False,,,,
1766728082.20691,0.48987702815018447,0.5401127839278576,0.9259621500968933,1,False,,,,
1766728082.213239,0.48987702815018447,0.5401127839278576,0.9259621500968933,1,False,,,,
1766728082.216136,0.48908913900651446,0.5408029234316049,0.9119422435760498,1,False,,,,
1766728082.219091,0.49317184179242946,0.5348574304400776,0.9356698989868164,1,False,,,,
1766728082.221774,0.4981722036130224,0.5134389912310743,0.9302546381950378,1,False,,,,
1766728082.597344,0.4981722036130224,0.5134389912310743,0.9302546381950378,1,False,,,,
1766728082.603223,0.4981722036130224,0.5134389912310743,0.9302546381950378,1,False,,,,
1766728082.606188,0.4981722036130224,0.5134389912310743,0.9302546381950378,1,False,,,,
1766728082.61119,0.4981722036130224,0.5134389912310743,0.9302546381950378,1,False,,,,
1766728082.613756,0.4768501086729399,0.5131422775225396,0.9269202947616577,1,False,,,,
1766728082.9925702,0.4782468612357767,0.5117259735603056,0.9128531217575073,1,False,,,,
1766728082.999639,0.4782468612357767,0.5117259735603056,0.9128531217575073,1,False,,,,
1766728083.006127,0.4782468612357767,0.5117259735603056,0.9128531217575073,1,False,,,,
1766728083.008933,0.4782468612357767,0.5117259735603056,0.9128531217575073,1,False,,,,
1766728083.011371,0.48279351116824226,0.49524709212873075,0.9187497794628143,1,False,,,,
1766728083.330275,0.48279351116824226,0.49524709212873075,0.9187497794628143,1,False,,,,
1766728083.337506,0.48279351116824226,0.49524709212873075,0.9187497794628143,1,False,,,,
1766728083.340524,0.48279351116824226,0.49524709212873075,0.9187497794628143,1,False,,,,
1766728083.3430688,0.48279351116824226,0.49524709212873075,0.9187497794628143,1,False,,,,
1766728083.345551,0.4868871146199648,0.49297173310421916,0.8971593081951141,1,False,,,,
1766728083.6890008,0.4888994088919576,0.4940989908126934,0.9012896716594696,1,False,,,,
1766728083.6966028,0.48993378674278887,0.5069322546612963,0.8834886848926544,1,False,,,,
1766728083.702858,0.48993378674278887,0.5069322546612963,0.8834886848926544,1,False,,,,
1766728083.705886,0.48993378674278887,0.5069322546612963,0.8834886848926544,1,False,,,,
1766728083.708499,0.47438963948001167,0.5128131866315977,0.9486837089061737,1,False,,,,
1766728083.999192,0.470130223564471,0.5106282009824789,0.9169322848320007,1,False,,,,
1766728084.006477,0.470130223564471,0.5106282009824789,0.9169322848320007,1,False,,,,
1766728084.012728,0.470130223564471,0.5106282009824789,0.9169322848320007,1,False,,,,
1766728084.015997,0.470130223564471,0.5106282009824789,0.9169322848320007,1,False,,,,
1766728084.018579,0.5335192633798146,0.6536110878097199,0.6,1,True,0.4505597651004791,0.597322940826416,0.07999534904956818,0.15128140151500702
1766728084.295189,0.5222499678768124,0.6801423797395093,0.5395168504917196,1,True,0.4505597651004791,0.597322940826416,0.07999534904956818,0.15128140151500702
1766728084.303749,0.5222499678768124,0.6801423797395093,0.5395168504917196,1,True,0.4505597651004791,0.597322940826416,0.07999534904956818,0.15128140151500702
1766728084.3082051,0.5222499678768124,0.6801423797395093,0.5395168504917196,1,True,0.4505597651004791,0.597322940826416,0.07999534904956818,0.15128140151500702
1766728084.310539,0.5222499678768124,0.6801423797395093,0.5395168504917196,1,True,0.4505597651004791,0.597322940826416,0.07999534904956818,0.15128140151500702
1766728084.3130372,0.4633758697617993,0.8158701940904416,0.8662495911121368,1,False,,,,
1766728084.712951,0.4633758697617993,0.8158701940904416,0.8662495911121368,1,False,,,,
1766728084.71918,0.4633758697617993,0.8158701940904416,0.8662495911121368,1,False,,,,
1766728084.721429,0.4633758697617993,0.8158701940904416,0.8662495911121368,1,False,,,,
1766728084.723618,0.4633758697617993,0.8158701940904416,0.8662495911121368,1,False,,,,
1766728084.725655,0.25271832700386193,0.7119072457477567,0.3488589847958705,0,False,,,,
1766728085.139075,0.25271832700386193,0.7119072457477567,0.3488589847958705,0,False,,,,
1766728085.147677,0.25271832700386193,0.7119072457477567,0.3488589847958705,0,False,,,,
1766728085.1523142,0.25271832700386193,0.7119072457477567,0.3488589847958705,0,False,,,,
1766728085.1548018,0.25271832700386193,0.7119072457477567,0.3488589847958705,0,False,,,,
1766728085.158802,0.4530555749476335,0.48197408615578496,0.999849259853363,0,False,,,,
1766728085.612672,0.4530555749476335,0.48197408615578496,0.999849259853363,0,False,,,,
1766728085.620469,0.4530555749476335,0.48197408615578496,0.999849259853363,0,False,,,,
1766728085.6234171,0.4530555749476335,0.48197408615578496,0.999849259853363,0,False,,,,
1766728085.626709,0.4530555749476335,0.48197408615578496,0.999849259853363,0,False,,,,
1766728085.629347,0.45727648353720995,0.5494092958142277,1.0,1,False,,,,
1766728085.924187,0.45727648353720995,0.5494092958142277,1.0,1,False,,,,
1766728085.930824,0.45727648353720995,0.5494092958142277,1.0,1,False,,,,
1766728085.934148,0.45727648353720995,0.5494092958142277,1.0,1,False,,,,
1766728085.9377348,0.46001756019897344,0.551643275863604,0.9831987917423248,1,False,,,,
1766728085.9411032,0.48142367622012217,0.5636121323748345,0.9066072702407837,1,False,,,,
1766728086.2013419,0.48142367622012217,0.5636121323748345,0.9066072702407837,1,False,,,,
1766728086.206551,0.48147627076213134,0.559492574031409,0.9023837745189667,1,False,,,,
1766728086.209462,0.48147627076213134,0.559492574031409,0.9023837745189667,1,False,,,,
1766728086.2130299,0.48147627076213134,0.559492574031409,0.9023837745189667,1,False,,,,
1766728086.219688,0.48553449966128204,0.5533830167639766,0.8827992081642151,1,False,,,,
1766728086.4470332,0.48553449966128204,0.5533830167639766,0.8827992081642151,1,False,,,,
1766728086.454485,0.48553449966128204,0.5533830167639766,0.8827992081642151,1,False,,,,
1766728086.457393,0.48553449966128204,0.5533830167639766,0.8827992081642151,1,False,,,,
1766728086.460094,0.48553449966128204,0.5533830167639766,0.8827992081642151,1,False,,,,
1766728086.462682,0.5004024857529003,0.5207580706574502,0.8775027990341187,1,False,,,,
1766728086.800907,0.5004024857529003,0.5207580706574502,0.8775027990341187,1,False,,,,
1766728086.807544,0.5026341753378001,0.5143589563204373,0.8611921072006226,1,False,,,,
1766728086.811518,0.5026341753378001,0.5143589563204373,0.8611921072006226,1,False,,,,
1766728086.816912,0.5026341753378001,0.5143589563204373,0.8611921072006226,1,False,,,,
1766728086.8231559,0.4748347233161396,0.5111714966565093,0.8948591649532318,1,False,,,,
1766728087.086765,0.4748347233161396,0.5111714966565093,0.8948591649532318,1,False,,,,
1766728087.0931861,0.4748347233161396,0.5111714966565093,0.8948591649532318,1,False,,,,
1766728087.096063,0.4748347233161396,0.5111714966565093,0.8948591649532318,1,False,,,,
1766728087.0987241,0.4748347233161396,0.5111714966565093,0.8948591649532318,1,False,,,,
1766728087.10131,0.45293857432069595,0.4922731244177747,0.8949698209762573,1,False,,,,
1766728087.527781,0.45293857432069595,0.4922731244177747,0.8949698209762573,1,False,,,,
1766728087.534573,0.45293857432069595,0.4922731244177747,0.8949698209762573,1,False,,,,
1766728087.5376031,0.45293857432069595,0.4922731244177747,0.8949698209762573,1,False,,,,
1766728087.540363,0.45293857432069595,0.4922731244177747,0.8949698209762573,1,False,,,,
1766728087.542804,0.5473940054095816,0.629809443566133,0.27216507749903257,1,False,,,,
1766728087.843231,0.5473940054095816,0.629809443566133,0.27216507749903257,1,False,,,,
1766728087.8497128,0.5395153120084529,0.6222311539377279,0.2874448289385121,1,False,,,,
1766728087.856419,0.5395153120084529,0.6222311539377279,0.2874448289385121,1,False,,,,
1766728087.859589,0.5395153120084529,0.6222311539377279,0.2874448289385121,1,False,,,,
1766728087.862336,0.47096560996799275,0.5360187500339764,1.0,1,False,,,,
1766728088.149597,0.4726217086496594,0.5347940089898515,1.0,1,False,,,,
1766728088.1565812,0.4726217086496594,0.5347940089898515,1.0,1,False,,,,
1766728088.162737,0.4726217086496594,0.5347940089898515,1.0,1,False,,,,
1766728088.165559,0.4726217086496594,0.5347940089898515,1.0,1,False,,,,
1766728088.167935,0.4684033167207379,0.49403784655191507,0.905034214258194,1,False,,,,
1766728088.544395,0.4684033167207379,0.49403784655191507,0.905034214258194,1,False,,,,
1766728088.55071,0.4679125445284652,0.49407865758639957,0.9051528573036194,1,False,,,,
1766728088.556897,0.4679125445284652,0.49407865758639957,0.9051528573036194,1,False,,,,
1766728088.564002,0.4679125445284652,0.49407865758639957,0.9051528573036194,1,False,,,,
1766728088.567014,0.451592876787459,0.5552850707638085,1.0,1,False,,,,
1766728088.803711,0.451592876787459,0.5552850707638085,1.0,1,False,,,,
1766728088.809838,0.451592876787459,0.5552850707638085,1.0,1,False,,,,
1766728088.812719,0.451592876787459,0.5552850707638085,1.0,1,False,,,,
1766728088.8154502,0.451592876787459,0.5552850707638085,1.0,1,False,,,,
1766728088.8183198,0.46214963406813714,0.5087535961474404,0.8859753012657166,1,False,,,,
1766728089.067157,0.46214963406813714,0.5087535961474404,0.8859753012657166,1,False,,,,
1766728089.0731049,0.46214963406813714,0.5087535961474404,0.8859753012657166,1,False,,,,
1766728089.076239,0.46214963406813714,0.5087535961474404,0.8859753012657166,1,False,,,,
1766728089.0789702,0.46214963406813714,0.5087535961474404,0.8859753012657166,1,False,,,,
1766728089.084165,0.45394974332325394,0.5048926315489113,0.9122951030731201,1,False,,,,
1766728089.335486,0.45394974332325394,0.5048926315489113,0.9122951030731201,1,False,,,,
1766728089.341565,0.45394974332325394,0.5048926315489113,0.9122951030731201,1,False,,,,
1766728089.344706,0.45394974332325394,0.5048926315489113,0.9122951030731201,1,False,,,,
1766728089.347496,0.45394974332325394,0.5048926315489113,0.9122951030731201,1,False,,,,
1766728089.349903,0.4608395125482632,0.5133352986844655,0.8830112218856812,1,False,,,,
1766728089.609924,0.4608395125482632,0.5133352986844655,0.8830112218856812,1,False,,,,
1766728089.616566,0.4608395125482632,0.5133352986844655,0.8830112218856812,1,False,,,,
1766728089.6195111,0.4608395125482632,0.5133352986844655,0.8830112218856812,1,False,,,,
1766728089.6222541,0.46024971148213767,0.5164786529666319,0.8782665133476257,1,False,,,,
1766728089.6251059,0.4818268189131934,0.526152079802783,0.902410586837088,1,False,,,,
1766728089.934425,0.4818268189131934,0.526152079802783,0.902410586837088,1,False,,,,
1766728089.940454,0.4818268189131934,0.526152079802783,0.902410586837088,1,False,,,,
1766728089.943288,0.4818268189131934,0.526152079802783,0.902410586837088,1,False,,,,
1766728089.945751,0.4818268189131934,0.526152079802783,0.902410586837088,1,False,,,,
1766728089.9482481,0.46089185539532246,0.5183192825106165,0.8971779048442841,1,False,,,,
1766728090.605976,0.46089185539532246,0.5183192825106165,0.8971779048442841,1,False,,,,
1766728090.6122072,0.46089185539532246,0.5183192825106165,0.8971779048442841,1,False,,,,
1766728090.615045,0.46089185539532246,0.5183192825106165,0.8971779048442841,1,False,,,,
1766728090.6176798,0.46089185539532246,0.5183192825106165,0.8971779048442841,1,False,,,,
1766728090.620229,0.4347487607063016,0.5315943086976453,1.0,1,False,,,,
1766728090.9432142,0.4347487607063016,0.5315943086976453,1.0,1,False,,,,
1766728090.9498172,0.4347487607063016,0.5315943086976453,1.0,1,False,,,,
1766728090.9529831,0.4347487607063016,0.5315943086976453,1.0,1,False,,,,
1766728090.95796,0.4347487607063016,0.5315943086976453,1.0,1,False,,,,
1766728090.960917,0.4795391639429222,0.7078631044783944,0.7517311453819275,1,False,,,,
1766728091.3188999,0.4795391639429222,0.7078631044783944,0.7517311453819275,1,False,,,,
1766728091.326174,0.4795391639429222,0.7078631044783944,0.7517311453819275,1,False,,,,
1766728091.329283,0.5252140039008284,0.6969409523562036,0.8265894651412964,1,False,,,,
1766728091.332082,0.5246194656868429,0.7047000136956874,0.8845999836921692,1,False,,,,
1766728091.334951,0.48874308947197137,0.831497394860535,0.9622980058193207,0,False,,,,
1766728091.604338,0.48358721834190527,0.8413297201905192,0.978606253862381,0,False,,,,
1766728091.612328,0.48358721834190527,0.8413297201905192,0.978606253862381,0,False,,,,
1766728091.614769,0.48358721834190527,0.8413297201905192,0.978606253862381,0,False,,,,
1766728091.617205,0.48358721834190527,0.8413297201905192,0.978606253862381,0,False,,,,
1766728091.619381,0.3850699530625271,0.7352991632410895,0.1457983653321807,0,False,,,,
1766728092.123264,0.3850699530625271,0.7352991632410895,0.1457983653321807,0,False,,,,
1766728092.1298041,0.3850699530625271,0.7352991632410895,0.1457983653321807,0,False,,,,
1766728092.1331892,0.4644984062029618,0.7633645651198171,0.20979119466582105,0,False,,,,
1766728092.136433,0.4644984062029618,0.7633645651198171,0.20979119466582105,0,False,,,,
1766728092.138936,0.3914354078784098,0.7171706688796106,0.1861425108382653,1,False,,,,
1766728092.388066,0.3914354078784098,0.7171706688796106,0.1861425108382653,1,False,,,,
1766728092.3948941,0.3914354078784098,0.7171706688796106,0.1861425108382653,1,False,,,,
1766728092.3976161,0.3914354078784098,0.7171706688796106,0.1861425108382653,1,False,,,,
1766728092.4005692,0.4220381464820332,0.4284220034682945,1.0,1,False,,,,
1766728092.403753,0.43843749101770635,0.7606640347216931,0.14340356892265535,1,False,,,,
1766728092.671673,0.41773536032441194,0.7495624313290713,0.14081993941179158,1,False,,,,
1766728092.680382,0.41773536032441194,0.7495624313290713,0.14081993941179158,1,False,,,,
1766728092.685361,0.41773536032441194,0.7495624313290713,0.14081993941179158,1,False,,,,
1766728092.6879869,0.41773536032441194,0.7495624313290713,0.14081993941179158,1,False,,,,
1766728092.69073,0.42258240599695407,0.45427550212003887,0.9833375811576843,1,False,,,,
1766728092.959712,0.42258240599695407,0.45427550212003887,0.9833375811576843,1,False,,,,
1766728092.96642,0.42258240599695407,0.45427550212003887,0.9833375811576843,1,False,,,,
1766728092.9697669,0.42258240599695407,0.45427550212003887,0.9833375811576843,1,False,,,,
1766728092.9726799,0.4240364201074448,0.4549652874701091,0.960743635892868,1,False,,,,
1766728092.9754229,0.40034698619635456,0.4679789493145,0.9580689370632172,1,False,,,,
1766728093.2188742,0.40034698619635456,0.4679789493145,0.9580689370632172,1,False,,,,
1766728093.22602,0.40034698619635456,0.4679789493145,0.9580689370632172,1,False,,,,
1766728093.2294989,0.40034698619635456,0.4679789493145,0.9580689370632172,1,False,,,,
1766728093.232304,0.40034698619635456,0.4679789493145,0.9580689370632172,1,False,,,,
1766728093.237449,0.446500512555014,0.5459787018291075,0.2456348390652784,1,False,,,,
1766728093.5453608,0.5047581649963254,0.5302444534293442,0.23090303286868058,1,False,,,,
1766728093.552995,0.5047581649963254,0.5302444534293442,0.23090303286868058,1,False,,,,
1766728093.5594869,0.5047581649963254,0.5302444534293442,0.23090303286868058,1,False,,,,
1766728093.562351,0.5047581649963254,0.5302444534293442,0.23090303286868058,1,False,,,,
1766728093.565278,0.6871120473644671,0.8079678437404769,0.20559963918455282,1,False,,,,
1766728093.960118,0.6871120473644671,0.8079678437404769,0.20559963918455282,1,False,,,,
1766728093.9676402,0.6871120473644671,0.8079678437404769,0.20559963918455282,1,False,,,,
1766728093.97005,0.6871120473644671,0.8079678437404769,0.20559963918455282,1,False,,,,
1766728093.9722428,0.6871120473644671,0.8079678437404769,0.20559963918455282,1,False,,,,
1766728093.974373,0.4709836877586554,0.8564822476786585,0.9350853264331818,0,False,,,,
1766728094.200522,0.4709836877586554,0.8564822476786585,0.9350853264331818,0,False,,,,
1766728094.205059,0.4709836877586554,0.8564822476786585,0.9350853264331818,0,False,,,,
1766728094.20732,0.4709836877586554,0.8564822476786585,0.9350853264331818,0,False,,,,
1766728094.209373,0.4709836877586554,0.8564822476786585,0.9350853264331818,0,False,,,,
1766728094.211626,0.4210933143149145,0.9011484982054335,0.9313367903232574,0,False,,,,
1766728094.392031,0.4210933143149145,0.9011484982054335,0.9313367903232574,0,False,,,,
1766728094.398868,0.4210933143149145,0.9011484982054335,0.9313367903232574,0,False,,,,
1766728094.401332,0.4210933143149145,0.9011484982054335,0.9313367903232574,0,False,,,,
1766728094.403617,0.4210933143149145,0.9011484982054335,0.9313367903232574,0,False,,,,
1766728094.4056041,0.3939134254304556,0.9220884417848967,0.9535582661628723,0,False,,,,
1766728094.592202,0.3939134254304556,0.9220884417848967,0.9535582661628723,0,False,,,,
1766728094.599071,0.3939134254304556,0.9220884417848967,0.9535582661628723,0,False,,,,
1766728094.601459,0.3939134254304556,0.9220884417848967,0.9535582661628723,0,False,,,,
1766728094.6060119,0.3939134254304556,0.9220884417848967,0.9535582661628723,0,False,,,,
1766728094.608246,0.4467996240539098,0.7654815396878559,0.21800200513416465,0,False,,,,
1766728094.92138,0.2530851992172884,0.6641849430798967,0.171439472142102,0,False,,,,
1766728094.928677,0.2530851992172884,0.6641849430798967,0.171439472142102,0,False,,,,
1766728094.9342248,0.2530851992172884,0.6641849430798967,0.171439472142102,0,False,,,,
1766728094.937078,0.2530851992172884,0.6641849430798967,0.171439472142102,0,False,,,,
1766728094.9399302,0.4558916869047347,0.5469090091727143,1.0,1,False,,,,
1766728095.240211,0.4558916869047347,0.5469090091727143,1.0,1,False,,,,
1766728095.247882,0.4558916869047347,0.5469090091727143,1.0,1,False,,,,
1766728095.250676,0.4558916869047347,0.5469090091727143,1.0,1,False,,,,
1766728095.2536871,0.4758900140334353,0.5282123087203686,0.9921785114295576,1,False,,,,
1766728095.256583,0.4749965112974926,0.5699170773981247,1.0,1,False,,,,
1766728095.556233,0.47868126244586506,0.5759252996623723,1.0,1,False,,,,
1766728095.563476,0.47868126244586506,0.5759252996623723,1.0,1,False,,,,
1766728095.569837,0.47868126244586506,0.5759252996623723,1.0,1,False,,,,
1766728095.572808,0.47868126244586506,0.5759252996623723,1.0,1,False,,,,
1766728095.5755038,0.4890547101171471,0.5716558272238117,0.9171294867992401,1,False,,,,
1766728095.836639,0.4890547101171471,0.5716558272238117,0.9171294867992401,1,False,,,,
1766728095.842918,0.4890547101171471,0.5716558272238117,0.9171294867992401,1,False,,,,
1766728095.846254,0.4890547101171471,0.5716558272238117,0.9171294867992401,1,False,,,,
1766728095.848908,0.4890547101171471,0.5716558272238117,0.9171294867992401,1,False,,,,
1766728095.851498,0.4848411066702646,0.5420331366521712,0.8993103206157684,1,False,,,,
1766728096.239706,0.4848411066702646,0.5420331366521712,0.8993103206157684,1,False,,,,
1766728096.245837,0.4848411066702646,0.5420331366521712,0.8993103206157684,1,False,,,,
1766728096.251059,0.4848411066702646,0.5420331366521712,0.8993103206157684,1,False,,,,
1766728096.253742,0.4848411066702646,0.5420331366521712,0.8993103206157684,1,False,,,,
1766728096.25645,0.4773926732964872,0.5459172273381698,0.889068603515625,1,False,,,,
1766728096.501903,0.4773926732964872,0.5459172273381698,0.889068603515625,1,False,,,,
1766728096.509174,0.4773926732964872,0.5459172273381698,0.889068603515625,1,False,,,,
1766728096.5121899,0.4773926732964872,0.5459172273381698,0.889068603515625,1,False,,,,
1766728096.51489,0.4773926732964872,0.5459172273381698,0.889068603515625,1,False,,,,
1766728096.517358,0.48263928772995435,0.5339120451300285,0.8931510746479034,1,False,,,,
1766728096.8100438,0.48263928772995435,0.5339120451300285,0.8931510746479034,1,False,,,,
1766728096.816407,0.48263928772995435,0.5339120451300285,0.8931510746479034,1,False,,,,
1766728096.819417,0.48263928772995435,0.5339120451300285,0.8931510746479034,1,False,,,,
1766728096.8218272,0.48263928772995435,0.5339120451300285,0.8931510746479034,1,False,,,,
1766728096.826817,0.48118507708724445,0.5375425783046348,0.9096657037734985,1,False,,,,
1766728097.07165,0.48118507708724445,0.5375425783046348,0.9096657037734985,1,False,,,,
1766728097.077875,0.48118507708724445,0.5375425783046348,0.9096657037734985,1,False,,,,
1766728097.080894,0.48118507708724445,0.5375425783046348,0.9096657037734985,1,False,,,,
1766728097.083433,0.48118507708724445,0.5375425783046348,0.9096657037734985,1,False,,,,
1766728097.085796,0.48004637903197545,0.5300537040258724,0.8877888917922974,1,False,,,,
1766728097.461836,0.5417689190938912,0.548708052792954,0.4138554901905516,1,False,,,,
1766728097.468666,0.4790642531689234,0.5314883963485096,0.8622559905052185,1,False,,,,
1766728097.475093,0.4790642531689234,0.5314883963485096,0.8622559905052185,1,False,,,,
1766728097.478071,0.4790642531689234,0.5314883963485096,0.8622559905052185,1,False,,,,
1766728097.4809651,0.47803732676199784,0.5260220725432082,0.8916385173797607,1,False,,,,
1766728097.7502441,0.47803732676199784,0.5260220725432082,0.8916385173797607,1,False,,,,
1766728097.755647,0.47803732676199784,0.5260220725432082,0.8916385173797607,1,False,,,,
1766728097.7584882,0.47803732676199784,0.5260220725432082,0.8916385173797607,1,False,,,,
1766728097.7611241,0.47803732676199784,0.5260220725432082,0.8916385173797607,1,False,,,,
1766728097.7637792,0.46187483472693575,0.5154667543674907,0.909713476896286,1,False,,,,
1766728098.124523,0.46187483472693575,0.5154667543674907,0.909713476896286,1,False,,,,
1766728098.130502,0.46187483472693575,0.5154667543674907,0.909713476896286,1,False,,,,
1766728098.133495,0.4624736019569222,0.5181019090629742,0.9230043888092041,1,False,,,,
1766728098.136239,0.46255817780260927,0.5186794415418582,0.9230043888092041,1,False,,,,
1766728098.139125,0.4914112359946614,0.5388743438863819,0.9136716425418854,1,False,,,,
1766728098.553288,0.4914112359946614,0.5388743438863819,0.9136716425418854,1,False,,,,
1766728098.5598998,0.4914112359946614,0.5388743438863819,0.9136716425418854,1,False,,,,
1766728098.562816,0.4914112359946614,0.5388743438863819,0.9136716425418854,1,False,,,,
1766728098.567988,0.4914630733959653,0.5378665211417837,0.9136716425418854,1,False,,,,
1766728098.5712168,0.49844152634699884,0.5481741184430226,0.9280261695384979,1,False,,,,
1766728099.0376792,0.503849798165408,0.5446543406308874,0.9476479589939117,1,False,,,,
1766728099.044281,0.5038906220046033,0.5440853888695789,0.9476479589939117,1,False,,,,
1766728099.051133,0.5038906220046033,0.5440853888695789,0.9476479589939117,1,False,,,,
1766728099.053907,0.5038906220046033,0.5440853888695789,0.9476479589939117,1,False,,,,
1766728099.056463,0.4682862871151253,0.5272202189280497,0.933890163898468,1,False,,,,
1766728099.35111,0.4682862871151253,0.5272202189280497,0.933890163898468,1,False,,,,
1766728099.358121,0.4682862871151253,0.5272202189280497,0.933890163898468,1,False,,,,
1766728099.361495,0.4682862871151253,0.5272202189280497,0.933890163898468,1,False,,,,
1766728099.3641589,0.4682862871151253,0.5272202189280497,0.933890163898468,1,False,,,,
1766728099.3664901,0.4887557621802932,0.5191244484909486,0.89271479845047,1,False,,,,
1766728099.669234,0.4887557621802932,0.5191244484909486,0.89271479845047,1,False,,,,
1766728099.675655,0.4871801034551947,0.5204639729752986,0.9160567820072174,1,False,,,,
1766728099.678706,0.4871801034551947,0.5204639729752986,0.9160567820072174,1,False,,,,
1766728099.6855092,0.4871801034551947,0.5204639729752986,0.9160567820072174,1,False,,,,
1766728099.688582,0.4685362391403743,0.529871274684663,0.8927700097217277,1,False,,,,
1766728100.2224991,0.4685362391403743,0.529871274684663,0.8927700097217277,1,False,,,,
1766728100.228776,0.4685362391403743,0.529871274684663,0.8927700097217277,1,False,,,,
1766728100.231596,0.4685362391403743,0.529871274684663,0.8927700097217277,1,False,,,,
1766728100.234122,0.4685362391403743,0.529871274684663,0.8927700097217277,1,False,,,,
1766728100.2370088,0.5640763853607539,0.5425414088855788,0.3157440055234098,1,False,,,,
1766728100.4687638,0.5640763853607539,0.5425414088855788,0.3157440055234098,1,False,,,,
1766728100.474957,0.5640763853607539,0.5425414088855788,0.3157440055234098,1,False,,,,
1766728100.481382,0.5657707478005278,0.525100859352819,0.304104884042531,1,False,,,,
1766728100.484997,0.5657707478005278,0.525100859352819,0.304104884042531,1,False,,,,
1766728100.492125,0.6013106235146151,0.5127812813152008,0.1878658529297278,1,False,,,,
1766728100.770329,0.6013106235146151,0.5127812813152008,0.1878658529297278,1,False,,,,
1766728100.7777762,0.6013106235146151,0.5127812813152008,0.1878658529297278,1,False,,,,
1766728100.781169,0.40291555799269335,0.43464565786560994,1.0,1,False,,,,
1766728100.784318,0.40291555799269335,0.43464565786560994,1.0,1,False,,,,
1766728100.786977,0.44871520807665427,0.7880344615122529,0.9931323778629303,1,False,,,,
1766728101.0594492,0.4574483170026734,0.7874293245411844,0.9981323778629303,1,False,,,,
1766728101.067203,0.4574483170026734,0.7874293245411844,0.9981323778629303,1,False,,,,
1766728101.069545,0.4574483170026734,0.7874293245411844,0.9981323778629303,1,False,,,,
1766728101.0720031,0.4574483170026734,0.7874293245411844,0.9981323778629303,1,False,,,,
1766728101.076155,0.49437377485716383,0.8202177003995638,0.9760125279426575,0,False,,,,
1766728101.255007,0.48600344822224806,0.8239057537915953,1.0,0,False,,,,
1766728101.26287,0.48600344822224806,0.8239057537915953,1.0,0,False,,,,
1766728101.268428,0.48600344822224806,0.8239057537915953,1.0,0,False,,,,
1766728101.2707992,0.48600344822224806,0.8239057537915953,1.0,0,False,,,,
1766728101.273083,0.41004803709530774,0.838796162480223,0.9946846067905426,0,False,,,,
1766728101.5017412,0.41004803709530774,0.838796162480223,0.9946846067905426,0,False,,,,
1766728101.508235,0.41004803709530774,0.838796162480223,0.9946846067905426,0,False,,,,
1766728101.510568,0.41004803709530774,0.838796162480223,0.9946846067905426,0,False,,,,
1766728101.513022,0.41004803709530774,0.838796162480223,0.9946846067905426,0,False,,,,
1766728101.515619,0.4049094025998462,0.8571378117342344,0.9747359752655029,0,False,,,,
1766728101.727221,0.4049094025998462,0.8571378117342344,0.9747359752655029,0,False,,,,
1766728101.732057,0.4049094025998462,0.8571378117342344,0.9747359752655029,0,False,,,,
1766728101.7343879,0.4049094025998462,0.8571378117342344,0.9747359752655029,0,False,,,,
1766728101.7367208,0.4049094025998462,0.8571378117342344,0.9747359752655029,0,False,,,,
1766728101.738642,0.43050197485021185,0.8578328496991321,0.9504454731941223,0,False,,,,
1766728101.958144,0.42738622662619885,0.8631064351516269,1.0,0,False,,,,
1766728101.963852,0.42738622662619885,0.8631064351516269,1.0,0,False,,,,
1766728101.968319,0.42738622662619885,0.8631064351516269,1.0,0,False,,,,
1766728101.970803,0.42738622662619885,0.8631064351516269,1.0,0,False,,,,
1766728101.9737248,0.43154711535372536,0.8924815327667821,0.9371606409549713,0,False,,,,
1766728102.1730938,0.43154711535372536,0.8924815327667821,0.9371606409549713,0,False,,,,
1766728102.177494,0.43154711535372536,0.8924815327667821,0.9371606409549713,0,False,,,,
1766728102.180464,0.43154711535372536,0.8924815327667821,0.9371606409549713,0,False,,,,
1766728102.184693,0.43154711535372536,0.8924815327667821,0.9371606409549713,0,False,,,,
1766728102.1873229,0.44016234278451016,0.9732880091543217,0.9749056100845337,0,False,,,,
1766728102.450548,0.44016234278451016,0.9732880091543217,0.9749056100845337,0,False,,,,
1766728102.456697,0.44168849917939274,0.9818174809730853,1.0,0,False,,,,
1766728102.459388,0.4473614969376025,0.9899716528526663,1.0,0,False,,,,
1766728102.461886,0.4473614969376025,0.9899716528526663,1.0,0,False,,,,
1766728102.464473,0.4969190702081768,0.759205129075273,0.223466279812492,0,False,,,,
1766728102.625292,0.4553621053354512,0.7321570492826471,0.2360226296704274,0,False,,,,
1766728102.633132,0.4553621053354512,0.7321570492826471,0.2360226296704274,0,False,,,,
1766728102.639221,0.4553621053354512,0.7321570492826471,0.2360226296704274,0,False,,,,
1766728102.641782,0.4553621053354512,0.7321570492826471,0.2360226296704274,0,False,,,,
1766728102.644119,0.5522682742489639,0.4628075007879098,0.9446030259132385,1,False,,,,
1766728102.9942322,0.48708526882255987,0.49501359793663535,0.9604211151599884,1,False,,,,
1766728103.003617,0.48720135612472903,0.4990203698896887,0.9604211151599884,1,False,,,,
1766728103.010627,0.48720135612472903,0.4990203698896887,0.9604211151599884,1,False,,,,
1766728103.013553,0.48720135612472903,0.4990203698896887,0.9604211151599884,1,False,,,,
1766728103.0162728,0.45937072423178804,0.598353141642897,1.0,1,False,,,,
1766728103.409495,0.45937072423178804,0.598353141642897,1.0,1,False,,,,
1766728103.4157498,0.45937072423178804,0.598353141642897,1.0,1,False,,,,
1766728103.4186509,0.45937072423178804,0.598353141642897,1.0,1,False,,,,
1766728103.421948,0.45937072423178804,0.598353141642897,1.0,1,False,,,,
1766728103.424861,0.48797689429895846,0.604928679384327,0.9310872554779053,1,False,,,,
1766728103.722473,0.48797689429895846,0.604928679384327,0.9310872554779053,1,False,,,,
1766728103.728905,0.49178492696366394,0.6010642500934282,0.9978426694869995,1,False,,,,
1766728103.734092,0.49262379343047574,0.59971976347775,0.9703553318977356,1,False,,,,
1766728103.741197,0.49262379343047574,0.59971976347775,0.9703553318977356,1,False,,,,
1766728103.744284,0.5083770487265262,0.5706816004567612,0.9499488770961761,1,False,,,,
1766728104.061075,0.5083770487265262,0.5706816004567612,0.9499488770961761,1,False,,,,
1766728104.068057,0.5075628967315613,0.5681169167854168,0.9190970361232758,1,False,,,,
1766728104.071151,0.5075628967315613,0.5681169167854168,0.9190970361232758,1,False,,,,
1766728104.0776,0.5075628967315613,0.5681169167854168,0.9190970361232758,1,False,,,,
1766728104.080308,0.4934599046184349,0.5400417667671531,0.917104572057724,1,False,,,,
1766728104.590952,0.4934599046184349,0.5400417667671531,0.917104572057724,1,False,,,,
1766728104.597069,0.4934599046184349,0.5400417667671531,0.917104572057724,1,False,,,,
1766728104.600194,0.4934586809698233,0.5396210102622983,0.9217588027846795,1,False,,,,
1766728104.602868,0.4913976218530278,0.537988144700465,0.9110227227210999,1,False,,,,
1766728104.608442,0.46992046588557007,0.5066461879316333,0.9044826626777649,1,False,,,,
1766728104.9170702,0.46992046588557007,0.5066461879316333,0.9044826626777649,1,False,,,,
1766728104.923678,0.46992046588557007,0.5066461879316333,0.9044826626777649,1,False,,,,
1766728104.926718,0.46992046588557007,0.5066461879316333,0.9044826626777649,1,False,,,,
1766728104.929327,0.46992046588557007,0.5066461879316333,0.9044826626777649,1,False,,,,
1766728104.931788,0.48249827415853996,0.5013462868376127,0.8910778164863586,1,False,,,,
1766728105.441909,0.4816747608568156,0.5070766530279952,0.9240594208240509,1,False,,,,
1766728105.4492118,0.4816747608568156,0.5070766530279952,0.9240594208240509,1,False,,,,
1766728105.455271,0.4816747608568156,0.5070766530279952,0.9240594208240509,1,False,,,,
1766728105.457904,0.4816747608568156,0.5070766530279952,0.9240594208240509,1,False,,,,
1766728105.460358,0.48247866789722427,0.5167545958352177,0.9092540144920349,1,False,,,,
1766728105.7636218,0.48247866789722427,0.5167545958352177,0.9092540144920349,1,False,,,,
1766728105.768759,0.48247866789722427,0.5167545958352177,0.9092540144920349,1,False,,,,
1766728105.771582,0.4822617594725102,0.516673476352944,0.9092540144920349,1,False,,,,
1766728105.7744808,0.4810787516018699,0.5170955018428578,0.9066810607910156,1,False,,,,
1766728105.777264,0.4467616875891201,0.5114876914904707,0.9266857802867889,1,False,,,,
1766728106.038594,0.4467616875891201,0.5114876914904707,0.9266857802867889,1,False,,,,
1766728106.0460851,0.44422952263426196,0.5095084048618346,0.9274649620056152,1,False,,,,
1766728106.049206,0.44422952263426196,0.5095084048618346,0.9274649620056152,1,False,,,,
1766728106.0552,0.44422952263426196,0.5095084048618346,0.9274649620056152,1,False,,,,
1766728106.0581279,0.48599184713939303,0.523901245032481,0.872883141040802,1,False,,,,
1766728106.318293,0.48599184713939303,0.523901245032481,0.872883141040802,1,False,,,,
1766728106.325069,0.48599184713939303,0.523901245032481,0.872883141040802,1,False,,,,
1766728106.328383,0.48599184713939303,0.523901245032481,0.872883141040802,1,False,,,,
1766728106.3335521,0.48599184713939303,0.523901245032481,0.872883141040802,1,False,,,,
1766728106.336173,0.47341696229414804,0.529023509404381,0.9114460945129395,1,False,,,,
1766728106.6182091,0.470791732946026,0.5293402385034462,0.9019879996776581,1,False,,,,
1766728106.630273,0.470791732946026,0.5293402385034462,0.9019879996776581,1,False,,,,
1766728106.636158,0.470791732946026,0.5293402385034462,0.9019879996776581,1,False,,,,
1766728106.639115,0.470791732946026,0.5293402385034462,0.9019879996776581,1,False,,,,
1766728106.642381,0.4723891793104046,0.5337983628755706,0.9009717702865601,1,False,,,,
1766728106.904732,0.4723891793104046,0.5337983628755706,0.9009717702865601,1,False,,,,
1766728106.910742,0.4723891793104046,0.5337983628755706,0.9009717702865601,1,False,,,,
1766728106.913891,0.47244692107132413,0.5350538111398676,0.8977748155593872,1,False,,,,
1766728106.917278,0.47244692107132413,0.5350538111398676,0.8977748155593872,1,False,,,,
1766728106.920578,0.4860505935409881,0.5306672983220433,0.8980834216382594,1,False,,,,
1766728107.17763,0.4860505935409881,0.5306672983220433,0.8980834216382594,1,False,,,,
1766728107.1840909,0.5763994626367369,0.5687715309143813,0.4887222831804393,1,False,,,,
1766728107.188042,0.5763994626367369,0.5687715309143813,0.4887222831804393,1,False,,,,
1766728107.195198,0.5763994626367369,0.5687715309143813,0.4887222831804393,1,False,,,,
1766728107.1981618,0.4516490809770664,0.5308865839535251,0.9134035706520081,1,False,,,,
1766728107.5244532,0.45174236495747566,0.5283872947314783,0.9183300733566284,1,False,,,,
1766728107.53092,0.45174236495747566,0.5283872947314783,0.9183300733566284,1,False,,,,
1766728107.537303,0.45174236495747566,0.5283872947314783,0.9183300733566284,1,False,,,,
1766728107.54026,0.45174236495747566,0.5283872947314783,0.9183300733566284,1,False,,,,
1766728107.542968,0.43603491985822085,0.5392462404553817,0.9586787819862366,1,False,,,,
1766728107.862305,0.4367355958102291,0.5389942340610148,0.9586787819862366,1,False,,,,
1766728107.869329,0.4367355958102291,0.5389942340610148,0.9586787819862366,1,False,,,,
1766728107.8743832,0.4367355958102291,0.5389942340610148,0.9586787819862366,1,False,,,,
1766728107.87694,0.4367355958102291,0.5389942340610148,0.9586787819862366,1,False,,,,
1766728107.8796082,0.428678687062486,0.5638606039073975,0.9663287103176117,1,False,,,,
1766728108.2194471,0.428678687062486,0.5638606039073975,0.9663287103176117,1,False,,,,
1766728108.2257578,0.430748696827555,0.5575655705263123,0.9563393294811249,1,False,,,,
1766728108.2290251,0.430748696827555,0.5575655705263123,0.9563393294811249,1,False,,,,
1766728108.2350998,0.430748696827555,0.5575655705263123,0.9563393294811249,1,False,,,,
1766728108.238156,0.4589109119110268,0.5368404944914199,0.9068601727485657,1,False,,,,
1766728108.497932,0.4590981079166605,0.5372133660110434,0.9068601727485657,1,False,,,,
1766728108.506284,0.4590981079166605,0.5372133660110434,0.9068601727485657,1,False,,,,
1766728108.512348,0.4590981079166605,0.5372133660110434,0.9068601727485657,1,False,,,,
1766728108.515429,0.4590981079166605,0.5372133660110434,0.9068601727485657,1,False,,,,
1766728108.520493,0.05829357273082962,0.3428406565453579,0.8135573593554243,1,False,,,,
1766728108.8586009,0.6041789260427965,0.5342353100370868,0.34733158710420814,1,False,,,,
1766728108.8680608,0.6041789260427965,0.5342353100370868,0.34733158710420814,1,False,,,,
1766728108.874155,0.6041789260427965,0.5342353100370868,0.34733158710420814,1,False,,,,
1766728108.877471,0.6041789260427965,0.5342353100370868,0.34733158710420814,1,False,,,,
1766728108.8800588,0.40793006530132725,0.8912118893107055,0.8774440288543701,1,False,,,,
1766728109.340001,0.40793006530132725,0.8912118893107055,0.8774440288543701,1,False,,,,
1766728109.346943,0.40793006530132725,0.8912118893107055,0.8774440288543701,1,False,,,,
1766728109.349092,0.40793006530132725,0.8912118893107055,0.8774440288543701,1,False,,,,
1766728109.351146,0.40793006530132725,0.8912118893107055,0.8774440288543701,1,False,,,,
1766728109.353097,0.3990243616626315,0.8483072526362556,1.0,0,False,,,,
1766728109.582043,0.3990243616626315,0.8483072526362556,1.0,0,False,,,,
1766728109.5862982,0.3990243616626315,0.8483072526362556,1.0,0,False,,,,
1766728109.5887291,0.3990243616626315,0.8483072526362556,1.0,0,False,,,,
1766728109.5910022,0.3990243616626315,0.8483072526362556,1.0,0,False,,,,
1766728109.593306,0.3663173608763457,0.850798466020605,1.0,0,False,,,,
1766728109.82154,0.3663173608763457,0.850798466020605,1.0,0,False,,,,
1766728109.828285,0.36830459380618263,0.850420545844285,1.0,0,False,,,,
1766728109.832087,0.3672442508761341,0.8486715349648655,1.0,0,False,,,,
1766728109.835099,0.3672442508761341,0.8486715349648655,1.0,0,False,,,,
1766728109.8404422,0.4214385402588296,0.6782946263782184,1.0,0,False,,,,
1766728110.036391,0.4214385402588296,0.6782946263782184,1.0,0,False,,,,
1766728110.0445728,0.4214385402588296,0.6782946263782184,1.0,0,False,,,,
1766728110.0469928,0.4214385402588296,0.6782946263782184,1.0,0,False,,,,
1766728110.051092,0.4214385402588296,0.6782946263782184,1.0,0,False,,,,
1766728110.053659,0.43734074415734414,0.6743168220537974,1.0,0,False,,,,
1766728110.2182221,0.43734074415734414,0.6743168220537974,1.0,0,False,,,,
1766728110.223058,0.43734074415734414,0.6743168220537974,1.0,0,False,,,,
1766728110.225682,0.43734074415734414,0.6743168220537974,1.0,0,False,,,,
1766728110.228256,0.4368260902299088,0.6756557701767905,1.0,0,False,,,,
1766728110.2307,0.4425763605403761,0.7266048721036261,1.0,0,False,,,,
1766728110.4100218,0.4425763605403761,0.7266048721036261,1.0,0,False,,,,
1766728110.4145322,0.4425763605403761,0.7266048721036261,1.0,0,False,,,,
1766728110.417648,0.4425763605403761,0.7266048721036261,1.0,0,False,,,,
1766728110.420591,0.4425763605403761,0.7266048721036261,1.0,0,False,,,,
1766728110.422843,0.4429068547086475,0.825511846335591,0.9599153995513916,0,False,,,,
1766728110.656469,0.4429068547086475,0.825511846335591,0.9599153995513916,0,False,,,,
1766728110.661559,0.4429068547086475,0.825511846335591,0.9599153995513916,0,False,,,,
1766728110.664683,0.4451652368363943,0.8378682004444389,0.983879804611206,0,False,,,,
1766728110.668194,0.4440650751190097,0.8552827036657369,0.9897150099277496,0,False,,,,
1766728110.6705909,0.4665289790187576,0.565690652898134,0.183316945906938,0,False,,,,
1766728110.8794,0.4665289790187576,0.565690652898134,0.183316945906938,0,False,,,,
1766728110.8865762,0.4665289790187576,0.565690652898134,0.183316945906938,0,False,,,,
1766728110.8893561,0.4665289790187576,0.565690652898134,0.183316945906938,0,False,,,,
1766728110.892056,0.4665289790187576,0.565690652898134,0.183316945906938,0,False,,,,
1766728110.89449,0.47519490280192656,0.5607399366891043,0.9904285073280334,1,False,,,,
1766728111.297528,0.47519490280192656,0.5607399366891043,0.9904285073280334,1,False,,,,
1766728111.305852,0.4714139603741259,0.5713836713400459,1.0,1,False,,,,
1766728111.311394,0.4714139603741259,0.5713836713400459,1.0,1,False,,,,
1766728111.317974,0.4714139603741259,0.5713836713400459,1.0,1,False,,,,
1766728111.32094,0.46926957738800484,0.6206371946099785,1.0,1,False,,,,
1766728111.602599,0.46926957738800484,0.6206371946099785,1.0,1,False,,,,
1766728111.6094432,0.4736081751174955,0.6178735081710548,1.0,1,False,,,,
1766728111.6140091,0.4736081751174955,0.6178735081710548,1.0,1,False,,,,
1766728111.620916,0.4736081751174955,0.6178735081710548,1.0,1,False,,,,
1766728111.6239,0.49920377724964143,0.5771642691991209,0.9423254728317261,1,False,,,,
1766728111.913583,0.49920377724964143,0.5771642691991209,0.9423254728317261,1,False,,,,
1766728111.921314,0.49920377724964143,0.5771642691991209,0.9423254728317261,1,False,,,,
1766728111.924334,0.49920377724964143,0.5771642691991209,0.9423254728317261,1,False,,,,
1766728111.92703,0.49920377724964143,0.5771642691991209,0.9423254728317261,1,False,,,,
1766728111.931912,0.4851341654180203,0.5643600267642731,0.9356350898742676,1,False,,,,
1766728112.310524,0.4813543914636086,0.5548559290732338,0.9427851438522339,1,False,,,,
1766728112.317559,0.4813543914636086,0.5548559290732338,0.9427851438522339,1,False,,,,
1766728112.325504,0.4813543914636086,0.5548559290732338,0.9427851438522339,1,False,,,,
1766728112.3285089,0.4813543914636086,0.5548559290732338,0.9427851438522339,1,False,,,,
1766728112.331289,0.47387400533810575,0.5342648676660425,0.9321967661380768,1,False,,,,
1766728112.649311,0.47238402629411,0.5363439020742926,0.932214617729187,1,False,,,,
1766728112.6561122,0.47238402629411,0.5363439020742926,0.932214617729187,1,False,,,,
1766728112.662178,0.47238402629411,0.5363439020742926,0.932214617729187,1,False,,,,
1766728112.664994,0.47238402629411,0.5363439020742926,0.932214617729187,1,False,,,,
1766728112.667629,0.4716051877973625,0.5476714680582374,0.9394894540309906,1,False,,,,
1766728113.10687,0.4716051877973625,0.5476714680582374,0.9394894540309906,1,False,,,,
1766728113.112022,0.4709758284688519,0.5474050461680829,0.9500677585601807,1,False,,,,
1766728113.114985,0.473216863689956,0.5481817656215822,0.9457516372203827,1,False,,,,
1766728113.117902,0.473216863689956,0.5481817656215822,0.9457516372203827,1,False,,,,
1766728113.121191,0.4858793220073892,0.5651058422933499,0.9258462488651276,1,False,,,,
1766728113.569294,0.4858793220073892,0.5651058422933499,0.9258462488651276,1,False,,,,
1766728113.575501,0.4858793220073892,0.5651058422933499,0.9258462488651276,1,False,,,,
1766728113.578599,0.4858793220073892,0.5651058422933499,0.9258462488651276,1,False,,,,
1766728113.581547,0.48643871040465464,0.5642929787526552,0.9225012958049774,1,False,,,,
1766728113.584461,0.48891589261491814,0.5441817210873772,0.9242216646671295,1,False,,,,
1766728113.848644,0.4904622997812277,0.5431351662631749,0.9258751273155212,1,False,,,,
1766728113.855809,0.49078507996163684,0.5440882890147211,0.9187062382698059,1,False,,,,
1766728113.8621628,0.49078507996163684,0.5440882890147211,0.9187062382698059,1,False,,,,
1766728113.867244,0.49078507996163684,0.5440882890147211,0.9187062382698059,1,False,,,,
1766728113.869932,0.46982030114542483,0.5509307518337666,0.9416335225105286,1,False,,,,
1766728114.120804,0.46457919903471756,0.5526708491396086,0.9400469362735748,1,False,,,,
1766728114.1278331,0.46457919903471756,0.5526708491396086,0.9400469362735748,1,False,,,,
1766728114.134207,0.46457919903471756,0.5526708491396086,0.9400469362735748,1,False,,,,
1766728114.137154,0.46457919903471756,0.5526708491396086,0.9400469362735748,1,False,,,,
1766728114.139688,0.5084312861374217,0.515166845882548,0.8845617771148682,1,False,,,,
1766728114.562198,0.5084312861374217,0.515166845882548,0.8845617771148682,1,False,,,,
1766728114.5694091,0.5084312861374217,0.515166845882548,0.8845617771148682,1,False,,,,
1766728114.5723991,0.5084312861374217,0.515166845882548,0.8845617771148682,1,False,,,,
1766728114.575135,0.5084312861374217,0.515166845882548,0.8845617771148682,1,False,,,,
1766728114.577706,0.48036159738816453,0.5059453675632906,0.9081372022628784,1,False,,,,
1766728114.855917,0.47825211002548534,0.5047722206485107,0.9214906692504883,1,False,,,,
1766728114.863275,0.47825211002548534,0.5047722206485107,0.9214906692504883,1,False,,,,
1766728114.8704178,0.47825211002548534,0.5047722206485107,0.9214906692504883,1,False,,,,
1766728114.873491,0.47825211002548534,0.5047722206485107,0.9214906692504883,1,False,,,,
1766728114.876058,0.47200156639409485,0.57989555064239,1.0,1,False,,,,
1766728115.3832161,0.47200156639409485,0.57989555064239,1.0,1,False,,,,
1766728115.390295,0.4692646808613635,0.5881533542595309,1.0,1,False,,,,
1766728115.393379,0.4692646808613635,0.5881533542595309,1.0,1,False,,,,
1766728115.399709,0.4692646808613635,0.5881533542595309,1.0,1,False,,,,
1766728115.4029179,0.47242763892516937,0.5234484140449507,0.9277615249156952,1,False,,,,
1766728115.70868,0.47242763892516937,0.5234484140449507,0.9277615249156952,1,False,,,,
1766728115.714669,0.47242763892516937,0.5234484140449507,0.9277615249156952,1,False,,,,
1766728115.719789,0.47242763892516937,0.5234484140449507,0.9277615249156952,1,False,,,,
1766728115.722599,0.47242763892516937,0.5234484140449507,0.9277615249156952,1,False,,,,
1766728115.725845,0.4482207647084059,0.5178154496598129,0.9157067537307739,1,False,,,,
1766728116.039358,0.4482207647084059,0.5178154496598129,0.9157067537307739,1,False,,,,
1766728116.045953,0.4482207647084059,0.5178154496598129,0.9157067537307739,1,False,,,,
1766728116.04912,0.4482207647084059,0.5178154496598129,0.9157067537307739,1,False,,,,
1766728116.05185,0.4482207647084059,0.5178154496598129,0.9157067537307739,1,False,,,,
1766728116.054364,0.47159945917114826,0.5196919633009092,0.9032019376754761,1,False,,,,
1766728116.406867,0.47159945917114826,0.5196919633009092,0.9032019376754761,1,False,,,,
1766728116.4141388,0.47159945917114826,0.5196919633009092,0.9032019376754761,1,False,,,,
1766728116.417196,0.47159945917114826,0.5196919633009092,0.9032019376754761,1,False,,,,
1766728116.419708,0.47159945917114826,0.5196919633009092,0.9032019376754761,1,False,,,,
1766728116.4247308,0.45306804135884626,0.5234861216201614,0.9059845805168152,1,False,,,,
1766728116.80533,0.45306804135884626,0.5234861216201614,0.9059845805168152,1,False,,,,
1766728116.812877,0.45306804135884626,0.5234861216201614,0.9059845805168152,1,False,,,,
1766728116.815895,0.45306804135884626,0.5234861216201614,0.9059845805168152,1,False,,,,
1766728116.8191512,0.45306804135884626,0.5234861216201614,0.9059845805168152,1,False,,,,
1766728116.8217201,0.5700052730749066,0.5421597334166771,0.4424097292423451,1,False,,,,
1766728117.222219,0.5700052730749066,0.5421597334166771,0.4424097292423451,1,False,,,,
1766728117.228412,0.5700052730749066,0.5421597334166771,0.4424097292423451,1,False,,,,
1766728117.231808,0.5701431163871628,0.5418552763382901,0.4576743622262381,1,False,,,,
1766728117.236022,0.5704688740531334,0.5407920131247553,0.4681328117738771,1,False,,,,
1766728117.2391732,0.5740553282703097,0.5382739933111563,0.4601501917258496,1,False,,,,
1766728117.5895722,0.5740553282703097,0.5382739933111563,0.4601501917258496,1,False,,,,
1766728117.5949361,0.5740553282703097,0.5382739933111563,0.4601501917258496,1,False,,,,
1766728117.5979362,0.5740553282703097,0.5382739933111563,0.4601501917258496,1,False,,,,
1766728117.600717,0.5731437011889383,0.5489413294903865,0.4358360842861565,1,False,,,,
1766728117.603416,0.4105672340253557,0.49149371277612475,0.9205536842346191,1,False,,,,
1766728117.930654,0.4105672340253557,0.49149371277612475,0.9205536842346191,1,False,,,,
1766728117.937639,0.40935550446468366,0.47929337229348246,0.8938093185424805,1,False,,,,
1766728117.9409542,0.40935550446468366,0.47929337229348246,0.8938093185424805,1,False,,,,
1766728117.944206,0.40935550446468366,0.47929337229348246,0.8938093185424805,1,False,,,,
1766728117.95105,0.493498864563599,0.8061318531896433,0.8847801387310028,1,False,,,,
1766728118.353943,0.493498864563599,0.8061318531896433,0.8847801387310028,1,False,,,,
1766728118.361862,0.493498864563599,0.8061318531896433,0.8847801387310028,1,False,,,,
1766728118.3642728,0.493498864563599,0.8061318531896433,0.8847801387310028,1,False,,,,
1766728118.36876,0.493498864563599,0.8061318531896433,0.8847801387310028,1,False,,,,
1766728118.371128,0.402218493930213,0.8157058475774599,0.967781126499176,0,False,,,,
1766728118.611233,0.407826296229379,0.8035358783092514,0.9928349852561951,0,False,,,,
1766728118.618218,0.407826296229379,0.8035358783092514,0.9928349852561951,0,False,,,,
1766728118.624338,0.407826296229379,0.8035358783092514,0.9928349852561951,0,False,,,,
1766728118.6270049,0.407826296229379,0.8035358783092514,0.9928349852561951,0,False,,,,
1766728118.6291919,0.4005497077876453,0.7779081394727195,1.0,0,False,,,,
1766728118.793609,0.4005497077876453,0.7779081394727195,1.0,0,False,,,,
1766728118.8007622,0.4005497077876453,0.7779081394727195,1.0,0,False,,,,
1766728118.803194,0.4005497077876453,0.7779081394727195,1.0,0,False,,,,
1766728118.8054888,0.4005497077876453,0.7779081394727195,1.0,0,False,,,,
1766728118.8078542,0.40041389242716663,0.7628277080331439,0.9886133074760437,0,False,,,,
1766728119.035655,0.40041389242716663,0.7628277080331439,0.9886133074760437,0,False,,,,
1766728119.0416682,0.40041389242716663,0.7628277080331439,0.9886133074760437,0,False,,,,
1766728119.044341,0.3988611133418639,0.7654277611914141,0.9693942666053772,0,False,,,,
1766728119.047387,0.4021422256134988,0.7692984342433721,0.9778101742267609,0,False,,,,
1766728119.0501142,0.395170971916722,0.8087234411133887,0.9717806875705719,0,False,,,,
1766728119.2386088,0.395170971916722,0.8087234411133887,0.9717806875705719,0,False,,,,
1766728119.24446,0.39508140664078084,0.8104874700332538,0.9781213104724884,0,False,,,,
1766728119.2472389,0.39491638277606284,0.8101709143581355,0.9925637245178223,0,False,,,,
1766728119.2495859,0.39491638277606284,0.8101709143581355,0.9925637245178223,0,False,,,,
1766728119.2565088,0.41113845923578707,0.8194866224589835,0.9690296351909637,0,False,,,,
1766728119.437685,0.41113845923578707,0.8194866224589835,0.9690296351909637,0,False,,,,
1766728119.442677,0.41113845923578707,0.8194866224589835,0.9690296351909637,0,False,,,,
1766728119.447813,0.4166561943503499,0.8106138400201945,0.9840130805969238,0,False,,,,
1766728119.450387,0.4166561943503499,0.8106138400201945,0.9840130805969238,0,False,,,,
1766728119.4561741,0.42251860706912314,0.8410581632127279,1.0,0,False,,,,
1766728119.6534588,0.42251860706912314,0.8410581632127279,1.0,0,False,,,,
1766728119.660152,0.42251860706912314,0.8410581632127279,1.0,0,False,,,,
1766728119.662694,0.42251860706912314,0.8410581632127279,1.0,0,False,,,,
1766728119.664931,0.42251860706912314,0.8410581632127279,1.0,0,False,,,,
1766728119.66713,0.5061852899200578,0.6349256835648929,0.1946823542297689,0,False,,,,
1766728120.050246,0.5122836140853289,0.5784201535399891,0.21781817605561707,0,False,,,,
1766728120.0587468,0.5122836140853289,0.5784201535399891,0.21781817605561707,0,False,,,,
1766728120.064003,0.5122836140853289,0.5784201535399891,0.21781817605561707,0,False,,,,
1766728120.067104,0.5122836140853289,0.5784201535399891,0.21781817605561707,0,False,,,,
1766728120.071414,0.49250303759855757,0.5282540676209456,0.9387006163597107,1,False,,,,
1766728120.360758,0.49250303759855757,0.5282540676209456,0.9387006163597107,1,False,,,,
1766728120.368213,0.49250303759855757,0.5282540676209456,0.9387006163597107,1,False,,,,
1766728120.3707929,0.49250303759855757,0.5282540676209456,0.9387006163597107,1,False,,,,
1766728120.373319,0.49250303759855757,0.5282540676209456,0.9387006163597107,1,False,,,,
1766728120.375823,0.4606566749207646,0.578361137769435,1.0,1,False,,,,
1766728120.675106,0.4606566749207646,0.578361137769435,1.0,1,False,,,,
1766728120.6817348,0.4606566749207646,0.578361137769435,1.0,1,False,,,,
1766728120.68465,0.46091078715559297,0.5814435654060743,1.0,1,False,,,,
1766728120.687736,0.46372156216655147,0.5789773549185526,1.0,1,False,,,,
1766728120.690758,0.5152494904115719,0.5840764772706101,0.9486863911151886,1,False,,,,
1766728121.0691452,0.5152494904115719,0.5840764772706101,0.9486863911151886,1,False,,,,
1766728121.074427,0.5152494904115719,0.5840764772706101,0.9486863911151886,1,False,,,,
1766728121.077591,0.5152494904115719,0.5840764772706101,0.9486863911151886,1,False,,,,
1766728121.080338,0.5152494904115719,0.5840764772706101,0.9486863911151886,1,False,,,,
1766728121.082806,0.5189702812120939,0.560800637498554,0.9232682287693024,1,False,,,,
1766728121.433173,0.5189702812120939,0.560800637498554,0.9232682287693024,1,False,,,,
1766728121.439776,0.5189702812120939,0.560800637498554,0.9232682287693024,1,False,,,,
1766728121.44276,0.5189702812120939,0.560800637498554,0.9232682287693024,1,False,,,,
1766728121.44561,0.5189702812120939,0.560800637498554,0.9232682287693024,1,False,,,,
1766728121.448155,0.4787255726085138,0.5376019949015811,0.899597704410553,1,False,,,,
1766728122.5867782,0.4787255726085138,0.5376019949015811,0.899597704410553,1,False,,,,
1766728122.593318,0.4787255726085138,0.5376019949015811,0.899597704410553,1,False,,,,
1766728122.5971048,0.47788519469137664,0.5361968885222032,0.9088762334918324,1,False,,,,
1766728122.602155,0.47690717064963756,0.5367338012743426,0.9103471653863013,1,False,,,,
1766728122.6052868,0.4847256494852714,0.5294814270815523,0.9026568765734861,1,False,,,,
1766728122.852341,0.4847256494852714,0.5294814270815523,0.9026568765734861,1,False,,,,
1766728122.8584719,0.4847256494852714,0.5294814270815523,0.9026568765734861,1,False,,,,
1766728122.8614862,0.4847256494852714,0.5294814270815523,0.9026568765734861,1,False,,,,
1766728122.8649018,0.48510787577541015,0.52664909381647,0.9033992788102629,1,False,,,,
1766728122.8683462,0.5544023771321,0.5486017595406253,0.4422578108623828,1,False,,,,
1766728123.138805,0.4120551414090161,0.5815438502459604,1.0,1,False,,,,
1766728123.1458418,0.4120551414090161,0.5815438502459604,1.0,1,False,,,,
1766728123.1518562,0.4120551414090161,0.5815438502459604,1.0,1,False,,,,
1766728123.154936,0.4120551414090161,0.5815438502459604,1.0,1,False,,,,
1766728123.1578722,0.4145269703301496,0.5725305815512942,1.0,1,False,,,,
1766728123.443058,0.4145269703301496,0.5725305815512942,1.0,1,False,,,,
1766728123.4498188,0.4145269703301496,0.5725305815512942,1.0,1,False,,,,
1766728123.452974,0.4145269703301496,0.5725305815512942,1.0,1,False,,,,
1766728123.4556642,0.4145269703301496,0.5725305815512942,1.0,1,False,,,,
1766728123.458185,0.48825888673517637,0.5083096538398236,0.8862015197759197,1,False,,,,
1766728123.873728,0.4882878184013405,0.5036366953595405,0.8958585858345032,1,False,,,,
1766728123.8811462,0.4882878184013405,0.5036366953595405,0.8958585858345032,1,False,,,,
1766728123.887435,0.4882878184013405,0.5036366953595405,0.8958585858345032,1,False,,,,
1766728123.890335,0.4882878184013405,0.5036366953595405,0.8958585858345032,1,False,,,,
1766728123.89303,0.46778695970433215,0.4863580313015332,0.8954671025276184,1,False,,,,
1766728124.2108648,0.4675969038625273,0.48678032013238925,0.8846940696239471,1,False,,,,
1766728124.217728,0.4675969038625273,0.48678032013238925,0.8846940696239471,1,False,,,,
1766728124.223117,0.4675969038625273,0.48678032013238925,0.8846940696239471,1,False,,,,
1766728124.225858,0.4675969038625273,0.48678032013238925,0.8846940696239471,1,False,,,,
1766728124.2286232,0.4461810074754878,0.4963566475123491,0.9175572991371155,1,False,,,,
1766728124.6057851,0.44770655821551325,0.49496226159956647,0.8981459438800812,1,False,,,,
1766728124.612533,0.44770655821551325,0.49496226159956647,0.8981459438800812,1,False,,,,
1766728124.618814,0.44770655821551325,0.49496226159956647,0.8981459438800812,1,False,,,,
1766728124.6220212,0.44770655821551325,0.49496226159956647,0.8981459438800812,1,False,,,,
1766728124.624655,0.4597949461458284,0.503242866183028,0.9043742418289185,1,False,,,,
1766728125.036747,0.4597949461458284,0.503242866183028,0.9043742418289185,1,False,,,,
1766728125.044428,0.4587833879860644,0.5032856419967592,0.878476083278656,1,False,,,,
1766728125.04765,0.4587833879860644,0.5032856419967592,0.878476083278656,1,False,,,,
1766728125.05367,0.4587833879860644,0.5032856419967592,0.878476083278656,1,False,,,,
1766728125.058887,0.4622230990236048,0.4980810017043379,0.8982656896114349,1,False,,,,
1766728125.41729,0.4622230990236048,0.4980810017043379,0.8982656896114349,1,False,,,,
1766728125.424383,0.4622230990236048,0.4980810017043379,0.8982656896114349,1,False,,,,
1766728125.430128,0.4622230990236048,0.4980810017043379,0.8982656896114349,1,False,,,,
1766728125.432991,0.4622230990236048,0.4980810017043379,0.8982656896114349,1,False,,,,
1766728125.435837,0.5829260158750851,0.544784598440853,0.40637818304210765,1,False,,,,
1766728125.764605,0.5829260158750851,0.544784598440853,0.40637818304210765,1,False,,,,
1766728125.7710001,0.5829260158750851,0.544784598440853,0.40637818304210765,1,False,,,,
1766728125.774014,0.5829260158750851,0.544784598440853,0.40637818304210765,1,False,,,,
1766728125.776639,0.5829260158750851,0.544784598440853,0.40637818304210765,1,False,,,,
1766728125.779302,0.4932969044571481,0.4981174701900115,0.9254967272281647,1,False,,,,
1766728126.338044,0.4932969044571481,0.4981174701900115,0.9254967272281647,1,False,,,,
1766728126.343511,0.4932969044571481,0.4981174701900115,0.9254967272281647,1,False,,,,
1766728126.346252,0.4932969044571481,0.4981174701900115,0.9254967272281647,1,False,,,,
1766728126.3493812,0.49602602858632494,0.4943686965763836,0.9340229332447052,1,False,,,,
1766728126.3521678,0.5688195242523701,0.5378988436820267,0.4099891678655056,1,False,,,,
1766728126.6260228,0.5688195242523701,0.5378988436820267,0.4099891678655056,1,False,,,,
1766728126.632583,0.5688195242523701,0.5378988436820267,0.4099891678655056,1,False,,,,
1766728126.635603,0.5688195242523701,0.5378988436820267,0.4099891678655056,1,False,,,,
1766728126.638467,0.5688195242523701,0.5378988436820267,0.4099891678655056,1,False,,,,
1766728126.641093,0.49332391473135234,0.550188414360072,1.0,1,False,,,,
1766728126.880948,0.49332391473135234,0.550188414360072,1.0,1,False,,,,
1766728126.887189,0.49249448689660486,0.5540892351565121,1.0,1,False,,,,
1766728126.8904052,0.49249448689660486,0.5540892351565121,1.0,1,False,,,,
1766728126.8966641,0.49249448689660486,0.5540892351565121,1.0,1,False,,,,
1766728126.8994958,0.4688018274125474,0.4864461918596831,0.9090196192264557,1,False,,,,
1766728127.159023,0.468925132413061,0.48673098936011083,0.9090196192264557,1,False,,,,
1766728127.1655722,0.468925132413061,0.48673098936011083,0.9090196192264557,1,False,,,,
1766728127.1718972,0.468925132413061,0.48673098936011083,0.9090196192264557,1,False,,,,
1766728127.174921,0.468925132413061,0.48673098936011083,0.9090196192264557,1,False,,,,
1766728127.177424,0.46807715269520467,0.4891434021342249,0.9416419565677643,1,False,,,,
1766728127.567289,0.46807715269520467,0.4891434021342249,0.9416419565677643,1,False,,,,
1766728127.573961,0.46807715269520467,0.4891434021342249,0.9416419565677643,1,False,,,,
1766728127.576878,0.46807715269520467,0.4891434021342249,0.9416419565677643,1,False,,,,
1766728127.579422,0.46807715269520467,0.4891434021342249,0.9416419565677643,1,False,,,,
1766728127.581952,0.46306136465608383,0.49838220816500867,0.9280105233192444,1,False,,,,
1766728128.024877,0.4676102142773491,0.5046666980354055,0.950708657503128,1,False,,,,
1766728128.031729,0.4858939662699262,0.5055202000783109,0.8557164669036865,1,False,,,,
1766728128.039009,0.4858939662699262,0.5055202000783109,0.8557164669036865,1,False,,,,
1766728128.04187,0.4858939662699262,0.5055202000783109,0.8557164669036865,1,False,,,,
1766728128.0445912,0.5093606716126604,0.5044000057873818,0.9034483730792999,1,False,,,,
1766728128.494412,0.5126679170251576,0.5053889114162469,0.9024413824081421,1,False,,,,
1766728128.5019038,0.5126679170251576,0.5053889114162469,0.9024413824081421,1,False,,,,
1766728128.508665,0.5126679170251576,0.5053889114162469,0.9024413824081421,1,False,,,,
1766728128.511689,0.5126679170251576,0.5053889114162469,0.9024413824081421,1,False,,,,
1766728128.514328,0.4497392289762644,0.3353097110102491,0.06767049194005893,1,False,,,,
1766728128.772539,0.4497392289762644,0.3353097110102491,0.06767049194005893,1,False,,,,
1766728128.778502,0.4497392289762644,0.3353097110102491,0.06767049194005893,1,False,,,,
1766728128.783516,0.4497392289762644,0.3353097110102491,0.06767049194005893,1,False,,,,
1766728128.7862551,0.4497392289762644,0.3353097110102491,0.06767049194005893,1,False,,,,
1766728128.789572,0.4622954555395277,0.5150794995666395,0.9386122226715088,1,False,,,,
1766728129.0432599,0.4622954555395277,0.5150794995666395,0.9386122226715088,1,False,,,,
1766728129.049087,0.4622954555395277,0.5150794995666395,0.9386122226715088,1,False,,,,
1766728129.0519931,0.4622954555395277,0.5150794995666395,0.9386122226715088,1,False,,,,
1766728129.05486,0.4622954555395277,0.5150794995666395,0.9386122226715088,1,False,,,,
1766728129.057395,0.40021903259272984,0.24179043766323804,0.005892198595771448,1,False,,,,
1766728129.509848,0.40021903259272984,0.24179043766323804,0.005892198595771448,1,False,,,,
1766728129.516285,0.40021903259272984,0.24179043766323804,0.005892198595771448,1,False,,,,
1766728129.519518,0.40021903259272984,0.24179043766323804,0.005892198595771448,1,False,,,,
1766728129.522505,0.40021903259272984,0.24179043766323804,0.005892198595771448,1,False,,,,
1766728129.5279639,0.5402262385273183,0.44289021176473664,0.99,1,False,,,,
1766728129.88535,0.5402262385273183,0.44289021176473664,0.99,1,False,,,,
1766728129.8922071,0.5402262385273183,0.44289021176473664,0.99,1,False,,,,
1766728129.895222,0.5402262385273183,0.44289021176473664,0.99,1,False,,,,
1766728129.8979242,0.5402262385273183,0.44289021176473664,0.99,1,False,,,,
1766728129.901473,0.6373552260725699,0.612483276496312,0.37344234569101015,1,False,,,,
1766728130.333502,0.6373552260725699,0.612483276496312,0.37344234569101015,1,False,,,,
1766728130.340854,0.6390389115715533,0.6125901710349511,0.28464664648312377,1,False,,,,
1766728130.344787,0.6390389115715533,0.6125901710349511,0.28464664648312377,1,False,,,,
1766728130.351958,0.6390389115715533,0.6125901710349511,0.28464664648312377,1,False,,,,
1766728130.354957,0.6391694824756822,0.6244971135461137,0.3054740924104207,1,False,,,,
1766728130.726466,0.6391694824756822,0.6244971135461137,0.3054740924104207,1,False,,,,
1766728130.7316558,0.6391694824756822,0.6244971135461137,0.3054740924104207,1,False,,,,
1766728130.734411,0.6391694824756822,0.6244971135461137,0.3054740924104207,1,False,,,,
1766728130.73765,0.417271428412923,0.4058788820542356,1.0,1,False,,,,
1766728130.741559,0.6116568834112162,0.6162440373044691,0.337878622874405,1,False,,,,
1766728131.0270028,0.6116568834112162,0.6162440373044691,0.337878622874405,1,False,,,,
1766728131.0333178,0.6116568834112162,0.6162440373044691,0.337878622874405,1,False,,,,
1766728131.036265,0.6116568834112162,0.6162440373044691,0.337878622874405,1,False,,,,
1766728131.038943,0.6197417435220138,0.622715767017998,0.37652831522936164,1,False,,,,
1766728131.0417511,0.42123139288305306,0.3960761147170325,1.0,1,False,,,,
1766728131.3571799,0.42123139288305306,0.3960761147170325,1.0,1,False,,,,
1766728131.3634849,0.42123139288305306,0.3960761147170325,1.0,1,False,,,,
1766728131.366529,0.42123139288305306,0.3960761147170325,1.0,1,False,,,,
1766728131.3717241,0.42123139288305306,0.3960761147170325,1.0,1,False,,,,
1766728131.374578,0.585942440914615,0.6831623562306252,0.978175699710846,1,False,,,,
1766728131.7160351,0.5870039165042703,0.6873357652215093,0.978175699710846,1,False,,,,
1766728131.7249348,0.5870039165042703,0.6873357652215093,0.978175699710846,1,False,,,,
1766728131.7274082,0.5870039165042703,0.6873357652215093,0.978175699710846,1,False,,,,
1766728131.729739,0.5870039165042703,0.6873357652215093,0.978175699710846,1,False,,,,
1766728131.7319481,0.3741579945723773,0.7849636812869257,0.9242988228797913,0,False,,,,
1766728131.927755,0.3741579945723773,0.7849636812869257,0.9242988228797913,0,False,,,,
1766728131.934977,0.3741579945723773,0.7849636812869257,0.9242988228797913,0,False,,,,
1766728131.937377,0.3741579945723773,0.7849636812869257,0.9242988228797913,0,False,,,,
1766728131.940095,0.3741579945723773,0.7849636812869257,0.9242988228797913,0,False,,,,
1766728131.942295,0.45219760344711624,0.735702483772551,0.99,0,False,,,,
1766728132.130016,0.45219760344711624,0.735702483772551,0.99,0,False,,,,
1766728132.137113,0.45219760344711624,0.735702483772551,0.99,0,False,,,,
1766728132.1395829,0.45219760344711624,0.735702483772551,0.99,0,False,,,,
1766728132.1418529,0.45219760344711624,0.735702483772551,0.99,0,False,,,,
1766728132.144323,0.4502880418506757,0.6631414159192281,1.0,0,False,,,,
1766728132.391412,0.4502880418506757,0.6631414159192281,1.0,0,False,,,,
1766728132.398452,0.4502880418506757,0.6631414159192281,1.0,0,False,,,,
1766728132.400994,0.4502880418506757,0.6631414159192281,1.0,0,False,,,,
1766728132.403572,0.4502880418506757,0.6631414159192281,1.0,0,False,,,,
1766728132.405726,0.47239879420038344,0.7684940512574729,0.9574928879737854,0,False,,,,
1766728132.6167948,0.46933023162662907,0.7599661480651415,1.0,0,False,,,,
1766728132.623338,0.46788901853617704,0.7574795182986584,0.9941338896751404,0,False,,,,
1766728132.628054,0.46788901853617704,0.7574795182986584,0.9941338896751404,0,False,,,,
1766728132.630548,0.46788901853617704,0.7574795182986584,0.9941338896751404,0,False,,,,
1766728132.632836,0.4305663200297941,0.7424914911690599,0.9862385988235474,0,False,,,,
1766728132.820576,0.42934416375207957,0.730850714240319,0.9930175244808197,0,False,,,,
1766728132.826708,0.42934416375207957,0.730850714240319,0.9930175244808197,0,False,,,,
1766728132.831253,0.42934416375207957,0.730850714240319,0.9930175244808197,0,False,,,,
1766728132.833714,0.42934416375207957,0.730850714240319,0.9930175244808197,0,False,,,,
1766728132.835832,0.43937955349449354,0.7255581173328317,1.0,0,False,,,,
1766728133.048175,0.44105533500629035,0.7220630679804232,0.9869166016578674,0,False,,,,
1766728133.053699,0.44516451796678347,0.7209898721186482,0.9761874079704285,0,False,,,,
1766728133.059365,0.44516451796678347,0.7209898721186482,0.9761874079704285,0,False,,,,
1766728133.0621681,0.44516451796678347,0.7209898721186482,0.9761874079704285,0,False,,,,
1766728133.066489,0.33174973999243795,0.6879365591375202,0.995,0,False,,,,
1766728133.2926981,0.33174973999243795,0.6879365591375202,0.995,0,False,,,,
1766728133.299281,0.33174973999243795,0.6879365591375202,0.995,0,False,,,,
1766728133.3019772,0.33174973999243795,0.6879365591375202,0.995,0,False,,,,
1766728133.304385,0.33174973999243795,0.6879365591375202,0.995,0,False,,,,
1766728133.306634,0.3596026412358821,0.7250748310094288,1.0,0,False,,,,
1766728133.532373,0.3596026412358821,0.7250748310094288,1.0,0,False,,,,
1766728133.537536,0.3596026412358821,0.7250748310094288,1.0,0,False,,,,
1766728133.540004,0.3596026412358821,0.7250748310094288,1.0,0,False,,,,
1766728133.5423958,0.3596026412358821,0.7250748310094288,1.0,0,False,,,,
1766728133.5446558,0.38580293523917825,0.7526981961287592,1.0,0,False,,,,
1766728133.770049,0.38580293523917825,0.7526981961287592,1.0,0,False,,,,
1766728133.7748249,0.38580293523917825,0.7526981961287592,1.0,0,False,,,,
1766728133.776953,0.38580293523917825,0.7526981961287592,1.0,0,False,,,,
1766728133.779166,0.38580293523917825,0.7526981961287592,1.0,0,False,,,,
1766728133.7813811,0.3891677029252615,0.7772035831818624,1.0,0,False,,,,
1766728133.974758,0.3891677029252615,0.7772035831818624,1.0,0,False,,,,
1766728133.9798841,0.3891677029252615,0.7772035831818624,1.0,0,False,,,,
1766728133.982275,0.3891677029252615,0.7772035831818624,1.0,0,False,,,,
1766728133.98471,0.3891677029252615,0.7772035831818624,1.0,0,False,,,,
1766728133.988211,0.38457211947411984,0.6178434471114438,1.0,0,False,,,,
1766728134.227155,0.37412029414186254,0.623116179303361,1.0,0,False,,,,
1766728134.233047,0.37412029414186254,0.623116179303361,1.0,0,False,,,,
1766728134.2385988,0.37412029414186254,0.623116179303361,1.0,0,False,,,,
1766728134.242954,0.37412029414186254,0.623116179303361,1.0,0,False,,,,
1766728134.245137,0.3999049918242531,0.9194110895417553,1.0,0,False,,,,
1766728134.4260721,0.390694978573374,0.9280389780705395,0.9654722213745117,0,False,,,,
1766728134.431562,0.390694978573374,0.9280389780705395,0.9654722213745117,0,False,,,,
1766728134.436494,0.390694978573374,0.9280389780705395,0.9654722213745117,0,False,,,,
1766728134.439285,0.390694978573374,0.9280389780705395,0.9654722213745117,0,False,,,,
1766728134.441632,0.3883817627960412,0.8895773495814407,1.0,0,False,,,,
1766728134.668267,0.3883817627960412,0.8895773495814407,1.0,0,False,,,,
1766728134.6748302,0.3883817627960412,0.8895773495814407,1.0,0,False,,,,
1766728134.6791139,0.3883817627960412,0.8895773495814407,1.0,0,False,,,,
1766728134.6814988,0.3883817627960412,0.8895773495814407,1.0,0,False,,,,
1766728134.6839669,0.5329250684000264,0.721334843080926,0.9902912080287933,0,False,,,,
1766728134.938823,0.5329250684000264,0.721334843080926,0.9902912080287933,0,False,,,,
1766728134.944214,0.5329250684000264,0.721334843080926,0.9902912080287933,0,False,,,,
1766728134.94704,0.5329250684000264,0.721334843080926,0.9902912080287933,0,False,,,,
1766728134.9494011,0.5329250684000264,0.721334843080926,0.9902912080287933,0,False,,,,
1766728134.95184,0.5150162275373715,0.7024726002560818,1.0,0,False,,,,
1766728135.1871061,0.5150162275373715,0.7024726002560818,1.0,0,False,,,,
1766728135.192536,0.5150162275373715,0.7024726002560818,1.0,0,False,,,,
1766728135.1950378,0.514587426670629,0.6997010187335528,1.0,0,False,,,,
1766728135.19771,0.5162352454532549,0.7061767509062795,1.0,0,False,,,,
1766728135.2002401,0.40513741712059126,0.7831333293967261,0.9859731197357178,0,False,,,,
1766728135.406658,0.40513741712059126,0.7831333293967261,0.9859731197357178,0,False,,,,
1766728135.412766,0.40513741712059126,0.7831333293967261,0.9859731197357178,0,False,,,,
1766728135.417172,0.40513741712059126,0.7831333293967261,0.9859731197357178,0,False,,,,
1766728135.419883,0.40513741712059126,0.7831333293967261,0.9859731197357178,0,False,,,,
1766728135.4220958,0.41161975020774166,0.7791178160590361,0.9915035367012024,0,False,,,,
1766728135.596784,0.40911045081425634,0.7774641292179786,0.9877336323261261,0,False,,,,
1766728135.602884,0.40955842504378753,0.7771793449528375,0.9891552925109863,0,False,,,,
1766728135.6083,0.40955842504378753,0.7771793449528375,0.9891552925109863,0,False,,,,
1766728135.6108701,0.40955842504378753,0.7771793449528375,0.9891552925109863,0,False,,,,
1766728135.613229,0.4136253443274002,0.7915906469654582,0.9374936819076538,0,False,,,,
1766728135.841751,0.4136253443274002,0.7915906469654582,0.9374936819076538,0,False,,,,
1766728135.8479779,0.4136253443274002,0.7915906469654582,0.9374936819076538,0,False,,,,
1766728135.85067,0.4136253443274002,0.7915906469654582,0.9374936819076538,0,False,,,,
1766728135.852708,0.4136253443274002,0.7915906469654582,0.9374936819076538,0,False,,,,
1766728135.856895,0.40734754281706903,0.8401961804190736,0.970747321844101,0,False,,,,
1766728136.105124,0.4094488761587779,0.8502331040333734,0.9306526780128479,0,False,,,,
1766728136.111613,0.4094488761587779,0.8502331040333734,0.9306526780128479,0,False,,,,
1766728136.116369,0.4094488761587779,0.8502331040333734,0.9306526780128479,0,False,,,,
1766728136.11885,0.4094488761587779,0.8502331040333734,0.9306526780128479,0,False,,,,
1766728136.1210408,0.40001848385483213,0.7993895808644373,1.0,0,False,,,,
1766728136.316441,0.40001848385483213,0.7993895808644373,1.0,0,False,,,,
1766728136.321666,0.40001848385483213,0.7993895808644373,1.0,0,False,,,,
1766728136.3244128,0.40001848385483213,0.7993895808644373,1.0,0,False,,,,
1766728136.327169,0.40001848385483213,0.7993895808644373,1.0,0,False,,,,
1766728136.329254,0.3957783928650728,0.8815926425485856,0.9435027539730072,0,False,,,,
1766728136.532573,0.3957783928650728,0.8815926425485856,0.9435027539730072,0,False,,,,
1766728136.5371468,0.4075692651834017,0.8945891961387079,0.9407497942447662,0,False,,,,
1766728136.540137,0.4072377221061993,0.8968742203243573,0.9407497942447662,0,False,,,,
1766728136.5430112,0.4072377221061993,0.8968742203243573,0.9407497942447662,0,False,,,,
1766728136.5489888,0.445858739312509,0.5473224478115986,0.9489448964595795,1,False,,,,
1766728137.066709,0.445858739312509,0.5473224478115986,0.9489448964595795,1,False,,,,
1766728137.075414,0.4772096912244336,0.4911171542033794,0.9196521043777466,1,False,,,,
1766728137.0787258,0.4772096912244336,0.4911171542033794,0.9196521043777466,1,False,,,,
1766728137.084963,0.4772096912244336,0.4911171542033794,0.9196521043777466,1,False,,,,
1766728137.087958,0.49159157514314744,0.47401084297851637,0.9110693335533142,1,False,,,,
1766728137.5023072,0.49159157514314744,0.47401084297851637,0.9110693335533142,1,False,,,,
1766728137.508561,0.48973594940712906,0.4716631456096525,0.9356762766838074,1,False,,,,
1766728137.511828,0.4902053195239118,0.46887632429099235,0.900321751832962,1,False,,,,
1766728137.524637,0.4902053195239118,0.46887632429099235,0.900321751832962,1,False,,,,
1766728137.530663,0.4896997962357057,0.48232501110707915,0.8900042474269867,1,False,,,,
1766728137.832265,0.4896997962357057,0.48232501110707915,0.8900042474269867,1,False,,,,
1766728137.8385541,0.4896997962357057,0.48232501110707915,0.8900042474269867,1,False,,,,
1766728137.8417642,0.4898639043576331,0.4825922522726974,0.892760157585144,1,False,,,,
1766728137.8445382,0.4898639043576331,0.4825922522726974,0.892760157585144,1,False,,,,
1766728137.847633,0.49091602710299753,0.5099784691702867,0.8797817528247833,1,False,,,,
1766728138.15802,0.49091602710299753,0.5099784691702867,0.8797817528247833,1,False,,,,
1766728138.164691,0.49091602710299753,0.5099784691702867,0.8797817528247833,1,False,,,,
1766728138.16809,0.49091602710299753,0.5099784691702867,0.8797817528247833,1,False,,,,
1766728138.17061,0.49091602710299753,0.5099784691702867,0.8797817528247833,1,False,,,,
1766728138.1730182,0.4828423681988447,0.5143427130749517,0.9172409772872925,1,False,,,,
1766728138.433503,0.4828423681988447,0.5143427130749517,0.9172409772872925,1,False,,,,
1766728138.439685,0.4828423681988447,0.5143427130749517,0.9172409772872925,1,False,,,,
1766728138.442549,0.4828423681988447,0.5143427130749517,0.9172409772872925,1,False,,,,
1766728138.44515,0.48463882241143075,0.5093057581830072,0.8941425085067749,1,False,,,,
1766728138.447849,0.466693301914043,0.5080361778822557,0.9318506717681885,1,False,,,,
1766728138.82302,0.466693301914043,0.5080361778822557,0.9318506717681885,1,False,,,,
1766728138.829518,0.466693301914043,0.5080361778822557,0.9318506717681885,1,False,,,,
1766728138.83229,0.466693301914043,0.5080361778822557,0.9318506717681885,1,False,,,,
1766728138.8349729,0.466693301914043,0.5080361778822557,0.9318506717681885,1,False,,,,
1766728138.8374321,0.4822509965588629,0.5322437716173152,0.9148537218570709,1,False,,,,
1766728139.241626,0.4822509965588629,0.5322437716173152,0.9148537218570709,1,False,,,,
1766728139.247988,0.4831862686017656,0.533855358331227,0.9081414639949799,1,False,,,,
1766728139.253946,0.4816746155398598,0.5344520292995931,0.9084977507591248,1,False,,,,
1766728139.2571468,0.4816746155398598,0.5344520292995931,0.9084977507591248,1,False,,,,
1766728139.263829,0.4863729532566941,0.5366450231592594,0.8988783359527588,1,False,,,,
1766728139.526461,0.4863729532566941,0.5366450231592594,0.8988783359527588,1,False,,,,
1766728139.533726,0.4863729532566941,0.5366450231592594,0.8988783359527588,1,False,,,,
1766728139.5368059,0.4863729532566941,0.5366450231592594,0.8988783359527588,1,False,,,,
1766728139.539401,0.4863729532566941,0.5366450231592594,0.8988783359527588,1,False,,,,
1766728139.54203,0.49446651897809185,0.5395589732500466,0.9109910245202839,1,False,,,,
1766728139.873845,0.49446651897809185,0.5395589732500466,0.9109910245202839,1,False,,,,
1766728139.8801768,0.49446651897809185,0.5395589732500466,0.9109910245202839,1,False,,,,
1766728139.883373,0.49446651897809185,0.5395589732500466,0.9109910245202839,1,False,,,,
1766728139.886017,0.49446651897809185,0.5395589732500466,0.9109910245202839,1,False,,,,
1766728139.8919182,0.512014681295418,0.532342924443401,0.8785167336463928,1,False,,,,
1766728140.129699,0.512014681295418,0.532342924443401,0.8785167336463928,1,False,,,,
1766728140.137223,0.512014681295418,0.532342924443401,0.8785167336463928,1,False,,,,
1766728140.140234,0.512014681295418,0.532342924443401,0.8785167336463928,1,False,,,,
1766728140.142932,0.512014681295418,0.532342924443401,0.8785167336463928,1,False,,,,
1766728140.145411,0.4796587582879893,0.5252138785778251,0.9044035077095032,1,False,,,,
1766728140.7336378,0.4796587582879893,0.5252138785778251,0.9044035077095032,1,False,,,,
1766728140.7403278,0.4796587582879893,0.5252138785778251,0.9044035077095032,1,False,,,,
1766728140.743093,0.4796587582879893,0.5252138785778251,0.9044035077095032,1,False,,,,
1766728140.745736,0.4796587582879893,0.5252138785778251,0.9044035077095032,1,False,,,,
1766728140.7483141,0.4401462769019956,0.5688591737341879,0.8969295918941498,1,False,,,,
1766728141.28779,0.4401462769019956,0.5688591737341879,0.8969295918941498,1,False,,,,
1766728141.2934558,0.44115886438092755,0.566678800270746,0.88731849193573,1,False,,,,
1766728141.2964768,0.44115886438092755,0.566678800270746,0.88731849193573,1,False,,,,
1766728141.299685,0.44115886438092755,0.566678800270746,0.88731849193573,1,False,,,,
1766728141.306144,0.8990992549061604,1.103336082344502,0.0,1,False,,,,
1766728141.5877519,0.8990992549061604,1.103336082344502,0.0,1,False,,,,
1766728141.594174,0.8990992549061604,1.103336082344502,0.0,1,False,,,,
1766728141.597165,0.43766578622128954,0.5388686806277135,1.0,1,False,,,,
1766728141.60004,0.43766578622128954,0.5388686806277135,1.0,1,False,,,,
1766728141.6029792,0.3905279997176433,0.7220588857070764,0.4417580243225128,1,False,,,,
1766728141.9408388,0.8990992549061604,1.103336082344502,0.0,1,False,,,,
1766728141.949607,0.8990992549061604,1.103336082344502,0.0,1,False,,,,
1766728141.952343,0.8990992549061604,1.103336082344502,0.0,1,False,,,,
1766728141.957371,0.8990992549061604,1.103336082344502,0.0,1,False,,,,
1766728141.960049,0.452447497391889,0.8384213560642397,0.8989301919937134,1,False,,,,
1766728142.2526872,0.452447497391889,0.8384213560642397,0.8989301919937134,1,False,,,,
1766728142.2596219,0.452447497391889,0.8384213560642397,0.8989301919937134,1,False,,,,
1766728142.262053,0.452447497391889,0.8384213560642397,0.8989301919937134,1,False,,,,
1766728142.2648718,0.45397407797428857,0.832668050705267,0.9375528395175934,1,False,,,,
1766728142.267319,0.4251674621558248,0.8710285423965805,1.0,0,False,,,,
1766728142.4611058,0.4251674621558248,0.8710285423965805,1.0,0,False,,,,
1766728142.468244,0.42229008479192903,0.8698996453750455,1.0,0,False,,,,
1766728142.4714592,0.41747544571415646,0.8683339432836025,0.9817490875720978,0,False,,,,
1766728142.4743838,0.41747544571415646,0.8683339432836025,0.9817490875720978,0,False,,,,
1766728142.477162,0.3898528962536154,0.8769732539828266,0.9597406983375549,0,False,,,,
1766728142.661633,0.3898528962536154,0.8769732539828266,0.9597406983375549,0,False,,,,
1766728142.668573,0.38595454180098504,0.8775287638073394,1.0,0,False,,,,
1766728142.671529,0.3854846781074728,0.8789145310403534,0.9717267751693726,0,False,,,,
1766728142.6741471,0.3854846781074728,0.8789145310403534,0.9717267751693726,0,False,,,,
1766728142.6803021,0.3862261474382234,0.8643823374961261,0.9718230366706848,0,False,,,,
1766728142.890948,0.3862261474382234,0.8643823374961261,0.9718230366706848,0,False,,,,
1766728142.896138,0.3862261474382234,0.8643823374961261,0.9718230366706848,0,False,,,,
1766728142.898855,0.3862261474382234,0.8643823374961261,0.9718230366706848,0,False,,,,
1766728142.901572,0.37985889772057646,0.8668319116007508,1.0,0,False,,,,
1766728142.9041212,0.38118136229150623,0.8921322952695528,0.9571051001548767,0,False,,,,
1766728143.1102378,0.3825015473129209,0.896928772018479,0.991292417049408,0,False,,,,
1766728143.116221,0.3825015473129209,0.896928772018479,0.991292417049408,0,False,,,,
1766728143.120544,0.3825015473129209,0.896928772018479,0.991292417049408,0,False,,,,
1766728143.1229172,0.3825015473129209,0.896928772018479,0.991292417049408,0,False,,,,
1766728143.12515,0.47609482722511876,0.6904217575977085,0.22505968834808718,0,False,,,,
1766728143.543863,0.5352086503063531,0.31944675543532375,1.0,0,False,,,,
1766728143.551445,0.5352086503063531,0.31944675543532375,1.0,0,False,,,,
1766728143.556892,0.5352086503063531,0.31944675543532375,1.0,0,False,,,,
1766728143.559861,0.5352086503063531,0.31944675543532375,1.0,0,False,,,,
1766728143.562737,0.5335044853418681,0.4891838500446495,0.9013493061065674,1,True,0.45780715346336365,0.3606165051460266,0.0800812691450119,0.16935038566589355
1766728143.8267488,0.5335044853418681,0.4891838500446495,0.9013493061065674,1,True,0.45780715346336365,0.3606165051460266,0.0800812691450119,0.16935038566589355
1766728143.8347452,0.5335044853418681,0.4891838500446495,0.9013493061065674,1,True,0.45780715346336365,0.3606165051460266,0.0800812691450119,0.16935038566589355
1766728143.837575,0.5335044853418681,0.4891838500446495,0.9013493061065674,1,True,0.45780715346336365,0.3606165051460266,0.0800812691450119,0.16935038566589355
1766728143.8402581,0.5419100630965069,0.47149754272249655,0.9279075562953949,1,True,0.45780715346336365,0.3606165051460266,0.0800812691450119,0.16935038566589355
1766728143.845592,0.5053317850076655,0.49993289442283007,0.9086332619190216,1,False,,,,
1766728144.260916,0.5053317850076655,0.49993289442283007,0.9086332619190216,1,False,,,,
1766728144.267564,0.5053317850076655,0.49993289442283007,0.9086332619190216,1,False,,,,
1766728144.270381,0.5053317850076655,0.49993289442283007,0.9086332619190216,1,False,,,,
1766728144.273097,0.5053317850076655,0.49993289442283007,0.9086332619190216,1,False,,,,
1766728144.2760909,0.4818934629108768,0.596224118293601,0.24911659878683778,1,False,,,,
1766728144.8214269,0.4818934629108768,0.596224118293601,0.24911659878683778,1,False,,,,
1766728144.828501,0.4818934629108768,0.596224118293601,0.24911659878683778,1,False,,,,
1766728144.8313448,0.4818934629108768,0.596224118293601,0.24911659878683778,1,False,,,,
1766728144.83388,0.4818934629108768,0.596224118293601,0.24911659878683778,1,False,,,,
1766728144.836351,0.48000647790156015,0.6078079895437447,0.28013360655353403,1,True,0.4579678177833557,0.5438913702964783,0.09200401604175568,0.183884859085083
1766728145.170649,0.48000647790156015,0.6078079895437447,0.28013360655353403,1,True,0.4579678177833557,0.5438913702964783,0.09200401604175568,0.183884859085083
1766728145.175898,0.48000647790156015,0.6078079895437447,0.28013360655353403,1,True,0.4579678177833557,0.5438913702964783,0.09200401604175568,0.183884859085083
1766728145.179359,0.4957362820562798,0.6176386604599232,0.29048985112200415,1,True,0.4579678177833557,0.5438913702964783,0.09200401604175568,0.183884859085083
1766728145.182188,0.4955677840031004,0.6168693487373855,0.2877763981277952,1,True,0.4579678177833557,0.5438913702964783,0.09200401604175568,0.183884859085083
1766728145.184979,0.49794767250677674,0.4887453719956265,0.8755256831645966,1,False,,,,
1766728145.589355,0.5177553125637622,0.5550604881198165,0.29803584950160383,1,False,,,,
1766728145.596097,0.5177553125637622,0.5550604881198165,0.29803584950160383,1,False,,,,
1766728145.602077,0.5177553125637622,0.5550604881198165,0.29803584950160383,1,False,,,,
1766728145.6048372,0.5177553125637622,0.5550604881198165,0.29803584950160383,1,False,,,,
1766728145.60745,0.5247301954807014,0.55272685934827,0.341259564326385,1,False,,,,
1766728146.035438,0.5247301954807014,0.55272685934827,0.341259564326385,1,False,,,,
1766728146.042101,0.5247301954807014,0.55272685934827,0.341259564326385,1,False,,,,
1766728146.045045,0.5247301954807014,0.55272685934827,0.341259564326385,1,False,,,,
1766728146.050465,0.5247301954807014,0.55272685934827,0.341259564326385,1,False,,,,
1766728146.053538,0.5238398140590885,0.5501229267721808,0.32950179945040114,1,False,,,,
1766728146.365534,0.5238398140590885,0.5501229267721808,0.32950179945040114,1,False,,,,
1766728146.371376,0.5238398140590885,0.5501229267721808,0.32950179945040114,1,False,,,,
1766728146.374651,0.5238398140590885,0.5501229267721808,0.32950179945040114,1,False,,,,
1766728146.377422,0.5238398140590885,0.5501229267721808,0.32950179945040114,1,False,,,,
1766728146.3803022,0.4425766205046622,0.5473945916994967,1.0,1,False,,,,
1766728146.68182,0.4425766205046622,0.5473945916994967,1.0,1,False,,,,
1766728146.687904,0.4407866626394793,0.5491733637580439,1.0,1,False,,,,
1766728146.692095,0.4407866626394793,0.5491733637580439,1.0,1,False,,,,
1766728146.695262,0.4407866626394793,0.5491733637580439,1.0,1,False,,,,
1766728146.7026381,0.43766974255276575,0.5456952287338196,1.0,1,False,,,,
1766728147.006714,0.43766974255276575,0.5456952287338196,1.0,1,False,,,,
1766728147.0131872,0.43766974255276575,0.5456952287338196,1.0,1,False,,,,
1766728147.016083,0.43766974255276575,0.5456952287338196,1.0,1,False,,,,
1766728147.018681,0.43766974255276575,0.5456952287338196,1.0,1,False,,,,
1766728147.021316,0.4791259647266301,0.49567511510491347,0.8935866355895996,1,False,,,,
1766728147.330654,0.4789191034049546,0.4990476894692313,0.8863270282745361,1,False,,,,
1766728147.337595,0.4789191034049546,0.4990476894692313,0.8863270282745361,1,False,,,,
1766728147.343833,0.4789191034049546,0.4990476894692313,0.8863270282745361,1,False,,,,
1766728147.346924,0.4789191034049546,0.4990476894692313,0.8863270282745361,1,False,,,,
1766728147.349569,0.45427426512792907,0.501456881194878,0.8938819169998169,1,False,,,,
1766728147.829534,0.45468816086093805,0.5014846687741674,0.8970326781272888,1,False,,,,
1766728147.8366,0.45468816086093805,0.5014846687741674,0.8970326781272888,1,False,,,,
1766728147.843334,0.45468816086093805,0.5014846687741674,0.8970326781272888,1,False,,,,
1766728147.846208,0.45468816086093805,0.5014846687741674,0.8970326781272888,1,False,,,,
1766728147.848804,0.4663805941227729,0.4965252572879957,0.8964886367321014,1,False,,,,
1766728148.196337,0.4677440929712432,0.4979488274140871,0.9063325691607608,1,False,,,,
1766728148.202879,0.46816669664674954,0.4993843665349349,0.9063325691607608,1,False,,,,
1766728148.20987,0.46816669664674954,0.4993843665349349,0.9063325691607608,1,False,,,,
1766728148.21288,0.46816669664674954,0.4993843665349349,0.9063325691607608,1,False,,,,
1766728148.215573,0.470454935692449,0.5024791699439969,0.899826777397329,1,False,,,,
1766728148.6489651,0.470454935692449,0.5024791699439969,0.899826777397329,1,False,,,,
1766728148.655112,0.470454935692449,0.5024791699439969,0.899826777397329,1,False,,,,
1766728148.658185,0.470454935692449,0.5024791699439969,0.899826777397329,1,False,,,,
1766728148.660983,0.470454935692449,0.5024791699439969,0.899826777397329,1,False,,,,
1766728148.6669052,0.4392579635941364,0.5606915721885952,1.0,1,False,,,,
1766728149.0470111,0.4392579635941364,0.5606915721885952,1.0,1,False,,,,
1766728149.053615,0.4392579635941364,0.5606915721885952,1.0,1,False,,,,
1766728149.0564108,0.4392579635941364,0.5606915721885952,1.0,1,False,,,,
1766728149.0591831,0.4392579635941364,0.5606915721885952,1.0,1,False,,,,
1766728149.061766,0.48077619258113335,0.5307780382276843,0.8988660397077226,1,False,,,,
1766728149.4184399,0.48077619258113335,0.5307780382276843,0.8988660397077226,1,False,,,,
1766728149.424445,0.48077619258113335,0.5307780382276843,0.8988660397077226,1,False,,,,
1766728149.427201,0.48077619258113335,0.5307780382276843,0.8988660397077226,1,False,,,,
1766728149.4299579,0.48077619258113335,0.5307780382276843,0.8988660397077226,1,False,,,,
1766728149.43258,0.4796605847364114,0.5279591500167794,0.9032514426519325,1,False,,,,
1766728149.714634,0.4796605847364114,0.5279591500167794,0.9032514426519325,1,False,,,,
1766728149.7203908,0.4796605847364114,0.5279591500167794,0.9032514426519325,1,False,,,,
1766728149.7233531,0.4796605847364114,0.5279591500167794,0.9032514426519325,1,False,,,,
1766728149.7260401,0.4796605847364114,0.5279591500167794,0.9032514426519325,1,False,,,,
1766728149.728388,0.4797660048407117,0.5162225368971849,0.8938594548559156,1,False,,,,
1766728150.122251,0.4797660048407117,0.5162225368971849,0.8938594548559156,1,False,,,,
1766728150.1286972,0.4797660048407117,0.5162225368971849,0.8938594548559156,1,False,,,,
1766728150.1316962,0.4797660048407117,0.5162225368971849,0.8938594548559156,1,False,,,,
1766728150.134377,0.4797660048407117,0.5162225368971849,0.8938594548559156,1,False,,,,
1766728150.1369479,0.4735579138031677,0.5396370341716369,0.8775764107704163,1,False,,,,
1766728150.632221,0.4735579138031677,0.5396370341716369,0.8775764107704163,1,False,,,,
1766728150.638567,0.4735579138031677,0.5396370341716369,0.8775764107704163,1,False,,,,
1766728150.6414511,0.4735579138031677,0.5396370341716369,0.8775764107704163,1,False,,,,
1766728150.646972,0.47379221731932847,0.5391063542873337,0.8952845633029938,1,False,,,,
1766728150.6502268,0.47772813030382766,0.5450199661703311,0.9076730310916901,1,False,,,,
1766728151.117037,0.4766706625472891,0.5422291905563067,0.8999163508415222,1,False,,,,
1766728151.124286,0.4766706625472891,0.5422291905563067,0.8999163508415222,1,False,,,,
1766728151.1302578,0.4766706625472891,0.5422291905563067,0.8999163508415222,1,False,,,,
1766728151.133159,0.4766706625472891,0.5422291905563067,0.8999163508415222,1,False,,,,
1766728151.135637,0.4656806720839902,0.5290995588946887,0.8856580740600986,1,False,,,,
1766728151.599232,0.4656806720839902,0.5290995588946887,0.8856580740600986,1,False,,,,
1766728151.605311,0.4656806720839902,0.5290995588946887,0.8856580740600986,1,False,,,,
1766728151.608557,0.4656806720839902,0.5290995588946887,0.8856580740600986,1,False,,,,
1766728151.611372,0.4656806720839902,0.5290995588946887,0.8856580740600986,1,False,,,,
1766728151.6140218,0.46442195935103403,0.5215617253302283,0.8992822468280792,1,False,,,,
1766728152.126113,0.46442195935103403,0.5215617253302283,0.8992822468280792,1,False,,,,
1766728152.1329138,0.46442195935103403,0.5215617253302283,0.8992822468280792,1,False,,,,
1766728152.136231,0.46442195935103403,0.5215617253302283,0.8992822468280792,1,False,,,,
1766728152.139085,0.46442195935103403,0.5215617253302283,0.8992822468280792,1,False,,,,
1766728152.142004,0.39913143618671265,0.47419731187475955,0.9246899783611298,1,False,,,,
1766728152.61076,0.39913143618671265,0.47419731187475955,0.9246899783611298,1,False,,,,
1766728152.617738,0.39913143618671265,0.47419731187475955,0.9246899783611298,1,False,,,,
1766728152.621084,0.2953512012479632,0.6026943157010732,0.12585513569011714,1,False,,,,
1766728152.625288,0.2953512012479632,0.6026943157010732,0.12585513569011714,1,False,,,,
1766728152.628648,0.5124522659974193,0.7822520358522941,0.9592905640602112,1,False,,,,
1766728153.049089,0.5124522659974193,0.7822520358522941,0.9592905640602112,1,False,,,,
1766728153.056962,0.4978074313562044,0.855910609825588,0.942251056432724,1,False,,,,
1766728153.061795,0.4978074313562044,0.855910609825588,0.942251056432724,1,False,,,,
1766728153.068088,0.4978074313562044,0.855910609825588,0.942251056432724,1,False,,,,
1766728153.070726,0.4390373586473757,0.8666292625132853,0.9076763093471527,0,False,,,,
1766728153.418423,0.4390373586473757,0.8666292625132853,0.9076763093471527,0,False,,,,
1766728153.425675,0.44000424734587246,0.8641884564506155,0.9328605234622955,0,False,,,,
1766728153.428263,0.44000424734587246,0.8641884564506155,0.9328605234622955,0,False,,,,
1766728153.431336,0.44000424734587246,0.8641884564506155,0.9328605234622955,0,False,,,,
1766728153.438407,0.42885329449179393,0.825287227254807,0.9918861985206604,0,False,,,,
1766728153.830186,0.43024841595123614,0.8364924937962074,0.9970446825027466,0,False,,,,
1766728153.837307,0.43024841595123614,0.8364924937962074,0.9970446825027466,0,False,,,,
1766728153.843584,0.43024841595123614,0.8364924937962074,0.9970446825027466,0,False,,,,
1766728153.8462248,0.43024841595123614,0.8364924937962074,0.9970446825027466,0,False,,,,
1766728153.850719,0.4258101499097219,0.9582434158957261,0.9447455704212189,1,False,,,,
1766728154.301235,0.43703135832506507,0.9921202333495478,0.9292854070663452,1,False,,,,
1766728154.308543,0.43703135832506507,0.9921202333495478,0.9292854070663452,1,False,,,,
1766728154.3138108,0.43703135832506507,0.9921202333495478,0.9292854070663452,1,False,,,,
1766728154.316774,0.43703135832506507,0.9921202333495478,0.9292854070663452,1,False,,,,
1766728154.319615,0.46334971999237207,0.6375250053209973,0.2746328108565311,1,False,,,,
1766728154.681798,0.46334971999237207,0.6375250053209973,0.2746328108565311,1,False,,,,
1766728154.689537,0.46334971999237207,0.6375250053209973,0.2746328108565311,1,False,,,,
1766728154.692925,0.46334971999237207,0.6375250053209973,0.2746328108565311,1,False,,,,
1766728154.695786,0.473587061050352,0.48301774577844403,1.0,1,False,,,,
1766728154.6987991,0.48320976038287594,0.5426458147721147,0.9390988647937775,1,False,,,,
1766728155.039944,0.48320976038287594,0.5426458147721147,0.9390988647937775,1,False,,,,
1766728155.046924,0.48320976038287594,0.5426458147721147,0.9390988647937775,1,False,,,,
1766728155.049769,0.48320976038287594,0.5426458147721147,0.9390988647937775,1,False,,,,
1766728155.052375,0.48320976038287594,0.5426458147721147,0.9390988647937775,1,False,,,,
1766728155.055,0.5029011448164715,0.5196811183388532,0.9022481143474579,1,False,,,,
1766728155.366127,0.5029011448164715,0.5196811183388532,0.9022481143474579,1,False,,,,
1766728155.372842,0.5066111635866855,0.5188318554233564,0.8873253762722015,1,False,,,,
1766728155.376564,0.5066111635866855,0.5188318554233564,0.8873253762722015,1,False,,,,
1766728155.383264,0.5066111635866855,0.5188318554233564,0.8873253762722015,1,False,,,,
1766728155.386347,0.5187841560061199,0.5139781923544265,0.9048234224319458,1,False,,,,
1766728155.715043,0.5187841560061199,0.5139781923544265,0.9048234224319458,1,False,,,,
1766728155.721736,0.5187841560061199,0.5139781923544265,0.9048234224319458,1,False,,,,
1766728155.724658,0.5187841560061199,0.5139781923544265,0.9048234224319458,1,False,,,,
1766728155.729813,0.5187841560061199,0.5139781923544265,0.9048234224319458,1,False,,,,
1766728155.732565,0.5166035711315021,0.5283331304508577,0.9051224291324615,1,False,,,,
1766728156.071897,0.5159349999071738,0.5258380693925465,0.8708311021327972,1,False,,,,
1766728156.078474,0.5158064213675237,0.5243189357826662,0.9049607813358307,1,False,,,,
1766728156.082031,0.5158064213675237,0.5243189357826662,0.9049607813358307,1,False,,,,
1766728156.08861,0.5158064213675237,0.5243189357826662,0.9049607813358307,1,False,,,,
1766728156.091485,0.5069526710419998,0.5341703837827556,0.9068019092082977,1,False,,,,
1766728156.58861,0.5069526710419998,0.5341703837827556,0.9068019092082977,1,False,,,,
1766728156.5944178,0.5069526710419998,0.5341703837827556,0.9068019092082977,1,False,,,,
1766728156.597184,0.5069526710419998,0.5341703837827556,0.9068019092082977,1,False,,,,
1766728156.599669,0.5069526710419998,0.5341703837827556,0.9068019092082977,1,False,,,,
1766728156.6021829,0.49433031159922275,0.5394160241752136,0.9138372838497162,1,False,,,,
1766728156.950825,0.4943268790765882,0.5376845896585724,0.8850849568843842,1,False,,,,
1766728156.9571671,0.4943268790765882,0.5376845896585724,0.8850849568843842,1,False,,,,
1766728156.963628,0.4943268790765882,0.5376845896585724,0.8850849568843842,1,False,,,,
1766728156.9666219,0.4943268790765882,0.5376845896585724,0.8850849568843842,1,False,,,,
1766728156.9693198,0.49171956231874114,0.552059308010562,0.8882203698158264,1,False,,,,
1766728157.466419,0.49171956231874114,0.552059308010562,0.8882203698158264,1,False,,,,
1766728157.472308,0.49171956231874114,0.552059308010562,0.8882203698158264,1,False,,,,
1766728157.475342,0.49171956231874114,0.552059308010562,0.8882203698158264,1,False,,,,
1766728157.4786801,0.4925691796494719,0.5518839096710929,0.8845020532608032,1,False,,,,
1766728157.482058,0.4892918864198248,0.5413685423004738,0.9237441718578339,1,False,,,,
1766728157.831666,0.4892918864198248,0.5413685423004738,0.9237441718578339,1,False,,,,
1766728157.8378,0.4892918864198248,0.5413685423004738,0.9237441718578339,1,False,,,,
1766728157.843221,0.4892918864198248,0.5413685423004738,0.9237441718578339,1,False,,,,
1766728157.8460999,0.4892918864198248,0.5413685423004738,0.9237441718578339,1,False,,,,
1766728157.8488011,0.503159704127812,0.5055448352506728,0.8828985393047333,1,False,,,,
1766728158.390049,0.5012960256354506,0.5058647861967774,0.8898270428180695,1,False,,,,
1766728158.397105,0.5012960256354506,0.5058647861967774,0.8898270428180695,1,False,,,,
1766728158.402843,0.5012960256354506,0.5058647861967774,0.8898270428180695,1,False,,,,
1766728158.405864,0.5012960256354506,0.5058647861967774,0.8898270428180695,1,False,,,,
1766728158.4083772,0.4981285964944899,0.5121831720095853,0.9054031074047089,1,False,,,,
1766728158.693109,0.4981285964944899,0.5121831720095853,0.9054031074047089,1,False,,,,
1766728158.7004201,0.4981285964944899,0.5121831720095853,0.9054031074047089,1,False,,,,
1766728158.703552,0.4981285964944899,0.5121831720095853,0.9054031074047089,1,False,,,,
1766728158.7061179,0.4981285964944899,0.5121831720095853,0.9054031074047089,1,False,,,,
1766728158.710994,0.47794732660853817,0.5301909767240511,0.923002690076828,1,False,,,,
1766728158.98189,0.47794732660853817,0.5301909767240511,0.923002690076828,1,False,,,,
1766728158.988405,0.4740109552080291,0.5277873705682741,0.9220251441001892,1,False,,,,
1766728158.991591,0.4749805633933556,0.5265425972804378,0.9040200114250183,1,False,,,,
1766728158.9949272,0.4749805633933556,0.5265425972804378,0.9040200114250183,1,False,,,,
1766728159.002177,0.4883435539832173,0.6063386896310463,1.0,1,False,,,,
1766728159.414881,0.4883435539832173,0.6063386896310463,1.0,1,False,,,,
1766728159.421045,0.4883435539832173,0.6063386896310463,1.0,1,False,,,,
1766728159.4241369,0.5002668083118087,0.5321244101984607,0.8743494221164954,1,False,,,,
1766728159.4278579,0.46659503816824105,0.548321742650693,0.9755400186393092,1,False,,,,
1766728159.431975,0.44764490015281294,0.5605298402008976,0.9479093849658966,1,False,,,,
1766728159.701175,0.46943671950993127,0.5578093823334099,0.9190179705619812,1,False,,,,
1766728159.7073321,0.46943671950993127,0.5578093823334099,0.9190179705619812,1,False,,,,
1766728159.710598,0.46943671950993127,0.5578093823334099,0.9190179705619812,1,False,,,,
1766728159.712984,0.46943671950993127,0.5578093823334099,0.9190179705619812,1,False,,,,
1766728159.715294,0.47624169403619077,0.5585543515498771,0.9321379959583282,1,False,,,,
1766728160.023369,0.4715676020824799,0.8159524611009308,0.17883738627511692,1,True,0.48029041290283203,0.6972549557685852,0.08875741809606552,0.17208506166934967
1766728160.0299678,0.47532900595243965,0.5581278710599412,0.9305816291482786,1,False,,,,
1766728160.036832,0.47532900595243965,0.5581278710599412,0.9305816291482786,1,False,,,,
1766728160.039731,0.47532900595243965,0.5581278710599412,0.9305816291482786,1,False,,,,
1766728160.0423858,0.4986280866329591,0.5665921264811759,0.8800893723964691,1,False,,,,
1766728160.315798,0.4986280866329591,0.5665921264811759,0.8800893723964691,1,False,,,,
1766728160.321697,0.4986280866329591,0.5665921264811759,0.8800893723964691,1,False,,,,
1766728160.324678,0.4986280866329591,0.5665921264811759,0.8800893723964691,1,False,,,,
1766728160.330003,0.4775916561320227,0.7090236432265784,0.17407629218796358,1,True,0.47863316535949707,0.6963855028152466,0.08871574699878693,0.17382337152957916
1766728160.333131,0.4534801726171379,0.555090075513402,0.9369259774684906,1,False,,,,
1766728160.705299,0.45326640244311694,0.5533315861145395,0.9429011344909668,1,False,,,,
1766728160.7128232,0.45326640244311694,0.5533315861145395,0.9429011344909668,1,False,,,,
1766728160.715622,0.45326640244311694,0.5533315861145395,0.9429011344909668,1,False,,,,
1766728160.718281,0.45326640244311694,0.5533315861145395,0.9429011344909668,1,False,,,,
1766728160.72079,0.4648080724242359,0.5664184234678833,0.893986314535141,1,False,,,,
1766728161.023243,0.4648080724242359,0.5664184234678833,0.893986314535141,1,False,,,,
1766728161.0292659,0.4648080724242359,0.5664184234678833,0.893986314535141,1,False,,,,
1766728161.0330281,0.46489231289411437,0.5651620713729636,0.9004390835762024,1,False,,,,
1766728161.035916,0.4648792192402027,0.5639852868450328,0.9111134707927704,1,False,,,,
1766728161.038718,0.47151416740426927,0.5466427868303196,0.9014765918254852,1,False,,,,
1766728161.467841,0.4727444142505844,0.5451786527598634,0.9000300467014313,1,False,,,,
1766728161.474706,0.47277798001577837,0.5449106907484412,0.9076114296913147,1,False,,,,
1766728161.4812531,0.47277798001577837,0.5449106907484412,0.9076114296913147,1,False,,,,
1766728161.484589,0.47277798001577837,0.5449106907484412,0.9076114296913147,1,False,,,,
1766728161.487221,0.2348614861061089,0.6594747940187635,0.1954094880235238,1,False,,,,
1766728161.748398,0.2348614861061089,0.6594747940187635,0.1954094880235238,1,False,,,,
1766728161.754223,0.2348614861061089,0.6594747940187635,0.1954094880235238,1,False,,,,
1766728161.756955,0.2348614861061089,0.6594747940187635,0.1954094880235238,1,False,,,,
1766728161.7596219,0.2348614861061089,0.6594747940187635,0.1954094880235238,1,False,,,,
1766728161.762368,0.47998334865417097,0.5716024141115311,0.917544960975647,1,False,,,,
1766728162.07845,0.47998334865417097,0.5716024141115311,0.917544960975647,1,False,,,,
1766728162.08496,0.47998334865417097,0.5716024141115311,0.917544960975647,1,False,,,,
1766728162.0898461,0.47998334865417097,0.5716024141115311,0.917544960975647,1,False,,,,
1766728162.092642,0.47998334865417097,0.5716024141115311,0.917544960975647,1,False,,,,
1766728162.095147,0.4955378028744667,0.571649080721814,0.8767801641759299,1,False,,,,
1766728162.486376,0.4955378028744667,0.571649080721814,0.8767801641759299,1,False,,,,
1766728162.492565,0.4955378028744667,0.571649080721814,0.8767801641759299,1,False,,,,
1766728162.495716,0.4955378028744667,0.571649080721814,0.8767801641759299,1,False,,,,
1766728162.4982169,0.4955378028744667,0.571649080721814,0.8767801641759299,1,False,,,,
1766728162.5007071,0.4746573564336073,0.5789653856057366,0.9066276550292969,1,False,,,,
1766728162.771845,0.47539764277406216,0.5786050767624444,0.8878240585327148,1,False,,,,
1766728162.778054,0.47517582553792315,0.5786661963744775,0.9009764492511749,1,False,,,,
1766728162.784132,0.47517582553792315,0.5786661963744775,0.9009764492511749,1,False,,,,
1766728162.787125,0.47517582553792315,0.5786661963744775,0.9009764492511749,1,False,,,,
1766728162.792424,0.4815498650626869,0.5685954567713201,0.9001227915287018,1,False,,,,
1766728163.0769322,0.4808919111731286,0.5713434729696286,0.9038686698518605,1,False,,,,
1766728163.083549,0.4806644495699845,0.5722549124345584,0.882836252450943,1,False,,,,
1766728163.089801,0.4806644495699845,0.5722549124345584,0.882836252450943,1,False,,,,
1766728163.093287,0.4806644495699845,0.5722549124345584,0.882836252450943,1,False,,,,
1766728163.096011,0.49833600843452863,0.5776028724004967,0.8736871125385991,1,False,,,,
1766728163.411829,0.21754378522974255,0.6773527504022273,0.17104569970515024,1,False,,,,
1766728163.4183612,0.20117284089731,0.6823281722916026,0.13965912934101518,1,False,,,,
1766728163.42541,0.20117284089731,0.6823281722916026,0.13965912934101518,1,False,,,,
1766728163.428407,0.20117284089731,0.6823281722916026,0.13965912934101518,1,False,,,,
1766728163.4311209,0.5449660077864644,0.6102852267372619,0.11432154806520892,1,False,,,,
1766728163.7535229,0.5449660077864644,0.6102852267372619,0.11432154806520892,1,False,,,,
1766728163.7588532,0.5449660077864644,0.6102852267372619,0.11432154806520892,1,False,,,,
1766728163.761825,0.5449660077864644,0.6102852267372619,0.11432154806520892,1,False,,,,
1766728163.7642932,0.5449660077864644,0.6102852267372619,0.11432154806520892,1,False,,,,
1766728163.76668,0.5109799625512579,0.7469191718596595,0.7949999999999999,1,False,,,,
1766728164.037533,0.5109799625512579,0.7469191718596595,0.7949999999999999,1,False,,,,
1766728164.044651,0.5109799625512579,0.7469191718596595,0.7949999999999999,1,False,,,,
1766728164.0473611,0.5401913654581112,0.7972920938016791,0.99,1,False,,,,
1766728164.050248,0.6105007932369599,0.6848741779535957,0.33481595126653013,1,False,,,,
1766728164.052914,0.39875096397329485,0.5916600416060609,0.28714746122516677,1,False,,,,
1766728164.533359,0.39875096397329485,0.5916600416060609,0.28714746122516677,1,False,,,,
1766728164.540709,0.39875096397329485,0.5916600416060609,0.28714746122516677,1,False,,,,
1766728164.543373,0.39875096397329485,0.5916600416060609,0.28714746122516677,1,False,,,,
1766728164.5490592,0.41314801603962625,0.5202187336248791,1.0,1,False,,,,
1766728164.552959,0.5018998623361108,0.7661106597842712,0.7949300885200501,2,False,,,,
1766728165.14478,0.5018998623361108,0.7661106597842712,0.7949300885200501,2,False,,,,
1766728165.152805,0.5096283869750371,0.7619423520206146,0.8,2,False,,,,
1766728165.155778,0.5096283869750371,0.7619423520206146,0.8,2,False,,,,
1766728165.158772,0.5096283869750371,0.7619423520206146,0.8,2,False,,,,
1766728165.1645598,0.46391692879283963,0.8590548595251709,0.9813506007194519,0,False,,,,
1766728165.3797781,0.46391692879283963,0.8590548595251709,0.9813506007194519,0,False,,,,
1766728165.3869078,0.4644581687306282,0.8618067451929359,0.9782069027423859,0,False,,,,
1766728165.389545,0.46028317285768405,0.854046275705048,0.9901073575019836,0,False,,,,
1766728165.3922591,0.46028317285768405,0.854046275705048,0.9901073575019836,0,False,,,,
1766728165.395273,0.44824634918033246,0.8142084769559154,0.9929600358009338,0,False,,,,
1766728165.634309,0.44824634918033246,0.8142084769559154,0.9929600358009338,0,False,,,,
1766728165.641408,0.44824634918033246,0.8142084769559154,0.9929600358009338,0,False,,,,
1766728165.644095,0.44824634918033246,0.8142084769559154,0.9929600358009338,0,False,,,,
1766728165.646606,0.44824634918033246,0.8142084769559154,0.9929600358009338,0,False,,,,
1766728165.648754,0.5228576942144703,0.4992440199659389,1.0,0,False,,,,
1766728166.575114,0.5228576942144703,0.4992440199659389,1.0,0,False,,,,
1766728166.582921,0.5228576942144703,0.4992440199659389,1.0,0,False,,,,
1766728166.585737,0.5228576942144703,0.4992440199659389,1.0,0,False,,,,
1766728166.588738,0.5228576942144703,0.4992440199659389,1.0,0,False,,,,
1766728166.59219,0.4939171698820427,0.5789637215048606,0.9430151879787445,1,False,,,,
1766728167.3992388,0.49190407037953215,0.578894378531212,0.9356176257133484,1,False,,,,
1766728167.407407,0.4937914202459986,0.5828540645153957,0.9469120800495148,1,True,0.45124831795692444,0.5981580018997192,0.08902816474437714,0.17840152978897095
1766728167.412826,0.4937914202459986,0.5828540645153957,0.9469120800495148,1,True,0.45124831795692444,0.5981580018997192,0.08902816474437714,0.17840152978897095
1766728167.41557,0.4937914202459986,0.5828540645153957,0.9469120800495148,1,True,0.45124831795692444,0.5981580018997192,0.08902816474437714,0.17840152978897095
1766728167.418118,0.50201176727615,0.5585883015306521,0.9328101277351379,1,False,,,,
1766728167.839253,0.50201176727615,0.5585883015306521,0.9328101277351379,1,False,,,,
1766728167.846951,0.50201176727615,0.5585883015306521,0.9328101277351379,1,False,,,,
1766728167.8529868,0.50201176727615,0.5585883015306521,0.9328101277351379,1,False,,,,
1766728167.855962,0.50201176727615,0.5585883015306521,0.9328101277351379,1,False,,,,
1766728167.8585112,0.45264913867475903,0.530583261271873,0.9403233826160431,1,False,,,,
1766728168.1466,0.45264913867475903,0.530583261271873,0.9403233826160431,1,False,,,,
1766728168.153099,0.45264913867475903,0.530583261271873,0.9403233826160431,1,False,,,,
1766728168.1566489,0.45264913867475903,0.530583261271873,0.9403233826160431,1,False,,,,
1766728168.1593611,0.45264913867475903,0.530583261271873,0.9403233826160431,1,False,,,,
1766728168.164459,0.47650399039428937,0.5346137325558543,0.9048983454704285,1,False,,,,
1766728168.5249422,0.47650399039428937,0.5346137325558543,0.9048983454704285,1,False,,,,
1766728168.530914,0.47650399039428937,0.5346137325558543,0.9048983454704285,1,False,,,,
1766728168.533918,0.47650399039428937,0.5346137325558543,0.9048983454704285,1,False,,,,
1766728168.537277,0.47662363503230615,0.5353202279140226,0.9146035313606262,1,False,,,,
1766728168.540419,0.5001739148667098,0.5478335858043683,0.8911872983248914,1,False,,,,
1766728168.904625,0.5001739148667098,0.5478335858043683,0.8911872983248914,1,False,,,,
1766728168.91201,0.5022245874193286,0.5436361406068094,0.9030488133430481,1,False,,,,
1766728168.915252,0.5022245874193286,0.5436361406068094,0.9030488133430481,1,False,,,,
1766728168.921727,0.5022245874193286,0.5436361406068094,0.9030488133430481,1,False,,,,
1766728168.924598,0.48511505359043916,0.5247210372943765,0.8937678337097168,1,False,,,,
1766728169.4479208,0.48500927659174203,0.5238281051103901,0.8762013018131256,1,False,,,,
1766728169.453239,0.48500927659174203,0.5238281051103901,0.8762013018131256,1,False,,,,
1766728169.460415,0.48500927659174203,0.5238281051103901,0.8762013018131256,1,False,,,,
1766728169.463336,0.48500927659174203,0.5238281051103901,0.8762013018131256,1,False,,,,
1766728169.4661188,0.5528276282054577,0.5437372216523181,0.4671789379598679,1,False,,,,
1766728169.7902532,0.5528276282054577,0.5437372216523181,0.4671789379598679,1,False,,,,
1766728169.796215,0.5528276282054577,0.5437372216523181,0.4671789379598679,1,False,,,,
1766728169.7993479,0.5528276282054577,0.5437372216523181,0.4671789379598679,1,False,,,,
1766728169.8020952,0.5528276282054577,0.5437372216523181,0.4671789379598679,1,False,,,,
1766728169.804599,0.4729373172853685,0.5182331896698879,0.8995631232507,1,False,,,,
1766728170.085802,0.4722444611312344,0.517707324844163,0.903347106496019,1,False,,,,
1766728170.0981162,0.4722444611312344,0.517707324844163,0.903347106496019,1,False,,,,
1766728170.104199,0.4722444611312344,0.517707324844163,0.903347106496019,1,False,,,,
1766728170.109119,0.4722444611312344,0.517707324844163,0.903347106496019,1,False,,,,
1766728170.111755,0.552229567513314,0.5572170016483018,0.38237719909370266,1,False,,,,
1766728170.470952,0.552229567513314,0.5572170016483018,0.38237719909370266,1,False,,,,
1766728170.4776452,0.552229567513314,0.5572170016483018,0.38237719909370266,1,False,,,,
1766728170.481201,0.43628444401811634,0.5831661046327479,1.0,1,False,,,,
1766728170.4841301,0.43628444401811634,0.5831661046327479,1.0,1,False,,,,
1766728170.487115,0.4505173497267541,0.5377835566736966,0.9098039865493774,1,False,,,,
1766728170.79717,0.4505173497267541,0.5377835566736966,0.9098039865493774,1,False,,,,
1766728170.803033,0.4505173497267541,0.5377835566736966,0.9098039865493774,1,False,,,,
1766728170.8062,0.4505173497267541,0.5377835566736966,0.9098039865493774,1,False,,,,
1766728170.8089468,0.4505173497267541,0.5377835566736966,0.9098039865493774,1,False,,,,
1766728170.8118038,0.48157760038576436,0.5401198868022791,0.8989547789096832,1,False,,,,
1766728171.124724,0.4817263082669453,0.5404694700600627,0.9185160994529724,1,False,,,,
1766728171.132137,0.4817263082669453,0.5404694700600627,0.9185160994529724,1,False,,,,
1766728171.135104,0.4817263082669453,0.5404694700600627,0.9185160994529724,1,False,,,,
1766728171.1377301,0.4817263082669453,0.5404694700600627,0.9185160994529724,1,False,,,,
1766728171.1402082,0.4825036688914951,0.5540462646206863,0.9310713112354279,1,False,,,,
1766728171.404628,0.4825036688914951,0.5540462646206863,0.9310713112354279,1,False,,,,
1766728171.4111612,0.4825036688914951,0.5540462646206863,0.9310713112354279,1,False,,,,
1766728171.414016,0.4825036688914951,0.5540462646206863,0.9310713112354279,1,False,,,,
1766728171.416598,0.4825036688914951,0.5540462646206863,0.9310713112354279,1,False,,,,
1766728171.419424,0.48473954455116014,0.5471686411259304,0.905231386423111,1,False,,,,
1766728171.6976058,0.48473954455116014,0.5471686411259304,0.905231386423111,1,False,,,,
1766728171.7051442,0.48473954455116014,0.5471686411259304,0.905231386423111,1,False,,,,
1766728171.710351,0.48473954455116014,0.5471686411259304,0.905231386423111,1,False,,,,
1766728171.713129,0.48473954455116014,0.5471686411259304,0.905231386423111,1,False,,,,
1766728171.715662,0.49129451036109656,0.5285243908555622,0.9366796314716339,1,False,,,,
1766728172.005715,0.49129451036109656,0.5285243908555622,0.9366796314716339,1,False,,,,
1766728172.012012,0.49129451036109656,0.5285243908555622,0.9366796314716339,1,False,,,,
1766728172.015161,0.49129451036109656,0.5285243908555622,0.9366796314716339,1,False,,,,
1766728172.018141,0.49129451036109656,0.5285243908555622,0.9366796314716339,1,False,,,,
1766728172.0210829,0.4670462336574892,0.5394799193502967,0.8983107209205627,1,False,,,,
1766728172.41571,0.4670462336574892,0.5394799193502967,0.8983107209205627,1,False,,,,
1766728172.422404,0.4670462336574892,0.5394799193502967,0.8983107209205627,1,False,,,,
1766728172.425819,0.4683827730575496,0.536137939357974,0.9076249599456787,1,False,,,,
1766728172.428514,0.4683827730575496,0.536137939357974,0.9076249599456787,1,False,,,,
1766728172.4344409,0.15965385054903275,0.16625641665772206,0.08456660210502608,1,False,,,,
1766728172.740184,0.15965385054903275,0.16625641665772206,0.08456660210502608,1,False,,,,
1766728172.745984,0.15965385054903275,0.16625641665772206,0.08456660210502608,1,False,,,,
1766728172.748946,0.15965385054903275,0.16625641665772206,0.08456660210502608,1,False,,,,
1766728172.7521138,0.15965385054903275,0.16625641665772206,0.08456660210502608,1,False,,,,
1766728172.754613,0.449018744454889,0.5538769933046603,0.8916656374931335,1,False,,,,
1766728173.040599,0.449018744454889,0.5538769933046603,0.8916656374931335,1,False,,,,
1766728173.0467079,0.449018744454889,0.5538769933046603,0.8916656374931335,1,False,,,,
1766728173.0495539,0.449018744454889,0.5538769933046603,0.8916656374931335,1,False,,,,
1766728173.051991,0.449018744454889,0.5538769933046603,0.8916656374931335,1,False,,,,
1766728173.054545,0.4531684930608402,0.5537038283764536,0.8681699633598328,1,False,,,,
1766728173.3393128,0.4531684930608402,0.5537038283764536,0.8681699633598328,1,False,,,,
1766728173.344845,0.4531684930608402,0.5537038283764536,0.8681699633598328,1,False,,,,
1766728173.347637,0.4531684930608402,0.5537038283764536,0.8681699633598328,1,False,,,,
1766728173.350336,0.4531684930608402,0.5537038283764536,0.8681699633598328,1,False,,,,
1766728173.3527129,0.44360314326753797,0.5517373008679602,0.8970327079296112,1,False,,,,
1766728173.675471,0.44360314326753797,0.5517373008679602,0.8970327079296112,1,False,,,,
1766728173.681472,0.44360314326753797,0.5517373008679602,0.8970327079296112,1,False,,,,
1766728173.684553,0.44360314326753797,0.5517373008679602,0.8970327079296112,1,False,,,,
1766728173.687467,0.44360314326753797,0.5517373008679602,0.8970327079296112,1,False,,,,
1766728173.6898282,0.45924123006230094,0.5485658564012419,0.9068069159984589,1,False,,,,
1766728174.032686,0.4595268612595138,0.5438563614694683,0.9090072810649872,1,False,,,,
1766728174.040215,0.4595268612595138,0.5438563614694683,0.9090072810649872,1,False,,,,
1766728174.0475352,0.4595268612595138,0.5438563614694683,0.9090072810649872,1,False,,,,
1766728174.052619,0.4595268612595138,0.5438563614694683,0.9090072810649872,1,False,,,,
1766728174.055258,0.45986780027009494,0.5438662312781881,0.9038537442684174,1,False,,,,
1766728174.332486,0.45986780027009494,0.5438662312781881,0.9038537442684174,1,False,,,,
1766728174.338333,0.4609450647745252,0.5432113103119014,0.9150893986225128,1,False,,,,
1766728174.341583,0.4609450647745252,0.5432113103119014,0.9150893986225128,1,False,,,,
1766728174.3492422,0.4609450647745252,0.5432113103119014,0.9150893986225128,1,False,,,,
1766728174.352183,0.8944649694266411,1.090638889622751,0.0,1,False,,,,
1766728174.677452,0.8944649694266411,1.090638889622751,0.0,1,False,,,,
1766728174.683681,0.8944649694266411,1.090638889622751,0.0,1,False,,,,
1766728174.68675,0.8944649694266411,1.090638889622751,0.0,1,False,,,,
1766728174.689297,0.8944649694266411,1.090638889622751,0.0,1,False,,,,
1766728174.691765,0.3949460843344289,0.4853865187073463,1.0,1,False,,,,
1766728175.386266,0.3949460843344289,0.4853865187073463,1.0,1,False,,,,
1766728175.392807,0.3949460843344289,0.4853865187073463,1.0,1,False,,,,
1766728175.395726,0.3949460843344289,0.4853865187073463,1.0,1,False,,,,
1766728175.398649,0.3949460843344289,0.4853865187073463,1.0,1,False,,,,
1766728175.4013572,0.47728051918252784,0.8129339624222052,0.9503610134124756,1,False,,,,
1766728175.7599769,0.47728051918252784,0.8129339624222052,0.9503610134124756,1,False,,,,
1766728175.767561,0.47728051918252784,0.8129339624222052,0.9503610134124756,1,False,,,,
1766728175.770095,0.47728051918252784,0.8129339624222052,0.9503610134124756,1,False,,,,
1766728175.77251,0.47728051918252784,0.8129339624222052,0.9503610134124756,1,False,,,,
1766728175.7753239,0.3989557379153071,0.755451245797531,1.0,0,False,,,,
1766728176.1146681,0.4044960100055781,0.75111659083453,1.0,0,False,,,,
1766728176.122829,0.4044960100055781,0.75111659083453,1.0,0,False,,,,
1766728176.127632,0.4044960100055781,0.75111659083453,1.0,0,False,,,,
1766728176.130076,0.4044960100055781,0.75111659083453,1.0,0,False,,,,
1766728176.132612,0.3960873991394512,0.7614138966632513,0.9958198666572571,1,False,,,,
1766728176.40464,0.3960873991394512,0.7614138966632513,0.9958198666572571,1,False,,,,
1766728176.411166,0.3956632829707941,0.7625304078445841,0.998444676399231,1,False,,,,
1766728176.4142709,0.39579934771910746,0.7648826697867379,1.0,1,False,,,,
1766728176.417509,0.39579934771910746,0.7648826697867379,1.0,1,False,,,,
1766728176.420552,0.4460931257473434,0.7251365258921437,0.8711248338222504,0,False,,,,
1766728177.431226,0.4460931257473434,0.7251365258921437,0.8711248338222504,0,False,,,,
1766728177.439161,0.4460931257473434,0.7251365258921437,0.8711248338222504,0,False,,,,
1766728177.441813,0.4460931257473434,0.7251365258921437,0.8711248338222504,0,False,,,,
1766728177.444733,0.4460931257473434,0.7251365258921437,0.8711248338222504,0,False,,,,
1766728177.449597,0.4221917534426779,0.8622175711709605,0.9684011340141296,1,False,,,,
1766728177.777343,0.4221917534426779,0.8622175711709605,0.9684011340141296,1,False,,,,
1766728177.784595,0.4221917534426779,0.8622175711709605,0.9684011340141296,1,False,,,,
1766728177.787884,0.4185164351941452,0.8569772911916693,0.961857408285141,1,False,,,,
1766728177.791151,0.41344390080339277,0.8597311524951077,0.9637946486473083,1,False,,,,
1766728177.794111,0.41639999670240996,0.8330253595854777,0.7949999999999999,1,False,,,,
1766728178.043425,0.41639999670240996,0.8330253595854777,0.7949999999999999,1,False,,,,
1766728178.0495942,0.41639999670240996,0.8330253595854777,0.7949999999999999,1,False,,,,
1766728178.052284,0.41639999670240996,0.8330253595854777,0.7949999999999999,1,False,,,,
1766728178.054861,0.4186321535801486,0.8363265271811103,0.7009624719619751,1,False,,,,
1766728178.0574021,0.4405290954566688,0.8022491038389771,0.99,1,False,,,,
1766728178.457281,0.49969987318733844,0.6708341587476084,0.2829517967465567,1,False,,,,
1766728178.4625049,0.49969987318733844,0.6708341587476084,0.2829517967465567,1,False,,,,
1766728178.4701,0.49969987318733844,0.6708341587476084,0.2829517967465567,1,False,,,,
1766728178.473021,0.49969987318733844,0.6708341587476084,0.2829517967465567,1,False,,,,
1766728178.475796,0.5146297446016208,0.6261944853883612,0.20392747208702594,1,False,,,,
1766728178.749124,0.5146297446016208,0.6261944853883612,0.20392747208702594,1,False,,,,
1766728178.75692,0.5146297446016208,0.6261944853883612,0.20392747208702594,1,False,,,,
1766728178.7600389,0.4330565013245571,0.45790000268483555,1.0,1,False,,,,
1766728178.762822,0.4330565013245571,0.45790000268483555,1.0,1,False,,,,
1766728178.765717,0.4388491908585045,0.5929090221011241,0.8999468351761362,1,True,0.44684433937072754,0.5549811720848083,0.08515872806310654,0.1732313334941864
1766728179.032523,0.4627930567571729,0.553876347780873,0.9184256494045258,1,True,0.44684433937072754,0.5549811720848083,0.08515872806310654,0.1732313334941864
1766728179.0406919,0.4627930567571729,0.553876347780873,0.9184256494045258,1,True,0.44684433937072754,0.5549811720848083,0.08515872806310654,0.1732313334941864
1766728179.0468102,0.4627930567571729,0.553876347780873,0.9184256494045258,1,True,0.44684433937072754,0.5549811720848083,0.08515872806310654,0.1732313334941864
1766728179.051994,0.4627930567571729,0.553876347780873,0.9184256494045258,1,True,0.44684433937072754,0.5549811720848083,0.08515872806310654,0.1732313334941864
1766728179.055016,0.5115834381577322,0.5412453746683923,0.8626064956188202,1,False,,,,
1766728179.318482,0.5115834381577322,0.5412453746683923,0.8626064956188202,1,False,,,,
1766728179.3247628,0.5115834381577322,0.5412453746683923,0.8626064956188202,1,False,,,,
1766728179.3278039,0.5113156170823447,0.5450379609714875,0.88172447681427,1,False,,,,
1766728179.330498,0.5112611725849608,0.5469411284829052,0.8665474653244019,1,False,,,,
1766728179.33312,0.45789921489895946,0.5463746941493017,0.9198646545410156,1,False,,,,
1766728179.6138592,0.45789921489895946,0.5463746941493017,0.9198646545410156,1,False,,,,
1766728179.619937,0.45789921489895946,0.5463746941493017,0.9198646545410156,1,False,,,,
1766728179.622804,0.45789921489895946,0.5463746941493017,0.9198646545410156,1,False,,,,
1766728179.625448,0.45789921489895946,0.5463746941493017,0.9198646545410156,1,False,,,,
1766728179.628352,0.513877698569629,0.5412787067830072,0.9208838939666748,1,False,,,,
1766728179.941708,0.5143858761223836,0.5396936329949037,0.9056783318519592,1,False,,,,
1766728179.9494321,0.5143858761223836,0.5396936329949037,0.9056783318519592,1,False,,,,
1766728179.952338,0.5143858761223836,0.5396936329949037,0.9056783318519592,1,False,,,,
1766728179.9551208,0.5143858761223836,0.5396936329949037,0.9056783318519592,1,False,,,,
1766728179.957707,0.49820950097147226,0.533357679827744,0.9033355566292691,1,False,,,,
1766728180.4075892,0.49820950097147226,0.533357679827744,0.9033355566292691,1,False,,,,
1766728180.414937,0.49820950097147226,0.533357679827744,0.9033355566292691,1,False,,,,
1766728180.417961,0.49820950097147226,0.533357679827744,0.9033355566292691,1,False,,,,
1766728180.4207108,0.49820950097147226,0.533357679827744,0.9033355566292691,1,False,,,,
1766728180.4236422,0.49332387831401875,0.5284308431406732,0.891696628999631,1,False,,,,
1766728180.7424939,0.4933230357162531,0.5287981455721816,0.8978616893291473,1,False,,,,
1766728180.749692,0.4933230357162531,0.5287981455721816,0.8978616893291473,1,False,,,,
1766728180.7546508,0.4933230357162531,0.5287981455721816,0.8978616893291473,1,False,,,,
1766728180.757379,0.4933230357162531,0.5287981455721816,0.8978616893291473,1,False,,,,
1766728180.7599318,0.4453513101456557,0.533598366854858,1.0,1,False,,,,
1766728181.12623,0.4453513101456557,0.533598366854858,1.0,1,False,,,,
1766728181.132247,0.4453513101456557,0.533598366854858,1.0,1,False,,,,
1766728181.1351948,0.4882334895626098,0.5016731279843216,0.9088191808892578,1,False,,,,
1766728181.138189,0.489107424856462,0.5036904819123245,0.9061656296253204,1,False,,,,
1766728181.140863,0.4960202769787608,0.5329227570447964,0.9172297716140747,1,False,,,,
1766728181.3820128,0.4953753932615175,0.5330209340793369,0.9044773578643799,1,False,,,,
1766728181.388962,0.4953753932615175,0.5330209340793369,0.9044773578643799,1,False,,,,
1766728181.3919182,0.4953753932615175,0.5330209340793369,0.9044773578643799,1,False,,,,
1766728181.39455,0.4953753932615175,0.5330209340793369,0.9044773578643799,1,False,,,,
1766728181.399574,0.5248068070339342,0.5344700035335718,0.8909633457660675,1,False,,,,
1766728181.66038,0.5248068070339342,0.5344700035335718,0.8909633457660675,1,False,,,,
1766728181.666848,0.5248068070339342,0.5344700035335718,0.8909633457660675,1,False,,,,
1766728181.669875,0.5248068070339342,0.5344700035335718,0.8909633457660675,1,False,,,,
1766728181.67329,0.5256964749849401,0.5352571802225902,0.8863240480422974,1,False,,,,
1766728181.6761038,0.5004717429608696,0.5727546894086064,0.9300966858863831,1,False,,,,
1766728181.915235,0.5007926545166367,0.571579229585151,0.8999265432357788,1,False,,,,
1766728181.922403,0.5007926545166367,0.571579229585151,0.8999265432357788,1,False,,,,
1766728181.928562,0.5007926545166367,0.571579229585151,0.8999265432357788,1,False,,,,
1766728181.9315479,0.5007926545166367,0.571579229585151,0.8999265432357788,1,False,,,,
1766728181.9343538,0.46824441798348504,0.5370929649405118,0.8895467817783356,1,False,,,,
1766728182.2317178,0.46824441798348504,0.5370929649405118,0.8895467817783356,1,False,,,,
1766728182.2368178,0.46824441798348504,0.5370929649405118,0.8895467817783356,1,False,,,,
1766728182.239407,0.46824441798348504,0.5370929649405118,0.8895467817783356,1,False,,,,
1766728182.2420118,0.46824441798348504,0.5370929649405118,0.8895467817783356,1,False,,,,
1766728182.2447848,0.5656714175543602,0.562163671356066,0.502719043183564,1,False,,,,
1766728182.516066,0.4684108424743806,0.5763988656113016,1.0,1,False,,,,
1766728182.5231738,0.4684108424743806,0.5763988656113016,1.0,1,False,,,,
1766728182.528954,0.4684108424743806,0.5763988656113016,1.0,1,False,,,,
1766728182.5316951,0.4684108424743806,0.5763988656113016,1.0,1,False,,,,
1766728182.534293,0.46566149738455226,0.5292495143393198,0.9007774293422699,1,False,,,,
1766728182.846369,0.46569497807974275,0.527658666676458,0.9007774293422699,1,False,,,,
1766728182.853028,0.4661205653097788,0.5184716051145688,0.902989000082016,1,False,,,,
1766728182.857451,0.4661205653097788,0.5184716051145688,0.902989000082016,1,False,,,,
1766728182.863466,0.4661205653097788,0.5184716051145688,0.902989000082016,1,False,,,,
1766728182.866126,0.5421396632001343,0.7782798522776069,0.5153150170181767,1,True,0.4597395956516266,0.6123612523078918,0.07750873267650604,0.16334770619869232
1766728183.187031,0.5421396632001343,0.7782798522776069,0.5153150170181767,1,True,0.4597395956516266,0.6123612523078918,0.07750873267650604,0.16334770619869232
1766728183.195997,0.5421396632001343,0.7782798522776069,0.5153150170181767,1,True,0.4597395956516266,0.6123612523078918,0.07750873267650604,0.16334770619869232
1766728183.198686,0.5421396632001343,0.7782798522776069,0.5153150170181767,1,True,0.4597395956516266,0.6123612523078918,0.07750873267650604,0.16334770619869232
1766728183.2010639,0.5421396632001343,0.7782798522776069,0.5153150170181767,1,True,0.4597395956516266,0.6123612523078918,0.07750873267650604,0.16334770619869232
1766728183.203551,0.45288350369992775,0.8090111010236992,0.9366015195846558,1,False,,,,
1766728183.5794718,0.45288350369992775,0.8090111010236992,0.9366015195846558,1,False,,,,
1766728183.587311,0.4553058296883594,0.7972703644084944,1.0,1,False,,,,
1766728183.590361,0.4553058296883594,0.7972703644084944,1.0,1,False,,,,
1766728183.596747,0.4553058296883594,0.7972703644084944,1.0,1,False,,,,
1766728183.599508,0.40905522479156603,0.8138501904422867,0.9998956024646759,1,False,,,,
1766728184.500046,0.40905522479156603,0.8138501904422867,0.9998956024646759,1,False,,,,
1766728184.5065181,0.40905522479156603,0.8138501904422867,0.9998956024646759,1,False,,,,
1766728184.509488,0.40905522479156603,0.8138501904422867,0.9998956024646759,1,False,,,,
1766728184.5119948,0.40905522479156603,0.8138501904422867,0.9998956024646759,1,False,,,,
1766728184.514348,0.41716727330799097,0.8262458030168622,0.9963152408599854,1,False,,,,
1766728184.777329,0.41716727330799097,0.8262458030168622,0.9963152408599854,1,False,,,,
1766728184.782687,0.41716727330799097,0.8262458030168622,0.9963152408599854,1,False,,,,
1766728184.785494,0.41716727330799097,0.8262458030168622,0.9963152408599854,1,False,,,,
1766728184.788652,0.41951087854778335,0.8246080529632778,0.9853034913539886,1,False,,,,
1766728184.792266,0.4331130834780169,0.9093821584776032,1.0,2,False,,,,
1766728185.635285,0.4331130834780169,0.9093821584776032,1.0,2,False,,,,
1766728185.642737,0.4331130834780169,0.9093821584776032,1.0,2,False,,,,
1766728185.647785,0.4331130834780169,0.9093821584776032,1.0,2,False,,,,
1766728185.650383,0.4331130834780169,0.9093821584776032,1.0,2,False,,,,
1766728185.6529531,0.40934527397726417,0.6739424824975161,0.8013868629932404,1,False,,,,
1766728185.926711,0.4203104634397115,0.6790982374525131,0.8518935441970825,1,False,,,,
1766728185.93389,0.4372008168158996,0.6775490617760324,0.9684982895851135,1,False,,,,
1766728185.940842,0.4372008168158996,0.6775490617760324,0.9684982895851135,1,False,,,,
1766728185.9436631,0.4372008168158996,0.6775490617760324,0.9684982895851135,1,False,,,,
1766728185.946221,0.46533020039381945,0.7774345266885904,0.9248419106006622,2,False,,,,
1766728186.3430688,0.46533020039381945,0.7774345266885904,0.9248419106006622,2,False,,,,
1766728186.349653,0.46533020039381945,0.7774345266885904,0.9248419106006622,2,False,,,,
1766728186.352421,0.46533020039381945,0.7774345266885904,0.9248419106006622,2,False,,,,
1766728186.354761,0.46533020039381945,0.7774345266885904,0.9248419106006622,2,False,,,,
1766728186.359274,0.46345084369172945,0.7643281649368722,0.9683878421783447,2,False,,,,
1766728186.634173,0.46335787555292984,0.7597741602043783,1.0,2,False,,,,
1766728186.640574,0.46335787555292984,0.7597741602043783,1.0,2,False,,,,
1766728186.646931,0.46335787555292984,0.7597741602043783,1.0,2,False,,,,
1766728186.649974,0.46335787555292984,0.7597741602043783,1.0,2,False,,,,
1766728186.652826,0.46729829702136383,0.7234006301650613,0.985241711139679,1,False,,,,
1766728186.9048371,0.46624907874669475,0.7230011464223141,1.0,1,False,,,,
1766728186.911808,0.46624907874669475,0.7230011464223141,1.0,1,False,,,,
1766728186.9178188,0.46624907874669475,0.7230011464223141,1.0,1,False,,,,
1766728186.920606,0.46624907874669475,0.7230011464223141,1.0,1,False,,,,
1766728186.923397,0.6879268191401946,0.7655154755078365,0.742682296037674,1,False,,,,
1766728187.3760798,0.6892752546323873,0.6912032712630694,1.0,1,False,,,,
1766728187.38133,0.6892752546323873,0.6912032712630694,1.0,1,False,,,,
1766728187.38734,0.6892752546323873,0.6912032712630694,1.0,1,False,,,,
1766728187.390213,0.6892752546323873,0.6912032712630694,1.0,1,False,,,,
1766728187.392944,0.5535296680184545,0.7059875678274836,0.9756468534469604,0,False,,,,
1766728187.584578,0.5535296680184545,0.7059875678274836,0.9756468534469604,0,False,,,,
1766728187.5918999,0.5535296680184545,0.7059875678274836,0.9756468534469604,0,False,,,,
1766728187.594838,0.5535296680184545,0.7059875678274836,0.9756468534469604,0,False,,,,
1766728187.597273,0.5535296680184545,0.7059875678274836,0.9756468534469604,0,False,,,,
1766728187.599554,0.3564895390324462,0.6962716502252007,1.0,0,False,,,,
