timestamp,gaze_x,gaze_y,gaze_confidence,num_faces,is_looking_at_face,face_bbox_left,face_bbox_top,face_bbox_width,face_bbox_height
1766477160.411637,0.7080282885211743,0.7553522667993935,0.0,1,False,,,,
1766477161.195575,0.7080282885211743,0.7553522667993935,0.0,1,False,,,,
1766477161.206221,0.3739826024091303,0.827745474876805,0.0,1,False,,,,
1766477161.210285,0.3739826024091303,0.827745474876805,0.0,1,False,,,,
1766477161.2174451,0.3739826024091303,0.827745474876805,0.0,1,False,,,,
1766477161.220358,0.1571114369008011,0.45223605601475214,0.8612969815731049,2,False,,,,
1766477161.7100291,0.09091622764191225,0.4291850358843007,0.8429484069347382,2,False,,,,
1766477161.719854,0.09091622764191225,0.4291850358843007,0.8429484069347382,2,False,,,,
1766477161.72628,0.09091622764191225,0.4291850358843007,0.8429484069347382,2,False,,,,
1766477161.729495,0.09091622764191225,0.4291850358843007,0.8429484069347382,2,False,,,,
1766477161.732533,0.06303394308538328,0.27817963774265597,0.8304985463619232,1,False,,,,
1766477162.0751731,0.057237406376838426,0.35051145596562805,0.801375538110733,1,False,,,,
1766477162.0832682,0.057237406376838426,0.35051145596562805,0.801375538110733,1,False,,,,
1766477162.08852,0.057237406376838426,0.35051145596562805,0.801375538110733,1,False,,,,
1766477162.091038,0.057237406376838426,0.35051145596562805,0.801375538110733,1,False,,,,
1766477162.093638,0.05078536282013468,0.3072531909915208,0.7663988769054413,1,False,,,,
1766477162.389749,0.05078536282013468,0.3072531909915208,0.7663988769054413,1,False,,,,
1766477162.396519,0.05078536282013468,0.3072531909915208,0.7663988769054413,1,False,,,,
1766477162.399224,0.05078536282013468,0.3072531909915208,0.7663988769054413,1,False,,,,
1766477162.40196,0.05078536282013468,0.3072531909915208,0.7663988769054413,1,False,,,,
1766477162.404937,0.7077764443868624,0.7555991527811623,0.0,1,False,,,,
1766477162.73456,0.7077764443868624,0.7555991527811623,0.0,1,False,,,,
1766477162.741377,0.7077764443868624,0.7555991527811623,0.0,1,False,,,,
1766477162.745413,0.7077764443868624,0.7555991527811623,0.0,1,False,,,,
1766477162.749936,0.7077764443868624,0.7555991527811623,0.0,1,False,,,,
1766477162.755223,0.7077764443868624,0.7555991527811623,0.0,1,False,,,,
1766477163.01569,0.7077764443868624,0.7555991527811623,0.0,1,False,,,,
1766477163.0236712,0.7077764443868624,0.7555991527811623,0.0,1,False,,,,
1766477163.030709,0.7077764443868624,0.7555991527811623,0.0,1,False,,,,
1766477163.034786,0.7077764443868624,0.7555991527811623,0.0,1,False,,,,
1766477163.037623,0.37412550406369605,0.8274940686363517,0.0,2,False,,,,
1766477163.9620569,0.37412550406369605,0.8274940686363517,0.0,2,False,,,,
1766477163.968987,0.37412550406369605,0.8274940686363517,0.0,2,False,,,,
1766477163.9718862,0.37412550406369605,0.8274940686363517,0.0,2,False,,,,
1766477163.974695,0.37412550406369605,0.8274940686363517,0.0,2,False,,,,
1766477163.97723,0.5879212100563719,0.909490872819688,0.8409470319747925,1,False,,,,
1766477164.226364,0.5879212100563719,0.909490872819688,0.8409470319747925,1,False,,,,
1766477164.2313669,0.5879212100563719,0.909490872819688,0.8409470319747925,1,False,,,,
1766477164.233891,0.5879212100563719,0.909490872819688,0.8409470319747925,1,False,,,,
1766477164.236188,0.5879212100563719,0.909490872819688,0.8409470319747925,1,False,,,,
1766477164.238605,0.11810438995846714,0.342693297026354,0.8712849915027618,1,False,,,,
1766477164.462187,0.11810438995846714,0.342693297026354,0.8712849915027618,1,False,,,,
1766477164.4698958,0.11810438995846714,0.342693297026354,0.8712849915027618,1,False,,,,
1766477164.472835,0.11810438995846714,0.342693297026354,0.8712849915027618,1,False,,,,
1766477164.475589,0.11810438995846714,0.342693297026354,0.8712849915027618,1,False,,,,
1766477164.4781508,0.055276627919400224,0.3786739405631112,0.8889682590961456,1,False,,,,
1766477164.6976619,0.055276627919400224,0.3786739405631112,0.8889682590961456,1,False,,,,
1766477164.7040482,0.055276627919400224,0.3786739405631112,0.8889682590961456,1,False,,,,
1766477164.707283,0.055276627919400224,0.3786739405631112,0.8889682590961456,1,False,,,,
1766477164.7128818,0.055276627919400224,0.3786739405631112,0.8889682590961456,1,False,,,,
1766477164.715633,0.02763655963232221,0.39741699737418656,0.7653173328147966,2,False,,,,
1766477165.092006,0.027442780713546354,0.40010918554342956,0.7250640175163476,2,False,,,,
1766477165.099078,0.027442780713546354,0.40010918554342956,0.7250640175163476,2,False,,,,
1766477165.105839,0.027442780713546354,0.40010918554342956,0.7250640175163476,2,False,,,,
1766477165.108833,0.027442780713546354,0.40010918554342956,0.7250640175163476,2,False,,,,
1766477165.111456,0.3780224851973551,0.8248172853463264,0.0,1,False,,,,
1766477165.42095,0.3780224851973551,0.8248172853463264,0.0,1,False,,,,
1766477165.428611,0.707553766935147,0.7554667844250714,0.0,1,False,,,,
1766477165.432199,0.707553766935147,0.7554667844250714,0.0,1,False,,,,
1766477165.4391942,0.707553766935147,0.7554667844250714,0.0,1,False,,,,
1766477165.442058,0.3781017258614492,0.8245825432808556,0.0,1,False,,,,
1766477165.807819,0.3781017258614492,0.8245825432808556,0.0,1,False,,,,
1766477165.8156621,0.3781017258614492,0.8245825432808556,0.0,1,False,,,,
1766477165.818272,0.3781017258614492,0.8245825432808556,0.0,1,False,,,,
1766477165.8206232,0.3781017258614492,0.8245825432808556,0.0,1,False,,,,
1766477165.8241541,0.7075799806991195,0.7568233387470289,0.0,1,False,,,,
1766477166.05159,0.7075799806991195,0.7568233387470289,0.0,1,False,,,,
1766477166.057939,0.7075799806991195,0.7568233387470289,0.0,1,False,,,,
1766477166.0616581,0.5219289612393461,0.9508595916489606,0.7355319261550903,1,False,,,,
1766477166.065131,0.5219289612393461,0.9508595916489606,0.7355319261550903,1,False,,,,
1766477166.068309,0.7075799806991195,0.7568233387470289,0.0,2,False,,,,
1766477166.388417,0.7075799806991195,0.7568233387470289,0.0,2,False,,,,
1766477166.396159,0.3781017258614492,0.8245825432808556,0.0,2,False,,,,
1766477166.401424,-0.012893727236752995,1.1536965906791645,0.88156747341156,2,False,,,,
1766477166.40482,-0.012893727236752995,1.1536965906791645,0.88156747341156,2,False,,,,
1766477166.412725,0.05851827139125891,0.3241172256496888,0.8006885051727295,1,False,,,,
1766477166.707736,0.05851827139125891,0.3241172256496888,0.8006885051727295,1,False,,,,
1766477166.71492,0.05851827139125891,0.3241172256496888,0.8006885051727295,1,False,,,,
1766477166.7181041,0.05851827139125891,0.3241172256496888,0.8006885051727295,1,False,,,,
1766477166.720993,0.05851827139125891,0.3241172256496888,0.8006885051727295,1,False,,,,
1766477166.723619,0.378231959549671,0.8244072924413397,0.0,1,False,,,,
1766477167.038539,0.05456881061260699,0.3392935321462951,0.7774065136909485,1,False,,,,
1766477167.0457861,0.05456881061260699,0.3392935321462951,0.7774065136909485,1,False,,,,
1766477167.051719,0.05456881061260699,0.3392935321462951,0.7774065136909485,1,False,,,,
1766477167.054623,0.05456881061260699,0.3392935321462951,0.7774065136909485,1,False,,,,
1766477167.0606441,0.7076254261442706,0.7570603675636357,0.0,2,False,,,,
1766477167.341335,0.7076254261442706,0.7570603675636357,0.0,2,False,,,,
1766477167.3485818,0.7076254261442706,0.7570603675636357,0.0,2,False,,,,
1766477167.351392,0.7076254261442706,0.7570603675636357,0.0,2,False,,,,
1766477167.3540359,0.7076254261442706,0.7570603675636357,0.0,2,False,,,,
1766477167.356739,0.378231959549671,0.8244072924413397,0.0,1,False,,,,
1766477167.594529,0.378231959549671,0.8244072924413397,0.0,1,False,,,,
1766477167.601533,0.378231959549671,0.8244072924413397,0.0,1,False,,,,
1766477167.604691,0.378231959549671,0.8244072924413397,0.0,1,False,,,,
1766477167.6076941,0.378231959549671,0.8244072924413397,0.0,1,False,,,,
1766477167.6152818,0.7076254261442706,0.7570603675636357,0.0,1,False,,,,
1766477167.905217,0.3773564242815855,0.8251110012139039,0.0,1,False,,,,
1766477167.910749,0.3773564242815855,0.8251110012139039,0.0,1,False,,,,
1766477167.918565,0.3773564242815855,0.8251110012139039,0.0,1,False,,,,
1766477167.921463,0.3773564242815855,0.8251110012139039,0.0,1,False,,,,
1766477167.924514,0.4911790579933969,0.520831385685693,0.7151520848274231,2,True,0.46496105194091797,0.45050230622291565,0.0971195250749588,0.17615589499473572
1766477168.2114182,0.4911790579933969,0.520831385685693,0.7151520848274231,2,True,0.46496105194091797,0.45050230622291565,0.0971195250749588,0.17615589499473572
1766477168.218448,0.4911790579933969,0.520831385685693,0.7151520848274231,2,True,0.46496105194091797,0.45050230622291565,0.0971195250749588,0.17615589499473572
1766477168.221333,0.4911790579933969,0.520831385685693,0.7151520848274231,2,True,0.46496105194091797,0.45050230622291565,0.0971195250749588,0.17615589499473572
1766477168.223899,0.4911790579933969,0.520831385685693,0.7151520848274231,2,True,0.46496105194091797,0.45050230622291565,0.0971195250749588,0.17615589499473572
1766477168.2264981,-0.0016504377526120884,0.5191960455799863,0.7937885212851452,1,False,,,,
1766477168.528809,-0.0016504377526120884,0.5191960455799863,0.7937885212851452,1,False,,,,
1766477168.536046,-0.0016504377526120884,0.5191960455799863,0.7937885212851452,1,False,,,,
1766477168.53875,-0.0016504377526120884,0.5191960455799863,0.7937885212851452,1,False,,,,
1766477168.544611,-0.001265838143625775,0.5203842176837506,0.7926733791828156,1,False,,,,
1766477168.548352,0.3773564242815855,0.8251110012139039,0.0,1,False,,,,
1766477168.864573,0.3773564242815855,0.8251110012139039,0.0,1,False,,,,
1766477168.871232,0.3773564242815855,0.8251110012139039,0.0,1,False,,,,
1766477168.874248,0.3773564242815855,0.8251110012139039,0.0,1,False,,,,
1766477168.877782,0.7076254261442706,0.7570603675636357,0.0,1,False,,,,
1766477168.880764,0.3773564242815855,0.8251110012139039,0.0,1,False,,,,
1766477169.1857731,0.3773564242815855,0.8251110012139039,0.0,1,False,,,,
1766477169.1919968,0.3773564242815855,0.8251110012139039,0.0,1,False,,,,
1766477169.194989,0.3773564242815855,0.8251110012139039,0.0,1,False,,,,
1766477169.1975539,0.3773564242815855,0.8251110012139039,0.0,1,False,,,,
1766477169.200053,0.4733555024741284,0.5343906163685483,0.7748202681541443,1,True,0.44647765159606934,0.48369184136390686,0.09579114615917206,0.18148057162761688
1766477169.490457,0.4733555024741284,0.5343906163685483,0.7748202681541443,1,True,0.44647765159606934,0.48369184136390686,0.09579114615917206,0.18148057162761688
1766477169.497237,0.4733555024741284,0.5343906163685483,0.7748202681541443,1,True,0.44647765159606934,0.48369184136390686,0.09579114615917206,0.18148057162761688
1766477169.500027,0.4733555024741284,0.5343906163685483,0.7748202681541443,1,True,0.44647765159606934,0.48369184136390686,0.09579114615917206,0.18148057162761688
1766477169.502868,0.4733555024741284,0.5343906163685483,0.7748202681541443,1,True,0.44647765159606934,0.48369184136390686,0.09579114615917206,0.18148057162761688
1766477169.505374,0.7076254261442706,0.7570603675636357,0.0,2,False,,,,
1766477169.797743,0.7076254261442706,0.7570603675636357,0.0,2,False,,,,
1766477169.803957,0.7076254261442706,0.7570603675636357,0.0,2,False,,,,
1766477169.807165,0.7076254261442706,0.7570603675636357,0.0,2,False,,,,
1766477169.809823,0.7076254261442706,0.7570603675636357,0.0,2,False,,,,
1766477169.8126369,0.3773597337921997,0.8251688295981081,0.0,1,False,,,,
1766477170.098411,0.3773597337921997,0.8251688295981081,0.0,1,False,,,,
1766477170.106317,0.3773597337921997,0.8251688295981081,0.0,1,False,,,,
1766477170.111542,0.3773597337921997,0.8251688295981081,0.0,1,False,,,,
1766477170.114433,0.3773597337921997,0.8251688295981081,0.0,1,False,,,,
1766477170.117781,0.7076254261442706,0.7570603675636357,0.0,1,False,,,,
1766477170.35312,0.7076254261442706,0.7570603675636357,0.0,1,False,,,,
1766477170.360501,0.7076254261442706,0.7570603675636357,0.0,1,False,,,,
1766477170.363095,0.7076254261442706,0.7570603675636357,0.0,1,False,,,,
1766477170.365464,0.7076254261442706,0.7570603675636357,0.0,1,False,,,,
1766477170.3682718,0.05245278789171035,0.3424805718626782,0.9129808843135834,1,False,,,,
1766477170.726946,0.05245278789171035,0.3424805718626782,0.9129808843135834,1,False,,,,
1766477170.7344482,0.05245278789171035,0.3424805718626782,0.9129808843135834,1,False,,,,
1766477170.737198,0.05245278789171035,0.3424805718626782,0.9129808843135834,1,False,,,,
1766477170.7402859,0.05245278789171035,0.3424805718626782,0.9129808843135834,1,False,,,,
1766477170.745614,0.06349570523987706,0.28786296867525984,0.7938716411590576,1,False,,,,
1766477171.132076,0.06349570523987706,0.28786296867525984,0.7938716411590576,1,False,,,,
1766477171.138658,0.06349570523987706,0.28786296867525984,0.7938716411590576,1,False,,,,
1766477171.141608,0.06349570523987706,0.28786296867525984,0.7938716411590576,1,False,,,,
1766477171.1444852,0.06349570523987706,0.28786296867525984,0.7938716411590576,1,False,,,,
1766477171.14711,0.04772002827714923,0.34237692926878127,0.7625085115432739,1,False,,,,
1766477171.386888,0.04772002827714923,0.34237692926878127,0.7625085115432739,1,False,,,,
1766477171.394745,0.7076849992184943,0.7573274826339554,0.0,1,False,,,,
1766477171.399188,0.7076849992184943,0.7573274826339554,0.0,1,False,,,,
1766477171.405719,0.7076849992184943,0.7573274826339554,0.0,1,False,,,,
1766477171.40868,0.7076849992184943,0.7573274826339554,0.0,2,False,,,,
1766477171.950967,0.7076849992184943,0.7573274826339554,0.0,2,False,,,,
1766477171.9559228,0.3777439835871986,0.8243920073023676,0.0,2,False,,,,
1766477171.9588711,0.7076849992184943,0.7573274826339554,0.0,2,False,,,,
1766477171.962231,0.7076849992184943,0.7573274826339554,0.0,2,False,,,,
1766477171.965804,0.3682628830688425,0.9729907133601472,0.22388599728270744,1,False,,,,
1766477172.204394,0.3682628830688425,0.9729907133601472,0.22388599728270744,1,False,,,,
1766477172.210695,0.3682628830688425,0.9729907133601472,0.22388599728270744,1,False,,,,
1766477172.2136462,0.3682628830688425,0.9729907133601472,0.22388599728270744,1,False,,,,
1766477172.2160141,0.3682628830688425,0.9729907133601472,0.22388599728270744,1,False,,,,
1766477172.218289,0.7076849992184943,0.7573274826339554,0.0,0,False,,,,
1766477172.4023209,0.7076849992184943,0.7573274826339554,0.0,0,False,,,,
1766477172.40941,0.7076849992184943,0.7573274826339554,0.0,0,False,,,,
1766477172.412022,0.7076849992184943,0.7573274826339554,0.0,0,False,,,,
1766477172.416796,0.7076849992184943,0.7573274826339554,0.0,0,False,,,,
1766477172.419452,0.7076849992184943,0.7573274826339554,0.0,0,False,,,,
1766477172.605312,0.7076849992184943,0.7573274826339554,0.0,0,False,,,,
1766477172.6122282,0.7076849992184943,0.7573274826339554,0.0,0,False,,,,
1766477172.615242,0.7076849992184943,0.7573274826339554,0.0,0,False,,,,
1766477172.6177878,0.7076849992184943,0.7573274826339554,0.0,0,False,,,,
1766477172.6200662,0.3776529601744086,0.8244931976229879,0.0,0,False,,,,
1766477172.798362,0.4179874482320819,0.9465892515078181,0.787341833114624,0,False,,,,
1766477172.805884,0.4179874482320819,0.9465892515078181,0.787341833114624,0,False,,,,
1766477172.812169,0.4179874482320819,0.9465892515078181,0.787341833114624,0,False,,,,
1766477172.814983,0.4179874482320819,0.9465892515078181,0.787341833114624,0,False,,,,
1766477172.817473,0.7076849992184943,0.7573274826339554,0.0,0,False,,,,
1766477172.990752,0.7076849992184943,0.7573274826339554,0.0,0,False,,,,
1766477172.9966831,0.7076849992184943,0.7573274826339554,0.0,0,False,,,,
1766477172.9999151,0.7076849992184943,0.7573274826339554,0.0,0,False,,,,
1766477173.002754,0.7076849992184943,0.7573274826339554,0.0,0,False,,,,
1766477173.0090802,0.4970782663262515,0.8445178656205744,0.7348949909210205,0,False,,,,
1766477173.2083468,0.4970782663262515,0.8445178656205744,0.7348949909210205,0,False,,,,
1766477173.2134242,0.4970782663262515,0.8445178656205744,0.7348949909210205,0,False,,,,
1766477173.216652,0.4970782663262515,0.8445178656205744,0.7348949909210205,0,False,,,,
1766477173.2189991,0.4970782663262515,0.8445178656205744,0.7348949909210205,0,False,,,,
1766477173.221335,0.7076849992184943,0.7573274826339554,0.0,0,False,,,,
1766477173.4006028,0.5094356481115294,0.8403765054425514,0.7480767369270325,0,False,,,,
1766477173.406826,0.5094356481115294,0.8403765054425514,0.7480767369270325,0,False,,,,
1766477173.4115992,0.5094356481115294,0.8403765054425514,0.7480767369270325,0,False,,,,
1766477173.414291,0.5094356481115294,0.8403765054425514,0.7480767369270325,0,False,,,,
1766477173.4166322,0.7076849992184943,0.7573274826339554,0.0,0,False,,,,
1766477173.62449,0.7076849992184943,0.7573274826339554,0.0,0,False,,,,
1766477173.6298292,0.7076849992184943,0.7573274826339554,0.0,0,False,,,,
1766477173.63261,0.5262862595349133,0.8006916895632233,0.7223278284072876,0,False,,,,
1766477173.636255,0.5262862595349133,0.8006916895632233,0.7223278284072876,0,False,,,,
1766477173.639372,0.7076846539270127,0.757327889337434,0.0,0,False,,,,
1766477173.833357,0.7076846539270127,0.757327889337434,0.0,0,False,,,,
1766477173.840202,0.7076846539270127,0.757327889337434,0.0,0,False,,,,
1766477173.8461518,0.7076846539270127,0.757327889337434,0.0,0,False,,,,
1766477173.848901,0.7076846539270127,0.757327889337434,0.0,0,False,,,,
1766477173.853867,0.7076846539270127,0.757327889337434,0.0,0,False,,,,
1766477174.067088,0.7076846539270127,0.757327889337434,0.0,0,False,,,,
1766477174.073379,0.7076846539270127,0.757327889337434,0.0,0,False,,,,
1766477174.0768719,0.7076846539270127,0.757327889337434,0.0,0,False,,,,
1766477174.082134,0.7076846539270127,0.757327889337434,0.0,0,False,,,,
1766477174.085228,0.3775323816838719,0.8245164441403102,0.0,0,False,,,,
1766477174.2782888,0.3775323816838719,0.8245164441403102,0.0,0,False,,,,
1766477174.284009,0.3775323816838719,0.8245164441403102,0.0,0,False,,,,
1766477174.2866719,0.3775323816838719,0.8245164441403102,0.0,0,False,,,,
1766477174.289998,0.3775323816838719,0.8245164441403102,0.0,0,False,,,,
1766477174.292473,0.3775323816838719,0.8245164441403102,0.0,0,False,,,,
1766477174.476584,0.7076846539270127,0.757327889337434,0.0,0,False,,,,
1766477174.481863,0.7076846539270127,0.757327889337434,0.0,0,False,,,,
1766477174.487364,0.7076846539270127,0.757327889337434,0.0,0,False,,,,
1766477174.4904242,0.7076846539270127,0.757327889337434,0.0,0,False,,,,
1766477174.493046,0.3775323816838719,0.8245164441403102,0.0,0,False,,,,
1766477174.703666,0.3775323816838719,0.8245164441403102,0.0,0,False,,,,
1766477174.7112188,0.37762936529651026,0.8243624377551307,0.0,0,False,,,,
1766477174.717035,0.37762936529651026,0.8243624377551307,0.0,0,False,,,,
1766477174.719685,0.37762936529651026,0.8243624377551307,0.0,0,False,,,,
1766477174.722147,0.17672589633588354,0.37234176551047415,0.8751985132694244,0,False,,,,
1766477175.273046,0.17672589633588354,0.37234176551047415,0.8751985132694244,0,False,,,,
1766477175.281121,0.24842421034387807,0.325530948438325,0.8313802778720856,0,False,,,,
1766477175.284096,0.24842421034387807,0.325530948438325,0.8313802778720856,0,False,,,,
1766477175.289613,0.24842421034387807,0.325530948438325,0.8313802778720856,0,False,,,,
1766477175.292324,0.7079041656727536,0.7580707977700284,0.0,1,False,,,,
1766477175.569964,0.7079041656727536,0.7580707977700284,0.0,1,False,,,,
1766477175.578963,0.5048152762333551,1.014579577758988,0.9075350165367126,1,False,,,,
1766477175.582174,0.5048152762333551,1.014579577758988,0.9075350165367126,1,False,,,,
1766477175.585469,0.5048152762333551,1.014579577758988,0.9075350165367126,1,False,,,,
1766477175.592036,0.4173199414424256,0.32548050532194117,0.7829750999077696,1,False,,,,
1766477175.820371,0.4188862074205758,0.32921412431073227,0.8829075992107391,1,False,,,,
1766477175.827501,0.4188862074205758,0.32921412431073227,0.8829075992107391,1,False,,,,
1766477175.830417,0.4188862074205758,0.32921412431073227,0.8829075992107391,1,False,,,,
1766477175.832936,0.4188862074205758,0.32921412431073227,0.8829075992107391,1,False,,,,
1766477175.835445,-0.06653408125948976,0.6458908888944248,0.9511225819587708,1,False,,,,
1766477176.123499,-0.06653408125948976,0.6458908888944248,0.9511225819587708,1,False,,,,
1766477176.1308448,-0.06653408125948976,0.6458908888944248,0.9511225819587708,1,False,,,,
1766477176.133545,-0.06653408125948976,0.6458908888944248,0.9511225819587708,1,False,,,,
1766477176.136532,-0.06653408125948976,0.6458908888944248,0.9511225819587708,1,False,,,,
1766477176.139192,-0.11273551391453633,0.6613289609793318,1.0,1,False,,,,
1766477176.373558,-0.11273551391453633,0.6613289609793318,1.0,1,False,,,,
1766477176.3800309,-0.11561379349179904,0.6609399369482776,0.9237018823623657,1,False,,,,
1766477176.382976,-0.11108939966649771,0.6531366405707968,0.9911465048789978,1,False,,,,
1766477176.385484,-0.11108939966649771,0.6531366405707968,0.9911465048789978,1,False,,,,
1766477176.3889668,0.4765629399312209,0.9016979000372048,0.7079648375511169,2,False,,,,
1766477176.829203,0.4765629399312209,0.9016979000372048,0.7079648375511169,2,False,,,,
1766477176.836745,0.4765629399312209,0.9016979000372048,0.7079648375511169,2,False,,,,
1766477176.842491,0.4765629399312209,0.9016979000372048,0.7079648375511169,2,False,,,,
1766477176.844981,0.4765629399312209,0.9016979000372048,0.7079648375511169,2,False,,,,
1766477176.847842,0.7076856210816439,0.7614338905193693,0.0,1,False,,,,
1766477177.162293,0.7076856210816439,0.7614338905193693,0.0,1,False,,,,
1766477177.168392,0.7076856210816439,0.7614338905193693,0.0,1,False,,,,
1766477177.1710951,0.7076856210816439,0.7614338905193693,0.0,1,False,,,,
1766477177.173483,0.7076856210816439,0.7614338905193693,0.0,1,False,,,,
1766477177.175806,-0.04647840629840268,0.6204165932793153,1.0,1,False,,,,
1766477177.437314,-0.04647840629840268,0.6204165932793153,1.0,1,False,,,,
1766477177.445366,-0.04647840629840268,0.6204165932793153,1.0,1,False,,,,
1766477177.448135,-0.04647840629840268,0.6204165932793153,1.0,1,False,,,,
1766477177.451054,-0.04647840629840268,0.6204165932793153,1.0,1,False,,,,
1766477177.457429,0.03863283503675561,0.35512044080481786,0.9398728311061859,1,False,,,,
1766477177.6927722,0.05349084032351605,0.3179277378317631,0.94220370054245,1,False,,,,
1766477177.7004921,0.05349084032351605,0.3179277378317631,0.94220370054245,1,False,,,,
1766477177.706781,0.05349084032351605,0.3179277378317631,0.94220370054245,1,False,,,,
1766477177.7098958,0.05349084032351605,0.3179277378317631,0.94220370054245,1,False,,,,
1766477177.7127712,0.7080798052167824,0.7675454962463613,0.0,1,False,,,,
1766477178.096541,0.7080798052167824,0.7675454962463613,0.0,1,False,,,,
1766477178.103821,0.7080798052167824,0.7675454962463613,0.0,1,False,,,,
1766477178.1068108,0.7080798052167824,0.7675454962463613,0.0,1,False,,,,
1766477178.109262,0.7080798052167824,0.7675454962463613,0.0,1,False,,,,
1766477178.111792,0.7080798052167824,0.7675454962463613,0.0,1,False,,,,
1766477178.349476,0.7080798052167824,0.7675454962463613,0.0,1,False,,,,
1766477178.3548439,0.7080798052167824,0.7675454962463613,0.0,1,False,,,,
1766477178.358516,0.38627517535443234,0.7857024830541911,0.25172732588827795,1,False,,,,
1766477178.362216,0.38627517535443234,0.7857024830541911,0.25172732588827795,1,False,,,,
1766477178.368613,0.37848500576085,0.8204607859385998,0.0,0,False,,,,
1766477178.56808,0.055912473468225164,0.534260523203629,0.7427119016647339,0,False,,,,
1766477178.575951,0.055912473468225164,0.534260523203629,0.7427119016647339,0,False,,,,
1766477178.581274,0.055912473468225164,0.534260523203629,0.7427119016647339,0,False,,,,
1766477178.583856,0.055912473468225164,0.534260523203629,0.7427119016647339,0,False,,,,
1766477178.586169,0.3814513678222132,0.9884571193776613,0.7470012307167053,0,False,,,,
1766477178.7451751,0.3814513678222132,0.9884571193776613,0.7470012307167053,0,False,,,,
1766477178.751538,0.3814513678222132,0.9884571193776613,0.7470012307167053,0,False,,,,
1766477178.7542248,0.3814513678222132,0.9884571193776613,0.7470012307167053,0,False,,,,
1766477178.75934,0.7079871949892869,0.7674918843053453,0.0,0,False,,,,
1766477178.762036,0.7079871949892869,0.7674918843053453,0.0,0,False,,,,
1766477178.938594,0.7079871949892869,0.7674918843053453,0.0,0,False,,,,
1766477178.943861,0.7079871949892869,0.7674918843053453,0.0,0,False,,,,
1766477178.9466171,0.7079871949892869,0.7674918843053453,0.0,0,False,,,,
1766477178.9490209,0.7079871949892869,0.7674918843053453,0.0,0,False,,,,
1766477178.951587,0.571482680812073,0.8395696946074316,0.763375461101532,0,False,,,,
1766477179.210746,0.571482680812073,0.8395696946074316,0.763375461101532,0,False,,,,
1766477179.216137,0.571482680812073,0.8395696946074316,0.763375461101532,0,False,,,,
1766477179.2188501,0.571482680812073,0.8395696946074316,0.763375461101532,0,False,,,,
1766477179.2216902,0.571482680812073,0.8395696946074316,0.763375461101532,0,False,,,,
1766477179.224301,0.7079871949892869,0.7674918843053453,0.0,0,False,,,,
1766477179.4629602,0.7079871949892869,0.7674918843053453,0.0,0,False,,,,
1766477179.468961,0.3784976442509212,0.8206552959989929,0.0,0,False,,,,
1766477179.475158,0.3784976442509212,0.8206552959989929,0.0,0,False,,,,
1766477179.4777431,0.3784976442509212,0.8206552959989929,0.0,0,False,,,,
1766477179.480136,0.7079871949892869,0.7674918843053453,0.0,0,False,,,,
1766477179.637213,0.4221179597196376,1.012880797074263,0.18974617461522636,0,False,,,,
1766477179.64381,0.4221179597196376,1.012880797074263,0.18974617461522636,0,False,,,,
1766477179.649249,0.4221179597196376,1.012880797074263,0.18974617461522636,0,False,,,,
1766477179.6520078,0.4221179597196376,1.012880797074263,0.18974617461522636,0,False,,,,
1766477179.654474,0.7079871949892869,0.7674918843053453,0.0,0,False,,,,
1766477179.8179562,0.7079871949892869,0.7674918843053453,0.0,0,False,,,,
1766477179.823756,0.7079871949892869,0.7674918843053453,0.0,0,False,,,,
1766477179.828613,0.7079871949892869,0.7674918843053453,0.0,0,False,,,,
1766477179.8314838,0.7079871949892869,0.7674918843053453,0.0,0,False,,,,
1766477179.8341792,0.7079871949892869,0.7674918843053453,0.0,0,False,,,,
1766477180.018861,0.7079871949892869,0.7674918843053453,0.0,0,False,,,,
1766477180.024231,0.7079871949892869,0.7674918843053453,0.0,0,False,,,,
1766477180.026943,0.7079871949892869,0.7674918843053453,0.0,0,False,,,,
1766477180.029322,0.7079871949892869,0.7674918843053453,0.0,0,False,,,,
1766477180.0321002,0.7079871949892869,0.7674918843053453,0.0,0,False,,,,
1766477180.198026,0.7079871949892869,0.7674918843053453,0.0,0,False,,,,
1766477180.2046452,0.3784498797454606,0.8207363064876539,0.0,0,False,,,,
1766477180.2083771,0.3784498797454606,0.8207363064876539,0.0,0,False,,,,
1766477180.213557,0.3784498797454606,0.8207363064876539,0.0,0,False,,,,
1766477180.218493,0.3784498797454606,0.8207363064876539,0.0,0,False,,,,
1766477180.381309,0.3784498797454606,0.8207363064876539,0.0,0,False,,,,
1766477180.3866298,0.3784498797454606,0.8207363064876539,0.0,0,False,,,,
1766477180.389166,0.3784498797454606,0.8207363064876539,0.0,0,False,,,,
1766477180.3917289,0.3784498797454606,0.8207363064876539,0.0,0,False,,,,
1766477180.3940322,0.3784498797454606,0.8207363064876539,0.0,0,False,,,,
1766477180.5570052,0.3784498797454606,0.8207363064876539,0.0,0,False,,,,
1766477180.5692239,0.4667686997074301,1.0789250735676184,0.08048812304579868,0,False,,,,
1766477180.572195,0.4667686997074301,1.0789250735676184,0.08048812304579868,0,False,,,,
1766477180.575084,0.4667686997074301,1.0789250735676184,0.08048812304579868,0,False,,,,
1766477180.5811892,0.3684814698261262,0.9078048467197634,0.23442215372864114,0,False,,,,
1766477180.744574,0.3684814698261262,0.9078048467197634,0.23442215372864114,0,False,,,,
1766477180.749669,0.3684814698261262,0.9078048467197634,0.23442215372864114,0,False,,,,
1766477180.7522078,0.3684814698261262,0.9078048467197634,0.23442215372864114,0,False,,,,
1766477180.754317,0.3684814698261262,0.9078048467197634,0.23442215372864114,0,False,,,,
1766477180.756674,0.7079465215347197,0.7672814151680117,0.0,0,False,,,,
1766477180.925376,0.7079465215347197,0.7672814151680117,0.0,0,False,,,,
1766477180.930919,0.7079465215347197,0.7672814151680117,0.0,0,False,,,,
1766477180.93368,0.7079465215347197,0.7672814151680117,0.0,0,False,,,,
1766477180.936654,0.3784498797454606,0.8207363064876539,0.0,0,False,,,,
1766477180.940301,0.6501281010001885,0.7629752105723379,0.10419418143696148,0,False,,,,
1766477181.113753,0.6501281010001885,0.7629752105723379,0.10419418143696148,0,False,,,,
1766477181.119356,0.6501281010001885,0.7629752105723379,0.10419418143696148,0,False,,,,
1766477181.1222699,0.6501281010001885,0.7629752105723379,0.10419418143696148,0,False,,,,
1766477181.127628,0.6501281010001885,0.7629752105723379,0.10419418143696148,0,False,,,,
1766477181.130153,0.49613442316004325,0.8208045021101689,0.7535132169723511,0,False,,,,
1766477181.308795,0.6435623037407616,0.7930415774985172,0.21660371296121184,0,False,,,,
1766477181.314552,0.6435623037407616,0.7930415774985172,0.21660371296121184,0,False,,,,
1766477181.3214421,0.6435623037407616,0.7930415774985172,0.21660371296121184,0,False,,,,
1766477181.324002,0.6435623037407616,0.7930415774985172,0.21660371296121184,0,False,,,,
1766477181.326421,0.6313664601136244,0.8240915579543338,0.14646212074932413,0,False,,,,
1766477181.502434,0.6313664601136244,0.8240915579543338,0.14646212074932413,0,False,,,,
1766477181.5075672,0.6359162840696316,0.8112480610553563,0.15185892811919277,0,False,,,,
1766477181.511103,0.6290659809435034,0.8226522126343941,0.12090050420689868,0,False,,,,
1766477181.513868,0.6290659809435034,0.8226522126343941,0.12090050420689868,0,False,,,,
1766477181.520332,0.6329466426485951,0.8259117164312585,0.1327117563258248,0,False,,,,
1766477181.696695,0.6329466426485951,0.8259117164312585,0.1327117563258248,0,False,,,,
1766477181.702197,0.6329466426485951,0.8259117164312585,0.1327117563258248,0,False,,,,
1766477181.705172,0.6329466426485951,0.8259117164312585,0.1327117563258248,0,False,,,,
1766477181.70811,0.3784498797454606,0.8207363064876539,0.0,0,False,,,,
1766477181.711149,0.46180030393946464,0.7389456751187765,0.7135466933250427,0,False,,,,
1766477181.875086,0.46180030393946464,0.7389456751187765,0.7135466933250427,0,False,,,,
1766477181.881241,0.3798268227029895,1.0081867475897723,0.32186364465129613,0,False,,,,
1766477181.884667,0.3798268227029895,1.0081867475897723,0.32186364465129613,0,False,,,,
1766477181.889771,0.3798268227029895,1.0081867475897723,0.32186364465129613,0,False,,,,
1766477181.892239,0.3784498797454606,0.8207363064876539,0.0,0,False,,,,
1766477182.107917,0.3784498797454606,0.8207363064876539,0.0,0,False,,,,
1766477182.1137888,0.3784498797454606,0.8207363064876539,0.0,0,False,,,,
1766477182.120357,0.3784498797454606,0.8207363064876539,0.0,0,False,,,,
1766477182.1257658,0.3784498797454606,0.8207363064876539,0.0,0,False,,,,
1766477182.128452,0.3784498797454606,0.8207363064876539,0.0,0,False,,,,
1766477182.3102112,0.3784498797454606,0.8207363064876539,0.0,0,False,,,,
1766477182.316396,0.3784498797454606,0.8207363064876539,0.0,0,False,,,,
1766477182.319631,0.3784498797454606,0.8207363064876539,0.0,0,False,,,,
1766477182.325341,0.3784498797454606,0.8207363064876539,0.0,0,False,,,,
1766477182.328371,0.3784498797454606,0.8207363064876539,0.0,0,False,,,,
1766477182.486588,0.3784498797454606,0.8207363064876539,0.0,0,False,,,,
1766477182.493207,0.3784498797454606,0.8207363064876539,0.0,0,False,,,,
1766477182.4985979,0.3784498797454606,0.8207363064876539,0.0,0,False,,,,
1766477182.501268,0.3784498797454606,0.8207363064876539,0.0,0,False,,,,
1766477182.505771,0.6255250128059116,1.0634705577395713,0.3291330135071369,0,False,,,,
1766477182.682419,0.6258993230388389,1.0688425042373078,0.3587211313762912,0,False,,,,
1766477182.6893508,0.6258993230388389,1.0688425042373078,0.3587211313762912,0,False,,,,
1766477182.695269,0.6258993230388389,1.0688425042373078,0.3587211313762912,0,False,,,,
1766477182.6978922,0.6258993230388389,1.0688425042373078,0.3587211313762912,0,False,,,,
1766477182.700428,0.6326221229904064,1.1114479259150931,0.190269361764048,1,False,,,,
1766477183.0943701,0.6326221229904064,1.1114479259150931,0.190269361764048,1,False,,,,
1766477183.101239,0.6326221229904064,1.1114479259150931,0.190269361764048,1,False,,,,
1766477183.1037571,0.6326221229904064,1.1114479259150931,0.190269361764048,1,False,,,,
1766477183.1068668,0.6326221229904064,1.1114479259150931,0.190269361764048,1,False,,,,
1766477183.109705,0.37846344598448944,0.8211308277811387,0.0,0,False,,,,
1766477183.3626099,0.37846344598448944,0.8211308277811387,0.0,0,False,,,,
1766477183.367657,0.37846344598448944,0.8211308277811387,0.0,0,False,,,,
1766477183.370239,0.37846344598448944,0.8211308277811387,0.0,0,False,,,,
1766477183.372919,0.37846344598448944,0.8211308277811387,0.0,0,False,,,,
1766477183.3751411,0.6457892228452213,1.1401918275265892,0.42129925467530227,0,False,,,,
1766477183.578793,0.6457892228452213,1.1401918275265892,0.42129925467530227,0,False,,,,
1766477183.584864,0.6627265236174569,1.1054866087114688,0.46780411141712175,0,False,,,,
1766477183.588099,0.6627265236174569,1.1054866087114688,0.46780411141712175,0,False,,,,
1766477183.591158,0.6627265236174569,1.1054866087114688,0.46780411141712175,0,False,,,,
1766477183.597766,0.6592139723268554,1.1260045246813226,0.47074330309780116,0,False,,,,
1766477183.763076,0.6592139723268554,1.1260045246813226,0.47074330309780116,0,False,,,,
1766477183.7685702,0.6592139723268554,1.1260045246813226,0.47074330309780116,0,False,,,,
1766477183.771442,0.6592139723268554,1.1260045246813226,0.47074330309780116,0,False,,,,
1766477183.7768571,0.6592139723268554,1.1260045246813226,0.47074330309780116,0,False,,,,
1766477183.7791831,0.6862457191174458,1.0764793394572942,0.4075684892732462,0,False,,,,
1766477183.9712121,0.6862457191174458,1.0764793394572942,0.4075684892732462,0,False,,,,
1766477183.9766989,0.6862457191174458,1.0764793394572942,0.4075684892732462,0,False,,,,
1766477183.97949,0.6862457191174458,1.0764793394572942,0.4075684892732462,0,False,,,,
1766477183.9819598,0.6862457191174458,1.0764793394572942,0.4075684892732462,0,False,,,,
1766477183.984223,0.6873773844847044,1.1377356762020447,0.3574471135882886,0,False,,,,
1766477184.2327192,0.6873773844847044,1.1377356762020447,0.3574471135882886,0,False,,,,
1766477184.238555,0.6873773844847044,1.1377356762020447,0.3574471135882886,0,False,,,,
1766477184.241267,0.6873773844847044,1.1377356762020447,0.3574471135882886,0,False,,,,
1766477184.243662,0.6873773844847044,1.1377356762020447,0.3574471135882886,0,False,,,,
1766477184.245976,0.7137641979271283,1.0679562078422695,0.2791160680702789,0,False,,,,
1766477184.4219809,0.7137641979271283,1.0679562078422695,0.2791160680702789,0,False,,,,
1766477184.427561,0.6621851939750597,1.1859668865391468,0.33412995449101096,0,False,,,,
1766477184.431534,0.6621851939750597,1.1859668865391468,0.33412995449101096,0,False,,,,
1766477184.4351768,0.6621851939750597,1.1859668865391468,0.33412995449101096,0,False,,,,
1766477184.440398,0.6891282821243432,1.1481115494473733,0.2711789189385942,0,False,,,,
1766477184.636266,0.6891282821243432,1.1481115494473733,0.2711789189385942,0,False,,,,
1766477184.643361,0.6891282821243432,1.1481115494473733,0.2711789189385942,0,False,,,,
1766477184.646683,0.6891282821243432,1.1481115494473733,0.2711789189385942,0,False,,,,
1766477184.649311,0.6891282821243432,1.1481115494473733,0.2711789189385942,0,False,,,,
1766477184.651784,0.3459183490583779,0.8095151386483692,1.0,1,False,,,,
1766477184.8785121,0.3459183490583779,0.8095151386483692,1.0,1,False,,,,
1766477184.8862588,0.3459183490583779,0.8095151386483692,1.0,1,False,,,,
1766477184.8916962,0.35356931820176796,0.31025882437304375,0.8859441578388214,1,False,,,,
1766477184.894519,0.5396620524288192,1.3168748054156056,0.23356376396727854,1,False,,,,
1766477184.897414,0.5671193690321793,0.6722531935271386,0.8762200474739075,1,True,0.5295575261116028,0.5281396508216858,0.0931633934378624,0.19172769784927368
1766477185.138301,0.5671193690321793,0.6722531935271386,0.8762200474739075,1,True,0.5295575261116028,0.5281396508216858,0.0931633934378624,0.19172769784927368
1766477185.145344,0.5671193690321793,0.6722531935271386,0.8762200474739075,1,True,0.5295575261116028,0.5281396508216858,0.0931633934378624,0.19172769784927368
1766477185.1481988,0.5671193690321793,0.6722531935271386,0.8762200474739075,1,True,0.5295575261116028,0.5281396508216858,0.0931633934378624,0.19172769784927368
1766477185.150741,0.5671193690321793,0.6722531935271386,0.8762200474739075,1,True,0.5295575261116028,0.5281396508216858,0.0931633934378624,0.19172769784927368
1766477185.153184,0.556927590368593,0.6824637103351341,0.7062250971794128,1,True,0.5351688265800476,0.6472249627113342,0.08904580771923065,0.18630726635456085
1766477185.4241269,0.556927590368593,0.6824637103351341,0.7062250971794128,1,True,0.5351688265800476,0.6472249627113342,0.08904580771923065,0.18630726635456085
1766477185.431603,0.3784767907249103,0.8211684141590793,0.0,1,False,,,,
1766477185.435244,0.3784767907249103,0.8211684141590793,0.0,1,False,,,,
1766477185.442563,0.3784767907249103,0.8211684141590793,0.0,1,False,,,,
1766477185.4477282,-0.6231575069338822,1.74439789816885,0.2116713664567889,1,False,,,,
1766477185.8184068,-0.6231575069338822,1.74439789816885,0.2116713664567889,1,False,,,,
1766477185.827162,-0.6231575069338822,1.74439789816885,0.2116713664567889,1,False,,,,
1766477185.82956,-0.6231575069338822,1.74439789816885,0.2116713664567889,1,False,,,,
1766477185.832166,0.49855174770985683,0.73045320328175,0.7014437317848206,1,False,,,,
1766477185.835098,-10.765247176949131,11.78200428009454,0.09884037932033835,1,False,,,,
1766477186.184769,-10.765247176949131,11.78200428009454,0.09884037932033835,1,False,,,,
1766477186.191606,-10.765247176949131,11.78200428009454,0.09884037932033835,1,False,,,,
1766477186.19506,-10.765247176949131,11.78200428009454,0.09884037932033835,1,False,,,,
1766477186.1980412,-10.765247176949131,11.78200428009454,0.09884037932033835,1,False,,,,
1766477186.200882,0.3771296335666166,0.8625808140300121,0.3274476884434945,1,False,,,,
1766477186.437675,0.5433670301141634,0.3642790181599932,0.8867402076721191,1,False,,,,
1766477186.444706,0.5433670301141634,0.3642790181599932,0.8867402076721191,1,False,,,,
1766477186.451165,0.5433670301141634,0.3642790181599932,0.8867402076721191,1,False,,,,
1766477186.4540749,0.5433670301141634,0.3642790181599932,0.8867402076721191,1,False,,,,
1766477186.456745,-10.366971439516847,10.684980074739283,0.05948687174716255,1,False,,,,
1766477186.6927512,-10.366971439516847,10.684980074739283,0.05948687174716255,1,False,,,,
1766477186.700119,0.5517139549409108,0.8805891986926417,0.9553768634796143,1,False,,,,
1766477186.703509,0.1067189872220256,0.15197936378150867,0.8719737827777863,1,False,,,,
1766477186.707221,0.1067189872220256,0.15197936378150867,0.8719737827777863,1,False,,,,
1766477186.7143009,0.601829871399492,0.6466174487041598,0.9867333769798279,1,True,0.5188178420066833,0.5407190918922424,0.09306468814611435,0.17869924008846283
1766477186.983906,0.601829871399492,0.6466174487041598,0.9867333769798279,1,True,0.5188178420066833,0.5407190918922424,0.09306468814611435,0.17869924008846283
1766477186.990243,0.601829871399492,0.6466174487041598,0.9867333769798279,1,True,0.5188178420066833,0.5407190918922424,0.09306468814611435,0.17869924008846283
1766477186.993233,0.601829871399492,0.6466174487041598,0.9867333769798279,1,True,0.5188178420066833,0.5407190918922424,0.09306468814611435,0.17869924008846283
1766477186.9986959,0.601829871399492,0.6466174487041598,0.9867333769798279,1,True,0.5188178420066833,0.5407190918922424,0.09306468814611435,0.17869924008846283
1766477187.001677,0.7079443193421608,0.7672830346128039,0.0,1,False,,,,
1766477187.240774,0.5782485350951064,0.6430933464840645,0.9976359009742737,1,True,0.5213139653205872,0.5334364771842957,0.09386157989501953,0.18427225947380066
1766477187.248199,0.5782485350951064,0.6430933464840645,0.9976359009742737,1,True,0.5213139653205872,0.5334364771842957,0.09386157989501953,0.18427225947380066
1766477187.254564,0.5782485350951064,0.6430933464840645,0.9976359009742737,1,True,0.5213139653205872,0.5334364771842957,0.09386157989501953,0.18427225947380066
1766477187.257797,0.5782485350951064,0.6430933464840645,0.9976359009742737,1,True,0.5213139653205872,0.5334364771842957,0.09386157989501953,0.18427225947380066
1766477187.2603798,0.590703168364259,0.6451355237847367,1.0,1,True,0.5529201626777649,0.5551834106445312,0.09453926235437393,0.18030226230621338
1766477187.479403,0.590703168364259,0.6451355237847367,1.0,1,True,0.5529201626777649,0.5551834106445312,0.09453926235437393,0.18030226230621338
1766477187.486947,0.590703168364259,0.6451355237847367,1.0,1,True,0.5529201626777649,0.5551834106445312,0.09453926235437393,0.18030226230621338
1766477187.493408,0.590703168364259,0.6451355237847367,1.0,1,True,0.5529201626777649,0.5551834106445312,0.09453926235437393,0.18030226230621338
1766477187.496499,0.590703168364259,0.6451355237847367,1.0,1,True,0.5529201626777649,0.5551834106445312,0.09453926235437393,0.18030226230621338
1766477187.4991739,-0.01789615801370372,0.7825792730478939,0.8327464461326599,1,False,,,,
1766477187.824221,-0.01789615801370372,0.7825792730478939,0.8327464461326599,1,False,,,,
1766477187.830869,-0.01789615801370372,0.7825792730478939,0.8327464461326599,1,False,,,,
1766477187.833932,-0.01789615801370372,0.7825792730478939,0.8327464461326599,1,False,,,,
1766477187.836959,-0.01789615801370372,0.7825792730478939,0.8327464461326599,1,False,,,,
1766477187.841099,0.7079443193421608,0.7672830346128039,0.0,1,False,,,,
1766477188.067283,0.7079443193421608,0.7672830346128039,0.0,1,False,,,,
1766477188.0738811,0.7079443193421608,0.7672830346128039,0.0,1,False,,,,
1766477188.077732,0.6004560665253086,0.6358151300286149,0.8206446766853333,1,True,0.5300759673118591,0.509602963924408,0.09388522803783417,0.18136155605316162
1766477188.082468,0.6004560665253086,0.6358151300286149,0.8206446766853333,1,True,0.5300759673118591,0.509602963924408,0.09388522803783417,0.18136155605316162
1766477188.08949,0.7079443193421608,0.7672830346128039,0.0,1,False,,,,
1766477188.3227499,0.7079443193421608,0.7672830346128039,0.0,1,False,,,,
1766477188.3294668,0.7079443193421608,0.7672830346128039,0.0,1,False,,,,
1766477188.334388,0.7079443193421608,0.7672830346128039,0.0,1,False,,,,
1766477188.33685,0.7079443193421608,0.7672830346128039,0.0,1,False,,,,
1766477188.340467,0.3744319232070795,0.8256516315426085,0.0,0,False,,,,
1766477188.642806,0.3744319232070795,0.8256516315426085,0.0,0,False,,,,
1766477188.652522,0.3744319232070795,0.8256516315426085,0.0,0,False,,,,
1766477188.658089,0.3744319232070795,0.8256516315426085,0.0,0,False,,,,
1766477188.6607308,0.3744319232070795,0.8256516315426085,0.0,0,False,,,,
1766477188.662869,0.5196439975687437,0.9284551560082926,0.8069268465042114,0,False,,,,
1766477189.074772,0.5196439975687437,0.9284551560082926,0.8069268465042114,0,False,,,,
1766477189.0822022,0.7079443193421608,0.7672830346128039,0.0,0,False,,,,
1766477189.086866,0.7079443193421608,0.7672830346128039,0.0,0,False,,,,
1766477189.094005,0.7079443193421608,0.7672830346128039,0.0,0,False,,,,
1766477189.098774,0.7079443193421608,0.7672830346128039,0.0,0,False,,,,
1766477189.348063,0.5232358618226677,0.9190408416292724,0.7339322566986084,0,False,,,,
1766477189.3561091,0.3743927942039159,0.8256877048346645,0.0,0,False,,,,
1766477189.362515,0.3743927942039159,0.8256877048346645,0.0,0,False,,,,
1766477189.365237,0.3743927942039159,0.8256877048346645,0.0,0,False,,,,
1766477189.367608,0.7079443193421608,0.7672830346128039,0.0,0,False,,,,
1766477189.5774531,0.7079443193421608,0.7672830346128039,0.0,0,False,,,,
1766477189.5829692,0.7079443193421608,0.7672830346128039,0.0,0,False,,,,
1766477189.586605,0.7079443193421608,0.7672830346128039,0.0,0,False,,,,
1766477189.590613,0.7079443193421608,0.7672830346128039,0.0,0,False,,,,
1766477189.596962,0.5133464698616412,0.8501129138117286,0.7915054559707642,0,False,,,,
1766477189.802001,0.5133464698616412,0.8501129138117286,0.7915054559707642,0,False,,,,
1766477189.807043,0.5133464698616412,0.8501129138117286,0.7915054559707642,0,False,,,,
1766477189.80953,0.5133464698616412,0.8501129138117286,0.7915054559707642,0,False,,,,
1766477189.811798,0.5133464698616412,0.8501129138117286,0.7915054559707642,0,False,,,,
1766477189.8141382,0.5152394940847753,0.6541125071504413,0.8059668242931366,0,False,,,,
1766477189.979108,0.5152394940847753,0.6541125071504413,0.8059668242931366,0,False,,,,
1766477189.985107,0.3743927942039159,0.8256877048346645,0.0,0,False,,,,
1766477189.988946,0.3743927942039159,0.8256877048346645,0.0,0,False,,,,
1766477189.9922528,0.3743927942039159,0.8256877048346645,0.0,0,False,,,,
1766477189.9981718,0.7079443193421608,0.7672830346128039,0.0,0,False,,,,
1766477190.198433,0.7079443193421608,0.7672830346128039,0.0,0,False,,,,
1766477190.204318,0.7079443193421608,0.7672830346128039,0.0,0,False,,,,
1766477190.2070882,0.7079443193421608,0.7672830346128039,0.0,0,False,,,,
1766477190.211672,0.7079443193421608,0.7672830346128039,0.0,0,False,,,,
1766477190.214248,0.5131483366190005,0.20839467135503287,0.91162103421717,1,False,,,,
1766477190.422815,0.44448993967026756,0.7431454646876237,0.99,1,False,,,,
1766477190.429903,0.44448993967026756,0.7431454646876237,0.99,1,False,,,,
1766477190.436527,0.44448993967026756,0.7431454646876237,0.99,1,False,,,,
1766477190.439508,0.44448993967026756,0.7431454646876237,0.99,1,False,,,,
1766477190.442316,0.7079443193421608,0.7672830346128039,0.0,1,False,,,,
1766477190.691856,0.3746105179295717,0.8255411587779415,0.0,1,False,,,,
1766477190.700096,0.3746105179295717,0.8255411587779415,0.0,1,False,,,,
1766477190.706582,0.3746105179295717,0.8255411587779415,0.0,1,False,,,,
1766477190.709576,0.3746105179295717,0.8255411587779415,0.0,1,False,,,,
1766477190.7124538,0.7079443193421608,0.7672830346128039,0.0,2,False,,,,
1766477191.002943,0.7079443193421608,0.7672830346128039,0.0,2,False,,,,
1766477191.009374,0.7079443193421608,0.7672830346128039,0.0,2,False,,,,
1766477191.0123122,0.7079443193421608,0.7672830346128039,0.0,2,False,,,,
1766477191.015171,0.7079443193421608,0.7672830346128039,0.0,2,False,,,,
1766477191.017607,0.3746105179295717,0.8255411587779415,0.0,1,False,,,,
1766477191.286618,0.3746105179295717,0.8255411587779415,0.0,1,False,,,,
1766477191.29394,0.2094581658236884,0.20616752086232681,0.7273103541505543,1,False,,,,
1766477191.297803,0.2094581658236884,0.20616752086232681,0.7273103541505543,1,False,,,,
1766477191.301365,0.2094581658236884,0.20616752086232681,0.7273103541505543,1,False,,,,
1766477191.30817,0.3746105179295717,0.8255411587779415,0.0,1,False,,,,
1766477191.6063092,0.3746105179295717,0.8255411587779415,0.0,1,False,,,,
1766477191.613965,0.3746105179295717,0.8255411587779415,0.0,1,False,,,,
1766477191.619375,0.3746105179295717,0.8255411587779415,0.0,1,False,,,,
1766477191.622051,0.3746105179295717,0.8255411587779415,0.0,1,False,,,,
1766477191.625008,0.7361319441994704,0.3491647761398805,0.8441177606582642,1,False,,,,
1766477191.8732412,0.7324867647665687,0.37303235691825276,0.8313358724117279,1,False,,,,
1766477191.879987,0.7324867647665687,0.37303235691825276,0.8313358724117279,1,False,,,,
1766477191.8861141,0.7324867647665687,0.37303235691825276,0.8313358724117279,1,False,,,,
1766477191.8894022,0.7324867647665687,0.37303235691825276,0.8313358724117279,1,False,,,,
1766477191.892023,0.04225076642359893,0.4779350902900771,0.8678829286808838,1,False,,,,
1766477192.11274,0.04225076642359893,0.4779350902900771,0.8678829286808838,1,False,,,,
1766477192.119183,0.04225076642359893,0.4779350902900771,0.8678829286808838,1,False,,,,
1766477192.122226,0.04225076642359893,0.4779350902900771,0.8678829286808838,1,False,,,,
1766477192.1247969,0.04225076642359893,0.4779350902900771,0.8678829286808838,1,False,,,,
1766477192.129909,0.38986636895820004,0.8943300270020075,0.7684636154837178,1,False,,,,
1766477192.7790248,0.38986636895820004,0.8943300270020075,0.7684636154837178,1,False,,,,
1766477192.786249,0.38986636895820004,0.8943300270020075,0.7684636154837178,1,False,,,,
1766477192.7893639,0.38986636895820004,0.8943300270020075,0.7684636154837178,1,False,,,,
1766477192.792171,0.38986636895820004,0.8943300270020075,0.7684636154837178,1,False,,,,
1766477192.794587,0.7079332442253257,0.7673166602533705,0.0,2,False,,,,
1766477193.212022,0.3748911063989926,0.8252119558031148,0.0,2,False,,,,
1766477193.2200131,0.3748911063989926,0.8252119558031148,0.0,2,False,,,,
1766477193.222941,0.3748911063989926,0.8252119558031148,0.0,2,False,,,,
1766477193.2253199,0.3748911063989926,0.8252119558031148,0.0,2,False,,,,
1766477193.227713,0.3748911063989926,0.8252119558031148,0.0,1,False,,,,
1766477193.5415092,0.3748911063989926,0.8252119558031148,0.0,1,False,,,,
1766477193.547755,0.3748911063989926,0.8252119558031148,0.0,1,False,,,,
1766477193.5534809,0.3748911063989926,0.8252119558031148,0.0,1,False,,,,
1766477193.556185,0.3748911063989926,0.8252119558031148,0.0,1,False,,,,
1766477193.5586638,0.7079332770437751,0.7673166828289553,0.0,1,False,,,,
1766477193.87409,0.7079332770437751,0.7673166828289553,0.0,1,False,,,,
1766477193.881454,0.7079332770437751,0.7673166828289553,0.0,1,False,,,,
1766477193.887116,0.7079332770437751,0.7673166828289553,0.0,1,False,,,,
1766477193.889857,0.7079332770437751,0.7673166828289553,0.0,1,False,,,,
1766477193.8921878,0.7079332770437751,0.7673166828289553,0.0,2,False,,,,
1766477194.238192,0.7079332770437751,0.7673166828289553,0.0,2,False,,,,
1766477194.245068,0.5610190636330646,0.8705136021916714,0.9077349305152893,2,False,,,,
1766477194.248396,0.5610190636330646,0.8705136021916714,0.9077349305152893,2,False,,,,
1766477194.254167,0.5610190636330646,0.8705136021916714,0.9077349305152893,2,False,,,,
1766477194.256921,0.5114945193094467,1.6094106652359537,0.8694434463977814,1,False,,,,
1766477194.517916,0.5114945193094467,1.6094106652359537,0.8694434463977814,1,False,,,,
1766477194.5240781,0.5114945193094467,1.6094106652359537,0.8694434463977814,1,False,,,,
1766477194.526811,0.5114945193094467,1.6094106652359537,0.8694434463977814,1,False,,,,
1766477194.529142,0.5114945193094467,1.6094106652359537,0.8694434463977814,1,False,,,,
1766477194.5315158,-0.0460491172734069,0.48094809893838997,1.0,2,False,,,,
1766477194.893582,-0.0460491172734069,0.48094809893838997,1.0,2,False,,,,
1766477194.9019241,-0.0460491172734069,0.48094809893838997,1.0,2,False,,,,
1766477194.9047859,-0.0460491172734069,0.48094809893838997,1.0,2,False,,,,
1766477194.9074318,-0.0460491172734069,0.48094809893838997,1.0,2,False,,,,
1766477194.909926,-0.09921685694424794,0.6458800485246992,0.9937963783740997,1,False,,,,
1766477195.1469371,-0.09921685694424794,0.6458800485246992,0.9937963783740997,1,False,,,,
1766477195.15506,-0.1396266128783517,0.6751184120205177,0.9578839838504791,1,False,,,,
1766477195.159041,-0.1396266128783517,0.6751184120205177,0.9578839838504791,1,False,,,,
1766477195.1655,-0.1396266128783517,0.6751184120205177,0.9578839838504791,1,False,,,,
1766477195.1682901,0.0011481354312331328,0.4568873195598694,1.0,2,False,,,,
1766477195.5297039,0.0011481354312331328,0.4568873195598694,1.0,2,False,,,,
1766477195.536435,0.0011481354312331328,0.4568873195598694,1.0,2,False,,,,
1766477195.539725,0.0011481354312331328,0.4568873195598694,1.0,2,False,,,,
1766477195.542329,0.0011481354312331328,0.4568873195598694,1.0,2,False,,,,
1766477195.5449111,6.53281444035021,2.6012731437634438,1.0,2,False,,,,
1766477196.017044,7.450193324369531,2.9973707985309193,0.8750920717439998,2,False,,,,
1766477196.025374,6.594616817504634,2.6504614608910515,0.9646731615066528,2,False,,,,
1766477196.0311081,6.594616817504634,2.6504614608910515,0.9646731615066528,2,False,,,,
1766477196.033762,6.594616817504634,2.6504614608910515,0.9646731615066528,2,False,,,,
1766477196.036292,0.0035895032330554243,0.43074152182428627,0.9817542731761932,2,False,,,,
1766477196.295224,0.0035895032330554243,0.43074152182428627,0.9817542731761932,2,False,,,,
1766477196.30164,0.0035895032330554243,0.43074152182428627,0.9817542731761932,2,False,,,,
1766477196.304435,0.0035895032330554243,0.43074152182428627,0.9817542731761932,2,False,,,,
1766477196.307071,0.0035895032330554243,0.43074152182428627,0.9817542731761932,2,False,,,,
1766477196.3094609,-0.014173627669060274,0.5030690987312549,0.9354711472988129,2,False,,,,
1766477196.586814,-0.014173627669060274,0.5030690987312549,0.9354711472988129,2,False,,,,
1766477196.595114,-0.01596115460991454,0.509903058028142,0.9017832577228546,2,False,,,,
1766477196.602783,-0.01596115460991454,0.509903058028142,0.9017832577228546,2,False,,,,
1766477196.6059241,-0.01596115460991454,0.509903058028142,0.9017832577228546,2,False,,,,
1766477196.611114,-0.040014484019069305,0.5830693511690017,0.9475336670875549,1,False,,,,
1766477196.858615,-0.04294179043427473,0.6166263990427763,0.9406673014163971,1,False,,,,
1766477196.8661702,-0.04294179043427473,0.6166263990427763,0.9406673014163971,1,False,,,,
1766477196.87245,-0.04294179043427473,0.6166263990427763,0.9406673014163971,1,False,,,,
1766477196.875455,-0.04294179043427473,0.6166263990427763,0.9406673014163971,1,False,,,,
1766477196.878012,0.0005920366226591867,0.4582333861385365,0.8920904695987701,1,False,,,,
1766477197.101126,0.0005920366226591867,0.4582333861385365,0.8920904695987701,1,False,,,,
1766477197.1074638,0.0005920366226591867,0.4582333861385365,0.8920904695987701,1,False,,,,
1766477197.110343,0.0005920366226591867,0.4582333861385365,0.8920904695987701,1,False,,,,
1766477197.1129951,0.0005920366226591867,0.4582333861385365,0.8920904695987701,1,False,,,,
1766477197.115783,0.7080402147340937,0.7685357338174703,0.0,1,False,,,,
1766477198.332934,0.7080402147340937,0.7685357338174703,0.0,1,False,,,,
1766477198.3386781,0.7080402147340937,0.7685357338174703,0.0,1,False,,,,
1766477198.344744,0.7080402147340937,0.7685357338174703,0.0,1,False,,,,
1766477198.347637,0.7080402147340937,0.7685357338174703,0.0,1,False,,,,
1766477198.350365,0.3696266138144594,0.8371068027488981,0.0,1,False,,,,
1766477198.647624,0.3696266138144594,0.8371068027488981,0.0,1,False,,,,
1766477198.6554408,0.3696266138144594,0.8371068027488981,0.0,1,False,,,,
1766477198.658014,0.3696266138144594,0.8371068027488981,0.0,1,False,,,,
1766477198.660341,0.3696266138144594,0.8371068027488981,0.0,1,False,,,,
1766477198.662709,0.7081324241567928,0.7695148102660382,0.0,0,False,,,,
1766477198.8579142,0.7081324241567928,0.7695148102660382,0.0,0,False,,,,
1766477198.86405,0.7081324241567928,0.7695148102660382,0.0,0,False,,,,
1766477198.866796,0.7081324241567928,0.7695148102660382,0.0,0,False,,,,
1766477198.872111,0.7081324241567928,0.7695148102660382,0.0,0,False,,,,
1766477198.878079,0.5002642648142213,0.872344898740258,0.7674923539161682,0,False,,,,
1766477199.07005,0.15482993255361377,1.2425158965075547,0.7437198758125305,0,False,,,,
1766477199.0788171,0.15482993255361377,1.2425158965075547,0.7437198758125305,0,False,,,,
1766477199.084436,0.15482993255361377,1.2425158965075547,0.7437198758125305,0,False,,,,
1766477199.087188,0.15482993255361377,1.2425158965075547,0.7437198758125305,0,False,,,,
1766477199.089838,0.7081324241567928,0.7695148102660382,0.0,0,False,,,,
1766477199.2556102,0.7081324241567928,0.7695148102660382,0.0,0,False,,,,
1766477199.261615,0.7081324241567928,0.7695148102660382,0.0,0,False,,,,
1766477199.264203,0.7081324241567928,0.7695148102660382,0.0,0,False,,,,
1766477199.267067,0.7081324241567928,0.7695148102660382,0.0,0,False,,,,
1766477199.269846,0.7081324241567928,0.7695148102660382,0.0,0,False,,,,
1766477199.426682,0.7081324241567928,0.7695148102660382,0.0,0,False,,,,
1766477199.4322429,0.7081324241567928,0.7695148102660382,0.0,0,False,,,,
1766477199.4349508,0.7081324241567928,0.7695148102660382,0.0,0,False,,,,
1766477199.438849,0.15161501692697685,1.2330766201774748,0.8036792576313019,0,False,,,,
1766477199.441298,0.7081324241567928,0.7695148102660382,0.0,0,False,,,,
1766477199.616268,0.7081324241567928,0.7695148102660382,0.0,0,False,,,,
1766477199.621658,0.7081324241567928,0.7695148102660382,0.0,0,False,,,,
1766477199.624426,0.7081324241567928,0.7695148102660382,0.0,0,False,,,,
1766477199.62694,0.7081324241567928,0.7695148102660382,0.0,0,False,,,,
1766477199.629032,0.7081324241567928,0.7695148102660382,0.0,0,False,,,,
1766477199.824018,0.7081324241567928,0.7695148102660382,0.0,0,False,,,,
1766477199.8296661,0.7081324241567928,0.7695148102660382,0.0,0,False,,,,
1766477199.8343549,0.7081324241567928,0.7695148102660382,0.0,0,False,,,,
1766477199.8374841,0.7081324241567928,0.7695148102660382,0.0,0,False,,,,
1766477199.840606,0.7081324241567928,0.7695148102660382,0.0,0,False,,,,
1766477200.039768,0.5072183623914375,0.8517648645118207,0.7899996042251587,0,False,,,,
1766477200.04679,0.7081324241567928,0.7695148102660382,0.0,0,False,,,,
1766477200.052901,0.7081324241567928,0.7695148102660382,0.0,0,False,,,,
1766477200.05551,0.7081324241567928,0.7695148102660382,0.0,0,False,,,,
1766477200.0578508,0.7081324241567928,0.7695148102660382,0.0,0,False,,,,
1766477200.44657,0.7081324241567928,0.7695148102660382,0.0,0,False,,,,
1766477200.4536362,0.7081324241567928,0.7695148102660382,0.0,0,False,,,,
1766477200.459239,0.7081324241567928,0.7695148102660382,0.0,0,False,,,,
1766477200.461845,0.7081324241567928,0.7695148102660382,0.0,0,False,,,,
1766477200.466739,0.7081324241567928,0.7695148102660382,0.0,0,False,,,,
1766477200.666979,0.7081324241567928,0.7695148102660382,0.0,0,False,,,,
1766477200.6723042,0.7081324241567928,0.7695148102660382,0.0,0,False,,,,
1766477200.675005,0.5578019104398515,0.8304141774027244,0.70427006483078,0,False,,,,
1766477200.677981,0.36967769708752557,0.8369199800249949,0.0,0,False,,,,
1766477200.681754,0.36967404325013,0.8369356328969947,0.0,0,False,,,,
1766477200.856063,0.36967404325013,0.8369356328969947,0.0,0,False,,,,
1766477200.8620842,0.36967404325013,0.8369356328969947,0.0,0,False,,,,
1766477200.864815,0.36967404325013,0.8369356328969947,0.0,0,False,,,,
1766477200.8676538,0.36967404325013,0.8369356328969947,0.0,0,False,,,,
1766477200.869859,0.7081324241567928,0.7695148102660382,0.0,0,False,,,,
1766477201.074569,0.7081324241567928,0.7695148102660382,0.0,0,False,,,,
1766477201.0795789,0.7081324241567928,0.7695148102660382,0.0,0,False,,,,
1766477201.0823739,0.7081324241567928,0.7695148102660382,0.0,0,False,,,,
1766477201.089053,0.7081324241567928,0.7695148102660382,0.0,0,False,,,,
1766477201.091732,0.7081324241567928,0.7695148102660382,0.0,0,False,,,,
1766477201.2897768,0.7081324241567928,0.7695148102660382,0.0,0,False,,,,
1766477201.295205,0.7081324241567928,0.7695148102660382,0.0,0,False,,,,
1766477201.297539,0.7081324241567928,0.7695148102660382,0.0,0,False,,,,
1766477201.299722,0.7081324241567928,0.7695148102660382,0.0,0,False,,,,
1766477201.302138,0.7081324241567928,0.7695148102660382,0.0,0,False,,,,
1766477201.499892,0.7081324241567928,0.7695148102660382,0.0,0,False,,,,
1766477201.505182,0.7081324241567928,0.7695148102660382,0.0,0,False,,,,
1766477201.5078459,0.7081324241567928,0.7695148102660382,0.0,0,False,,,,
1766477201.5222342,0.7081324241567928,0.7695148102660382,0.0,0,False,,,,
1766477201.527306,0.5157842633228069,0.8248570150511897,0.7419160604476929,0,False,,,,
1766477201.74578,0.5157842633228069,0.8248570150511897,0.7419160604476929,0,False,,,,
1766477201.750834,0.5155594181915489,0.824748237111741,0.7597947716712952,0,False,,,,
1766477201.754241,0.5155594181915489,0.824748237111741,0.7597947716712952,0,False,,,,
1766477201.76118,0.5155594181915489,0.824748237111741,0.7597947716712952,0,False,,,,
1766477201.764192,0.7081324241567928,0.7695148102660382,0.0,0,False,,,,
1766477201.9267142,0.7081324241567928,0.7695148102660382,0.0,0,False,,,,
1766477201.9323132,0.7081324241567928,0.7695148102660382,0.0,0,False,,,,
1766477201.934885,0.7081324241567928,0.7695148102660382,0.0,0,False,,,,
1766477201.9371421,0.7081324241567928,0.7695148102660382,0.0,0,False,,,,
1766477201.939459,0.7081324241567928,0.7695148102660382,0.0,0,False,,,,
1766477202.095126,0.7081324241567928,0.7695148102660382,0.0,0,False,,,,
1766477202.100517,0.7081324241567928,0.7695148102660382,0.0,0,False,,,,
1766477202.103269,0.7081324241567928,0.7695148102660382,0.0,0,False,,,,
1766477202.1057851,0.7081324241567928,0.7695148102660382,0.0,0,False,,,,
1766477202.108039,0.5378100531497426,0.819361107280532,0.7916036248207092,0,False,,,,
1766477202.264213,0.5378100531497426,0.819361107280532,0.7916036248207092,0,False,,,,
1766477202.269247,0.5378100531497426,0.819361107280532,0.7916036248207092,0,False,,,,
1766477202.2722502,0.5378100531497426,0.819361107280532,0.7916036248207092,0,False,,,,
1766477202.2745202,0.5378100531497426,0.819361107280532,0.7916036248207092,0,False,,,,
1766477202.2768042,0.3696989600807489,0.8368846112911088,0.0,0,False,,,,
1766477202.44012,0.3696989600807489,0.8368846112911088,0.0,0,False,,,,
1766477202.4458292,0.3696989600807489,0.8368846112911088,0.0,0,False,,,,
1766477202.450384,0.3696989600807489,0.8368846112911088,0.0,0,False,,,,
1766477202.4531178,0.551781334505494,0.8137721661494642,0.8276302814483643,0,False,,,,
1766477202.457042,0.7081324241567928,0.7695148102660382,0.0,0,False,,,,
1766477202.6057,0.7081324241567928,0.7695148102660382,0.0,0,False,,,,
1766477202.610912,0.7081324241567928,0.7695148102660382,0.0,0,False,,,,
1766477202.613324,0.7081324241567928,0.7695148102660382,0.0,0,False,,,,
1766477202.615544,0.7081324241567928,0.7695148102660382,0.0,0,False,,,,
1766477202.6181839,0.7081324241567928,0.7695148102660382,0.0,0,False,,,,
1766477202.829652,0.7081324241567928,0.7695148102660382,0.0,0,False,,,,
1766477202.835428,0.7081324241567928,0.7695148102660382,0.0,0,False,,,,
1766477202.838015,0.7081324241567928,0.7695148102660382,0.0,0,False,,,,
1766477202.840596,0.7081324241567928,0.7695148102660382,0.0,0,False,,,,
1766477202.845091,0.3696989600807489,0.8368846112911088,0.0,0,False,,,,
1766477203.2240589,0.7081324241567928,0.7695148102660382,0.0,0,False,,,,
1766477203.231989,0.3696989600807489,0.8368846112911088,0.0,0,False,,,,
1766477203.238454,0.3696989600807489,0.8368846112911088,0.0,0,False,,,,
1766477203.241236,0.3696989600807489,0.8368846112911088,0.0,0,False,,,,
1766477203.244041,0.7081324241567928,0.7695148102660382,0.0,1,False,,,,
1766477203.4857311,0.7081324241567928,0.7695148102660382,0.0,1,False,,,,
1766477203.4937532,0.7081324241567928,0.7695148102660382,0.0,1,False,,,,
1766477203.4968581,0.7081324241567928,0.7695148102660382,0.0,1,False,,,,
1766477203.500757,0.7081324241567928,0.7695148102660382,0.0,1,False,,,,
1766477203.507139,0.3695102730462212,0.8370942165821798,0.0,1,False,,,,
1766477203.769173,0.3695102730462212,0.8370942165821798,0.0,1,False,,,,
1766477203.77422,0.3695102730462212,0.8370942165821798,0.0,1,False,,,,
1766477203.777141,0.3695102730462212,0.8370942165821798,0.0,1,False,,,,
1766477203.7797818,0.3695102730462212,0.8370942165821798,0.0,1,False,,,,
1766477203.782309,0.3695102730462212,0.8370942165821798,0.0,1,False,,,,
1766477204.004065,0.3695102730462212,0.8370942165821798,0.0,1,False,,,,
1766477204.010575,0.3695102730462212,0.8370942165821798,0.0,1,False,,,,
1766477204.013484,0.3695102730462212,0.8370942165821798,0.0,1,False,,,,
1766477204.016213,0.3695102730462212,0.8370942165821798,0.0,1,False,,,,
1766477204.018731,0.3695102730462212,0.8370942165821798,0.0,1,False,,,,
1766477204.2633111,0.3695102730462212,0.8370942165821798,0.0,1,False,,,,
1766477204.2715552,0.3695102730462212,0.8370942165821798,0.0,1,False,,,,
1766477204.27741,0.3695102730462212,0.8370942165821798,0.0,1,False,,,,
1766477204.2823942,0.3695102730462212,0.8370942165821798,0.0,1,False,,,,
1766477204.2849941,0.6073269798137442,0.7776875531859934,0.15172416172825046,1,False,,,,
1766477204.575735,0.6073269798137442,0.7776875531859934,0.15172416172825046,1,False,,,,
1766477204.582449,0.6073269798137442,0.7776875531859934,0.15172416172825046,1,False,,,,
1766477204.585622,0.6073269798137442,0.7776875531859934,0.15172416172825046,1,False,,,,
1766477204.588295,0.6073269798137442,0.7776875531859934,0.15172416172825046,1,False,,,,
1766477204.590642,0.7081565066619115,0.7694668085689937,0.0,1,False,,,,
1766477204.828421,0.7081565066619115,0.7694668085689937,0.0,1,False,,,,
1766477204.8356721,0.3694860662407242,0.8371111362049561,0.0,1,False,,,,
1766477204.8387809,0.3694860662407242,0.8371111362049561,0.0,1,False,,,,
1766477204.8461812,0.3694860662407242,0.8371111362049561,0.0,1,False,,,,
1766477204.8492439,0.3694860662407242,0.8371111362049561,0.0,1,False,,,,
1766477205.2178519,0.3694860662407242,0.8371111362049561,0.0,1,False,,,,
1766477205.224125,0.3694860662407242,0.8371111362049561,0.0,1,False,,,,
1766477205.227048,0.3694860662407242,0.8371111362049561,0.0,1,False,,,,
1766477205.229465,0.3694860662407242,0.8371111362049561,0.0,1,False,,,,
1766477205.232082,0.2961557414751513,0.3115819131517912,0.7669036922160546,1,False,,,,
1766477205.5455759,0.2961557414751513,0.3115819131517912,0.7669036922160546,1,False,,,,
1766477205.553163,0.2961557414751513,0.3115819131517912,0.7669036922160546,1,False,,,,
1766477205.5565991,0.2961557414751513,0.3115819131517912,0.7669036922160546,1,False,,,,
1766477205.5591848,0.2961557414751513,0.3115819131517912,0.7669036922160546,1,False,,,,
1766477205.5622048,0.3727178048441025,0.31538587112179306,0.739346438618991,1,False,,,,
1766477205.77986,0.3727178048441025,0.31538587112179306,0.739346438618991,1,False,,,,
1766477205.7864351,0.3727178048441025,0.31538587112179306,0.739346438618991,1,False,,,,
1766477205.791925,0.3727178048441025,0.31538587112179306,0.739346438618991,1,False,,,,
1766477205.7945988,0.3727178048441025,0.31538587112179306,0.739346438618991,1,False,,,,
1766477205.797112,0.5499390142844574,0.32487041438773745,0.8301297724246979,1,False,,,,
1766477206.006233,0.698387004175643,0.8292707857671181,0.20258990560610907,1,False,,,,
1766477206.013515,0.698387004175643,0.8292707857671181,0.20258990560610907,1,False,,,,
1766477206.019714,0.698387004175643,0.8292707857671181,0.20258990560610907,1,False,,,,
1766477206.022898,0.698387004175643,0.8292707857671181,0.20258990560610907,1,False,,,,
1766477206.0259478,-0.3565123111072587,-0.4581070585569522,0.8104284703731537,1,False,,,,
1766477206.3116539,-0.3565123111072587,-0.4581070585569522,0.8104284703731537,1,False,,,,
1766477206.319065,-0.3565123111072587,-0.4581070585569522,0.8104284703731537,1,False,,,,
1766477206.325401,-0.3565123111072587,-0.4581070585569522,0.8104284703731537,1,False,,,,
1766477206.328776,-0.3565123111072587,-0.4581070585569522,0.8104284703731537,1,False,,,,
1766477206.334194,0.5179866312815257,0.5023068816611448,0.8452634811401367,1,False,,,,
1766477206.5452611,0.24876993742697534,-0.4263394734023356,0.7730152272608777,1,False,,,,
1766477206.551976,0.24876993742697534,-0.4263394734023356,0.7730152272608777,1,False,,,,
1766477206.5583842,0.24876993742697534,-0.4263394734023356,0.7730152272608777,1,False,,,,
1766477206.561481,0.24876993742697534,-0.4263394734023356,0.7730152272608777,1,False,,,,
1766477206.56447,0.19711737971434568,1.6357134270185598,0.7475816607475281,1,False,,,,
1766477206.797534,0.19711737971434568,1.6357134270185598,0.7475816607475281,1,False,,,,
1766477206.804298,0.19711737971434568,1.6357134270185598,0.7475816607475281,1,False,,,,
1766477206.807349,0.19118195969559873,1.6413787529611095,0.7699275314807892,1,False,,,,
1766477206.810095,-0.008788430200483078,0.9077240351895338,0.8127430975437164,1,False,,,,
1766477206.8127959,0.023083723884386932,0.5039851818097291,0.8162218332290649,1,False,,,,
1766477207.792535,0.023083723884386932,0.5039851818097291,0.8162218332290649,1,False,,,,
1766477207.7982678,0.023083723884386932,0.5039851818097291,0.8162218332290649,1,False,,,,
1766477207.80096,0.023083723884386932,0.5039851818097291,0.8162218332290649,1,False,,,,
1766477207.8034549,0.023083723884386932,0.5039851818097291,0.8162218332290649,1,False,,,,
1766477207.8067148,-0.03799462424009246,0.3850235378352598,0.8481146693229675,2,False,,,,
1766477208.097924,-0.03799462424009246,0.3850235378352598,0.8481146693229675,2,False,,,,
1766477208.104172,-0.03799462424009246,0.3850235378352598,0.8481146693229675,2,False,,,,
1766477208.107136,-0.03799462424009246,0.3850235378352598,0.8481146693229675,2,False,,,,
1766477208.1096241,-0.03799462424009246,0.3850235378352598,0.8481146693229675,2,False,,,,
1766477208.112916,0.03892544700765761,0.3751378206968887,0.7935960135216467,1,False,,,,
1766477208.3273852,0.03892544700765761,0.3751378206968887,0.7935960135216467,1,False,,,,
1766477208.3338208,0.03892544700765761,0.3751378206968887,0.7935960135216467,1,False,,,,
1766477208.337179,0.03892544700765761,0.3751378206968887,0.7935960135216467,1,False,,,,
1766477208.342649,0.03892544700765761,0.3751378206968887,0.7935960135216467,1,False,,,,
1766477208.345214,-0.23224403121042086,0.5272912221676458,0.8067675232887268,1,False,,,,
1766477208.661012,-0.22322465541569986,0.537311557535904,0.8696094155311584,1,False,,,,
1766477208.668128,-0.22322465541569986,0.537311557535904,0.8696094155311584,1,False,,,,
1766477208.674216,-0.22322465541569986,0.537311557535904,0.8696094155311584,1,False,,,,
1766477208.6771798,-0.22322465541569986,0.537311557535904,0.8696094155311584,1,False,,,,
1766477208.679811,0.056863563777147255,0.45575529982175,0.819392055273056,2,False,,,,
1766477209.126752,0.02688992424578913,0.43299046418865683,0.9109912216663361,2,False,,,,
1766477209.134686,0.02688992424578913,0.43299046418865683,0.9109912216663361,2,False,,,,
1766477209.140661,0.02688992424578913,0.43299046418865683,0.9109912216663361,2,False,,,,
1766477209.1435,0.02688992424578913,0.43299046418865683,0.9109912216663361,2,False,,,,
1766477209.146395,0.0006936597315895021,0.4783602701408296,0.8262654840946198,2,False,,,,
1766477209.5381389,0.0006936597315895021,0.4783602701408296,0.8262654840946198,2,False,,,,
1766477209.5445719,0.0006936597315895021,0.4783602701408296,0.8262654840946198,2,False,,,,
1766477209.5476322,0.0006936597315895021,0.4783602701408296,0.8262654840946198,2,False,,,,
1766477209.5503428,0.0006936597315895021,0.4783602701408296,0.8262654840946198,2,False,,,,
1766477209.5529118,-0.007987728752873213,0.49584187217940556,0.8709392547607422,2,False,,,,
1766477209.873419,-0.007987728752873213,0.49584187217940556,0.8709392547607422,2,False,,,,
1766477209.879979,-0.007987728752873213,0.49584187217940556,0.8709392547607422,2,False,,,,
1766477209.882887,-0.007987728752873213,0.49584187217940556,0.8709392547607422,2,False,,,,
1766477209.885463,-0.007987728752873213,0.49584187217940556,0.8709392547607422,2,False,,,,
1766477209.887994,0.033198527029699054,0.323148826269653,0.8691642880439758,2,False,,,,
1766477210.218085,0.033198527029699054,0.323148826269653,0.8691642880439758,2,False,,,,
1766477210.225766,0.03280703843828876,0.325555561460642,0.8537376821041107,2,False,,,,
1766477210.231937,0.03280703843828876,0.325555561460642,0.8537376821041107,2,False,,,,
1766477210.239371,0.03280703843828876,0.325555561460642,0.8537376821041107,2,False,,,,
1766477210.242444,0.3679007425262422,0.8393369355045394,0.0,2,False,,,,
1766477210.55103,0.3679007425262422,0.8393369355045394,0.0,2,False,,,,
1766477210.5588422,0.7081523986852277,0.7694877286521218,0.0,2,False,,,,
1766477210.5615292,0.3679007425262422,0.8393369355045394,0.0,2,False,,,,
1766477210.5654569,0.3679007425262422,0.8393369355045394,0.0,2,False,,,,
1766477210.572493,0.36793397896297797,0.8393653836080334,0.0,1,False,,,,
1766477210.8297641,0.5658109803361173,1.0967590558867155,0.7435210943222046,1,False,,,,
1766477210.837715,0.5658109803361173,1.0967590558867155,0.7435210943222046,1,False,,,,
1766477210.843231,0.5658109803361173,1.0967590558867155,0.7435210943222046,1,False,,,,
1766477210.846099,0.5658109803361173,1.0967590558867155,0.7435210943222046,1,False,,,,
1766477210.851089,0.36793397896297797,0.8393653836080334,0.0,0,False,,,,
1766477211.03835,0.36793397896297797,0.8393653836080334,0.0,0,False,,,,
1766477211.045973,0.36793397896297797,0.8393653836080334,0.0,0,False,,,,
1766477211.0514581,0.36793397896297797,0.8393653836080334,0.0,0,False,,,,
1766477211.054029,0.36793397896297797,0.8393653836080334,0.0,0,False,,,,
1766477211.05649,0.7081825522430911,0.7697644346262483,0.0,0,False,,,,
1766477211.225916,0.7081825522430911,0.7697644346262483,0.0,0,False,,,,
1766477211.2332318,0.5676159638877912,0.8088979421445744,0.9610034227371216,0,False,,,,
1766477211.236125,0.5676159638877912,0.8088979421445744,0.9610034227371216,0,False,,,,
1766477211.239661,0.5676159638877912,0.8088979421445744,0.9610034227371216,0,False,,,,
1766477211.245604,0.46732813893856084,1.6256642115716564,0.8240506649017334,0,False,,,,
1766477211.4105349,0.46732813893856084,1.6256642115716564,0.8240506649017334,0,False,,,,
1766477211.4154282,0.46732813893856084,1.6256642115716564,0.8240506649017334,0,False,,,,
1766477211.418093,0.46732813893856084,1.6256642115716564,0.8240506649017334,0,False,,,,
1766477211.420644,0.46732813893856084,1.6256642115716564,0.8240506649017334,0,False,,,,
1766477211.4232519,0.5749427313193092,0.8076010985139527,0.9339001774787903,0,False,,,,
1766477211.6089852,0.5749427313193092,0.8076010985139527,0.9339001774787903,0,False,,,,
1766477211.614451,0.5749427313193092,0.8076010985139527,0.9339001774787903,0,False,,,,
1766477211.6169531,0.5749427313193092,0.8076010985139527,0.9339001774787903,0,False,,,,
1766477211.6191528,0.5749427313193092,0.8076010985139527,0.9339001774787903,0,False,,,,
1766477211.6215522,-0.06223280666335205,0.5262790016040825,0.9470541179180145,1,False,,,,
1766477211.8476522,-0.06223280666335205,0.5262790016040825,0.9470541179180145,1,False,,,,
1766477211.854883,-0.06223280666335205,0.5262790016040825,0.9470541179180145,1,False,,,,
1766477211.857928,-0.06223280666335205,0.5262790016040825,0.9470541179180145,1,False,,,,
1766477211.86306,-0.06223280666335205,0.5262790016040825,0.9470541179180145,1,False,,,,
1766477211.865876,0.1124486493937702,-0.0882124663209134,0.8784892857074738,1,False,,,,
1766477212.1076071,0.13487499722510635,-0.14310435327348148,0.9885134994983673,1,False,,,,
1766477212.11485,0.13487499722510635,-0.14310435327348148,0.9885134994983673,1,False,,,,
1766477212.1227782,0.13487499722510635,-0.14310435327348148,0.9885134994983673,1,False,,,,
1766477212.1254761,0.13487499722510635,-0.14310435327348148,0.9885134994983673,1,False,,,,
1766477212.128004,0.05988650732988523,0.3272598726702065,0.8677173554897308,1,False,,,,
1766477212.387124,0.05988650732988523,0.3272598726702065,0.8677173554897308,1,False,,,,
1766477212.3938339,0.05988650732988523,0.3272598726702065,0.8677173554897308,1,False,,,,
1766477212.397397,0.05988650732988523,0.3272598726702065,0.8677173554897308,1,False,,,,
1766477212.400449,0.05988650732988523,0.3272598726702065,0.8677173554897308,1,False,,,,
1766477212.40341,0.010679382397950831,0.45230989818913725,0.8525281846523285,2,False,,,,
1766477212.9163961,0.009636464368689169,0.45803472362352515,0.8651394844055176,2,False,,,,
1766477212.923712,0.009636464368689169,0.45803472362352515,0.8651394844055176,2,False,,,,
1766477212.926537,0.009636464368689169,0.45803472362352515,0.8651394844055176,2,False,,,,
1766477212.9292102,0.009636464368689169,0.45803472362352515,0.8651394844055176,2,False,,,,
1766477212.932029,0.006071540946682141,0.46276005937398157,0.8153478801250458,1,False,,,,
1766477213.229059,0.006071540946682141,0.46276005937398157,0.8153478801250458,1,False,,,,
1766477213.235358,0.006071540946682141,0.46276005937398157,0.8153478801250458,1,False,,,,
1766477213.238537,0.006071540946682141,0.46276005937398157,0.8153478801250458,1,False,,,,
1766477213.241302,0.5196538912362949,1.0156665694181783,0.8862029910087585,1,False,,,,
1766477213.244311,0.005650544490010123,0.469271128170226,0.8457508385181427,2,False,,,,
1766477213.7277608,0.005650544490010123,0.469271128170226,0.8457508385181427,2,False,,,,
1766477213.7348638,0.005650544490010123,0.469271128170226,0.8457508385181427,2,False,,,,
1766477213.7403579,0.005650544490010123,0.469271128170226,0.8457508385181427,2,False,,,,
1766477213.7434409,0.0050944045886648585,0.4679872982811828,0.8215356767177582,2,False,,,,
1766477213.746691,0.3638372290975454,0.843039659803249,0.0,2,False,,,,
1766477214.140919,0.3638372290975454,0.843039659803249,0.0,2,False,,,,
1766477214.14905,0.7080269219077018,0.7700865394810743,0.0,2,False,,,,
1766477214.1518679,0.7080269219077018,0.7700865394810743,0.0,2,False,,,,
1766477214.155179,0.7080269219077018,0.7700865394810743,0.0,2,False,,,,
1766477214.161828,0.3638372290975454,0.843039659803249,0.0,0,False,,,,
1766477214.32595,0.3638372290975454,0.843039659803249,0.0,0,False,,,,
1766477214.332439,0.3638372290975454,0.843039659803249,0.0,0,False,,,,
1766477214.335635,0.3638372290975454,0.843039659803249,0.0,0,False,,,,
1766477214.337891,0.3638372290975454,0.843039659803249,0.0,0,False,,,,
1766477214.342913,0.7080269219077018,0.7700865394810743,0.0,0,False,,,,
1766477214.5047748,0.7080269219077018,0.7700865394810743,0.0,0,False,,,,
1766477214.511935,0.7080269219077018,0.7700865394810743,0.0,0,False,,,,
1766477214.514703,0.7080269219077018,0.7700865394810743,0.0,0,False,,,,
1766477214.517545,0.3789489817736348,0.9967155719794334,0.8657662868499756,0,False,,,,
1766477214.521055,0.7080269219077018,0.7700865394810743,0.0,0,False,,,,
1766477214.689141,0.5499983659612973,0.8188053018619749,0.8860381841659546,0,False,,,,
1766477214.696921,0.5499983659612973,0.8188053018619749,0.8860381841659546,0,False,,,,
1766477214.702107,0.5499983659612973,0.8188053018619749,0.8860381841659546,0,False,,,,
1766477214.7047,0.5499983659612973,0.8188053018619749,0.8860381841659546,0,False,,,,
1766477214.707018,0.5646022053287855,0.8106582814574338,0.8736997842788696,0,False,,,,
1766477214.903192,0.5646022053287855,0.8106582814574338,0.8736997842788696,0,False,,,,
1766477214.9080892,0.5646022053287855,0.8106582814574338,0.8736997842788696,0,False,,,,
1766477214.910553,0.5646022053287855,0.8106582814574338,0.8736997842788696,0,False,,,,
1766477214.912809,0.5646022053287855,0.8106582814574338,0.8736997842788696,0,False,,,,
1766477214.916041,0.7080269219077018,0.7700865394810743,0.0,0,False,,,,
1766477215.092741,0.7080269219077018,0.7700865394810743,0.0,0,False,,,,
1766477215.09855,0.7080269219077018,0.7700865394810743,0.0,0,False,,,,
1766477215.1013498,0.7080269219077018,0.7700865394810743,0.0,0,False,,,,
1766477215.1038132,0.7080269219077018,0.7700865394810743,0.0,0,False,,,,
1766477215.1061199,0.5553456457687591,0.8171873595989335,0.9182577729225159,0,False,,,,
1766477215.263564,0.5553456457687591,0.8171873595989335,0.9182577729225159,0,False,,,,
1766477215.268587,0.5553456457687591,0.8171873595989335,0.9182577729225159,0,False,,,,
1766477215.2715762,0.5553456457687591,0.8171873595989335,0.9182577729225159,0,False,,,,
1766477215.276393,0.5553456457687591,0.8171873595989335,0.9182577729225159,0,False,,,,
1766477215.279205,0.550427763909821,0.821227676257732,0.8988520503044128,0,False,,,,
1766477215.4495401,0.550427763909821,0.821227676257732,0.8988520503044128,0,False,,,,
1766477215.455717,0.3640329987577762,0.8427572108169711,0.0,0,False,,,,
1766477215.460106,0.3640329987577762,0.8427572108169711,0.0,0,False,,,,
1766477215.465909,0.3640329987577762,0.8427572108169711,0.0,0,False,,,,
1766477215.468708,0.5309470382416899,0.8329965709981733,0.8887822031974792,0,False,,,,
1766477215.753588,0.5309470382416899,0.8329965709981733,0.8887822031974792,0,False,,,,
1766477215.7602508,0.7080269219077018,0.7700865394810743,0.0,0,False,,,,
1766477215.764949,0.7080269219077018,0.7700865394810743,0.0,0,False,,,,
1766477215.7705479,0.7080269219077018,0.7700865394810743,0.0,0,False,,,,
1766477215.773001,0.7080269219077018,0.7700865394810743,0.0,0,False,,,,
1766477215.9757938,0.7080269219077018,0.7700865394810743,0.0,0,False,,,,
1766477215.9815218,0.7080269219077018,0.7700865394810743,0.0,0,False,,,,
1766477215.984427,0.7080269219077018,0.7700865394810743,0.0,0,False,,,,
1766477215.987028,0.7080269219077018,0.7700865394810743,0.0,0,False,,,,
1766477215.990218,0.7080269219077018,0.7700865394810743,0.0,0,False,,,,
1766477216.189908,0.7080269219077018,0.7700865394810743,0.0,0,False,,,,
1766477216.1968489,0.7080269219077018,0.7700865394810743,0.0,0,False,,,,
1766477216.200725,0.7080269219077018,0.7700865394810743,0.0,0,False,,,,
1766477216.206513,0.7080269219077018,0.7700865394810743,0.0,0,False,,,,
1766477216.209161,0.7080269219077018,0.7700865394810743,0.0,0,False,,,,
1766477216.533153,0.7080269219077018,0.7700865394810743,0.0,0,False,,,,
1766477216.5386949,0.7080269219077018,0.7700865394810743,0.0,0,False,,,,
1766477216.543349,0.7080269219077018,0.7700865394810743,0.0,0,False,,,,
1766477216.546004,0.7080269219077018,0.7700865394810743,0.0,0,False,,,,
1766477216.548335,0.5671486174219158,0.8156822039246199,0.8929306864738464,0,False,,,,
1766477216.72388,0.5671486174219158,0.8156822039246199,0.8929306864738464,0,False,,,,
1766477216.7304509,0.7080269219077018,0.7700865394810743,0.0,0,False,,,,
1766477216.7337532,0.7080269219077018,0.7700865394810743,0.0,0,False,,,,
1766477216.740134,0.7080269219077018,0.7700865394810743,0.0,0,False,,,,
1766477216.7426271,0.5831988334135946,0.809605346115766,0.856662929058075,0,False,,,,
1766477216.940033,0.5831988334135946,0.809605346115766,0.856662929058075,0,False,,,,
1766477216.9455302,0.5831988334135946,0.809605346115766,0.856662929058075,0,False,,,,
1766477216.948114,0.5831988334135946,0.809605346115766,0.856662929058075,0,False,,,,
1766477216.950549,0.5831988334135946,0.809605346115766,0.856662929058075,0,False,,,,
1766477216.9551082,0.6012275125397214,0.8068401400403244,0.8744215369224548,0,False,,,,
1766477217.1021702,0.6012275125397214,0.8068401400403244,0.8744215369224548,0,False,,,,
1766477217.108803,0.6012275125397214,0.8068401400403244,0.8744215369224548,0,False,,,,
1766477217.112104,0.6012275125397214,0.8068401400403244,0.8744215369224548,0,False,,,,
1766477217.11444,0.6012275125397214,0.8068401400403244,0.8744215369224548,0,False,,,,
1766477217.116637,0.7080269219077018,0.7700865394810743,0.0,0,False,,,,
1766477217.2718022,0.7080269219077018,0.7700865394810743,0.0,0,False,,,,
1766477217.277455,0.7080269219077018,0.7700865394810743,0.0,0,False,,,,
1766477217.2831192,0.7080269219077018,0.7700865394810743,0.0,0,False,,,,
1766477217.2857852,0.7080269219077018,0.7700865394810743,0.0,0,False,,,,
1766477217.288239,0.7080269219077018,0.7700865394810743,0.0,0,False,,,,
1766477217.442576,0.7080269219077018,0.7700865394810743,0.0,0,False,,,,
1766477217.4473312,0.7080269219077018,0.7700865394810743,0.0,0,False,,,,
1766477217.449984,0.7080269219077018,0.7700865394810743,0.0,0,False,,,,
1766477217.452466,0.7080269219077018,0.7700865394810743,0.0,0,False,,,,
1766477217.4547899,0.36403310642912035,0.8427251441279957,0.0,0,False,,,,
1766477217.8894541,0.36403310642912035,0.8427251441279957,0.0,0,False,,,,
1766477217.8954592,0.36403310642912035,0.8427251441279957,0.0,0,False,,,,
1766477217.8981209,0.36403310642912035,0.8427251441279957,0.0,0,False,,,,
1766477217.900863,0.36403310642912035,0.8427251441279957,0.0,0,False,,,,
1766477217.903692,0.36403310642912035,0.8427251441279957,0.0,0,False,,,,
1766477218.116288,0.36403310642912035,0.8427251441279957,0.0,0,False,,,,
1766477218.1219578,0.36403310642912035,0.8427251441279957,0.0,0,False,,,,
1766477218.124944,0.36403310642912035,0.8427251441279957,0.0,0,False,,,,
1766477218.130104,0.36403310642912035,0.8427251441279957,0.0,0,False,,,,
1766477218.132724,0.5685330752687938,1.194828871508101,0.18215615268319793,0,False,,,,
1766477218.346805,0.5685330752687938,1.194828871508101,0.18215615268319793,0,False,,,,
1766477218.352289,0.5685330752687938,1.194828871508101,0.18215615268319793,0,False,,,,
1766477218.355274,0.5685330752687938,1.194828871508101,0.18215615268319793,0,False,,,,
1766477218.35763,0.5685330752687938,1.194828871508101,0.18215615268319793,0,False,,,,
1766477218.3599901,0.36403310642912035,0.8427251441279957,0.0,0,False,,,,
1766477218.5361652,0.36403310642912035,0.8427251441279957,0.0,0,False,,,,
1766477218.543187,0.36403310642912035,0.8427251441279957,0.0,0,False,,,,
1766477218.5490692,0.36403310642912035,0.8427251441279957,0.0,0,False,,,,
1766477218.551574,0.36403310642912035,0.8427251441279957,0.0,0,False,,,,
1766477218.554359,0.36403310642912035,0.8427251441279957,0.0,0,False,,,,
1766477218.746222,0.36403310642912035,0.8427251441279957,0.0,0,False,,,,
1766477218.752175,0.36403310642912035,0.8427251441279957,0.0,0,False,,,,
1766477218.755234,0.36403310642912035,0.8427251441279957,0.0,0,False,,,,
1766477218.757653,0.36403310642912035,0.8427251441279957,0.0,0,False,,,,
1766477218.7598798,0.36403310642912035,0.8427251441279957,0.0,0,False,,,,
1766477218.9679182,0.36403310642912035,0.8427251441279957,0.0,0,False,,,,
1766477218.9735548,0.6627013088507726,1.1427762292206702,0.28206035932110163,0,False,,,,
1766477218.97697,0.6627013088507726,1.1427762292206702,0.28206035932110163,0,False,,,,
1766477218.9805381,0.6627013088507726,1.1427762292206702,0.28206035932110163,0,False,,,,
1766477218.985974,0.36403310642912035,0.8427251441279957,0.0,0,False,,,,
1766477219.200146,0.36403310642912035,0.8427251441279957,0.0,0,False,,,,
1766477219.20539,0.36403310642912035,0.8427251441279957,0.0,0,False,,,,
1766477219.211475,0.7081767085262319,0.7704089358895574,0.0,0,False,,,,
1766477219.2151492,0.7081767085262319,0.7704089358895574,0.0,0,False,,,,
1766477219.221442,0.7081767085262319,0.7704089358895574,0.0,0,False,,,,
1766477219.423528,0.7081767085262319,0.7704089358895574,0.0,0,False,,,,
1766477219.429142,0.7081767085262319,0.7704089358895574,0.0,0,False,,,,
1766477219.431911,0.7081767085262319,0.7704089358895574,0.0,0,False,,,,
1766477219.434528,0.7081767085262319,0.7704089358895574,0.0,0,False,,,,
1766477219.4366348,0.5194558205852421,0.8647537252172289,0.7776243090629578,0,False,,,,
1766477219.617918,0.5194558205852421,0.8647537252172289,0.7776243090629578,0,False,,,,
1766477219.623721,0.5194558205852421,0.8647537252172289,0.7776243090629578,0,False,,,,
1766477219.626522,0.5194558205852421,0.8647537252172289,0.7776243090629578,0,False,,,,
1766477219.6291358,0.5194558205852421,0.8647537252172289,0.7776243090629578,0,False,,,,
1766477219.633755,0.21919376290563472,0.01223281612041971,0.8707743287086487,0,False,,,,
1766477221.101541,0.21919376290563472,0.01223281612041971,0.8707743287086487,0,False,,,,
1766477221.10944,0.21919376290563472,0.01223281612041971,0.8707743287086487,0,False,,,,
1766477221.111906,0.21919376290563472,0.01223281612041971,0.8707743287086487,0,False,,,,
1766477221.114302,0.21919376290563472,0.01223281612041971,0.8707743287086487,0,False,,,,
1766477221.117024,-0.08568863241264033,0.1973863952915298,0.7415395975112915,1,False,,,,
1766477221.358329,-0.08994661371016077,0.20337254521221815,0.7701047658920288,1,False,,,,
1766477221.366009,-0.08994661371016077,0.20337254521221815,0.7701047658920288,1,False,,,,
1766477221.372043,-0.08994661371016077,0.20337254521221815,0.7701047658920288,1,False,,,,
1766477221.374707,-0.08994661371016077,0.20337254521221815,0.7701047658920288,1,False,,,,
1766477221.377738,0.7081767085262319,0.7704089358895574,0.0,2,False,,,,
1766477221.6393511,0.7081767085262319,0.7704089358895574,0.0,2,False,,,,
1766477221.644543,0.7081767085262319,0.7704089358895574,0.0,2,False,,,,
1766477221.647522,0.7081767085262319,0.7704089358895574,0.0,2,False,,,,
1766477221.650275,0.7081767085262319,0.7704089358895574,0.0,2,False,,,,
1766477221.6530728,-0.045065530297179544,0.5531905517686312,0.8898103535175323,1,False,,,,
1766477221.93521,-0.045065530297179544,0.5531905517686312,0.8898103535175323,1,False,,,,
1766477221.941828,-0.045065530297179544,0.5531905517686312,0.8898103535175323,1,False,,,,
1766477221.9447958,-0.045065530297179544,0.5531905517686312,0.8898103535175323,1,False,,,,
1766477221.947289,-0.045065530297179544,0.5531905517686312,0.8898103535175323,1,False,,,,
1766477221.949696,-0.06067507341520741,0.6256997566137741,0.903377115726471,1,False,,,,
1766477222.3496351,-0.06067507341520741,0.6256997566137741,0.903377115726471,1,False,,,,
1766477222.356519,-0.06082166112052869,0.6194237556456915,0.882442057132721,1,False,,,,
1766477222.359488,-0.0606935753936801,0.6199398135811219,0.906940221786499,1,False,,,,
1766477222.3649678,-0.0606935753936801,0.6199398135811219,0.906940221786499,1,False,,,,
1766477222.37147,-0.011149874670563076,0.5845537110046627,0.9129506424297908,2,False,,,,
1766477222.743454,-0.011149874670563076,0.5845537110046627,0.9129506424297908,2,False,,,,
1766477222.7493918,-0.011149874670563076,0.5845537110046627,0.9129506424297908,2,False,,,,
1766477222.7524521,-0.011149874670563076,0.5845537110046627,0.9129506424297908,2,False,,,,
1766477222.7548249,-0.011149874670563076,0.5845537110046627,0.9129506424297908,2,False,,,,
1766477222.757587,-0.003387078972267421,0.6002710675477023,0.8043552339076996,1,False,,,,
1766477223.054768,-0.003387078972267421,0.6002710675477023,0.8043552339076996,1,False,,,,
1766477223.0614321,-0.008994061428498146,0.5910294400598886,0.8843277096748352,1,False,,,,
1766477223.064757,-0.008994061428498146,0.5910294400598886,0.8843277096748352,1,False,,,,
1766477223.067808,-0.008994061428498146,0.5910294400598886,0.8843277096748352,1,False,,,,
1766477223.074701,-0.00789966542237428,0.5688985008243252,0.9036756157875061,1,False,,,,
1766477223.3219788,-0.00789966542237428,0.5688985008243252,0.9036756157875061,1,False,,,,
1766477223.328768,-0.0072620639441812965,0.5070399720568639,0.8956201374530792,1,False,,,,
1766477223.331756,-0.007491989211867001,0.5068207585444607,0.8563838005065918,1,False,,,,
1766477223.334694,-0.007491989211867001,0.5068207585444607,0.8563838005065918,1,False,,,,
1766477223.3415658,-0.04956186061701242,0.6403142744880572,0.827732652425766,1,False,,,,
1766477223.574271,-0.04956186061701242,0.6403142744880572,0.827732652425766,1,False,,,,
1766477223.580965,-0.04956186061701242,0.6403142744880572,0.827732652425766,1,False,,,,
1766477223.583914,-0.04956186061701242,0.6403142744880572,0.827732652425766,1,False,,,,
1766477223.586495,-0.04956186061701242,0.6403142744880572,0.827732652425766,1,False,,,,
1766477223.589153,-0.4557228210378871,-0.026216891208521664,0.8843778371810913,1,False,,,,
1766477223.8292449,-0.4557228210378871,-0.026216891208521664,0.8843778371810913,1,False,,,,
1766477223.835989,-0.4266494154117839,-0.02161096843022725,0.8775773048400879,1,False,,,,
1766477223.841558,-0.4266494154117839,-0.02161096843022725,0.8775773048400879,1,False,,,,
1766477223.848136,-0.4266494154117839,-0.02161096843022725,0.8775773048400879,1,False,,,,
1766477223.8512409,0.5241341140811449,0.7186648813996762,0.9334385042804837,2,False,,,,
1766477224.2364821,0.7081731967767423,0.7705536659669528,0.0,2,False,,,,
1766477224.2454798,0.7081731967767423,0.7705536659669528,0.0,2,False,,,,
1766477224.2514591,0.7081731967767423,0.7705536659669528,0.0,2,False,,,,
1766477224.2543628,0.7081731967767423,0.7705536659669528,0.0,2,False,,,,
1766477224.257432,0.36638208612110745,0.8391091603342663,0.0,1,False,,,,
1766477224.6868968,0.36638208612110745,0.8391091603342663,0.0,1,False,,,,
1766477224.6945229,0.36638208612110745,0.8391091603342663,0.0,1,False,,,,
1766477224.6979089,0.36638208612110745,0.8391091603342663,0.0,1,False,,,,
1766477224.700638,0.36638208612110745,0.8391091603342663,0.0,1,False,,,,
1766477224.705848,-0.016445441185738652,0.3660078101894524,0.9194119572639465,1,False,,,,
1766477224.994522,-0.016445441185738652,0.3660078101894524,0.9194119572639465,1,False,,,,
1766477225.001594,-0.016445441185738652,0.3660078101894524,0.9194119572639465,1,False,,,,
1766477225.00494,0.0019835073033291017,0.29905236113571176,0.8042414784431458,1,False,,,,
1766477225.008895,0.0019835073033291017,0.29905236113571176,0.8042414784431458,1,False,,,,
1766477225.013029,-0.05162099517537966,0.5899513376839123,0.8780125081539154,2,False,,,,
1766477225.313466,0.7081731967767423,0.7705536659669528,0.0,2,False,,,,
1766477225.3200011,0.7081731967767423,0.7705536659669528,0.0,2,False,,,,
1766477225.3233988,0.7081731967767423,0.7705536659669528,0.0,2,False,,,,
1766477225.326514,0.7081731967767423,0.7705536659669528,0.0,2,False,,,,
1766477225.3295019,-0.07723350550626522,0.6598861442876987,0.7819520533084869,1,False,,,,
1766477225.71298,0.49250300307319883,0.5310744722432176,0.8392242789268494,1,True,0.4627663493156433,0.5019121170043945,0.10003795474767685,0.1951780468225479
1766477225.7188559,0.49250300307319883,0.5310744722432176,0.8392242789268494,1,True,0.4627663493156433,0.5019121170043945,0.10003795474767685,0.1951780468225479
1766477225.725218,0.49250300307319883,0.5310744722432176,0.8392242789268494,1,True,0.4627663493156433,0.5019121170043945,0.10003795474767685,0.1951780468225479
1766477225.727971,0.49250300307319883,0.5310744722432176,0.8392242789268494,1,True,0.4627663493156433,0.5019121170043945,0.10003795474767685,0.1951780468225479
1766477225.73053,-0.021004041612500312,0.780828434481981,0.7471182205881055,2,False,,,,
1766477226.118314,-0.021004041612500312,0.780828434481981,0.7471182205881055,2,False,,,,
1766477226.125269,-0.021004041612500312,0.780828434481981,0.7471182205881055,2,False,,,,
1766477226.12816,-0.021004041612500312,0.780828434481981,0.7471182205881055,2,False,,,,
1766477226.130893,-0.021004041612500312,0.780828434481981,0.7471182205881055,2,False,,,,
1766477226.133476,0.7081731967767423,0.7705536659669528,0.0,2,False,,,,
1766477226.474027,0.7081731967767423,0.7705536659669528,0.0,2,False,,,,
1766477226.4807968,0.7081731967767423,0.7705536659669528,0.0,2,False,,,,
1766477226.48419,0.7081731967767423,0.7705536659669528,0.0,2,False,,,,
1766477226.490538,0.7081731967767423,0.7705536659669528,0.0,2,False,,,,
1766477226.497091,0.7081731967767423,0.7705536659669528,0.0,2,False,,,,
1766477226.8400059,0.7081731967767423,0.7705536659669528,0.0,2,False,,,,
1766477226.846755,0.7081731967767423,0.7705536659669528,0.0,2,False,,,,
1766477226.849903,-0.002242704933363715,0.5708666643071347,0.7347269058227539,2,False,,,,
1766477226.85273,-0.002242704933363715,0.5708666643071347,0.7347269058227539,2,False,,,,
1766477226.857045,0.033561774292133785,0.24265055953404335,0.7921026349067688,2,False,,,,
1766477227.1475892,0.031170662562800454,0.24202715781739814,0.8092444837093353,2,False,,,,
1766477227.1562428,0.03675419020759305,0.23544015909235405,0.8232428431510925,2,False,,,,
1766477227.163522,0.03675419020759305,0.23544015909235405,0.8232428431510925,2,False,,,,
1766477227.1665149,0.03675419020759305,0.23544015909235405,0.8232428431510925,2,False,,,,
1766477227.169285,0.07082211689372304,0.44211325481565833,0.754366010427475,2,False,,,,
1766477227.443754,0.07082211689372304,0.44211325481565833,0.754366010427475,2,False,,,,
1766477227.450869,0.07082211689372304,0.44211325481565833,0.754366010427475,2,False,,,,
1766477227.455426,0.7081731967767423,0.7705536659669528,0.0,2,False,,,,
1766477227.458765,0.7081731967767423,0.7705536659669528,0.0,2,False,,,,
1766477227.462986,0.3628578479062991,0.8444599426391325,0.0,2,False,,,,
1766477227.843461,0.3628578479062991,0.8444599426391325,0.0,2,False,,,,
1766477227.8499799,0.3628578479062991,0.8444599426391325,0.0,2,False,,,,
1766477227.854317,0.3628578479062991,0.8444599426391325,0.0,2,False,,,,
1766477227.857409,0.3628578479062991,0.8444599426391325,0.0,2,False,,,,
1766477227.860806,0.3628578479062991,0.8444599426391325,0.0,2,False,,,,
1766477228.170909,0.3628578479062991,0.8444599426391325,0.0,2,False,,,,
1766477228.177644,0.3628578479062991,0.8444599426391325,0.0,2,False,,,,
1766477228.183542,0.3628578479062991,0.8444599426391325,0.0,2,False,,,,
1766477228.1863081,0.3628578479062991,0.8444599426391325,0.0,2,False,,,,
1766477228.190036,-0.002778251275595167,0.4743904766502436,0.8410094678401947,2,False,,,,
1766477228.4527218,-0.002778251275595167,0.4743904766502436,0.8410094678401947,2,False,,,,
1766477228.459472,0.540723509151258,1.0574562606379176,0.8077074197599484,2,False,,,,
1766477228.4640489,0.540723509151258,1.0574562606379176,0.8077074197599484,2,False,,,,
1766477228.470761,0.540723509151258,1.0574562606379176,0.8077074197599484,2,False,,,,
1766477228.473786,-0.17824584799926207,0.26204871093851034,0.9194237291812897,1,False,,,,
1766477228.784118,-0.17824584799926207,0.26204871093851034,0.9194237291812897,1,False,,,,
1766477228.7905989,-0.17824584799926207,0.26204871093851034,0.9194237291812897,1,False,,,,
1766477228.794187,-0.18223885252421343,0.24726105069180548,0.9208287596702576,1,False,,,,
1766477228.797481,-0.18223885252421343,0.24726105069180548,0.9208287596702576,1,False,,,,
1766477228.8040059,0.363229638655447,0.8437991985087774,0.0,2,False,,,,
1766477229.197134,0.363229638655447,0.8437991985087774,0.0,2,False,,,,
1766477229.2041512,0.363229638655447,0.8437991985087774,0.0,2,False,,,,
1766477229.2103481,0.363229638655447,0.8437991985087774,0.0,2,False,,,,
1766477229.213233,0.363229638655447,0.8437991985087774,0.0,2,False,,,,
1766477229.2162728,-0.0363476307564798,0.5682461135152979,0.9969517290592194,2,False,,,,
1766477229.536878,-0.0363476307564798,0.5682461135152979,0.9969517290592194,2,False,,,,
1766477229.543731,-0.0363476307564798,0.5682461135152979,0.9969517290592194,2,False,,,,
1766477229.546669,-0.0363476307564798,0.5682461135152979,0.9969517290592194,2,False,,,,
1766477229.549282,-0.0363476307564798,0.5682461135152979,0.9969517290592194,2,False,,,,
1766477229.551784,-0.08292415151717858,0.7177430085151031,0.8638107478618622,1,False,,,,
1766477229.771088,-0.08292250068407539,0.7209256046937806,0.9271047711372375,1,False,,,,
1766477229.77811,-0.08292250068407539,0.7209256046937806,0.9271047711372375,1,False,,,,
1766477229.7846022,-0.08292250068407539,0.7209256046937806,0.9271047711372375,1,False,,,,
1766477229.787721,-0.08292250068407539,0.7209256046937806,0.9271047711372375,1,False,,,,
1766477229.790069,-0.6511446547013195,0.4764641639617597,0.9757817387580872,2,False,,,,
1766477230.066873,-0.6831973162079193,0.4880690570605275,1.0,2,False,,,,
1766477230.0740988,-0.6831973162079193,0.4880690570605275,1.0,2,False,,,,
1766477230.080391,-0.6831973162079193,0.4880690570605275,1.0,2,False,,,,
1766477230.0833259,-0.6831973162079193,0.4880690570605275,1.0,2,False,,,,
1766477230.0859258,-0.12677975671758315,0.7712563012404771,0.9713979363441467,2,False,,,,
1766477230.426315,-0.12677975671758315,0.7712563012404771,0.9713979363441467,2,False,,,,
1766477230.4327621,-0.12650498702876112,0.7721731296980809,0.9262890815734863,2,False,,,,
1766477230.436459,-0.12650498702876112,0.7721731296980809,0.9262890815734863,2,False,,,,
1766477230.443841,-0.12650498702876112,0.7721731296980809,0.9262890815734863,2,False,,,,
1766477230.4498749,0.3670886699890083,0.8377612592838748,0.0,2,False,,,,
1766477230.832098,0.3670886699890083,0.8377612592838748,0.0,2,False,,,,
1766477230.8399308,-0.21969683955046904,0.6342390337050267,0.8556784391403198,2,False,,,,
1766477230.843044,-0.21969683955046904,0.6342390337050267,0.8556784391403198,2,False,,,,
1766477230.850237,-0.21969683955046904,0.6342390337050267,0.8556784391403198,2,False,,,,
1766477230.8538182,19.542098752151542,5.535450848337129,0.9089370965957642,1,False,,,,
1766477231.1266072,19.542098752151542,5.535450848337129,0.9089370965957642,1,False,,,,
1766477231.133373,19.542098752151542,5.535450848337129,0.9089370965957642,1,False,,,,
1766477231.1361291,100.0,101.0,0.8110279738903046,1,False,,,,
1766477231.139193,-18.85662488813761,5.43885921644881,0.8776318728923798,1,False,,,,
1766477231.142109,0.5098692675432382,1.1565538307145786,1.0,2,False,,,,
1766477231.442855,-0.37931732084048153,1.0478955647130304,0.8621084988117218,2,False,,,,
1766477231.45035,-0.37931732084048153,1.0478955647130304,0.8621084988117218,2,False,,,,
1766477231.457021,-0.37931732084048153,1.0478955647130304,0.8621084988117218,2,False,,,,
1766477231.460011,-0.37931732084048153,1.0478955647130304,0.8621084988117218,2,False,,,,
1766477231.462698,0.7108879366296378,0.7761984973748519,0.0,1,False,,,,
1766477231.750489,0.7108879366296378,0.7761984973748519,0.0,1,False,,,,
1766477231.7569978,0.7108879366296378,0.7761984973748519,0.0,1,False,,,,
1766477231.7600079,0.7108879366296378,0.7761984973748519,0.0,1,False,,,,
1766477231.762583,0.7108879366296378,0.7761984973748519,0.0,1,False,,,,
1766477231.764982,0.36576680390844124,0.8391977783074482,0.0,1,False,,,,
1766477232.1628811,0.36576680390844124,0.8391977783074482,0.0,1,False,,,,
1766477232.171083,0.36576680390844124,0.8391977783074482,0.0,1,False,,,,
1766477232.1761038,0.36576680390844124,0.8391977783074482,0.0,1,False,,,,
1766477232.180059,0.7108879366296378,0.7761984973748519,0.0,1,False,,,,
1766477232.1840498,0.36576680390844124,0.8391977783074482,0.0,1,False,,,,
1766477232.509367,0.36576680390844124,0.8391977783074482,0.0,1,False,,,,
1766477232.516944,0.36576680390844124,0.8391977783074482,0.0,1,False,,,,
1766477232.5206442,0.36576680390844124,0.8391977783074482,0.0,1,False,,,,
1766477232.5264819,0.36576680390844124,0.8391977783074482,0.0,1,False,,,,
1766477232.5294778,0.7108879366296378,0.7761984973748519,0.0,0,False,,,,
1766477232.707447,0.7108879366296378,0.7761984973748519,0.0,0,False,,,,
1766477232.7132611,0.5829607883544441,0.7958962247849295,0.9421070218086243,0,False,,,,
1766477232.71664,0.5829607883544441,0.7958962247849295,0.9421070218086243,0,False,,,,
1766477232.719885,0.5829607883544441,0.7958962247849295,0.9421070218086243,0,False,,,,
1766477232.7264519,0.7108879366296378,0.7761984973748519,0.0,0,False,,,,
1766477232.8842251,0.23797335433586814,1.8013705926841612,0.8791586458683014,0,False,,,,
1766477232.890538,0.23797335433586814,1.8013705926841612,0.8791586458683014,0,False,,,,
1766477232.896368,0.23797335433586814,1.8013705926841612,0.8791586458683014,0,False,,,,
1766477232.899005,0.23797335433586814,1.8013705926841612,0.8791586458683014,0,False,,,,
1766477232.901432,0.7108879366296378,0.7761984973748519,0.0,0,False,,,,
1766477233.060302,0.7108879366296378,0.7761984973748519,0.0,0,False,,,,
1766477233.0757692,0.7108879366296378,0.7761984973748519,0.0,0,False,,,,
1766477233.078827,0.7108879366296378,0.7761984973748519,0.0,0,False,,,,
1766477233.081286,0.5747356185733083,0.7806532960770061,0.941346287727356,0,False,,,,
1766477233.0837362,0.5559610794142116,0.826988022465103,0.9357808828353882,1,False,,,,
1766477233.422498,0.7108879366296378,0.7761984973748519,0.0,1,False,,,,
1766477233.427989,0.7108879366296378,0.7761984973748519,0.0,1,False,,,,
1766477233.433438,0.7108879366296378,0.7761984973748519,0.0,1,False,,,,
1766477233.436102,0.7108879366296378,0.7761984973748519,0.0,1,False,,,,
1766477233.438533,0.5608877807884876,0.8215649471927025,1.0,0,False,,,,
1766477233.606915,0.5608877807884876,0.8215649471927025,1.0,0,False,,,,
1766477233.612559,0.5608877807884876,0.8215649471927025,1.0,0,False,,,,
1766477233.6159658,0.564987366513148,0.8172873768180193,0.9152767062187195,0,False,,,,
1766477233.618695,0.5664307859623697,0.8150184563634582,0.9919152855873108,0,False,,,,
1766477233.621359,0.5781788219073993,0.8016005390817864,1.0,0,False,,,,
1766477233.843926,0.5781788219073993,0.8016005390817864,1.0,0,False,,,,
1766477233.849806,0.5781788219073993,0.8016005390817864,1.0,0,False,,,,
1766477233.853766,0.7108827336742329,0.7761982462797424,0.0,0,False,,,,
1766477233.8606532,0.7108827336742329,0.7761982462797424,0.0,0,False,,,,
1766477233.866008,0.7108827336742329,0.7761982462797424,0.0,0,False,,,,
1766477234.058143,0.5812131629504973,0.8032668871764986,0.9786248803138733,0,False,,,,
1766477234.0650501,0.5812131629504973,0.8032668871764986,0.9786248803138733,0,False,,,,
1766477234.070246,0.5812131629504973,0.8032668871764986,0.9786248803138733,0,False,,,,
1766477234.072787,0.5812131629504973,0.8032668871764986,0.9786248803138733,0,False,,,,
1766477234.075026,0.5812812387160687,0.8014238408374573,0.9873682856559753,0,False,,,,
1766477234.231337,0.5812812387160687,0.8014238408374573,0.9873682856559753,0,False,,,,
1766477234.236375,0.5812812387160687,0.8014238408374573,0.9873682856559753,0,False,,,,
1766477234.239359,0.5812812387160687,0.8014238408374573,0.9873682856559753,0,False,,,,
1766477234.241653,0.5812812387160687,0.8014238408374573,0.9873682856559753,0,False,,,,
1766477234.244305,0.370369412226664,0.8335008091710583,0.0,0,False,,,,
1766477234.3999429,0.370369412226664,0.8335008091710583,0.0,0,False,,,,
1766477234.406473,0.370369412226664,0.8335008091710583,0.0,0,False,,,,
1766477234.409172,0.370369412226664,0.8335008091710583,0.0,0,False,,,,
1766477234.41168,0.370369412226664,0.8335008091710583,0.0,0,False,,,,
1766477234.4139159,-0.0007470528660293851,0.49378114268271567,0.8555058538913727,1,False,,,,
1766477234.715426,-0.0007470528660293851,0.49378114268271567,0.8555058538913727,1,False,,,,
1766477234.722444,-0.0007470528660293851,0.49378114268271567,0.8555058538913727,1,False,,,,
1766477234.725527,0.7110302753624085,0.7760416905414467,0.0,1,False,,,,
1766477234.7282681,0.7110302753624085,0.7760416905414467,0.0,1,False,,,,
1766477234.731456,0.518550213816341,1.186941603624523,0.8155254125595093,1,False,,,,
1766477234.9960692,0.36974744439732676,0.834216190360929,0.0,1,False,,,,
1766477235.004413,0.36974744439732676,0.834216190360929,0.0,1,False,,,,
1766477235.009631,0.36974744439732676,0.834216190360929,0.0,1,False,,,,
1766477235.012067,0.36974744439732676,0.834216190360929,0.0,1,False,,,,
1766477235.014644,0.7110302753624085,0.7760416905414467,0.0,1,False,,,,
1766477235.237983,0.7110302753624085,0.7760416905414467,0.0,1,False,,,,
1766477235.244548,0.7110302753624085,0.7760416905414467,0.0,1,False,,,,
1766477235.247444,0.7110302753624085,0.7760416905414467,0.0,1,False,,,,
1766477235.250099,0.7110302753624085,0.7760416905414467,0.0,1,False,,,,
1766477235.252379,0.5299918481112955,0.7038078346070351,0.004696401827074444,0,False,,,,
1766477235.469287,0.5299918481112955,0.7038078346070351,0.004696401827074444,0,False,,,,
1766477235.47504,0.5299918481112955,0.7038078346070351,0.004696401827074444,0,False,,,,
1766477235.477885,0.5299918481112955,0.7038078346070351,0.004696401827074444,0,False,,,,
1766477235.4808462,0.5299918481112955,0.7038078346070351,0.004696401827074444,0,False,,,,
1766477235.486089,0.5984184161017618,0.6277434343276176,0.0640767456611885,0,False,,,,
1766477235.696619,0.5830265556802254,0.6793347994577443,0.012954943635182833,0,False,,,,
1766477235.703798,0.5830265556802254,0.6793347994577443,0.012954943635182833,0,False,,,,
1766477235.709462,0.5830265556802254,0.6793347994577443,0.012954943635182833,0,False,,,,
1766477235.712259,0.5830265556802254,0.6793347994577443,0.012954943635182833,0,False,,,,
1766477235.7147741,0.5917420422843973,0.6323255340186928,0.0666248617770698,0,False,,,,
1766477235.918439,0.5917420422843973,0.6323255340186928,0.0666248617770698,0,False,,,,
1766477235.923928,0.5917420422843973,0.6323255340186928,0.0666248617770698,0,False,,,,
1766477235.927072,0.5732521922094466,0.8029026737949485,0.9803634285926819,0,False,,,,
1766477235.929784,0.5982335475065879,0.6383291302065318,0.11942145045937283,0,False,,,,
1766477235.932205,0.5812047835723393,0.6832169613093153,0.15139968203664142,0,False,,,,
1766477236.107726,0.5812047835723393,0.6832169613093153,0.15139968203664142,0,False,,,,
1766477236.1124868,0.5812047835723393,0.6832169613093153,0.15139968203664142,0,False,,,,
1766477236.1148539,0.5812047835723393,0.6832169613093153,0.15139968203664142,0,False,,,,
1766477236.117036,0.5812047835723393,0.6832169613093153,0.15139968203664142,0,False,,,,
1766477236.119256,0.5643257173081347,0.7214407423108072,0.0998127922863109,1,False,,,,
1766477236.391593,0.5643257173081347,0.7214407423108072,0.0998127922863109,1,False,,,,
1766477236.39977,0.5548860939869178,0.7335274682436647,0.11716965208782296,1,False,,,,
1766477236.40346,0.5548860939869178,0.7335274682436647,0.11716965208782296,1,False,,,,
1766477236.409502,0.5548860939869178,0.7335274682436647,0.11716965208782296,1,False,,,,
1766477236.4124422,0.567508505812811,0.792076278500605,0.9589148759841919,0,False,,,,
1766477236.611437,0.567508505812811,0.792076278500605,0.9589148759841919,0,False,,,,
1766477236.618098,0.567508505812811,0.792076278500605,0.9589148759841919,0,False,,,,
1766477236.621108,0.567508505812811,0.792076278500605,0.9589148759841919,0,False,,,,
1766477236.626357,0.567508505812811,0.792076278500605,0.9589148759841919,0,False,,,,
1766477236.628809,0.5975014018832322,0.8034042128290395,0.07162284700154034,0,False,,,,
1766477236.82862,0.5975014018832322,0.8034042128290395,0.07162284700154034,0,False,,,,
1766477236.834356,0.5676741883018122,0.8512506434021604,0.05676386625442413,0,False,,,,
1766477236.8387709,0.5676741883018122,0.8512506434021604,0.05676386625442413,0,False,,,,
1766477236.845243,0.5676741883018122,0.8512506434021604,0.05676386625442413,0,False,,,,
1766477236.848108,0.6199746893835858,0.7752748794201784,0.1464274317328445,0,False,,,,
1766477237.007421,0.6199746893835858,0.7752748794201784,0.1464274317328445,0,False,,,,
1766477237.013237,0.6199746893835858,0.7752748794201784,0.1464274317328445,0,False,,,,
1766477237.0159411,0.6199746893835858,0.7752748794201784,0.1464274317328445,0,False,,,,
1766477237.018508,0.6199746893835858,0.7752748794201784,0.1464274317328445,0,False,,,,
1766477237.020833,0.6398436616822682,0.793955588857095,0.23535277678329594,0,False,,,,
1766477237.1790872,0.6398436616822682,0.793955588857095,0.23535277678329594,0,False,,,,
1766477237.184979,0.6398436616822682,0.793955588857095,0.23535277678329594,0,False,,,,
1766477237.1874099,0.6398436616822682,0.793955588857095,0.23535277678329594,0,False,,,,
1766477237.189743,0.6398436616822682,0.793955588857095,0.23535277678329594,0,False,,,,
1766477237.192738,0.6667731155339783,0.7913505087436806,0.22655434990484996,0,False,,,,
1766477237.3666828,0.5914897484610294,0.7804053717615909,0.8774963021278381,0,False,,,,
1766477237.374541,0.5945720027212332,0.7793522769748837,0.8904480338096619,0,False,,,,
1766477237.3810282,0.5945720027212332,0.7793522769748837,0.8904480338096619,0,False,,,,
1766477237.383838,0.5945720027212332,0.7793522769748837,0.8904480338096619,0,False,,,,
1766477237.3862941,0.601439781400061,0.7561147317426758,0.8806807994842529,0,False,,,,
1766477237.5480828,0.601439781400061,0.7561147317426758,0.8806807994842529,0,False,,,,
1766477237.553782,0.601439781400061,0.7561147317426758,0.8806807994842529,0,False,,,,
1766477237.558901,0.601439781400061,0.7561147317426758,0.8806807994842529,0,False,,,,
1766477237.56145,0.601439781400061,0.7561147317426758,0.8806807994842529,0,False,,,,
1766477237.564241,0.3714958343040064,0.8330360302998171,0.0,0,False,,,,
1766477237.771143,0.3714958343040064,0.8330360302998171,0.0,0,False,,,,
1766477237.77881,0.6447119190491373,0.9153473452923053,0.37873211059825734,0,False,,,,
1766477237.785127,0.6447119190491373,0.9153473452923053,0.37873211059825734,0,False,,,,
1766477237.7881129,0.6447119190491373,0.9153473452923053,0.37873211059825734,0,False,,,,
1766477237.790864,0.5827995936474968,0.7500734991204815,0.7748898267745972,0,False,,,,
1766477237.99902,0.5827995936474968,0.7500734991204815,0.7748898267745972,0,False,,,,
1766477238.004517,0.5827995936474968,0.7500734991204815,0.7748898267745972,0,False,,,,
1766477238.0081,0.5844678066146952,0.7519370602217474,0.7166217565536499,0,False,,,,
1766477238.01092,0.6743990143238399,0.9201705307269293,0.39438907661350453,0,False,,,,
1766477238.017236,0.5936030921352922,0.7504262539471804,0.8485082387924194,0,False,,,,
1766477238.180623,0.6920838894413557,0.8686552471769573,0.36455298394230573,0,False,,,,
1766477238.1859882,0.6920838894413557,0.8686552471769573,0.36455298394230573,0,False,,,,
1766477238.188607,0.6920838894413557,0.8686552471769573,0.36455298394230573,0,False,,,,
1766477238.1908212,0.6920838894413557,0.8686552471769573,0.36455298394230573,0,False,,,,
1766477238.193269,0.71032254989066,0.8551124123809836,0.3073579128074994,0,False,,,,
1766477238.3999941,0.71032254989066,0.8551124123809836,0.3073579128074994,0,False,,,,
1766477238.405616,0.71032254989066,0.8551124123809836,0.3073579128074994,0,False,,,,
1766477238.409385,-0.041234779622622765,-0.18433624390440428,0.8040315806865692,0,False,,,,
1766477238.412666,-0.041234779622622765,-0.18433624390440428,0.8040315806865692,0,False,,,,
1766477238.415637,0.6199125578897567,0.7593851507661838,0.8842099905014038,0,False,,,,
1766477238.587701,0.6199125578897567,0.7593851507661838,0.8842099905014038,0,False,,,,
1766477238.592675,0.6199125578897567,0.7593851507661838,0.8842099905014038,0,False,,,,
1766477238.595226,0.6199125578897567,0.7593851507661838,0.8842099905014038,0,False,,,,
1766477238.597793,0.6199125578897567,0.7593851507661838,0.8842099905014038,0,False,,,,
1766477238.600411,0.7311628752535959,0.9301657640702391,0.36806659016178483,0,False,,,,
1766477238.785002,0.7311628752535959,0.9301657640702391,0.36806659016178483,0,False,,,,
1766477238.7905211,0.7311628752535959,0.9301657640702391,0.36806659016178483,0,False,,,,
1766477238.793175,0.7311628752535959,0.9301657640702391,0.36806659016178483,0,False,,,,
1766477238.795441,0.7311628752535959,0.9301657640702391,0.36806659016178483,0,False,,,,
1766477238.797608,0.7589939958472063,0.8678802489078279,0.21638823758315961,0,False,,,,
1766477239.2331269,0.7589939958472063,0.8678802489078279,0.21638823758315961,0,False,,,,
1766477239.238625,0.7589939958472063,0.8678802489078279,0.21638823758315961,0,False,,,,
1766477239.241154,0.7589939958472063,0.8678802489078279,0.21638823758315961,0,False,,,,
1766477239.2462761,0.7640126357661992,0.8643301476829726,0.20704761887350584,0,False,,,,
1766477239.2489111,0.511221358717566,0.688289664513444,0.8648107096640958,0,False,,,,
1766477239.446151,0.511221358717566,0.688289664513444,0.8648107096640958,0,False,,,,
1766477239.453408,0.3130065325824499,0.4523795632871427,0.798923671245575,0,False,,,,
1766477239.460572,0.3130065325824499,0.4523795632871427,0.798923671245575,0,False,,,,
1766477239.463517,0.3130065325824499,0.4523795632871427,0.798923671245575,0,False,,,,
1766477239.46608,0.12198266745780248,0.276869377975799,0.7751527428627014,1,False,,,,
1766477239.7957928,0.12198266745780248,0.276869377975799,0.7751527428627014,1,False,,,,
1766477239.80367,0.12198266745780248,0.276869377975799,0.7751527428627014,1,False,,,,
1766477239.806537,0.12198266745780248,0.276869377975799,0.7751527428627014,1,False,,,,
1766477239.808971,0.12198266745780248,0.276869377975799,0.7751527428627014,1,False,,,,
1766477239.8114638,0.06171340334616486,0.29439930907954937,0.7840324640274048,1,False,,,,
1766477240.029451,0.06171340334616486,0.29439930907954937,0.7840324640274048,1,False,,,,
1766477240.035906,0.06171340334616486,0.29439930907954937,0.7840324640274048,1,False,,,,
1766477240.0389838,0.06171340334616486,0.29439930907954937,0.7840324640274048,1,False,,,,
1766477240.041636,0.06171340334616486,0.29439930907954937,0.7840324640274048,1,False,,,,
1766477240.044372,0.7108882907546338,0.775995588794708,0.0,2,False,,,,
1766477240.310741,0.7108882907546338,0.775995588794708,0.0,2,False,,,,
1766477240.31762,0.7108882907546338,0.775995588794708,0.0,2,False,,,,
1766477240.3207948,0.5809305146985227,0.6917940948068196,0.9944831728935242,2,False,,,,
1766477240.323745,0.5809305146985227,0.6917940948068196,0.9944831728935242,2,False,,,,
1766477240.327251,0.7108882907546338,0.775995588794708,0.0,2,False,,,,
1766477240.613824,0.7108882907546338,0.775995588794708,0.0,2,False,,,,
1766477240.6199732,0.582615309977382,0.697992549360787,0.8462883830070496,2,False,,,,
1766477240.6264052,0.7108882907546338,0.775995588794708,0.0,2,False,,,,
1766477240.634151,0.7108882907546338,0.775995588794708,0.0,2,False,,,,
1766477240.6370401,0.7108882907546338,0.775995588794708,0.0,1,False,,,,
1766477240.9677088,0.7108882907546338,0.775995588794708,0.0,1,False,,,,
1766477240.973801,0.7108882907546338,0.775995588794708,0.0,1,False,,,,
1766477240.976804,0.7108882907546338,0.775995588794708,0.0,1,False,,,,
1766477240.979912,0.7108882907546338,0.775995588794708,0.0,1,False,,,,
1766477240.982429,0.10182042649586083,0.266060123823068,0.81977379322052,1,False,,,,
1766477241.239517,0.10182042649586083,0.266060123823068,0.81977379322052,1,False,,,,
1766477241.245572,0.10182042649586083,0.266060123823068,0.81977379322052,1,False,,,,
1766477241.249162,0.10182042649586083,0.266060123823068,0.81977379322052,1,False,,,,
1766477241.251789,0.10182042649586083,0.266060123823068,0.81977379322052,1,False,,,,
1766477241.257169,0.07212210026913164,0.34733106536978675,0.8558313548564911,2,False,,,,
1766477241.5434282,0.07212210026913164,0.34733106536978675,0.8558313548564911,2,False,,,,
1766477241.549999,0.07212210026913164,0.34733106536978675,0.8558313548564911,2,False,,,,
1766477241.5531662,0.07212210026913164,0.34733106536978675,0.8558313548564911,2,False,,,,
1766477241.556253,0.07212210026913164,0.34733106536978675,0.8558313548564911,2,False,,,,
1766477241.559326,-0.04070243285118735,0.6210199029696523,0.8113217651844025,2,False,,,,
1766477242.094673,-0.04070243285118735,0.6210199029696523,0.8113217651844025,2,False,,,,
1766477242.101011,-0.039861852117117014,0.6053454052854663,0.8408970534801483,2,False,,,,
1766477242.104537,-0.039861852117117014,0.6053454052854663,0.8408970534801483,2,False,,,,
1766477242.111132,-0.039861852117117014,0.6053454052854663,0.8408970534801483,2,False,,,,
1766477242.114004,0.024833674836632014,0.46325355229391996,0.7999143083882923,2,False,,,,
1766477242.449287,0.024833674836632014,0.46325355229391996,0.7999143083882923,2,False,,,,
1766477242.454711,0.024833674836632014,0.46325355229391996,0.7999143083882923,2,False,,,,
1766477242.4574451,0.024833674836632014,0.46325355229391996,0.7999143083882923,2,False,,,,
1766477242.460122,0.024833674836632014,0.46325355229391996,0.7999143083882923,2,False,,,,
1766477242.462991,0.006775731793203299,0.3957626085166992,0.7791980803012848,2,False,,,,
1766477242.744556,0.006775731793203299,0.3957626085166992,0.7791980803012848,2,False,,,,
1766477242.75096,0.006775731793203299,0.3957626085166992,0.7791980803012848,2,False,,,,
1766477242.753804,0.006775731793203299,0.3957626085166992,0.7791980803012848,2,False,,,,
1766477242.756463,0.006775731793203299,0.3957626085166992,0.7791980803012848,2,False,,,,
1766477242.759101,0.009930827222509108,0.4005003347187833,0.8942545652389526,1,False,,,,
1766477243.11748,0.009930827222509108,0.4005003347187833,0.8942545652389526,1,False,,,,
1766477243.124363,0.009930827222509108,0.4005003347187833,0.8942545652389526,1,False,,,,
1766477243.12715,0.009930827222509108,0.4005003347187833,0.8942545652389526,1,False,,,,
1766477243.132873,0.0072242201085064295,0.4048565946621894,0.8588930666446686,1,False,,,,
1766477243.1357381,0.013630666819634474,0.35637918389432244,0.7625643014907837,2,False,,,,
1766477243.4980018,0.013630666819634474,0.35637918389432244,0.7625643014907837,2,False,,,,
1766477243.505256,0.7108754399583251,0.7760621986352646,0.0,2,False,,,,
1766477243.509213,0.7108754399583251,0.7760621986352646,0.0,2,False,,,,
1766477243.51537,0.7108754399583251,0.7760621986352646,0.0,2,False,,,,
1766477243.518404,0.018612527206598097,0.3619747188833795,0.7679673135280609,1,False,,,,
1766477243.833,0.018612527206598097,0.3619747188833795,0.7679673135280609,1,False,,,,
1766477243.839442,0.7108763711129921,0.7760625281653202,0.0,1,False,,,,
1766477243.843669,0.7108763711129921,0.7760625281653202,0.0,1,False,,,,
1766477243.847237,0.7108763711129921,0.7760625281653202,0.0,1,False,,,,
1766477243.853151,-0.005648828841669129,0.4831129144300872,0.8515797555446625,2,False,,,,
1766477244.240597,-0.006951634986853516,0.48572022135291204,0.7416148781776428,2,False,,,,
1766477244.248675,-0.007782057542237641,0.48994177214906887,0.780305802822113,2,False,,,,
1766477244.255479,-0.007782057542237641,0.48994177214906887,0.780305802822113,2,False,,,,
1766477244.258197,-0.007782057542237641,0.48994177214906887,0.780305802822113,2,False,,,,
1766477244.2607841,0.7108763711129921,0.7760625281653202,0.0,2,False,,,,
1766477244.596975,0.7108763711129921,0.7760625281653202,0.0,2,False,,,,
1766477244.603838,0.7108763711129921,0.7760625281653202,0.0,2,False,,,,
1766477244.6074371,0.7108763711129921,0.7760625281653202,0.0,2,False,,,,
1766477244.610241,0.3741877086287325,0.8264035174933252,0.0,2,False,,,,
1766477244.613055,0.026294399886349497,0.32473325222845006,0.9069794964790344,2,False,,,,
1766477244.933835,0.026294399886349497,0.32473325222845006,0.9069794964790344,2,False,,,,
1766477244.940324,0.026294399886349497,0.32473325222845006,0.9069794964790344,2,False,,,,
1766477244.946496,0.015046879406877966,0.38240608396215636,0.825729489326477,2,False,,,,
1766477244.94928,0.015046879406877966,0.38240608396215636,0.825729489326477,2,False,,,,
1766477244.952394,0.020206794187677256,0.3994267315675163,0.8559997379779816,1,False,,,,
1766477245.220785,0.015531616536862547,0.4202451612172139,0.8336018621921539,1,False,,,,
1766477245.227838,0.015531616536862547,0.4202451612172139,0.8336018621921539,1,False,,,,
1766477245.230853,0.015531616536862547,0.4202451612172139,0.8336018621921539,1,False,,,,
1766477245.233311,0.015531616536862547,0.4202451612172139,0.8336018621921539,1,False,,,,
1766477245.236048,-0.004928943405094088,0.48186277054346915,0.8548520803451538,2,False,,,,
1766477245.553164,-0.004928943405094088,0.48186277054346915,0.8548520803451538,2,False,,,,
1766477245.560224,-0.004928943405094088,0.48186277054346915,0.8548520803451538,2,False,,,,
1766477245.56335,-0.004928943405094088,0.48186277054346915,0.8548520803451538,2,False,,,,
1766477245.56604,-0.004928943405094088,0.48186277054346915,0.8548520803451538,2,False,,,,
1766477245.571637,-0.029518352455183017,0.5946508551297208,0.8932653069496155,1,False,,,,
1766477245.795095,-0.029518352455183017,0.5946508551297208,0.8932653069496155,1,False,,,,
1766477245.801396,-0.029518352455183017,0.5946508551297208,0.8932653069496155,1,False,,,,
1766477245.8042722,-0.029518352455183017,0.5946508551297208,0.8932653069496155,1,False,,,,
1766477245.806863,-0.029518352455183017,0.5946508551297208,0.8932653069496155,1,False,,,,
1766477245.809301,-0.05867813660398387,0.6375361742931888,0.9284238219261169,2,False,,,,
1766477246.12773,-0.05867813660398387,0.6375361742931888,0.9284238219261169,2,False,,,,
1766477246.133754,-0.05867813660398387,0.6375361742931888,0.9284238219261169,2,False,,,,
1766477246.1365418,-0.05867813660398387,0.6375361742931888,0.9284238219261169,2,False,,,,
1766477246.139148,-0.05867813660398387,0.6375361742931888,0.9284238219261169,2,False,,,,
1766477246.141809,-0.07163736375252663,0.6593670408475607,0.8622209131717682,2,False,,,,
1766477246.462401,-0.07163736375252663,0.6593670408475607,0.8622209131717682,2,False,,,,
1766477246.46802,-0.07163736375252663,0.6593670408475607,0.8622209131717682,2,False,,,,
1766477246.470763,-0.07163736375252663,0.6593670408475607,0.8622209131717682,2,False,,,,
1766477246.4732742,-0.07163736375252663,0.6593670408475607,0.8622209131717682,2,False,,,,
1766477246.476222,-0.06098198408950859,0.6543948488498038,0.8870685696601868,1,False,,,,
1766477246.803763,-0.06098198408950859,0.6543948488498038,0.8870685696601868,1,False,,,,
1766477246.8102531,-0.06098198408950859,0.6543948488498038,0.8870685696601868,1,False,,,,
1766477246.812949,-0.06098198408950859,0.6543948488498038,0.8870685696601868,1,False,,,,
1766477246.8155332,-0.06098198408950859,0.6543948488498038,0.8870685696601868,1,False,,,,
1766477246.8181021,0.49586681184630726,0.45788884197354096,0.735519289970398,1,False,,,,
1766477247.113182,0.49586681184630726,0.45788884197354096,0.735519289970398,1,False,,,,
1766477247.120488,0.37412742120420994,0.8260884233019837,0.0,1,False,,,,
1766477247.126935,0.37412742120420994,0.8260884233019837,0.0,1,False,,,,
1766477247.134048,0.37412742120420994,0.8260884233019837,0.0,1,False,,,,
1766477247.136636,0.37412742120420994,0.8260884233019837,0.0,1,False,,,,
1766477247.383067,0.37412742120420994,0.8260884233019837,0.0,1,False,,,,
1766477247.390172,0.37412742120420994,0.8260884233019837,0.0,1,False,,,,
1766477247.394618,0.37412742120420994,0.8260884233019837,0.0,1,False,,,,
1766477247.401891,0.37412742120420994,0.8260884233019837,0.0,1,False,,,,
1766477247.4048781,0.710850514781091,0.7761178889209758,0.0,1,False,,,,
1766477247.931632,0.710850514781091,0.7761178889209758,0.0,1,False,,,,
1766477247.939689,0.710850514781091,0.7761178889209758,0.0,1,False,,,,
1766477247.94257,0.710850514781091,0.7761178889209758,0.0,1,False,,,,
1766477247.944872,0.710850514781091,0.7761178889209758,0.0,1,False,,,,
1766477247.9472551,0.5705771171628082,0.6803103250587211,0.015156659404141574,1,False,,,,
1766477248.6643798,0.3739631172472106,0.8260468142817239,0.0,1,False,,,,
1766477248.671846,0.3739631172472106,0.8260468142817239,0.0,1,False,,,,
1766477248.6775181,0.3739631172472106,0.8260468142817239,0.0,1,False,,,,
1766477248.6803882,0.3739631172472106,0.8260468142817239,0.0,1,False,,,,
1766477248.682928,0.5937602275075009,0.6768564320245346,0.19104565985128702,0,False,,,,
1766477249.0138712,0.5937602275075009,0.6768564320245346,0.19104565985128702,0,False,,,,
1766477249.019781,0.5937602275075009,0.6768564320245346,0.19104565985128702,0,False,,,,
1766477249.022826,0.5937602275075009,0.6768564320245346,0.19104565985128702,0,False,,,,
1766477249.025273,0.5937602275075009,0.6768564320245346,0.19104565985128702,0,False,,,,
1766477249.027543,0.5804867869029077,0.6986825921836881,0.20230206717946167,1,False,,,,
1766477249.402082,0.5733840830757507,0.7091897775022837,0.18492632380321417,1,False,,,,
1766477249.408354,0.5733840830757507,0.7091897775022837,0.18492632380321417,1,False,,,,
1766477249.413941,0.5733840830757507,0.7091897775022837,0.18492632380321417,1,False,,,,
1766477249.4164832,0.5733840830757507,0.7091897775022837,0.18492632380321417,1,False,,,,
1766477249.419153,0.48822899760034255,0.8016613385163617,0.8791192173957825,1,False,,,,
1766477250.395201,0.48822899760034255,0.8016613385163617,0.8791192173957825,1,False,,,,
1766477250.402196,0.48822899760034255,0.8016613385163617,0.8791192173957825,1,False,,,,
1766477250.40537,0.6037890295613199,0.7993286495500425,0.27404519127448007,1,False,,,,
1766477250.4106271,0.6037890295613199,0.7993286495500425,0.27404519127448007,1,False,,,,
1766477250.417382,0.3739631172472106,0.8260468142817239,0.0,0,False,,,,
1766477250.716224,0.3739631172472106,0.8260468142817239,0.0,0,False,,,,
1766477250.722997,0.3739631172472106,0.8260468142817239,0.0,0,False,,,,
1766477250.725672,0.3739631172472106,0.8260468142817239,0.0,0,False,,,,
1766477250.728332,0.3739631172472106,0.8260468142817239,0.0,0,False,,,,
1766477250.7332218,0.5817811007749681,0.8706237163827792,0.24362711993014294,1,False,,,,
1766477251.1216938,0.5817811007749681,0.8706237163827792,0.24362711993014294,1,False,,,,
1766477251.13011,0.5817811007749681,0.8706237163827792,0.24362711993014294,1,False,,,,
1766477251.132809,0.5817811007749681,0.8706237163827792,0.24362711993014294,1,False,,,,
1766477251.135591,0.5817811007749681,0.8706237163827792,0.24362711993014294,1,False,,,,
1766477251.1383822,0.49000252071046874,0.6452160265608552,0.8161985278129578,1,False,,,,
1766477251.523396,0.49000252071046874,0.6452160265608552,0.8161985278129578,1,False,,,,
1766477251.530577,0.49000252071046874,0.6452160265608552,0.8161985278129578,1,False,,,,
1766477251.533748,0.49000252071046874,0.6452160265608552,0.8161985278129578,1,False,,,,
1766477251.5364742,0.49000252071046874,0.6452160265608552,0.8161985278129578,1,False,,,,
1766477251.539822,0.29652564635530243,0.21649468778254832,0.7709499122810388,1,False,,,,
1766477251.924278,0.29652564635530243,0.21649468778254832,0.7709499122810388,1,False,,,,
1766477251.9298072,0.29652564635530243,0.21649468778254832,0.7709499122810388,1,False,,,,
1766477251.932352,0.29652564635530243,0.21649468778254832,0.7709499122810388,1,False,,,,
1766477251.934937,0.29652564635530243,0.21649468778254832,0.7709499122810388,1,False,,,,
1766477251.93733,0.5881085005863834,0.8565706396457776,0.19970695199098826,1,False,,,,
1766477252.251561,0.5724191069041211,0.946755587384418,0.25182616513339734,1,False,,,,
1766477252.258831,0.5724191069041211,0.946755587384418,0.25182616513339734,1,False,,,,
1766477252.265436,0.5724191069041211,0.946755587384418,0.25182616513339734,1,False,,,,
1766477252.268291,0.5724191069041211,0.946755587384418,0.25182616513339734,1,False,,,,
1766477252.270614,0.3743920723747981,0.826053677572955,0.0,1,False,,,,
1766477252.745999,0.3743920723747981,0.826053677572955,0.0,1,False,,,,
1766477252.752836,0.5694726023499472,1.0163630996384216,0.16857413494616133,1,False,,,,
1766477252.7581801,0.5694726023499472,1.0163630996384216,0.16857413494616133,1,False,,,,
1766477252.764747,0.5694726023499472,1.0163630996384216,0.16857413494616133,1,False,,,,
1766477252.7673678,0.3743920723747981,0.826053677572955,0.0,1,False,,,,
1766477253.064854,0.3743920723747981,0.826053677572955,0.0,1,False,,,,
1766477253.072096,0.3743920723747981,0.826053677572955,0.0,1,False,,,,
1766477253.074996,0.3743920723747981,0.826053677572955,0.0,1,False,,,,
1766477253.077596,0.3743920723747981,0.826053677572955,0.0,1,False,,,,
1766477253.080842,0.46940365472340584,0.06970104773562846,0.782117260759458,1,False,,,,
1766477253.404449,0.46940365472340584,0.06970104773562846,0.782117260759458,1,False,,,,
1766477253.411346,0.46940365472340584,0.06970104773562846,0.782117260759458,1,False,,,,
1766477253.4146209,0.46940365472340584,0.06970104773562846,0.782117260759458,1,False,,,,
1766477253.417252,0.46940365472340584,0.06970104773562846,0.782117260759458,1,False,,,,
1766477253.4205608,0.47400188916214364,1.2426566392288503,0.27499579200591884,1,False,,,,
1766477253.873953,0.47400188916214364,1.2426566392288503,0.27499579200591884,1,False,,,,
1766477253.881827,0.47400188916214364,1.2426566392288503,0.27499579200591884,1,False,,,,
1766477253.884256,0.47400188916214364,1.2426566392288503,0.27499579200591884,1,False,,,,
1766477253.886864,0.47400188916214364,1.2426566392288503,0.27499579200591884,1,False,,,,
1766477253.8897111,0.3953136124328226,1.2782458877520615,0.29699153373587034,0,False,,,,
1766477254.148916,0.3953136124328226,1.2782458877520615,0.29699153373587034,0,False,,,,
1766477254.15562,0.3953136124328226,1.2782458877520615,0.29699153373587034,0,False,,,,
1766477254.15838,0.3953136124328226,1.2782458877520615,0.29699153373587034,0,False,,,,
1766477254.162326,0.3743920723747981,0.826053677572955,0.0,0,False,,,,
1766477254.1652539,0.4606535449512134,0.5565781799743904,0.8951493928908862,0,False,,,,
1766477254.537232,0.3575700480370035,1.2852835531164961,0.21277009764406743,0,False,,,,
1766477254.544117,0.3575700480370035,1.2852835531164961,0.21277009764406743,0,False,,,,
1766477254.5491772,0.3575700480370035,1.2852835531164961,0.21277009764406743,0,False,,,,
1766477254.5515919,0.3575700480370035,1.2852835531164961,0.21277009764406743,0,False,,,,
1766477254.553897,0.3590535391867931,1.3375233275069556,0.23161663075240474,0,False,,,,
1766477254.78452,0.3590535391867931,1.3375233275069556,0.23161663075240474,0,False,,,,
1766477254.791318,0.3590535391867931,1.3375233275069556,0.23161663075240474,0,False,,,,
1766477254.7941902,0.3590535391867931,1.3375233275069556,0.23161663075240474,0,False,,,,
1766477254.797079,0.3747088506216475,0.8258420551962544,0.0,0,False,,,,
1766477254.801122,0.5803404367201896,0.8146903767876749,0.4208936994041607,1,False,,,,
1766477255.092184,0.5803404367201896,0.8146903767876749,0.4208936994041607,1,False,,,,
1766477255.10008,0.3747088506216475,0.8258420551962544,0.0,1,False,,,,
1766477255.103311,0.3747088506216475,0.8258420551962544,0.0,1,False,,,,
1766477255.1106088,0.3747088506216475,0.8258420551962544,0.0,1,False,,,,
1766477255.1156101,0.3747088506216475,0.8258420551962544,0.0,1,False,,,,
1766477255.462544,0.5383161671380389,0.8096777045335628,0.04580269390115499,1,False,,,,
1766477255.471991,0.5390659582903105,0.8022153586389748,0.006428003781704541,1,False,,,,
1766477255.478591,0.5390659582903105,0.8022153586389748,0.006428003781704541,1,False,,,,
1766477255.481045,0.5390659582903105,0.8022153586389748,0.006428003781704541,1,False,,,,
1766477255.483479,0.5901175663660488,0.9179731130341419,0.10862475484377333,0,False,,,,
1766477255.709773,0.5901175663660488,0.9179731130341419,0.10862475484377333,0,False,,,,
1766477255.715866,0.5901175663660488,0.9179731130341419,0.10862475484377333,0,False,,,,
1766477255.718673,0.5901175663660488,0.9179731130341419,0.10862475484377333,0,False,,,,
1766477255.721029,0.5901175663660488,0.9179731130341419,0.10862475484377333,0,False,,,,
1766477255.723809,0.3747794403082483,0.8257948790733284,0.0,0,False,,,,
1766477255.973469,0.3747794403082483,0.8257948790733284,0.0,0,False,,,,
1766477255.979317,0.3747794403082483,0.8257948790733284,0.0,0,False,,,,
1766477255.985416,0.3747794403082483,0.8257948790733284,0.0,0,False,,,,
1766477255.988117,0.3747794403082483,0.8257948790733284,0.0,0,False,,,,
1766477255.990331,0.3747794403082483,0.8257948790733284,0.0,0,False,,,,
1766477256.203269,0.6040930714803788,0.9313974217981322,0.23741373341455074,0,False,,,,
1766477256.211334,0.6000211482182538,0.9347309860694695,0.23915440465295384,0,False,,,,
1766477256.217359,0.6000211482182538,0.9347309860694695,0.23915440465295384,0,False,,,,
1766477256.220067,0.6000211482182538,0.9347309860694695,0.23915440465295384,0,False,,,,
1766477256.222406,0.6060123153195253,0.9399033933049575,0.21810222783231514,0,False,,,,
1766477256.4466612,0.6060123153195253,0.9399033933049575,0.21810222783231514,0,False,,,,
1766477256.452168,0.6060123153195253,0.9399033933049575,0.21810222783231514,0,False,,,,
1766477256.454945,0.6060123153195253,0.9399033933049575,0.21810222783231514,0,False,,,,
1766477256.4597251,0.6060123153195253,0.9399033933049575,0.21810222783231514,0,False,,,,
1766477256.4628842,0.6103781379502218,0.939657944349199,0.25395336945825187,0,False,,,,
1766477256.712476,0.6103781379502218,0.939657944349199,0.25395336945825187,0,False,,,,
1766477256.7183812,0.6103781379502218,0.939657944349199,0.25395336945825187,0,False,,,,
1766477256.7210398,0.6103781379502218,0.939657944349199,0.25395336945825187,0,False,,,,
1766477256.723356,0.6103781379502218,0.939657944349199,0.25395336945825187,0,False,,,,
1766477256.725701,0.6269858661963073,0.9420735506888491,0.2567615365541978,0,False,,,,
1766477256.9388301,0.6117801371497101,0.9470358196121276,0.21936794647983454,0,False,,,,
1766477256.944125,0.6026593695258731,0.9634876792304609,0.16071362654354462,0,False,,,,
1766477256.950312,0.6026593695258731,0.9634876792304609,0.16071362654354462,0,False,,,,
1766477256.953362,0.6026593695258731,0.9634876792304609,0.16071362654354462,0,False,,,,
1766477256.955858,0.6437996906649797,0.8484437669005528,0.4584855244161633,0,False,,,,
1766477257.206538,0.6440568171472846,0.8485159661644522,0.47233346425133865,0,False,,,,
1766477257.21472,0.3581558795606779,0.557200929894391,0.7049174904823303,0,False,,,,
1766477257.2209122,0.3581558795606779,0.557200929894391,0.7049174904823303,0,False,,,,
1766477257.223857,0.3581558795606779,0.557200929894391,0.7049174904823303,0,False,,,,
1766477257.22643,0.6859353942792267,0.8021391003015931,0.22019235608774243,1,False,,,,
1766477257.611201,0.6833233285957591,0.7978935070127741,0.31026088384163913,1,False,,,,
1766477257.619665,0.6833233285957591,0.7978935070127741,0.31026088384163913,1,False,,,,
1766477257.626903,0.6833233285957591,0.7978935070127741,0.31026088384163913,1,False,,,,
1766477257.630045,0.6833233285957591,0.7978935070127741,0.31026088384163913,1,False,,,,
1766477257.633387,0.7206408564056639,0.762302887790416,0.362609109515009,2,False,,,,
1766477258.068555,0.7206408564056639,0.762302887790416,0.362609109515009,2,False,,,,
1766477258.075167,0.7206408564056639,0.762302887790416,0.362609109515009,2,False,,,,
1766477258.0809002,0.593187130833813,1.1303014436095689,0.73402309184076,2,False,,,,
1766477258.084995,0.593187130833813,1.1303014436095689,0.73402309184076,2,False,,,,
1766477258.088634,0.3750595064923524,0.8258801934500176,0.0,1,False,,,,
1766477258.401519,0.3750595064923524,0.8258801934500176,0.0,1,False,,,,
1766477258.407899,0.3750595064923524,0.8258801934500176,0.0,1,False,,,,
1766477258.410957,0.3750595064923524,0.8258801934500176,0.0,1,False,,,,
1766477258.4141471,0.6850690995387945,0.8294857055132765,0.4030666915943747,1,False,,,,
1766477258.417185,0.617374514788932,0.8228183714792954,0.8001762628555298,2,False,,,,
1766477258.7950878,0.12885328306449653,0.38565785127778307,0.8059851827223314,2,False,,,,
1766477258.801527,0.12885328306449653,0.38565785127778307,0.8059851827223314,2,False,,,,
1766477258.8042922,0.12885328306449653,0.38565785127778307,0.8059851827223314,2,False,,,,
1766477258.80668,0.12885328306449653,0.38565785127778307,0.8059851827223314,2,False,,,,
1766477258.811997,0.710862031228541,0.7759812271156464,0.0,2,False,,,,
1766477259.193836,0.710862031228541,0.7759812271156464,0.0,2,False,,,,
1766477259.200597,0.710862031228541,0.7759812271156464,0.0,2,False,,,,
1766477259.2036731,0.710862031228541,0.7759812271156464,0.0,2,False,,,,
1766477259.206492,0.710862031228541,0.7759812271156464,0.0,2,False,,,,
1766477259.208781,-0.01567334367650828,0.4833254802033924,0.8679604232311249,2,False,,,,
1766477259.537525,-0.01567334367650828,0.4833254802033924,0.8679604232311249,2,False,,,,
1766477259.544766,-0.01567334367650828,0.4833254802033924,0.8679604232311249,2,False,,,,
1766477259.547605,-0.01567334367650828,0.4833254802033924,0.8679604232311249,2,False,,,,
1766477259.550407,-0.013596144840566194,0.4807439127672518,0.8636072874069214,2,False,,,,
1766477259.553584,0.005685868598784172,0.4414720193934669,0.8693778216838837,1,False,,,,
1766477259.897778,0.005685868598784172,0.4414720193934669,0.8693778216838837,1,False,,,,
1766477259.9029388,0.005685868598784172,0.4414720193934669,0.8693778216838837,1,False,,,,
1766477259.905762,0.005685868598784172,0.4414720193934669,0.8693778216838837,1,False,,,,
1766477259.90818,0.005685868598784172,0.4414720193934669,0.8693778216838837,1,False,,,,
1766477259.910641,-0.013946646638788973,0.49347112497429335,0.9242574274539948,1,False,,,,
1766477260.20063,-0.013946646638788973,0.49347112497429335,0.9242574274539948,1,False,,,,
1766477260.207509,-0.013946646638788973,0.49347112497429335,0.9242574274539948,1,False,,,,
1766477260.210282,-0.013946646638788973,0.49347112497429335,0.9242574274539948,1,False,,,,
1766477260.213087,-0.013946646638788973,0.49347112497429335,0.9242574274539948,1,False,,,,
1766477260.216034,0.01326225062541191,0.4601674749649508,0.8119237124919891,1,False,,,,
1766477260.573367,0.01326225062541191,0.4601674749649508,0.8119237124919891,1,False,,,,
1766477260.580346,0.01326225062541191,0.4601674749649508,0.8119237124919891,1,False,,,,
1766477260.5831869,0.01326225062541191,0.4601674749649508,0.8119237124919891,1,False,,,,
1766477260.5887659,0.01326225062541191,0.4601674749649508,0.8119237124919891,1,False,,,,
1766477260.5919008,0.024347647843221763,0.4279328613777811,0.7309174852988787,2,False,,,,
1766477261.0408058,0.024347647843221763,0.4279328613777811,0.7309174852988787,2,False,,,,
1766477261.047589,0.024347647843221763,0.4279328613777811,0.7309174852988787,2,False,,,,
1766477261.0503209,0.024347647843221763,0.4279328613777811,0.7309174852988787,2,False,,,,
1766477261.053098,0.024347647843221763,0.4279328613777811,0.7309174852988787,2,False,,,,
1766477261.0562408,0.061079959527502135,0.24374685871840418,0.8322539925575256,1,False,,,,
1766477261.3450618,0.061079959527502135,0.24374685871840418,0.8322539925575256,1,False,,,,
1766477261.352455,0.061079959527502135,0.24374685871840418,0.8322539925575256,1,False,,,,
1766477261.356291,0.061079959527502135,0.24374685871840418,0.8322539925575256,1,False,,,,
1766477261.359189,0.061079959527502135,0.24374685871840418,0.8322539925575256,1,False,,,,
1766477261.361963,0.07229820197444274,0.22735860119820495,0.7810715062746388,1,False,,,,
1766477261.643737,0.07229820197444274,0.22735860119820495,0.7810715062746388,1,False,,,,
1766477261.650549,0.07229820197444274,0.22735860119820495,0.7810715062746388,1,False,,,,
1766477261.6536489,0.07229820197444274,0.22735860119820495,0.7810715062746388,1,False,,,,
1766477261.656299,0.07229820197444274,0.22735860119820495,0.7810715062746388,1,False,,,,
1766477261.659262,0.4965888684705516,0.7696626925992972,0.7944700037393868,1,False,,,,
1766477262.166095,0.4965888684705516,0.7696626925992972,0.7944700037393868,1,False,,,,
1766477262.173901,0.3809184089707477,0.8233132771600561,0.0,1,False,,,,
1766477262.181586,0.3809184089707477,0.8233132771600561,0.0,1,False,,,,
1766477262.1845791,0.3809184089707477,0.8233132771600561,0.0,1,False,,,,
1766477262.1872928,0.08419358147355434,0.25216272444352317,0.7370807826519012,1,False,,,,
1766477262.4952781,0.08419358147355434,0.25216272444352317,0.7370807826519012,1,False,,,,
1766477262.5025349,0.08425609397888847,0.2511148382923938,0.7308126389980316,1,False,,,,
1766477262.509279,0.5477153595495882,0.8706539313095195,0.7970683574676514,1,False,,,,
1766477262.516447,0.5477153595495882,0.8706539313095195,0.7970683574676514,1,False,,,,
1766477262.5195389,0.08842984673014982,0.14628820570572176,0.875956654548645,1,False,,,,
1766477262.884018,0.08842984673014982,0.14628820570572176,0.875956654548645,1,False,,,,
1766477262.8906932,0.08842984673014982,0.14628820570572176,0.875956654548645,1,False,,,,
1766477262.8936908,0.08842984673014982,0.14628820570572176,0.875956654548645,1,False,,,,
1766477262.8961082,0.08842984673014982,0.14628820570572176,0.875956654548645,1,False,,,,
1766477262.898483,0.564045403066601,0.808383077622733,0.2375289664894479,1,False,,,,
1766477263.18256,0.564045403066601,0.808383077622733,0.2375289664894479,1,False,,,,
1766477263.188842,0.564045403066601,0.808383077622733,0.2375289664894479,1,False,,,,
1766477263.1920378,0.564045403066601,0.808383077622733,0.2375289664894479,1,False,,,,
1766477263.194773,0.564045403066601,0.808383077622733,0.2375289664894479,1,False,,,,
1766477263.200377,0.38093441560657115,0.8233600229564221,0.0,1,False,,,,
1766477263.472747,0.38093441560657115,0.8233600229564221,0.0,1,False,,,,
1766477263.481548,0.5662100999766781,0.8027579569309803,0.2728208538714887,1,False,,,,
1766477263.489302,0.5662100999766781,0.8027579569309803,0.2728208538714887,1,False,,,,
1766477263.49217,0.5662100999766781,0.8027579569309803,0.2728208538714887,1,False,,,,
1766477263.4947069,0.561936591720116,1.0678725758947758,0.8350537419319153,2,False,,,,
1766477263.908583,0.04585658227094545,0.39886937105563347,0.8117508888244629,2,False,,,,
1766477263.9162712,0.04585658227094545,0.39886937105563347,0.8117508888244629,2,False,,,,
1766477263.923002,0.04585658227094545,0.39886937105563347,0.8117508888244629,2,False,,,,
1766477263.926115,0.04585658227094545,0.39886937105563347,0.8117508888244629,2,False,,,,
1766477263.928709,0.5552233447462045,0.9203894137187608,0.14542188777328746,1,False,,,,
1766477264.827136,0.5552233447462045,0.9203894137187608,0.14542188777328746,1,False,,,,
1766477264.8326368,0.5552233447462045,0.9203894137187608,0.14542188777328746,1,False,,,,
1766477264.8352818,0.5552233447462045,0.9203894137187608,0.14542188777328746,1,False,,,,
1766477264.8380759,0.5552233447462045,0.9203894137187608,0.14542188777328746,1,False,,,,
1766477264.8409731,0.3810091446166157,0.8236236471688653,0.0,1,False,,,,
1766477265.239281,0.3810091446166157,0.8236236471688653,0.0,1,False,,,,
1766477265.2465658,0.3810091446166157,0.8236236471688653,0.0,1,False,,,,
1766477265.249423,0.3810091446166157,0.8236236471688653,0.0,1,False,,,,
1766477265.253914,0.512053525441107,1.0931225549161974,0.19531717987250757,1,False,,,,
1766477265.256455,0.5160004036382037,1.0641307396071722,0.14816565875808732,1,False,,,,
1766477265.492791,0.5160004036382037,1.0641307396071722,0.14816565875808732,1,False,,,,
1766477265.499626,0.5160004036382037,1.0641307396071722,0.14816565875808732,1,False,,,,
1766477265.502382,0.5160004036382037,1.0641307396071722,0.14816565875808732,1,False,,,,
1766477265.5073159,0.5160004036382037,1.0641307396071722,0.14816565875808732,1,False,,,,
1766477265.510327,0.5255247208042869,1.0264829216722555,0.11744225685536237,0,False,,,,
1766477265.692967,0.5255247208042869,1.0264829216722555,0.11744225685536237,0,False,,,,
1766477265.698753,0.5255247208042869,1.0264829216722555,0.11744225685536237,0,False,,,,
1766477265.7016058,0.5255247208042869,1.0264829216722555,0.11744225685536237,0,False,,,,
1766477265.703854,0.5255247208042869,1.0264829216722555,0.11744225685536237,0,False,,,,
1766477265.706232,0.5056701721540835,1.1701794023605854,0.09477150726458933,0,False,,,,
1766477265.8805382,0.5056701721540835,1.1701794023605854,0.09477150726458933,0,False,,,,
1766477265.8877308,0.5781040548606997,0.8298128805431405,0.9467538595199585,0,False,,,,
1766477265.891018,0.523306720397226,1.1470801652381561,0.12181107234713394,0,False,,,,
1766477265.8938339,0.523306720397226,1.1470801652381561,0.12181107234713394,0,False,,,,
1766477265.9109702,0.4647724947394144,1.1651568997236053,0.14917379284400661,1,False,,,,
1766477266.252161,0.4647724947394144,1.1651568997236053,0.14917379284400661,1,False,,,,
1766477266.2600052,0.4468566285805985,1.2771615687233342,0.23677163873275872,1,False,,,,
1766477266.2632132,0.4468566285805985,1.2771615687233342,0.23677163873275872,1,False,,,,
1766477266.269094,0.4468566285805985,1.2771615687233342,0.23677163873275872,1,False,,,,
1766477266.272257,0.4002930182431392,1.2677258816317305,0.23189396105629623,1,False,,,,
1766477266.59032,0.57646852542768,0.8257431744844892,1.0,1,False,,,,
1766477266.597014,0.5785967429483001,0.826898923269529,0.8513486385345459,1,False,,,,
1766477266.604158,0.5785967429483001,0.826898923269529,0.8513486385345459,1,False,,,,
1766477266.606942,0.5785967429483001,0.826898923269529,0.8513486385345459,1,False,,,,
1766477266.609248,0.3803289755148704,1.279508078720996,0.24049808795931388,0,False,,,,
1766477266.796444,0.38872961838342873,1.317123216433572,0.27370587735733376,0,False,,,,
1766477266.804019,0.38872961838342873,1.317123216433572,0.27370587735733376,0,False,,,,
1766477266.8090398,0.38872961838342873,1.317123216433572,0.27370587735733376,0,False,,,,
1766477266.8115351,0.38872961838342873,1.317123216433572,0.27370587735733376,0,False,,,,
1766477266.814144,0.31734475125446837,1.2973917694616917,0.19902602019117893,0,False,,,,
1766477267.181626,0.31734475125446837,1.2973917694616917,0.19902602019117893,0,False,,,,
1766477267.187724,0.31734475125446837,1.2973917694616917,0.19902602019117893,0,False,,,,
1766477267.190597,0.541923941266763,0.8435978412329632,0.7784479260444641,0,False,,,,
1766477267.1939058,0.28033509427480385,1.350950029798275,0.172538100460942,0,False,,,,
1766477267.197663,0.525555587944213,0.8501899465336573,0.8372330665588379,0,False,,,,
1766477267.369897,0.525555587944213,0.8501899465336573,0.8372330665588379,0,False,,,,
1766477267.375961,0.525555587944213,0.8501899465336573,0.8372330665588379,0,False,,,,
1766477267.378589,0.525555587944213,0.8501899465336573,0.8372330665588379,0,False,,,,
1766477267.380954,0.525555587944213,0.8501899465336573,0.8372330665588379,0,False,,,,
1766477267.386693,0.37910346197077205,0.8244154559529012,0.0,0,False,,,,
1766477267.565516,0.37910346197077205,0.8244154559529012,0.0,0,False,,,,
1766477267.5721421,0.37910346197077205,0.8244154559529012,0.0,0,False,,,,
1766477267.578133,0.37910346197077205,0.8244154559529012,0.0,0,False,,,,
1766477267.580981,0.37910346197077205,0.8244154559529012,0.0,0,False,,,,
1766477267.5833442,0.7109628800298434,0.7760006549812191,0.0,0,False,,,,
1766477267.75459,0.7109628800298434,0.7760006549812191,0.0,0,False,,,,
1766477267.760691,0.7109628800298434,0.7760006549812191,0.0,0,False,,,,
1766477267.76422,0.49634810371426247,0.8677011810369261,0.8891122937202454,0,False,,,,
1766477267.766952,0.49634810371426247,0.8677011810369261,0.8891122937202454,0,False,,,,
1766477267.770787,0.5002830470217277,0.8563235073075919,0.8297922611236572,0,False,,,,
1766477267.983358,0.5002830470217277,0.8563235073075919,0.8297922611236572,0,False,,,,
1766477267.9886029,0.5002830470217277,0.8563235073075919,0.8297922611236572,0,False,,,,
1766477267.991454,0.5002830470217277,0.8563235073075919,0.8297922611236572,0,False,,,,
1766477267.99398,0.5002830470217277,0.8563235073075919,0.8297922611236572,0,False,,,,
1766477267.997429,0.7109628800298434,0.7760006549812191,0.0,0,False,,,,
1766477268.3326411,0.3791090023377447,0.8244103365336707,0.0,0,False,,,,
1766477268.3395882,0.3791090023377447,0.8244103365336707,0.0,0,False,,,,
1766477268.345752,0.3791090023377447,0.8244103365336707,0.0,0,False,,,,
1766477268.348386,0.3791090023377447,0.8244103365336707,0.0,0,False,,,,
1766477268.350765,0.5759162720485131,0.6326672577443623,0.7124404907226562,0,False,,,,
1766477268.5600882,0.5759162720485131,0.6326672577443623,0.7124404907226562,0,False,,,,
1766477268.566045,0.5759162720485131,0.6326672577443623,0.7124404907226562,0,False,,,,
1766477268.5687811,0.7109628800298434,0.7760006549812191,0.0,0,False,,,,
1766477268.575794,0.7109628800298434,0.7760006549812191,0.0,0,False,,,,
1766477268.5819259,0.40855160215055814,0.9977667828562661,0.10302280714827897,0,False,,,,
1766477268.762605,0.40855160215055814,0.9977667828562661,0.10302280714827897,0,False,,,,
1766477268.768523,0.7109628800298434,0.7760006549812191,0.0,0,False,,,,
1766477268.7730901,0.7109628800298434,0.7760006549812191,0.0,0,False,,,,
1766477268.7765381,0.7109628800298434,0.7760006549812191,0.0,0,False,,,,
1766477268.7823691,0.7109628800298434,0.7760006549812191,0.0,0,False,,,,
1766477268.9760041,0.7109628800298434,0.7760006549812191,0.0,0,False,,,,
1766477268.982111,0.7109628800298434,0.7760006549812191,0.0,0,False,,,,
1766477268.984839,0.7109628800298434,0.7760006549812191,0.0,0,False,,,,
1766477268.987264,0.7109628800298434,0.7760006549812191,0.0,0,False,,,,
1766477268.9893591,0.7109628800298434,0.7760006549812191,0.0,0,False,,,,
1766477269.188608,0.7109628800298434,0.7760006549812191,0.0,0,False,,,,
1766477269.19424,0.7109628800298434,0.7760006549812191,0.0,0,False,,,,
1766477269.197087,0.7109628800298434,0.7760006549812191,0.0,0,False,,,,
1766477269.200227,0.7109628800298434,0.7760006549812191,0.0,0,False,,,,
1766477269.202976,0.7109628800298434,0.7760006549812191,0.0,0,False,,,,
1766477269.358256,0.7109628800298434,0.7760006549812191,0.0,0,False,,,,
1766477269.363997,0.7109628800298434,0.7760006549812191,0.0,0,False,,,,
1766477269.366955,0.7109628800298434,0.7760006549812191,0.0,0,False,,,,
1766477269.369445,0.7109628800298434,0.7760006549812191,0.0,0,False,,,,
1766477269.3728,0.7109628800298434,0.7760006549812191,0.0,0,False,,,,
1766477269.571258,0.7109628800298434,0.7760006549812191,0.0,0,False,,,,
1766477269.578333,0.38212604636186864,0.8800432681462944,0.7043308019638062,0,False,,,,
1766477269.584085,0.38212604636186864,0.8800432681462944,0.7043308019638062,0,False,,,,
1766477269.586606,0.38212604636186864,0.8800432681462944,0.7043308019638062,0,False,,,,
1766477269.589201,0.41182526951712156,0.8390275273128663,0.7161428928375244,0,False,,,,
1766477269.801522,0.41182526951712156,0.8390275273128663,0.7161428928375244,0,False,,,,
1766477269.8074481,0.7109628800298434,0.7760006549812191,0.0,0,False,,,,
1766477269.810424,0.7109628800298434,0.7760006549812191,0.0,0,False,,,,
1766477269.8129559,0.7109628800298434,0.7760006549812191,0.0,0,False,,,,
1766477269.8188632,0.7109628800298434,0.7760006549812191,0.0,0,False,,,,
1766477270.18061,0.4998772395265886,0.8280440478282488,0.7199438214302063,0,False,,,,
1766477270.188596,0.4998772395265886,0.8280440478282488,0.7199438214302063,0,False,,,,
1766477270.1942568,0.4998772395265886,0.8280440478282488,0.7199438214302063,0,False,,,,
1766477270.197048,0.4998772395265886,0.8280440478282488,0.7199438214302063,0,False,,,,
1766477270.201961,0.7109628800298434,0.7760006549812191,0.0,1,False,,,,
1766477270.446939,0.7109628800298434,0.7760006549812191,0.0,1,False,,,,
1766477270.4535701,0.7109628800298434,0.7760006549812191,0.0,1,False,,,,
1766477270.458981,0.7109628800298434,0.7760006549812191,0.0,1,False,,,,
1766477270.4620118,0.7109628800298434,0.7760006549812191,0.0,1,False,,,,
1766477270.464778,0.7109628800298434,0.7760006549812191,0.0,1,False,,,,
1766477270.699736,0.7109628800298434,0.7760006549812191,0.0,1,False,,,,
1766477270.705878,0.7109628800298434,0.7760006549812191,0.0,1,False,,,,
1766477270.708656,0.7109628800298434,0.7760006549812191,0.0,1,False,,,,
1766477270.7113118,0.7109628800298434,0.7760006549812191,0.0,1,False,,,,
1766477270.714706,0.7109628800298434,0.7760006549812191,0.0,0,False,,,,
1766477270.870672,0.7109628800298434,0.7760006549812191,0.0,0,False,,,,
1766477270.875602,0.7109628800298434,0.7760006549812191,0.0,0,False,,,,
1766477270.87844,0.3791090023377447,0.8244103365336707,0.0,0,False,,,,
1766477270.881469,0.3791090023377447,0.8244103365336707,0.0,0,False,,,,
1766477270.884477,0.3791090023377447,0.8244103365336707,0.0,0,False,,,,
1766477271.114151,0.3791090023377447,0.8244103365336707,0.0,0,False,,,,
1766477271.1208,0.7109628800298434,0.7760006549812191,0.0,0,False,,,,
1766477271.1280692,0.7109628800298434,0.7760006549812191,0.0,0,False,,,,
1766477271.130771,0.7109628800298434,0.7760006549812191,0.0,0,False,,,,
1766477271.133178,0.7109628800298434,0.7760006549812191,0.0,0,False,,,,
1766477271.345402,0.7109628800298434,0.7760006549812191,0.0,0,False,,,,
1766477271.353285,0.5048770517108785,0.8572414417488395,0.8116370439529419,0,False,,,,
1766477271.36072,0.5048770517108785,0.8572414417488395,0.8116370439529419,0,False,,,,
1766477271.365972,0.5048770517108785,0.8572414417488395,0.8116370439529419,0,False,,,,
1766477271.3684149,0.5347130308741821,0.8407348106559436,0.7772277593612671,1,False,,,,
1766477271.6905339,0.5349643014672693,0.8404612930984933,0.7785042524337769,1,False,,,,
1766477271.696714,0.5349643014672693,0.8404612930984933,0.7785042524337769,1,False,,,,
1766477271.702267,0.5349643014672693,0.8404612930984933,0.7785042524337769,1,False,,,,
1766477271.704949,0.5349643014672693,0.8404612930984933,0.7785042524337769,1,False,,,,
1766477271.7076778,0.7109628800298434,0.7760006549812191,0.0,0,False,,,,
1766477271.881328,0.7109628800298434,0.7760006549812191,0.0,0,False,,,,
1766477271.8871622,0.7109628800298434,0.7760006549812191,0.0,0,False,,,,
1766477271.891639,0.7109628800298434,0.7760006549812191,0.0,0,False,,,,
1766477271.8979762,0.7109628800298434,0.7760006549812191,0.0,0,False,,,,
1766477271.900532,0.7109628800298434,0.7760006549812191,0.0,0,False,,,,
1766477272.083485,0.7109628800298434,0.7760006549812191,0.0,0,False,,,,
1766477272.08932,0.5215092056589506,0.853134741942631,0.7947450876235962,0,False,,,,
1766477272.0921211,0.5215092056589506,0.853134741942631,0.7947450876235962,0,False,,,,
1766477272.098006,0.5215092056589506,0.853134741942631,0.7947450876235962,0,False,,,,
1766477272.101165,0.7109628800298434,0.7760006549812191,0.0,0,False,,,,
1766477272.2744389,0.7109628800298434,0.7760006549812191,0.0,0,False,,,,
1766477272.2798688,0.7109628800298434,0.7760006549812191,0.0,0,False,,,,
1766477272.282351,0.7109628800298434,0.7760006549812191,0.0,0,False,,,,
1766477272.2847419,0.7109628800298434,0.7760006549812191,0.0,0,False,,,,
1766477272.288034,0.7109628800298434,0.7760006549812191,0.0,0,False,,,,
1766477272.466235,0.7109628800298434,0.7760006549812191,0.0,0,False,,,,
1766477272.471655,0.7109628800298434,0.7760006549812191,0.0,0,False,,,,
1766477272.476607,0.7109628800298434,0.7760006549812191,0.0,0,False,,,,
1766477272.479548,0.7109628800298434,0.7760006549812191,0.0,0,False,,,,
1766477272.481801,0.5200941977693294,0.8750724330127543,0.7565589547157288,0,False,,,,
1766477272.65803,0.3791090023377447,0.8244103365336707,0.0,0,False,,,,
1766477272.6639512,0.3791090023377447,0.8244103365336707,0.0,0,False,,,,
1766477272.670063,0.3791090023377447,0.8244103365336707,0.0,0,False,,,,
1766477272.6728551,0.3791090023377447,0.8244103365336707,0.0,0,False,,,,
1766477272.675373,0.7109628800298434,0.7760006549812191,0.0,0,False,,,,
1766477272.865626,0.7109628800298434,0.7760006549812191,0.0,0,False,,,,
1766477272.871316,0.7109628800298434,0.7760006549812191,0.0,0,False,,,,
1766477272.874144,0.7109628800298434,0.7760006549812191,0.0,0,False,,,,
1766477272.876576,0.7109628800298434,0.7760006549812191,0.0,0,False,,,,
1766477272.8814342,0.7109628800298434,0.7760006549812191,0.0,0,False,,,,
1766477273.084859,0.7109628800298434,0.7760006549812191,0.0,0,False,,,,
1766477273.090483,0.3791090023377447,0.8244103365336707,0.0,0,False,,,,
1766477273.0944939,0.7109628800298434,0.7760006549812191,0.0,0,False,,,,
1766477273.098214,0.7109628800298434,0.7760006549812191,0.0,0,False,,,,
1766477273.104395,0.4843642823791905,0.9170610887144278,0.7082071304321289,0,False,,,,
1766477273.2760792,0.4843642823791905,0.9170610887144278,0.7082071304321289,0,False,,,,
1766477273.281645,0.4843642823791905,0.9170610887144278,0.7082071304321289,0,False,,,,
1766477273.284426,0.4843642823791905,0.9170610887144278,0.7082071304321289,0,False,,,,
1766477273.287322,0.4843642823791905,0.9170610887144278,0.7082071304321289,0,False,,,,
1766477273.2898932,0.46771584002592403,0.9610247499938804,0.7135977745056152,0,False,,,,
1766477273.4945438,0.3791090023377447,0.8244103365336707,0.0,0,False,,,,
1766477273.499975,0.3791090023377447,0.8244103365336707,0.0,0,False,,,,
1766477273.505353,0.3791090023377447,0.8244103365336707,0.0,0,False,,,,
1766477273.508189,0.3791090023377447,0.8244103365336707,0.0,0,False,,,,
1766477273.510669,0.3791090023377447,0.8244103365336707,0.0,0,False,,,,
1766477273.6818008,0.3791090023377447,0.8244103365336707,0.0,0,False,,,,
1766477273.6877592,0.3791090023377447,0.8244103365336707,0.0,0,False,,,,
1766477273.6908622,0.3791090023377447,0.8244103365336707,0.0,0,False,,,,
1766477273.693283,0.3791090023377447,0.8244103365336707,0.0,0,False,,,,
1766477273.696307,0.5267807312962325,0.4400096802491724,0.8672533631324768,0,False,,,,
1766477274.8936908,0.5267807312962325,0.4400096802491724,0.8672533631324768,0,False,,,,
1766477274.90193,0.05822698919504719,0.3389980737739151,0.9140328019131807,0,False,,,,
1766477274.904756,0.05822698919504719,0.3389980737739151,0.9140328019131807,0,False,,,,
1766477274.910727,0.05822698919504719,0.3389980737739151,0.9140328019131807,0,False,,,,
1766477274.917066,0.05728741874800773,0.3283881943058432,0.7306132316589355,2,False,,,,
1766477275.253815,0.05728741874800773,0.3283881943058432,0.7306132316589355,2,False,,,,
1766477275.260096,0.05728741874800773,0.3283881943058432,0.7306132316589355,2,False,,,,
1766477275.263087,0.05728741874800773,0.3283881943058432,0.7306132316589355,2,False,,,,
1766477275.265888,0.05728741874800773,0.3283881943058432,0.7306132316589355,2,False,,,,
1766477275.2699451,0.058570676403637646,0.3107126356191856,0.8969589173793793,2,False,,,,
1766477275.624643,0.058570676403637646,0.3107126356191856,0.8969589173793793,2,False,,,,
1766477275.631705,0.058570676403637646,0.3107126356191856,0.8969589173793793,2,False,,,,
1766477275.635066,0.058570676403637646,0.3107126356191856,0.8969589173793793,2,False,,,,
1766477275.637686,0.058570676403637646,0.3107126356191856,0.8969589173793793,2,False,,,,
1766477275.641137,0.04077323915575448,0.3990907635941695,0.8810911178588867,1,False,,,,
1766477275.993369,0.04077323915575448,0.3990907635941695,0.8810911178588867,1,False,,,,
1766477276.000108,0.04077323915575448,0.3990907635941695,0.8810911178588867,1,False,,,,
1766477276.0032482,0.04077323915575448,0.3990907635941695,0.8810911178588867,1,False,,,,
1766477276.007589,0.04364317708123,0.3986408987019594,0.8335630595684052,1,False,,,,
1766477276.010842,0.024047865110852218,0.4177528682999605,0.856132984161377,1,False,,,,
1766477276.300299,0.024047865110852218,0.4177528682999605,0.856132984161377,1,False,,,,
1766477276.306637,0.023104125047257628,0.416344206809638,0.9418729543685913,1,False,,,,
1766477276.310136,0.03384074616349038,0.3904295686087864,0.8785038888454437,1,False,,,,
1766477276.312906,0.03384074616349038,0.3904295686087864,0.8785038888454437,1,False,,,,
1766477276.3170078,0.010552458428844868,0.41989203901469596,0.7821530997753143,2,False,,,,
1766477276.583894,0.7109914321964235,0.776263798185939,0.0,2,False,,,,
1766477276.590861,0.7109914321964235,0.776263798185939,0.0,2,False,,,,
1766477276.596422,0.7109914321964235,0.776263798185939,0.0,2,False,,,,
1766477276.598954,0.7109914321964235,0.776263798185939,0.0,2,False,,,,
1766477276.602019,0.019204588161490045,0.42433218085302915,0.8770690560340881,1,False,,,,
1766477276.825501,0.019204588161490045,0.42433218085302915,0.8770690560340881,1,False,,,,
1766477276.831887,0.019204588161490045,0.42433218085302915,0.8770690560340881,1,False,,,,
1766477276.835157,0.019204588161490045,0.42433218085302915,0.8770690560340881,1,False,,,,
1766477276.838049,0.019204588161490045,0.42433218085302915,0.8770690560340881,1,False,,,,
1766477276.8406,-0.005577801964858686,0.5026268835690844,0.8627132177352905,1,False,,,,
1766477277.057051,-0.005577801964858686,0.5026268835690844,0.8627132177352905,1,False,,,,
1766477277.063485,-0.005577801964858686,0.5026268835690844,0.8627132177352905,1,False,,,,
1766477277.066303,-0.005577801964858686,0.5026268835690844,0.8627132177352905,1,False,,,,
1766477277.0690718,-0.005577801964858686,0.5026268835690844,0.8627132177352905,1,False,,,,
1766477277.074513,0.7110053179529949,0.7763220601657538,0.0,2,False,,,,
1766477277.3801541,0.7110053179529949,0.7763220601657538,0.0,2,False,,,,
1766477277.387302,0.7110053179529949,0.7763220601657538,0.0,2,False,,,,
1766477277.3941061,0.7110053179529949,0.7763220601657538,0.0,2,False,,,,
1766477277.397125,0.7110053179529949,0.7763220601657538,0.0,2,False,,,,
1766477277.399999,0.0014007172078193797,0.4946488067892505,0.8974151015281677,1,False,,,,
1766477277.627899,0.0014007172078193797,0.4946488067892505,0.8974151015281677,1,False,,,,
1766477277.634273,0.0014007172078193797,0.4946488067892505,0.8974151015281677,1,False,,,,
1766477277.637138,0.0014007172078193797,0.4946488067892505,0.8974151015281677,1,False,,,,
1766477277.640414,0.0014007172078193797,0.4946488067892505,0.8974151015281677,1,False,,,,
1766477277.643001,0.025928957392783048,0.4291701230258589,0.7544415360073473,1,False,,,,
1766477277.879477,0.025928957392783048,0.4291701230258589,0.7544415360073473,1,False,,,,
1766477277.885151,0.024299743553685537,0.43077393004978215,0.7067474130030028,1,False,,,,
1766477277.8888981,0.024299743553685537,0.43077393004978215,0.7067474130030028,1,False,,,,
1766477277.892351,0.024299743553685537,0.43077393004978215,0.7067474130030028,1,False,,,,
1766477277.899128,0.027254316863330706,0.4138718258472409,0.7594224661072312,2,False,,,,
1766477278.2592452,0.711007803488384,0.7763086805043103,0.0,2,False,,,,
1766477278.2668328,0.711007803488384,0.7763086805043103,0.0,2,False,,,,
1766477278.2700438,0.711007803488384,0.7763086805043103,0.0,2,False,,,,
1766477278.272557,0.711007803488384,0.7763086805043103,0.0,2,False,,,,
1766477278.2750678,0.06596689444726458,0.29935216660488095,0.874182403087616,1,False,,,,
1766477278.559505,0.06596689444726458,0.29935216660488095,0.874182403087616,1,False,,,,
1766477278.566945,0.06596689444726458,0.29935216660488095,0.874182403087616,1,False,,,,
1766477278.570136,0.06596689444726458,0.29935216660488095,0.874182403087616,1,False,,,,
1766477278.5754728,0.06596689444726458,0.29935216660488095,0.874182403087616,1,False,,,,
1766477278.578357,0.5711756119845122,0.9307629635956953,0.8832412362098694,1,False,,,,
1766477278.960364,0.7107654825569594,0.7759570862774966,0.0,1,False,,,,
1766477278.96865,0.7107654825569594,0.7759570862774966,0.0,1,False,,,,
1766477278.974804,0.7107654825569594,0.7759570862774966,0.0,1,False,,,,
1766477278.977731,0.7107654825569594,0.7759570862774966,0.0,1,False,,,,
1766477278.980473,0.3792775056672236,0.8241614198433507,0.0,2,False,,,,
1766477279.2915661,0.3792775056672236,0.8241614198433507,0.0,2,False,,,,
1766477279.3002932,0.3792775056672236,0.8241614198433507,0.0,2,False,,,,
1766477279.306447,0.3792775056672236,0.8241614198433507,0.0,2,False,,,,
1766477279.309039,0.3792775056672236,0.8241614198433507,0.0,2,False,,,,
1766477279.311651,0.7107654825569594,0.7759570862774966,0.0,1,False,,,,
1766477279.66208,0.7107654825569594,0.7759570862774966,0.0,1,False,,,,
1766477279.670075,0.7107654825569594,0.7759570862774966,0.0,1,False,,,,
1766477279.6760051,0.7107654825569594,0.7759570862774966,0.0,1,False,,,,
1766477279.6787589,0.7107654825569594,0.7759570862774966,0.0,1,False,,,,
1766477279.6810648,0.7107654825569594,0.7759570862774966,0.0,0,False,,,,
1766477279.878855,0.7107654825569594,0.7759570862774966,0.0,0,False,,,,
1766477279.885835,0.7107654825569594,0.7759570862774966,0.0,0,False,,,,
1766477279.889342,0.7107654825569594,0.7759570862774966,0.0,0,False,,,,
1766477279.891857,0.7107654825569594,0.7759570862774966,0.0,0,False,,,,
1766477279.89447,1.1405327627582718,1.982634494698655,0.8241502642631531,0,False,,,,
1766477280.1043499,1.1405327627582718,1.982634494698655,0.8241502642631531,0,False,,,,
1766477280.111428,1.1405327627582718,1.982634494698655,0.8241502642631531,0,False,,,,
1766477280.116262,1.1405327627582718,1.982634494698655,0.8241502642631531,0,False,,,,
1766477280.119283,1.1405327627582718,1.982634494698655,0.8241502642631531,0,False,,,,
1766477280.1226618,0.5725130158122214,0.7927016935148825,0.8705876469612122,0,False,,,,
1766477280.298908,0.5724686776794442,0.7985484874689879,0.9821059703826904,0,False,,,,
1766477280.305206,0.5724686776794442,0.7985484874689879,0.9821059703826904,0,False,,,,
1766477280.310507,0.5724686776794442,0.7985484874689879,0.9821059703826904,0,False,,,,
1766477280.313347,0.5724686776794442,0.7985484874689879,0.9821059703826904,0,False,,,,
1766477280.3157592,0.5756175443195412,0.8067866524237327,0.9973738789558411,0,False,,,,
1766477280.7734091,0.5756175443195412,0.8067866524237327,0.9973738789558411,0,False,,,,
1766477280.780225,0.5756175443195412,0.8067866524237327,0.9973738789558411,0,False,,,,
1766477280.782955,0.5756175443195412,0.8067866524237327,0.9973738789558411,0,False,,,,
1766477280.785077,0.5756175443195412,0.8067866524237327,0.9973738789558411,0,False,,,,
1766477280.790209,0.5713099420434318,0.8135286629893048,1.0,0,False,,,,
1766477281.1401432,0.6162755098890355,0.631617113156846,0.05976818705536698,0,False,,,,
1766477281.1471848,0.6162755098890355,0.631617113156846,0.05976818705536698,0,False,,,,
1766477281.152695,0.6162755098890355,0.631617113156846,0.05976818705536698,0,False,,,,
1766477281.155662,0.6162755098890355,0.631617113156846,0.05976818705536698,0,False,,,,
1766477281.157814,0.6367525425031253,0.6416832516618739,0.1076810093934559,0,False,,,,
1766477281.507621,0.5756140156106639,0.8124455371764773,0.9937009811401367,0,False,,,,
1766477281.514015,0.5756140156106639,0.8124455371764773,0.9937009811401367,0,False,,,,
1766477281.5195148,0.5756140156106639,0.8124455371764773,0.9937009811401367,0,False,,,,
1766477281.522771,0.5756140156106639,0.8124455371764773,0.9937009811401367,0,False,,,,
1766477281.525186,0.37636486959316345,0.8293071121219793,0.0,0,False,,,,
1766477281.810171,0.37636486959316345,0.8293071121219793,0.0,0,False,,,,
1766477281.815232,0.37636486959316345,0.8293071121219793,0.0,0,False,,,,
1766477281.820978,0.37636486959316345,0.8293071121219793,0.0,0,False,,,,
1766477281.8236601,0.37636486959316345,0.8293071121219793,0.0,0,False,,,,
1766477281.826265,0.02286387587223384,0.4475976573685103,0.9511170089244843,1,False,,,,
1766477282.1821911,0.02286387587223384,0.4475976573685103,0.9511170089244843,1,False,,,,
1766477282.1899679,0.02286387587223384,0.4475976573685103,0.9511170089244843,1,False,,,,
1766477282.192899,0.02286387587223384,0.4475976573685103,0.9511170089244843,1,False,,,,
1766477282.19588,0.02286387587223384,0.4475976573685103,0.9511170089244843,1,False,,,,
1766477282.1983669,0.08682567137304228,-0.4644798188391033,0.9744833111763,1,False,,,,
1766477282.74988,0.7054055137168995,1.599939741745851,1.0,1,False,,,,
1766477282.7578838,0.7054055137168995,1.599939741745851,1.0,1,False,,,,
1766477282.764111,0.7054055137168995,1.599939741745851,1.0,1,False,,,,
1766477282.769681,0.7054055137168995,1.599939741745851,1.0,1,False,,,,
1766477282.77318,0.059490321180507344,0.2676508399546653,0.9622823596000671,1,False,,,,
1766477283.255049,0.059490321180507344,0.2676508399546653,0.9622823596000671,1,False,,,,
1766477283.261796,0.059490321180507344,0.2676508399546653,0.9622823596000671,1,False,,,,
1766477283.265022,0.059490321180507344,0.2676508399546653,0.9622823596000671,1,False,,,,
1766477283.267746,0.059490321180507344,0.2676508399546653,0.9622823596000671,1,False,,,,
1766477283.270489,0.711708095002124,0.7761374962965443,0.0,1,False,,,,
1766477283.5637271,0.711708095002124,0.7761374962965443,0.0,1,False,,,,
1766477283.570657,0.711708095002124,0.7761374962965443,0.0,1,False,,,,
1766477283.57407,0.711708095002124,0.7761374962965443,0.0,1,False,,,,
1766477283.576992,0.711708095002124,0.7761374962965443,0.0,1,False,,,,
1766477283.580249,0.7117783587893858,0.7761125644962203,0.0,2,False,,,,
1766477284.0818932,0.3975693985371624,0.7071550652180565,0.2484364510625998,2,False,,,,
1766477284.090744,0.7117783587893858,0.7761125644962203,0.0,2,False,,,,
1766477284.097918,0.7117783587893858,0.7761125644962203,0.0,2,False,,,,
1766477284.100897,0.7117783587893858,0.7761125644962203,0.0,2,False,,,,
1766477284.1035688,0.05920629173826999,0.30879449106181966,0.8349812924861908,1,False,,,,
1766477284.491761,0.05920629173826999,0.30879449106181966,0.8349812924861908,1,False,,,,
1766477284.498928,0.05920629173826999,0.30879449106181966,0.8349812924861908,1,False,,,,
1766477284.502005,0.05920629173826999,0.30879449106181966,0.8349812924861908,1,False,,,,
1766477284.5047529,0.05920629173826999,0.30879449106181966,0.8349812924861908,1,False,,,,
1766477284.50718,0.029865010197635745,0.701527698252424,0.8865857592366624,1,False,,,,
1766477284.8262029,-0.021542142173144097,0.6201120646153956,0.825120177118764,1,False,,,,
1766477284.833354,-0.021542142173144097,0.6201120646153956,0.825120177118764,1,False,,,,
1766477284.839166,-0.021542142173144097,0.6201120646153956,0.825120177118764,1,False,,,,
1766477284.841932,-0.021542142173144097,0.6201120646153956,0.825120177118764,1,False,,,,
1766477284.844404,0.0030816562368063847,0.4355584050480634,0.9360625445842743,1,False,,,,
1766477285.263071,0.0030816562368063847,0.4355584050480634,0.9360625445842743,1,False,,,,
1766477285.2700832,0.0030816562368063847,0.4355584050480634,0.9360625445842743,1,False,,,,
1766477285.273194,0.0030816562368063847,0.4355584050480634,0.9360625445842743,1,False,,,,
1766477285.2759109,0.0030816562368063847,0.4355584050480634,0.9360625445842743,1,False,,,,
1766477285.278605,-0.01556383641228365,0.5457988907279975,0.8875221264362335,1,False,,,,
1766477285.678488,-0.01556383641228365,0.5457988907279975,0.8875221264362335,1,False,,,,
1766477285.6852238,-0.01556383641228365,0.5457988907279975,0.8875221264362335,1,False,,,,
1766477285.6882508,-0.01556383641228365,0.5457988907279975,0.8875221264362335,1,False,,,,
1766477285.691118,0.7116474244729007,0.7759013111588625,0.0,1,False,,,,
1766477285.6969202,-0.00343077093532278,0.47305395529447924,0.8389290571212769,2,False,,,,
1766477286.132093,0.5655841714347749,1.065695379634532,0.8901612758636475,2,False,,,,
1766477286.138933,0.5655841714347749,1.065695379634532,0.8901612758636475,2,False,,,,
1766477286.145217,0.5655841714347749,1.065695379634532,0.8901612758636475,2,False,,,,
1766477286.14802,0.5655841714347749,1.065695379634532,0.8901612758636475,2,False,,,,
1766477286.15076,0.7134523380634187,0.8971702293509218,0.2773402680181435,2,False,,,,
1766477286.519564,0.7134523380634187,0.8971702293509218,0.2773402680181435,2,False,,,,
1766477286.528405,0.7013173955946992,0.999800935303966,0.3486505526944518,2,False,,,,
1766477286.531021,0.7013173955946992,0.999800935303966,0.3486505526944518,2,False,,,,
1766477286.5341399,0.7013173955946992,0.999800935303966,0.3486505526944518,2,False,,,,
1766477286.540607,0.7142759943392425,0.9801814580698556,0.24265368366204132,1,False,,,,
1766477286.8359969,0.7671432916437035,0.8658792185367187,0.22415249398343026,1,False,,,,
1766477286.841849,0.7671432916437035,0.8658792185367187,0.22415249398343026,1,False,,,,
1766477286.8484411,0.7671432916437035,0.8658792185367187,0.22415249398343026,1,False,,,,
1766477286.851678,0.7671432916437035,0.8658792185367187,0.22415249398343026,1,False,,,,
1766477286.85409,0.5709017789337032,0.8029749693623842,0.9441988468170166,0,False,,,,
1766477287.073111,0.5709017789337032,0.8029749693623842,0.9441988468170166,0,False,,,,
1766477287.079415,0.5709017789337032,0.8029749693623842,0.9441988468170166,0,False,,,,
1766477287.0824242,0.5709017789337032,0.8029749693623842,0.9441988468170166,0,False,,,,
1766477287.084908,0.5709017789337032,0.8029749693623842,0.9441988468170166,0,False,,,,
1766477287.0879622,0.026616999514315863,0.4236623264408985,0.9926414787769318,1,False,,,,
1766477287.410769,0.026616999514315863,0.4236623264408985,0.9926414787769318,1,False,,,,
1766477287.418282,0.026616999514315863,0.4236623264408985,0.9926414787769318,1,False,,,,
1766477287.421267,0.026616999514315863,0.4236623264408985,0.9926414787769318,1,False,,,,
1766477287.4269462,0.026616999514315863,0.4236623264408985,0.9926414787769318,1,False,,,,
1766477287.429857,0.051421727327857526,0.5140624673719316,1.0,1,False,,,,
1766477287.8684852,0.042111825182029515,0.37110615431790483,1.0,1,False,,,,
1766477287.876477,0.042111825182029515,0.37110615431790483,1.0,1,False,,,,
1766477287.883151,0.042111825182029515,0.37110615431790483,1.0,1,False,,,,
1766477287.886098,0.042111825182029515,0.37110615431790483,1.0,1,False,,,,
1766477287.8888729,0.06857802288170908,0.2708601886865736,0.8742588758468628,1,False,,,,
1766477288.181262,0.06857802288170908,0.2708601886865736,0.8742588758468628,1,False,,,,
1766477288.188208,0.06857802288170908,0.2708601886865736,0.8742588758468628,1,False,,,,
1766477288.191404,0.06857802288170908,0.2708601886865736,0.8742588758468628,1,False,,,,
1766477288.1939871,0.06857802288170908,0.2708601886865736,0.8742588758468628,1,False,,,,
1766477288.196471,0.015099628245120744,0.44567489030476737,0.9324444830417633,1,False,,,,
1766477288.513153,0.01061217338359075,0.47474068884362663,0.998996764421463,1,False,,,,
1766477288.521685,0.01061217338359075,0.47474068884362663,0.998996764421463,1,False,,,,
1766477288.5278552,0.01061217338359075,0.47474068884362663,0.998996764421463,1,False,,,,
1766477288.5308201,0.01061217338359075,0.47474068884362663,0.998996764421463,1,False,,,,
1766477288.533472,0.004095257149203668,0.5032114335977548,0.9254429340362549,2,False,,,,
1766477288.8890471,0.004095257149203668,0.5032114335977548,0.9254429340362549,2,False,,,,
1766477288.895605,0.004095257149203668,0.5032114335977548,0.9254429340362549,2,False,,,,
1766477288.898565,0.004095257149203668,0.5032114335977548,0.9254429340362549,2,False,,,,
1766477288.901123,0.004095257149203668,0.5032114335977548,0.9254429340362549,2,False,,,,
1766477288.903659,0.04029077234675658,0.37477599873665257,0.853801429271698,2,False,,,,
1766477289.313983,0.03430506936516009,0.39472246970339686,0.929855078458786,2,False,,,,
1766477289.321503,0.03430506936516009,0.39472246970339686,0.929855078458786,2,False,,,,
1766477289.3267999,0.03430506936516009,0.39472246970339686,0.929855078458786,2,False,,,,
1766477289.3294332,0.03430506936516009,0.39472246970339686,0.929855078458786,2,False,,,,
1766477289.331976,0.3791094392420165,0.8237904168131125,0.0,1,False,,,,
1766477289.6066859,0.3791094392420165,0.8237904168131125,0.0,1,False,,,,
1766477289.61432,0.3791094392420165,0.8237904168131125,0.0,1,False,,,,
1766477289.6177878,0.3791094392420165,0.8237904168131125,0.0,1,False,,,,
1766477289.62497,0.3791094392420165,0.8237904168131125,0.0,1,False,,,,
1766477289.627794,0.7116176311812256,0.7757075309675204,0.0,1,False,,,,
1766477290.1215,0.45369270227258135,0.9081404013335128,0.8345410227775574,1,False,,,,
1766477290.130464,0.45369270227258135,0.9081404013335128,0.8345410227775574,1,False,,,,
1766477290.1365492,0.45369270227258135,0.9081404013335128,0.8345410227775574,1,False,,,,
1766477290.1392891,0.45369270227258135,0.9081404013335128,0.8345410227775574,1,False,,,,
1766477290.1445792,0.5704544355426651,0.8182543868137003,1.0,0,False,,,,
1766477290.3500211,0.573358874174293,0.817508231764665,0.909875750541687,0,False,,,,
1766477290.356977,0.573358874174293,0.817508231764665,0.909875750541687,0,False,,,,
1766477290.362813,0.573358874174293,0.817508231764665,0.909875750541687,0,False,,,,
1766477290.3654568,0.573358874174293,0.817508231764665,0.909875750541687,0,False,,,,
1766477290.367915,0.5736098716479004,0.8137315731768124,1.0,0,False,,,,
1766477290.547882,0.5736098716479004,0.8137315731768124,1.0,0,False,,,,
1766477290.554514,0.7116176311812256,0.7757075309675204,0.0,0,False,,,,
1766477290.5577338,0.7116176311812256,0.7757075309675204,0.0,0,False,,,,
1766477290.564353,0.7116176311812256,0.7757075309675204,0.0,0,False,,,,
1766477290.5669382,0.5657118297996784,0.8195892667000073,1.0,0,False,,,,
1766477290.7800992,0.5657118297996784,0.8195892667000073,1.0,0,False,,,,
1766477290.785876,0.5643422717787161,0.8219588501916205,0.9529064893722534,0,False,,,,
1766477290.790346,0.5643422717787161,0.8219588501916205,0.9529064893722534,0,False,,,,
1766477290.796582,0.5643422717787161,0.8219588501916205,0.9529064893722534,0,False,,,,
1766477290.799276,0.5684620515594042,0.815584965679822,1.0,1,False,,,,
1766477291.1462631,0.5684620515594042,0.815584965679822,1.0,1,False,,,,
1766477291.15247,1.069224679271106,1.4804630192240098,0.8718309993673276,1,False,,,,
1766477291.1567008,1.069224679271106,1.4804630192240098,0.8718309993673276,1,False,,,,
1766477291.1603148,1.069224679271106,1.4804630192240098,0.8718309993673276,1,False,,,,
1766477291.1662679,0.7116176311812256,0.7757075309675204,0.0,2,False,,,,
1766477291.530313,0.5511741407539074,0.8416183888487024,0.9625084400177002,2,False,,,,
1766477291.536784,0.5511741407539074,0.8416183888487024,0.9625084400177002,2,False,,,,
1766477291.542739,0.5511741407539074,0.8416183888487024,0.9625084400177002,2,False,,,,
1766477291.547966,0.5511741407539074,0.8416183888487024,0.9625084400177002,2,False,,,,
1766477291.5505202,0.5672167716586539,0.8192741261550553,0.8867983222007751,0,False,,,,
1766477291.708639,0.5672167716586539,0.8192741261550553,0.8867983222007751,0,False,,,,
1766477291.715412,0.5672167716586539,0.8192741261550553,0.8867983222007751,0,False,,,,
1766477291.717945,0.5672167716586539,0.8192741261550553,0.8867983222007751,0,False,,,,
1766477291.720418,0.5672167716586539,0.8192741261550553,0.8867983222007751,0,False,,,,
1766477291.723208,0.3782152837563112,0.8256636584890837,0.0,0,False,,,,
1766477291.901879,0.3782152837563112,0.8256636584890837,0.0,0,False,,,,
1766477291.907697,0.3782152837563112,0.8256636584890837,0.0,0,False,,,,
1766477291.910609,0.3782152837563112,0.8256636584890837,0.0,0,False,,,,
1766477291.9128299,0.3782152837563112,0.8256636584890837,0.0,0,False,,,,
1766477291.915327,0.5375419736966868,0.8664799772686559,0.7587646245956421,0,False,,,,
1766477292.132511,0.5375419736966868,0.8664799772686559,0.7587646245956421,0,False,,,,
1766477292.1392698,0.5375419736966868,0.8664799772686559,0.7587646245956421,0,False,,,,
1766477292.14202,0.5375419736966868,0.8664799772686559,0.7587646245956421,0,False,,,,
1766477292.14428,0.5375419736966868,0.8664799772686559,0.7587646245956421,0,False,,,,
1766477292.146593,0.6533533154565146,1.1551894504428568,0.7333578157849292,0,False,,,,
1766477292.335916,0.6533533154565146,1.1551894504428568,0.7333578157849292,0,False,,,,
1766477292.342325,0.6533533154565146,1.1551894504428568,0.7333578157849292,0,False,,,,
1766477292.3453498,0.6533533154565146,1.1551894504428568,0.7333578157849292,0,False,,,,
1766477292.348256,0.6533533154565146,1.1551894504428568,0.7333578157849292,0,False,,,,
1766477292.350826,0.5254788695492342,0.8874050621867282,0.866506814956665,0,False,,,,
1766477292.533149,0.5257361039288714,0.884581910916805,0.7523742318153381,0,False,,,,
1766477292.540407,0.5257361039288714,0.884581910916805,0.7523742318153381,0,False,,,,
1766477292.545353,0.5257361039288714,0.884581910916805,0.7523742318153381,0,False,,,,
1766477292.547953,0.5257361039288714,0.884581910916805,0.7523742318153381,0,False,,,,
1766477292.550339,0.5252889952246083,0.8755571161185653,0.9139623641967773,0,False,,,,
1766477292.736393,0.5252889952246083,0.8755571161185653,0.9139623641967773,0,False,,,,
1766477292.743177,0.5252889952246083,0.8755571161185653,0.9139623641967773,0,False,,,,
1766477292.746065,0.5252889952246083,0.8755571161185653,0.9139623641967773,0,False,,,,
1766477292.748533,0.5252889952246083,0.8755571161185653,0.9139623641967773,0,False,,,,
1766477292.7507908,0.7116176311812256,0.7757075309675204,0.0,0,False,,,,
1766477292.9331899,0.5313242857681284,0.8699095278592023,0.8804338574409485,0,False,,,,
1766477292.940969,0.5313242857681284,0.8699095278592023,0.8804338574409485,0,False,,,,
1766477292.944119,0.5313242857681284,0.8699095278592023,0.8804338574409485,0,False,,,,
1766477292.946485,0.5313242857681284,0.8699095278592023,0.8804338574409485,0,False,,,,
1766477292.951509,0.7116176311812256,0.7757075309675204,0.0,0,False,,,,
1766477293.107081,0.7116176311812256,0.7757075309675204,0.0,0,False,,,,
1766477293.121621,0.7116176311812256,0.7757075309675204,0.0,0,False,,,,
1766477293.124392,0.7116176311812256,0.7757075309675204,0.0,0,False,,,,
1766477293.127119,0.7116176311812256,0.7757075309675204,0.0,0,False,,,,
1766477293.129499,0.5434870964832542,0.8160296542143146,0.9134981036186218,0,False,,,,
1766477293.315289,0.5434870964832542,0.8160296542143146,0.9134981036186218,0,False,,,,
1766477293.321436,0.5434870964832542,0.8160296542143146,0.9134981036186218,0,False,,,,
1766477293.324343,0.5434870964832542,0.8160296542143146,0.9134981036186218,0,False,,,,
1766477293.326653,0.5434870964832542,0.8160296542143146,0.9134981036186218,0,False,,,,
1766477293.329031,0.7116176311812256,0.7757075309675204,0.0,0,False,,,,
1766477293.5193799,0.7116176311812256,0.7757075309675204,0.0,0,False,,,,
1766477293.5246341,0.7116176311812256,0.7757075309675204,0.0,0,False,,,,
1766477293.527149,0.7116176311812256,0.7757075309675204,0.0,0,False,,,,
1766477293.529802,0.7116176311812256,0.7757075309675204,0.0,0,False,,,,
1766477293.532655,0.7116127927131591,0.7757053347834761,0.0,0,False,,,,
1766477293.741366,0.7116127927131591,0.7757053347834761,0.0,0,False,,,,
1766477293.747437,0.7116127927131591,0.7757053347834761,0.0,0,False,,,,
1766477293.750304,0.7116127927131591,0.7757053347834761,0.0,0,False,,,,
1766477293.7529988,0.7116127927131591,0.7757053347834761,0.0,0,False,,,,
1766477293.755915,0.7116127927131591,0.7757053347834761,0.0,0,False,,,,
1766477293.951116,0.7116127927131591,0.7757053347834761,0.0,0,False,,,,
1766477293.956486,0.7116127927131591,0.7757053347834761,0.0,0,False,,,,
1766477293.9595141,0.7116127927131591,0.7757053347834761,0.0,0,False,,,,
1766477293.9643579,0.7116127927131591,0.7757053347834761,0.0,0,False,,,,
1766477293.9671621,0.7116127927131591,0.7757053347834761,0.0,0,False,,,,
1766477294.1320682,0.7116127927131591,0.7757053347834761,0.0,0,False,,,,
1766477294.137663,0.7116127927131591,0.7757053347834761,0.0,0,False,,,,
1766477294.140447,0.7116127927131591,0.7757053347834761,0.0,0,False,,,,
1766477294.1470022,0.7116127927131591,0.7757053347834761,0.0,0,False,,,,
1766477294.149914,0.600951458085281,0.8028004292786922,0.8337504267692566,0,False,,,,
1766477294.346039,0.600951458085281,0.8028004292786922,0.8337504267692566,0,False,,,,
1766477294.3512309,0.600951458085281,0.8028004292786922,0.8337504267692566,0,False,,,,
1766477294.354659,0.600951458085281,0.8028004292786922,0.8337504267692566,0,False,,,,
1766477294.3569221,0.600951458085281,0.8028004292786922,0.8337504267692566,0,False,,,,
1766477294.359423,0.6816204005535565,0.7983865555792267,0.9767221031525187,0,False,,,,
1766477294.527201,0.6816204005535565,0.7983865555792267,0.9767221031525187,0,False,,,,
1766477294.533649,0.6816204005535565,0.7983865555792267,0.9767221031525187,0,False,,,,
1766477294.536392,0.6816204005535565,0.7983865555792267,0.9767221031525187,0,False,,,,
1766477294.539208,0.3794480247118039,0.8229903183483708,0.0,0,False,,,,
1766477294.542576,0.14448380221782314,0.34077355898406003,0.9370849132537842,1,False,,,,
1766477294.9329522,0.14448380221782314,0.34077355898406003,0.9370849132537842,1,False,,,,
1766477294.941151,0.014485833934771897,0.4790935595546222,0.988673985004425,1,False,,,,
1766477294.9453928,0.014485833934771897,0.4790935595546222,0.988673985004425,1,False,,,,
1766477294.949468,0.014485833934771897,0.4790935595546222,0.988673985004425,1,False,,,,
1766477294.955673,0.0034305876606913976,0.5045068068274474,0.9420995712280273,1,False,,,,
1766477295.242241,-0.002888997395970616,0.5230550943692802,0.9882472455501556,1,False,,,,
1766477295.249134,-0.002888997395970616,0.5230550943692802,0.9882472455501556,1,False,,,,
1766477295.25473,-0.002888997395970616,0.5230550943692802,0.9882472455501556,1,False,,,,
1766477295.257653,-0.002888997395970616,0.5230550943692802,0.9882472455501556,1,False,,,,
1766477295.2602088,-0.007528897246272681,0.5376681948115202,0.897596925497055,1,False,,,,
1766477295.574852,-0.008713822052271603,0.5448071483234103,0.9035254418849945,1,False,,,,
1766477295.58142,-0.011117082987233396,0.5520308896692394,0.8938242495059967,1,False,,,,
1766477295.5891259,-0.011117082987233396,0.5520308896692394,0.8938242495059967,1,False,,,,
1766477295.592253,-0.011117082987233396,0.5520308896692394,0.8938242495059967,1,False,,,,
1766477295.594972,0.012715650292358927,0.5576846467662625,0.8238333425277038,1,False,,,,
1766477295.955146,0.012715650292358927,0.5576846467662625,0.8238333425277038,1,False,,,,
1766477295.9618292,0.012715650292358927,0.5576846467662625,0.8238333425277038,1,False,,,,
1766477295.965035,0.012715650292358927,0.5576846467662625,0.8238333425277038,1,False,,,,
1766477295.967548,0.012715650292358927,0.5576846467662625,0.8238333425277038,1,False,,,,
1766477295.972336,0.711438765794041,0.7757336566311709,0.0,1,False,,,,
1766477296.295447,0.711438765794041,0.7757336566311709,0.0,1,False,,,,
1766477296.3018398,0.711438765794041,0.7757336566311709,0.0,1,False,,,,
1766477296.3049972,0.711438765794041,0.7757336566311709,0.0,1,False,,,,
1766477296.30801,0.711438765794041,0.7757336566311709,0.0,1,False,,,,
1766477296.310584,-0.030014432447541938,0.591656230655356,0.9101219177246094,2,False,,,,
1766477296.5959198,-0.030014432447541938,0.591656230655356,0.9101219177246094,2,False,,,,
1766477296.6024551,-0.030014432447541938,0.591656230655356,0.9101219177246094,2,False,,,,
1766477296.6058738,-0.030014432447541938,0.591656230655356,0.9101219177246094,2,False,,,,
1766477296.608643,-0.030014432447541938,0.591656230655356,0.9101219177246094,2,False,,,,
1766477296.61108,0.711438765794041,0.7757336566311709,0.0,2,False,,,,
1766477297.08581,0.711438765794041,0.7757336566311709,0.0,2,False,,,,
1766477297.092972,0.711438765794041,0.7757336566311709,0.0,2,False,,,,
1766477297.099034,0.711438765794041,0.7757336566311709,0.0,2,False,,,,
1766477297.10168,0.711438765794041,0.7757336566311709,0.0,2,False,,,,
1766477297.1043131,-0.037768716285299854,0.6271666600426051,0.8978944420814514,1,False,,,,
1766477297.328937,-0.037768716285299854,0.6271666600426051,0.8978944420814514,1,False,,,,
1766477297.3351429,-0.037768716285299854,0.6271666600426051,0.8978944420814514,1,False,,,,
1766477297.337945,-0.037768716285299854,0.6271666600426051,0.8978944420814514,1,False,,,,
1766477297.340555,-0.037768716285299854,0.6271666600426051,0.8978944420814514,1,False,,,,
1766477297.343072,-0.018339082225446023,0.5177541865555098,0.8523179590702057,1,False,,,,
1766477297.615572,-0.018339082225446023,0.5177541865555098,0.8523179590702057,1,False,,,,
1766477297.621999,-0.01805143648674523,0.5162603159841617,0.8471655249595642,1,False,,,,
1766477297.624691,-0.01805143648674523,0.5162603159841617,0.8471655249595642,1,False,,,,
1766477297.6305559,-0.01805143648674523,0.5162603159841617,0.8471655249595642,1,False,,,,
1766477297.633003,0.017670954503869928,0.548264424235725,0.7969446778297424,1,False,,,,
1766477297.932926,0.017670954503869928,0.548264424235725,0.7969446778297424,1,False,,,,
1766477297.939723,0.017670954503869928,0.548264424235725,0.7969446778297424,1,False,,,,
1766477297.942822,0.017670954503869928,0.548264424235725,0.7969446778297424,1,False,,,,
1766477297.9455922,0.017670954503869928,0.548264424235725,0.7969446778297424,1,False,,,,
1766477297.948608,0.028723693092124324,0.35516970049782437,0.8341827988624573,1,False,,,,
1766477298.270221,0.028723693092124324,0.35516970049782437,0.8341827988624573,1,False,,,,
1766477298.2765272,0.028723693092124324,0.35516970049782437,0.8341827988624573,1,False,,,,
1766477298.279265,0.028723693092124324,0.35516970049782437,0.8341827988624573,1,False,,,,
1766477298.281815,0.028723693092124324,0.35516970049782437,0.8341827988624573,1,False,,,,
1766477298.284199,0.03208588863119664,0.34352557875442535,0.8850336670875549,2,False,,,,
1766477298.569477,0.029536598030629246,0.351022647920777,0.947670191526413,2,False,,,,
1766477298.57649,0.029536598030629246,0.351022647920777,0.947670191526413,2,False,,,,
1766477298.579306,0.029536598030629246,0.351022647920777,0.947670191526413,2,False,,,,
1766477298.582175,0.029536598030629246,0.351022647920777,0.947670191526413,2,False,,,,
1766477298.585022,0.7114271461714102,0.775790184352611,0.0,1,False,,,,
1766477299.008268,0.7114271461714102,0.775790184352611,0.0,1,False,,,,
1766477299.016393,0.7114271461714102,0.775790184352611,0.0,1,False,,,,
1766477299.018816,0.7114271461714102,0.775790184352611,0.0,1,False,,,,
1766477299.021295,0.7114271461714102,0.775790184352611,0.0,1,False,,,,
1766477299.023574,0.7114271461714102,0.775790184352611,0.0,0,False,,,,
1766477299.202815,0.7114271461714102,0.775790184352611,0.0,0,False,,,,
1766477299.21011,0.7114271461714102,0.775790184352611,0.0,0,False,,,,
1766477299.215199,0.7114271461714102,0.775790184352611,0.0,0,False,,,,
1766477299.217972,0.7114271461714102,0.775790184352611,0.0,0,False,,,,
1766477299.2202728,0.7114271461714102,0.775790184352611,0.0,0,False,,,,
1766477299.3810198,0.7114271461714102,0.775790184352611,0.0,0,False,,,,
1766477299.387094,0.7114271461714102,0.775790184352611,0.0,0,False,,,,
1766477299.3901792,0.7114271461714102,0.775790184352611,0.0,0,False,,,,
1766477299.3924491,0.7114271461714102,0.775790184352611,0.0,0,False,,,,
1766477299.395285,0.5868989409403453,0.8025784383992638,0.9098564982414246,0,False,,,,
1766477299.603921,0.7114271461714102,0.775790184352611,0.0,0,False,,,,
1766477299.611373,0.7114271461714102,0.775790184352611,0.0,0,False,,,,
1766477299.6171288,0.7114271461714102,0.775790184352611,0.0,0,False,,,,
1766477299.6198049,0.7114271461714102,0.775790184352611,0.0,0,False,,,,
1766477299.624877,0.7114271461714102,0.775790184352611,0.0,1,False,,,,
1766477299.947932,0.7114271461714102,0.775790184352611,0.0,1,False,,,,
1766477299.954137,0.7114271461714102,0.775790184352611,0.0,1,False,,,,
1766477299.95689,0.7114271461714102,0.775790184352611,0.0,1,False,,,,
1766477299.9593668,0.7114271461714102,0.775790184352611,0.0,1,False,,,,
1766477299.9628,0.5585970926515407,0.5330680102669387,0.88459712266922,0,False,,,,
1766477300.1189911,0.5585970926515407,0.5330680102669387,0.88459712266922,0,False,,,,
1766477300.127035,0.5585970926515407,0.5330680102669387,0.88459712266922,0,False,,,,
1766477300.130222,0.5585970926515407,0.5330680102669387,0.88459712266922,0,False,,,,
1766477300.132975,0.5585970926515407,0.5330680102669387,0.88459712266922,0,False,,,,
1766477300.1357682,0.0498852069146011,0.3435581526620215,0.8751601874828339,1,False,,,,
1766477300.400796,0.0498852069146011,0.3435581526620215,0.8751601874828339,1,False,,,,
1766477300.407444,0.3588261066739625,0.9093637092675384,0.08685619787117507,1,False,,,,
1766477300.410701,0.3588261066739625,0.9093637092675384,0.08685619787117507,1,False,,,,
1766477300.417791,0.3588261066739625,0.9093637092675384,0.08685619787117507,1,False,,,,
1766477300.420917,0.37530715897265865,0.8303058124181466,0.0,1,False,,,,
1766477300.643455,0.37530715897265865,0.8303058124181466,0.0,1,False,,,,
1766477300.6510332,0.37530715897265865,0.8303058124181466,0.0,1,False,,,,
1766477300.65347,0.37530715897265865,0.8303058124181466,0.0,1,False,,,,
1766477300.6558049,0.37530715897265865,0.8303058124181466,0.0,1,False,,,,
1766477300.658438,0.3865595527765563,1.017515114083233,0.7748610377311707,1,False,,,,
1766477300.977254,0.6363723376116132,0.7000482040626212,0.06346828636279674,1,False,,,,
1766477300.9848378,0.6363723376116132,0.7000482040626212,0.06346828636279674,1,False,,,,
1766477300.990307,0.6363723376116132,0.7000482040626212,0.06346828636279674,1,False,,,,
1766477300.99572,0.6363723376116132,0.7000482040626212,0.06346828636279674,1,False,,,,
1766477300.9983099,0.5991064975567093,0.6780723553648799,0.10942815788225563,0,False,,,,
1766477301.196141,0.5991064975567093,0.6780723553648799,0.10942815788225563,0,False,,,,
1766477301.2018611,0.5991064975567093,0.6780723553648799,0.10942815788225563,0,False,,,,
1766477301.205191,0.5991064975567093,0.6780723553648799,0.10942815788225563,0,False,,,,
1766477301.2084281,0.5653904595547492,0.8163178919682309,0.7879849672317505,0,False,,,,
1766477301.211179,0.5783981327185528,0.7054513255380517,0.06671618379352778,0,False,,,,
1766477301.3623471,0.5783981327185528,0.7054513255380517,0.06671618379352778,0,False,,,,
1766477301.3680892,0.5783981327185528,0.7054513255380517,0.06671618379352778,0,False,,,,
1766477301.370701,0.5783981327185528,0.7054513255380517,0.06671618379352778,0,False,,,,
1766477301.3729851,0.5783981327185528,0.7054513255380517,0.06671618379352778,0,False,,,,
1766477301.375666,0.37636393929515083,0.8287225647699794,0.0,0,False,,,,
1766477301.5393448,0.6015348396920488,0.6873050951272559,0.1257502506790669,0,False,,,,
1766477301.545938,0.37636393929515083,0.8287225647699794,0.0,0,False,,,,
1766477301.552404,0.37636393929515083,0.8287225647699794,0.0,0,False,,,,
1766477301.555269,0.37636393929515083,0.8287225647699794,0.0,0,False,,,,
1766477301.5576441,0.5564379726157274,0.7895345597734298,1.0,0,False,,,,
1766477301.716939,0.5564379726157274,0.7895345597734298,1.0,0,False,,,,
1766477301.723283,0.5564379726157274,0.7895345597734298,1.0,0,False,,,,
1766477301.7259269,0.5564379726157274,0.7895345597734298,1.0,0,False,,,,
1766477301.728439,0.5564379726157274,0.7895345597734298,1.0,0,False,,,,
1766477301.730819,0.5726295268204222,0.7605478701544085,0.8679496645927429,0,False,,,,
1766477301.947058,0.5716981938533664,0.7617324030463077,1.0,0,False,,,,
1766477301.953365,0.5716981938533664,0.7617324030463077,1.0,0,False,,,,
1766477301.959109,0.5716981938533664,0.7617324030463077,1.0,0,False,,,,
1766477301.9615428,0.5716981938533664,0.7617324030463077,1.0,0,False,,,,
1766477301.963862,0.5886700739127457,0.7151188123618271,0.07145262165979487,0,False,,,,
1766477302.174262,0.5886700739127457,0.7151188123618271,0.07145262165979487,0,False,,,,
1766477302.181066,0.561584437223692,0.7696595734455879,0.938060998916626,0,False,,,,
1766477302.1850739,0.561584437223692,0.7696595734455879,0.938060998916626,0,False,,,,
1766477302.191466,0.561584437223692,0.7696595734455879,0.938060998916626,0,False,,,,
1766477302.19415,0.5747701839954595,0.7746490306499725,0.8332642912864685,0,False,,,,
1766477302.3767622,0.5747701839954595,0.7746490306499725,0.8332642912864685,0,False,,,,
1766477302.3830788,0.5769419159030065,0.7727128707842827,0.9629244804382324,0,False,,,,
1766477302.386616,0.5769419159030065,0.7727128707842827,0.9629244804382324,0,False,,,,
1766477302.393687,0.5769419159030065,0.7727128707842827,0.9629244804382324,0,False,,,,
1766477302.398608,0.5807758732643932,0.7727928672348184,0.8934375047683716,0,False,,,,
1766477302.566758,0.5807758732643932,0.7727928672348184,0.8934375047683716,0,False,,,,
1766477302.572499,0.5807758732643932,0.7727928672348184,0.8934375047683716,0,False,,,,
1766477302.5751228,0.5807758732643932,0.7727928672348184,0.8934375047683716,0,False,,,,
1766477302.577755,0.5775733887792349,0.7325812673811751,0.15243136153877565,0,False,,,,
1766477302.58037,0.5773679607372622,0.7346058581085568,0.153330203032197,0,False,,,,
1766477302.7438872,0.5773679607372622,0.7346058581085568,0.153330203032197,0,False,,,,
1766477302.7507,0.5961481159109342,0.7166930882475938,0.2123819445399589,0,False,,,,
1766477302.754465,0.5961481159109342,0.7166930882475938,0.2123819445399589,0,False,,,,
1766477302.761298,0.5961481159109342,0.7166930882475938,0.2123819445399589,0,False,,,,
1766477302.7639081,0.5801731800415982,0.7249154095265199,0.14455556038135442,0,False,,,,
1766477302.9372768,0.5801731800415982,0.7249154095265199,0.14455556038135442,0,False,,,,
1766477302.9423628,0.5801731800415982,0.7249154095265199,0.14455556038135442,0,False,,,,
1766477302.944972,0.5801731800415982,0.7249154095265199,0.14455556038135442,0,False,,,,
1766477302.948215,0.5801319765405185,0.7252653369465614,0.15645921878378624,0,False,,,,
1766477302.950733,0.5896106818689384,0.7178929562771105,0.11601087070440966,0,False,,,,
1766477303.484114,0.5759103576453872,0.7553132635689688,0.8152952194213867,0,False,,,,
1766477303.490999,0.5759103576453872,0.7553132635689688,0.8152952194213867,0,False,,,,
1766477303.496832,0.5759103576453872,0.7553132635689688,0.8152952194213867,0,False,,,,
1766477303.499439,0.5759103576453872,0.7553132635689688,0.8152952194213867,0,False,,,,
1766477303.501816,0.5845135486380706,0.722388300913443,0.17058044832204777,0,False,,,,
1766477303.6797,0.5845135486380706,0.722388300913443,0.17058044832204777,0,False,,,,
1766477303.686377,0.5772634292126038,0.737748695196408,0.12867744326315822,0,False,,,,
1766477303.69054,0.5911866848627367,0.7066585632000709,0.14107995910127707,0,False,,,,
1766477303.69578,0.5911866848627367,0.7066585632000709,0.14107995910127707,0,False,,,,
1766477303.701498,0.5927849226197215,0.7648419414661145,0.8052414655685425,0,False,,,,
1766477303.8696058,0.5927849226197215,0.7648419414661145,0.8052414655685425,0,False,,,,
1766477303.8753788,0.5927849226197215,0.7648419414661145,0.8052414655685425,0,False,,,,
1766477303.878199,0.5927849226197215,0.7648419414661145,0.8052414655685425,0,False,,,,
1766477303.880769,0.5927849226197215,0.7648419414661145,0.8052414655685425,0,False,,,,
1766477303.8830972,0.5715778837261835,0.7579099299677696,0.05367549603105132,0,False,,,,
1766477304.087845,0.5999020616689019,0.7035787797388147,0.1574393481292908,0,False,,,,
1766477304.095478,0.5999020616689019,0.7035787797388147,0.1574393481292908,0,False,,,,
1766477304.101845,0.5999020616689019,0.7035787797388147,0.1574393481292908,0,False,,,,
1766477304.104613,0.5999020616689019,0.7035787797388147,0.1574393481292908,0,False,,,,
1766477304.1073122,0.14140122069684016,0.32635210108198187,0.7828484177589417,1,False,,,,
1766477304.360119,0.711425446421713,0.7752406089901143,0.0,1,False,,,,
1766477304.368336,0.711425446421713,0.7752406089901143,0.0,1,False,,,,
1766477304.37482,0.711425446421713,0.7752406089901143,0.0,1,False,,,,
1766477304.378121,0.711425446421713,0.7752406089901143,0.0,1,False,,,,
1766477304.3807318,0.2476773505265132,0.39024720193977913,0.8541417121887207,1,False,,,,
1766477304.7653,0.3520496987056793,0.9084528539078134,0.2606842251943791,1,False,,,,
1766477304.773559,0.3520496987056793,0.9084528539078134,0.2606842251943791,1,False,,,,
1766477304.779892,0.3520496987056793,0.9084528539078134,0.2606842251943791,1,False,,,,
1766477304.782652,0.3520496987056793,0.9084528539078134,0.2606842251943791,1,False,,,,
1766477304.785184,0.7114209329804261,0.7752725643922795,0.0,1,False,,,,
1766477305.000711,0.7114209329804261,0.7752725643922795,0.0,1,False,,,,
1766477305.007236,0.7114209329804261,0.7752725643922795,0.0,1,False,,,,
1766477305.01323,0.7114209329804261,0.7752725643922795,0.0,1,False,,,,
1766477305.0159721,0.7114209329804261,0.7752725643922795,0.0,1,False,,,,
1766477305.018334,0.3787534516949713,0.8240487795782085,0.0,1,False,,,,
1766477305.240148,0.3787534516949713,0.8240487795782085,0.0,1,False,,,,
1766477305.24611,0.3787534516949713,0.8240487795782085,0.0,1,False,,,,
1766477305.248851,0.3787534516949713,0.8240487795782085,0.0,1,False,,,,
1766477305.251625,0.3787534516949713,0.8240487795782085,0.0,1,False,,,,
1766477305.254603,0.3487598432459855,0.45420177734668243,0.7424320578575134,2,False,,,,
1766477305.619752,0.3487598432459855,0.45420177734668243,0.7424320578575134,2,False,,,,
1766477305.6261828,0.3487598432459855,0.45420177734668243,0.7424320578575134,2,False,,,,
1766477305.629514,0.3487598432459855,0.45420177734668243,0.7424320578575134,2,False,,,,
1766477305.633003,0.7114209329804261,0.7752725643922795,0.0,2,False,,,,
1766477305.639122,0.7114209329804261,0.7752725643922795,0.0,1,False,,,,
1766477305.997968,0.3966636106144209,1.0488399527565664,0.11773221180107588,1,False,,,,
1766477306.005526,0.7114209329804261,0.7752725643922795,0.0,1,False,,,,
1766477306.013928,0.7114209329804261,0.7752725643922795,0.0,1,False,,,,
1766477306.016656,0.7114209329804261,0.7752725643922795,0.0,1,False,,,,
1766477306.01941,0.5828237394147519,0.7786388928005474,0.985525369644165,1,False,,,,
1766477306.3029509,0.5826084237962066,0.784357318668446,0.938271701335907,1,False,,,,
1766477306.3106182,0.5826084237962066,0.784357318668446,0.938271701335907,1,False,,,,
1766477306.316683,0.5826084237962066,0.784357318668446,0.938271701335907,1,False,,,,
1766477306.3194501,0.5826084237962066,0.784357318668446,0.938271701335907,1,False,,,,
1766477306.322554,0.37876609867917016,0.8240818833160474,0.0,2,False,,,,
1766477306.603897,0.37876609867917016,0.8240818833160474,0.0,2,False,,,,
1766477306.610354,0.37876609867917016,0.8240818833160474,0.0,2,False,,,,
1766477306.616589,0.37876609867917016,0.8240818833160474,0.0,2,False,,,,
1766477306.619415,0.37876609867917016,0.8240818833160474,0.0,2,False,,,,
1766477306.622352,-0.04093273859132864,0.6308694277365925,0.9306759834289551,2,False,,,,
1766477307.013907,-0.04093273859132864,0.6308694277365925,0.9306759834289551,2,False,,,,
1766477307.0206451,-0.04093273859132864,0.6308694277365925,0.9306759834289551,2,False,,,,
1766477307.0234618,-0.04093273859132864,0.6308694277365925,0.9306759834289551,2,False,,,,
1766477307.026031,-0.04093273859132864,0.6308694277365925,0.9306759834289551,2,False,,,,
1766477307.0284631,-0.03851205936630793,0.6129191373969528,0.9860720932483673,1,False,,,,
1766477307.247227,-0.04085490401880758,0.6200537900945713,0.958005428314209,1,False,,,,
1766477307.254698,-0.04085490401880758,0.6200537900945713,0.958005428314209,1,False,,,,
1766477307.261159,-0.04085490401880758,0.6200537900945713,0.958005428314209,1,False,,,,
1766477307.266593,-0.04085490401880758,0.6200537900945713,0.958005428314209,1,False,,,,
1766477307.2695282,-0.04536404880816249,0.6115594396370558,0.9872559010982513,1,False,,,,
1766477307.523177,-0.04536404880816249,0.6115594396370558,0.9872559010982513,1,False,,,,
1766477307.529247,-0.04536404880816249,0.6115594396370558,0.9872559010982513,1,False,,,,
1766477307.532091,-0.04536404880816249,0.6115594396370558,0.9872559010982513,1,False,,,,
1766477307.534834,-0.04536404880816249,0.6115594396370558,0.9872559010982513,1,False,,,,
1766477307.537567,-0.00815498992193069,0.4706010678582513,0.9542288482189178,2,False,,,,
1766477308.041745,-0.009260119738760241,0.4725097608088096,0.9445060193538666,2,False,,,,
1766477308.048397,0.7114636100309637,0.7749565898303852,0.0,2,False,,,,
1766477308.054872,0.7114636100309637,0.7749565898303852,0.0,2,False,,,,
1766477308.058083,0.7114636100309637,0.7749565898303852,0.0,2,False,,,,
1766477308.060881,-0.04014076005929788,0.5766305123507116,0.905037134885788,1,False,,,,
1766477308.2895832,-0.04014076005929788,0.5766305123507116,0.905037134885788,1,False,,,,
1766477308.295552,-0.04014076005929788,0.5766305123507116,0.905037134885788,1,False,,,,
1766477308.2990751,-0.04014076005929788,0.5766305123507116,0.905037134885788,1,False,,,,
1766477308.301675,-0.04014076005929788,0.5766305123507116,0.905037134885788,1,False,,,,
1766477308.304269,-0.03746237769157608,0.5893458404031982,1.0,2,False,,,,
1766477308.606883,-0.03746237769157608,0.5893458404031982,1.0,2,False,,,,
1766477308.614055,-0.03834058155557942,0.5868021164443888,0.9435550570487976,2,False,,,,
1766477308.6172428,-0.03834058155557942,0.5868021164443888,0.9435550570487976,2,False,,,,
1766477308.62333,-0.03834058155557942,0.5868021164443888,0.9435550570487976,2,False,,,,
1766477308.6261919,0.3792712965186542,0.8240020712362855,0.0,1,False,,,,
1766477309.993981,0.3792712965186542,0.8240020712362855,0.0,1,False,,,,
1766477310.000675,0.3792712965186542,0.8240020712362855,0.0,1,False,,,,
1766477310.00598,0.3792712965186542,0.8240020712362855,0.0,1,False,,,,
1766477310.0087922,0.3792712965186542,0.8240020712362855,0.0,1,False,,,,
1766477310.011793,-0.03619462948880958,0.5656199641584903,0.8648444712162018,2,False,,,,
1766477310.300077,-0.03619462948880958,0.5656199641584903,0.8648444712162018,2,False,,,,
1766477310.3066041,-0.03619462948880958,0.5656199641584903,0.8648444712162018,2,False,,,,
1766477310.3096771,-0.03619462948880958,0.5656199641584903,0.8648444712162018,2,False,,,,
1766477310.3122492,-0.03619462948880958,0.5656199641584903,0.8648444712162018,2,False,,,,
1766477310.314899,-0.05023323014139471,0.6079503384927499,0.9401918053627014,2,False,,,,
1766477310.702921,-0.05023323014139471,0.6079503384927499,0.9401918053627014,2,False,,,,
1766477310.7095191,-0.05023323014139471,0.6079503384927499,0.9401918053627014,2,False,,,,
1766477310.71237,-0.05023323014139471,0.6079503384927499,0.9401918053627014,2,False,,,,
1766477310.714934,-0.05023323014139471,0.6079503384927499,0.9401918053627014,2,False,,,,
1766477310.7203,0.00799225221450417,0.6467861002161059,0.9503529261348749,1,False,,,,
1766477310.968048,0.00799225221450417,0.6467861002161059,0.9503529261348749,1,False,,,,
1766477310.9752781,0.00799225221450417,0.6467861002161059,0.9503529261348749,1,False,,,,
1766477310.9782069,0.00799225221450417,0.6467861002161059,0.9503529261348749,1,False,,,,
1766477310.98096,0.00799225221450417,0.6467861002161059,0.9503529261348749,1,False,,,,
1766477310.983449,0.024444463074725586,0.36062930327809606,0.8891375660896301,1,False,,,,
1766477311.8326132,0.028556943737125983,0.3384759703783451,0.8911924064159393,1,False,,,,
1766477311.8408802,0.028556943737125983,0.3384759703783451,0.8911924064159393,1,False,,,,
1766477311.847378,0.028556943737125983,0.3384759703783451,0.8911924064159393,1,False,,,,
1766477311.850256,0.028556943737125983,0.3384759703783451,0.8911924064159393,1,False,,,,
1766477311.8531342,-0.01462903127224413,0.4798894758650547,0.9294843971729279,1,False,,,,
1766477312.114186,-0.01462903127224413,0.4798894758650547,0.9294843971729279,1,False,,,,
1766477312.1198158,-0.01462903127224413,0.4798894758650547,0.9294843971729279,1,False,,,,
1766477312.122765,-0.01462903127224413,0.4798894758650547,0.9294843971729279,1,False,,,,
1766477312.125289,-0.01462903127224413,0.4798894758650547,0.9294843971729279,1,False,,,,
1766477312.127664,0.7116980457638367,0.7742225302541944,0.0,1,False,,,,
1766477312.640532,0.7116980457638367,0.7742225302541944,0.0,1,False,,,,
1766477312.648503,0.7116980457638367,0.7742225302541944,0.0,1,False,,,,
1766477312.651062,0.7116980457638367,0.7742225302541944,0.0,1,False,,,,
1766477312.653701,0.7116980457638367,0.7742225302541944,0.0,1,False,,,,
1766477312.6563861,0.5755116268755032,0.7786672723873095,0.9830595850944519,1,False,,,,
1766477312.906542,0.5755116268755032,0.7786672723873095,0.9830595850944519,1,False,,,,
1766477312.912572,0.5755116268755032,0.7786672723873095,0.9830595850944519,1,False,,,,
1766477312.9153159,0.5755116268755032,0.7786672723873095,0.9830595850944519,1,False,,,,
1766477312.9205298,0.5755116268755032,0.7786672723873095,0.9830595850944519,1,False,,,,
1766477312.92335,0.7116989578505271,0.7742530794449174,0.0,0,False,,,,
1766477313.2619,0.7116989578505271,0.7742530794449174,0.0,0,False,,,,
1766477313.2676501,0.7116989578505271,0.7742530794449174,0.0,0,False,,,,
1766477313.2706208,0.5684328223657938,0.7894910601088198,0.9672363996505737,0,False,,,,
1766477313.2734542,0.572771753563995,0.7836752126942736,1.0,0,False,,,,
1766477313.276101,0.5826837893218418,0.774011079570674,0.9465236663818359,0,False,,,,
1766477313.43968,0.5877902547114733,0.772403745922945,0.8294109106063843,0,False,,,,
1766477313.4482188,0.5877902547114733,0.772403745922945,0.8294109106063843,0,False,,,,
1766477313.4542122,0.5877902547114733,0.772403745922945,0.8294109106063843,0,False,,,,
1766477313.4567811,0.5877902547114733,0.772403745922945,0.8294109106063843,0,False,,,,
1766477313.459253,0.7116989578505271,0.7742530794449174,0.0,0,False,,,,
1766477313.678329,0.7116989578505271,0.7742530794449174,0.0,0,False,,,,
1766477313.685201,0.7116989578505271,0.7742530794449174,0.0,0,False,,,,
1766477313.688013,0.7116989578505271,0.7742530794449174,0.0,0,False,,,,
1766477313.6905391,0.7116989578505271,0.7742530794449174,0.0,0,False,,,,
1766477313.69295,0.7117059591303038,0.7742547898218989,0.0,0,False,,,,
1766477313.862321,0.7117059591303038,0.7742547898218989,0.0,0,False,,,,
1766477313.868502,0.7117059591303038,0.7742547898218989,0.0,0,False,,,,
1766477313.87299,0.7117059591303038,0.7742547898218989,0.0,0,False,,,,
1766477313.8760629,0.7117059591303038,0.7742547898218989,0.0,0,False,,,,
1766477313.8794649,0.5716501933644604,0.7606915423247168,0.8207635879516602,0,False,,,,
1766477314.046497,0.37921925006521684,0.8226864917029603,0.0,0,False,,,,
1766477314.052261,0.37921925006521684,0.8226864917029603,0.0,0,False,,,,
1766477314.057728,0.37921925006521684,0.8226864917029603,0.0,0,False,,,,
1766477314.060093,0.37921925006521684,0.8226864917029603,0.0,0,False,,,,
1766477314.063045,0.7117059591303038,0.7742547898218989,0.0,0,False,,,,
1766477314.296566,0.7117059591303038,0.7742547898218989,0.0,0,False,,,,
1766477314.3028622,0.7117059591303038,0.7742547898218989,0.0,0,False,,,,
1766477314.3059242,0.7117059591303038,0.7742547898218989,0.0,0,False,,,,
1766477314.309396,0.7117059591303038,0.7742547898218989,0.0,0,False,,,,
1766477314.311779,0.3454221211230261,0.4993205539051935,0.07069965087375547,0,False,,,,
1766477314.508001,0.3454221211230261,0.4993205539051935,0.07069965087375547,0,False,,,,
1766477314.514244,0.719118801762653,0.5243219312410863,0.7665817407727823,0,False,,,,
1766477314.5173278,0.719118801762653,0.5243219312410863,0.7665817407727823,0,False,,,,
1766477314.523777,0.719118801762653,0.5243219312410863,0.7665817407727823,0,False,,,,
1766477314.52893,0.7117059591303038,0.7742547898218989,0.0,0,False,,,,
1766477314.702338,0.7117059591303038,0.7742547898218989,0.0,0,False,,,,
1766477314.70864,0.7117059591303038,0.7742547898218989,0.0,0,False,,,,
1766477314.711843,0.7117059591303038,0.7742547898218989,0.0,0,False,,,,
1766477314.715651,0.7117059591303038,0.7742547898218989,0.0,0,False,,,,
1766477314.718421,0.4479356520816814,0.762830210336252,0.7406565546989441,0,False,,,,
1766477314.881116,0.7117059591303038,0.7742547898218989,0.0,0,False,,,,
1766477314.887079,0.7117059591303038,0.7742547898218989,0.0,0,False,,,,
1766477314.893158,0.7117059591303038,0.7742547898218989,0.0,0,False,,,,
1766477314.896078,0.7117059591303038,0.7742547898218989,0.0,0,False,,,,
1766477314.899242,0.3792592997391338,0.8228120847137472,0.0,0,False,,,,
1766477315.071282,0.3792592997391338,0.8228120847137472,0.0,0,False,,,,
1766477315.076211,0.3792592997391338,0.8228120847137472,0.0,0,False,,,,
1766477315.0786932,0.3545283221222283,0.773976322262449,0.7203844785690308,0,False,,,,
1766477315.081444,0.3792592997391338,0.8228120847137472,0.0,0,False,,,,
1766477315.084588,0.3529408147494676,0.815276339937256,0.8720042705535889,0,False,,,,
1766477315.2907252,0.3529408147494676,0.815276339937256,0.8720042705535889,0,False,,,,
1766477315.296598,0.3529408147494676,0.815276339937256,0.8720042705535889,0,False,,,,
1766477315.2993448,0.3529408147494676,0.815276339937256,0.8720042705535889,0,False,,,,
1766477315.30194,0.3529408147494676,0.815276339937256,0.8720042705535889,0,False,,,,
1766477315.304279,0.7117059591303038,0.7742547898218989,0.0,0,False,,,,
1766477315.48852,0.3792592997391338,0.8228120847137472,0.0,0,False,,,,
1766477315.495289,0.3792592997391338,0.8228120847137472,0.0,0,False,,,,
1766477315.501157,0.3792592997391338,0.8228120847137472,0.0,0,False,,,,
1766477315.5058649,0.3792592997391338,0.8228120847137472,0.0,0,False,,,,
1766477315.508266,0.7117059591303038,0.7742547898218989,0.0,0,False,,,,
1766477315.6898508,0.7117059591303038,0.7742547898218989,0.0,0,False,,,,
1766477315.696213,0.7117059591303038,0.7742547898218989,0.0,0,False,,,,
1766477315.7021382,0.7117059591303038,0.7742547898218989,0.0,0,False,,,,
1766477315.7054348,0.7117059591303038,0.7742547898218989,0.0,0,False,,,,
1766477315.707816,0.38396098967535724,0.7281090987629505,0.27054532186466623,0,False,,,,
1766477315.865162,0.38396098967535724,0.7281090987629505,0.27054532186466623,0,False,,,,
1766477315.871913,0.38396098967535724,0.7281090987629505,0.27054532186466623,0,False,,,,
1766477315.8746712,0.38396098967535724,0.7281090987629505,0.27054532186466623,0,False,,,,
1766477315.8773189,0.38396098967535724,0.7281090987629505,0.27054532186466623,0,False,,,,
1766477315.879939,0.7117059591303038,0.7742547898218989,0.0,0,False,,,,
1766477316.0777652,0.7117059591303038,0.7742547898218989,0.0,0,False,,,,
1766477316.0842829,0.7117059591303038,0.7742547898218989,0.0,0,False,,,,
1766477316.0879092,0.7117059591303038,0.7742547898218989,0.0,0,False,,,,
1766477316.091012,0.7117059591303038,0.7742547898218989,0.0,0,False,,,,
1766477316.0962172,0.3793697386516535,0.822794897152545,0.0,0,False,,,,
1766477316.298495,0.3793697386516535,0.822794897152545,0.0,0,False,,,,
1766477316.304062,0.3793697386516535,0.822794897152545,0.0,0,False,,,,
1766477316.306709,0.3793697386516535,0.822794897152545,0.0,0,False,,,,
1766477316.3095691,0.3793697386516535,0.822794897152545,0.0,0,False,,,,
1766477316.311893,0.3793697386516535,0.822794897152545,0.0,0,False,,,,
1766477316.5366411,0.3793697386516535,0.822794897152545,0.0,0,False,,,,
1766477316.542746,0.3793697386516535,0.822794897152545,0.0,0,False,,,,
1766477316.547677,0.3793697386516535,0.822794897152545,0.0,0,False,,,,
1766477316.550187,0.3793697386516535,0.822794897152545,0.0,0,False,,,,
1766477316.5525582,0.7117059591303038,0.7742547898218989,0.0,0,False,,,,
1766477316.7176478,0.7117059591303038,0.7742547898218989,0.0,0,False,,,,
1766477316.7234812,0.7117059591303038,0.7742547898218989,0.0,0,False,,,,
1766477316.726184,0.7117059591303038,0.7742547898218989,0.0,0,False,,,,
1766477316.72932,0.7117059591303038,0.7742547898218989,0.0,0,False,,,,
1766477316.733334,0.7117059591303038,0.7742547898218989,0.0,0,False,,,,
1766477316.990041,0.3971968600850512,0.8835940528023623,1.0,0,False,,,,
1766477316.996038,0.40679192458674507,1.0054250407895824,0.8607303500175476,0,False,,,,
1766477317.002194,0.40679192458674507,1.0054250407895824,0.8607303500175476,0,False,,,,
1766477317.005456,0.40679192458674507,1.0054250407895824,0.8607303500175476,0,False,,,,
1766477317.010182,0.7117059591303038,0.7742547898218989,0.0,0,False,,,,
1766477317.205249,0.7117059591303038,0.7742547898218989,0.0,0,False,,,,
1766477317.211544,0.7117059591303038,0.7742547898218989,0.0,0,False,,,,
1766477317.214859,0.7117059591303038,0.7742547898218989,0.0,0,False,,,,
1766477317.217456,0.7117059591303038,0.7742547898218989,0.0,0,False,,,,
1766477317.220373,0.3799576898520935,0.822612661923783,0.0,1,False,,,,
1766477317.507074,0.3799576898520935,0.822612661923783,0.0,1,False,,,,
1766477317.5144022,0.3799576898520935,0.822612661923783,0.0,1,False,,,,
1766477317.517401,0.3799576898520935,0.822612661923783,0.0,1,False,,,,
1766477317.519966,0.3799576898520935,0.822612661923783,0.0,1,False,,,,
1766477317.523016,0.3799576898520935,0.822612661923783,0.0,1,False,,,,
1766477317.7508569,0.3799576898520935,0.822612661923783,0.0,1,False,,,,
1766477317.7560692,0.3799576898520935,0.822612661923783,0.0,1,False,,,,
1766477317.7590258,0.3799576898520935,0.822612661923783,0.0,1,False,,,,
1766477317.761834,0.3840959195585218,0.8230045429194244,0.0,1,False,,,,
1766477317.764649,0.3840959195585218,0.8230045429194244,0.0,1,False,,,,
1766477318.004008,0.3840959195585218,0.8230045429194244,0.0,1,False,,,,
1766477318.010416,0.3840959195585218,0.8230045429194244,0.0,1,False,,,,
1766477318.013243,0.3840959195585218,0.8230045429194244,0.0,1,False,,,,
1766477318.01572,0.3840959195585218,0.8230045429194244,0.0,1,False,,,,
1766477318.018145,0.3840959195585218,0.8230045429194244,0.0,1,False,,,,
1766477318.2747898,0.3840959195585218,0.8230045429194244,0.0,1,False,,,,
1766477318.281802,0.3840959195585218,0.8230045429194244,0.0,1,False,,,,
1766477318.285027,0.3840959195585218,0.8230045429194244,0.0,1,False,,,,
1766477318.2899961,0.3840959195585218,0.8230045429194244,0.0,1,False,,,,
1766477318.292494,0.3840959195585218,0.8230045429194244,0.0,1,False,,,,
1766477318.541856,0.3840959195585218,0.8230045429194244,0.0,1,False,,,,
1766477318.548309,0.3840959195585218,0.8230045429194244,0.0,1,False,,,,
1766477318.551254,0.3840959195585218,0.8230045429194244,0.0,1,False,,,,
1766477318.554025,0.3840959195585218,0.8230045429194244,0.0,1,False,,,,
1766477318.556535,0.5963067426011842,0.705672489227658,0.11768257460117196,1,False,,,,
1766477318.895815,0.5963067426011842,0.705672489227658,0.11768257460117196,1,False,,,,
1766477318.90345,0.5860935729035512,0.7110455792768278,0.09653837221744771,1,False,,,,
1766477318.907063,0.5860935729035512,0.7110455792768278,0.09653837221744771,1,False,,,,
1766477318.91308,0.5860935729035512,0.7110455792768278,0.09653837221744771,1,False,,,,
1766477318.915861,0.5915971649145606,0.7070446733270159,0.2069952443945569,2,False,,,,
1766477319.2795699,0.5915971649145606,0.7070446733270159,0.2069952443945569,2,False,,,,
1766477319.286093,0.5915971649145606,0.7070446733270159,0.2069952443945569,2,False,,,,
1766477319.2893922,0.5915971649145606,0.7070446733270159,0.2069952443945569,2,False,,,,
1766477319.292282,0.5915971649145606,0.7070446733270159,0.2069952443945569,2,False,,,,
1766477319.2949681,0.6432133427746572,0.761550468653884,0.3451285695250793,1,False,,,,
1766477319.814359,0.6432133427746572,0.761550468653884,0.3451285695250793,1,False,,,,
1766477319.821276,0.6432133427746572,0.761550468653884,0.3451285695250793,1,False,,,,
1766477319.8242419,0.6432133427746572,0.761550468653884,0.3451285695250793,1,False,,,,
1766477319.8272572,0.6432133427746572,0.761550468653884,0.3451285695250793,1,False,,,,
1766477319.8300412,0.0731535857776131,0.40520136748601354,0.9368009865283966,1,False,,,,
1766477320.226423,0.0731535857776131,0.40520136748601354,0.9368009865283966,1,False,,,,
1766477320.233164,0.0731535857776131,0.40520136748601354,0.9368009865283966,1,False,,,,
1766477320.2388968,-0.006475927120887359,0.5205277493727537,0.9183995425701141,1,False,,,,
1766477320.241803,-0.008755687879931084,0.5318024957500216,0.8976496160030365,1,False,,,,
1766477320.2447171,0.3840959195585218,0.8230045429194244,0.0,2,False,,,,
1766477320.6182232,0.3840959195585218,0.8230045429194244,0.0,2,False,,,,
1766477320.625272,0.3840959195585218,0.8230045429194244,0.0,2,False,,,,
1766477320.628026,0.3840959195585218,0.8230045429194244,0.0,2,False,,,,
1766477320.6305559,0.3840959195585218,0.8230045429194244,0.0,2,False,,,,
1766477320.633274,0.3841134289935056,0.8233227527640326,0.0,1,False,,,,
1766477320.8646028,0.3841134289935056,0.8233227527640326,0.0,1,False,,,,
1766477320.871379,0.3841134289935056,0.8233227527640326,0.0,1,False,,,,
1766477320.874422,0.00239895043940157,0.4088462868197864,0.7602792335076132,1,False,,,,
1766477320.877932,0.5009733058341425,0.9304430891561563,0.7161290360516707,1,False,,,,
1766477320.884284,-0.034876473234840596,0.5500497453379811,0.9063745439052582,2,False,,,,
1766477321.281909,-0.03827372131572258,0.5683158540612103,0.8961074352264404,2,False,,,,
1766477321.2892852,-0.03827372131572258,0.5683158540612103,0.8961074352264404,2,False,,,,
1766477321.295427,-0.03827372131572258,0.5683158540612103,0.8961074352264404,2,False,,,,
1766477321.298435,-0.03827372131572258,0.5683158540612103,0.8961074352264404,2,False,,,,
1766477321.30102,-0.019141895788209417,0.49767598711119876,0.8751866221427917,1,False,,,,
1766477321.601404,-0.019141895788209417,0.49767598711119876,0.8751866221427917,1,False,,,,
1766477321.6077728,-0.019141895788209417,0.49767598711119876,0.8751866221427917,1,False,,,,
1766477321.610923,-0.019141895788209417,0.49767598711119876,0.8751866221427917,1,False,,,,
1766477321.613516,-0.019098050881119644,0.49776354788283816,0.8542604446411133,1,False,,,,
1766477321.616276,-0.044308483785974226,0.6085003320886233,0.9531005322933197,2,False,,,,
1766477321.942373,-0.044308483785974226,0.6085003320886233,0.9531005322933197,2,False,,,,
1766477321.9478989,-0.048108630515919605,0.6186008162771947,0.9071551859378815,2,False,,,,
1766477321.950718,-0.048108630515919605,0.6186008162771947,0.9071551859378815,2,False,,,,
1766477321.9538739,-0.048108630515919605,0.6186008162771947,0.9071551859378815,2,False,,,,
1766477321.961623,0.7117270616740512,0.7740308850163727,0.0,1,False,,,,
1766477322.192039,0.7117270616740512,0.7740308850163727,0.0,1,False,,,,
1766477322.209114,0.7117270616740512,0.7740308850163727,0.0,1,False,,,,
1766477322.2120261,0.7117270616740512,0.7740308850163727,0.0,1,False,,,,
1766477322.2151198,0.5757200383947645,1.0967074559501864,0.927732527256012,1,False,,,,
1766477322.2180212,-0.05409784238888564,0.6358634073174103,0.9115326106548309,1,False,,,,
1766477322.480719,-0.05409784238888564,0.6358634073174103,0.9115326106548309,1,False,,,,
1766477322.487516,-0.057805280718749866,0.6424353284716114,0.8504320085048676,1,False,,,,
1766477322.491009,-0.057805280718749866,0.6424353284716114,0.8504320085048676,1,False,,,,
1766477322.497188,-0.057805280718749866,0.6424353284716114,0.8504320085048676,1,False,,,,
1766477322.499727,0.7117270616740512,0.7740308850163727,0.0,2,False,,,,
1766477322.785264,0.7117270616740512,0.7740308850163727,0.0,2,False,,,,
1766477322.794998,0.38413825033197646,0.8234466218619657,0.0,2,False,,,,
1766477322.8012989,0.38413825033197646,0.8234466218619657,0.0,2,False,,,,
1766477322.804201,0.38413825033197646,0.8234466218619657,0.0,2,False,,,,
1766477322.807192,0.7117270616740512,0.7740308850163727,0.0,1,False,,,,
1766477323.074066,0.7117270616740512,0.7740308850163727,0.0,1,False,,,,
1766477323.0801148,0.7117270616740512,0.7740308850163727,0.0,1,False,,,,
1766477323.083044,0.7117270616740512,0.7740308850163727,0.0,1,False,,,,
1766477323.085706,0.7117270616740512,0.7740308850163727,0.0,1,False,,,,
1766477323.0889559,0.5903564155792239,0.7836865529647298,1.0,1,False,,,,
1766477323.479615,0.5903564155792239,0.7836865529647298,1.0,1,False,,,,
1766477323.485356,0.5903564155792239,0.7836865529647298,1.0,1,False,,,,
1766477323.488938,0.5903564155792239,0.7836865529647298,1.0,1,False,,,,
1766477323.4918342,0.7117270616740512,0.7740308850163727,0.0,1,False,,,,
1766477323.495392,0.48982100484333324,0.3726632818981216,1.0,1,False,,,,
1766477323.81039,0.48982100484333324,0.3726632818981216,1.0,1,False,,,,
1766477323.816185,0.48982100484333324,0.3726632818981216,1.0,1,False,,,,
1766477323.818906,0.48982100484333324,0.3726632818981216,1.0,1,False,,,,
1766477323.8220081,0.48982100484333324,0.3726632818981216,1.0,1,False,,,,
1766477323.824251,0.48877174841438453,0.39123789107523554,1.0,1,False,,,,
1766477324.087112,0.48877174841438453,0.39123789107523554,1.0,1,False,,,,
1766477324.093297,0.48877174841438453,0.39123789107523554,1.0,1,False,,,,
1766477324.098596,0.7117275836255831,0.7740310088009595,0.0,1,False,,,,
1766477324.101717,0.7117275836255831,0.7740310088009595,0.0,1,False,,,,
1766477324.10824,0.38218641570740586,0.8234689748227665,0.0,2,False,,,,
1766477324.479947,0.38218641570740586,0.8234689748227665,0.0,2,False,,,,
1766477324.4870028,0.38218641570740586,0.8234689748227665,0.0,2,False,,,,
1766477324.489832,0.38218641570740586,0.8234689748227665,0.0,2,False,,,,
1766477324.492439,0.38218641570740586,0.8234689748227665,0.0,2,False,,,,
1766477324.495989,-0.11588100077659354,0.7938263473279992,0.9644623696804047,1,False,,,,
1766477324.806311,-0.11337440863238912,0.7892513808002186,0.9955620765686035,1,False,,,,
1766477324.814095,-0.11337440863238912,0.7892513808002186,0.9955620765686035,1,False,,,,
1766477324.820259,-0.11337440863238912,0.7892513808002186,0.9955620765686035,1,False,,,,
1766477324.823254,-0.11337440863238912,0.7892513808002186,0.9955620765686035,1,False,,,,
1766477324.828867,0.3801895960504254,0.821524926306567,0.0,2,False,,,,
1766477325.142432,0.3801895960504254,0.821524926306567,0.0,2,False,,,,
1766477325.150057,0.3801895960504254,0.821524926306567,0.0,2,False,,,,
1766477325.153012,0.3801895960504254,0.821524926306567,0.0,2,False,,,,
1766477325.155318,0.3801895960504254,0.821524926306567,0.0,2,False,,,,
1766477325.157572,0.7116562475273748,0.7747230307738426,0.0,1,False,,,,
1766477325.468477,0.3801895960504254,0.821524926306567,0.0,1,False,,,,
1766477325.476984,0.3801895960504254,0.821524926306567,0.0,1,False,,,,
1766477325.4826891,0.3801895960504254,0.821524926306567,0.0,1,False,,,,
1766477325.485533,0.3801895960504254,0.821524926306567,0.0,1,False,,,,
1766477325.48852,0.40118272326970034,0.473757764958447,0.9470930099487305,0,False,,,,
1766477325.68831,0.40118272326970034,0.473757764958447,0.9470930099487305,0,False,,,,
1766477325.693357,0.40118272326970034,0.473757764958447,0.9470930099487305,0,False,,,,
1766477325.69589,0.40118272326970034,0.473757764958447,0.9470930099487305,0,False,,,,
1766477325.6989388,0.40118272326970034,0.473757764958447,0.9470930099487305,0,False,,,,
1766477325.701341,0.03567445520541055,0.2535768363089692,0.8438800275325775,0,False,,,,
1766477325.90165,0.04664659468514456,0.25629707526210266,0.9023246169090271,0,False,,,,
1766477325.909205,0.04605689416140422,0.2585476250833231,0.853635311126709,0,False,,,,
1766477325.915543,0.04605689416140422,0.2585476250833231,0.853635311126709,0,False,,,,
1766477325.918258,0.04605689416140422,0.2585476250833231,0.853635311126709,0,False,,,,
1766477325.920663,0.7115713437400905,0.7749486463755155,0.0,0,False,,,,
1766477326.127415,0.7115713437400905,0.7749486463755155,0.0,0,False,,,,
1766477326.133277,0.7115713437400905,0.7749486463755155,0.0,0,False,,,,
1766477326.136032,0.7115713437400905,0.7749486463755155,0.0,0,False,,,,
1766477326.141425,0.06749275697938968,0.8969505988626497,0.7496086657047272,0,False,,,,
1766477326.144028,0.7115713437400905,0.7749486463755155,0.0,0,False,,,,
1766477326.3928242,0.7115713437400905,0.7749486463755155,0.0,0,False,,,,
1766477326.398442,0.7115713437400905,0.7749486463755155,0.0,0,False,,,,
1766477326.4014988,0.7115713437400905,0.7749486463755155,0.0,0,False,,,,
1766477326.4040802,0.7115713437400905,0.7749486463755155,0.0,0,False,,,,
1766477326.4068322,0.7115713437400905,0.7749486463755155,0.0,0,False,,,,
1766477326.581138,0.7115713437400905,0.7749486463755155,0.0,0,False,,,,
1766477326.588248,0.7115713437400905,0.7749486463755155,0.0,0,False,,,,
1766477326.5938618,0.7115713437400905,0.7749486463755155,0.0,0,False,,,,
1766477326.596735,0.7115713437400905,0.7749486463755155,0.0,0,False,,,,
1766477326.5997171,0.6108847844599158,0.6485400222872486,0.10891646025137262,1,False,,,,
1766477326.829098,0.6108847844599158,0.6485400222872486,0.10891646025137262,1,False,,,,
1766477326.834904,0.6108847844599158,0.6485400222872486,0.10891646025137262,1,False,,,,
1766477326.83804,0.6108847844599158,0.6485400222872486,0.10891646025137262,1,False,,,,
1766477326.8408341,0.6108847844599158,0.6485400222872486,0.10891646025137262,1,False,,,,
1766477326.844255,0.04627008276347535,0.2697556162399133,0.8138550817966461,0,False,,,,
1766477327.038659,0.04627008276347535,0.2697556162399133,0.8138550817966461,0,False,,,,
1766477327.044457,0.5907507089071183,0.6658876675610802,0.09141028637440556,0,False,,,,
1766477327.047244,0.5907507089071183,0.6658876675610802,0.09141028637440556,0,False,,,,
1766477327.0504699,0.5907507089071183,0.6658876675610802,0.09141028637440556,0,False,,,,
1766477327.05659,0.5806592509410395,0.7047042569767514,0.11130697957085825,0,False,,,,
1766477327.236279,0.5806592509410395,0.7047042569767514,0.11130697957085825,0,False,,,,
1766477327.242878,0.5754215587980633,0.7150096520242823,0.09992572314850416,0,False,,,,
1766477327.248357,0.5754215587980633,0.7150096520242823,0.09992572314850416,0,False,,,,
1766477327.255201,0.5754215587980633,0.7150096520242823,0.09992572314850416,0,False,,,,
1766477327.258214,0.5690763350751842,0.7361031844702107,0.04971416779738597,0,False,,,,
1766477327.45036,0.5690763350751842,0.7361031844702107,0.04971416779738597,0,False,,,,
1766477327.455872,0.5690763350751842,0.7361031844702107,0.04971416779738597,0,False,,,,
1766477327.458606,0.5690763350751842,0.7361031844702107,0.04971416779738597,0,False,,,,
1766477327.461649,0.5690763350751842,0.7361031844702107,0.04971416779738597,0,False,,,,
1766477327.463993,0.3721423789688586,0.9445311845504291,0.31941066464292195,0,False,,,,
1766477327.65137,0.5428155465858673,0.7858613700512491,0.004450991288386408,0,False,,,,
1766477327.657675,0.5428155465858673,0.7858613700512491,0.004450991288386408,0,False,,,,
1766477327.663435,0.5428155465858673,0.7858613700512491,0.004450991288386408,0,False,,,,
1766477327.66622,0.5428155465858673,0.7858613700512491,0.004450991288386408,0,False,,,,
1766477327.671257,0.5923795224753987,0.8489940520977737,0.12811688653674605,1,False,,,,
1766477327.917784,0.5708633054347033,0.7526928813575818,0.07401310783220179,1,False,,,,
1766477327.925357,0.5708633054347033,0.7526928813575818,0.07401310783220179,1,False,,,,
1766477327.931134,0.5708633054347033,0.7526928813575818,0.07401310783220179,1,False,,,,
1766477327.933884,0.5708633054347033,0.7526928813575818,0.07401310783220179,1,False,,,,
1766477327.936411,0.05028073211470332,0.6311599272399699,0.7123722267827324,1,False,,,,
1766477328.149941,0.05977055276089107,0.5521978149979552,0.8792902529239655,1,False,,,,
1766477328.157913,0.05977055276089107,0.5521978149979552,0.8792902529239655,1,False,,,,
1766477328.1643012,0.05977055276089107,0.5521978149979552,0.8792902529239655,1,False,,,,
1766477328.1671839,0.05977055276089107,0.5521978149979552,0.8792902529239655,1,False,,,,
1766477328.169881,0.08886923140378773,0.19292964671073554,0.8506502211093903,1,False,,,,
1766477328.443917,0.08886923140378773,0.19292964671073554,0.8506502211093903,1,False,,,,
1766477328.449135,0.08886923140378773,0.19292964671073554,0.8506502211093903,1,False,,,,
1766477328.4536161,0.6382406574427308,0.9044823337214905,0.19517086918952464,1,False,,,,
1766477328.457553,0.6382406574427308,0.9044823337214905,0.19517086918952464,1,False,,,,
1766477328.4646442,0.3819108510740324,0.8222357792650387,0.0,1,False,,,,
1766477328.828359,0.3819108510740324,0.8222357792650387,0.0,1,False,,,,
1766477328.8364081,0.3819108510740324,0.8222357792650387,0.0,1,False,,,,
1766477328.839205,0.3819108510740324,0.8222357792650387,0.0,1,False,,,,
1766477328.842104,0.3819108510740324,0.8222357792650387,0.0,1,False,,,,
1766477328.8448792,0.3819108510740324,0.8222357792650387,0.0,2,False,,,,
1766477329.097513,0.3819108510740324,0.8222357792650387,0.0,2,False,,,,
1766477329.1049678,0.3819108510740324,0.8222357792650387,0.0,2,False,,,,
1766477329.107989,0.3819108510740324,0.8222357792650387,0.0,2,False,,,,
1766477329.1133282,0.3819108510740324,0.8222357792650387,0.0,2,False,,,,
1766477329.1160588,0.3819108510740324,0.8222357792650387,0.0,1,False,,,,
1766477329.437523,0.3819108510740324,0.8222357792650387,0.0,1,False,,,,
1766477329.4452748,0.3819108510740324,0.8222357792650387,0.0,1,False,,,,
1766477329.448114,0.3819108510740324,0.8222357792650387,0.0,1,False,,,,
1766477329.450948,0.3819108510740324,0.8222357792650387,0.0,1,False,,,,
1766477329.4535449,0.7268017274586127,0.9317504068997579,0.20472227968902793,1,False,,,,
1766477329.851109,0.7268017274586127,0.9317504068997579,0.20472227968902793,1,False,,,,
1766477329.858371,0.7275882089626601,0.9374250427035725,0.17946775579445132,1,False,,,,
1766477329.861391,0.7280654432144097,0.9412988871918982,0.17408347041531466,1,False,,,,
1766477329.8644779,0.7280654432144097,0.9412988871918982,0.17408347041531466,1,False,,,,
1766477329.868184,0.7301857362484541,0.9837516163377823,0.19962588403103718,1,False,,,,
1766477330.102824,0.7301857362484541,0.9837516163377823,0.19962588403103718,1,False,,,,
1766477330.1094909,0.7301857362484541,0.9837516163377823,0.19962588403103718,1,False,,,,
1766477330.11233,0.7301857362484541,0.9837516163377823,0.19962588403103718,1,False,,,,
1766477330.115029,0.7301857362484541,0.9837516163377823,0.19962588403103718,1,False,,,,
1766477330.1176379,0.38350042653156846,0.8226749538093776,0.0,1,False,,,,
1766477330.4375522,0.38350042653156846,0.8226749538093776,0.0,1,False,,,,
1766477330.443848,0.38350042653156846,0.8226749538093776,0.0,1,False,,,,
1766477330.4466932,0.38350042653156846,0.8226749538093776,0.0,1,False,,,,
1766477330.4496698,0.38350042653156846,0.8226749538093776,0.0,1,False,,,,
1766477330.452225,0.5228544745964927,0.9939068063838992,0.7482119202613831,1,False,,,,
1766477330.7740102,0.5228544745964927,0.9939068063838992,0.7482119202613831,1,False,,,,
1766477330.780771,0.5228544745964927,0.9939068063838992,0.7482119202613831,1,False,,,,
1766477330.786512,0.5228544745964927,0.9939068063838992,0.7482119202613831,1,False,,,,
1766477330.78928,0.5228544745964927,0.9939068063838992,0.7482119202613831,1,False,,,,
1766477330.7918231,0.4091365654814377,1.3659159899410263,0.11722613791896333,1,False,,,,
1766477331.021497,0.4091365654814377,1.3659159899410263,0.11722613791896333,1,False,,,,
1766477331.027631,0.4091365654814377,1.3659159899410263,0.11722613791896333,1,False,,,,
1766477331.030964,0.22528611339509658,1.4595616452299731,0.20208761219327417,1,False,,,,
1766477331.0345411,0.3836045069760245,0.8228478653638496,0.0,1,False,,,,
1766477331.038124,0.258372367385481,1.470054388626362,0.1545798575681332,1,False,,,,
1766477331.3125591,0.258372367385481,1.470054388626362,0.1545798575681332,1,False,,,,
1766477331.3195462,0.258372367385481,1.470054388626362,0.1545798575681332,1,False,,,,
1766477331.322556,0.258372367385481,1.470054388626362,0.1545798575681332,1,False,,,,
1766477331.3253682,0.258372367385481,1.470054388626362,0.1545798575681332,1,False,,,,
1766477331.330801,0.3836045069760245,0.8228478653638496,0.0,1,False,,,,
1766477331.5433578,0.3836045069760245,0.8228478653638496,0.0,1,False,,,,
1766477331.549991,0.3836045069760245,0.8228478653638496,0.0,1,False,,,,
1766477331.5531251,0.3836045069760245,0.8228478653638496,0.0,1,False,,,,
1766477331.555866,0.3836045069760245,0.8228478653638496,0.0,1,False,,,,
1766477331.558733,0.7115978475119246,0.7748615192126118,0.0,1,False,,,,
1766477331.7919612,0.7115978475119246,0.7748615192126118,0.0,1,False,,,,
1766477331.7984262,0.3836045069760245,0.8228478653638496,0.0,1,False,,,,
1766477331.8019462,0.5027435129409354,0.5403607248510082,0.7281555533409119,1,True,0.47828468680381775,0.5442683100700378,0.11330270767211914,0.20163218677043915
1766477331.806313,0.5027435129409354,0.5403607248510082,0.7281555533409119,1,True,0.47828468680381775,0.5442683100700378,0.11330270767211914,0.20163218677043915
1766477331.813581,0.02843738320767768,0.4159285431045594,0.8148752152919769,1,False,,,,
1766477332.1064918,0.030259540180298482,0.39266106324981065,0.7991533577442169,1,False,,,,
1766477332.113068,0.030259540180298482,0.39266106324981065,0.7991533577442169,1,False,,,,
1766477332.1193228,0.030259540180298482,0.39266106324981065,0.7991533577442169,1,False,,,,
1766477332.122475,0.030259540180298482,0.39266106324981065,0.7991533577442169,1,False,,,,
1766477332.1254542,-0.011920090430744512,0.5325824123146196,0.8764729201793671,1,False,,,,
1766477332.437707,-0.011806249430144166,0.5310134176909457,0.8523728847503662,1,False,,,,
1766477332.444475,-0.009445023394902297,0.5278641928536907,0.8572255969047546,1,False,,,,
1766477332.448148,-0.009445023394902297,0.5278641928536907,0.8572255969047546,1,False,,,,
1766477332.454767,-0.009445023394902297,0.5278641928536907,0.8572255969047546,1,False,,,,
1766477332.4577332,0.3847048931842704,0.8243770116820234,0.0,1,False,,,,
1766477332.7808928,0.3847048931842704,0.8243770116820234,0.0,1,False,,,,
1766477332.788146,0.3847048931842704,0.8243770116820234,0.0,1,False,,,,
1766477332.791005,0.3847048931842704,0.8243770116820234,0.0,1,False,,,,
1766477332.796084,0.3847048931842704,0.8243770116820234,0.0,1,False,,,,
1766477332.79862,-0.015553958230747433,0.5502979448329613,1.0,1,False,,,,
1766477333.230484,-0.015553958230747433,0.5502979448329613,1.0,1,False,,,,
1766477333.2369668,-0.015553958230747433,0.5502979448329613,1.0,1,False,,,,
1766477333.2396579,-0.015553958230747433,0.5502979448329613,1.0,1,False,,,,
1766477333.243138,-0.03952771704560147,0.6649246921572894,0.9157918989658356,1,False,,,,
1766477333.246846,-0.03818447849497355,0.6069077381984836,0.8962744772434235,2,False,,,,
1766477333.521433,-0.03818447849497355,0.6069077381984836,0.8962744772434235,2,False,,,,
1766477333.5287838,-0.03818447849497355,0.6069077381984836,0.8962744772434235,2,False,,,,
1766477333.53158,-0.03818447849497355,0.6069077381984836,0.8962744772434235,2,False,,,,
1766477333.534088,-0.03818447849497355,0.6069077381984836,0.8962744772434235,2,False,,,,
1766477333.536917,-0.05711490715030276,0.6653150862304515,0.9590932130813599,1,False,,,,
1766477333.904298,-0.05711490715030276,0.6653150862304515,0.9590932130813599,1,False,,,,
1766477333.910847,-0.05832161647697154,0.6692570303660829,0.9582337439060211,1,False,,,,
1766477333.914836,-0.05875906947145282,0.6721502924972281,0.951813131570816,1,False,,,,
1766477333.9188569,-0.05875906947145282,0.6721502924972281,0.951813131570816,1,False,,,,
1766477333.926356,0.4678329335150456,1.084944351349637,0.7781776189804077,1,False,,,,
1766477334.214623,0.7115535740291004,0.7749663710532395,0.0,1,False,,,,
1766477334.222822,0.7115535740291004,0.7749663710532395,0.0,1,False,,,,
1766477334.2292202,0.7115535740291004,0.7749663710532395,0.0,1,False,,,,
1766477334.2320378,0.7115535740291004,0.7749663710532395,0.0,1,False,,,,
1766477334.234655,-0.057287848631366246,0.6390631061469084,0.9376929700374603,1,False,,,,
1766477334.527622,-0.057287848631366246,0.6390631061469084,0.9376929700374603,1,False,,,,
1766477334.534102,-0.057287848631366246,0.6390631061469084,0.9376929700374603,1,False,,,,
1766477334.539577,-0.057287848631366246,0.6390631061469084,0.9376929700374603,1,False,,,,
1766477334.542055,-0.057287848631366246,0.6390631061469084,0.9376929700374603,1,False,,,,
1766477334.5450969,0.7115535740291004,0.7749663710532395,0.0,1,False,,,,
1766477334.772678,0.7115535740291004,0.7749663710532395,0.0,1,False,,,,
1766477334.779485,0.7115535740291004,0.7749663710532395,0.0,1,False,,,,
1766477334.782219,0.7115811065871481,0.774895737679236,0.0,1,False,,,,
1766477334.7851331,0.7115811065871481,0.774895737679236,0.0,1,False,,,,
1766477334.788179,0.3840448892121806,0.8238521947494345,0.0,1,False,,,,
1766477335.1066701,0.3840448892121806,0.8238521947494345,0.0,1,False,,,,
1766477335.114037,0.3840448892121806,0.8238521947494345,0.0,1,False,,,,
1766477335.116745,0.3840448892121806,0.8238521947494345,0.0,1,False,,,,
1766477335.1196558,0.7115811065871481,0.774895737679236,0.0,1,False,,,,
1766477335.126267,0.06126065002779537,0.19584940301007447,0.8785246312618256,0,False,,,,
1766477335.325006,0.7115811065871481,0.774895737679236,0.0,0,False,,,,
1766477335.33183,0.7115811065871481,0.774895737679236,0.0,0,False,,,,
1766477335.33452,0.7115811065871481,0.774895737679236,0.0,0,False,,,,
1766477335.336992,0.7115811065871481,0.774895737679236,0.0,0,False,,,,
1766477335.339294,0.09480878964868907,0.20317705558856247,0.848581075668335,0,False,,,,
1766477335.542911,0.09480878964868907,0.20317705558856247,0.848581075668335,0,False,,,,
1766477335.5498738,0.09480878964868907,0.20317705558856247,0.848581075668335,0,False,,,,
1766477335.552553,0.09480878964868907,0.20317705558856247,0.848581075668335,0,False,,,,
1766477335.5558999,0.0948067532721701,0.20028190471756302,0.8552643954753876,0,False,,,,
1766477335.558614,0.11086160273293681,0.2839204832213579,0.85489422082901,0,False,,,,
1766477335.7311869,0.11086160273293681,0.2839204832213579,0.85489422082901,0,False,,,,
1766477335.736211,0.11086160273293681,0.2839204832213579,0.85489422082901,0,False,,,,
1766477335.741882,0.11086160273293681,0.2839204832213579,0.85489422082901,0,False,,,,
1766477335.7447119,0.11086160273293681,0.2839204832213579,0.85489422082901,0,False,,,,
1766477335.747812,0.34252819106519033,0.7007748267109974,1.0,0,False,,,,
1766477335.916977,0.34252819106519033,0.7007748267109974,1.0,0,False,,,,
1766477335.922784,0.1267301777162501,0.40561750578566036,0.8538989424705505,0,False,,,,
1766477335.926389,0.7115811065871481,0.774895737679236,0.0,0,False,,,,
1766477335.929218,0.7115811065871481,0.774895737679236,0.0,0,False,,,,
1766477335.936065,0.7115811065871481,0.774895737679236,0.0,1,False,,,,
1766477336.169606,0.7115811065871481,0.774895737679236,0.0,1,False,,,,
1766477336.1749408,0.7115811065871481,0.774895737679236,0.0,1,False,,,,
1766477336.1777852,0.7115811065871481,0.774895737679236,0.0,1,False,,,,
1766477336.1826031,0.7115811065871481,0.774895737679236,0.0,1,False,,,,
1766477336.185204,0.5149633685384878,0.4068712677113222,0.9973526000976562,1,False,,,,
1766477336.4216561,0.5149633685384878,0.4068712677113222,0.9973526000976562,1,False,,,,
1766477336.427509,0.5151539241206115,0.40465239863450553,0.9688828587532043,1,False,,,,
1766477336.430275,0.5151539241206115,0.40465239863450553,0.9688828587532043,1,False,,,,
1766477336.432887,0.5151539241206115,0.40465239863450553,0.9688828587532043,1,False,,,,
1766477336.439195,0.7115811065871481,0.774895737679236,0.0,0,False,,,,
1766477336.636867,0.7115811065871481,0.774895737679236,0.0,0,False,,,,
1766477336.6428,0.7115811065871481,0.774895737679236,0.0,0,False,,,,
1766477336.64546,0.7115811065871481,0.774895737679236,0.0,0,False,,,,
1766477336.647852,0.7115811065871481,0.774895737679236,0.0,0,False,,,,
1766477336.6501088,0.34245046017908054,0.6994576087418058,0.9238318800926208,0,False,,,,
1766477336.884921,0.34245046017908054,0.6994576087418058,0.9238318800926208,0,False,,,,
1766477336.8903701,0.34245046017908054,0.6994576087418058,0.9238318800926208,0,False,,,,
1766477336.893292,0.7115811065871481,0.774895737679236,0.0,0,False,,,,
1766477336.895914,0.34242805854493863,0.6989657105887742,0.9596420526504517,0,False,,,,
1766477336.898646,0.7115811065871481,0.774895737679236,0.0,0,False,,,,
1766477337.106484,0.7115811065871481,0.774895737679236,0.0,0,False,,,,
1766477337.112009,0.7115811065871481,0.774895737679236,0.0,0,False,,,,
1766477337.1146739,0.7115811065871481,0.774895737679236,0.0,0,False,,,,
1766477337.117182,0.7115811065871481,0.774895737679236,0.0,0,False,,,,
1766477337.119627,0.4610132606140832,0.7973587603495152,0.9760358929634094,0,False,,,,
1766477337.272692,0.4610132606140832,0.7973587603495152,0.9760358929634094,0,False,,,,
1766477337.2785192,0.4610132606140832,0.7973587603495152,0.9760358929634094,0,False,,,,
1766477337.283678,0.4610132606140832,0.7973587603495152,0.9760358929634094,0,False,,,,
1766477337.286062,0.4610132606140832,0.7973587603495152,0.9760358929634094,0,False,,,,
1766477337.2884061,0.45207055732393897,0.3649281874483947,0.9738094210624695,0,False,,,,
1766477337.451984,0.45207055732393897,0.3649281874483947,0.9738094210624695,0,False,,,,
1766477337.4579399,0.45207055732393897,0.3649281874483947,0.9738094210624695,0,False,,,,
1766477337.4606552,0.45207055732393897,0.3649281874483947,0.9738094210624695,0,False,,,,
1766477337.463265,0.45529813762633387,0.3739344096250887,0.9947816729545593,0,False,,,,
1766477337.4665432,0.471309978522861,0.35366036729523287,0.9227071404457092,0,False,,,,
1766477337.655206,0.471309978522861,0.35366036729523287,0.9227071404457092,0,False,,,,
1766477337.6607769,0.471309978522861,0.35366036729523287,0.9227071404457092,0,False,,,,
1766477337.663884,0.471309978522861,0.35366036729523287,0.9227071404457092,0,False,,,,
1766477337.666517,0.7115811065871481,0.774895737679236,0.0,0,False,,,,
1766477337.671964,0.3347161048169216,0.5915294402709524,0.9813217520713806,0,False,,,,
1766477337.8997,0.33108964373288063,0.6474101747551665,1.0,0,False,,,,
1766477337.9067872,0.33108964373288063,0.6474101747551665,1.0,0,False,,,,
1766477337.912249,0.33108964373288063,0.6474101747551665,1.0,0,False,,,,
1766477337.9149408,0.33108964373288063,0.6474101747551665,1.0,0,False,,,,
1766477337.9173388,0.7115811065871481,0.774895737679236,0.0,0,False,,,,
1766477338.2455318,0.7115811065871481,0.774895737679236,0.0,0,False,,,,
1766477338.25144,0.7115811065871481,0.774895737679236,0.0,0,False,,,,
1766477338.254266,0.7115811065871481,0.774895737679236,0.0,0,False,,,,
1766477338.25717,0.7115811065871481,0.774895737679236,0.0,0,False,,,,
1766477338.259398,0.02072428585139683,0.7279697994583619,0.9379321038722992,0,False,,,,
1766477338.634618,-0.014454945345217319,0.7233524239826767,0.9921207427978516,0,False,,,,
1766477338.640082,-0.05707385314252331,0.7055555483359135,0.9172036051750183,0,False,,,,
1766477338.6434891,-0.05707385314252331,0.7055555483359135,0.9172036051750183,0,False,,,,
1766477338.650298,-0.05707385314252331,0.7055555483359135,0.9172036051750183,0,False,,,,
1766477338.653427,0.005164339650128991,0.4986912396489256,0.8907440602779388,1,False,,,,
1766477338.9531121,0.005164339650128991,0.4986912396489256,0.8907440602779388,1,False,,,,
1766477338.960213,0.005164339650128991,0.4986912396489256,0.8907440602779388,1,False,,,,
1766477338.963115,0.005164339650128991,0.4986912396489256,0.8907440602779388,1,False,,,,
1766477338.965804,0.005164339650128991,0.4986912396489256,0.8907440602779388,1,False,,,,
1766477338.968273,0.38088314091246156,0.8229910499771979,0.0,1,False,,,,
1766477339.1932511,0.38088314091246156,0.8229910499771979,0.0,1,False,,,,
1766477339.19963,0.38088314091246156,0.8229910499771979,0.0,1,False,,,,
1766477339.202998,0.38088314091246156,0.8229910499771979,0.0,1,False,,,,
1766477339.209266,0.38088314091246156,0.8229910499771979,0.0,1,False,,,,
1766477339.21211,0.38088314091246156,0.8229910499771979,0.0,1,False,,,,
1766477339.509779,0.38088314091246156,0.8229910499771979,0.0,1,False,,,,
1766477339.518423,0.38088314091246156,0.8229910499771979,0.0,1,False,,,,
1766477339.524378,0.38088314091246156,0.8229910499771979,0.0,1,False,,,,
1766477339.5271769,0.38088314091246156,0.8229910499771979,0.0,1,False,,,,
1766477339.529856,0.3815504648014304,0.8239250464986067,0.0,1,False,,,,
1766477339.884576,0.3815504648014304,0.8239250464986067,0.0,1,False,,,,
1766477339.891635,0.3815504648014304,0.8239250464986067,0.0,1,False,,,,
1766477339.8941262,0.3815504648014304,0.8239250464986067,0.0,1,False,,,,
1766477339.8964229,0.3815504648014304,0.8239250464986067,0.0,1,False,,,,
1766477339.8988411,0.22433050323226814,0.29485180212096695,0.9366669654846191,1,False,,,,
1766477340.3946822,0.22433050323226814,0.29485180212096695,0.9366669654846191,1,False,,,,
1766477340.402752,0.22433050323226814,0.29485180212096695,0.9366669654846191,1,False,,,,
1766477340.405615,0.22433050323226814,0.29485180212096695,0.9366669654846191,1,False,,,,
1766477340.4085178,0.22433050323226814,0.29485180212096695,0.9366669654846191,1,False,,,,
1766477340.411312,0.06700894260001551,0.26511216665354154,0.8896022737026215,1,False,,,,
1766477340.655637,0.06700894260001551,0.26511216665354154,0.8896022737026215,1,False,,,,
1766477340.6623921,0.06700894260001551,0.26511216665354154,0.8896022737026215,1,False,,,,
1766477340.665312,0.06700894260001551,0.26511216665354154,0.8896022737026215,1,False,,,,
1766477340.667839,0.06700894260001551,0.26511216665354154,0.8896022737026215,1,False,,,,
1766477340.6703842,0.5623471954675772,0.9991833369801574,0.7446484565734863,1,False,,,,
1766477340.9430652,0.5623471954675772,0.9991833369801574,0.7446484565734863,1,False,,,,
1766477340.949816,0.3816915421512444,0.8238264964124372,0.0,1,False,,,,
1766477340.956901,0.5281221511402832,0.4444021102362885,0.777930498123169,1,False,,,,
1766477340.965156,0.5281221511402832,0.4444021102362885,0.777930498123169,1,False,,,,
1766477340.968148,0.20410933726538275,0.30764600255900376,0.760940194012604,1,False,,,,
1766477341.23392,0.20410933726538275,0.30764600255900376,0.760940194012604,1,False,,,,
1766477341.240545,0.20410933726538275,0.30764600255900376,0.760940194012604,1,False,,,,
1766477341.243684,0.20410933726538275,0.30764600255900376,0.760940194012604,1,False,,,,
1766477341.246803,0.20410933726538275,0.30764600255900376,0.760940194012604,1,False,,,,
1766477341.249791,0.46551747105093755,0.9163688376767903,0.8125905461212144,1,False,,,,
1766477341.548298,0.46551747105093755,0.9163688376767903,0.8125905461212144,1,False,,,,
1766477341.557533,0.3816915421512444,0.8238264964124372,0.0,1,False,,,,
1766477341.564987,0.3816915421512444,0.8238264964124372,0.0,1,False,,,,
1766477341.567869,0.3816915421512444,0.8238264964124372,0.0,1,False,,,,
1766477341.573062,0.35600935858454263,0.7924841376801633,0.11309765994301164,1,False,,,,
1766477341.932171,0.35600935858454263,0.7924841376801633,0.11309765994301164,1,False,,,,
1766477341.9390998,0.35600935858454263,0.7924841376801633,0.11309765994301164,1,False,,,,
1766477341.941893,0.35600935858454263,0.7924841376801633,0.11309765994301164,1,False,,,,
1766477341.944753,0.35600935858454263,0.7924841376801633,0.11309765994301164,1,False,,,,
1766477341.9476092,0.7115667142587994,0.774912006367067,0.0,1,False,,,,
1766477342.300239,0.7115667142587994,0.774912006367067,0.0,1,False,,,,
1766477342.307474,0.7115667142587994,0.774912006367067,0.0,1,False,,,,
1766477342.310512,0.7115667142587994,0.774912006367067,0.0,1,False,,,,
1766477342.313426,0.7115667142587994,0.774912006367067,0.0,1,False,,,,
1766477342.315946,0.15823747335203603,0.2874097069272872,0.7872895896434784,1,False,,,,
1766477342.618082,0.15823747335203603,0.2874097069272872,0.7872895896434784,1,False,,,,
1766477342.623827,0.15818454235442997,0.29046940018097056,0.741987019777298,1,False,,,,
1766477342.6277409,0.15818454235442997,0.29046940018097056,0.741987019777298,1,False,,,,
1766477342.631806,0.15818454235442997,0.29046940018097056,0.741987019777298,1,False,,,,
1766477342.638478,0.03025542436229083,0.36167472646669263,0.9715922772884369,2,False,,,,
1766477343.0624168,0.03132726102864343,0.3626374023616429,0.8980915248394012,2,False,,,,
1766477343.070504,0.03132726102864343,0.3626374023616429,0.8980915248394012,2,False,,,,
1766477343.0768268,0.03132726102864343,0.3626374023616429,0.8980915248394012,2,False,,,,
1766477343.079695,0.03132726102864343,0.3626374023616429,0.8980915248394012,2,False,,,,
1766477343.0821261,0.012435585614162381,0.4060393263015235,0.9209752082824707,1,False,,,,
1766477343.3023438,0.012435585614162381,0.4060393263015235,0.9209752082824707,1,False,,,,
1766477343.309709,0.012435585614162381,0.4060393263015235,0.9209752082824707,1,False,,,,
1766477343.312622,0.012435585614162381,0.4060393263015235,0.9209752082824707,1,False,,,,
1766477343.318183,0.012435585614162381,0.4060393263015235,0.9209752082824707,1,False,,,,
1766477343.3209019,-0.003125149394208737,0.4851357833355232,0.8718840181827545,1,False,,,,
1766477343.539681,-0.0025817257605845966,0.48329338429169777,0.8888387680053711,1,False,,,,
1766477343.5468218,-0.0025817257605845966,0.48329338429169777,0.8888387680053711,1,False,,,,
1766477343.5532181,-0.0025817257605845966,0.48329338429169777,0.8888387680053711,1,False,,,,
1766477343.556146,-0.0025817257605845966,0.48329338429169777,0.8888387680053711,1,False,,,,
1766477343.559339,0.011668103021920118,0.442030210146905,0.9124253690242767,2,False,,,,
1766477343.8431401,0.011668103021920118,0.442030210146905,0.9124253690242767,2,False,,,,
1766477343.849822,0.011668103021920118,0.442030210146905,0.9124253690242767,2,False,,,,
1766477343.852822,0.011668103021920118,0.442030210146905,0.9124253690242767,2,False,,,,
1766477343.855526,0.011668103021920118,0.442030210146905,0.9124253690242767,2,False,,,,
1766477343.858346,0.01610299997128086,0.3783184854273913,0.9499520361423492,1,False,,,,
1766477344.189931,0.01610299997128086,0.3783184854273913,0.9499520361423492,1,False,,,,
1766477344.196745,0.01610299997128086,0.3783184854273913,0.9499520361423492,1,False,,,,
1766477344.199769,0.020645858598504586,0.3706875065229064,0.88437220454216,1,False,,,,
1766477344.2030551,0.020645858598504586,0.3706875065229064,0.88437220454216,1,False,,,,
1766477344.207328,0.7116092302028655,0.7749863222361671,0.0,1,False,,,,
1766477344.4773262,0.7116092302028655,0.7749863222361671,0.0,1,False,,,,
1766477344.484097,0.7116092302028655,0.7749863222361671,0.0,1,False,,,,
1766477344.4868228,0.7116092302028655,0.7749863222361671,0.0,1,False,,,,
1766477344.489588,0.7116092302028655,0.7749863222361671,0.0,1,False,,,,
1766477344.4921448,0.7116141877000975,0.7750134142840365,0.0,1,False,,,,
1766477344.743159,0.7116141877000975,0.7750134142840365,0.0,1,False,,,,
1766477344.751563,0.7116141877000975,0.7750134142840365,0.0,1,False,,,,
1766477344.7564769,0.7116141877000975,0.7750134142840365,0.0,1,False,,,,
1766477344.758933,0.7116141877000975,0.7750134142840365,0.0,1,False,,,,
1766477344.761604,0.7116141877000975,0.7750134142840365,0.0,1,False,,,,
1766477345.004879,0.7116141877000975,0.7750134142840365,0.0,1,False,,,,
1766477345.012973,0.7116141877000975,0.7750134142840365,0.0,1,False,,,,
1766477345.018843,0.7116141877000975,0.7750134142840365,0.0,1,False,,,,
1766477345.022122,0.7116141877000975,0.7750134142840365,0.0,1,False,,,,
1766477345.02445,0.7116141877000975,0.7750134142840365,0.0,0,False,,,,
1766477345.270622,0.38143885421108886,0.8221048333682215,0.0,0,False,,,,
1766477345.2795022,0.7116141877000975,0.7750134142840365,0.0,0,False,,,,
1766477345.2849898,0.7116141877000975,0.7750134142840365,0.0,0,False,,,,
1766477345.287623,0.7116141877000975,0.7750134142840365,0.0,0,False,,,,
1766477345.292618,0.7116141877000975,0.7750134142840365,0.0,0,False,,,,
1766477345.448298,0.7116141877000975,0.7750134142840365,0.0,0,False,,,,
1766477345.4543822,0.7116141877000975,0.7750134142840365,0.0,0,False,,,,
1766477345.457022,0.7116141877000975,0.7750134142840365,0.0,0,False,,,,
1766477345.459457,0.7116141877000975,0.7750134142840365,0.0,0,False,,,,
1766477345.4621272,0.7116141877000975,0.7750134142840365,0.0,0,False,,,,
1766477345.657208,0.7116141877000975,0.7750134142840365,0.0,0,False,,,,
1766477345.662358,0.7116141877000975,0.7750134142840365,0.0,0,False,,,,
1766477345.665161,0.7116141877000975,0.7750134142840365,0.0,0,False,,,,
1766477345.667385,0.7116141877000975,0.7750134142840365,0.0,0,False,,,,
1766477345.669614,0.5421295366785958,0.43192592651003503,0.9045729041099548,0,False,,,,
1766477345.8339021,0.5421295366785958,0.43192592651003503,0.9045729041099548,0,False,,,,
1766477345.8391192,0.5421295366785958,0.43192592651003503,0.9045729041099548,0,False,,,,
1766477345.8418639,0.7116141877000975,0.7750134142840365,0.0,0,False,,,,
1766477345.8446069,0.7116141877000975,0.7750134142840365,0.0,0,False,,,,
1766477345.8471029,0.7116141877000975,0.7750134142840365,0.0,0,False,,,,
1766477346.0209122,0.7116141877000975,0.7750134142840365,0.0,0,False,,,,
1766477346.0266309,0.7116141877000975,0.7750134142840365,0.0,0,False,,,,
1766477346.0295942,0.7116141877000975,0.7750134142840365,0.0,0,False,,,,
1766477346.032162,0.7116141877000975,0.7750134142840365,0.0,0,False,,,,
1766477346.0350919,0.46421817400222143,0.792196372903505,0.7412395477294922,0,False,,,,
1766477346.232849,0.46421817400222143,0.792196372903505,0.7412395477294922,0,False,,,,
1766477346.239282,0.46421817400222143,0.792196372903505,0.7412395477294922,0,False,,,,
1766477346.241979,0.4641180265591367,0.7952574020688158,0.820806086063385,0,False,,,,
1766477346.2476091,0.4641770417473632,0.7961973163397634,0.702976644039154,0,False,,,,
1766477346.254119,0.5704710572124795,0.8103057723154651,0.7210853695869446,0,False,,,,
1766477346.4224372,0.5704710572124795,0.8103057723154651,0.7210853695869446,0,False,,,,
1766477346.42826,0.5704710572124795,0.8103057723154651,0.7210853695869446,0,False,,,,
1766477346.430988,0.5704710572124795,0.8103057723154651,0.7210853695869446,0,False,,,,
1766477346.433562,0.5704710572124795,0.8103057723154651,0.7210853695869446,0,False,,,,
1766477346.4360871,0.5724356861982566,0.8035921468895819,0.7901734709739685,0,False,,,,
1766477346.6082969,0.5724356861982566,0.8035921468895819,0.7901734709739685,0,False,,,,
1766477346.6149418,0.5717324907234294,0.8040472237200192,0.8088502287864685,0,False,,,,
1766477346.61847,0.5717324907234294,0.8040472237200192,0.8088502287864685,0,False,,,,
1766477346.6241322,0.5717324907234294,0.8040472237200192,0.8088502287864685,0,False,,,,
1766477346.6267881,0.3814149759988448,0.8218465024550098,0.0,0,False,,,,
1766477346.853996,0.7116141877000975,0.7750134142840365,0.0,0,False,,,,
1766477346.8609102,0.7116141877000975,0.7750134142840365,0.0,0,False,,,,
1766477346.8637419,0.7116141877000975,0.7750134142840365,0.0,0,False,,,,
1766477346.866229,0.7116141877000975,0.7750134142840365,0.0,0,False,,,,
1766477346.868811,0.556230135188603,0.8044747533278329,0.8123593926429749,0,False,,,,
1766477347.036458,0.556230135188603,0.8044747533278329,0.8123593926429749,0,False,,,,
1766477347.0424352,0.556230135188603,0.8044747533278329,0.8123593926429749,0,False,,,,
1766477347.045675,0.7116141877000975,0.7750134142840365,0.0,0,False,,,,
1766477347.048297,0.5553978726098713,0.8087730796698681,0.8400017023086548,0,False,,,,
1766477347.0506968,0.5868544138103117,0.7020890689022244,0.17263283146965538,0,False,,,,
1766477347.329522,0.5868544138103117,0.7020890689022244,0.17263283146965538,0,False,,,,
1766477347.3352802,0.5868544138103117,0.7020890689022244,0.17263283146965538,0,False,,,,
1766477347.34086,0.5868544138103117,0.7020890689022244,0.17263283146965538,0,False,,,,
1766477347.343254,0.5868544138103117,0.7020890689022244,0.17263283146965538,0,False,,,,
1766477347.3456151,0.3814149759988448,0.8218465024550098,0.0,0,False,,,,
1766477347.496484,0.3814149759988448,0.8218465024550098,0.0,0,False,,,,
1766477347.501984,0.3814149759988448,0.8218465024550098,0.0,0,False,,,,
1766477347.505158,0.3814149759988448,0.8218465024550098,0.0,0,False,,,,
1766477347.5079858,0.3814149759988448,0.8218465024550098,0.0,0,False,,,,
1766477347.510967,0.5389947320873405,0.8211033512140296,0.036252751115491116,0,False,,,,
1766477347.870282,0.5389947320873405,0.8211033512140296,0.036252751115491116,0,False,,,,
1766477347.876642,0.5389947320873405,0.8211033512140296,0.036252751115491116,0,False,,,,
1766477347.879282,0.5389947320873405,0.8211033512140296,0.036252751115491116,0,False,,,,
1766477347.881778,0.5389947320873405,0.8211033512140296,0.036252751115491116,0,False,,,,
1766477347.8867211,0.3813526365447766,0.8217716529140202,0.0,1,False,,,,
1766477348.1814,0.3813526365447766,0.8217716529140202,0.0,1,False,,,,
1766477348.188673,0.3813526365447766,0.8217716529140202,0.0,1,False,,,,
1766477348.1923032,0.3813526365447766,0.8217716529140202,0.0,1,False,,,,
1766477348.199106,0.3813526365447766,0.8217716529140202,0.0,1,False,,,,
1766477348.2018838,0.6209024713801891,0.8678701209420742,0.18950768091165482,1,False,,,,
1766477348.5408692,0.6209024713801891,0.8678701209420742,0.18950768091165482,1,False,,,,
1766477348.5482812,0.6209024713801891,0.8678701209420742,0.18950768091165482,1,False,,,,
1766477348.551021,0.6209024713801891,0.8678701209420742,0.18950768091165482,1,False,,,,
1766477348.5540779,0.6168367020037382,0.8741763267327788,0.2760033154711402,1,False,,,,
1766477348.557227,0.6166967226030333,0.9489010783542754,0.24160051486414755,1,False,,,,
1766477348.7893949,0.6006794422800129,0.9536915724926056,0.2812171551256306,1,False,,,,
1766477348.795893,0.3813526365447766,0.8217716529140202,0.0,1,False,,,,
1766477348.7996569,0.3813526365447766,0.8217716529140202,0.0,1,False,,,,
1766477348.805374,0.3813526365447766,0.8217716529140202,0.0,1,False,,,,
1766477348.8083131,0.6102281055733194,0.9500787047753168,0.47544078387932565,1,False,,,,
1766477349.034032,0.6145041399622381,0.9481670915526114,0.45048351947005744,1,False,,,,
1766477349.0404449,0.6145041399622381,0.9481670915526114,0.45048351947005744,1,False,,,,
1766477349.0432231,0.6145041399622381,0.9481670915526114,0.45048351947005744,1,False,,,,
1766477349.046098,0.6145041399622381,0.9481670915526114,0.45048351947005744,1,False,,,,
1766477349.0486138,0.616766030727873,0.9240557152010593,0.4981171999348037,2,False,,,,
1766477349.579448,0.616766030727873,0.9240557152010593,0.4981171999348037,2,False,,,,
1766477349.586528,0.616766030727873,0.9240557152010593,0.4981171999348037,2,False,,,,
1766477349.58951,0.616766030727873,0.9240557152010593,0.4981171999348037,2,False,,,,
1766477349.59463,0.6124418896385578,0.933645423980381,0.517484788628782,2,False,,,,
1766477349.598516,0.3813526365447766,0.8217716529140202,0.0,0,False,,,,
1766477349.756096,0.3813526365447766,0.8217716529140202,0.0,0,False,,,,
1766477349.762967,0.6111951315211909,0.941376757053737,0.4474545545773469,0,False,,,,
1766477349.7663648,0.6111951315211909,0.941376757053737,0.4474545545773469,0,False,,,,
1766477349.7694468,0.6111951315211909,0.941376757053737,0.4474545545773469,0,False,,,,
1766477349.7762308,0.6674589730962104,0.937791127669249,0.3065824283846709,0,False,,,,
1766477349.954022,0.6674589730962104,0.937791127669249,0.3065824283846709,0,False,,,,
1766477349.9612741,0.3813526365447766,0.8217716529140202,0.0,0,False,,,,
1766477349.9649549,0.6543754887326139,0.9320767780948335,0.3229871348038806,0,False,,,,
1766477349.967427,0.6543754887326139,0.9320767780948335,0.3229871348038806,0,False,,,,
1766477349.97005,0.3813526365447766,0.8217716529140202,0.0,0,False,,,,
1766477350.178456,0.3813526365447766,0.8217716529140202,0.0,0,False,,,,
1766477350.184222,0.3813526365447766,0.8217716529140202,0.0,0,False,,,,
1766477350.187086,0.3813526365447766,0.8217716529140202,0.0,0,False,,,,
1766477350.189397,0.3813526365447766,0.8217716529140202,0.0,0,False,,,,
1766477350.191637,0.3813526365447766,0.8217716529140202,0.0,0,False,,,,
1766477350.376024,0.3813526365447766,0.8217716529140202,0.0,0,False,,,,
1766477350.382029,0.3813526365447766,0.8217716529140202,0.0,0,False,,,,
1766477350.384764,0.3813526365447766,0.8217716529140202,0.0,0,False,,,,
1766477350.3870232,0.3813526365447766,0.8217716529140202,0.0,0,False,,,,
1766477350.389178,0.3813526365447766,0.8217716529140202,0.0,0,False,,,,
1766477350.608107,0.3813526365447766,0.8217716529140202,0.0,0,False,,,,
1766477350.613845,0.3813526365447766,0.8217716529140202,0.0,0,False,,,,
1766477350.618541,0.3813526365447766,0.8217716529140202,0.0,0,False,,,,
1766477350.621561,0.3813526365447766,0.8217716529140202,0.0,0,False,,,,
1766477350.623927,0.3813526365447766,0.8217716529140202,0.0,0,False,,,,
1766477350.8034182,0.3998402671539637,1.369787453095173,0.11599534454052376,0,False,,,,
1766477350.8102772,0.3998402671539637,1.369787453095173,0.11599534454052376,0,False,,,,
1766477350.815904,0.3998402671539637,1.369787453095173,0.11599534454052376,0,False,,,,
1766477350.818739,0.3998402671539637,1.369787453095173,0.11599534454052376,0,False,,,,
1766477350.821437,0.7117284114365983,0.7753848374224974,0.0,0,False,,,,
1766477350.999924,0.7117284114365983,0.7753848374224974,0.0,0,False,,,,
1766477351.006211,0.38291172104028876,0.8225074022746721,0.0,0,False,,,,
1766477351.0095239,0.38291172104028876,0.8225074022746721,0.0,0,False,,,,
1766477351.026332,0.38291172104028876,0.8225074022746721,0.0,0,False,,,,
1766477351.0310981,0.38291172104028876,0.8225074022746721,0.0,0,False,,,,
1766477351.225089,0.38291172104028876,0.8225074022746721,0.0,0,False,,,,
1766477351.2306812,0.38291172104028876,0.8225074022746721,0.0,0,False,,,,
1766477351.234074,0.38291172104028876,0.8225074022746721,0.0,0,False,,,,
1766477351.236896,0.38291172104028876,0.8225074022746721,0.0,0,False,,,,
1766477351.239556,0.38291172104028876,0.8225074022746721,0.0,0,False,,,,
1766477351.483449,0.38291172104028876,0.8225074022746721,0.0,0,False,,,,
1766477351.489048,0.38291172104028876,0.8225074022746721,0.0,0,False,,,,
1766477351.4919522,0.38291172104028876,0.8225074022746721,0.0,0,False,,,,
1766477351.494557,0.38291172104028876,0.8225074022746721,0.0,0,False,,,,
1766477351.4974568,0.38291172104028876,0.8225074022746721,0.0,0,False,,,,
1766477351.697591,0.38291172104028876,0.8225074022746721,0.0,0,False,,,,
1766477351.701971,0.38291172104028876,0.8225074022746721,0.0,0,False,,,,
1766477351.7060091,0.38291172104028876,0.8225074022746721,0.0,0,False,,,,
1766477351.7092621,0.7117284114365983,0.7753848374224974,0.0,0,False,,,,
1766477351.7120728,0.16520138857306624,0.46066046810302885,0.7395362615561037,1,False,,,,
1766477352.0159218,0.16244454057695465,0.4464238703187159,0.7264082133769989,1,False,,,,
1766477352.0232801,0.16244454057695465,0.4464238703187159,0.7264082133769989,1,False,,,,
1766477352.026249,0.16244454057695465,0.4464238703187159,0.7264082133769989,1,False,,,,
1766477352.0290492,0.16244454057695465,0.4464238703187159,0.7264082133769989,1,False,,,,
1766477352.031751,0.38508092082139866,0.8236836634361188,0.0,1,False,,,,
1766477352.266318,0.38508092082139866,0.8236836634361188,0.0,1,False,,,,
1766477352.2736268,0.38508092082139866,0.8236836634361188,0.0,1,False,,,,
1766477352.276525,0.38508092082139866,0.8236836634361188,0.0,1,False,,,,
1766477352.283565,0.38508092082139866,0.8236836634361188,0.0,1,False,,,,
1766477352.2898471,0.7117284114365983,0.7753848374224974,0.0,1,False,,,,
1766477352.507004,0.7117284114365983,0.7753848374224974,0.0,1,False,,,,
1766477352.514957,0.38508092082139866,0.8236836634361188,0.0,1,False,,,,
1766477352.521195,0.38508092082139866,0.8236836634361188,0.0,1,False,,,,
1766477352.5240371,0.38508092082139866,0.8236836634361188,0.0,1,False,,,,
1766477352.526711,0.7117284114365983,0.7753848374224974,0.0,0,False,,,,
1766477352.721565,0.7117284114365983,0.7753848374224974,0.0,0,False,,,,
1766477352.727634,0.7117284114365983,0.7753848374224974,0.0,0,False,,,,
1766477352.730409,0.7117284114365983,0.7753848374224974,0.0,0,False,,,,
1766477352.73317,0.7117284114365983,0.7753848374224974,0.0,0,False,,,,
1766477352.735504,0.7117284114365983,0.7753848374224974,0.0,0,False,,,,
1766477352.908916,0.41060087368074016,1.063106948852636,0.7733713984489441,0,False,,,,
1766477352.91602,0.7117284114365983,0.7753848374224974,0.0,0,False,,,,
1766477352.922945,0.7117284114365983,0.7753848374224974,0.0,0,False,,,,
1766477352.925614,0.7117284114365983,0.7753848374224974,0.0,0,False,,,,
1766477352.92809,0.7117284114365983,0.7753848374224974,0.0,0,False,,,,
1766477353.091857,0.7117284114365983,0.7753848374224974,0.0,0,False,,,,
1766477353.0988538,0.7117284114365983,0.7753848374224974,0.0,0,False,,,,
1766477353.10137,0.7117284114365983,0.7753848374224974,0.0,0,False,,,,
1766477353.104147,0.7117284114365983,0.7753848374224974,0.0,0,False,,,,
1766477353.106952,0.38508092082139866,0.8236836634361188,0.0,0,False,,,,
1766477353.3885682,0.38508092082139866,0.8236836634361188,0.0,0,False,,,,
1766477353.39665,0.38508092082139866,0.8236836634361188,0.0,0,False,,,,
1766477353.4015648,0.38508092082139866,0.8236836634361188,0.0,0,False,,,,
1766477353.4044821,0.38508092082139866,0.8236836634361188,0.0,0,False,,,,
1766477353.406909,0.38508092082139866,0.8236836634361188,0.0,1,False,,,,
1766477353.645761,0.38508092082139866,0.8236836634361188,0.0,1,False,,,,
1766477353.653734,0.16581486532404202,0.4216835163085815,0.7202032980394087,1,False,,,,
1766477353.65745,0.16581486532404202,0.4216835163085815,0.7202032980394087,1,False,,,,
1766477353.665853,0.16581486532404202,0.4216835163085815,0.7202032980394087,1,False,,,,
1766477353.668803,0.7117297523413244,0.7753853721139775,0.0,1,False,,,,
1766477354.0215309,0.3822650467900964,0.9555907614040015,0.3384077236582921,1,False,,,,
1766477354.028746,0.3822650467900964,0.9555907614040015,0.3384077236582921,1,False,,,,
1766477354.035087,0.3822650467900964,0.9555907614040015,0.3384077236582921,1,False,,,,
1766477354.037998,0.3822650467900964,0.9555907614040015,0.3384077236582921,1,False,,,,
1766477354.043045,0.7117297523413244,0.7753853721139775,0.0,1,False,,,,
1766477354.3513432,0.7117297523413244,0.7753853721139775,0.0,1,False,,,,
1766477354.3589592,0.7117297523413244,0.7753853721139775,0.0,1,False,,,,
1766477354.3632529,0.7117297523413244,0.7753853721139775,0.0,1,False,,,,
1766477354.369419,0.7117297523413244,0.7753853721139775,0.0,1,False,,,,
1766477354.372276,0.5181049865870206,0.9945385354868713,0.7481017634027524,1,False,,,,
1766477354.603394,0.5181049865870206,0.9945385354868713,0.7481017634027524,1,False,,,,
1766477354.61011,0.5181049865870206,0.9945385354868713,0.7481017634027524,1,False,,,,
1766477354.613367,0.5181049865870206,0.9945385354868713,0.7481017634027524,1,False,,,,
1766477354.616029,0.5181049865870206,0.9945385354868713,0.7481017634027524,1,False,,,,
1766477354.61862,0.013442526624764906,0.4730923058364136,0.951638251543045,1,False,,,,
1766477354.937268,0.013442526624764906,0.4730923058364136,0.951638251543045,1,False,,,,
1766477354.9425359,0.013442526624764906,0.4730923058364136,0.951638251543045,1,False,,,,
1766477354.945538,0.013442526624764906,0.4730923058364136,0.951638251543045,1,False,,,,
1766477354.9482188,0.013442526624764906,0.4730923058364136,0.951638251543045,1,False,,,,
1766477354.9507241,0.01904746897822642,0.4510668579405199,0.9874779582023621,1,False,,,,
1766477355.2436008,0.01904746897822642,0.4510668579405199,0.9874779582023621,1,False,,,,
1766477355.2502341,0.01904746897822642,0.4510668579405199,0.9874779582023621,1,False,,,,
1766477355.2532108,0.01904746897822642,0.4510668579405199,0.9874779582023621,1,False,,,,
1766477355.255647,0.01904746897822642,0.4510668579405199,0.9874779582023621,1,False,,,,
1766477355.2582772,0.021078557578767133,0.47084260355707774,1.0,1,False,,,,
1766477355.507485,0.021078557578767133,0.47084260355707774,1.0,1,False,,,,
1766477355.514213,0.021078557578767133,0.47084260355707774,1.0,1,False,,,,
1766477355.517618,0.021078557578767133,0.47084260355707774,1.0,1,False,,,,
1766477355.5229828,0.021078557578767133,0.47084260355707774,1.0,1,False,,,,
1766477355.5260658,0.38701725149052846,0.8263870125779149,0.0,1,False,,,,
1766477355.834385,0.38701725149052846,0.8263870125779149,0.0,1,False,,,,
1766477355.841154,0.38701725149052846,0.8263870125779149,0.0,1,False,,,,
1766477355.844393,0.38701725149052846,0.8263870125779149,0.0,1,False,,,,
1766477355.846859,0.38701725149052846,0.8263870125779149,0.0,1,False,,,,
1766477355.8493912,0.014265174667482405,0.47557759336032635,0.8742253184318542,2,False,,,,
1766477356.272065,0.014265174667482405,0.47557759336032635,0.8742253184318542,2,False,,,,
1766477356.27869,0.014265174667482405,0.47557759336032635,0.8742253184318542,2,False,,,,
1766477356.281573,0.014265174667482405,0.47557759336032635,0.8742253184318542,2,False,,,,
1766477356.284228,0.014265174667482405,0.47557759336032635,0.8742253184318542,2,False,,,,
1766477356.286953,0.711496859213667,0.7764285804540756,0.0,1,False,,,,
1766477356.539531,0.013677656081885647,0.48309740294841985,0.8923435807228088,1,False,,,,
1766477356.5459142,0.013677656081885647,0.48309740294841985,0.8923435807228088,1,False,,,,
1766477356.549013,0.013677656081885647,0.48309740294841985,0.8923435807228088,1,False,,,,
1766477356.551649,0.013677656081885647,0.48309740294841985,0.8923435807228088,1,False,,,,
1766477356.554343,0.009817200966267325,0.4884039913980269,0.8572115898132324,1,False,,,,
1766477356.819892,0.009817200966267325,0.4884039913980269,0.8572115898132324,1,False,,,,
1766477356.8261828,0.009817200966267325,0.4884039913980269,0.8572115898132324,1,False,,,,
1766477356.829311,0.009817200966267325,0.4884039913980269,0.8572115898132324,1,False,,,,
1766477356.8318112,0.009817200966267325,0.4884039913980269,0.8572115898132324,1,False,,,,
1766477356.835235,0.0047789212368466675,0.5790891913722669,0.8304177820682526,1,False,,,,
1766477357.103293,0.711496859213667,0.7764285804540756,0.0,1,False,,,,
1766477357.11032,0.711496859213667,0.7764285804540756,0.0,1,False,,,,
1766477357.116695,0.711496859213667,0.7764285804540756,0.0,1,False,,,,
1766477357.11945,0.711496859213667,0.7764285804540756,0.0,1,False,,,,
1766477357.1219578,0.00031541542395538966,0.5315132892023431,0.8154322504997253,1,False,,,,
1766477357.407419,-0.00011252247590674003,0.5268775542623092,0.8078216314315796,1,False,,,,
1766477357.4154701,-0.00011252247590674003,0.5268775542623092,0.8078216314315796,1,False,,,,
1766477357.421835,-0.00011252247590674003,0.5268775542623092,0.8078216314315796,1,False,,,,
1766477357.424758,-0.00011252247590674003,0.5268775542623092,0.8078216314315796,1,False,,,,
1766477357.4276721,0.3874622444823955,0.8269174965387668,0.0,1,False,,,,
1766477357.8081121,0.3874622444823955,0.8269174965387668,0.0,1,False,,,,
1766477357.8163068,0.3874622444823955,0.8269174965387668,0.0,1,False,,,,
1766477357.82271,0.3874622444823955,0.8269174965387668,0.0,1,False,,,,
1766477357.825758,0.3874622444823955,0.8269174965387668,0.0,1,False,,,,
1766477357.830679,0.4794618678337864,0.5103111529464204,0.756583034992218,2,True,0.41520777344703674,0.38542866706848145,0.10028743743896484,0.20005081593990326
1766477358.238264,-0.01762887112051432,0.5244410951132052,0.7133806525960658,2,False,,,,
1766477358.247103,0.711496859213667,0.7764285804540756,0.0,2,False,,,,
1766477358.2538419,0.711496859213667,0.7764285804540756,0.0,2,False,,,,
1766477358.256564,0.711496859213667,0.7764285804540756,0.0,2,False,,,,
1766477358.259103,0.711496859213667,0.7764285804540756,0.0,2,False,,,,
1766477358.5671349,0.711496859213667,0.7764285804540756,0.0,2,False,,,,
1766477358.5744698,0.711496859213667,0.7764285804540756,0.0,2,False,,,,
1766477358.577983,0.711496859213667,0.7764285804540756,0.0,2,False,,,,
1766477358.581089,0.711496859213667,0.7764285804540756,0.0,2,False,,,,
1766477358.588222,0.711496859213667,0.7764285804540756,0.0,1,False,,,,
1766477359.034645,0.711496859213667,0.7764285804540756,0.0,1,False,,,,
1766477359.039885,0.711496859213667,0.7764285804540756,0.0,1,False,,,,
1766477359.0430038,0.711496859213667,0.7764285804540756,0.0,1,False,,,,
1766477359.0463092,0.711496859213667,0.7764285804540756,0.0,1,False,,,,
1766477359.0496151,0.711496859213667,0.7764285804540756,0.0,2,False,,,,
1766477359.304319,0.711496859213667,0.7764285804540756,0.0,2,False,,,,
1766477359.3106,0.3874622444823955,0.8269174965387668,0.0,2,False,,,,
1766477359.3139148,0.3874622444823955,0.8269174965387668,0.0,2,False,,,,
1766477359.3182132,0.3874622444823955,0.8269174965387668,0.0,2,False,,,,
1766477359.324509,0.711496859213667,0.7764285804540756,0.0,1,False,,,,
1766477359.6271229,0.711496859213667,0.7764285804540756,0.0,1,False,,,,
1766477359.633705,0.711496859213667,0.7764285804540756,0.0,1,False,,,,
1766477359.636727,0.711496859213667,0.7764285804540756,0.0,1,False,,,,
1766477359.6417751,0.711496859213667,0.7764285804540756,0.0,1,False,,,,
1766477359.6445289,-0.006464249482025508,0.5569530969216143,0.9121285974979401,1,False,,,,
1766477359.862669,-0.006464249482025508,0.5569530969216143,0.9121285974979401,1,False,,,,
1766477359.869968,-0.006464249482025508,0.5569530969216143,0.9121285974979401,1,False,,,,
1766477359.872919,-0.006464249482025508,0.5569530969216143,0.9121285974979401,1,False,,,,
1766477359.875655,-0.006464249482025508,0.5569530969216143,0.9121285974979401,1,False,,,,
1766477359.878347,0.7115012255988814,0.7764237402641525,0.0,2,False,,,,
1766477360.227751,0.7115012255988814,0.7764237402641525,0.0,2,False,,,,
1766477360.235326,0.7115012255988814,0.7764237402641525,0.0,2,False,,,,
1766477360.2385752,0.7115012255988814,0.7764237402641525,0.0,2,False,,,,
1766477360.2412212,0.7115012255988814,0.7764237402641525,0.0,2,False,,,,
1766477360.244011,0.03614146667115285,0.4074866163746591,0.8967491686344147,1,False,,,,
1766477360.5505102,0.7115012255988814,0.7764237402641525,0.0,1,False,,,,
1766477360.5583518,0.03396483543767896,0.4121045460230164,0.9108291864395142,1,False,,,,
1766477360.565281,0.03396483543767896,0.4121045460230164,0.9108291864395142,1,False,,,,
1766477360.568189,0.03396483543767896,0.4121045460230164,0.9108291864395142,1,False,,,,
1766477360.571003,0.7115012255988814,0.7764237402641525,0.0,1,False,,,,
1766477360.87482,0.7115012255988814,0.7764237402641525,0.0,1,False,,,,
1766477360.881424,0.7115012255988814,0.7764237402641525,0.0,1,False,,,,
1766477360.884476,0.7115012255988814,0.7764237402641525,0.0,1,False,,,,
1766477360.888488,0.4954703380023119,1.028654581278622,0.9923989772796631,1,False,,,,
1766477360.8912692,0.020500815136542627,0.40420887805116745,0.8529444634914398,1,False,,,,
1766477361.1463392,0.020500815136542627,0.40420887805116745,0.8529444634914398,1,False,,,,
1766477361.152936,0.38751364385124154,0.8269925317729281,0.0,1,False,,,,
1766477361.1596968,0.02234550517552254,0.3765545194117885,0.7872877717018127,1,False,,,,
1766477361.163722,0.02234550517552254,0.3765545194117885,0.7872877717018127,1,False,,,,
1766477361.1700149,0.7115012255988814,0.7764237402641525,0.0,2,False,,,,
1766477361.595399,-0.0033249767345125748,0.5001824466460534,0.7547330260276794,2,False,,,,
1766477361.602998,-0.0033249767345125748,0.5001824466460534,0.7547330260276794,2,False,,,,
1766477361.6094751,-0.0033249767345125748,0.5001824466460534,0.7547330260276794,2,False,,,,
1766477361.612415,-0.0033249767345125748,0.5001824466460534,0.7547330260276794,2,False,,,,
1766477361.61495,0.0035886242773639056,0.45583173253184106,0.874749094247818,1,False,,,,
1766477361.895518,0.004822658076251774,0.45701105617530213,0.8475751280784607,1,False,,,,
1766477361.902626,0.004682238985550757,0.45723694748890087,0.8747065663337708,1,False,,,,
1766477361.9104278,0.004682238985550757,0.45723694748890087,0.8747065663337708,1,False,,,,
1766477361.913389,0.004682238985550757,0.45723694748890087,0.8747065663337708,1,False,,,,
1766477361.9186828,0.009696299068321501,0.41180154416635584,0.7958307862281799,1,False,,,,
1766477362.219636,0.009696299068321501,0.41180154416635584,0.7958307862281799,1,False,,,,
1766477362.225997,0.008416978122236695,0.41476715967691147,0.7338785827159882,1,False,,,,
1766477362.229582,0.006630009876068233,0.41571283376165824,0.7134678065776825,1,False,,,,
1766477362.2324429,0.006630009876068233,0.41571283376165824,0.7134678065776825,1,False,,,,
1766477362.2397141,-0.0002259102298746818,0.48089345212067336,0.8895590603351593,1,False,,,,
1766477362.642415,-0.0002259102298746818,0.48089345212067336,0.8895590603351593,1,False,,,,
1766477362.649419,-0.0002259102298746818,0.48089345212067336,0.8895590603351593,1,False,,,,
1766477362.652262,-0.0002259102298746818,0.48089345212067336,0.8895590603351593,1,False,,,,
1766477362.654887,-0.0002259102298746818,0.48089345212067336,0.8895590603351593,1,False,,,,
1766477362.657454,-0.12139319471468805,0.7708366160262847,0.8631265163421631,2,False,,,,
1766477362.934464,-0.14814176712704147,0.8010591634554936,0.9090315699577332,2,False,,,,
1766477362.940685,-0.14814176712704147,0.8010591634554936,0.9090315699577332,2,False,,,,
1766477362.947285,-0.14814176712704147,0.8010591634554936,0.9090315699577332,2,False,,,,
1766477362.95033,-0.14814176712704147,0.8010591634554936,0.9090315699577332,2,False,,,,
1766477362.952615,0.5207052090058001,1.1722640552910695,1.0,1,False,,,,
1766477363.242049,-0.15745531596613516,0.8408441358372788,0.9020301401615143,1,False,,,,
1766477363.249485,-0.15745531596613516,0.8408441358372788,0.9020301401615143,1,False,,,,
1766477363.255532,-0.15745531596613516,0.8408441358372788,0.9020301401615143,1,False,,,,
1766477363.258307,-0.15745531596613516,0.8408441358372788,0.9020301401615143,1,False,,,,
1766477363.261045,0.819545647956085,1.1905961680688275,0.7294805645942688,1,False,,,,
1766477363.947655,0.819545647956085,1.1905961680688275,0.7294805645942688,1,False,,,,
1766477363.955405,0.819545647956085,1.1905961680688275,0.7294805645942688,1,False,,,,
1766477363.958594,0.819545647956085,1.1905961680688275,0.7294805645942688,1,False,,,,
1766477363.9638422,0.819545647956085,1.1905961680688275,0.7294805645942688,1,False,,,,
1766477363.966513,0.7114815536317893,0.7764833785130384,0.0,1,False,,,,
1766477364.2744992,0.7114815536317893,0.7764833785130384,0.0,1,False,,,,
1766477364.28202,0.7114815536317893,0.7764833785130384,0.0,1,False,,,,
1766477364.2879841,0.7114815536317893,0.7764833785130384,0.0,1,False,,,,
1766477364.291115,0.7114815536317893,0.7764833785130384,0.0,1,False,,,,
1766477364.293538,0.7114815536317893,0.7764833785130384,0.0,1,False,,,,
1766477364.518631,0.7114815536317893,0.7764833785130384,0.0,1,False,,,,
1766477364.525859,0.7114815536317893,0.7764833785130384,0.0,1,False,,,,
1766477364.5288079,0.7114815536317893,0.7764833785130384,0.0,1,False,,,,
1766477364.531154,0.7114815536317893,0.7764833785130384,0.0,1,False,,,,
1766477364.5334988,0.5051481045987959,0.8766866733826363,0.8279244899749756,1,False,,,,
1766477364.766948,0.5051481045987959,0.8766866733826363,0.8279244899749756,1,False,,,,
1766477364.773124,0.4950861031255007,0.8673410345688704,0.8240339756011963,1,False,,,,
1766477364.776128,0.4816158079463276,0.8859362638477905,0.8193175792694092,1,False,,,,
1766477364.7798111,0.4816158079463276,0.8859362638477905,0.8193175792694092,1,False,,,,
1766477364.786798,0.4336030835701797,0.9271558728374907,0.8865135312080383,0,False,,,,
1766477364.947108,0.7114815536317893,0.7764833785130384,0.0,0,False,,,,
1766477364.953869,0.7114815536317893,0.7764833785130384,0.0,0,False,,,,
1766477364.9594638,0.7114815536317893,0.7764833785130384,0.0,0,False,,,,
1766477364.962092,0.7114815536317893,0.7764833785130384,0.0,0,False,,,,
1766477364.965041,0.7114815536317893,0.7764833785130384,0.0,1,False,,,,
1766477365.2901351,0.7114815536317893,0.7764833785130384,0.0,1,False,,,,
1766477365.2963688,0.7114815536317893,0.7764833785130384,0.0,1,False,,,,
1766477365.301196,0.7114815536317893,0.7764833785130384,0.0,1,False,,,,
1766477365.304105,0.7114815536317893,0.7764833785130384,0.0,1,False,,,,
1766477365.3065312,0.7114815536317893,0.7764833785130384,0.0,1,False,,,,
1766477365.587805,0.7114815536317893,0.7764833785130384,0.0,1,False,,,,
1766477365.595486,0.7114815536317893,0.7764833785130384,0.0,1,False,,,,
1766477365.5982049,0.7114815536317893,0.7764833785130384,0.0,1,False,,,,
1766477365.600835,0.7114815536317893,0.7764833785130384,0.0,1,False,,,,
1766477365.6033542,0.38428240669620817,0.8232297205604842,0.0,1,False,,,,
1766477365.983354,0.7114815536317893,0.7764833785130384,0.0,1,False,,,,
1766477365.990552,0.7114815536317893,0.7764833785130384,0.0,1,False,,,,
1766477365.996476,0.7114815536317893,0.7764833785130384,0.0,1,False,,,,
1766477365.999181,0.7114815536317893,0.7764833785130384,0.0,1,False,,,,
1766477366.00455,0.4019465023374103,0.9194588023325594,0.9000430703163147,1,False,,,,
1766477366.32778,0.4019465023374103,0.9194588023325594,0.9000430703163147,1,False,,,,
1766477366.3347101,0.4019465023374103,0.9194588023325594,0.9000430703163147,1,False,,,,
1766477366.338125,0.4019465023374103,0.9194588023325594,0.9000430703163147,1,False,,,,
1766477366.340492,0.4019465023374103,0.9194588023325594,0.9000430703163147,1,False,,,,
1766477366.342658,0.47780279295293343,0.9017388832974078,0.8330297470092773,0,False,,,,
1766477366.558444,0.47780279295293343,0.9017388832974078,0.8330297470092773,0,False,,,,
1766477366.564318,0.47780279295293343,0.9017388832974078,0.8330297470092773,0,False,,,,
1766477366.567002,0.47780279295293343,0.9017388832974078,0.8330297470092773,0,False,,,,
1766477366.569396,0.47780279295293343,0.9017388832974078,0.8330297470092773,0,False,,,,
1766477366.572193,0.38428240669620817,0.8232297205604842,0.0,0,False,,,,
1766477366.735004,0.38428240669620817,0.8232297205604842,0.0,0,False,,,,
1766477366.740581,0.38428240669620817,0.8232297205604842,0.0,0,False,,,,
1766477366.7434602,0.38428240669620817,0.8232297205604842,0.0,0,False,,,,
1766477366.7456279,0.38428240669620817,0.8232297205604842,0.0,0,False,,,,
1766477366.7479281,0.48022544619236945,0.8933221398642306,0.7587141990661621,0,False,,,,
1766477367.02778,0.48022544619236945,0.8933221398642306,0.7587141990661621,0,False,,,,
1766477367.033843,0.48022544619236945,0.8933221398642306,0.7587141990661621,0,False,,,,
1766477367.036777,0.48022544619236945,0.8933221398642306,0.7587141990661621,0,False,,,,
1766477367.0392818,0.48022544619236945,0.8933221398642306,0.7587141990661621,0,False,,,,
1766477367.041774,0.7114815536317893,0.7764833785130384,0.0,0,False,,,,
1766477367.363837,0.7114815536317893,0.7764833785130384,0.0,0,False,,,,
1766477367.369992,0.7114815536317893,0.7764833785130384,0.0,0,False,,,,
1766477367.3730738,0.7114815536317893,0.7764833785130384,0.0,0,False,,,,
1766477367.3779452,0.7114815536317893,0.7764833785130384,0.0,0,False,,,,
1766477367.380536,0.7114815536317893,0.7764833785130384,0.0,0,False,,,,
1766477367.629814,0.7114815536317893,0.7764833785130384,0.0,0,False,,,,
1766477367.636318,0.7114815536317893,0.7764833785130384,0.0,0,False,,,,
1766477367.6395001,0.7114815536317893,0.7764833785130384,0.0,0,False,,,,
1766477367.6419241,0.7114815536317893,0.7764833785130384,0.0,0,False,,,,
1766477367.6444218,0.4100171814118777,0.9085469634439249,0.8631442785263062,0,False,,,,
1766477367.888582,0.4100171814118777,0.9085469634439249,0.8631442785263062,0,False,,,,
1766477367.89519,0.7114815536317893,0.7764833785130384,0.0,0,False,,,,
1766477367.8992798,0.7114815536317893,0.7764833785130384,0.0,0,False,,,,
1766477367.9047291,0.7114815536317893,0.7764833785130384,0.0,0,False,,,,
1766477367.907294,0.38456248006797866,0.9393960645231352,0.7692241668701172,0,False,,,,
1766477368.097541,0.3839210848434485,0.9356581164333313,0.890817403793335,0,False,,,,
1766477368.10339,0.3839210848434485,0.9356581164333313,0.890817403793335,0,False,,,,
1766477368.106663,0.3839210848434485,0.9356581164333313,0.890817403793335,0,False,,,,
1766477368.108942,0.3839210848434485,0.9356581164333313,0.890817403793335,0,False,,,,
1766477368.111239,0.7114815536317893,0.7764833785130384,0.0,0,False,,,,
1766477368.4096372,0.7114815536317893,0.7764833785130384,0.0,0,False,,,,
1766477368.4155982,0.7114815536317893,0.7764833785130384,0.0,0,False,,,,
1766477368.418313,0.7114815536317893,0.7764833785130384,0.0,0,False,,,,
1766477368.421418,0.7114815536317893,0.7764833785130384,0.0,0,False,,,,
1766477368.42398,0.7114815536317893,0.7764833785130384,0.0,0,False,,,,
1766477368.709067,0.7114815536317893,0.7764833785130384,0.0,0,False,,,,
1766477368.7145238,0.7114815536317893,0.7764833785130384,0.0,0,False,,,,
1766477368.7195132,0.7114815536317893,0.7764833785130384,0.0,0,False,,,,
1766477368.721809,0.7114815536317893,0.7764833785130384,0.0,0,False,,,,
1766477368.724161,0.38387661821949387,0.8228907476199276,0.0,0,False,,,,
1766477368.939549,0.38387661821949387,0.8228907476199276,0.0,0,False,,,,
1766477368.9458911,0.38387661821949387,0.8228907476199276,0.0,0,False,,,,
1766477368.9486651,0.38387661821949387,0.8228907476199276,0.0,0,False,,,,
1766477368.951106,0.38387661821949387,0.8228907476199276,0.0,0,False,,,,
1766477368.953581,0.7114815536317893,0.7764833785130384,0.0,0,False,,,,
1766477369.470617,0.7114815536317893,0.7764833785130384,0.0,0,False,,,,
1766477369.4784708,0.7114815536317893,0.7764833785130384,0.0,0,False,,,,
1766477369.4841259,0.7114815536317893,0.7764833785130384,0.0,0,False,,,,
1766477369.486743,0.7114815536317893,0.7764833785130384,0.0,0,False,,,,
1766477369.491772,0.38387661821949387,0.8228907476199276,0.0,0,False,,,,
1766477369.730564,0.38387661821949387,0.8228907476199276,0.0,0,False,,,,
1766477369.737752,0.7114815536317893,0.7764833785130384,0.0,0,False,,,,
1766477369.741201,0.7114815536317893,0.7764833785130384,0.0,0,False,,,,
1766477369.747607,0.7114815536317893,0.7764833785130384,0.0,0,False,,,,
1766477369.7503722,0.7114815536317893,0.7764833785130384,0.0,0,False,,,,
1766477369.980642,0.7114815536317893,0.7764833785130384,0.0,0,False,,,,
1766477369.9865038,0.7114815536317893,0.7764833785130384,0.0,0,False,,,,
1766477369.9890912,0.7114815536317893,0.7764833785130384,0.0,0,False,,,,
1766477369.991627,0.7114815536317893,0.7764833785130384,0.0,0,False,,,,
1766477369.9941492,0.7114815536317893,0.7764833785130384,0.0,0,False,,,,
1766477370.190918,0.7114815536317893,0.7764833785130384,0.0,0,False,,,,
1766477370.196664,0.7114815536317893,0.7764833785130384,0.0,0,False,,,,
1766477370.199121,0.7114815536317893,0.7764833785130384,0.0,0,False,,,,
1766477370.201739,0.7114815536317893,0.7764833785130384,0.0,0,False,,,,
1766477370.206478,0.7114815536317893,0.7764833785130384,0.0,0,False,,,,
1766477370.4093199,0.7114815536317893,0.7764833785130384,0.0,0,False,,,,
1766477370.4164102,0.7114815536317893,0.7764833785130384,0.0,0,False,,,,
1766477370.422074,0.7114815536317893,0.7764833785130384,0.0,0,False,,,,
1766477370.424629,0.7114815536317893,0.7764833785130384,0.0,0,False,,,,
1766477370.42726,0.7114815536317893,0.7764833785130384,0.0,0,False,,,,
1766477370.6983428,0.7114815536317893,0.7764833785130384,0.0,0,False,,,,
1766477370.70447,0.7114815536317893,0.7764833785130384,0.0,0,False,,,,
1766477370.7075741,0.39189987610994986,0.5374509366256176,0.7847394347190857,0,False,,,,
1766477370.7135649,0.39189987610994986,0.5374509366256176,0.7847394347190857,0,False,,,,
1766477370.719488,0.3362129303368673,0.7531293261353581,0.7694595456123352,0,False,,,,
1766477370.902127,0.3362129303368673,0.7531293261353581,0.7694595456123352,0,False,,,,
1766477370.909058,0.3372424685650798,0.7286696383669997,0.8409650325775146,0,False,,,,
1766477370.913654,0.3372424685650798,0.7286696383669997,0.8409650325775146,0,False,,,,
1766477370.9198232,0.3372424685650798,0.7286696383669997,0.8409650325775146,0,False,,,,
1766477370.922411,0.7114815536317893,0.7764833785130384,0.0,0,False,,,,
1766477371.104432,0.7114815536317893,0.7764833785130384,0.0,0,False,,,,
1766477371.1102211,0.7114815536317893,0.7764833785130384,0.0,0,False,,,,
1766477371.1136682,0.7114815536317893,0.7764833785130384,0.0,0,False,,,,
1766477371.119287,0.7114815536317893,0.7764833785130384,0.0,0,False,,,,
1766477371.1219258,0.3451911506016162,0.6432114349907564,0.8408612608909607,0,False,,,,
1766477371.3288581,0.3451911506016162,0.6432114349907564,0.8408612608909607,0,False,,,,
1766477371.334323,0.3451911506016162,0.6432114349907564,0.8408612608909607,0,False,,,,
1766477371.337286,0.3451911506016162,0.6432114349907564,0.8408612608909607,0,False,,,,
1766477371.339654,0.3451911506016162,0.6432114349907564,0.8408612608909607,0,False,,,,
1766477371.34215,0.3715857921592455,0.1693094377699792,0.7673948270242616,0,False,,,,
1766477371.552268,0.3715857921592455,0.1693094377699792,0.7673948270242616,0,False,,,,
1766477371.557827,0.3715857921592455,0.1693094377699792,0.7673948270242616,0,False,,,,
1766477371.560649,0.3715857921592455,0.1693094377699792,0.7673948270242616,0,False,,,,
1766477371.5632231,0.3715857921592455,0.1693094377699792,0.7673948270242616,0,False,,,,
1766477371.565402,0.38568508506927274,0.8243515138022091,0.0,0,False,,,,
1766477371.755014,0.38568508506927274,0.8243515138022091,0.0,0,False,,,,
1766477371.7609448,0.38568508506927274,0.8243515138022091,0.0,0,False,,,,
1766477371.765735,0.38568508506927274,0.8243515138022091,0.0,0,False,,,,
1766477371.768183,0.38568508506927274,0.8243515138022091,0.0,0,False,,,,
1766477371.7703931,0.7114815536317893,0.7764833785130384,0.0,0,False,,,,
1766477372.083023,0.7114815536317893,0.7764833785130384,0.0,0,False,,,,
1766477372.090514,0.7114815536317893,0.7764833785130384,0.0,0,False,,,,
1766477372.095788,0.7114815536317893,0.7764833785130384,0.0,0,False,,,,
1766477372.098651,0.7114815536317893,0.7764833785130384,0.0,0,False,,,,
1766477372.101163,0.385673876731771,0.8243176315888923,0.0,0,False,,,,
1766477372.291744,0.385673876731771,0.8243176315888923,0.0,0,False,,,,
1766477372.29863,0.385673876731771,0.8243176315888923,0.0,0,False,,,,
1766477372.301485,0.385673876731771,0.8243176315888923,0.0,0,False,,,,
1766477372.304179,0.385673876731771,0.8243176315888923,0.0,0,False,,,,
1766477372.308888,0.30980521544107076,0.20953523425065823,0.8676664233207703,1,False,,,,
1766477372.604713,0.30980521544107076,0.20953523425065823,0.8676664233207703,1,False,,,,
1766477372.611773,0.30980521544107076,0.20953523425065823,0.8676664233207703,1,False,,,,
1766477372.6156008,0.30981625868727225,0.2047634545988345,0.8606541752815247,1,False,,,,
1766477372.619905,0.30981625868727225,0.2047634545988345,0.8606541752815247,1,False,,,,
1766477372.6241899,0.7114815536317893,0.7764833785130384,0.0,2,False,,,,
1766477372.950785,0.4730048177167136,0.8370716096381717,0.8595485687255859,2,False,,,,
1766477372.959153,0.4730048177167136,0.8370716096381717,0.8595485687255859,2,False,,,,
1766477372.96552,0.4730048177167136,0.8370716096381717,0.8595485687255859,2,False,,,,
1766477372.968768,0.4730048177167136,0.8370716096381717,0.8595485687255859,2,False,,,,
1766477372.971808,0.7114815536317893,0.7764833785130384,0.0,1,False,,,,
1766477373.3239932,0.7114815536317893,0.7764833785130384,0.0,1,False,,,,
1766477373.330229,0.7114815536317893,0.7764833785130384,0.0,1,False,,,,
1766477373.335951,0.7114815536317893,0.7764833785130384,0.0,1,False,,,,
1766477373.338791,0.7114815536317893,0.7764833785130384,0.0,1,False,,,,
1766477373.341602,0.3859092935976822,0.8252420373620307,0.0,1,False,,,,
1766477373.56176,0.3859092935976822,0.8252420373620307,0.0,1,False,,,,
1766477373.568901,0.3859092935976822,0.8252420373620307,0.0,1,False,,,,
1766477373.571771,0.3859092935976822,0.8252420373620307,0.0,1,False,,,,
1766477373.5742972,0.3859092935976822,0.8252420373620307,0.0,1,False,,,,
1766477373.57663,0.3548639311287915,0.34323691497007847,0.8507243692874908,1,False,,,,
1766477373.9803572,0.3548639311287915,0.34323691497007847,0.8507243692874908,1,False,,,,
1766477373.987298,0.3548639311287915,0.34323691497007847,0.8507243692874908,1,False,,,,
1766477373.990913,0.19217031900500858,0.3702460138127044,0.9370091557502747,1,False,,,,
1766477373.9972138,0.05723376675811922,0.46184179502580114,0.9515528082847595,1,False,,,,
1766477374.004842,0.020739487756420337,0.47115333949203986,0.9362480938434601,1,False,,,,
1766477374.240792,0.020739487756420337,0.47115333949203986,0.9362480938434601,1,False,,,,
1766477374.247437,0.020739487756420337,0.47115333949203986,0.9362480938434601,1,False,,,,
1766477374.250572,0.020739487756420337,0.47115333949203986,0.9362480938434601,1,False,,,,
1766477374.253622,0.020739487756420337,0.47115333949203986,0.9362480938434601,1,False,,,,
1766477374.256555,0.045845145562194475,0.4180258339305072,0.9718440175056458,1,False,,,,
1766477374.5200791,0.045845145562194475,0.4180258339305072,0.9718440175056458,1,False,,,,
1766477374.526628,0.05083935316355177,0.3905259658682749,0.9468554854393005,1,False,,,,
1766477374.529939,0.05089874377530803,0.3838904378912589,0.9468554854393005,1,False,,,,
1766477374.5336142,0.05089874377530803,0.3838904378912589,0.9468554854393005,1,False,,,,
1766477374.5412018,0.032693643072057466,0.42738512497885717,0.9822880029678345,1,False,,,,
1766477374.899915,0.02468947134854682,0.44847694134654215,0.9573385119438171,1,False,,,,
1766477374.9076421,0.02468947134854682,0.44847694134654215,0.9573385119438171,1,False,,,,
1766477374.910601,0.02468947134854682,0.44847694134654215,0.9573385119438171,1,False,,,,
1766477374.913346,0.02468947134854682,0.44847694134654215,0.9573385119438171,1,False,,,,
1766477374.916022,0.021056299685451217,0.44805599896211656,0.9411987364292145,2,False,,,,
1766477375.268947,0.021083842569191002,0.4477896951594793,0.9411987364292145,2,False,,,,
1766477375.276809,0.021083842569191002,0.4477896951594793,0.9411987364292145,2,False,,,,
1766477375.283106,0.021083842569191002,0.4477896951594793,0.9411987364292145,2,False,,,,
1766477375.285921,0.021083842569191002,0.4477896951594793,0.9411987364292145,2,False,,,,
1766477375.2886348,0.7112845704751193,0.7772959997074511,0.0,2,False,,,,
1766477375.829859,0.7112845704751193,0.7772959997074511,0.0,2,False,,,,
1766477375.836637,0.017386534640944352,0.46738121988855696,0.8762921988964081,2,False,,,,
1766477375.842761,0.017386534640944352,0.46738121988855696,0.8762921988964081,2,False,,,,
1766477375.849611,0.017386534640944352,0.46738121988855696,0.8762921988964081,2,False,,,,
1766477375.8526132,0.4883113502403874,0.48866333155126473,0.803046703338623,1,True,0.46999096870422363,0.4079732298851013,0.09167156368494034,0.18742896616458893
1766477376.2791119,0.4883113502403874,0.48866333155126473,0.803046703338623,1,True,0.46999096870422363,0.4079732298851013,0.09167156368494034,0.18742896616458893
1766477376.285959,0.4883113502403874,0.48866333155126473,0.803046703338623,1,True,0.46999096870422363,0.4079732298851013,0.09167156368494034,0.18742896616458893
1766477376.288921,0.4883113502403874,0.48866333155126473,0.803046703338623,1,True,0.46999096870422363,0.4079732298851013,0.09167156368494034,0.18742896616458893
1766477376.2915661,0.4883113502403874,0.48866333155126473,0.803046703338623,1,True,0.46999096870422363,0.4079732298851013,0.09167156368494034,0.18742896616458893
1766477376.294307,-0.005925365487618883,0.5042808139723651,0.8648090958595276,1,False,,,,
1766477376.6084611,-0.0004279103193818301,0.4919786653092235,0.9213593602180481,1,False,,,,
1766477376.6154492,-0.0004279103193818301,0.4919786653092235,0.9213593602180481,1,False,,,,
1766477376.621804,-0.0004279103193818301,0.4919786653092235,0.9213593602180481,1,False,,,,
1766477376.625648,-0.0004279103193818301,0.4919786653092235,0.9213593602180481,1,False,,,,
1766477376.630718,0.011649037364616177,0.4372635677934642,0.8658854365348816,1,False,,,,
1766477377.050058,0.011649037364616177,0.4372635677934642,0.8658854365348816,1,False,,,,
1766477377.056978,0.011649037364616177,0.4372635677934642,0.8658854365348816,1,False,,,,
1766477377.0603578,0.011649037364616177,0.4372635677934642,0.8658854365348816,1,False,,,,
1766477377.063401,0.011649037364616177,0.4372635677934642,0.8658854365348816,1,False,,,,
1766477377.0659788,-0.009863701395907754,0.5138606297257576,0.8953677713871002,1,False,,,,
1766477377.361917,-0.009863701395907754,0.5138606297257576,0.8953677713871002,1,False,,,,
1766477377.368253,-0.009863701395907754,0.5138606297257576,0.8953677713871002,1,False,,,,
1766477377.371937,-0.009863701395907754,0.5138606297257576,0.8953677713871002,1,False,,,,
1766477377.374649,-0.012064331715711063,0.5195519366635489,0.892338752746582,1,False,,,,
1766477377.3775308,2.0389608729853848e-05,0.5132917798625036,0.9066521227359772,1,False,,,,
1766477377.67206,2.0389608729853848e-05,0.5132917798625036,0.9066521227359772,1,False,,,,
1766477377.6777542,-0.0002877219799994002,0.5120104132145322,0.8613256216049194,1,False,,,,
1766477377.6807091,-0.0002877219799994002,0.5120104132145322,0.8613256216049194,1,False,,,,
1766477377.688289,-0.0002877219799994002,0.5120104132145322,0.8613256216049194,1,False,,,,
1766477377.6910772,-0.009576137691384545,0.5356129303924158,0.9243371486663818,1,False,,,,
1766477377.917803,-0.009576137691384545,0.5356129303924158,0.9243371486663818,1,False,,,,
1766477377.925159,-0.009576137691384545,0.5356129303924158,0.9243371486663818,1,False,,,,
1766477377.9280052,-0.009576137691384545,0.5356129303924158,0.9243371486663818,1,False,,,,
1766477377.9306939,-0.009576137691384545,0.5356129303924158,0.9243371486663818,1,False,,,,
1766477377.933557,-0.009096781699176848,0.5002544173576234,0.9543987466640758,1,False,,,,
1766477378.1982038,-0.009096781699176848,0.5002544173576234,0.9543987466640758,1,False,,,,
1766477378.204608,-0.009096781699176848,0.5002544173576234,0.9543987466640758,1,False,,,,
1766477378.207476,-0.009096781699176848,0.5002544173576234,0.9543987466640758,1,False,,,,
1766477378.213415,-0.009741759034213348,0.5163049794962331,0.8999716341495514,1,False,,,,
1766477378.216602,-0.022268726256608584,0.5787797758583053,0.9016842842102051,1,False,,,,
1766477378.4348109,-0.022268726256608584,0.5787797758583053,0.9016842842102051,1,False,,,,
1766477378.442367,-0.022268726256608584,0.5787797758583053,0.9016842842102051,1,False,,,,
1766477378.445513,-0.024569881430506778,0.5837400413635004,0.9232534170150757,1,False,,,,
1766477378.449298,0.7112898590099462,0.7773209445667443,0.0,1,False,,,,
1766477378.452078,0.7112898590099462,0.7773209445667443,0.0,1,False,,,,
1766477378.694693,0.7112898590099462,0.7773209445667443,0.0,1,False,,,,
1766477378.7021189,0.7112898590099462,0.7773209445667443,0.0,1,False,,,,
1766477378.704659,0.7112898590099462,0.7773209445667443,0.0,1,False,,,,
1766477378.707548,0.7112898590099462,0.7773209445667443,0.0,1,False,,,,
1766477378.710424,0.40428744343375217,0.6799204875930157,0.866277277469635,1,False,,,,
1766477378.954283,0.41694273184795516,0.4695006772278989,0.872590959072113,1,False,,,,
1766477378.9618618,0.41694273184795516,0.4695006772278989,0.872590959072113,1,False,,,,
1766477378.967805,0.41694273184795516,0.4695006772278989,0.872590959072113,1,False,,,,
1766477378.9710279,0.41694273184795516,0.4695006772278989,0.872590959072113,1,False,,,,
1766477378.973614,0.7112898590099462,0.7773209445667443,0.0,0,False,,,,
1766477379.151501,0.7112898590099462,0.7773209445667443,0.0,0,False,,,,
1766477379.159592,0.7112898590099462,0.7773209445667443,0.0,0,False,,,,
1766477379.1654139,0.7112898590099462,0.7773209445667443,0.0,0,False,,,,
1766477379.1681228,0.7112898590099462,0.7773209445667443,0.0,0,False,,,,
1766477379.170814,-0.03811982333800792,0.802244255420503,0.8968691229820251,1,False,,,,
1766477379.467083,-0.03811982333800792,0.802244255420503,0.8968691229820251,1,False,,,,
1766477379.474219,-0.03811982333800792,0.802244255420503,0.8968691229820251,1,False,,,,
1766477379.4795678,-0.03811982333800792,0.802244255420503,0.8968691229820251,1,False,,,,
1766477379.482343,-0.03811982333800792,0.802244255420503,0.8968691229820251,1,False,,,,
1766477379.485801,-0.05894575436247109,0.7024474248678237,0.9802834689617157,1,False,,,,
1766477379.736208,-0.05894575436247109,0.7024474248678237,0.9802834689617157,1,False,,,,
1766477379.7427552,-0.05894575436247109,0.7024474248678237,0.9802834689617157,1,False,,,,
1766477379.7454872,-0.05894575436247109,0.7024474248678237,0.9802834689617157,1,False,,,,
1766477379.748014,-0.05894575436247109,0.7024474248678237,0.9802834689617157,1,False,,,,
1766477379.750689,-0.10401924818883694,0.7940446211341544,1.0,2,False,,,,
1766477380.0283499,-0.12288901302457775,0.8179558977714204,0.9852650761604309,2,False,,,,
1766477380.0355499,-0.12288901302457775,0.8179558977714204,0.9852650761604309,2,False,,,,
1766477380.041624,-0.12288901302457775,0.8179558977714204,0.9852650761604309,2,False,,,,
1766477380.0448608,-0.12288901302457775,0.8179558977714204,0.9852650761604309,2,False,,,,
1766477380.050241,-0.2172487802077443,0.8891158586649152,0.9834886193275452,2,False,,,,
1766477380.481566,-0.2172487802077443,0.8891158586649152,0.9834886193275452,2,False,,,,
1766477380.4883142,-0.2172487802077443,0.8891158586649152,0.9834886193275452,2,False,,,,
1766477380.491329,0.497451786571787,1.1553043721850558,1.0,2,False,,,,
1766477380.495062,0.497451786571787,1.1553043721850558,1.0,2,False,,,,
1766477380.5021389,0.3339993473339396,0.7494467367396254,0.11350853955424905,1,False,,,,
1766477380.8027909,0.3339993473339396,0.7494467367396254,0.11350853955424905,1,False,,,,
1766477380.811007,0.3339993473339396,0.7494467367396254,0.11350853955424905,1,False,,,,
1766477380.8138392,0.3339993473339396,0.7494467367396254,0.11350853955424905,1,False,,,,
1766477380.816096,0.3339993473339396,0.7494467367396254,0.11350853955424905,1,False,,,,
1766477380.8183732,0.3817290498237325,0.9861507559584021,0.7173303961753845,0,False,,,,
1766477381.002871,0.3817290498237325,0.9861507559584021,0.7173303961753845,0,False,,,,
1766477381.008661,0.3817290498237325,0.9861507559584021,0.7173303961753845,0,False,,,,
1766477381.011196,0.3817290498237325,0.9861507559584021,0.7173303961753845,0,False,,,,
1766477381.01389,0.3817290498237325,0.9861507559584021,0.7173303961753845,0,False,,,,
1766477381.016225,0.3870260980946848,0.8258704130885107,0.0,0,False,,,,
1766477381.1884758,0.3870260980946848,0.8258704130885107,0.0,0,False,,,,
1766477381.194242,0.5713613708061694,0.7320557840393709,0.21498336889833186,0,False,,,,
1766477381.197406,0.5713613708061694,0.7320557840393709,0.21498336889833186,0,False,,,,
1766477381.200346,0.5713613708061694,0.7320557840393709,0.21498336889833186,0,False,,,,
1766477381.207148,0.5851708097543169,0.7155885082973609,0.18745953656520573,0,False,,,,
1766477381.4024389,0.5851708097543169,0.7155885082973609,0.18745953656520573,0,False,,,,
1766477381.408683,0.5851708097543169,0.7155885082973609,0.18745953656520573,0,False,,,,
1766477381.4113011,0.5851708097543169,0.7155885082973609,0.18745953656520573,0,False,,,,
1766477381.4161642,0.5851708097543169,0.7155885082973609,0.18745953656520573,0,False,,,,
1766477381.419164,0.6013157118171029,0.8065741668087553,0.32782083183954497,0,False,,,,
1766477381.708215,0.6013157118171029,0.8065741668087553,0.32782083183954497,0,False,,,,
1766477381.720982,0.6013157118171029,0.8065741668087553,0.32782083183954497,0,False,,,,
1766477381.723805,0.6013157118171029,0.8065741668087553,0.32782083183954497,0,False,,,,
1766477381.72608,0.6013157118171029,0.8065741668087553,0.32782083183954497,0,False,,,,
1766477381.728238,0.5445159177446599,0.3612073284668491,0.7726349830627441,0,False,,,,
1766477381.9037812,0.5508260303582175,0.3630025066098026,0.7859182953834534,0,False,,,,
1766477381.911145,0.5508260303582175,0.3630025066098026,0.7859182953834534,0,False,,,,
1766477381.916636,0.5508260303582175,0.3630025066098026,0.7859182953834534,0,False,,,,
1766477381.919203,0.5508260303582175,0.3630025066098026,0.7859182953834534,0,False,,,,
1766477381.921654,0.5824001274102731,0.3425831689640779,0.7319443821907043,0,False,,,,
1766477382.100631,0.5831633716780702,0.3415790667537506,0.7867989540100098,0,False,,,,
1766477382.10706,0.5831633716780702,0.3415790667537506,0.7867989540100098,0,False,,,,
1766477382.1129348,0.5831633716780702,0.3415790667537506,0.7867989540100098,0,False,,,,
1766477382.116025,0.5831633716780702,0.3415790667537506,0.7867989540100098,0,False,,,,
1766477382.1184828,0.58515642538026,0.935218089449921,0.17892099639894726,0,False,,,,
1766477382.2934139,0.58515642538026,0.935218089449921,0.17892099639894726,0,False,,,,
1766477382.2993422,0.58515642538026,0.935218089449921,0.17892099639894726,0,False,,,,
1766477382.3026922,0.38703069396512524,0.8258652042815353,0.0,0,False,,,,
1766477382.305368,0.38703069396512524,0.8258652042815353,0.0,0,False,,,,
1766477382.308189,0.5319263138077741,0.33185846407903186,0.7607557773590088,0,False,,,,
1766477382.5748649,0.5952052518385387,0.943776496107825,0.2759990580515573,0,False,,,,
1766477382.581225,0.5952052518385387,0.943776496107825,0.2759990580515573,0,False,,,,
1766477382.586716,0.5952052518385387,0.943776496107825,0.2759990580515573,0,False,,,,
1766477382.589487,0.5952052518385387,0.943776496107825,0.2759990580515573,0,False,,,,
1766477382.59181,0.6079035331980818,0.964934725915505,0.23812222383114812,0,False,,,,
1766477382.7565792,0.6079035331980818,0.964934725915505,0.23812222383114812,0,False,,,,
1766477382.761987,0.6079035331980818,0.964934725915505,0.23812222383114812,0,False,,,,
1766477382.764822,0.6079035331980818,0.964934725915505,0.23812222383114812,0,False,,,,
1766477382.767199,0.6079035331980818,0.964934725915505,0.23812222383114812,0,False,,,,
1766477382.769842,0.6035994759897972,0.9443977300555686,0.2492740419700758,0,False,,,,
1766477382.9345438,0.6035994759897972,0.9443977300555686,0.2492740419700758,0,False,,,,
1766477382.9411058,0.471726550746704,0.3668950695043255,0.8501357436180115,0,False,,,,
1766477382.945245,0.471726550746704,0.3668950695043255,0.8501357436180115,0,False,,,,
1766477382.951564,0.471726550746704,0.3668950695043255,0.8501357436180115,0,False,,,,
1766477382.956634,0.5450627112287146,1.1374982180005635,0.3174339236633031,0,False,,,,
1766477383.155482,0.5450627112287146,1.1374982180005635,0.3174339236633031,0,False,,,,
1766477383.161088,0.5450627112287146,1.1374982180005635,0.3174339236633031,0,False,,,,
1766477383.1637812,0.5450627112287146,1.1374982180005635,0.3174339236633031,0,False,,,,
1766477383.166132,0.5450627112287146,1.1374982180005635,0.3174339236633031,0,False,,,,
1766477383.168797,0.46820596855452623,1.249098898940211,0.28783417893117635,0,False,,,,
1766477383.333343,0.46820596855452623,1.249098898940211,0.28783417893117635,0,False,,,,
1766477383.339651,0.46629164649322413,1.1982810035416598,0.25907838896181046,0,False,,,,
1766477383.343363,0.46629164649322413,1.1982810035416598,0.25907838896181046,0,False,,,,
1766477383.3472419,0.46629164649322413,1.1982810035416598,0.25907838896181046,0,False,,,,
1766477383.352949,0.4013203724172933,1.2702632381378567,0.242403327701084,0,False,,,,
1766477383.6137931,0.4013203724172933,1.2702632381378567,0.242403327701084,0,False,,,,
1766477383.618983,0.4013203724172933,1.2702632381378567,0.242403327701084,0,False,,,,
1766477383.622688,0.4013203724172933,1.2702632381378567,0.242403327701084,0,False,,,,
1766477383.624921,0.4013203724172933,1.2702632381378567,0.242403327701084,0,False,,,,
1766477383.627149,0.3874216268988738,1.3291880888292436,0.17323420566462558,0,False,,,,
1766477383.836239,0.3874216268988738,1.3291880888292436,0.17323420566462558,0,False,,,,
1766477383.8432379,0.38703069396512524,0.8258652042815353,0.0,0,False,,,,
1766477383.84619,0.38703069396512524,0.8258652042815353,0.0,0,False,,,,
1766477383.8492749,0.38703069396512524,0.8258652042815353,0.0,0,False,,,,
1766477383.855524,-0.1964600394393762,0.9846591083087661,0.9820258915424347,1,False,,,,
1766477384.142215,-0.15922233290408155,0.9337090667196615,0.9823926985263824,1,False,,,,
1766477384.1490629,0.7108986065242077,0.7779953638207389,0.0,1,False,,,,
1766477384.1564312,0.7108986065242077,0.7779953638207389,0.0,1,False,,,,
1766477384.161555,0.7108986065242077,0.7779953638207389,0.0,1,False,,,,
1766477384.164348,0.7108986065242077,0.7779953638207389,0.0,1,False,,,,
1766477384.577323,0.7108986065242077,0.7779953638207389,0.0,1,False,,,,
1766477384.584946,0.38703069396512524,0.8258652042815353,0.0,1,False,,,,
1766477384.592299,0.38703069396512524,0.8258652042815353,0.0,1,False,,,,
1766477384.595407,0.38703069396512524,0.8258652042815353,0.0,1,False,,,,
1766477384.598041,0.6249299972498866,0.8333216206800114,0.27413463101216595,1,False,,,,
1766477384.997922,0.6249299972498866,0.8333216206800114,0.27413463101216595,1,False,,,,
1766477385.0046878,0.6249299972498866,0.8333216206800114,0.27413463101216595,1,False,,,,
1766477385.007467,0.6249299972498866,0.8333216206800114,0.27413463101216595,1,False,,,,
1766477385.0099041,0.6249299972498866,0.8333216206800114,0.27413463101216595,1,False,,,,
1766477385.0121212,0.3871796462979528,0.8260119787917897,0.0,2,False,,,,
1766477385.38378,0.650351343742425,0.9319987550744877,0.40406260302551134,2,False,,,,
1766477385.391275,0.650351343742425,0.9319987550744877,0.40406260302551134,2,False,,,,
1766477385.397301,0.650351343742425,0.9319987550744877,0.40406260302551134,2,False,,,,
1766477385.4000142,0.650351343742425,0.9319987550744877,0.40406260302551134,2,False,,,,
1766477385.402598,0.6305929764156522,0.9435498127055431,0.3436241179153657,2,False,,,,
1766477385.742688,0.6305929764156522,0.9435498127055431,0.3436241179153657,2,False,,,,
1766477385.748706,0.6498378013661338,0.9458596923655948,0.33324922674891727,2,False,,,,
1766477385.752031,0.6337354107103186,0.9181581027951133,0.31189930366024915,2,False,,,,
1766477385.75554,0.6337354107103186,0.9181581027951133,0.31189930366024915,2,False,,,,
1766477385.7628329,0.4933648776606708,0.9586215845493304,0.9891161322593689,1,False,,,,
1766477385.98631,0.5792461905155205,0.51795721335461,0.7274695634841919,1,False,,,,
1766477385.994415,0.5792461905155205,0.51795721335461,0.7274695634841919,1,False,,,,
1766477385.999913,0.5792461905155205,0.51795721335461,0.7274695634841919,1,False,,,,
1766477386.002347,0.5792461905155205,0.51795721335461,0.7274695634841919,1,False,,,,
1766477386.00486,0.13757374851522908,0.38701071032700496,0.8753350079059601,1,False,,,,
1766477386.2447622,0.13757374851522908,0.38701071032700496,0.8753350079059601,1,False,,,,
1766477386.251015,0.13757374851522908,0.38701071032700496,0.8753350079059601,1,False,,,,
1766477386.254349,0.13787925378303162,0.38452190105529915,0.8781932890415192,1,False,,,,
1766477386.258007,0.13843351796754733,0.3815587776286258,0.8805875480175018,1,False,,,,
1766477386.2619069,0.6461613179172601,1.239792536376442,0.24079949558951644,1,False,,,,
1766477386.5844202,0.6461613179172601,1.239792536376442,0.24079949558951644,1,False,,,,
1766477386.591012,0.13265888599791215,0.3284514629526878,0.8700598478317261,1,False,,,,
1766477386.59569,0.13265888599791215,0.3284514629526878,0.8700598478317261,1,False,,,,
1766477386.602834,0.13265888599791215,0.3284514629526878,0.8700598478317261,1,False,,,,
1766477386.608201,0.38798082136053524,0.8280715825825031,0.0,2,False,,,,
1766477386.989307,0.28439721438794996,1.4937829246975771,0.14714530963373781,2,False,,,,
1766477386.996841,0.38798082136053524,0.8280715825825031,0.0,2,False,,,,
1766477387.003367,0.38798082136053524,0.8280715825825031,0.0,2,False,,,,
1766477387.006804,0.38798082136053524,0.8280715825825031,0.0,2,False,,,,
1766477387.009616,0.38798082136053524,0.8280715825825031,0.0,1,False,,,,
1766477387.288136,0.38798082136053524,0.8280715825825031,0.0,1,False,,,,
1766477387.295421,0.38798082136053524,0.8280715825825031,0.0,1,False,,,,
1766477387.299605,0.38798082136053524,0.8280715825825031,0.0,1,False,,,,
1766477387.306527,0.38798082136053524,0.8280715825825031,0.0,1,False,,,,
1766477387.309403,0.3758696999426435,0.8530384264918486,0.7487095594406128,1,False,,,,
1766477387.620878,0.3758696999426435,0.8530384264918486,0.7487095594406128,1,False,,,,
1766477387.62597,0.3758696999426435,0.8530384264918486,0.7487095594406128,1,False,,,,
1766477387.628534,0.7111417567390153,0.7785327989096953,0.0,1,False,,,,
1766477387.6311512,0.7111417567390153,0.7785327989096953,0.0,1,False,,,,
1766477387.633578,0.7111417567390153,0.7785327989096953,0.0,1,False,,,,
1766477387.90689,0.7111417567390153,0.7785327989096953,0.0,1,False,,,,
1766477387.912912,0.7111417567390153,0.7785327989096953,0.0,1,False,,,,
1766477387.9157052,0.7111417567390153,0.7785327989096953,0.0,1,False,,,,
1766477387.9181912,0.7111417567390153,0.7785327989096953,0.0,1,False,,,,
1766477387.920943,0.7111417567390153,0.7785327989096953,0.0,1,False,,,,
1766477388.336355,0.7111417567390153,0.7785327989096953,0.0,1,False,,,,
1766477388.345665,0.7111417567390153,0.7785327989096953,0.0,1,False,,,,
1766477388.3520489,0.7111417567390153,0.7785327989096953,0.0,1,False,,,,
1766477388.3570502,0.7111417567390153,0.7785327989096953,0.0,1,False,,,,
1766477388.359663,0.3879984783251128,0.8280539552617927,0.0,1,False,,,,
1766477388.7139,0.3879984783251128,0.8280539552617927,0.0,1,False,,,,
1766477388.720602,0.3879984783251128,0.8280539552617927,0.0,1,False,,,,
1766477388.723068,0.3879984783251128,0.8280539552617927,0.0,1,False,,,,
1766477388.725464,0.3879984783251128,0.8280539552617927,0.0,1,False,,,,
1766477388.72838,0.7110006355697897,0.7785319094694896,0.0,1,False,,,,
1766477389.0316532,0.7110006355697897,0.7785319094694896,0.0,1,False,,,,
1766477389.041374,0.7110006355697897,0.7785319094694896,0.0,1,False,,,,
1766477389.0477052,0.7110006355697897,0.7785319094694896,0.0,1,False,,,,
1766477389.050963,0.7110006355697897,0.7785319094694896,0.0,1,False,,,,
1766477389.0539908,0.7110006355697897,0.7785319094694896,0.0,1,False,,,,
1766477389.281065,0.7110006355697897,0.7785319094694896,0.0,1,False,,,,
1766477389.2886,0.7110006355697897,0.7785319094694896,0.0,1,False,,,,
1766477389.2911959,0.7110006355697897,0.7785319094694896,0.0,1,False,,,,
1766477389.293659,0.7110006355697897,0.7785319094694896,0.0,1,False,,,,
1766477389.296292,0.7110006355697897,0.7785319094694896,0.0,0,False,,,,
1766477389.452157,0.7110006355697897,0.7785319094694896,0.0,0,False,,,,
1766477389.4601028,0.7110006355697897,0.7785319094694896,0.0,0,False,,,,
1766477389.4626079,0.7110006355697897,0.7785319094694896,0.0,0,False,,,,
1766477389.46498,0.7110006355697897,0.7785319094694896,0.0,0,False,,,,
1766477389.467184,0.3879993970405414,0.8281155134051931,0.0,0,False,,,,
1766477389.632715,0.3879993970405414,0.8281155134051931,0.0,0,False,,,,
1766477389.641271,0.3879993970405414,0.8281155134051931,0.0,0,False,,,,
1766477389.646496,0.3879993970405414,0.8281155134051931,0.0,0,False,,,,
1766477389.653227,0.3879993970405414,0.8281155134051931,0.0,0,False,,,,
1766477389.656172,0.3879993970405414,0.8281155134051931,0.0,0,False,,,,
1766477389.8372061,0.3879993970405414,0.8281155134051931,0.0,0,False,,,,
1766477389.8449988,0.3879993970405414,0.8281155134051931,0.0,0,False,,,,
1766477389.850776,0.3879993970405414,0.8281155134051931,0.0,0,False,,,,
1766477389.8535612,0.3879993970405414,0.8281155134051931,0.0,0,False,,,,
1766477389.856044,0.4075622884664356,0.9771226861427538,0.8127854466438293,0,False,,,,
1766477390.0113258,0.40809507074420026,0.9782276463027829,0.7518037557601929,0,False,,,,
1766477390.018257,0.40809507074420026,0.9782276463027829,0.7518037557601929,0,False,,,,
1766477390.023605,0.40809507074420026,0.9782276463027829,0.7518037557601929,0,False,,,,
1766477390.0261672,0.40809507074420026,0.9782276463027829,0.7518037557601929,0,False,,,,
1766477390.031148,0.7110006355697897,0.7785319094694896,0.0,0,False,,,,
1766477390.211096,0.34841793187128534,0.7849554644539551,0.09490206323548817,0,False,,,,
1766477390.218751,0.34841793187128534,0.7849554644539551,0.09490206323548817,0,False,,,,
1766477390.2247272,0.34841793187128534,0.7849554644539551,0.09490206323548817,0,False,,,,
1766477390.227456,0.34841793187128534,0.7849554644539551,0.09490206323548817,0,False,,,,
1766477390.229967,0.7110006355697897,0.7785319094694896,0.0,0,False,,,,
